$MeshFormat
4.1 0 8
$EndMeshFormat
$PhysicalNames
5
1 1 "inlet"
1 2 "outlet"
1 3 "farfield"
1 4 "airfoil"
2 5 "fluid"
$EndPhysicalNames
$Entities
242 6 1 0
1 0.0009513254770636137 0.02178893568691454 0 0 
2 0.9971460235688092 -0.06536680706074365 0 0 
3 0.001328678765881802 0.02410304917725042 0 0 
4 0.002050704541681131 0.02636007171962943 0 0 
5 0.003116986686457573 0.02855942561300789 0 0 
6 0.004526855933827928 0.030700422121057 0 0 
7 0.006279390549166097 0.03278226439491215 0 0 
8 0.008373417275812145 0.03480405150138721 0 0 
9 0.01080751254389908 0.03676478352188563 0 0 
10 0.01358000393740511 0.03866336767788696 0 0 
11 0.01668897191414226 0.0404986254299674 0 0 
12 0.02013225177253877 0.04226930048890203 0 0 
13 0.0239074358582734 0.04397406766958108 0 0 
14 0.02801187600307806 0.04561154251132443 0 0 
15 0.03244268618734819 0.04718029158176634 0 0 
16 0.03719674541759746 0.0486788433758663 0 0 
17 0.04227070080925938 0.05010569971683312 0 0 
18 0.04766097086488857 0.05145934756186984 0 0 
19 0.05336374893744439 0.05273827111269522 0 0 
20 0.05937500686805303 0.05394096412879124 0 0 
21 0.06569049878744443 0.05506594234028635 0 0 
22 0.07230576507014683 0.0561117558573126 0 0 
23 0.07921613643049066 0.05707700147356667 0 0 
24 0.08641673814953366 0.05796033476364836 0 0 
25 0.09390249442215212 0.05876048187651615 0 0 
26 0.1016681328137666 0.05947625093106135 0 0 
27 0.109708188816459 0.06010654292431004 0 0 
28 0.1180170104946087 0.06065036206807233 0 0 
29 0.1265887632106015 0.06110682547590651 0 0 
30 0.1354174344216648 0.06147517212899004 0 0 
31 0.144496838539423 0.06175477105681488 0 0 
32 0.1538206218443678 0.0619451286764751 0 0 
33 0.1633822674480699 0.06204589524260647 0 0 
34 0.1731751002966307 0.06205687036868276 0 0 
35 0.1831922922095653 0.06197800758928546 0 0 
36 0.1934268669490177 0.06180941794204491 0 0 
37 0.2038717053149354 0.06155137255711494 0 0 
38 0.2145195502625445 0.06120430425119026 0 0 
39 0.2253630120391898 0.06076880813211959 0 0 
40 0.2363945733382964 0.06024564122901269 0 0 
41 0.2476065944688943 0.05963572117130152 0 0 
42 0.2589913185397888 0.05894012394840923 0 0 
43 0.2705408766580772 0.05816008078942592 0 0 
44 0.2822472931422761 0.05729697420941482 0 0 
45 0.2941024907508432 0.056352333275607 0 0 
46 0.3060982959273474 0.05532782815272595 0 0 
47 0.3182264440639415 0.05422526399196392 0 0 
48 0.3304785847851395 0.05304657423266171 0 0 
49 0.3428462872541739 0.05179381338948573 0 0 
50 0.3553210455044236 0.05046914940082457 0 0 
51 0.367894283798535 0.04907485561621774 0 0 
52 0.3805573620179316 0.0476133025018778 0 0 
53 0.3933015810854014 0.04608694914376512 0 0 
54 0.4061181884233772 0.04449833462723624 0 0 
55 0.4189983834503874 0.0428500693710256 0 0 
56 0.431933323117935 0.0411448264912624 0 0 
57 0.4449141274898032 0.03938533326840447 0 0 
58 0.4579318853654383 0.03757436278642991 0 0 
59 0.4709776599486852 0.03571472580941518 0 0 
60 0.4840424945627009 0.03380926295579999 0 0 
61 0.4971174184113941 0.03186083722525997 0 0 
62 0.5101934523872083 0.02987232692724017 0 0 
63 0.5232616149245157 0.02784661905392523 0 0 
64 0.5363129278972989 0.02578660313380388 0 0 
65 0.5493384225592002 0.02369516559511274 0 0 
66 0.5623291455233965 0.02157518466139216 0 0 
67 0.5752761647791458 0.01942952579424144 0 0 
68 0.5881705757412243 0.01726103769120124 0 0 
69 0.6010035073278686 0.01507254883960254 0 0 
70 0.6137661280622448 0.01286686462027967 0 0 
71 0.626449652191891 0.01064676494833218 0 0 
72 0.6390453458200465 0.008415002431704337 0 0 
73 0.6515445330422671 0.006174301022310031 0 0 
74 0.6639386020812691 0.003927355128819562 0 0 
75 0.6762190114125206 0.001676829155113863 0 0 
76 0.6883772958727362 -0.0005746425761585339 0 0 
77 0.700405072743115 -0.002824455559456141 0 0 
78 0.7122940477989124 -0.005070034549528034 0 0 
79 0.7240360213167365 -0.007308832762459187 0 0 
80 0.7356228940308407 -0.009538330887120932 0 0 
81 0.7470466730296055 -0.01175603596085808 0 0 
82 0.7582994775834119 -0.01395948016382194 0 0 
83 0.7693735448951704 -0.01614621958623223 0 0 
84 0.7802612357648923 -0.01831383302202468 0 0 
85 0.7909550401598889 -0.02045992084083572 0 0 
86 0.8014475826824228 -0.02258210398811687 0 0 
87 0.811731627926956 -0.02467802316039429 0 0 
88 0.8218000857194868 -0.02674533819932503 0 0 
89 0.8316460162318836 -0.02878172774431189 0 0 
90 0.8412626349645791 -0.03078488917906229 0 0 
91 0.8506433175914759 -0.03275253890267783 0 0 
92 0.8597816046614493 -0.03468241295070539 0 0 
93 0.8686712061513823 -0.03657226798612622 0 0 
94 0.8773060058662493 -0.03841988267458101 0 0 
95 0.8856800656823584 -0.04022305945230117 0 0 
96 0.8937876296304618 -0.04197962668930234 0 0 
97 0.9016231278160514 -0.04368744124448053 0 0 
98 0.9091811801747577 -0.04534439140339695 0 0 
99 0.9164566000613635 -0.04694840018382781 0 0 
100 0.9234443976715127 -0.04849742898864418 0 0 
101 0.9301397832957565 -0.04998948158036134 0 0 
102 0.9365381704060979 -0.05142260834679994 0 0 
103 0.9426351785756908 -0.05279491082280655 0 0 
104 0.9484266362328029 -0.05410454642893604 0 0 
105 0.9539085832505674 -0.05534973338445071 0 0 
106 0.9590772733744093 -0.05652875574898454 0 0 
107 0.9639291764893583 -0.0576399685447929 0 0 
108 0.9684609807297182 -0.05868180290967961 0 0 
109 0.9726695944337812 -0.05965277122949336 0 0 
110 0.9765521479464344 -0.06055147219852337 0 0 
111 0.9801059952726038 -0.06137659575620008 0 0 
112 0.9833287155845354 -0.06212692784923336 0 0 
113 0.986218114585905 -0.06280135496966613 0 0 
114 0.9887722257356898 -0.0633988684212908 0 0 
115 0.9909893113346232 -0.06391856826942194 0 0 
116 0.9928678634769059 -0.06435966693213303 0 0 
117 0.9944066048696347 -0.06472149237467947 0 0 
118 0.9956044895221735 -0.06500349087293471 0 0 
119 0.9964607033074172 -0.0652052293161723 0 0 
120 0.9969746643965793 -0.06532639702441401 0 0 
121 0.0009211043310051459 0.01944445206934172 0 0 
122 0.001240233061449686 0.01709634031068744 0 0 
123 0.001908402188894182 0.01474524159355153 0 0 
124 0.002925072212423968 0.0123919504076982 0 0 
125 0.004289473771986352 0.0100374115536054 0 0 
126 0.006000607880732256 0.007682716011140707 0 0 
127 0.008057246230061849 0.005329095708203574 0 0 
128 0.01045793157070929 0.00297791723354776 0 0 
129 0.01320097817386884 0.0006306745469379376 0 0 
130 0.01628447237698419 -0.001711019251774043 0 0 
131 0.01970627321939269 -0.00404544102523255 0 0 
132 0.02346401317352667 -0.00637076749623216 0 0 
133 0.02755509897782243 -0.008685085857420621 0 0 
134 0.03197671257786619 -0.01098640500439406 0 0 
135 0.03672581218261156 -0.0132726672987382 0 0 
136 0.04179913344273134 -0.01554176076367127 0 0 
137 0.04719319075831618 -0.01779153161197225 0 0 
138 0.05290427872319786 -0.02001979700385332 0 0 
139 0.05892847371315935 -0.02222435793137605 0 0 
140 0.06526163562519385 -0.02440301212592122 0 0 
141 0.07189940977479045 -0.02655356688609473 0 0 
142 0.0788372289579618 -0.02867385172527814 0 0 
143 0.08607031568438131 -0.03076173074077967 0 0 
144 0.09359368458758033 -0.03281511461018621 0 0 
145 0.1014021450176585 -0.03483197212500663 0 0 
146 0.1094903038214015 -0.03681034117699038 0 0 
147 0.1178525683140726 -0.03874833911853556 0 0 
148 0.1264831494464657 -0.04064417242530995 0 0 
149 0.1353760651700706 -0.04249614559651609 0 0 
150 0.1445251440024271 -0.04430266923606745 0 0 
151 0.1539240287939294 -0.04606226726621791 0 0 
152 0.163566180696502 -0.04777358323381758 0 0 
153 0.1734448833336992 -0.04943538567826402 0 0 
154 0.1835532471709117 -0.05104657253928584 0 0 
155 0.1938842140834752 -0.05260617459184503 0 0 
156 0.2044305621196023 -0.05411335790457795 0 0 
157 0.2151849104541918 -0.05556742532722589 0 0 
158 0.2261397245287216 -0.05696781702133773 0 0 
159 0.2372873213716151 -0.05831411005707756 0 0 
160 0.2486198750926821 -0.05960601710715113 0 0 
161 0.2601294225444967 -0.06084338427659933 0 0 
162 0.271807869142877 -0.0620261881144198 0 0 
163 0.2836469948379909 -0.06315453185960218 0 0 
164 0.2956384602270349 -0.06422864098013568 0 0 
165 0.3077738127989106 -0.06524885806881799 0 0 
166 0.3200444933008805 -0.0662156371642159 0 0 
167 0.3324418422168038 -0.0671295375688607 0 0 
168 0.3449571063462546 -0.06799121723968246 0 0 
169 0.3575814454735949 -0.06880142582776944 0 0 
170 0.3703059391159252 -0.06956099744578036 0 0 
171 0.3831215933387675 -0.07027084324172903 0 0 
172 0.3960193476283298 -0.07093194385741577 0 0 
173 0.4089900818092914 -0.07154534184851385 0 0 
174 0.4220246229971878 -0.07211213414125552 0 0 
175 0.435113752574705 -0.07263346459783843 0 0 
176 0.4482482131814697 -0.073110516759127 0 0 
177 0.4614187157072814 -0.07354450682900908 0 0 
178 0.4746159462791287 -0.07393667695993575 0 0 
179 0.4878305732327936 -0.07428828889379091 0 0 
180 0.5010532540603494 -0.07460061800636739 0 0 
181 0.5142746423254001 -0.07487494779744763 0 0 
182 0.5274853945384799 -0.07511256486186814 0 0 
183 0.5406761769856372 -0.07531475437007382 0 0 
184 0.5538376725038407 -0.07548279607961636 0 0 
185 0.5669605871974767 -0.07561796089190648 0 0 
186 0.5800356570908426 -0.07572150796137118 0 0 
187 0.5930536547121696 -0.07579468235708114 0 0 
188 0.6060053956053317 -0.07583871326997393 0 0 
189 0.6188817447659973 -0.07585481275208777 0 0 
190 0.6316736229995692 -0.07584417496781079 0 0 
191 0.6443720131988002 -0.0758079759311103 0 0 
192 0.6569679665394987 -0.07574737369710276 0 0 
193 0.6694526085932048 -0.07566350897121782 0 0 
194 0.681817145356157 -0.07555750609464555 0 0 
195 0.694052869194248 -0.07543047436079228 0 0 
196 0.7061511647039991 -0.07528350961413495 0 0 
197 0.7181035144898558 -0.07511769608019399 0 0 
198 0.7299015048583306 -0.07493410837336381 0 0 
199 0.7415368314296693 -0.07473381362805817 0 0 
200 0.7530013046678244 -0.07451787369806021 0 0 
201 0.7642868553295572 -0.07428734736910091 0 0 
202 0.7753855398334714 -0.07404329253052715 0 0 
203 0.7862895455497098 -0.07378676825343475 0 0 
204 0.7969911960109122 -0.07351883672481119 0 0 
205 0.80748295604486 -0.07324056499002292 0 0 
206 0.8177574368289943 -0.07295302645935457 0 0 
207 0.827807400866729 -0.07265730213821144 0 0 
208 0.8376257668851672 -0.07235448154498443 0 0 
209 0.8472056146534747 -0.07204566328538799 0 0 
210 0.8565401897208023 -0.07173195525725153 0 0 
211 0.8656229080722327 -0.07141447446521204 0 0 
212 0.8744473607008222 -0.0710943464304481 0 0 
213 0.883007318093377 -0.07077270418643894 0 0 
214 0.891296734627166 -0.07045068685765921 0 0 
215 0.8993097528743474 -0.07012943782405279 0 0 
216 0.9070407078104544 -0.06981010247999769 0 0 
217 0.9144841309228867 -0.06949382560220058 0 0 
218 0.9216347542149518 -0.06918174834648592 0 0 
219 0.9284875141006483 -0.0688750048986882 0 0 
220 0.9350375551850437 -0.06857471880976851 0 0 
221 0.9412802339248039 -0.06828199904978954 0 0 
222 0.947211122163182 -0.06799793581944509 0 0 
223 0.9528260105335584 -0.06772359616140602 0 0 
224 0.9581209117254654 -0.06746001941676855 0 0 
225 0.9630920636069236 -0.0672082125743375 0 0 
226 0.9677359321968568 -0.06696914556232428 0 0 
227 0.9720492144813596 -0.06674374653325707 0 0 
228 0.9760288410676449 -0.06653289719348332 0 0 
229 0.9796719786696187 -0.06633742822858607 0 0 
230 0.9829760324191992 -0.06615811487533015 0 0 
231 0.9859386479977259 -0.06599567268942674 0 0 
232 0.988557713582095 -0.06585075355645659 0 0 
233 0.9908313616005781 -0.06572394199076415 0 0 
234 0.9927579702936871 -0.06561575176404268 0 0 
235 0.9943361650758589 -0.06552662290173389 0 0 
236 0.9955648196942203 -0.06545691908128289 0 0 
237 0.9964430571811976 -0.06540692546180275 0 0 
238 0.9969702505982794 -0.06537684696983631 0 0 
239 -6 -6 0 0 
240 12 -6 0 0 
241 12 6 0 0 
242 -6 6 0 0 
1 0.0009513254770636137 -0.06536680706074365 0 0.9971460235688092 0.06086406110939567 0 1 4 2 2 -1 
2 0.0009513254770636137 -0.0757311315903752 0 0.9971460235688092 0.02178893568691454 0 1 4 2 1 -2 
3 -6 -6 0 12 -6 0 1 3 2 239 -240 
4 12 -6 0 12 6 0 1 2 2 240 -241 
5 -6 6 0 12 6 0 1 3 2 241 -242 
6 -6 -6 0 -6 6 0 1 1 2 242 -239 
1 -6 -6 0 12 6 0 1 5 6 3 4 5 6 -2 -1 
$EndEntities
$Nodes
13 14884 1 14884
0 1 0 1
1
0.0009513254770636137 0.02178893568691454 0
0 2 0 1
2
0.9971460235688092 -0.06536680706074365 0
0 239 0 1
3
-6 -6 0
0 240 0 1
4
12 -6 0
0 241 0 1
5
12 6 0
0 242 0 1
6
-6 6 0
1 1 0 203
7
8
9
10
11
12
13
14
15
16
17
18
19
20
21
22
23
24
25
26
27
28
29
30
31
32
33
34
35
36
37
38
39
40
41
42
43
44
45
46
47
48
49
50
51
52
53
54
55
56
57
58
59
60
61
62
63
64
65
66
67
68
69
70
71
72
73
74
75
76
77
78
79
80
81
82
83
84
85
86
87
88
89
90
91
92
93
94
95
96
97
98
99
100
101
102
103
104
105
106
107
108
109
110
111
112
113
114
115
116
117
118
119
120
121
122
123
124
125
126
127
128
129
130
131
132
133
134
135
136
137
138
139
140
141
142
143
144
145
146
147
148
149
150
151
152
153
154
155
156
157
158
159
160
161
162
163
164
165
166
167
168
169
170
171
172
173
174
175
176
177
178
179
180
181
182
183
184
185
186
187
188
189
190
191
192
193
194
195
196
197
198
199
200
201
202
203
204
205
206
207
208
209
0.9874131254596 -0.0630807568616198 0
0.9776761276522591 -0.06081216503482362 0
0.9679351547479298 -0.0585607327843153 0
0.9581903144348956 -0.05632609922078308 0
0.9484417038407184 -0.05410796113194378 0
0.9386894185492426 -0.05190604819280498 0
0.9289335379752803 -0.0497201158128151 0
0.9191741658795346 -0.04754982411927574 0
0.9094113680608523 -0.04539500029009273 0
0.8996452211429533 -0.04325540211311391 0
0.8898758056862146 -0.04113076931801012 0
0.8801031860254668 -0.03902093508251862 0
0.8703274196088863 -0.03692572338833121 0
0.8605485669993078 -0.03484496513081291 0
0.850766684749349 -0.0327785041533478 0
0.8409818205852291 -0.03072619907473617 0
0.8311940237939855 -0.02868792897804421 0
0.8214033352290097 -0.02666359205237842 0
0.8116097950225934 -0.02465310251057107 0
0.801813435011926 -0.02265639053212711 0
0.7920142884378035 -0.02067340789187888 0
0.7822123791815759 -0.01870412152100508 0
0.7724077313623997 -0.01674851596319495 0
0.7626003646215105 -0.0148065923322634 0
0.7527902948322996 -0.01287836828318956 0
0.7429775361665144 -0.01096387824941073 0
0.7331620976771125 -0.009063172587591824 0
0.7233439871832585 -0.007176318117886502 0
0.7135232067228744 -0.005303407671603994 0
0.7036997509580409 -0.003444582925805156 0
0.6938736162592924 -0.001599973394566461 0
0.6840447970717567 0.0002302781751529841 0
0.6742132855527863 0.002046012708797859 0
0.6643790716526535 0.003847053602705883 0
0.6545421331337814 0.005633149924653886 0
0.6447024470570564 0.007404051362847162 0
0.6348599959869941 0.009159517913890386 0
0.6250147592365318 0.01089929275146175 0
0.6151667117203905 0.0126230871727423 0
0.6053158126176806 0.01433051209367481 0
0.5954620321045639 0.01602122566950356 0
0.5856053405439341 0.01769488243160228 0
0.5757457058413197 0.01935111563030534 0
0.5658830802376168 0.02098944294632215 0
0.5560174192463456 0.02260939099961078 0
0.5461486858331361 0.02421051537478311 0
0.5362768420423502 0.02579234790693888 0
0.5264018349142068 0.02735431121187663 0
0.5165236096571586 0.02889579032522836 0
0.5066421238473445 0.03041622674885659 0
0.4967573341284676 0.03191503209218813 0
0.4868691853875939 0.03339151446616985 0
0.4769776169891322 0.03484490851871076 0
0.4670825832594878 0.03627451898611771 0
0.4571840387769602 0.03767961308781097 0
0.4472819299159319 0.03905936480436188 0
0.4373761952373267 0.04041283748347085 0
0.427466789940514 0.04173916603424855 0
0.417553670323466 0.04303744044185948 0
0.4076367908219246 0.04430667486824616 0
0.3977160962555762 0.04554573345919248 0
0.3877915472500081 0.04675352905166821 0
0.3778631099818697 0.04792892860011385 0
0.3679307531061032 0.04907072835257607 0
0.3579944415152176 0.05017758645221275 0
0.3480541484575079 0.05124809974619401 0
0.338109861724633 0.05228084538817077 0
0.3281615743025395 0.05327430752954343 0
0.3182092885654127 0.05422686916237168 0
0.3082530106936432 0.05513676879036507 0
0.2982927655561561 0.05600214264822963 0
0.2883285927793041 0.05682104373809832 0
0.2783605497512794 0.05759138342136265 0
0.2683887102192803 0.05831091759869268 0
0.2584131750239917 0.05897722989181518 0
0.2484340681867813 0.05958770951999386 0
0.2384515474294745 0.06013952717668426 0
0.2284658085070443 0.06062963266777165 0
0.2184770917155425 0.06105470090343705 0
0.2084856898633997 0.06141109000413326 0
0.1984919630245388 0.06169479252018742 0
0.1884963480580633 0.0619013757309761 0
0.1784993770150257 0.06202590725430109 0
0.1685017032300929 0.06206286193898833 0
0.1585041284597512 0.06200600428661798 0
0.1485076427538028 0.06184823810091786 0
0.1385134816379427 0.06158141210297995 0
0.1285231995608917 0.06119606486249057 0
0.1185387722912932 0.06068108423540236 0
0.1085627571886883 0.06002323445089596 0
0.09859851707393409 0.05920648149475034 0
0.08865056568798395 0.0582111163369781 0
0.078725116119122 0.05701238351599958 0
0.06883101167613027 0.05557826387986547 0
0.05898129266273697 0.05386634077839513 0
0.04919619795214498 0.05181808311209768 0
0.03950907907489849 0.04934922735425944 0
0.02997967483139391 0.0463311045280663 0
0.02072761153837376 0.04255292222368041 0
0.01203267773770901 0.03764022429782349 0
0.004689475836453415 0.03091489622308395 0
0.9922781889397065 -0.06422113543898715 0
0.9825451174546318 -0.06194431099657508 0
0.9728061320637725 -0.05968432385272867 0
0.9630632110622883 -0.05744133417384357 0
0.9533164745759374 -0.05521498936707902 0
0.9435660157855613 -0.05300498654181182 0
0.9338119183134208 -0.05081110758805815 0
0.9240542868766285 -0.04863301192797346 0
0.9142931835481849 -0.04647051497455441 0
0.9045287119546939 -0.04432330052100951 0
0.894760921543451 -0.0421912040159941 0
0.884989889222228 -0.04007402866127453 0
0.8752156826623965 -0.03797153916148878 0
0.8654383724621083 -0.03588356979229711 0
0.8556579978656742 -0.03380996569974241 0
0.8458746229906052 -0.03175058826624743 0
0.8360882873545104 -0.0297053084451374 0
0.8262990402449804 -0.02767401591592225 0
0.8165069204643834 -0.02565661564666687 0
0.8067119648917805 -0.02365302995033087 0
0.7969142056961392 -0.02166319789680582 0
0.78711367416222 -0.01968707596078078 0
0.7773103905577848 -0.01772463580912549 0
0.7675043826461494 -0.01577586783335952 0
0.7576956649677025 -0.01384077679709202 0
0.7478842543811705 -0.01191938979864012 0
0.7380701553012077 -0.01001177055841125 0
0.7282533807744934 -0.008117986120774556 0
0.7184339302337538 -0.006238115295469783 0
0.7086118083184011 -0.004372254810535751 0
0.6987870150504052 -0.002520517186109466 0
0.6889595441929677 -0.0006830325982220809 0
0.6791293852325483 0.001140002410414228 0
0.6692965199585139 0.002948397085008283 0
0.6594609400969029 0.004741960179338105 0
0.6496226294213889 0.006520484953191142 0
0.6397815716609025 0.008283743777314471 0
0.6299377348691539 0.01003141915904064 0
0.6200910893892098 0.01176321187392695 0
0.6102416121983687 0.01347883050604044 0
0.600389282327226 0.0151779649914899 0
0.5905340574307357 0.01686024555190888 0
0.5806758969095612 0.01852522384664616 0
0.5708147646857986 0.0201725143195717 0
0.560950625081028 0.02180171327497811 0
0.5510834433006773 0.02341236883510986 0
0.5412131604474179 0.02500390633263591 0
0.5313397329430244 0.02657582392471167 0
0.5214631226060186 0.02812760908669987 0
0.5115832836042523 0.0296587055050606 0
0.5017001509558944 0.03116841026990185 0
0.4918136799992835 0.03265608788278557 0
0.4819238233079115 0.03412109909440256 0
0.4720305390922045 0.03556275789722937 0
0.4621337597022326 0.0369802216100787 0
0.4522334315230775 0.03837269831207207 0
0.4423295133445958 0.03973939332580096 0
0.4324219556756265 0.04107946477927989 0
0.4225107046024418 0.04239191606688374 0
0.4125957038373591 0.04367575553524595 0
0.4026769169461883 0.04492999698750248 0
0.3927543046561641 0.04615359522436044 0
0.3828278217454767 0.04734539446482528 0
0.3728974265536267 0.04850413473496243 0
0.3629630903206036 0.04962858373765731 0
0.3530247897402464 0.05071743419840608 0
0.3430825058216044 0.05176929429023318 0
0.3331362216562534 0.05278262521293461 0
0.323185932857224 0.05375582746507648 0
0.3132316454208225 0.0546872444028738 0
0.3032733770293053 0.05557510576149209 0
0.2933111646382001 0.05641751706885596 0
0.2833450515945666 0.05721244135516283 0
0.2733751028459476 0.05795767629757377 0
0.2634013980882614 0.05865090086910363 0
0.253424058685523 0.05928961529721848 0
0.2434432211669255 0.05987111748113498 0
0.2334590641175966 0.06039247660214726 0
0.2234718056090675 0.06085050391836216 0
0.2134817063456752 0.06124171684923277 0
0.2034890916877402 0.06156229445298844 0
0.1934943610031114 0.06180802365935542 0
0.1834979947966568 0.06197423253332146 0
0.1735005824877352 0.06205570686547426 0
0.1635028464133639 0.06204658432550515 0
0.1535056780176012 0.0619402216810597 0
0.1435101837128595 0.06172902301520563 0
0.1335177440324058 0.06140421629543529 0
0.1235301100902833 0.06095555865190704 0
0.113549525315164 0.06037093949214638 0
0.103578915740986 0.0596358356031468 0
0.09362216402970559 0.05873254202053293 0
0.0836845485084744 0.05763897933729548 0
0.07377345905112877 0.05632708835936666 0
0.06389955727359624 0.05476023059697251 0
0.0540789954995524 0.05288875090891657 0
0.04433752045112179 0.05064292550436009 0
0.03471923511026161 0.04791941874146765 0
0.02530731799765277 0.04455516606339281 0
0.01628061453975911 0.04027193576278274 0
0.008099524109735584 0.03456047778273208 0
0.002157742724649934 0.0266205262486016 0
1 2 0 203
210
211
212
213
214
215
216
217
218
219
220
221
222
223
224
225
226
227
228
229
230
231
232
233
234
235
236
237
238
239
240
241
242
243
244
245
246
247
248
249
250
251
252
253
254
255
256
257
258
259
260
261
262
263
264
265
266
267
268
269
270
271
272
273
274
275
276
277
278
279
280
281
282
283
284
285
286
287
288
289
290
291
292
293
294
295
296
297
298
299
300
301
302
303
304
305
306
307
308
309
310
311
312
313
314
315
316
317
318
319
320
321
322
323
324
325
326
327
328
329
330
331
332
333
334
335
336
337
338
339
340
341
342
343
344
345
346
347
348
349
350
351
352
353
354
355
356
357
358
359
360
361
362
363
364
365
366
367
368
369
370
371
372
373
374
375
376
377
378
379
380
381
382
383
384
385
386
387
388
389
390
391
392
393
394
395
396
397
398
399
400
401
402
403
404
405
406
407
408
409
410
411
412
0.003047978538599115 0.01215249595673581 0
0.009111779784522741 0.004254207074228877 0
0.01682153701528605 -0.002093715360014111 0
0.02527696626149586 -0.007421102530977153 0
0.03413750596920887 -0.01204813698265252 0
0.04324874349598427 -0.01616163582351502 0
0.05252950447493225 -0.01987793972633113 0
0.06193231185268983 -0.02327424063343718 0
0.07142707041106756 -0.0264046659820316 0
0.08099357238326285 -0.02930872359307993 0
0.09061754874340588 -0.03201641055148155 0
0.1002885820542498 -0.03455102733660885 0
0.109998804711668 -0.0369311997511484 0
0.1197421207041383 -0.03917213426844221 0
0.1295137131582485 -0.04128642149779652 0
0.1393097067178656 -0.04328466167616048 0
0.1491269275892392 -0.04517590256621511 0
0.1589627435606153 -0.0469679570635711 0
0.1688149473858453 -0.04866764163776643 0
0.1786816667038894 -0.0502809578320678 0
0.1885612986719102 -0.0518132334076311 0
0.1984524628213958 -0.05326923342285185 0
0.2083539592015665 -0.05465324739637931 0
0.2182647373176987 -0.05596915936888006 0
0.2281838764106516 -0.05722050504679013 0
0.2381105624333539 -0.05841051727661825 0
0.248044072943169 -0.05954216592060733 0
0.2579837613145466 -0.06061820991414082 0
0.2679290520492889 -0.06164119883787585 0
0.2778794262441779 -0.06261349484960468 0
0.287834421586085 -0.06353729514941617 0
0.2977936188688581 -0.06441464667932617 0
0.3077566409766916 -0.06524745997700747 0
0.3177231397818892 -0.06603756617468846 0
0.3276928033115648 -0.06678669893397041 0
0.3376653484362112 -0.06749645028452037 0
0.3476405188406034 -0.06816831426392955 0
0.3576180794797629 -0.06880369422272518 0
0.3675978130365923 -0.06940397664149683 0
0.3775795210782208 -0.06997048908796399 0
0.3875630254429349 -0.07050442246932943 0
0.3975481626869685 -0.07100689849092046 0
0.4075347828091245 -0.07147899463687191 0
0.4175227429052417 -0.07192183908683114 0
0.4275119166626347 -0.07233641061417515 0
0.4375021890916216 -0.07272361299713999 0
0.447493454093885 -0.07308430596359797 0
0.457485609533413 -0.07341942260490962 0
0.4674785647740246 -0.07372978570316485 0
0.4774722373042017 -0.07401612479387172 0
0.4874665513727705 -0.07427913250924943 0
0.4974614337609394 -0.0745195731024034 0
0.507456818552575 -0.07473813752068063 0
0.5174526463545249 -0.07493541274644679 0
0.5274488619579968 -0.07511195615968 0
0.5374454125435595 -0.07526838289650416 0
0.5474422500010521 -0.07540527076576568 0
0.5574393304049007 -0.07552308741068864 0
0.5674366130579181 -0.07562227692598569 0
0.5774340595719099 -0.07570331322491314 0
0.5874316332293397 -0.07576667959261467 0
0.5974293019526682 -0.07581274278014243 0
0.6074270349366658 -0.07584184815406958 0
0.6174248021940283 -0.07585433754455213 0
0.6274225763441542 -0.0758506012130557 0
0.6374203319761474 -0.07583092783241575 0
0.6474180448578707 -0.07579557391945568 0
0.6574156904846544 -0.0757447788590182 0
0.667413247991416 -0.07567879314330708 0
0.6774106957035348 -0.07559786775384041 0
0.6874080128388027 -0.07550217835648669 0
0.6974051795001383 -0.07539188297094671 0
0.7074021763755181 -0.07526712314005889 0
0.7173989845509023 -0.07512802704048366 0
0.7273955846751728 -0.07497473512387269 0
0.7373919586156669 -0.07480733845746516 0
0.7473880870785549 -0.07462590148832429 0
0.7573839523956635 -0.07443047223620958 0
0.7673795346378609 -0.07422108215041648 0
0.777374815106845 -0.07399774586132037 0
0.7873697742579886 -0.07376046105535031 0
0.7973643910516529 -0.07350920832204279 0
0.8073586476838172 -0.07324395094867844 0
0.8173525197948115 -0.07296463567050641 0
0.8273459881578603 -0.072671188199242 0
0.8373390281587954 -0.07236351708176124 0
0.847331617226264 -0.07204151496033746 0
0.8573237278347694 -0.0717050541959228 0
0.8673153375282315 -0.07135398726781765 0
0.8773064177291197 -0.07098815057152669 0
0.8872969381528308 -0.07060736705512165 0
0.8972868727890656 -0.07021145339867163 0
0.9072761872567093 -0.06980023414238706 0
0.9172648474080495 -0.06937343898112334 0
0.9272528198516249 -0.06893081607658499 0
0.937240069805059 -0.06847218380603454 0
0.9472265540669891 -0.06799718944402508 0
0.9572122369442247 -0.0675055783236235 0
0.967197071234184 -0.06699706762929289 0
0.9771810139120671 -0.06647134189051077 0
0.9871640216224405 -0.06592802699931698 0
0.001300417645371872 0.01682125566039324 0
0.005773171943094557 0.007970150291338018 0
0.01283818900796393 0.0009248307251711254 0
0.02098398148015583 -0.004860798307652443 0
0.02966871412833309 -0.009808302693637904 0
0.03866794417083994 -0.01416063100092813 0
0.04787144089398519 -0.01806392667140692 0
0.05721782728485132 -0.02161229704066737 0
0.06666964036898729 -0.02486993576989441 0
0.0762023506820666 -0.02788293880371664 0
0.08579909637946054 -0.03068553664233842 0
0.09544772743133698 -0.03330407896037547 0
0.1051392116502812 -0.03575939315671733 0
0.1148666509211432 -0.03806824099923214 0
0.1246246417335456 -0.04024441696038657 0
0.134408871764204 -0.04229945807938946 0
0.1442158378398984 -0.04424314753473332 0
0.1540426571621357 -0.04608388436673094 0
0.1638869211058148 -0.0478289569658884 0
0.1737465981827215 -0.04948475284099366 0
0.1836199590457769 -0.05105691982779551 0
0.1935055177937629 -0.05255049056885883 0
0.2034019899562887 -0.05396998258430771 0
0.2133082506287128 -0.05531947558718774 0
0.2232233159023004 -0.05660267597352455 0
0.2331463242904357 -0.05782296814487418 0
0.2430765073101483 -0.05898345453061706 0
0.253013180158758 -0.06008699041288131 0
0.2629557391669688 -0.06113621313352195 0
0.2729036307393228 -0.06213356341385684 0
0.282856373344057 -0.06308131317971011 0
0.2928135205836208 -0.06398162001701037 0
0.3027746760693668 -0.06483648242374336 0
0.3127394744273327 -0.0656477596726787 0
0.3227075908271239 -0.06641719206285153 0
0.3326787317091269 -0.06714641003016183 0
0.3426526236417736 -0.067836989537579 0
0.3526290160557761 -0.06849044894291124 0
0.3626076859741706 -0.06910816222651871 0
0.3725884293420998 -0.06969142084946346 0
0.3825710604961715 -0.07024144338157999 0
0.3925554016650636 -0.07075947788882138 0
0.4025412966940486 -0.07124667044656768 0
0.412528602759655 -0.07170405719468616 0
0.4225171844927778 -0.07213261567428521 0
0.4325069251159351 -0.0725333322469732 0
0.4424977046788211 -0.07290719774037586 0
0.4524894257178724 -0.07325504983014111 0
0.4624819908416677 -0.07357767827745676 0
0.4724753152395127 -0.07387587227936399 0
0.482469319477684 -0.07415047346997408 0
0.4924639252384559 -0.07440216468186682 0
0.5024590683378889 -0.07463158369181778 0
0.5124546823723991 -0.07483936409855686 0
0.5224507096008955 -0.07502620942337236 0
0.5324470980143673 -0.07519267547689204 0
0.5424437966248106 -0.07533927363485259 0
0.5524407610834903 -0.07546650568109528 0
0.5624379496204712 -0.07557494778006824 0
0.57243531801407 -0.07566505098634184 0
0.5824328313198048 -0.07573721905823586 0
0.5924304581043105 -0.07579183795913284 0
0.6024281604920243 -0.07582935626831219 0
0.6124259159978155 -0.07585014549964909 0
0.6224236914145358 -0.07585451464767058 0
0.6324214587832275 -0.07584275469893081 0
0.6424191953805495 -0.07581516548180427 0
0.6524168775336433 -0.07577206521296651 0
0.6624144817428554 -0.07571368088888625 0
0.6724119880799367 -0.07564021892662662 0
0.6824093715120489 -0.07555186910343521 0
0.6924066167942899 -0.07544882243879296 0
0.7024037001712283 -0.07533127431503966 0
0.7124006052140285 -0.07519935401311736 0
0.7223973123311659 -0.07505317234027213 0
0.7323938001582977 -0.0748928237493966 0
0.7423900555717829 -0.07471838595139882 0
0.7523860540673785 -0.07452992270681597 0
0.7623817802590332 -0.0743274960009055 0
0.77237721282116 -0.07411112959316569 0
0.7823723366066749 -0.07388082564995406 0
0.7923671259736119 -0.07363656988695717 0
0.8023615658460459 -0.0733783308828794 0
0.8123556329748739 -0.07310606034109718 0
0.8223493062746791 -0.07281969267069759 0
0.8323425629186139 -0.07251914496082215 0
0.8423353811876622 -0.07220431688555949 0
0.8523277316951636 -0.07187509124190239 0
0.862319597942747 -0.07153133408119451 0
0.8723109408603331 -0.07117289775776833 0
0.8823017486760675 -0.07079962295604353 0
0.8922919806484878 -0.07041133420992995 0
0.9022816109995857 -0.07000778804745417 0
0.912270598111088 -0.06958877730753099 0
0.9222589219608216 -0.06915413134807988 0
0.9322465353489886 -0.06870352077394128 0
0.942233409152328 -0.06823675302579538 0
0.9522194995021331 -0.06775347451048679 0
0.9622047618615308 -0.06725345591345046 0
0.9721891569777682 -0.06673638276935605 0
0.9821726278141687 -0.06620188698080118 0
0.9921531984846136 -0.06564978274438865 0
1 3 0 45
413
414
415
416
417
418
419
420
421
422
423
424
425
426
427
428
429
430
431
432
433
434
435
436
437
438
439
440
441
442
443
444
445
446
447
448
449
450
451
452
453
454
455
456
457
-5.217391304350835 -6 0
-4.434782608701671 -6 0
-3.652173913052012 -6 0
-2.869565217402821 -6 0
-2.086956521753657 -6 0
-1.304347826104491 -6 0
-0.5217391304553276 -6 0
0.2608695651938371 -6 0
1.043478260843003 -6 0
1.826086956492167 -6 0
2.608695652141332 -6 0
3.391304347794359 -6 0
4.17391304345125 -6 0
4.95652173910814 -6 0
5.73913043476503 -6 0
6.521739130421922 -6 0
7.304347826078812 -6 0
8.086956521735695 -6 0
8.869565217392577 -6 0
9.652173913049461 -6 0
10.43478260870167 -6 0
11.21739130435084 -6 0
-5.608695652175418 -6 0
-4.826086956526298 -6 0
-4.04347826087681 -6 0
-3.260869565227522 -6 0
-2.478260869578183 -6 0
-1.695652173928965 -6 0
-0.9130434782795991 -6 0
-0.1304347826304539 -6 0
0.6521739130184319 -6 0
1.434782608667346 -6 0
2.217391304316831 -6 0
2.999999999966631 -6 0
3.782608695622709 -6 0
4.565217391279564 -6 0
5.347826086936372 -6 0
6.130434782593413 -6 0
6.913043478250367 -6 0
7.695652173907362 -6 0
8.478260869563991 -6 0
9.260869565220936 -6 0
10.04347826087596 -6 0
10.82608695652599 -6 0
11.60869565217612 -6 0
1 4 0 29
458
459
460
461
462
463
464
465
466
467
468
469
470
471
472
473
474
475
476
477
478
479
480
481
482
483
484
485
486
12 -5.200000000002958 0
12 -4.400000000005916 0
12 -3.600000000008875 0
12 -2.800000000011834 0
12 -2.000000000014793 0
12 -1.200000000017753 0
12 -0.4000000000207118 0
12 0.3999999999792916 0
12 1.19999999998225 0
12 1.999999999985208 0
12 2.799999999988167 0
12 3.599999999991125 0
12 4.399999999994083 0
12 5.199999999997042 0
12 -5.600000000001435 0
12 -4.800000000004276 0
12 -4.00000000000738 0
12 -3.200000000010358 0
12 -2.400000000013361 0
12 -1.600000000016138 0
12 -0.8000000000194678 0
12 -2.168754065223766e-11 0
12 0.7999999999807592 0
12 1.599999999983812 0
12 2.399999999986388 0
12 3.199999999989316 0
12 3.999999999992655 0
12 4.799999999995457 0
12 5.599999999998229 0
1 5 0 45
487
488
489
490
491
492
493
494
495
496
497
498
499
500
501
502
503
504
505
506
507
508
509
510
511
512
513
514
515
516
517
518
519
520
521
522
523
524
525
526
527
528
529
530
531
11.21739130435081 6 0
10.43478260870162 6 0
9.652173913052438 6 0
8.869565217403251 6 0
8.086956521754065 6 0
7.304347826104876 6 0
6.521739130455689 6 0
5.739130434806501 6 0
4.956521739157314 6 0
4.173913043508128 6 0
3.39130434785894 6 0
2.60869565220589 6 0
1.826086956548977 6 0
1.043478260892062 6 0
0.2608695652351489 6 0
-0.5217391304217642 6 0
-1.304347826078674 6 0
-2.086956521735582 6 0
-2.869565217392488 6 0
-3.652173913049394 6 0
-4.434782608701628 6 0
-5.217391304350812 6 0
11.60869565217525 6 0
10.82608695652636 6 0
10.04347826087707 6 0
9.260869565227706 6 0
8.478260869578657 6 0
7.695652173929558 6 0
6.913043478280176 6 0
6.130434782631148 6 0
5.347826086981855 6 0
4.565217391332785 6 0
3.782608695683201 6 0
3.000000000033157 6 0
2.217391304377811 6 0
1.434782608720276 6 0
0.6521739130633097 6 0
-0.1304347825931185 6 0
-0.9130434782498575 6 0
-1.695652173906735 6 0
-2.478260869564068 6 0
-3.260869565221302 6 0
-4.043478260875588 6 0
-4.826086956525685 6 0
-5.608695652175289 6 0
1 6 0 29
532
533
534
535
536
537
538
539
540
541
542
543
544
545
546
547
548
549
550
551
552
553
554
555
556
557
558
559
560
-6 5.200000000002958 0
-6 4.400000000005916 0
-6 3.600000000008875 0
-6 2.800000000011834 0
-6 2.000000000014793 0
-6 1.200000000017753 0
-6 0.4000000000207118 0
-6 -0.3999999999792916 0
-6 -1.19999999998225 0
-6 -1.999999999985208 0
-6 -2.799999999988167 0
-6 -3.599999999991125 0
-6 -4.399999999994083 0
-6 -5.199999999997042 0
-6 5.600000000001435 0
-6 4.800000000004276 0
-6 4.00000000000738 0
-6 3.200000000010358 0
-6 2.400000000013361 0
-6 1.600000000016138 0
-6 0.8000000000194678 0
-6 2.168754065223766e-11 0
-6 -0.7999999999807592 0
-6 -1.599999999983812 0
-6 -2.399999999986388 0
-6 -3.199999999989316 0
-6 -3.999999999992655 0
-6 -4.799999999995457 0
-6 -5.599999999998229 0
2 1 0 14324
561
562
563
564
565
566
567
568
569
570
571
572
573
574
575
576
577
578
579
580
581
582
583
584
585
586
587
588
589
590
591
592
593
594
595
596
597
598
599
600
601
602
603
604
605
606
607
608
609
610
611
612
613
614
615
616
617
618
619
620
621
622
623
624
625
626
627
628
629
630
631
632
633
634
635
636
637
638
639
640
641
642
643
644
645
646
647
648
649
650
651
652
653
654
655
656
657
658
659
660
661
662
663
664
665
666
667
668
669
670
671
672
673
674
675
676
677
678
679
680
681
682
683
684
685
686
687
688
689
690
691
692
693
694
695
696
697
698
699
700
701
702
703
704
705
706
707
708
709
710
711
712
713
714
715
716
717
718
719
720
721
722
723
724
725
726
727
728
729
730
731
732
733
734
735
736
737
738
739
740
741
742
743
744
745
746
747
748
749
750
751
752
753
754
755
756
757
758
759
760
761
762
763
764
765
766
767
768
769
770
771
772
773
774
775
776
777
778
779
780
781
782
783
784
785
786
787
788
789
790
791
792
793
794
795
796
797
798
799
800
801
802
803
804
805
806
807
808
809
810
811
812
813
814
815
816
817
818
819
820
821
822
823
824
825
826
827
828
829
830
831
832
833
834
835
836
837
838
839
840
841
842
843
844
845
846
847
848
849
850
851
852
853
854
855
856
857
858
859
860
861
862
863
864
865
866
867
868
869
870
871
872
873
874
875
876
877
878
879
880
881
882
883
884
885
886
887
888
889
890
891
892
893
894
895
896
897
898
899
900
901
902
903
904
905
906
907
908
909
910
911
912
913
914
915
916
917
918
919
920
921
922
923
924
925
926
927
928
929
930
931
932
933
934
935
936
937
938
939
940
941
942
943
944
945
946
947
948
949
950
951
952
953
954
955
956
957
958
959
960
961
962
963
964
965
966
967
968
969
970
971
972
973
974
975
976
977
978
979
980
981
982
983
984
985
986
987
988
989
990
991
992
993
994
995
996
997
998
999
1000
1001
1002
1003
1004
1005
1006
1007
1008
1009
1010
1011
1012
1013
1014
1015
1016
1017
1018
1019
1020
1021
1022
1023
1024
1025
1026
1027
1028
1029
1030
1031
1032
1033
1034
1035
1036
1037
1038
1039
1040
1041
1042
1043
1044
1045
1046
1047
1048
1049
1050
1051
1052
1053
1054
1055
1056
1057
1058
1059
1060
1061
1062
1063
1064
1065
1066
1067
1068
1069
1070
1071
1072
1073
1074
1075
1076
1077
1078
1079
1080
1081
1082
1083
1084
1085
1086
1087
1088
1089
1090
1091
1092
1093
1094
1095
1096
1097
1098
1099
1100
1101
1102
1103
1104
1105
1106
1107
1108
1109
1110
1111
1112
1113
1114
1115
1116
1117
1118
1119
1120
1121
1122
1123
1124
1125
1126
1127
1128
1129
1130
1131
1132
1133
1134
1135
1136
1137
1138
1139
1140
1141
1142
1143
1144
1145
1146
1147
1148
1149
1150
1151
1152
1153
1154
1155
1156
1157
1158
1159
1160
1161
1162
1163
1164
1165
1166
1167
1168
1169
1170
1171
1172
1173
1174
1175
1176
1177
1178
1179
1180
1181
1182
1183
1184
1185
1186
1187
1188
1189
1190
1191
1192
1193
1194
1195
1196
1197
1198
1199
1200
1201
1202
1203
1204
1205
1206
1207
1208
1209
1210
1211
1212
1213
1214
1215
1216
1217
1218
1219
1220
1221
1222
1223
1224
1225
1226
1227
1228
1229
1230
1231
1232
1233
1234
1235
1236
1237
1238
1239
1240
1241
1242
1243
1244
1245
1246
1247
1248
1249
1250
1251
1252
1253
1254
1255
1256
1257
1258
1259
1260
1261
1262
1263
1264
1265
1266
1267
1268
1269
1270
1271
1272
1273
1274
1275
1276
1277
1278
1279
1280
1281
1282
1283
1284
1285
1286
1287
1288
1289
1290
1291
1292
1293
1294
1295
1296
1297
1298
1299
1300
1301
1302
1303
1304
1305
1306
1307
1308
1309
1310
1311
1312
1313
1314
1315
1316
1317
1318
1319
1320
1321
1322
1323
1324
1325
1326
1327
1328
1329
1330
1331
1332
1333
1334
1335
1336
1337
1338
1339
1340
1341
1342
1343
1344
1345
1346
1347
1348
1349
1350
1351
1352
1353
1354
1355
1356
1357
1358
1359
1360
1361
1362
1363
1364
1365
1366
1367
1368
1369
1370
1371
1372
1373
1374
1375
1376
1377
1378
1379
1380
1381
1382
1383
1384
1385
1386
1387
1388
1389
1390
1391
1392
1393
1394
1395
1396
1397
1398
1399
1400
1401
1402
1403
1404
1405
1406
1407
1408
1409
1410
1411
1412
1413
1414
1415
1416
1417
1418
1419
1420
1421
1422
1423
1424
1425
1426
1427
1428
1429
1430
1431
1432
1433
1434
1435
1436
1437
1438
1439
1440
1441
1442
1443
1444
1445
1446
1447
1448
1449
1450
1451
1452
1453
1454
1455
1456
1457
1458
1459
1460
1461
1462
1463
1464
1465
1466
1467
1468
1469
1470
1471
1472
1473
1474
1475
1476
1477
1478
1479
1480
1481
1482
1483
1484
1485
1486
1487
1488
1489
1490
1491
1492
1493
1494
1495
1496
1497
1498
1499
1500
1501
1502
1503
1504
1505
1506
1507
1508
1509
1510
1511
1512
1513
1514
1515
1516
1517
1518
1519
1520
1521
1522
1523
1524
1525
1526
1527
1528
1529
1530
1531
1532
1533
1534
1535
1536
1537
1538
1539
1540
1541
1542
1543
1544
1545
1546
1547
1548
1549
1550
1551
1552
1553
1554
1555
1556
1557
1558
1559
1560
1561
1562
1563
1564
1565
1566
1567
1568
1569
1570
1571
1572
1573
1574
1575
1576
1577
1578
1579
1580
1581
1582
1583
1584
1585
1586
1587
1588
1589
1590
1591
1592
1593
1594
1595
1596
1597
1598
1599
1600
1601
1602
1603
1604
1605
1606
1607
1608
1609
1610
1611
1612
1613
1614
1615
1616
1617
1618
1619
1620
1621
1622
1623
1624
1625
1626
1627
1628
1629
1630
1631
1632
1633
1634
1635
1636
1637
1638
1639
1640
1641
1642
1643
1644
1645
1646
1647
1648
1649
1650
1651
1652
1653
1654
1655
1656
1657
1658
1659
1660
1661
1662
1663
1664
1665
1666
1667
1668
1669
1670
1671
1672
1673
1674
1675
1676
1677
1678
1679
1680
1681
1682
1683
1684
1685
1686
1687
1688
1689
1690
1691
1692
1693
1694
1695
1696
1697
1698
1699
1700
1701
1702
1703
1704
1705
1706
1707
1708
1709
1710
1711
1712
1713
1714
1715
1716
1717
1718
1719
1720
1721
1722
1723
1724
1725
1726
1727
1728
1729
1730
1731
1732
1733
1734
1735
1736
1737
1738
1739
1740
1741
1742
1743
1744
1745
1746
1747
1748
1749
1750
1751
1752
1753
1754
1755
1756
1757
1758
1759
1760
1761
1762
1763
1764
1765
1766
1767
1768
1769
1770
1771
1772
1773
1774
1775
1776
1777
1778
1779
1780
1781
1782
1783
1784
1785
1786
1787
1788
1789
1790
1791
1792
1793
1794
1795
1796
1797
1798
1799
1800
1801
1802
1803
1804
1805
1806
1807
1808
1809
1810
1811
1812
1813
1814
1815
1816
1817
1818
1819
1820
1821
1822
1823
1824
1825
1826
1827
1828
1829
1830
1831
1832
1833
1834
1835
1836
1837
1838
1839
1840
1841
1842
1843
1844
1845
1846
1847
1848
1849
1850
1851
1852
1853
1854
1855
1856
1857
1858
1859
1860
1861
1862
1863
1864
1865
1866
1867
1868
1869
1870
1871
1872
1873
1874
1875
1876
1877
1878
1879
1880
1881
1882
1883
1884
1885
1886
1887
1888
1889
1890
1891
1892
1893
1894
1895
1896
1897
1898
1899
1900
1901
1902
1903
1904
1905
1906
1907
1908
1909
1910
1911
1912
1913
1914
1915
1916
1917
1918
1919
1920
1921
1922
1923
1924
1925
1926
1927
1928
1929
1930
1931
1932
1933
1934
1935
1936
1937
1938
1939
1940
1941
1942
1943
1944
1945
1946
1947
1948
1949
1950
1951
1952
1953
1954
1955
1956
1957
1958
1959
1960
1961
1962
1963
1964
1965
1966
1967
1968
1969
1970
1971
1972
1973
1974
1975
1976
1977
1978
1979
1980
1981
1982
1983
1984
1985
1986
1987
1988
1989
1990
1991
1992
1993
1994
1995
1996
1997
1998
1999
2000
2001
2002
2003
2004
2005
2006
2007
2008
2009
2010
2011
2012
2013
2014
2015
2016
2017
2018
2019
2020
2021
2022
2023
2024
2025
2026
2027
2028
2029
2030
2031
2032
2033
2034
2035
2036
2037
2038
2039
2040
2041
2042
2043
2044
2045
2046
2047
2048
2049
2050
2051
2052
2053
2054
2055
2056
2057
2058
2059
2060
2061
2062
2063
2064
2065
2066
2067
2068
2069
2070
2071
2072
2073
2074
2075
2076
2077
2078
2079
2080
2081
2082
2083
2084
2085
2086
2087
2088
2089
2090
2091
2092
2093
2094
2095
2096
2097
2098
2099
2100
2101
2102
2103
2104
2105
2106
2107
2108
2109
2110
2111
2112
2113
2114
2115
2116
2117
2118
2119
2120
2121
2122
2123
2124
2125
2126
2127
2128
2129
2130
2131
2132
2133
2134
2135
2136
2137
2138
2139
2140
2141
2142
2143
2144
2145
2146
2147
2148
2149
2150
2151
2152
2153
2154
2155
2156
2157
2158
2159
2160
2161
2162
2163
2164
2165
2166
2167
2168
2169
2170
2171
2172
2173
2174
2175
2176
2177
2178
2179
2180
2181
2182
2183
2184
2185
2186
2187
2188
2189
2190
2191
2192
2193
2194
2195
2196
2197
2198
2199
2200
2201
2202
2203
2204
2205
2206
2207
2208
2209
2210
2211
2212
2213
2214
2215
2216
2217
2218
2219
2220
2221
2222
2223
2224
2225
2226
2227
2228
2229
2230
2231
2232
2233
2234
2235
2236
2237
2238
2239
2240
2241
2242
2243
2244
2245
2246
2247
2248
2249
2250
2251
2252
2253
2254
2255
2256
2257
2258
2259
2260
2261
2262
2263
2264
2265
2266
2267
2268
2269
2270
2271
2272
2273
2274
2275
2276
2277
2278
2279
2280
2281
2282
2283
2284
2285
2286
2287
2288
2289
2290
2291
2292
2293
2294
2295
2296
2297
2298
2299
2300
2301
2302
2303
2304
2305
2306
2307
2308
2309
2310
2311
2312
2313
2314
2315
2316
2317
2318
2319
2320
2321
2322
2323
2324
2325
2326
2327
2328
2329
2330
2331
2332
2333
2334
2335
2336
2337
2338
2339
2340
2341
2342
2343
2344
2345
2346
2347
2348
2349
2350
2351
2352
2353
2354
2355
2356
2357
2358
2359
2360
2361
2362
2363
2364
2365
2366
2367
2368
2369
2370
2371
2372
2373
2374
2375
2376
2377
2378
2379
2380
2381
2382
2383
2384
2385
2386
2387
2388
2389
2390
2391
2392
2393
2394
2395
2396
2397
2398
2399
2400
2401
2402
2403
2404
2405
2406
2407
2408
2409
2410
2411
2412
2413
2414
2415
2416
2417
2418
2419
2420
2421
2422
2423
2424
2425
2426
2427
2428
2429
2430
2431
2432
2433
2434
2435
2436
2437
2438
2439
2440
2441
2442
2443
2444
2445
2446
2447
2448
2449
2450
2451
2452
2453
2454
2455
2456
2457
2458
2459
2460
2461
2462
2463
2464
2465
2466
2467
2468
2469
2470
2471
2472
2473
2474
2475
2476
2477
2478
2479
2480
2481
2482
2483
2484
2485
2486
2487
2488
2489
2490
2491
2492
2493
2494
2495
2496
2497
2498
2499
2500
2501
2502
2503
2504
2505
2506
2507
2508
2509
2510
2511
2512
2513
2514
2515
2516
2517
2518
2519
2520
2521
2522
2523
2524
2525
2526
2527
2528
2529
2530
2531
2532
2533
2534
2535
2536
2537
2538
2539
2540
2541
2542
2543
2544
2545
2546
2547
2548
2549
2550
2551
2552
2553
2554
2555
2556
2557
2558
2559
2560
2561
2562
2563
2564
2565
2566
2567
2568
2569
2570
2571
2572
2573
2574
2575
2576
2577
2578
2579
2580
2581
2582
2583
2584
2585
2586
2587
2588
2589
2590
2591
2592
2593
2594
2595
2596
2597
2598
2599
2600
2601
2602
2603
2604
2605
2606
2607
2608
2609
2610
2611
2612
2613
2614
2615
2616
2617
2618
2619
2620
2621
2622
2623
2624
2625
2626
2627
2628
2629
2630
2631
2632
2633
2634
2635
2636
2637
2638
2639
2640
2641
2642
2643
2644
2645
2646
2647
2648
2649
2650
2651
2652
2653
2654
2655
2656
2657
2658
2659
2660
2661
2662
2663
2664
2665
2666
2667
2668
2669
2670
2671
2672
2673
2674
2675
2676
2677
2678
2679
2680
2681
2682
2683
2684
2685
2686
2687
2688
2689
2690
2691
2692
2693
2694
2695
2696
2697
2698
2699
2700
2701
2702
2703
2704
2705
2706
2707
2708
2709
2710
2711
2712
2713
2714
2715
2716
2717
2718
2719
2720
2721
2722
2723
2724
2725
2726
2727
2728
2729
2730
2731
2732
2733
2734
2735
2736
2737
2738
2739
2740
2741
2742
2743
2744
2745
2746
2747
2748
2749
2750
2751
2752
2753
2754
2755
2756
2757
2758
2759
2760
2761
2762
2763
2764
2765
2766
2767
2768
2769
2770
2771
2772
2773
2774
2775
2776
2777
2778
2779
2780
2781
2782
2783
2784
2785
2786
2787
2788
2789
2790
2791
2792
2793
2794
2795
2796
2797
2798
2799
2800
2801
2802
2803
2804
2805
2806
2807
2808
2809
2810
2811
2812
2813
2814
2815
2816
2817
2818
2819
2820
2821
2822
2823
2824
2825
2826
2827
2828
2829
2830
2831
2832
2833
2834
2835
2836
2837
2838
2839
2840
2841
2842
2843
2844
2845
2846
2847
2848
2849
2850
2851
2852
2853
2854
2855
2856
2857
2858
2859
2860
2861
2862
2863
2864
2865
2866
2867
2868
2869
2870
2871
2872
2873
2874
2875
2876
2877
2878
2879
2880
2881
2882
2883
2884
2885
2886
2887
2888
2889
2890
2891
2892
2893
2894
2895
2896
2897
2898
2899
2900
2901
2902
2903
2904
2905
2906
2907
2908
2909
2910
2911
2912
2913
2914
2915
2916
2917
2918
2919
2920
2921
2922
2923
2924
2925
2926
2927
2928
2929
2930
2931
2932
2933
2934
2935
2936
2937
2938
2939
2940
2941
2942
2943
2944
2945
2946
2947
2948
2949
2950
2951
2952
2953
2954
2955
2956
2957
2958
2959
2960
2961
2962
2963
2964
2965
2966
2967
2968
2969
2970
2971
2972
2973
2974
2975
2976
2977
2978
2979
2980
2981
2982
2983
2984
2985
2986
2987
2988
2989
2990
2991
2992
2993
2994
2995
2996
2997
2998
2999
3000
3001
3002
3003
3004
3005
3006
3007
3008
3009
3010
3011
3012
3013
3014
3015
3016
3017
3018
3019
3020
3021
3022
3023
3024
3025
3026
3027
3028
3029
3030
3031
3032
3033
3034
3035
3036
3037
3038
3039
3040
3041
3042
3043
3044
3045
3046
3047
3048
3049
3050
3051
3052
3053
3054
3055
3056
3057
3058
3059
3060
3061
3062
3063
3064
3065
3066
3067
3068
3069
3070
3071
3072
3073
3074
3075
3076
3077
3078
3079
3080
3081
3082
3083
3084
3085
3086
3087
3088
3089
3090
3091
3092
3093
3094
3095
3096
3097
3098
3099
3100
3101
3102
3103
3104
3105
3106
3107
3108
3109
3110
3111
3112
3113
3114
3115
3116
3117
3118
3119
3120
3121
3122
3123
3124
3125
3126
3127
3128
3129
3130
3131
3132
3133
3134
3135
3136
3137
3138
3139
3140
3141
3142
3143
3144
3145
3146
3147
3148
3149
3150
3151
3152
3153
3154
3155
3156
3157
3158
3159
3160
3161
3162
3163
3164
3165
3166
3167
3168
3169
3170
3171
3172
3173
3174
3175
3176
3177
3178
3179
3180
3181
3182
3183
3184
3185
3186
3187
3188
3189
3190
3191
3192
3193
3194
3195
3196
3197
3198
3199
3200
3201
3202
3203
3204
3205
3206
3207
3208
3209
3210
3211
3212
3213
3214
3215
3216
3217
3218
3219
3220
3221
3222
3223
3224
3225
3226
3227
3228
3229
3230
3231
3232
3233
3234
3235
3236
3237
3238
3239
3240
3241
3242
3243
3244
3245
3246
3247
3248
3249
3250
3251
3252
3253
3254
3255
3256
3257
3258
3259
3260
3261
3262
3263
3264
3265
3266
3267
3268
3269
3270
3271
3272
3273
3274
3275
3276
3277
3278
3279
3280
3281
3282
3283
3284
3285
3286
3287
3288
3289
3290
3291
3292
3293
3294
3295
3296
3297
3298
3299
3300
3301
3302
3303
3304
3305
3306
3307
3308
3309
3310
3311
3312
3313
3314
3315
3316
3317
3318
3319
3320
3321
3322
3323
3324
3325
3326
3327
3328
3329
3330
3331
3332
3333
3334
3335
3336
3337
3338
3339
3340
3341
3342
3343
3344
3345
3346
3347
3348
3349
3350
3351
3352
3353
3354
3355
3356
3357
3358
3359
3360
3361
3362
3363
3364
3365
3366
3367
3368
3369
3370
3371
3372
3373
3374
3375
3376
3377
3378
3379
3380
3381
3382
3383
3384
3385
3386
3387
3388
3389
3390
3391
3392
3393
3394
3395
3396
3397
3398
3399
3400
3401
3402
3403
3404
3405
3406
3407
3408
3409
3410
3411
3412
3413
3414
3415
3416
3417
3418
3419
3420
3421
3422
3423
3424
3425
3426
3427
3428
3429
3430
3431
3432
3433
3434
3435
3436
3437
3438
3439
3440
3441
3442
3443
3444
3445
3446
3447
3448
3449
3450
3451
3452
3453
3454
3455
3456
3457
3458
3459
3460
3461
3462
3463
3464
3465
3466
3467
3468
3469
3470
3471
3472
3473
3474
3475
3476
3477
3478
3479
3480
3481
3482
3483
3484
3485
3486
3487
3488
3489
3490
3491
3492
3493
3494
3495
3496
3497
3498
3499
3500
3501
3502
3503
3504
3505
3506
3507
3508
3509
3510
3511
3512
3513
3514
3515
3516
3517
3518
3519
3520
3521
3522
3523
3524
3525
3526
3527
3528
3529
3530
3531
3532
3533
3534
3535
3536
3537
3538
3539
3540
3541
3542
3543
3544
3545
3546
3547
3548
3549
3550
3551
3552
3553
3554
3555
3556
3557
3558
3559
3560
3561
3562
3563
3564
3565
3566
3567
3568
3569
3570
3571
3572
3573
3574
3575
3576
3577
3578
3579
3580
3581
3582
3583
3584
3585
3586
3587
3588
3589
3590
3591
3592
3593
3594
3595
3596
3597
3598
3599
3600
3601
3602
3603
3604
3605
3606
3607
3608
3609
3610
3611
3612
3613
3614
3615
3616
3617
3618
3619
3620
3621
3622
3623
3624
3625
3626
3627
3628
3629
3630
3631
3632
3633
3634
3635
3636
3637
3638
3639
3640
3641
3642
3643
3644
3645
3646
3647
3648
3649
3650
3651
3652
3653
3654
3655
3656
3657
3658
3659
3660
3661
3662
3663
3664
3665
3666
3667
3668
3669
3670
3671
3672
3673
3674
3675
3676
3677
3678
3679
3680
3681
3682
3683
3684
3685
3686
3687
3688
3689
3690
3691
3692
3693
3694
3695
3696
3697
3698
3699
3700
3701
3702
3703
3704
3705
3706
3707
3708
3709
3710
3711
3712
3713
3714
3715
3716
3717
3718
3719
3720
3721
3722
3723
3724
3725
3726
3727
3728
3729
3730
3731
3732
3733
3734
3735
3736
3737
3738
3739
3740
3741
3742
3743
3744
3745
3746
3747
3748
3749
3750
3751
3752
3753
3754
3755
3756
3757
3758
3759
3760
3761
3762
3763
3764
3765
3766
3767
3768
3769
3770
3771
3772
3773
3774
3775
3776
3777
3778
3779
3780
3781
3782
3783
3784
3785
3786
3787
3788
3789
3790
3791
3792
3793
3794
3795
3796
3797
3798
3799
3800
3801
3802
3803
3804
3805
3806
3807
3808
3809
3810
3811
3812
3813
3814
3815
3816
3817
3818
3819
3820
3821
3822
3823
3824
3825
3826
3827
3828
3829
3830
3831
3832
3833
3834
3835
3836
3837
3838
3839
3840
3841
3842
3843
3844
3845
3846
3847
3848
3849
3850
3851
3852
3853
3854
3855
3856
3857
3858
3859
3860
3861
3862
3863
3864
3865
3866
3867
3868
3869
3870
3871
3872
3873
3874
3875
3876
3877
3878
3879
3880
3881
3882
3883
3884
3885
3886
3887
3888
3889
3890
3891
3892
3893
3894
3895
3896
3897
3898
3899
3900
3901
3902
3903
3904
3905
3906
3907
3908
3909
3910
3911
3912
3913
3914
3915
3916
3917
3918
3919
3920
3921
3922
3923
3924
3925
3926
3927
3928
3929
3930
3931
3932
3933
3934
3935
3936
3937
3938
3939
3940
3941
3942
3943
3944
3945
3946
3947
3948
3949
3950
3951
3952
3953
3954
3955
3956
3957
3958
3959
3960
3961
3962
3963
3964
3965
3966
3967
3968
3969
3970
3971
3972
3973
3974
3975
3976
3977
3978
3979
3980
3981
3982
3983
3984
3985
3986
3987
3988
3989
3990
3991
3992
3993
3994
3995
3996
3997
3998
3999
4000
4001
4002
4003
4004
4005
4006
4007
4008
4009
4010
4011
4012
4013
4014
4015
4016
4017
4018
4019
4020
4021
4022
4023
4024
4025
4026
4027
4028
4029
4030
4031
4032
4033
4034
4035
4036
4037
4038
4039
4040
4041
4042
4043
4044
4045
4046
4047
4048
4049
4050
4051
4052
4053
4054
4055
4056
4057
4058
4059
4060
4061
4062
4063
4064
4065
4066
4067
4068
4069
4070
4071
4072
4073
4074
4075
4076
4077
4078
4079
4080
4081
4082
4083
4084
4085
4086
4087
4088
4089
4090
4091
4092
4093
4094
4095
4096
4097
4098
4099
4100
4101
4102
4103
4104
4105
4106
4107
4108
4109
4110
4111
4112
4113
4114
4115
4116
4117
4118
4119
4120
4121
4122
4123
4124
4125
4126
4127
4128
4129
4130
4131
4132
4133
4134
4135
4136
4137
4138
4139
4140
4141
4142
4143
4144
4145
4146
4147
4148
4149
4150
4151
4152
4153
4154
4155
4156
4157
4158
4159
4160
4161
4162
4163
4164
4165
4166
4167
4168
4169
4170
4171
4172
4173
4174
4175
4176
4177
4178
4179
4180
4181
4182
4183
4184
4185
4186
4187
4188
4189
4190
4191
4192
4193
4194
4195
4196
4197
4198
4199
4200
4201
4202
4203
4204
4205
4206
4207
4208
4209
4210
4211
4212
4213
4214
4215
4216
4217
4218
4219
4220
4221
4222
4223
4224
4225
4226
4227
4228
4229
4230
4231
4232
4233
4234
4235
4236
4237
4238
4239
4240
4241
4242
4243
4244
4245
4246
4247
4248
4249
4250
4251
4252
4253
4254
4255
4256
4257
4258
4259
4260
4261
4262
4263
4264
4265
4266
4267
4268
4269
4270
4271
4272
4273
4274
4275
4276
4277
4278
4279
4280
4281
4282
4283
4284
4285
4286
4287
4288
4289
4290
4291
4292
4293
4294
4295
4296
4297
4298
4299
4300
4301
4302
4303
4304
4305
4306
4307
4308
4309
4310
4311
4312
4313
4314
4315
4316
4317
4318
4319
4320
4321
4322
4323
4324
4325
4326
4327
4328
4329
4330
4331
4332
4333
4334
4335
4336
4337
4338
4339
4340
4341
4342
4343
4344
4345
4346
4347
4348
4349
4350
4351
4352
4353
4354
4355
4356
4357
4358
4359
4360
4361
4362
4363
4364
4365
4366
4367
4368
4369
4370
4371
4372
4373
4374
4375
4376
4377
4378
4379
4380
4381
4382
4383
4384
4385
4386
4387
4388
4389
4390
4391
4392
4393
4394
4395
4396
4397
4398
4399
4400
4401
4402
4403
4404
4405
4406
4407
4408
4409
4410
4411
4412
4413
4414
4415
4416
4417
4418
4419
4420
4421
4422
4423
4424
4425
4426
4427
4428
4429
4430
4431
4432
4433
4434
4435
4436
4437
4438
4439
4440
4441
4442
4443
4444
4445
4446
4447
4448
4449
4450
4451
4452
4453
4454
4455
4456
4457
4458
4459
4460
4461
4462
4463
4464
4465
4466
4467
4468
4469
4470
4471
4472
4473
4474
4475
4476
4477
4478
4479
4480
4481
4482
4483
4484
4485
4486
4487
4488
4489
4490
4491
4492
4493
4494
4495
4496
4497
4498
4499
4500
4501
4502
4503
4504
4505
4506
4507
4508
4509
4510
4511
4512
4513
4514
4515
4516
4517
4518
4519
4520
4521
4522
4523
4524
4525
4526
4527
4528
4529
4530
4531
4532
4533
4534
4535
4536
4537
4538
4539
4540
4541
4542
4543
4544
4545
4546
4547
4548
4549
4550
4551
4552
4553
4554
4555
4556
4557
4558
4559
4560
4561
4562
4563
4564
4565
4566
4567
4568
4569
4570
4571
4572
4573
4574
4575
4576
4577
4578
4579
4580
4581
4582
4583
4584
4585
4586
4587
4588
4589
4590
4591
4592
4593
4594
4595
4596
4597
4598
4599
4600
4601
4602
4603
4604
4605
4606
4607
4608
4609
4610
4611
4612
4613
4614
4615
4616
4617
4618
4619
4620
4621
4622
4623
4624
4625
4626
4627
4628
4629
4630
4631
4632
4633
4634
4635
4636
4637
4638
4639
4640
4641
4642
4643
4644
4645
4646
4647
4648
4649
4650
4651
4652
4653
4654
4655
4656
4657
4658
4659
4660
4661
4662
4663
4664
4665
4666
4667
4668
4669
4670
4671
4672
4673
4674
4675
4676
4677
4678
4679
4680
4681
4682
4683
4684
4685
4686
4687
4688
4689
4690
4691
4692
4693
4694
4695
4696
4697
4698
4699
4700
4701
4702
4703
4704
4705
4706
4707
4708
4709
4710
4711
4712
4713
4714
4715
4716
4717
4718
4719
4720
4721
4722
4723
4724
4725
4726
4727
4728
4729
4730
4731
4732
4733
4734
4735
4736
4737
4738
4739
4740
4741
4742
4743
4744
4745
4746
4747
4748
4749
4750
4751
4752
4753
4754
4755
4756
4757
4758
4759
4760
4761
4762
4763
4764
4765
4766
4767
4768
4769
4770
4771
4772
4773
4774
4775
4776
4777
4778
4779
4780
4781
4782
4783
4784
4785
4786
4787
4788
4789
4790
4791
4792
4793
4794
4795
4796
4797
4798
4799
4800
4801
4802
4803
4804
4805
4806
4807
4808
4809
4810
4811
4812
4813
4814
4815
4816
4817
4818
4819
4820
4821
4822
4823
4824
4825
4826
4827
4828
4829
4830
4831
4832
4833
4834
4835
4836
4837
4838
4839
4840
4841
4842
4843
4844
4845
4846
4847
4848
4849
4850
4851
4852
4853
4854
4855
4856
4857
4858
4859
4860
4861
4862
4863
4864
4865
4866
4867
4868
4869
4870
4871
4872
4873
4874
4875
4876
4877
4878
4879
4880
4881
4882
4883
4884
4885
4886
4887
4888
4889
4890
4891
4892
4893
4894
4895
4896
4897
4898
4899
4900
4901
4902
4903
4904
4905
4906
4907
4908
4909
4910
4911
4912
4913
4914
4915
4916
4917
4918
4919
4920
4921
4922
4923
4924
4925
4926
4927
4928
4929
4930
4931
4932
4933
4934
4935
4936
4937
4938
4939
4940
4941
4942
4943
4944
4945
4946
4947
4948
4949
4950
4951
4952
4953
4954
4955
4956
4957
4958
4959
4960
4961
4962
4963
4964
4965
4966
4967
4968
4969
4970
4971
4972
4973
4974
4975
4976
4977
4978
4979
4980
4981
4982
4983
4984
4985
4986
4987
4988
4989
4990
4991
4992
4993
4994
4995
4996
4997
4998
4999
5000
5001
5002
5003
5004
5005
5006
5007
5008
5009
5010
5011
5012
5013
5014
5015
5016
5017
5018
5019
5020
5021
5022
5023
5024
5025
5026
5027
5028
5029
5030
5031
5032
5033
5034
5035
5036
5037
5038
5039
5040
5041
5042
5043
5044
5045
5046
5047
5048
5049
5050
5051
5052
5053
5054
5055
5056
5057
5058
5059
5060
5061
5062
5063
5064
5065
5066
5067
5068
5069
5070
5071
5072
5073
5074
5075
5076
5077
5078
5079
5080
5081
5082
5083
5084
5085
5086
5087
5088
5089
5090
5091
5092
5093
5094
5095
5096
5097
5098
5099
5100
5101
5102
5103
5104
5105
5106
5107
5108
5109
5110
5111
5112
5113
5114
5115
5116
5117
5118
5119
5120
5121
5122
5123
5124
5125
5126
5127
5128
5129
5130
5131
5132
5133
5134
5135
5136
5137
5138
5139
5140
5141
5142
5143
5144
5145
5146
5147
5148
5149
5150
5151
5152
5153
5154
5155
5156
5157
5158
5159
5160
5161
5162
5163
5164
5165
5166
5167
5168
5169
5170
5171
5172
5173
5174
5175
5176
5177
5178
5179
5180
5181
5182
5183
5184
5185
5186
5187
5188
5189
5190
5191
5192
5193
5194
5195
5196
5197
5198
5199
5200
5201
5202
5203
5204
5205
5206
5207
5208
5209
5210
5211
5212
5213
5214
5215
5216
5217
5218
5219
5220
5221
5222
5223
5224
5225
5226
5227
5228
5229
5230
5231
5232
5233
5234
5235
5236
5237
5238
5239
5240
5241
5242
5243
5244
5245
5246
5247
5248
5249
5250
5251
5252
5253
5254
5255
5256
5257
5258
5259
5260
5261
5262
5263
5264
5265
5266
5267
5268
5269
5270
5271
5272
5273
5274
5275
5276
5277
5278
5279
5280
5281
5282
5283
5284
5285
5286
5287
5288
5289
5290
5291
5292
5293
5294
5295
5296
5297
5298
5299
5300
5301
5302
5303
5304
5305
5306
5307
5308
5309
5310
5311
5312
5313
5314
5315
5316
5317
5318
5319
5320
5321
5322
5323
5324
5325
5326
5327
5328
5329
5330
5331
5332
5333
5334
5335
5336
5337
5338
5339
5340
5341
5342
5343
5344
5345
5346
5347
5348
5349
5350
5351
5352
5353
5354
5355
5356
5357
5358
5359
5360
5361
5362
5363
5364
5365
5366
5367
5368
5369
5370
5371
5372
5373
5374
5375
5376
5377
5378
5379
5380
5381
5382
5383
5384
5385
5386
5387
5388
5389
5390
5391
5392
5393
5394
5395
5396
5397
5398
5399
5400
5401
5402
5403
5404
5405
5406
5407
5408
5409
5410
5411
5412
5413
5414
5415
5416
5417
5418
5419
5420
5421
5422
5423
5424
5425
5426
5427
5428
5429
5430
5431
5432
5433
5434
5435
5436
5437
5438
5439
5440
5441
5442
5443
5444
5445
5446
5447
5448
5449
5450
5451
5452
5453
5454
5455
5456
5457
5458
5459
5460
5461
5462
5463
5464
5465
5466
5467
5468
5469
5470
5471
5472
5473
5474
5475
5476
5477
5478
5479
5480
5481
5482
5483
5484
5485
5486
5487
5488
5489
5490
5491
5492
5493
5494
5495
5496
5497
5498
5499
5500
5501
5502
5503
5504
5505
5506
5507
5508
5509
5510
5511
5512
5513
5514
5515
5516
5517
5518
5519
5520
5521
5522
5523
5524
5525
5526
5527
5528
5529
5530
5531
5532
5533
5534
5535
5536
5537
5538
5539
5540
5541
5542
5543
5544
5545
5546
5547
5548
5549
5550
5551
5552
5553
5554
5555
5556
5557
5558
5559
5560
5561
5562
5563
5564
5565
5566
5567
5568
5569
5570
5571
5572
5573
5574
5575
5576
5577
5578
5579
5580
5581
5582
5583
5584
5585
5586
5587
5588
5589
5590
5591
5592
5593
5594
5595
5596
5597
5598
5599
5600
5601
5602
5603
5604
5605
5606
5607
5608
5609
5610
5611
5612
5613
5614
5615
5616
5617
5618
5619
5620
5621
5622
5623
5624
5625
5626
5627
5628
5629
5630
5631
5632
5633
5634
5635
5636
5637
5638
5639
5640
5641
5642
5643
5644
5645
5646
5647
5648
5649
5650
5651
5652
5653
5654
5655
5656
5657
5658
5659
5660
5661
5662
5663
5664
5665
5666
5667
5668
5669
5670
5671
5672
5673
5674
5675
5676
5677
5678
5679
5680
5681
5682
5683
5684
5685
5686
5687
5688
5689
5690
5691
5692
5693
5694
5695
5696
5697
5698
5699
5700
5701
5702
5703
5704
5705
5706
5707
5708
5709
5710
5711
5712
5713
5714
5715
5716
5717
5718
5719
5720
5721
5722
5723
5724
5725
5726
5727
5728
5729
5730
5731
5732
5733
5734
5735
5736
5737
5738
5739
5740
5741
5742
5743
5744
5745
5746
5747
5748
5749
5750
5751
5752
5753
5754
5755
5756
5757
5758
5759
5760
5761
5762
5763
5764
5765
5766
5767
5768
5769
5770
5771
5772
5773
5774
5775
5776
5777
5778
5779
5780
5781
5782
5783
5784
5785
5786
5787
5788
5789
5790
5791
5792
5793
5794
5795
5796
5797
5798
5799
5800
5801
5802
5803
5804
5805
5806
5807
5808
5809
5810
5811
5812
5813
5814
5815
5816
5817
5818
5819
5820
5821
5822
5823
5824
5825
5826
5827
5828
5829
5830
5831
5832
5833
5834
5835
5836
5837
5838
5839
5840
5841
5842
5843
5844
5845
5846
5847
5848
5849
5850
5851
5852
5853
5854
5855
5856
5857
5858
5859
5860
5861
5862
5863
5864
5865
5866
5867
5868
5869
5870
5871
5872
5873
5874
5875
5876
5877
5878
5879
5880
5881
5882
5883
5884
5885
5886
5887
5888
5889
5890
5891
5892
5893
5894
5895
5896
5897
5898
5899
5900
5901
5902
5903
5904
5905
5906
5907
5908
5909
5910
5911
5912
5913
5914
5915
5916
5917
5918
5919
5920
5921
5922
5923
5924
5925
5926
5927
5928
5929
5930
5931
5932
5933
5934
5935
5936
5937
5938
5939
5940
5941
5942
5943
5944
5945
5946
5947
5948
5949
5950
5951
5952
5953
5954
5955
5956
5957
5958
5959
5960
5961
5962
5963
5964
5965
5966
5967
5968
5969
5970
5971
5972
5973
5974
5975
5976
5977
5978
5979
5980
5981
5982
5983
5984
5985
5986
5987
5988
5989
5990
5991
5992
5993
5994
5995
5996
5997
5998
5999
6000
6001
6002
6003
6004
6005
6006
6007
6008
6009
6010
6011
6012
6013
6014
6015
6016
6017
6018
6019
6020
6021
6022
6023
6024
6025
6026
6027
6028
6029
6030
6031
6032
6033
6034
6035
6036
6037
6038
6039
6040
6041
6042
6043
6044
6045
6046
6047
6048
6049
6050
6051
6052
6053
6054
6055
6056
6057
6058
6059
6060
6061
6062
6063
6064
6065
6066
6067
6068
6069
6070
6071
6072
6073
6074
6075
6076
6077
6078
6079
6080
6081
6082
6083
6084
6085
6086
6087
6088
6089
6090
6091
6092
6093
6094
6095
6096
6097
6098
6099
6100
6101
6102
6103
6104
6105
6106
6107
6108
6109
6110
6111
6112
6113
6114
6115
6116
6117
6118
6119
6120
6121
6122
6123
6124
6125
6126
6127
6128
6129
6130
6131
6132
6133
6134
6135
6136
6137
6138
6139
6140
6141
6142
6143
6144
6145
6146
6147
6148
6149
6150
6151
6152
6153
6154
6155
6156
6157
6158
6159
6160
6161
6162
6163
6164
6165
6166
6167
6168
6169
6170
6171
6172
6173
6174
6175
6176
6177
6178
6179
6180
6181
6182
6183
6184
6185
6186
6187
6188
6189
6190
6191
6192
6193
6194
6195
6196
6197
6198
6199
6200
6201
6202
6203
6204
6205
6206
6207
6208
6209
6210
6211
6212
6213
6214
6215
6216
6217
6218
6219
6220
6221
6222
6223
6224
6225
6226
6227
6228
6229
6230
6231
6232
6233
6234
6235
6236
6237
6238
6239
6240
6241
6242
6243
6244
6245
6246
6247
6248
6249
6250
6251
6252
6253
6254
6255
6256
6257
6258
6259
6260
6261
6262
6263
6264
6265
6266
6267
6268
6269
6270
6271
6272
6273
6274
6275
6276
6277
6278
6279
6280
6281
6282
6283
6284
6285
6286
6287
6288
6289
6290
6291
6292
6293
6294
6295
6296
6297
6298
6299
6300
6301
6302
6303
6304
6305
6306
6307
6308
6309
6310
6311
6312
6313
6314
6315
6316
6317
6318
6319
6320
6321
6322
6323
6324
6325
6326
6327
6328
6329
6330
6331
6332
6333
6334
6335
6336
6337
6338
6339
6340
6341
6342
6343
6344
6345
6346
6347
6348
6349
6350
6351
6352
6353
6354
6355
6356
6357
6358
6359
6360
6361
6362
6363
6364
6365
6366
6367
6368
6369
6370
6371
6372
6373
6374
6375
6376
6377
6378
6379
6380
6381
6382
6383
6384
6385
6386
6387
6388
6389
6390
6391
6392
6393
6394
6395
6396
6397
6398
6399
6400
6401
6402
6403
6404
6405
6406
6407
6408
6409
6410
6411
6412
6413
6414
6415
6416
6417
6418
6419
6420
6421
6422
6423
6424
6425
6426
6427
6428
6429
6430
6431
6432
6433
6434
6435
6436
6437
6438
6439
6440
6441
6442
6443
6444
6445
6446
6447
6448
6449
6450
6451
6452
6453
6454
6455
6456
6457
6458
6459
6460
6461
6462
6463
6464
6465
6466
6467
6468
6469
6470
6471
6472
6473
6474
6475
6476
6477
6478
6479
6480
6481
6482
6483
6484
6485
6486
6487
6488
6489
6490
6491
6492
6493
6494
6495
6496
6497
6498
6499
6500
6501
6502
6503
6504
6505
6506
6507
6508
6509
6510
6511
6512
6513
6514
6515
6516
6517
6518
6519
6520
6521
6522
6523
6524
6525
6526
6527
6528
6529
6530
6531
6532
6533
6534
6535
6536
6537
6538
6539
6540
6541
6542
6543
6544
6545
6546
6547
6548
6549
6550
6551
6552
6553
6554
6555
6556
6557
6558
6559
6560
6561
6562
6563
6564
6565
6566
6567
6568
6569
6570
6571
6572
6573
6574
6575
6576
6577
6578
6579
6580
6581
6582
6583
6584
6585
6586
6587
6588
6589
6590
6591
6592
6593
6594
6595
6596
6597
6598
6599
6600
6601
6602
6603
6604
6605
6606
6607
6608
6609
6610
6611
6612
6613
6614
6615
6616
6617
6618
6619
6620
6621
6622
6623
6624
6625
6626
6627
6628
6629
6630
6631
6632
6633
6634
6635
6636
6637
6638
6639
6640
6641
6642
6643
6644
6645
6646
6647
6648
6649
6650
6651
6652
6653
6654
6655
6656
6657
6658
6659
6660
6661
6662
6663
6664
6665
6666
6667
6668
6669
6670
6671
6672
6673
6674
6675
6676
6677
6678
6679
6680
6681
6682
6683
6684
6685
6686
6687
6688
6689
6690
6691
6692
6693
6694
6695
6696
6697
6698
6699
6700
6701
6702
6703
6704
6705
6706
6707
6708
6709
6710
6711
6712
6713
6714
6715
6716
6717
6718
6719
6720
6721
6722
6723
6724
6725
6726
6727
6728
6729
6730
6731
6732
6733
6734
6735
6736
6737
6738
6739
6740
6741
6742
6743
6744
6745
6746
6747
6748
6749
6750
6751
6752
6753
6754
6755
6756
6757
6758
6759
6760
6761
6762
6763
6764
6765
6766
6767
6768
6769
6770
6771
6772
6773
6774
6775
6776
6777
6778
6779
6780
6781
6782
6783
6784
6785
6786
6787
6788
6789
6790
6791
6792
6793
6794
6795
6796
6797
6798
6799
6800
6801
6802
6803
6804
6805
6806
6807
6808
6809
6810
6811
6812
6813
6814
6815
6816
6817
6818
6819
6820
6821
6822
6823
6824
6825
6826
6827
6828
6829
6830
6831
6832
6833
6834
6835
6836
6837
6838
6839
6840
6841
6842
6843
6844
6845
6846
6847
6848
6849
6850
6851
6852
6853
6854
6855
6856
6857
6858
6859
6860
6861
6862
6863
6864
6865
6866
6867
6868
6869
6870
6871
6872
6873
6874
6875
6876
6877
6878
6879
6880
6881
6882
6883
6884
6885
6886
6887
6888
6889
6890
6891
6892
6893
6894
6895
6896
6897
6898
6899
6900
6901
6902
6903
6904
6905
6906
6907
6908
6909
6910
6911
6912
6913
6914
6915
6916
6917
6918
6919
6920
6921
6922
6923
6924
6925
6926
6927
6928
6929
6930
6931
6932
6933
6934
6935
6936
6937
6938
6939
6940
6941
6942
6943
6944
6945
6946
6947
6948
6949
6950
6951
6952
6953
6954
6955
6956
6957
6958
6959
6960
6961
6962
6963
6964
6965
6966
6967
6968
6969
6970
6971
6972
6973
6974
6975
6976
6977
6978
6979
6980
6981
6982
6983
6984
6985
6986
6987
6988
6989
6990
6991
6992
6993
6994
6995
6996
6997
6998
6999
7000
7001
7002
7003
7004
7005
7006
7007
7008
7009
7010
7011
7012
7013
7014
7015
7016
7017
7018
7019
7020
7021
7022
7023
7024
7025
7026
7027
7028
7029
7030
7031
7032
7033
7034
7035
7036
7037
7038
7039
7040
7041
7042
7043
7044
7045
7046
7047
7048
7049
7050
7051
7052
7053
7054
7055
7056
7057
7058
7059
7060
7061
7062
7063
7064
7065
7066
7067
7068
7069
7070
7071
7072
7073
7074
7075
7076
7077
7078
7079
7080
7081
7082
7083
7084
7085
7086
7087
7088
7089
7090
7091
7092
7093
7094
7095
7096
7097
7098
7099
7100
7101
7102
7103
7104
7105
7106
7107
7108
7109
7110
7111
7112
7113
7114
7115
7116
7117
7118
7119
7120
7121
7122
7123
7124
7125
7126
7127
7128
7129
7130
7131
7132
7133
7134
7135
7136
7137
7138
7139
7140
7141
7142
7143
7144
7145
7146
7147
7148
7149
7150
7151
7152
7153
7154
7155
7156
7157
7158
7159
7160
7161
7162
7163
7164
7165
7166
7167
7168
7169
7170
7171
7172
7173
7174
7175
7176
7177
7178
7179
7180
7181
7182
7183
7184
7185
7186
7187
7188
7189
7190
7191
7192
7193
7194
7195
7196
7197
7198
7199
7200
7201
7202
7203
7204
7205
7206
7207
7208
7209
7210
7211
7212
7213
7214
7215
7216
7217
7218
7219
7220
7221
7222
7223
7224
7225
7226
7227
7228
7229
7230
7231
7232
7233
7234
7235
7236
7237
7238
7239
7240
7241
7242
7243
7244
7245
7246
7247
7248
7249
7250
7251
7252
7253
7254
7255
7256
7257
7258
7259
7260
7261
7262
7263
7264
7265
7266
7267
7268
7269
7270
7271
7272
7273
7274
7275
7276
7277
7278
7279
7280
7281
7282
7283
7284
7285
7286
7287
7288
7289
7290
7291
7292
7293
7294
7295
7296
7297
7298
7299
7300
7301
7302
7303
7304
7305
7306
7307
7308
7309
7310
7311
7312
7313
7314
7315
7316
7317
7318
7319
7320
7321
7322
7323
7324
7325
7326
7327
7328
7329
7330
7331
7332
7333
7334
7335
7336
7337
7338
7339
7340
7341
7342
7343
7344
7345
7346
7347
7348
7349
7350
7351
7352
7353
7354
7355
7356
7357
7358
7359
7360
7361
7362
7363
7364
7365
7366
7367
7368
7369
7370
7371
7372
7373
7374
7375
7376
7377
7378
7379
7380
7381
7382
7383
7384
7385
7386
7387
7388
7389
7390
7391
7392
7393
7394
7395
7396
7397
7398
7399
7400
7401
7402
7403
7404
7405
7406
7407
7408
7409
7410
7411
7412
7413
7414
7415
7416
7417
7418
7419
7420
7421
7422
7423
7424
7425
7426
7427
7428
7429
7430
7431
7432
7433
7434
7435
7436
7437
7438
7439
7440
7441
7442
7443
7444
7445
7446
7447
7448
7449
7450
7451
7452
7453
7454
7455
7456
7457
7458
7459
7460
7461
7462
7463
7464
7465
7466
7467
7468
7469
7470
7471
7472
7473
7474
7475
7476
7477
7478
7479
7480
7481
7482
7483
7484
7485
7486
7487
7488
7489
7490
7491
7492
7493
7494
7495
7496
7497
7498
7499
7500
7501
7502
7503
7504
7505
7506
7507
7508
7509
7510
7511
7512
7513
7514
7515
7516
7517
7518
7519
7520
7521
7522
7523
7524
7525
7526
7527
7528
7529
7530
7531
7532
7533
7534
7535
7536
7537
7538
7539
7540
7541
7542
7543
7544
7545
7546
7547
7548
7549
7550
7551
7552
7553
7554
7555
7556
7557
7558
7559
7560
7561
7562
7563
7564
7565
7566
7567
7568
7569
7570
7571
7572
7573
7574
7575
7576
7577
7578
7579
7580
7581
7582
7583
7584
7585
7586
7587
7588
7589
7590
7591
7592
7593
7594
7595
7596
7597
7598
7599
7600
7601
7602
7603
7604
7605
7606
7607
7608
7609
7610
7611
7612
7613
7614
7615
7616
7617
7618
7619
7620
7621
7622
7623
7624
7625
7626
7627
7628
7629
7630
7631
7632
7633
7634
7635
7636
7637
7638
7639
7640
7641
7642
7643
7644
7645
7646
7647
7648
7649
7650
7651
7652
7653
7654
7655
7656
7657
7658
7659
7660
7661
7662
7663
7664
7665
7666
7667
7668
7669
7670
7671
7672
7673
7674
7675
7676
7677
7678
7679
7680
7681
7682
7683
7684
7685
7686
7687
7688
7689
7690
7691
7692
7693
7694
7695
7696
7697
7698
7699
7700
7701
7702
7703
7704
7705
7706
7707
7708
7709
7710
7711
7712
7713
7714
7715
7716
7717
7718
7719
7720
7721
7722
7723
7724
7725
7726
7727
7728
7729
7730
7731
7732
7733
7734
7735
7736
7737
7738
7739
7740
7741
7742
7743
7744
7745
7746
7747
7748
7749
7750
7751
7752
7753
7754
7755
7756
7757
7758
7759
7760
7761
7762
7763
7764
7765
7766
7767
7768
7769
7770
7771
7772
7773
7774
7775
7776
7777
7778
7779
7780
7781
7782
7783
7784
7785
7786
7787
7788
7789
7790
7791
7792
7793
7794
7795
7796
7797
7798
7799
7800
7801
7802
7803
7804
7805
7806
7807
7808
7809
7810
7811
7812
7813
7814
7815
7816
7817
7818
7819
7820
7821
7822
7823
7824
7825
7826
7827
7828
7829
7830
7831
7832
7833
7834
7835
7836
7837
7838
7839
7840
7841
7842
7843
7844
7845
7846
7847
7848
7849
7850
7851
7852
7853
7854
7855
7856
7857
7858
7859
7860
7861
7862
7863
7864
7865
7866
7867
7868
7869
7870
7871
7872
7873
7874
7875
7876
7877
7878
7879
7880
7881
7882
7883
7884
7885
7886
7887
7888
7889
7890
7891
7892
7893
7894
7895
7896
7897
7898
7899
7900
7901
7902
7903
7904
7905
7906
7907
7908
7909
7910
7911
7912
7913
7914
7915
7916
7917
7918
7919
7920
7921
7922
7923
7924
7925
7926
7927
7928
7929
7930
7931
7932
7933
7934
7935
7936
7937
7938
7939
7940
7941
7942
7943
7944
7945
7946
7947
7948
7949
7950
7951
7952
7953
7954
7955
7956
7957
7958
7959
7960
7961
7962
7963
7964
7965
7966
7967
7968
7969
7970
7971
7972
7973
7974
7975
7976
7977
7978
7979
7980
7981
7982
7983
7984
7985
7986
7987
7988
7989
7990
7991
7992
7993
7994
7995
7996
7997
7998
7999
8000
8001
8002
8003
8004
8005
8006
8007
8008
8009
8010
8011
8012
8013
8014
8015
8016
8017
8018
8019
8020
8021
8022
8023
8024
8025
8026
8027
8028
8029
8030
8031
8032
8033
8034
8035
8036
8037
8038
8039
8040
8041
8042
8043
8044
8045
8046
8047
8048
8049
8050
8051
8052
8053
8054
8055
8056
8057
8058
8059
8060
8061
8062
8063
8064
8065
8066
8067
8068
8069
8070
8071
8072
8073
8074
8075
8076
8077
8078
8079
8080
8081
8082
8083
8084
8085
8086
8087
8088
8089
8090
8091
8092
8093
8094
8095
8096
8097
8098
8099
8100
8101
8102
8103
8104
8105
8106
8107
8108
8109
8110
8111
8112
8113
8114
8115
8116
8117
8118
8119
8120
8121
8122
8123
8124
8125
8126
8127
8128
8129
8130
8131
8132
8133
8134
8135
8136
8137
8138
8139
8140
8141
8142
8143
8144
8145
8146
8147
8148
8149
8150
8151
8152
8153
8154
8155
8156
8157
8158
8159
8160
8161
8162
8163
8164
8165
8166
8167
8168
8169
8170
8171
8172
8173
8174
8175
8176
8177
8178
8179
8180
8181
8182
8183
8184
8185
8186
8187
8188
8189
8190
8191
8192
8193
8194
8195
8196
8197
8198
8199
8200
8201
8202
8203
8204
8205
8206
8207
8208
8209
8210
8211
8212
8213
8214
8215
8216
8217
8218
8219
8220
8221
8222
8223
8224
8225
8226
8227
8228
8229
8230
8231
8232
8233
8234
8235
8236
8237
8238
8239
8240
8241
8242
8243
8244
8245
8246
8247
8248
8249
8250
8251
8252
8253
8254
8255
8256
8257
8258
8259
8260
8261
8262
8263
8264
8265
8266
8267
8268
8269
8270
8271
8272
8273
8274
8275
8276
8277
8278
8279
8280
8281
8282
8283
8284
8285
8286
8287
8288
8289
8290
8291
8292
8293
8294
8295
8296
8297
8298
8299
8300
8301
8302
8303
8304
8305
8306
8307
8308
8309
8310
8311
8312
8313
8314
8315
8316
8317
8318
8319
8320
8321
8322
8323
8324
8325
8326
8327
8328
8329
8330
8331
8332
8333
8334
8335
8336
8337
8338
8339
8340
8341
8342
8343
8344
8345
8346
8347
8348
8349
8350
8351
8352
8353
8354
8355
8356
8357
8358
8359
8360
8361
8362
8363
8364
8365
8366
8367
8368
8369
8370
8371
8372
8373
8374
8375
8376
8377
8378
8379
8380
8381
8382
8383
8384
8385
8386
8387
8388
8389
8390
8391
8392
8393
8394
8395
8396
8397
8398
8399
8400
8401
8402
8403
8404
8405
8406
8407
8408
8409
8410
8411
8412
8413
8414
8415
8416
8417
8418
8419
8420
8421
8422
8423
8424
8425
8426
8427
8428
8429
8430
8431
8432
8433
8434
8435
8436
8437
8438
8439
8440
8441
8442
8443
8444
8445
8446
8447
8448
8449
8450
8451
8452
8453
8454
8455
8456
8457
8458
8459
8460
8461
8462
8463
8464
8465
8466
8467
8468
8469
8470
8471
8472
8473
8474
8475
8476
8477
8478
8479
8480
8481
8482
8483
8484
8485
8486
8487
8488
8489
8490
8491
8492
8493
8494
8495
8496
8497
8498
8499
8500
8501
8502
8503
8504
8505
8506
8507
8508
8509
8510
8511
8512
8513
8514
8515
8516
8517
8518
8519
8520
8521
8522
8523
8524
8525
8526
8527
8528
8529
8530
8531
8532
8533
8534
8535
8536
8537
8538
8539
8540
8541
8542
8543
8544
8545
8546
8547
8548
8549
8550
8551
8552
8553
8554
8555
8556
8557
8558
8559
8560
8561
8562
8563
8564
8565
8566
8567
8568
8569
8570
8571
8572
8573
8574
8575
8576
8577
8578
8579
8580
8581
8582
8583
8584
8585
8586
8587
8588
8589
8590
8591
8592
8593
8594
8595
8596
8597
8598
8599
8600
8601
8602
8603
8604
8605
8606
8607
8608
8609
8610
8611
8612
8613
8614
8615
8616
8617
8618
8619
8620
8621
8622
8623
8624
8625
8626
8627
8628
8629
8630
8631
8632
8633
8634
8635
8636
8637
8638
8639
8640
8641
8642
8643
8644
8645
8646
8647
8648
8649
8650
8651
8652
8653
8654
8655
8656
8657
8658
8659
8660
8661
8662
8663
8664
8665
8666
8667
8668
8669
8670
8671
8672
8673
8674
8675
8676
8677
8678
8679
8680
8681
8682
8683
8684
8685
8686
8687
8688
8689
8690
8691
8692
8693
8694
8695
8696
8697
8698
8699
8700
8701
8702
8703
8704
8705
8706
8707
8708
8709
8710
8711
8712
8713
8714
8715
8716
8717
8718
8719
8720
8721
8722
8723
8724
8725
8726
8727
8728
8729
8730
8731
8732
8733
8734
8735
8736
8737
8738
8739
8740
8741
8742
8743
8744
8745
8746
8747
8748
8749
8750
8751
8752
8753
8754
8755
8756
8757
8758
8759
8760
8761
8762
8763
8764
8765
8766
8767
8768
8769
8770
8771
8772
8773
8774
8775
8776
8777
8778
8779
8780
8781
8782
8783
8784
8785
8786
8787
8788
8789
8790
8791
8792
8793
8794
8795
8796
8797
8798
8799
8800
8801
8802
8803
8804
8805
8806
8807
8808
8809
8810
8811
8812
8813
8814
8815
8816
8817
8818
8819
8820
8821
8822
8823
8824
8825
8826
8827
8828
8829
8830
8831
8832
8833
8834
8835
8836
8837
8838
8839
8840
8841
8842
8843
8844
8845
8846
8847
8848
8849
8850
8851
8852
8853
8854
8855
8856
8857
8858
8859
8860
8861
8862
8863
8864
8865
8866
8867
8868
8869
8870
8871
8872
8873
8874
8875
8876
8877
8878
8879
8880
8881
8882
8883
8884
8885
8886
8887
8888
8889
8890
8891
8892
8893
8894
8895
8896
8897
8898
8899
8900
8901
8902
8903
8904
8905
8906
8907
8908
8909
8910
8911
8912
8913
8914
8915
8916
8917
8918
8919
8920
8921
8922
8923
8924
8925
8926
8927
8928
8929
8930
8931
8932
8933
8934
8935
8936
8937
8938
8939
8940
8941
8942
8943
8944
8945
8946
8947
8948
8949
8950
8951
8952
8953
8954
8955
8956
8957
8958
8959
8960
8961
8962
8963
8964
8965
8966
8967
8968
8969
8970
8971
8972
8973
8974
8975
8976
8977
8978
8979
8980
8981
8982
8983
8984
8985
8986
8987
8988
8989
8990
8991
8992
8993
8994
8995
8996
8997
8998
8999
9000
9001
9002
9003
9004
9005
9006
9007
9008
9009
9010
9011
9012
9013
9014
9015
9016
9017
9018
9019
9020
9021
9022
9023
9024
9025
9026
9027
9028
9029
9030
9031
9032
9033
9034
9035
9036
9037
9038
9039
9040
9041
9042
9043
9044
9045
9046
9047
9048
9049
9050
9051
9052
9053
9054
9055
9056
9057
9058
9059
9060
9061
9062
9063
9064
9065
9066
9067
9068
9069
9070
9071
9072
9073
9074
9075
9076
9077
9078
9079
9080
9081
9082
9083
9084
9085
9086
9087
9088
9089
9090
9091
9092
9093
9094
9095
9096
9097
9098
9099
9100
9101
9102
9103
9104
9105
9106
9107
9108
9109
9110
9111
9112
9113
9114
9115
9116
9117
9118
9119
9120
9121
9122
9123
9124
9125
9126
9127
9128
9129
9130
9131
9132
9133
9134
9135
9136
9137
9138
9139
9140
9141
9142
9143
9144
9145
9146
9147
9148
9149
9150
9151
9152
9153
9154
9155
9156
9157
9158
9159
9160
9161
9162
9163
9164
9165
9166
9167
9168
9169
9170
9171
9172
9173
9174
9175
9176
9177
9178
9179
9180
9181
9182
9183
9184
9185
9186
9187
9188
9189
9190
9191
9192
9193
9194
9195
9196
9197
9198
9199
9200
9201
9202
9203
9204
9205
9206
9207
9208
9209
9210
9211
9212
9213
9214
9215
9216
9217
9218
9219
9220
9221
9222
9223
9224
9225
9226
9227
9228
9229
9230
9231
9232
9233
9234
9235
9236
9237
9238
9239
9240
9241
9242
9243
9244
9245
9246
9247
9248
9249
9250
9251
9252
9253
9254
9255
9256
9257
9258
9259
9260
9261
9262
9263
9264
9265
9266
9267
9268
9269
9270
9271
9272
9273
9274
9275
9276
9277
9278
9279
9280
9281
9282
9283
9284
9285
9286
9287
9288
9289
9290
9291
9292
9293
9294
9295
9296
9297
9298
9299
9300
9301
9302
9303
9304
9305
9306
9307
9308
9309
9310
9311
9312
9313
9314
9315
9316
9317
9318
9319
9320
9321
9322
9323
9324
9325
9326
9327
9328
9329
9330
9331
9332
9333
9334
9335
9336
9337
9338
9339
9340
9341
9342
9343
9344
9345
9346
9347
9348
9349
9350
9351
9352
9353
9354
9355
9356
9357
9358
9359
9360
9361
9362
9363
9364
9365
9366
9367
9368
9369
9370
9371
9372
9373
9374
9375
9376
9377
9378
9379
9380
9381
9382
9383
9384
9385
9386
9387
9388
9389
9390
9391
9392
9393
9394
9395
9396
9397
9398
9399
9400
9401
9402
9403
9404
9405
9406
9407
9408
9409
9410
9411
9412
9413
9414
9415
9416
9417
9418
9419
9420
9421
9422
9423
9424
9425
9426
9427
9428
9429
9430
9431
9432
9433
9434
9435
9436
9437
9438
9439
9440
9441
9442
9443
9444
9445
9446
9447
9448
9449
9450
9451
9452
9453
9454
9455
9456
9457
9458
9459
9460
9461
9462
9463
9464
9465
9466
9467
9468
9469
9470
9471
9472
9473
9474
9475
9476
9477
9478
9479
9480
9481
9482
9483
9484
9485
9486
9487
9488
9489
9490
9491
9492
9493
9494
9495
9496
9497
9498
9499
9500
9501
9502
9503
9504
9505
9506
9507
9508
9509
9510
9511
9512
9513
9514
9515
9516
9517
9518
9519
9520
9521
9522
9523
9524
9525
9526
9527
9528
9529
9530
9531
9532
9533
9534
9535
9536
9537
9538
9539
9540
9541
9542
9543
9544
9545
9546
9547
9548
9549
9550
9551
9552
9553
9554
9555
9556
9557
9558
9559
9560
9561
9562
9563
9564
9565
9566
9567
9568
9569
9570
9571
9572
9573
9574
9575
9576
9577
9578
9579
9580
9581
9582
9583
9584
9585
9586
9587
9588
9589
9590
9591
9592
9593
9594
9595
9596
9597
9598
9599
9600
9601
9602
9603
9604
9605
9606
9607
9608
9609
9610
9611
9612
9613
9614
9615
9616
9617
9618
9619
9620
9621
9622
9623
9624
9625
9626
9627
9628
9629
9630
9631
9632
9633
9634
9635
9636
9637
9638
9639
9640
9641
9642
9643
9644
9645
9646
9647
9648
9649
9650
9651
9652
9653
9654
9655
9656
9657
9658
9659
9660
9661
9662
9663
9664
9665
9666
9667
9668
9669
9670
9671
9672
9673
9674
9675
9676
9677
9678
9679
9680
9681
9682
9683
9684
9685
9686
9687
9688
9689
9690
9691
9692
9693
9694
9695
9696
9697
9698
9699
9700
9701
9702
9703
9704
9705
9706
9707
9708
9709
9710
9711
9712
9713
9714
9715
9716
9717
9718
9719
9720
9721
9722
9723
9724
9725
9726
9727
9728
9729
9730
9731
9732
9733
9734
9735
9736
9737
9738
9739
9740
9741
9742
9743
9744
9745
9746
9747
9748
9749
9750
9751
9752
9753
9754
9755
9756
9757
9758
9759
9760
9761
9762
9763
9764
9765
9766
9767
9768
9769
9770
9771
9772
9773
9774
9775
9776
9777
9778
9779
9780
9781
9782
9783
9784
9785
9786
9787
9788
9789
9790
9791
9792
9793
9794
9795
9796
9797
9798
9799
9800
9801
9802
9803
9804
9805
9806
9807
9808
9809
9810
9811
9812
9813
9814
9815
9816
9817
9818
9819
9820
9821
9822
9823
9824
9825
9826
9827
9828
9829
9830
9831
9832
9833
9834
9835
9836
9837
9838
9839
9840
9841
9842
9843
9844
9845
9846
9847
9848
9849
9850
9851
9852
9853
9854
9855
9856
9857
9858
9859
9860
9861
9862
9863
9864
9865
9866
9867
9868
9869
9870
9871
9872
9873
9874
9875
9876
9877
9878
9879
9880
9881
9882
9883
9884
9885
9886
9887
9888
9889
9890
9891
9892
9893
9894
9895
9896
9897
9898
9899
9900
9901
9902
9903
9904
9905
9906
9907
9908
9909
9910
9911
9912
9913
9914
9915
9916
9917
9918
9919
9920
9921
9922
9923
9924
9925
9926
9927
9928
9929
9930
9931
9932
9933
9934
9935
9936
9937
9938
9939
9940
9941
9942
9943
9944
9945
9946
9947
9948
9949
9950
9951
9952
9953
9954
9955
9956
9957
9958
9959
9960
9961
9962
9963
9964
9965
9966
9967
9968
9969
9970
9971
9972
9973
9974
9975
9976
9977
9978
9979
9980
9981
9982
9983
9984
9985
9986
9987
9988
9989
9990
9991
9992
9993
9994
9995
9996
9997
9998
9999
10000
10001
10002
10003
10004
10005
10006
10007
10008
10009
10010
10011
10012
10013
10014
10015
10016
10017
10018
10019
10020
10021
10022
10023
10024
10025
10026
10027
10028
10029
10030
10031
10032
10033
10034
10035
10036
10037
10038
10039
10040
10041
10042
10043
10044
10045
10046
10047
10048
10049
10050
10051
10052
10053
10054
10055
10056
10057
10058
10059
10060
10061
10062
10063
10064
10065
10066
10067
10068
10069
10070
10071
10072
10073
10074
10075
10076
10077
10078
10079
10080
10081
10082
10083
10084
10085
10086
10087
10088
10089
10090
10091
10092
10093
10094
10095
10096
10097
10098
10099
10100
10101
10102
10103
10104
10105
10106
10107
10108
10109
10110
10111
10112
10113
10114
10115
10116
10117
10118
10119
10120
10121
10122
10123
10124
10125
10126
10127
10128
10129
10130
10131
10132
10133
10134
10135
10136
10137
10138
10139
10140
10141
10142
10143
10144
10145
10146
10147
10148
10149
10150
10151
10152
10153
10154
10155
10156
10157
10158
10159
10160
10161
10162
10163
10164
10165
10166
10167
10168
10169
10170
10171
10172
10173
10174
10175
10176
10177
10178
10179
10180
10181
10182
10183
10184
10185
10186
10187
10188
10189
10190
10191
10192
10193
10194
10195
10196
10197
10198
10199
10200
10201
10202
10203
10204
10205
10206
10207
10208
10209
10210
10211
10212
10213
10214
10215
10216
10217
10218
10219
10220
10221
10222
10223
10224
10225
10226
10227
10228
10229
10230
10231
10232
10233
10234
10235
10236
10237
10238
10239
10240
10241
10242
10243
10244
10245
10246
10247
10248
10249
10250
10251
10252
10253
10254
10255
10256
10257
10258
10259
10260
10261
10262
10263
10264
10265
10266
10267
10268
10269
10270
10271
10272
10273
10274
10275
10276
10277
10278
10279
10280
10281
10282
10283
10284
10285
10286
10287
10288
10289
10290
10291
10292
10293
10294
10295
10296
10297
10298
10299
10300
10301
10302
10303
10304
10305
10306
10307
10308
10309
10310
10311
10312
10313
10314
10315
10316
10317
10318
10319
10320
10321
10322
10323
10324
10325
10326
10327
10328
10329
10330
10331
10332
10333
10334
10335
10336
10337
10338
10339
10340
10341
10342
10343
10344
10345
10346
10347
10348
10349
10350
10351
10352
10353
10354
10355
10356
10357
10358
10359
10360
10361
10362
10363
10364
10365
10366
10367
10368
10369
10370
10371
10372
10373
10374
10375
10376
10377
10378
10379
10380
10381
10382
10383
10384
10385
10386
10387
10388
10389
10390
10391
10392
10393
10394
10395
10396
10397
10398
10399
10400
10401
10402
10403
10404
10405
10406
10407
10408
10409
10410
10411
10412
10413
10414
10415
10416
10417
10418
10419
10420
10421
10422
10423
10424
10425
10426
10427
10428
10429
10430
10431
10432
10433
10434
10435
10436
10437
10438
10439
10440
10441
10442
10443
10444
10445
10446
10447
10448
10449
10450
10451
10452
10453
10454
10455
10456
10457
10458
10459
10460
10461
10462
10463
10464
10465
10466
10467
10468
10469
10470
10471
10472
10473
10474
10475
10476
10477
10478
10479
10480
10481
10482
10483
10484
10485
10486
10487
10488
10489
10490
10491
10492
10493
10494
10495
10496
10497
10498
10499
10500
10501
10502
10503
10504
10505
10506
10507
10508
10509
10510
10511
10512
10513
10514
10515
10516
10517
10518
10519
10520
10521
10522
10523
10524
10525
10526
10527
10528
10529
10530
10531
10532
10533
10534
10535
10536
10537
10538
10539
10540
10541
10542
10543
10544
10545
10546
10547
10548
10549
10550
10551
10552
10553
10554
10555
10556
10557
10558
10559
10560
10561
10562
10563
10564
10565
10566
10567
10568
10569
10570
10571
10572
10573
10574
10575
10576
10577
10578
10579
10580
10581
10582
10583
10584
10585
10586
10587
10588
10589
10590
10591
10592
10593
10594
10595
10596
10597
10598
10599
10600
10601
10602
10603
10604
10605
10606
10607
10608
10609
10610
10611
10612
10613
10614
10615
10616
10617
10618
10619
10620
10621
10622
10623
10624
10625
10626
10627
10628
10629
10630
10631
10632
10633
10634
10635
10636
10637
10638
10639
10640
10641
10642
10643
10644
10645
10646
10647
10648
10649
10650
10651
10652
10653
10654
10655
10656
10657
10658
10659
10660
10661
10662
10663
10664
10665
10666
10667
10668
10669
10670
10671
10672
10673
10674
10675
10676
10677
10678
10679
10680
10681
10682
10683
10684
10685
10686
10687
10688
10689
10690
10691
10692
10693
10694
10695
10696
10697
10698
10699
10700
10701
10702
10703
10704
10705
10706
10707
10708
10709
10710
10711
10712
10713
10714
10715
10716
10717
10718
10719
10720
10721
10722
10723
10724
10725
10726
10727
10728
10729
10730
10731
10732
10733
10734
10735
10736
10737
10738
10739
10740
10741
10742
10743
10744
10745
10746
10747
10748
10749
10750
10751
10752
10753
10754
10755
10756
10757
10758
10759
10760
10761
10762
10763
10764
10765
10766
10767
10768
10769
10770
10771
10772
10773
10774
10775
10776
10777
10778
10779
10780
10781
10782
10783
10784
10785
10786
10787
10788
10789
10790
10791
10792
10793
10794
10795
10796
10797
10798
10799
10800
10801
10802
10803
10804
10805
10806
10807
10808
10809
10810
10811
10812
10813
10814
10815
10816
10817
10818
10819
10820
10821
10822
10823
10824
10825
10826
10827
10828
10829
10830
10831
10832
10833
10834
10835
10836
10837
10838
10839
10840
10841
10842
10843
10844
10845
10846
10847
10848
10849
10850
10851
10852
10853
10854
10855
10856
10857
10858
10859
10860
10861
10862
10863
10864
10865
10866
10867
10868
10869
10870
10871
10872
10873
10874
10875
10876
10877
10878
10879
10880
10881
10882
10883
10884
10885
10886
10887
10888
10889
10890
10891
10892
10893
10894
10895
10896
10897
10898
10899
10900
10901
10902
10903
10904
10905
10906
10907
10908
10909
10910
10911
10912
10913
10914
10915
10916
10917
10918
10919
10920
10921
10922
10923
10924
10925
10926
10927
10928
10929
10930
10931
10932
10933
10934
10935
10936
10937
10938
10939
10940
10941
10942
10943
10944
10945
10946
10947
10948
10949
10950
10951
10952
10953
10954
10955
10956
10957
10958
10959
10960
10961
10962
10963
10964
10965
10966
10967
10968
10969
10970
10971
10972
10973
10974
10975
10976
10977
10978
10979
10980
10981
10982
10983
10984
10985
10986
10987
10988
10989
10990
10991
10992
10993
10994
10995
10996
10997
10998
10999
11000
11001
11002
11003
11004
11005
11006
11007
11008
11009
11010
11011
11012
11013
11014
11015
11016
11017
11018
11019
11020
11021
11022
11023
11024
11025
11026
11027
11028
11029
11030
11031
11032
11033
11034
11035
11036
11037
11038
11039
11040
11041
11042
11043
11044
11045
11046
11047
11048
11049
11050
11051
11052
11053
11054
11055
11056
11057
11058
11059
11060
11061
11062
11063
11064
11065
11066
11067
11068
11069
11070
11071
11072
11073
11074
11075
11076
11077
11078
11079
11080
11081
11082
11083
11084
11085
11086
11087
11088
11089
11090
11091
11092
11093
11094
11095
11096
11097
11098
11099
11100
11101
11102
11103
11104
11105
11106
11107
11108
11109
11110
11111
11112
11113
11114
11115
11116
11117
11118
11119
11120
11121
11122
11123
11124
11125
11126
11127
11128
11129
11130
11131
11132
11133
11134
11135
11136
11137
11138
11139
11140
11141
11142
11143
11144
11145
11146
11147
11148
11149
11150
11151
11152
11153
11154
11155
11156
11157
11158
11159
11160
11161
11162
11163
11164
11165
11166
11167
11168
11169
11170
11171
11172
11173
11174
11175
11176
11177
11178
11179
11180
11181
11182
11183
11184
11185
11186
11187
11188
11189
11190
11191
11192
11193
11194
11195
11196
11197
11198
11199
11200
11201
11202
11203
11204
11205
11206
11207
11208
11209
11210
11211
11212
11213
11214
11215
11216
11217
11218
11219
11220
11221
11222
11223
11224
11225
11226
11227
11228
11229
11230
11231
11232
11233
11234
11235
11236
11237
11238
11239
11240
11241
11242
11243
11244
11245
11246
11247
11248
11249
11250
11251
11252
11253
11254
11255
11256
11257
11258
11259
11260
11261
11262
11263
11264
11265
11266
11267
11268
11269
11270
11271
11272
11273
11274
11275
11276
11277
11278
11279
11280
11281
11282
11283
11284
11285
11286
11287
11288
11289
11290
11291
11292
11293
11294
11295
11296
11297
11298
11299
11300
11301
11302
11303
11304
11305
11306
11307
11308
11309
11310
11311
11312
11313
11314
11315
11316
11317
11318
11319
11320
11321
11322
11323
11324
11325
11326
11327
11328
11329
11330
11331
11332
11333
11334
11335
11336
11337
11338
11339
11340
11341
11342
11343
11344
11345
11346
11347
11348
11349
11350
11351
11352
11353
11354
11355
11356
11357
11358
11359
11360
11361
11362
11363
11364
11365
11366
11367
11368
11369
11370
11371
11372
11373
11374
11375
11376
11377
11378
11379
11380
11381
11382
11383
11384
11385
11386
11387
11388
11389
11390
11391
11392
11393
11394
11395
11396
11397
11398
11399
11400
11401
11402
11403
11404
11405
11406
11407
11408
11409
11410
11411
11412
11413
11414
11415
11416
11417
11418
11419
11420
11421
11422
11423
11424
11425
11426
11427
11428
11429
11430
11431
11432
11433
11434
11435
11436
11437
11438
11439
11440
11441
11442
11443
11444
11445
11446
11447
11448
11449
11450
11451
11452
11453
11454
11455
11456
11457
11458
11459
11460
11461
11462
11463
11464
11465
11466
11467
11468
11469
11470
11471
11472
11473
11474
11475
11476
11477
11478
11479
11480
11481
11482
11483
11484
11485
11486
11487
11488
11489
11490
11491
11492
11493
11494
11495
11496
11497
11498
11499
11500
11501
11502
11503
11504
11505
11506
11507
11508
11509
11510
11511
11512
11513
11514
11515
11516
11517
11518
11519
11520
11521
11522
11523
11524
11525
11526
11527
11528
11529
11530
11531
11532
11533
11534
11535
11536
11537
11538
11539
11540
11541
11542
11543
11544
11545
11546
11547
11548
11549
11550
11551
11552
11553
11554
11555
11556
11557
11558
11559
11560
11561
11562
11563
11564
11565
11566
11567
11568
11569
11570
11571
11572
11573
11574
11575
11576
11577
11578
11579
11580
11581
11582
11583
11584
11585
11586
11587
11588
11589
11590
11591
11592
11593
11594
11595
11596
11597
11598
11599
11600
11601
11602
11603
11604
11605
11606
11607
11608
11609
11610
11611
11612
11613
11614
11615
11616
11617
11618
11619
11620
11621
11622
11623
11624
11625
11626
11627
11628
11629
11630
11631
11632
11633
11634
11635
11636
11637
11638
11639
11640
11641
11642
11643
11644
11645
11646
11647
11648
11649
11650
11651
11652
11653
11654
11655
11656
11657
11658
11659
11660
11661
11662
11663
11664
11665
11666
11667
11668
11669
11670
11671
11672
11673
11674
11675
11676
11677
11678
11679
11680
11681
11682
11683
11684
11685
11686
11687
11688
11689
11690
11691
11692
11693
11694
11695
11696
11697
11698
11699
11700
11701
11702
11703
11704
11705
11706
11707
11708
11709
11710
11711
11712
11713
11714
11715
11716
11717
11718
11719
11720
11721
11722
11723
11724
11725
11726
11727
11728
11729
11730
11731
11732
11733
11734
11735
11736
11737
11738
11739
11740
11741
11742
11743
11744
11745
11746
11747
11748
11749
11750
11751
11752
11753
11754
11755
11756
11757
11758
11759
11760
11761
11762
11763
11764
11765
11766
11767
11768
11769
11770
11771
11772
11773
11774
11775
11776
11777
11778
11779
11780
11781
11782
11783
11784
11785
11786
11787
11788
11789
11790
11791
11792
11793
11794
11795
11796
11797
11798
11799
11800
11801
11802
11803
11804
11805
11806
11807
11808
11809
11810
11811
11812
11813
11814
11815
11816
11817
11818
11819
11820
11821
11822
11823
11824
11825
11826
11827
11828
11829
11830
11831
11832
11833
11834
11835
11836
11837
11838
11839
11840
11841
11842
11843
11844
11845
11846
11847
11848
11849
11850
11851
11852
11853
11854
11855
11856
11857
11858
11859
11860
11861
11862
11863
11864
11865
11866
11867
11868
11869
11870
11871
11872
11873
11874
11875
11876
11877
11878
11879
11880
11881
11882
11883
11884
11885
11886
11887
11888
11889
11890
11891
11892
11893
11894
11895
11896
11897
11898
11899
11900
11901
11902
11903
11904
11905
11906
11907
11908
11909
11910
11911
11912
11913
11914
11915
11916
11917
11918
11919
11920
11921
11922
11923
11924
11925
11926
11927
11928
11929
11930
11931
11932
11933
11934
11935
11936
11937
11938
11939
11940
11941
11942
11943
11944
11945
11946
11947
11948
11949
11950
11951
11952
11953
11954
11955
11956
11957
11958
11959
11960
11961
11962
11963
11964
11965
11966
11967
11968
11969
11970
11971
11972
11973
11974
11975
11976
11977
11978
11979
11980
11981
11982
11983
11984
11985
11986
11987
11988
11989
11990
11991
11992
11993
11994
11995
11996
11997
11998
11999
12000
12001
12002
12003
12004
12005
12006
12007
12008
12009
12010
12011
12012
12013
12014
12015
12016
12017
12018
12019
12020
12021
12022
12023
12024
12025
12026
12027
12028
12029
12030
12031
12032
12033
12034
12035
12036
12037
12038
12039
12040
12041
12042
12043
12044
12045
12046
12047
12048
12049
12050
12051
12052
12053
12054
12055
12056
12057
12058
12059
12060
12061
12062
12063
12064
12065
12066
12067
12068
12069
12070
12071
12072
12073
12074
12075
12076
12077
12078
12079
12080
12081
12082
12083
12084
12085
12086
12087
12088
12089
12090
12091
12092
12093
12094
12095
12096
12097
12098
12099
12100
12101
12102
12103
12104
12105
12106
12107
12108
12109
12110
12111
12112
12113
12114
12115
12116
12117
12118
12119
12120
12121
12122
12123
12124
12125
12126
12127
12128
12129
12130
12131
12132
12133
12134
12135
12136
12137
12138
12139
12140
12141
12142
12143
12144
12145
12146
12147
12148
12149
12150
12151
12152
12153
12154
12155
12156
12157
12158
12159
12160
12161
12162
12163
12164
12165
12166
12167
12168
12169
12170
12171
12172
12173
12174
12175
12176
12177
12178
12179
12180
12181
12182
12183
12184
12185
12186
12187
12188
12189
12190
12191
12192
12193
12194
12195
12196
12197
12198
12199
12200
12201
12202
12203
12204
12205
12206
12207
12208
12209
12210
12211
12212
12213
12214
12215
12216
12217
12218
12219
12220
12221
12222
12223
12224
12225
12226
12227
12228
12229
12230
12231
12232
12233
12234
12235
12236
12237
12238
12239
12240
12241
12242
12243
12244
12245
12246
12247
12248
12249
12250
12251
12252
12253
12254
12255
12256
12257
12258
12259
12260
12261
12262
12263
12264
12265
12266
12267
12268
12269
12270
12271
12272
12273
12274
12275
12276
12277
12278
12279
12280
12281
12282
12283
12284
12285
12286
12287
12288
12289
12290
12291
12292
12293
12294
12295
12296
12297
12298
12299
12300
12301
12302
12303
12304
12305
12306
12307
12308
12309
12310
12311
12312
12313
12314
12315
12316
12317
12318
12319
12320
12321
12322
12323
12324
12325
12326
12327
12328
12329
12330
12331
12332
12333
12334
12335
12336
12337
12338
12339
12340
12341
12342
12343
12344
12345
12346
12347
12348
12349
12350
12351
12352
12353
12354
12355
12356
12357
12358
12359
12360
12361
12362
12363
12364
12365
12366
12367
12368
12369
12370
12371
12372
12373
12374
12375
12376
12377
12378
12379
12380
12381
12382
12383
12384
12385
12386
12387
12388
12389
12390
12391
12392
12393
12394
12395
12396
12397
12398
12399
12400
12401
12402
12403
12404
12405
12406
12407
12408
12409
12410
12411
12412
12413
12414
12415
12416
12417
12418
12419
12420
12421
12422
12423
12424
12425
12426
12427
12428
12429
12430
12431
12432
12433
12434
12435
12436
12437
12438
12439
12440
12441
12442
12443
12444
12445
12446
12447
12448
12449
12450
12451
12452
12453
12454
12455
12456
12457
12458
12459
12460
12461
12462
12463
12464
12465
12466
12467
12468
12469
12470
12471
12472
12473
12474
12475
12476
12477
12478
12479
12480
12481
12482
12483
12484
12485
12486
12487
12488
12489
12490
12491
12492
12493
12494
12495
12496
12497
12498
12499
12500
12501
12502
12503
12504
12505
12506
12507
12508
12509
12510
12511
12512
12513
12514
12515
12516
12517
12518
12519
12520
12521
12522
12523
12524
12525
12526
12527
12528
12529
12530
12531
12532
12533
12534
12535
12536
12537
12538
12539
12540
12541
12542
12543
12544
12545
12546
12547
12548
12549
12550
12551
12552
12553
12554
12555
12556
12557
12558
12559
12560
12561
12562
12563
12564
12565
12566
12567
12568
12569
12570
12571
12572
12573
12574
12575
12576
12577
12578
12579
12580
12581
12582
12583
12584
12585
12586
12587
12588
12589
12590
12591
12592
12593
12594
12595
12596
12597
12598
12599
12600
12601
12602
12603
12604
12605
12606
12607
12608
12609
12610
12611
12612
12613
12614
12615
12616
12617
12618
12619
12620
12621
12622
12623
12624
12625
12626
12627
12628
12629
12630
12631
12632
12633
12634
12635
12636
12637
12638
12639
12640
12641
12642
12643
12644
12645
12646
12647
12648
12649
12650
12651
12652
12653
12654
12655
12656
12657
12658
12659
12660
12661
12662
12663
12664
12665
12666
12667
12668
12669
12670
12671
12672
12673
12674
12675
12676
12677
12678
12679
12680
12681
12682
12683
12684
12685
12686
12687
12688
12689
12690
12691
12692
12693
12694
12695
12696
12697
12698
12699
12700
12701
12702
12703
12704
12705
12706
12707
12708
12709
12710
12711
12712
12713
12714
12715
12716
12717
12718
12719
12720
12721
12722
12723
12724
12725
12726
12727
12728
12729
12730
12731
12732
12733
12734
12735
12736
12737
12738
12739
12740
12741
12742
12743
12744
12745
12746
12747
12748
12749
12750
12751
12752
12753
12754
12755
12756
12757
12758
12759
12760
12761
12762
12763
12764
12765
12766
12767
12768
12769
12770
12771
12772
12773
12774
12775
12776
12777
12778
12779
12780
12781
12782
12783
12784
12785
12786
12787
12788
12789
12790
12791
12792
12793
12794
12795
12796
12797
12798
12799
12800
12801
12802
12803
12804
12805
12806
12807
12808
12809
12810
12811
12812
12813
12814
12815
12816
12817
12818
12819
12820
12821
12822
12823
12824
12825
12826
12827
12828
12829
12830
12831
12832
12833
12834
12835
12836
12837
12838
12839
12840
12841
12842
12843
12844
12845
12846
12847
12848
12849
12850
12851
12852
12853
12854
12855
12856
12857
12858
12859
12860
12861
12862
12863
12864
12865
12866
12867
12868
12869
12870
12871
12872
12873
12874
12875
12876
12877
12878
12879
12880
12881
12882
12883
12884
12885
12886
12887
12888
12889
12890
12891
12892
12893
12894
12895
12896
12897
12898
12899
12900
12901
12902
12903
12904
12905
12906
12907
12908
12909
12910
12911
12912
12913
12914
12915
12916
12917
12918
12919
12920
12921
12922
12923
12924
12925
12926
12927
12928
12929
12930
12931
12932
12933
12934
12935
12936
12937
12938
12939
12940
12941
12942
12943
12944
12945
12946
12947
12948
12949
12950
12951
12952
12953
12954
12955
12956
12957
12958
12959
12960
12961
12962
12963
12964
12965
12966
12967
12968
12969
12970
12971
12972
12973
12974
12975
12976
12977
12978
12979
12980
12981
12982
12983
12984
12985
12986
12987
12988
12989
12990
12991
12992
12993
12994
12995
12996
12997
12998
12999
13000
13001
13002
13003
13004
13005
13006
13007
13008
13009
13010
13011
13012
13013
13014
13015
13016
13017
13018
13019
13020
13021
13022
13023
13024
13025
13026
13027
13028
13029
13030
13031
13032
13033
13034
13035
13036
13037
13038
13039
13040
13041
13042
13043
13044
13045
13046
13047
13048
13049
13050
13051
13052
13053
13054
13055
13056
13057
13058
13059
13060
13061
13062
13063
13064
13065
13066
13067
13068
13069
13070
13071
13072
13073
13074
13075
13076
13077
13078
13079
13080
13081
13082
13083
13084
13085
13086
13087
13088
13089
13090
13091
13092
13093
13094
13095
13096
13097
13098
13099
13100
13101
13102
13103
13104
13105
13106
13107
13108
13109
13110
13111
13112
13113
13114
13115
13116
13117
13118
13119
13120
13121
13122
13123
13124
13125
13126
13127
13128
13129
13130
13131
13132
13133
13134
13135
13136
13137
13138
13139
13140
13141
13142
13143
13144
13145
13146
13147
13148
13149
13150
13151
13152
13153
13154
13155
13156
13157
13158
13159
13160
13161
13162
13163
13164
13165
13166
13167
13168
13169
13170
13171
13172
13173
13174
13175
13176
13177
13178
13179
13180
13181
13182
13183
13184
13185
13186
13187
13188
13189
13190
13191
13192
13193
13194
13195
13196
13197
13198
13199
13200
13201
13202
13203
13204
13205
13206
13207
13208
13209
13210
13211
13212
13213
13214
13215
13216
13217
13218
13219
13220
13221
13222
13223
13224
13225
13226
13227
13228
13229
13230
13231
13232
13233
13234
13235
13236
13237
13238
13239
13240
13241
13242
13243
13244
13245
13246
13247
13248
13249
13250
13251
13252
13253
13254
13255
13256
13257
13258
13259
13260
13261
13262
13263
13264
13265
13266
13267
13268
13269
13270
13271
13272
13273
13274
13275
13276
13277
13278
13279
13280
13281
13282
13283
13284
13285
13286
13287
13288
13289
13290
13291
13292
13293
13294
13295
13296
13297
13298
13299
13300
13301
13302
13303
13304
13305
13306
13307
13308
13309
13310
13311
13312
13313
13314
13315
13316
13317
13318
13319
13320
13321
13322
13323
13324
13325
13326
13327
13328
13329
13330
13331
13332
13333
13334
13335
13336
13337
13338
13339
13340
13341
13342
13343
13344
13345
13346
13347
13348
13349
13350
13351
13352
13353
13354
13355
13356
13357
13358
13359
13360
13361
13362
13363
13364
13365
13366
13367
13368
13369
13370
13371
13372
13373
13374
13375
13376
13377
13378
13379
13380
13381
13382
13383
13384
13385
13386
13387
13388
13389
13390
13391
13392
13393
13394
13395
13396
13397
13398
13399
13400
13401
13402
13403
13404
13405
13406
13407
13408
13409
13410
13411
13412
13413
13414
13415
13416
13417
13418
13419
13420
13421
13422
13423
13424
13425
13426
13427
13428
13429
13430
13431
13432
13433
13434
13435
13436
13437
13438
13439
13440
13441
13442
13443
13444
13445
13446
13447
13448
13449
13450
13451
13452
13453
13454
13455
13456
13457
13458
13459
13460
13461
13462
13463
13464
13465
13466
13467
13468
13469
13470
13471
13472
13473
13474
13475
13476
13477
13478
13479
13480
13481
13482
13483
13484
13485
13486
13487
13488
13489
13490
13491
13492
13493
13494
13495
13496
13497
13498
13499
13500
13501
13502
13503
13504
13505
13506
13507
13508
13509
13510
13511
13512
13513
13514
13515
13516
13517
13518
13519
13520
13521
13522
13523
13524
13525
13526
13527
13528
13529
13530
13531
13532
13533
13534
13535
13536
13537
13538
13539
13540
13541
13542
13543
13544
13545
13546
13547
13548
13549
13550
13551
13552
13553
13554
13555
13556
13557
13558
13559
13560
13561
13562
13563
13564
13565
13566
13567
13568
13569
13570
13571
13572
13573
13574
13575
13576
13577
13578
13579
13580
13581
13582
13583
13584
13585
13586
13587
13588
13589
13590
13591
13592
13593
13594
13595
13596
13597
13598
13599
13600
13601
13602
13603
13604
13605
13606
13607
13608
13609
13610
13611
13612
13613
13614
13615
13616
13617
13618
13619
13620
13621
13622
13623
13624
13625
13626
13627
13628
13629
13630
13631
13632
13633
13634
13635
13636
13637
13638
13639
13640
13641
13642
13643
13644
13645
13646
13647
13648
13649
13650
13651
13652
13653
13654
13655
13656
13657
13658
13659
13660
13661
13662
13663
13664
13665
13666
13667
13668
13669
13670
13671
13672
13673
13674
13675
13676
13677
13678
13679
13680
13681
13682
13683
13684
13685
13686
13687
13688
13689
13690
13691
13692
13693
13694
13695
13696
13697
13698
13699
13700
13701
13702
13703
13704
13705
13706
13707
13708
13709
13710
13711
13712
13713
13714
13715
13716
13717
13718
13719
13720
13721
13722
13723
13724
13725
13726
13727
13728
13729
13730
13731
13732
13733
13734
13735
13736
13737
13738
13739
13740
13741
13742
13743
13744
13745
13746
13747
13748
13749
13750
13751
13752
13753
13754
13755
13756
13757
13758
13759
13760
13761
13762
13763
13764
13765
13766
13767
13768
13769
13770
13771
13772
13773
13774
13775
13776
13777
13778
13779
13780
13781
13782
13783
13784
13785
13786
13787
13788
13789
13790
13791
13792
13793
13794
13795
13796
13797
13798
13799
13800
13801
13802
13803
13804
13805
13806
13807
13808
13809
13810
13811
13812
13813
13814
13815
13816
13817
13818
13819
13820
13821
13822
13823
13824
13825
13826
13827
13828
13829
13830
13831
13832
13833
13834
13835
13836
13837
13838
13839
13840
13841
13842
13843
13844
13845
13846
13847
13848
13849
13850
13851
13852
13853
13854
13855
13856
13857
13858
13859
13860
13861
13862
13863
13864
13865
13866
13867
13868
13869
13870
13871
13872
13873
13874
13875
13876
13877
13878
13879
13880
13881
13882
13883
13884
13885
13886
13887
13888
13889
13890
13891
13892
13893
13894
13895
13896
13897
13898
13899
13900
13901
13902
13903
13904
13905
13906
13907
13908
13909
13910
13911
13912
13913
13914
13915
13916
13917
13918
13919
13920
13921
13922
13923
13924
13925
13926
13927
13928
13929
13930
13931
13932
13933
13934
13935
13936
13937
13938
13939
13940
13941
13942
13943
13944
13945
13946
13947
13948
13949
13950
13951
13952
13953
13954
13955
13956
13957
13958
13959
13960
13961
13962
13963
13964
13965
13966
13967
13968
13969
13970
13971
13972
13973
13974
13975
13976
13977
13978
13979
13980
13981
13982
13983
13984
13985
13986
13987
13988
13989
13990
13991
13992
13993
13994
13995
13996
13997
13998
13999
14000
14001
14002
14003
14004
14005
14006
14007
14008
14009
14010
14011
14012
14013
14014
14015
14016
14017
14018
14019
14020
14021
14022
14023
14024
14025
14026
14027
14028
14029
14030
14031
14032
14033
14034
14035
14036
14037
14038
14039
14040
14041
14042
14043
14044
14045
14046
14047
14048
14049
14050
14051
14052
14053
14054
14055
14056
14057
14058
14059
14060
14061
14062
14063
14064
14065
14066
14067
14068
14069
14070
14071
14072
14073
14074
14075
14076
14077
14078
14079
14080
14081
14082
14083
14084
14085
14086
14087
14088
14089
14090
14091
14092
14093
14094
14095
14096
14097
14098
14099
14100
14101
14102
14103
14104
14105
14106
14107
14108
14109
14110
14111
14112
14113
14114
14115
14116
14117
14118
14119
14120
14121
14122
14123
14124
14125
14126
14127
14128
14129
14130
14131
14132
14133
14134
14135
14136
14137
14138
14139
14140
14141
14142
14143
14144
14145
14146
14147
14148
14149
14150
14151
14152
14153
14154
14155
14156
14157
14158
14159
14160
14161
14162
14163
14164
14165
14166
14167
14168
14169
14170
14171
14172
14173
14174
14175
14176
14177
14178
14179
14180
14181
14182
14183
14184
14185
14186
14187
14188
14189
14190
14191
14192
14193
14194
14195
14196
14197
14198
14199
14200
14201
14202
14203
14204
14205
14206
14207
14208
14209
14210
14211
14212
14213
14214
14215
14216
14217
14218
14219
14220
14221
14222
14223
14224
14225
14226
14227
14228
14229
14230
14231
14232
14233
14234
14235
14236
14237
14238
14239
14240
14241
14242
14243
14244
14245
14246
14247
14248
14249
14250
14251
14252
14253
14254
14255
14256
14257
14258
14259
14260
14261
14262
14263
14264
14265
14266
14267
14268
14269
14270
14271
14272
14273
14274
14275
14276
14277
14278
14279
14280
14281
14282
14283
14284
14285
14286
14287
14288
14289
14290
14291
14292
14293
14294
14295
14296
14297
14298
14299
14300
14301
14302
14303
14304
14305
14306
14307
14308
14309
14310
14311
14312
14313
14314
14315
14316
14317
14318
14319
14320
14321
14322
14323
14324
14325
14326
14327
14328
14329
14330
14331
14332
14333
14334
14335
14336
14337
14338
14339
14340
14341
14342
14343
14344
14345
14346
14347
14348
14349
14350
14351
14352
14353
14354
14355
14356
14357
14358
14359
14360
14361
14362
14363
14364
14365
14366
14367
14368
14369
14370
14371
14372
14373
14374
14375
14376
14377
14378
14379
14380
14381
14382
14383
14384
14385
14386
14387
14388
14389
14390
14391
14392
14393
14394
14395
14396
14397
14398
14399
14400
14401
14402
14403
14404
14405
14406
14407
14408
14409
14410
14411
14412
14413
14414
14415
14416
14417
14418
14419
14420
14421
14422
14423
14424
14425
14426
14427
14428
14429
14430
14431
14432
14433
14434
14435
14436
14437
14438
14439
14440
14441
14442
14443
14444
14445
14446
14447
14448
14449
14450
14451
14452
14453
14454
14455
14456
14457
14458
14459
14460
14461
14462
14463
14464
14465
14466
14467
14468
14469
14470
14471
14472
14473
14474
14475
14476
14477
14478
14479
14480
14481
14482
14483
14484
14485
14486
14487
14488
14489
14490
14491
14492
14493
14494
14495
14496
14497
14498
14499
14500
14501
14502
14503
14504
14505
14506
14507
14508
14509
14510
14511
14512
14513
14514
14515
14516
14517
14518
14519
14520
14521
14522
14523
14524
14525
14526
14527
14528
14529
14530
14531
14532
14533
14534
14535
14536
14537
14538
14539
14540
14541
14542
14543
14544
14545
14546
14547
14548
14549
14550
14551
14552
14553
14554
14555
14556
14557
14558
14559
14560
14561
14562
14563
14564
14565
14566
14567
14568
14569
14570
14571
14572
14573
14574
14575
14576
14577
14578
14579
14580
14581
14582
14583
14584
14585
14586
14587
14588
14589
14590
14591
14592
14593
14594
14595
14596
14597
14598
14599
14600
14601
14602
14603
14604
14605
14606
14607
14608
14609
14610
14611
14612
14613
14614
14615
14616
14617
14618
14619
14620
14621
14622
14623
14624
14625
14626
14627
14628
14629
14630
14631
14632
14633
14634
14635
14636
14637
14638
14639
14640
14641
14642
14643
14644
14645
14646
14647
14648
14649
14650
14651
14652
14653
14654
14655
14656
14657
14658
14659
14660
14661
14662
14663
14664
14665
14666
14667
14668
14669
14670
14671
14672
14673
14674
14675
14676
14677
14678
14679
14680
14681
14682
14683
14684
14685
14686
14687
14688
14689
14690
14691
14692
14693
14694
14695
14696
14697
14698
14699
14700
14701
14702
14703
14704
14705
14706
14707
14708
14709
14710
14711
14712
14713
14714
14715
14716
14717
14718
14719
14720
14721
14722
14723
14724
14725
14726
14727
14728
14729
14730
14731
14732
14733
14734
14735
14736
14737
14738
14739
14740
14741
14742
14743
14744
14745
14746
14747
14748
14749
14750
14751
14752
14753
14754
14755
14756
14757
14758
14759
14760
14761
14762
14763
14764
14765
14766
14767
14768
14769
14770
14771
14772
14773
14774
14775
14776
14777
14778
14779
14780
14781
14782
14783
14784
14785
14786
14787
14788
14789
14790
14791
14792
14793
14794
14795
14796
14797
14798
14799
14800
14801
14802
14803
14804
14805
14806
14807
14808
14809
14810
14811
14812
14813
14814
14815
14816
14817
14818
14819
14820
14821
14822
14823
14824
14825
14826
14827
14828
14829
14830
14831
14832
14833
14834
14835
14836
14837
14838
14839
14840
14841
14842
14843
14844
14845
14846
14847
14848
14849
14850
14851
14852
14853
14854
14855
14856
14857
14858
14859
14860
14861
14862
14863
14864
14865
14866
14867
14868
14869
14870
14871
14872
14873
14874
14875
14876
14877
14878
14879
14880
14881
14882
14883
14884
0.8691556384220772 -0.02712150061836031 0
0.680987336473554 0.009393872586782891 0
0.5039416933202705 0.03917841547703112 0
0.3533837275073013 0.06001926481004797 0
0.6423784590769556 -0.08444296514703631 0
0.8317433953975337 -0.08216444109400688 0
0.4713709487699521 -0.08127357946122643 0
11.31762418656938 -0.03148118402981927 0
6.239540885361917 5.34900884910269 0
6.218359162784385 -5.257477824455232 0
3.769206550412699 5.307302125477579 0
3.799638428029545 -5.331348763875259 0
-2.478260869578239 -5.32224098834522 0
-2.427032607056806 5.396006236793872 0
-5.173880981356384 -1.704411080705587 0
-5.311114128484802 1.598432397855922 0
1.391179179543524 5.318539831926618 0
1.434782608667585 -5.32224098834522 0
11.30700727207143 2.399701385943 0
11.30717967697501 -2.400000000013313 0
8.410372366809431 5.258934486952748 0
8.533725156505188 -5.288395682284255 0
-5.203356208995767 -3.139434107389995 0
-5.282349409199053 -0.01900152196253692 0
-5.336980374545757 3.168111479542635 0
-0.178628497869342 5.377465209486939 0
-0.8753129300597792 -5.343868026959093 0
11.2642800148044 -4.040332497583446 0
11.30717967696987 3.999999999991367 0
-4.01828790803959 -5.243018657827401 0
-3.951768651969571 5.326598560162383 0
10.07340771841681 5.296864588155319 0
10.04347826087556 -5.3222409883439 0
-5.26771317241269 4.786426943284863 0
-5.411750332936146 -4.799368210691399 0
11.30715094282099 3.199950230982078 0
10.61432583076744 2.799941936147343 0
10.6174564373048 1.993654780802799 0
9.922049624278809 2.39893278615263 0
9.925444119975289 1.592777435660115 0
9.229454654956861 1.998618370297792 0
9.237673192745172 1.184396096649705 0
8.537513456845801 1.597169077821436 0
8.545840956502589 0.7827576580697633 0
7.826924546505122 1.221168454568907 0
7.842042904547075 0.4006543521041896 0
7.129313170770038 0.8281511330337439 0
7.146594451246255 0.004800914188587357 0
6.445080717179395 0.3909151649012233 0
6.454336242663102 -0.397753985768763 0
5.639548886035431 -0.01807084041130268 0
5.744240109947301 -0.7775279661455384 0
5.168642896941414 -0.4716107619118241 0
5.240134371820753 0.4610206930172587 0
4.555660460777426 -0.02499770115771357 0
5.089943897342245 -1.110125105933247 0
7.140709760121624 -0.7997470168498697 0
6.382247697894671 1.183056078140514 0
5.742076967532665 -1.538533885184349 0
5.058709925300205 -1.869856130021162 0
4.496193076627609 -1.423988047444775 0
4.427449288755162 -2.175605041114163 0
3.813212187348389 -1.634754872551095 0
8.54905637186258 -0.04175048217816666 0
7.848402839474678 2.042172607713611 0
3.766539926222157 -2.510465135331413 0
3.174883062277527 -2.065208001578773 0
3.22041670924114 -1.387488149042985 0
2.614413811864832 -1.604853957568572 0
2.686782810396504 -1.122405066335223 0
2.510038257991079 -2.354240224701889 0
1.991205826782099 -1.939645872047917 0
0.2715962888376661 -0.07200381865309144 0
0.3624275200666971 -0.07689820046084614 0
1.888183364480218 -2.578057777532064 0
1.418716901578772 -2.060134970191184 0
1.622217336489903 -1.600578583339612 0
0.9530499309581073 -0.07560289212173832 0
0.9020239890033606 -0.07839508982230009 0
0.986858624114113 -1.858771768428573 0
0.9125633822964448 -2.295482324083256 0
0.5440500674900535 -1.85600120853589 0
0.08333072627150939 -0.04023907615014719 0
0.1723733005876958 -0.05782100407591598 0
0.3949999411618022 -2.406943139469891 0
0.04165729374754238 -2.010223138635272 0
0.1488581291496823 -1.549325743883022 0
-0.2753302783106971 -1.656601803164987 0
-0.4575275040168312 -2.12104474894053 0
-0.7681280669340471 -1.65643938128896 0
-1.00151034880593 -2.201087865562326 0
-1.31761759741395 -1.746419119958334 0
-1.094130289951943 -1.2542168956729 0
-1.616972678769369 -1.312148865914027 0
-1.409237328272396 -0.8272943784600914 0
-1.90958775060073 -0.8956749342277758 0
-1.725552869539288 -0.4394527857831144 0
-1.889533762234181 -1.793261834984874 0
-2.22997518819149 -0.4690376409357926 0
-1.980295464345478 -0.01763702761679872 0
-1.491321444032801 -0.03445651858277804 0
-1.729819948667626 0.3828433872365086 0
-1.272091655724038 0.4263824588428393 0
-1.522664265096197 0.7684157601113073 0
-1.133577772757968 0.8142843173905231 0
0.2247023279401219 0.06924876175424026 0
0.1533410197589241 0.07043756904336024 0
0.09263694282222409 0.0673689367222082 0
0.2838267852798341 0.06534994673815267 0
-1.395488309319687 1.134475271598945 0
-0.9602323925150184 1.148207055755904 0
-1.163081892933661 1.511922719150471 0
-0.6807752764032078 1.476644396738336 0
-1.750790985123715 1.55440802711065 0
-2.153429853851252 0.5007743975040977 0
-0.9591880234287935 1.931317527084353 0
-0.4685407487219425 1.947301568417866 0
-0.2126641119176776 1.54440356757294 0
0.003980297463016702 1.931526606118227 0
0.2405439732254234 1.492267248496161 0
0.4509067418309924 1.921399127854671 0
0.6866782739781785 1.537043002166658 0
0.8993818356622674 1.919135140981682 0
1.119359564751958 1.541939844454648 0
1.358190476332806 1.931269562474591 0
1.578233914840604 1.454982683056888 0
1.838438646706039 1.965673659644899 0
2.062645895250647 1.41714647440586 0
2.38845187029311 1.934151429650711 0
1.793111775439906 1.079914695998185 0
2.27370315618102 1.106443200302444 0
2.085580452740897 0.7340264672342895 0
-0.1033904454236031 -1.278318714849997 0
0.201258900371761 -1.178319208020795 0
0.7366056525247939 2.387571713420543 0
0.01090255555406774 -0.9702460503337345 0
0.2391303932497898 -0.8948679921823237 0
-1.098525260173064 0.09614826209323317 0
0.09612682071264336 -0.7166622019226364 0
0.02583855722956991 -0.01746007489817096 0
-0.1239718771487624 -0.7446916496854681 0
0.2982638839244605 -0.6855365577350996 0
0.7427434938546656 -0.08326117202617914 0
0.6925021147752685 -0.08410483095830014 0
0.7825638384970812 -0.08192963002668202 0
0.4296914569075422 -0.8094122510254148 0
0.5621436927359302 -0.0846627113418808 0
0.5216377812816699 -0.08361248157848773 0
0.5924060215050686 -0.0844729026816286 0
0.4317815345897658 -0.6308567575978402 0
0.5738969241402115 -0.7049220194097156 0
0.6324320158046098 -0.5561550458450463 0
0.7248641717255278 -0.6531267854206495 0
0.7439157098344704 -0.5085356163962936 0
0.8459567518563981 -0.5988110777344363 0
0.8666233467951876 -0.4720930297304725 0
0.9560059287465875 -0.5500345503735261 0
0.9696986412274335 -0.4367310239387572 0
1.053711576440899 -0.5029644290964044 0
1.064719830585469 -0.3997789829433613 0
1.143512697438138 -0.4594813831982155 0
1.152566546229209 -0.3645189822155741 0
1.228746165674487 -0.4192930221621253 0
1.242393663812347 -0.3257953889785447 0
1.316478635765559 -0.3811197952131988 0
1.325327852740308 -0.2865220015420505 0
1.405856587228667 -0.3411351174133325 0
1.413331305111995 -0.2440685505159566 0
1.495970421717422 -0.298605353820155 0
1.505191663973009 -0.2014484470438188 0
1.42147796263617 -0.1418434378463695 0
1.586792357598821 -0.2551731128589469 0
1.593425302736678 -0.1554732632749903 0
1.676707951394234 -0.2113556071749381 0
1.66932399177063 -0.3109994023385374 0
1.397308964472 -0.438226269849116 0
1.139045105027618 -0.562140726279139 0
1.759440677224341 -0.2674758531744239 0
1.764865858365645 -0.1643805648463582 0
1.849201638810485 -0.2235428769352119 0
1.854589518665626 -0.1203157255262997 0
1.939186155599677 -0.1799630706995614 0
1.751945718091566 -0.3672202781256562 0
1.946659043115924 -0.08020926999439738 0
2.029757518397469 -0.1373651128966641 0
2.022186823197821 -0.236955272205369 0
2.112357124158877 -0.1936922868129557 0
2.11986097571551 -0.09399128957128912 0
2.202473159584013 -0.1503393200882102 0
2.209967966886176 -0.05062332595773007 0
2.292580739728554 -0.1069723330932753 0
2.300074137818726 -0.007254002251613293 0
2.382686773953248 -0.06360278270462652 0
1.862953801916945 -0.01903520429678905 0
2.390179914390112 0.03611597536932139 0
2.472792484797772 -0.02023269609788933 0
2.48034386211047 0.07936504699247127 0
2.562907836937097 0.02311732887889902 0
2.570478795168031 0.1227103777602328 0
2.653019960181755 0.0664800534414647 0
2.66053208949105 0.1661963232736964 0
2.743117938821545 0.1098683303926091 0
2.752528075441186 0.2056046871995877 0
2.833537341965045 0.1525812691439208 0
2.841765039355085 0.2507496032701949 0
2.825777058851579 0.0534165962107546 0
2.555406671874092 -0.07658472739725138 0
2.91589043521762 0.09676965949139038 0
2.908339565992885 -0.002829787631807905 0
2.677074730638003 0.2719905613841818 0
1.242669494620643 -0.2389876632236694 0
0.7860649023707977 -0.4128289848672541 0
2.217461649166739 0.04909453362445873 0
-0.03622039624654329 -0.5828935224903045 0
-0.255504079995881 -0.6079064256712019 0
-0.1483141037820055 -0.4589833073908138 0
-0.8183899588321746 0.8174940817380645 0
0.3324960003638779 -0.5232146755700928 0
2.104861897584505 -0.2934075857228146 0
0.9021149053287378 1.192233398799978 0
0.9749251522025177 -0.05141142855701945 0
0.9261050889939596 -0.040340042057276 0
0.06259413556766955 -0.03209262911163378 0
0.04578207412890317 -0.02685847100924596 0
-0.7369098623556116 2.404574453923678 0
0.9861537763504118 -0.3382026576276572 0
0.1032076966199807 -0.04437369536450493 0
0.132697233871304 -0.05064909908196243 0
0.1925291620315278 -0.06022525842582249 0
0.2223559863890548 -0.06466052911822942 0
0.243377867760681 -0.06609354201355851 0
0.5015356288887779 -0.08276846330159854 0
0.5421592000965503 -0.08410246750119803 0
0.9730422321772668 -0.0750322988597677 0
0.6124097386888225 -0.08437396803780237 0
0.9326436320081154 -0.07735071173345318 0
0.8826203667730395 -0.07907964217743031 0
0.862629343408303 -0.08018236449078084 0
0.6712658520289936 -0.08364952357832572 0
0.7133155428415109 -0.08396999692576475 0
0.8021367662602004 -0.08155030962711129 0
0.7625564791543996 -0.08254442476422058 0
2.285087707667977 -0.2066912708733551 0
2.397660922303298 0.1358002205434793 0
2.095758887239885 2.50613754212214 0
2.77519965268292 2.503182340550389 0
2.943707409899571 1.817275816158537 0
3.494589240210694 2.351669248513447 0
0.9476397251897163 -0.6824905719090966 0
5.706850299394365 -2.314882508340594 0
-0.6335995352776467 -2.648177159863581 0
2.399424299588811 -3.060695252420063 0
0.5848024616616994 -0.9109256786458402 0
0.7660894041913107 -2.879162381232055 0
-1.283011997621777 -2.796721121001233 0
9.222253590018958 2.792651179363742 0
1.661491747226204 -0.4105714440436751 0
1.746933692250796 -0.4673894857595959 0
1.652418149718149 -0.5129946740318764 0
1.744014906424443 -0.5783029756139531 0
1.626684901449003 -0.6346088544180076 0
1.743098316838051 -0.7222367730657511 0
1.83382935036707 -0.5229373169484201 0
-0.02462576279109743 1.200099522339609 0
1.954293951764659 0.01977569988729951 0
1.872025502160253 0.07505101421594108 0
1.962073766760321 0.1186001475130428 0
1.87950901427666 0.1747997027705795 0
1.790369784291552 0.1328097438606564 0
1.797062300660572 0.2313561460668466 0
1.706985931768786 0.1880228893684042 0
1.714348844123656 0.2875501617842067 0
1.624228018078399 0.2441565004892796 0
1.63169685994892 0.3438395389447367 0
1.541584672920439 0.3004594161195381 0
1.549072609546365 0.4001706719932257 0
1.458965044813247 0.356797508482687 0
1.466456934280967 0.456514627145189 0
1.376350798737376 0.4131436006518966 0
1.368857641463712 0.31342459656455 0
1.286244673478596 0.3697725907417799 0
0.7701450525313285 -0.005956892489911107 0
0.8181287652693791 -0.01789878890634234 0
0.729883313240306 0.0003825186957192184 0
1.275074491249957 0.2704773872492948 0
1.197063638508769 0.3247583664097988 0
1.184660461267234 0.2307889387786684 0
1.110877359330947 0.2823540769799889 0
0.5927160917455614 0.02549299651750735 0
0.5523338977918978 0.03187288799074805 0
0.6322383596245894 0.01824900688906958 0
1.105693789290803 0.1901705792780489 0
1.025238840437135 0.2323578754304089 0
1.036343619823676 0.3297003249659643 0
0.9559492371267623 0.286860813860296 0
1.176174157031991 0.1454712990793539 0
1.205963677960106 0.4211593445395566 0
1.042855633623171 0.1685944871784318 0
0.9596188510996588 0.3795960195078532 0
0.8809536404361187 0.3322059657851779 0
0.8829911576712701 0.2406979489657141 0
0.7992437651827959 0.2787411151314464 0
0.8024156000774345 0.3730538739725989 0
0.7256315464598551 0.3261903441354617 0
0.4236227002423867 0.05098023484626814 0
0.393744166044898 0.05436397894126908 0
0.4531737848318023 0.04684277870696003 0
0.722318393645111 0.4180550490456248 0
0.6407889299754165 0.3629771636886921 0
0.6376336027184955 0.4610292277128048 0
0.5592493903310285 0.4130793777373536 0
0.5505337213869504 0.5066907193154784 0
0.4719438185074197 0.4477767715223624 0
0.4824643888712372 0.3515303113807654 0
0.4068008356368499 0.3790515521672382 0
0.3928651419286096 0.3016457856395733 0
0.3417375204534897 0.3324077690573451 0
0.478082362058678 0.2738397190288641 0
0.3193167839893041 0.4091235120963266 0
0.244432595022485 0.3691447786051614 0
0.4304667981664834 0.5539058953326196 0
0.347261692668098 0.2662945922574995 0
0.8159877370528099 0.2080537940975929 0
0.8633149030463142 0.1760387367459448 0
0.2413048926849984 0.456282388855564 0
0.1717794860758603 0.4011744682499951 0
0.03232170193312669 0.0549955125851877 0
0.05108659165347402 0.06256993654238993 0
0.1906318151813433 0.3168797656748877 0
0.1074563116935377 0.3418722547100374 0
0.09426594835218785 0.425671780602342 0
0.03090939745263857 0.3721973144791236 0
0.01097453793956829 0.4531955396357573 0
-0.04894801763074499 0.3892495070474807 0
-0.02052614201741141 0.3119600831901483 0
-0.101375810623948 0.3284211055642619 0
-0.08223312197739252 0.2545768329918387 0
0.002609442777936664 0.04049946225867762 0
-0.1515755207606441 0.2737786338841292 0
-0.006606161421794416 0.01537571744880232 0
-0.1267077600662155 0.2200393399936288 0
0.1349715575708865 0.2772339167696644 0
0.1848865109015617 0.2550278047888471 0
-0.01190272908525557 0.2413304702184249 0
0.1441698404433833 0.2240701988511143 0
0.1906109921585691 0.208362562090672 0
0.8136088939459263 0.1520701330349818 0
0.7682659636264916 0.1738483500905642 0
0.8580853275656674 0.1239154561237596 0
-0.1793358840594557 0.3476302497743143 0
-0.2320212814404621 0.2736765774105795 0
-0.07202948106010817 0.4769907590316889 0
0.8210356623596728 0.1086701936337532 0
0.8470144965210791 0.08940941444246223 0
0.8192900014457052 0.07543367516807205 0
0.7962105739118274 0.0899246458779684 0
0.8441818579608164 0.06093152836310928 0
0.8666537749361466 0.07097719565705485 0
0.1591509854087858 0.185865229482041 0
0.186323866151528 0.1738929515298472 0
0.1936730618243135 0.0704545393779144 0
0.1734794039000178 0.0707128904730793 0
0.3741535227066278 0.05713072424120444 0
0.4733585786789213 0.04405391169766806 0
0.8629105414481468 0.04829626651743581 0
0.8829293372444381 0.05600244408313957 0
0.8968963298435868 -0.03393721486770056 0
0.5327906637431044 0.03490412489465748 0
0.5720046318711532 0.03003302712046162 0
0.8799368581028411 0.0349459464711865 0
0.8981686017221615 0.0422686521669178 0
0.9033225013199463 0.06216211949541551 0
0.9176096440399244 0.04735416016897152 0
0.8635524774871436 0.02974323478515756 0
0.611751009447513 0.02101895732896075 0
0.6506668035571187 0.01496358022589959 0
0.7106826370379973 0.003760861538134975 0
0.8378531158731156 -0.02123058335809324 0
0.7981007058131926 -0.01140278132915665 0
0.7492530382578124 -0.00387267150242924 0
1.383652983919924 0.5132580440386211 0
0.1667381621105876 0.1600989768754159 0
0.1230327764945575 0.06961406354866395 0
0.1426145387269659 0.1625023479454739 0
0.1875089262937649 0.1477112111508416 0
0.2068373194506997 0.160339350642125 0
0.207821222592863 0.1373345026811474 0
0.2247075446251214 0.1489587304465794 0
0.2540022084361241 0.06768370524163404 0
0.2258389195718692 0.1306729677089855 0
0.2401508412995965 0.1395751419562651 0
0.2414340206418124 0.1589468320830954 0
0.2576442419126832 0.1479588627971979 0
0.1415831534579758 0.1400425928938902 0
0.1226766284120357 0.1448486950812692 0
0.9109753989768039 0.02851343139961975 0
0.9308247499749941 0.03094488584374989 0
0.2384674820393118 0.1233499063188954 0
0.9376448988927717 0.05059074096721718 0
0.9495898648574875 0.03462556254686504 0
0.7957052411198799 0.06703747418946222 0
0.7772023011042803 0.07572685054510733 0
1.556348920985863 0.4995716733839982 0
1.720922633657566 0.385915510157209 0
1.887026325394431 0.2745365499562053 0
0.1911581541140186 0.1291271879805464 0
0.7780217232168951 0.05487907757165697 0
0.7615913800713359 0.06429237232040633 0
0.79443577281197 0.04787257504414088 0
0.9424774106442758 0.01764496456562072 0
0.9602214789554827 0.01995809164119578 0
0.968609693340894 0.0367582112836876 0
0.9797557960901546 0.01835066738032243 0
0.9884662627003478 0.03732628551544598 0
1.000113522072349 0.02035366048634082 0
1.009265588011957 0.03903437904701463 0
1.01989757205957 0.02149245619580559 0
0.9526345335344747 0.006118503700606433 0
1.009214502710752 0.003589326707339999 0
1.028067759014931 0.004958467860047916 0
1.03231795182955 0.04087688802471136 0
0.9398171353946663 0.00346221075754685 0
0.947296902135162 -0.005596956617051157 0
0.9602966049758518 -0.003789629059811742 0
0.9556238789301684 -0.0458112310227364 0
0.8739507531196878 0.02079666168001542 0
0.1162738794247647 0.1686207275413318 0
0.1022713873619254 0.1511672222603036 0
0.1063137582699012 0.1345975964121398 0
0.08966779526295132 0.1371597531897719 0
0.08216246579345265 0.153720458609771 0
0.07210422172304455 0.1376040039054219 0
0.0808222446968348 0.1224905058680873 0
0.06265731934458089 0.1208504645395298 0
0.05452646109681321 0.1369365876660923 0
0.04593107170681512 0.1220733343598154 0
0.0373327449349134 0.1366020888236669 0
0.02898060855110081 0.1198683534568255 0
0.01975231834701734 0.1361703424293484 0
0.0108997145304425 0.1207362900923398 0
0.001579370662723381 0.1356837436686759 0
-0.006561272723389073 0.1192763966920592 0
0.07169812414129957 0.1101661963432656 0
0.07288101023474047 0.0645063862052259 0
0.08312022836396231 0.1091384130003419 0
0.004022778798395116 0.1052643622768761 0
-0.01304780647639665 0.1042569202730059 0
-0.02410855337481584 0.1178140616071243 0
-0.02981890643038449 0.09969063280776373 0
-0.0431021047276951 0.1151188892306551 0
-0.04890240510165755 0.09717786238902362 0
-0.03750491980211471 0.08368397781900087 0
-0.05385690742095343 0.08098719010355643 0
-0.067200453353079 0.09300375569439315 0
-0.07064684755818353 0.07326156534936755 0
-0.04347260814813317 0.06897222846513934 0
-0.003980449287199268 0.09260485617623562 0
0.007976644890551918 0.09244650014977124 0
0.002490779619731549 0.08287655043931647 0
0.2276174185851789 0.116127585071486 0
0.2382584194736672 0.1094594203752051 0
0.2486424854984042 0.1157340392679783 0
0.8624905667700562 0.01682048504929657 0
0.8523760665625231 0.02272668001343615 0
0.7586152933269458 0.08364795129145977 0
0.7423651082874803 0.06977601208379886 0
0.7398088962861405 0.09102850026970749 0
0.7229686305777796 0.07873568153564431 0
0.7202729156953606 0.09914069853286989 0
0.7035732878532511 0.08550444978385595 0
0.7002698966199122 0.1080556319880933 0
0.6823849309261014 0.09338469581396626 0
0.6788918348172641 0.1169209737197223 0
0.6590799532215098 0.09979839704839967 0
0.6562960584377646 0.1261799499743579 0
0.6376957958220369 0.1108897488792625 0
0.632972708978167 0.1366286235860657 0
0.6122661853453399 0.1169543953062001 0
0.6064933310405054 0.1470847494502356 0
0.5874886932255099 0.1287756406815369 0
0.6554841381043212 0.1532734400940603 0
0.5898172488315825 0.105145890226733 0
0.5689302031921442 0.1128901869538865 0
0.5638353025889236 0.1367737088642595 0
0.5458770725043502 0.1190325950507497 0
0.6398738528144765 0.08985532468018104 0
0.7113773273173679 0.06539299988936069 0
0.5747474913998472 0.09231731175877976 0
0.5900339039635756 0.08587690662355441 0
0.5394436089640515 0.143345330812242 0
0.5229945783133255 0.1217033768978768 0
0.5292137062713662 0.1036767184169741 0
0.5063048930816216 0.1090513798836038 0
0.5023222445081611 0.1279971315316532 0
0.4903439589406587 0.1137530812078858 0
0.4826845044817428 0.1314349752067481 0
0.4716173086079508 0.1146164366594414 0
0.4631303975206099 0.1341518682730658 0
0.449630802030399 0.1166930716362755 0
0.4429550764558249 0.1366326890323348 0
0.4299040429717136 0.1216019828450681 0
0.4236217588832764 0.1403084011790398 0
0.411278667485088 0.1248644584056595 0
0.4048321731549925 0.1450497953724613 0
0.3905785419544016 0.1276733124972818 0
0.3834171443818695 0.1468158544083853 0
0.3703572549905024 0.1300350624657016 0
0.3137773250515654 0.06341560970700927 0
0.3629181068863799 0.1496536696820403 0
0.3517648393569231 0.1329996204766136 0
0.3402971980471588 0.1508724244456629 0
0.4960491000163477 0.09718181554817065 0
0.4952535051187125 0.1483911549258557 0
0.4183934028814567 0.1076122980257502 0
0.5591163413416886 0.1639848594868729 0
0.396058505503852 0.1683596427008538 0
0.7636858870796617 0.04997617044828118 0
0.3568105645712586 0.1168442848448781 0
0.3420618430024528 0.1186348058338584 0
0.9737628938779985 0.06338227260318813 0
0.3480455212298162 0.1042319057430928 0
0.3351355589928829 0.1071355006557072 0
0.3285161756003859 0.1186958690252672 0
0.3223212323534685 0.1065941320410546 0
0.3611353242537399 0.1043742446843079 0
0.3397329027617703 0.09783840812510336 0
0.3158253380088411 0.1185089324229287 0
0.3092006198839033 0.1082054538231846 0
0.04442124938620363 0.1556948312928154 0
0.4583476115534693 0.1009140943480744 0
0.8017105188749094 0.4787695630313196 0
0.6343596117849796 0.5612340598498723 0
-0.2650012222321053 0.3687841086033425 0
-0.3240896368171723 0.2933249287806166 0
-0.2901493766350592 0.197430212344519 0
-0.3856156718094425 0.2167957780078471 0
-0.3524175438837305 0.1216054689855671 0
0.5787986356000143 0.07673807349875426 0
0.5898665260062459 0.07166939334617918 0
0.07596618167027497 0.5151287235923077 0
0.8713616456228179 0.009687496133087262 0
1.532543420029907 0.2039531092488691 0
-0.03523911220204593 0.13343122418861 0
-0.05820919864893002 0.1323160179747717 0
0.2600398508848046 0.1706405731832743 0
0.9364479068735916 -0.007260931010043013 0
0.0392292277712887 0.1091500288933565 0
0.8615147452446861 0.005933994055719769 0
-0.4546903404324854 0.1377569209204756 0
-0.4120777634410211 0.04254233989676427 0
-0.322687542480667 0.0344628067403082 0
-0.3701553307234869 -0.04644097313775565 0
-0.2853280857688836 -0.04149753664409304 0
-0.332499393514153 -0.1259281607363003 0
-0.4312493599746748 -0.122553567449843 0
-0.247953711937516 -0.1153346300821069 0
-0.5122371039811441 0.04527397648880941 0
-0.1954019229452693 -0.07412870789854364 0
-0.1795163825835988 -0.1313265766132929 0
-0.1448568956532254 -0.08428349965796547 0
-0.1265892697813082 -0.132301911978514 0
-0.09811373292203936 -0.09797908833116786 0
-0.08148398339481987 -0.1350398595944398 0
-0.06508890057114919 -0.1023630351503271 0
-0.04560260841479904 -0.1321626638251171 0
-0.06424504243641245 -0.1688542961840814 0
-0.02215370871669146 -0.1687501977071495 0
-0.07283457140034802 -0.07055072293884707 0
-0.02297301036117786 -0.1104246276977088 0
-0.0460995811663397 -0.209111572807143 0
4.994857591823085e-05 -0.2097456280660657 0
0.02295283210780018 -0.1720882504428843 0
0.04374583467834455 -0.2073524265025636 0
0.0631397376712787 -0.1671393226951908 0
0.08434001699103921 -0.2043140070019805 0
0.1045220227767309 -0.168507800135052 0
0.1215479173018123 -0.2018396550437405 0
0.1045260451103465 -0.2402058303453836 0
0.152451558261943 -0.2307244296097985 0
0.1367910208520136 -0.1755956778993888 0
0.1291770891936854 -0.2786145230292155 0
0.1804385077776775 -0.2753308505212202 0
0.2017986789801648 -0.2299092122795741 0
0.2298658814564833 -0.267909250038152 0
0.2464910437746655 -0.2185770688546232 0
0.322250902182563 -0.07437578750870733 0
0.2762202333895234 -0.2595136792523336 0
0.4219025638117998 -0.08016542728687687 0
0.3914726543687735 -0.07883408051038883 0
0.2947626173350751 -0.2154487199793436 0
0.3193340543453727 -0.2517529349335765 0
0.3363099943147632 -0.2159755258473443 0
0.3598403420227183 -0.2454317692896769 0
0.3768301125788928 -0.2063310203151531 0
0.398201777402201 -0.2375539924349478 0
0.4143537194177392 -0.2070682165590347 0
0.4343466327762274 -0.2313550293011027 0
0.4480848795946419 -0.201894108180451 0
0.4685685977663854 -0.2259900969358318 0
0.4816247508051506 -0.1914737725814951 0
0.5012124306193217 -0.219198924753769 0
0.5136807219683864 -0.1900914025646845 0
0.5321302561945197 -0.2136558293022667 0
0.5441494952536854 -0.1843105014121427 0
0.5616896961312133 -0.2081662314165338 0
0.5717558113904919 -0.1805671366072072 0
0.5895757150554977 -0.2027815788581383 0
0.5842885496633148 -0.2382265855468932 0
0.491571330508825 -0.2480265270236809 0
0.6006970359800912 -0.1759404558318944 0
0.6166043601875454 -0.1975447638896851 0
0.6271625148529848 -0.172645045564683 0
0.6423167785842032 -0.1929616903469071 0
0.6520029907512477 -0.1699916401990322 0
0.667299373328477 -0.1881438844274738 0
0.6592540499464151 -0.213849348765126 0
0.6859552582464701 -0.2078522196502929 0
0.6733897939141147 -0.1652355289853273 0
0.302053892545183 -0.07345928243780207 0
0.4414978355120264 -0.08076015345505884 0
0.2685935280453071 -0.186411521922575 0
0.348984208472649 -0.184300250854862 0
0.08626103505715138 -0.1425687267437 0
0.4589675714923777 -0.1727142342269995 0
0.5855333721787097 -0.1589462935328953 0
0.5244140799894986 -0.1640880115025069 0
0.6594830749656448 -0.1522534834098526 0
0.6770403894568899 -0.1463576563478257 0
0.6916313612045075 -0.159652876769254 0
0.6967836024230206 -0.1417135611233068 0
0.7082719506861356 -0.154068239172997 0
0.7130480575929882 -0.1386565063329648 0
0.7234789607004913 -0.1493477014253609 0
0.7265346194996578 -0.1346328197037302 0
0.7370194384990795 -0.1448627774605802 0
0.7346455099849427 -0.1609823909283394 0
0.7509332376043426 -0.1530781559449873 0
0.7479133642321061 -0.1735697149711931 0
0.767637758392283 -0.1670268726582568 0
0.7656256344356445 -0.1897150524792116 0
0.7857604117052235 -0.1815120508909295 0
0.787653379196126 -0.1570820554180752 0
0.8106451694852757 -0.1708683774429863 0
0.8053588456416727 -0.1970521525980883 0
0.8308347827254343 -0.1874483591154354 0
0.8269162644304682 -0.2168836978110752 0
0.8529986761699485 -0.2019859719472307 0
0.8545436858502105 -0.1728201902992854 0
0.8777059131434845 -0.1874892911198609 0
0.8075388293418413 -0.1494838751789426 0
0.8793229326581044 -0.1626574297969512 0
0.8985372693346723 -0.1748600190405548 0
0.8997990703699954 -0.1512737518023198 0
0.9175929684858517 -0.163189728220325 0
0.7392190630495793 -0.1310021468762688 0
0.917357301674656 -0.1428597734900104 0
0.9366508657992054 -0.150884910678222 0
0.9354396243981553 -0.1736645267272899 0
0.9549995797534804 -0.1621011224038334 0
0.932235746633892 -0.1340598009470333 0
0.8829970545202679 -0.1424367480997451 0
-0.1645305430287627 -0.03521872029664642 0
0.8510917780760644 -0.233642526461693 0
0.7948576026648613 -0.1394950417870289 0
0.8080826755746316 -0.1340541953585084 0
0.9547495899955351 -0.1847650653896896 0
0.9748492914429671 -0.1720432466823923 0
0.9717991792714683 -0.1462916930827361 0
0.9930558788764355 -0.1584279432877203 0
0.9964035444835182 -0.1824154726825791 0
1.01479683806815 -0.1665970183187241 0
1.009634853292965 -0.1442634559397409 0
1.020551903783346 -0.192881726609873 0
1.040844711649254 -0.17330944353576 0
0.9210129317317048 -0.1270046757420444 0
0.9318065849544613 -0.1210354962562444 0
-0.02368449134913017 -0.2563389702792042 0
-0.08021605333214388 -0.2537349901007108 0
0.1592078553749356 -0.3303435991900866 0
0.7314383153850501 -0.1228609659692038 0
0.7417229967823806 -0.1196900878986568 0
0.9223337671776489 -0.1150059300329957 0
-0.3826045881327335 -0.2176277555533316 0
-0.5051192598056589 -0.2110138818956412 0
0.7976758149405787 -0.1261127379305128 0
0.809265456607452 -0.1220066585702306 0
0.8189272954029225 -0.1280974072970079 0
0.7859528007486297 -0.1296431303630474 0
0.6844334704291465 -0.1325385623250553 0
0.9974298020277171 -0.2114469366724415 0
0.7981230601585024 -0.2262629266202442 0
0.8192188118727518 -0.1172773348814679 0
0.8283229437991266 -0.1225164802808516 0
1.02819313756274 -0.2244157162749767 0
0.3910218284717744 -0.2865716275985509 0
0.6784606083640259 -0.2403816812282049 0
0.2477515570571443 0.1038527924271311 0
0.2573150361969867 0.1085767207403415 0
-0.4961839589382718 0.242171039512141 0
0.9118599507951828 -0.1191621364740575 0
0.3345743100049726 0.06187996258629878 0
0.2285735798516801 0.1040860192736281 0
0.9317912655395488 -0.1097183692290299 0
0.9409953690204573 -0.1148438737233693 0
0.7889387155005082 -0.118816699648218 0
0.7783323028445877 -0.1214993599896223 0
0.5806353579357021 0.06507794958471966 0
0.5703135968264792 0.06829364272035925 0
0.5905147496356763 0.06066227538594297 0
0.5993849934871337 0.0659835037280104 0
0.5995520536283999 0.05577803195316429 0
0.6082289439760684 0.06076807817952616 0
0.07632687974807308 0.1005915553442578 0
0.08667081669544677 0.09949665562716671 0
0.218746344766133 0.1087463406591699 0
0.9428388301570814 -0.01485043822777448 0
0.01284840166328995 0.08283952675809243 0
0.3067386806590726 -0.2990625543640582 0
0.3035151903262965 0.1187801808355578 0
0.2979131405932075 0.1084150592724993 0
0.2919772293171855 0.1184135505420408 0
0.3031451422339006 0.09902887092226278 0
0.2928463759454364 0.09888075389552264 0
0.2973785370021441 0.1304402493019841 0
0.9011716208444254 -0.1983296535275801 0
0.007855371762184657 0.07402710549473518 0
-0.002160624937256498 0.07355385144122353 0
0.9226883434770543 -0.1033538087609948 0
0.8986509828979117 0.1435232544035883 0
0.7344881195088645 -0.1126225823239109 0
0.7246763002266251 -0.1149055997710723 0
0.8282871080963259 -0.1124409146110488 0
0.8371562890167239 -0.1172390892653079 0
0.2558647404687938 0.09861624211441035 0
0.2471367808720497 0.09385510968774313 0
2.81823887650828 -0.04621005541497482 0
2.899839863722349 -0.1024678660627172 0
2.810570515521055 -0.1459000933091643 0
2.89214980629447 -0.2021684683349844 0
2.803015398900286 -0.2456111162216572 0
2.887091355837476 -0.3024645759825066 0
2.795917757502406 -0.3454248875330772 0
2.873546344693342 -0.4072469927324125 0
2.7131272168008 -0.2890079383874702 0
2.705670385051468 -0.3887312417576135 0
2.623034215330553 -0.3323719663910012 0
2.615543247019426 -0.4320898040674297 0
2.694002012899154 -0.4757515051670671 0
2.532925848167032 -0.3757379970858679 0
2.525708586634956 -0.4760287379014179 0
2.442866202731721 -0.4192035560750259 0
2.427717306485073 -0.5215895420110811 0
2.528333621861984 -0.5875327517726805 0
2.414684645443041 -0.6428090755439229 0
2.31691664381802 -0.5706156961950539 0
2.288784292265694 -0.7106868665384067 0
-0.3033613444571519 -0.7649003946409333 0
0.4570082650605544 0.1571807196053768 0
2.4103680371193 3.149537395196319 0
0.3558694698322418 0.1716540184322123 0
0.3306882650855847 0.1754290436306603 0
-0.3633037747734771 0.3873216128043338 0
4.404387297719819 -2.946613532746778 0
0.7441544562117204 -0.1098829263761069 0
0.1053683255696909 0.2305709658680692 0
0.9406526586260522 -0.1043419188748136 0
0.9495181725555764 -0.1092771494019429 0
1.017763405607255 0.06309122277600533 0
1.046223586043591 0.06485274329307117 0
1.06016019261067 0.03780106727449132 0
0.2202592888477225 0.09805682117311806 0
0.2108363137262092 0.1017190073914715 0
0.8104937509513899 -0.1114771790296653 0
0.8816369041763338 0.01223938370366095 0
0.8788243478682449 0.002392007872796249 0
0.8887132846580458 0.004582529632407912 0
0.8857096146292448 -0.004981149609702589 0
0.8952417168165107 -0.002765155523016048 0
0.9290458583912374 0.0001559523643182399 0
0.9264513145951758 -0.009717258576837702 0
1.596864381149079 -0.7986770069967988 0
0.6084262882663002 0.07077181466726516 0
0.8373478852057964 -0.1272284216581615 0
0.8462907261375852 -0.1219174614973202 0
0.8456723791460594 -0.1118422841511754 0
0.8546903184680805 -0.1162832420477916 0
-0.008912788915838146 0.02480847233047153 0
-0.01597340910846016 0.01815416648322644 0
-0.01368911170270815 0.008375015744891133 0
-0.02323138792865626 0.01136133801428442 0
0.007752905525075295 -0.005738636406575912 0
-0.02072893092672431 0.001375005255750787 0
-0.03053713891080272 0.004552305159273479 0
-0.03272816188238476 0.01443001151924238 0
-0.04012438819883753 0.007560969766374459 0
-0.02821687786021147 -0.005184070875742385 0
-0.01808365198715785 0.02792906410664287 0
-0.01864138856490291 -0.008501657234995255 0
-0.02602571261049672 -0.01495852812579172 0
-0.01678972089689947 -0.01805420422841574 0
-0.0240358375684104 -0.02468490587688107 0
-0.01450867638024566 -0.02769622639106417 0
-0.03291501467391551 -0.02149902632980637 0
-0.02195864631487936 -0.03447084013015948 0
-0.01217826314902265 -0.0375031777625178 0
-0.01974479715368974 -0.04481537240531084 0
-0.009692035225711515 -0.0476160846926857 0
-0.03060293806049923 -0.04141122828022351 0
-0.002315868535705416 -0.04032302282548889 0
0.0002494256742738826 -0.05023716142622621 0
0.007265520190527256 -0.04357313060369292 0
0.01001576880074473 -0.05284949160794325 0
0.01750014463769768 -0.04568879228775136 0
0.02016462543998459 -0.05505868888486785 0
0.01274648513577037 -0.06250643594064259 0
0.02278267843616853 -0.06531538091851218 0
0.03051825353662466 -0.0574196859647113 0
0.03368540563881146 -0.06767781277167087 0
0.02530250787804809 -0.07609947641624168 0
0.03681151476082249 -0.07841787901657267 0
0.04455150324502886 -0.07004222813711945 0
0.02851411155972713 -0.08853075771610926 0
0.04810900807720889 -0.08051837475488113 0
0.05540589214411149 -0.07196682336021658 0
-0.008185107633466882 -0.05795101728514302 0
0.05916116653996528 -0.08225390157666884 0
0.06625018840563252 -0.0740602605171323 0
0.06993607713308234 -0.0840526010118008 0
0.07667163887624266 -0.07588613877580158 0
0.0805226685749062 -0.08583249781111377 0
0.08712968458660215 -0.07764832288212775 0
0.09100111471021118 -0.08748292808393955 0
0.09759071328653679 -0.07938215357802557 0
0.1013848202616484 -0.0890381373576159 0
0.1078828460554382 -0.08096016600121929 0
0.1116475374071797 -0.09055117424537495 0
0.1180494579108505 -0.08251693284616109 0
0.1218097086261978 -0.09200097211532685 0
0.1281258480336205 -0.08402440803065264 0
0.1318819222112799 -0.09343240755969348 0
0.1381164531688822 -0.08549147906690793 0
0.1418789465986877 -0.09482061889420099 0
0.1255753134595567 -0.101779067673708 0
0.1480576188773952 -0.08690736719115597 0
0.1518219692485238 -0.09619833757531557 0
0.1581737280208482 -0.088192051070159 0
0.1617701504313077 -0.09755560110953805 0
0.1685758102449646 -0.0893267382941855 0
0.172279441100509 -0.09880696194504512 0
0.1460633696634456 -0.1044708549317906 0
0.1651132633878911 -0.1074475625746178 0
0.1761311128537454 -0.1087827771009686 0
0.1828807350234447 -0.1001557116620287 0
0.187152989791261 -0.1101731039987889 0
0.1936204030362593 -0.1010419395549532 0
0.1981203820416199 -0.1111052937760327 0
0.1915779093172107 -0.1209156527263639 0
0.20454751348068 -0.102274964602345 0
0.2087015223425239 -0.1126017727509688 0
0.2154216390479461 -0.1034246596541243 0
0.2191517139388739 -0.1144170414925156 0
0.2262952922001225 -0.1044267261981735 0
0.2306383713935207 -0.1146592108854169 0
0.2369323279370008 -0.10574749658181 0
0.2255833173192194 -0.1266339001407891 0
0.2415298832126652 -0.1156038269691222 0
0.2477060506514855 -0.1068268923832419 0
0.2523285790214528 -0.1166274965595348 0
0.2586344603868772 -0.1077848381284325 0
0.2631274123848508 -0.1176396620937516 0
0.2694180342741669 -0.1087400341894209 0
0.2738962974854084 -0.1186519147838346 0
0.2801752357091959 -0.1097624066627776 0
0.2846549170869122 -0.1196794563941653 0
0.2909409100643751 -0.1107148648098248 0
0.2954180064220505 -0.1206974851733019 0
0.3017044792160818 -0.1118109822902008 0
0.3061896938054126 -0.1217541823863223 0
0.31261832279354 -0.1130153716530257 0
0.3170034145854392 -0.1228352670723213 0
0.3234574931561726 -0.1140924484821633 0
0.3106130202903142 -0.1322078372330134 0
0.3432083913888884 -0.07601901175938708 0
0.3278293343588075 -0.1239238862721153 0
0.3341621141940375 -0.1148445061902294 0
0.3386600289107671 -0.1249602445637729 0
0.3450433811892839 -0.1159827273290937 0
0.3495635583081199 -0.1259240247386939 0
0.3561371190734226 -0.1172408936900141 0
0.3605165802333601 -0.1272228903318896 0
0.3671550842319197 -0.1184093602706549 0
0.3715215164674351 -0.128424734719656 0
0.3780249908220858 -0.1195998775610845 0
0.3825530945497519 -0.1296587474333386 0
0.3891322374484615 -0.1206949895716011 0
0.393689052485224 -0.1308880499987022 0
0.4003433090255868 -0.1220603702675323 0
0.4050133943044296 -0.131568656804752 0
0.4113113245586325 -0.1225997522044783 0
0.1670448916146842 -0.1182769332183593 0
0.105214691989117 -0.09883803882544143 0
0.0843055605616663 -0.09632627034952586 0
0.05189168474982239 -0.09161284291731631 0
0.4066297832904033 -0.1134875704127235 0
0.4170613420117142 -0.1140615126232834 0
0.4218710578326509 -0.123033747556949 0
0.4272706615182862 -0.1145319395254546 0
0.4319828923830958 -0.1234703641553025 0
0.4374130081661921 -0.1147574046089849 0
0.4265608874590016 -0.1323470933366621 0
0.4421010748848909 -0.123859760287554 0
0.4475353288698914 -0.1151364371852062 0
0.4522210704213239 -0.1242674799386986 0
0.457709681783124 -0.115477648546925 0
0.462356664577807 -0.1246811267273118 0
0.46788627453182 -0.1157419991326995 0
0.4725047167031741 -0.1250820210914145 0
0.4779692595712981 -0.1164321537280796 0
0.4826364838997618 -0.1255610631210849 0
0.4881511290035854 -0.1169266104240962 0
0.3742055128438107 -0.1103768858244232 0
0.2541226054547434 -0.09847681829996999 0
0.4928259052566517 -0.1260295647359376 0
0.4983524272980865 -0.1173796589491311 0
-0.02783824988680473 -0.05376268573939898 0
0.245569968648395 -0.127078295963016 0
0.2675804792765942 -0.127984810131422 0
0.2879710954868803 -0.1315481559037419 0
0.1999979957878142 -0.09300693277614486 0
0.2875023080340851 -0.1017549160401671 0
0.332188869503882 -0.1346806685300511 0
0.3850738690728405 -0.1428129183871271 0
0.3302169079143186 -0.1055990354162684 0
0.1525267161292572 -0.0542252513463482 0
0.3514801595152183 -0.1078031098699071 0
0.4863968364092521 -0.1369378615110864 0
0.05154644151434865 -0.06217906918788851 0
0.5030304969052983 -0.1265037694050915 0
0.5085285520087284 -0.1178399307255739 0
0.3648635038763538 -0.1382074682968192 0
0.01315432320272646 -0.08278337612804333 0
0.01820712169268061 -0.09955335761203497 0
0.3079258887024282 -0.1036325335509076 0
0.1142688852103915 -0.07309869049897094 0
0.5132554170075767 -0.1269786414553673 0
0.5188433304719674 -0.1183585230922908 0
0.5235288149411669 -0.1274877332380273 0
0.5291510074113642 -0.1188446606207803 0
0.5338367135845229 -0.1279959894578725 0
0.5394297598566405 -0.1192516794899618 0
0.54417389392419 -0.1285207753414301 0
0.5498136663232868 -0.1197039782357281 0
0.2318642660693289 -0.09611324635717255 0
0.09348993239385268 -0.3316897373626484 0
0.1282095035126045 -0.3990015514507368 0
0.06636544814633766 0.1007544059113045 0
0.5726622787444209 0.05823539432730063 0
0.5628322217732493 0.06106253277037757 0
0.5602231732535328 0.0707615795900441 0
0.5530995328596889 0.06366516379795607 0
0.01066741114367463 0.1550566814018616 0
-0.204556796205516 -0.1931917656309833 0
0.6082315078196651 0.05075220759537911 0
0.6168873435199975 0.05569408107417649 0
0.2979653973198652 0.09014405446833947 0
0.3079973351701302 0.09007413083082044 0
0.7812688944207 -0.1113658654528914 0
-0.4073515192116185 -0.6227095027414478 0
-0.2945209135579622 0.4731757576301908 0
0.2879387050572393 0.08995926604839606 0
0.07303138657263841 -0.06606188342822776 0
0.4836959306422388 -0.1076565632866104 0
0.2124142255117374 0.09173751914430257 0
0.2030736597215939 0.09527133736058038 0
0.5546195655662011 -0.1290046642549574 0
0.5601125445229793 -0.1201770940490984 0
1.764860140458963 -0.9096482719225353 0
0.4531978388437782 -0.1061852617735143 0
-1.334369624885929 2.397572266065314 0
-1.016824107524745 3.005538401434598 0
-1.789555544727039 2.962740073520822 0
0.5503816597098985 0.07341243166985159 0
0.5434038066243254 0.06623561712476669 0
-2.484601902121248 -0.9907793030785754 0
-2.859109055970463 -0.474614269462632 0
-3.156737737320047 -1.098173606216702 0
0.555451851860963 -0.1113064347151349 0
0.5654615810278936 -0.1116323395519733 0
0.570233397594012 -0.1204303980062026 0
0.5754710072526447 -0.1119039315671551 0
0.5802504758684182 -0.1206858190026484 0
0.5854692754825148 -0.1121544354338572 0
0.5902507837333238 -0.1209371270105783 0
0.5954672096790498 -0.1124053125301289 0
0.6002483813839971 -0.1211881224096721 0
0.6054763305027921 -0.1121660128277724 0
0.6102474049531716 -0.121357213514688 0
0.6154755924450768 -0.1123214429895711 0
0.6202450238684096 -0.1215784318286879 0
0.62546068951851 -0.1130413351621114 0
0.6302390996423023 -0.1219402863951027 0
0.6355948282042557 -0.1131254445438233 0
0.6050298470930838 -0.1299710757420962 0
0.004306349663607162 -0.03411890355345924 0
3.928848083638906 1.765166234262552 0
4.299871181216538 2.390053965388244 0
0.5347527154018845 -0.1103359908869695 0
0.8539497353625334 -0.1064092522277631 0
0.8629848423599109 -0.110712779017471 0
0.6168449783573807 0.04570717866016207 0
0.6255297328252777 0.05065906223526252 0
3.955652600031891 3.112480523568776 0
4.755605824327888 3.038034548868245 0
0.08143753645511537 0.09132980735552465 0
0.09364399265107166 -0.06971843977338858 0
0.5141716406058225 -0.1093769497889489 0
0.7712560278467412 -0.1139355043826283 0
0.7682439012060682 -0.1236121953106319 0
0.7276977556594975 -0.1053109075655038 0
0.7179609686649284 -0.1074394585577118 0
0.0932312153471714 0.1068220825216658 0
0.09660272857243127 0.09772917798738891 0
0.1030956078778786 0.1047907414554571 0
0.1063370314860706 0.0953363795947977 0
0.1128662656764677 0.1026056540743656 0
0.5485047823552198 -0.1388429065188544 0
0.6402593216749607 -0.1221438738871598 0
0.6456705480609186 -0.113372365984116 0
0.6348115356440387 -0.129612076594134 0
0.2827188072310349 0.09850072674713234 0
0.2779426836258615 0.08969461696595199 0
0.4328218302898311 -0.1057734388946155 0
0.9502884910372266 -0.1192530610437908 0
0.9586135339473292 -0.1135488673070027 0
0.9580855491439051 -0.103686082080801 0
0.966925502993961 -0.1077985246963336 0
0.5913477937912622 0.05095750573194564 0
1.698273368986866 0.09243777515185736 0
0.4126016682974225 -0.1050621198712647 0
0.4023737478539554 -0.1043765226786509 0
3.402382883739091 1.232877772500006 0
4.160504678837977 1.337143309964035 0
0.1161455634656701 0.09359649446584498 0
0.1226673584164902 0.1006487735388698 0
0.1259159679543145 0.09150814807874477 0
0.1324881894259155 0.09877437300083983 0
0.1293461479708369 0.1080292771166249 0
0.1391091734046029 0.1062129375463378 0
0.1422826943146172 0.09676036194752019 0
0.1489029160626162 0.1042519454922271 0
0.1518503815338313 0.09498212571893162 0
0.1586639753687379 0.102306140452158 0
0.4467903634659062 -0.1329454316722017 0
1.078062637527 0.06519354820934442 0
1.091875953299787 0.03618303356506206 0
-0.05471898819681165 -0.3116429670117256 0
-0.04663451726196102 0.1551870570495056 0
0.5460216041727449 0.05658121947426349 0
0.536417834584067 0.05934461662560453 0
0.5337547448917533 0.06881624514391801 0
0.5267644121325705 0.06194152954415277 0
0.5240930709666474 0.07138552140538901 0
0.5170440107178963 0.06429503947486825 0
0.1618851573144514 0.09279256098587303 0
0.1687957950477902 0.09983456068755503 0
0.1652976414890438 0.1097662873906561 0
0.1344090920948795 -0.07616159010716315 0
-1.45868985141384 3.656375289129172 0
-2.254277203534759 3.597263629433546 0
-2.580201716511796 2.877449795699715 0
-3.051024759103154 3.523690266905553 0
-3.385014261737386 2.795712992726982 0
-2.912063428520618 2.148597064251013 0
0.7094909535550636 -0.2278333185737218 0
0.7038572556867537 -0.2687091293380443 0
0.6551768313198463 -0.2733854014549408 0
0.2170549110590753 0.2340807484294559 0
-0.8239601457043321 -3.423567107735023 0
-1.657512992108918 -3.469798437697277 0
0.1111513003921901 0.08623406387486816 0
0.6984147528736488 0.1327115085991057 0
1.07590168039093 0.01064116239052463 0
1.104808016462798 0.00850055882676096 0
1.08902174183429 -0.0154614739978736 0
1.117020014574784 -0.01733816980735588 0
1.09925508770561 -0.04104603217698208 0
1.128536751538666 -0.04290808260013165 0
1.14865611227599 -0.01721303482661513 0
1.112113863931199 -0.06520875672282979 0
1.087201050246102 -0.06458927884026693 0
1.097187733119003 -0.08602378773324144 0
1.075592236294546 -0.08177210682894338 0
1.067267981229376 -0.06597667644650454 0
1.058370040914897 -0.07854541682341704 0
1.064951838506071 -0.09426205681414587 0
1.052067025236945 -0.06680161309867721 0
1.045265986179212 -0.07643408229896331 0
1.040209321595323 -0.06664512057306529 0
1.045394075936683 -0.05734192916900349 0
1.034403698607212 -0.0751894555065826 0
1.034736769439219 -0.05792813529220714 0
1.038906907028659 -0.04863728054892658 0
1.028596289330542 -0.04897301415187713 0
1.164528881460303 -0.05614881765387869 0
1.187049449425128 -0.01321097947012261 0
1.038307642678283 -0.0846192583410522 0
1.028158842630879 -0.08315179956782201 0
1.031938494736266 -0.09243123291130118 0
1.022008016411853 -0.0910383984228125 0
1.123512747771076 -0.0899645370008287 0
1.04780020139858 -0.04788567192304481 0
1.10559031624942 -0.1115379325048536 0
1.209516630067617 -0.06079563196150189 0
1.236740575688248 -0.01121841557708577 0
1.025752268928556 -0.1003659976902266 0
1.015851981353403 -0.09892878364761055 0
0.9926382037217195 -0.07429139685809599 0
1.043086924013086 -0.03923998286149567 0
1.133913477984663 -0.1172656090411961 0
1.113354755827318 -0.1409149610741835 0
1.018866331993415 -0.008934730791471588 0
1.005729022212247 -0.01063354368437317 0
1.012244697947736 -0.0201373194265373 0
0.993900196082974 -0.05589679277471798 0
1.00124562154302 -0.02104400566550027 0
0.9947414884879888 -0.01295976217331914 0
0.9910357129946793 -0.02238258712209891 0
1.006980480352108 -0.02958334915855304 0
1.024331734611714 -0.07422289224040196 0
1.126908038241035 0.03248744790144628 0
1.036101590192009 -0.1017182908903725 0
1.029657181766507 -0.1100863739111811 0
1.040514114193039 -0.1118049373517193 0
0.9845528796364267 -0.01470520527897008 0
0.981151746350841 -0.02412493906090888 0
1.034043834238523 -0.01082096978118309 0
1.004461842255889 -0.05650600940183825 0
0.8554290694368559 -0.1263698082510935 0
0.9879147363393193 -0.03103279857011309 0
0.7920246028173274 -0.1084184975244179 0
1.012413170208538 -0.08989607296812742 0
1.00622347832102 -0.09774691232484403 0
1.009743633959011 -0.1068385420371586 0
1.000176750766984 -0.1053215419267672 0
0.9976228583348772 -0.09526154946630086 0
0.6502732166909113 -0.1223860901806398 0
0.655543683396711 -0.1138843336237869 0
0.1548545616388033 -0.07862441154340609 0
0.6313465438074521 -0.1033647151961547 0
0.7742447279776786 -0.1041225416887352 0
0.00323280839249152 0.0651266937556742 0
-0.00675903858247794 0.06467169396393874 0
0.6602613949115302 -0.1223159738217202 0
0.6654663853212927 -0.1140932664854701 0
0.660735397270413 -0.1053938055778858 0
0.670889075817775 -0.1056806747585476 0
0.0183921398600435 0.09130251060924405 0
0.02286269911640765 0.08227670056044242 0
-0.4788229864282612 -0.8106563592588931 0
-0.6010883824060469 -0.6329851814142133 0
1.017171884992153 -0.02961874543223444 0
2.014755924641896 -0.336777237726531 0
2.09737882984399 -0.3931430460127144 0
0.8451972399081455 -0.1026855943455714 0
-0.1284642318153562 -0.3094247910220806 0
0.9194729522291195 -0.003410489161437677 0
0.9169573845602931 -0.0129000500297618 0
-0.6361405646519263 3.675291741800934 0
0.5192426946912243 0.05457835537026014 0
0.2131185364193235 -0.3902507266731972 0
0.5144180998786889 0.07391222405315166 0
0.5073668233866094 0.06681464664660461 0
0.5073344599782598 -0.1371691423662836 0
1.148119913162714 -0.1485612870578343 0
1.124229629455969 -0.1758372830825667 0
-0.4254924039196744 0.4879961170219629 0
-0.3224353953387084 0.6003465559510115 0
0.9677174922428053 -0.1178954952371132 0
0.9757535986166822 -0.111656319137316 0
0.9750142988975093 -0.1019425792144792 0
0.5651503039844643 0.05078640161120493 0
0.5806892799954335 -0.1033715430419708 0
1.053922248211398 -0.03831034800613189 0
0.1751673021669281 0.1077087797560593 0
0.1784460573179492 0.09818656064759408 0
0.1849238367471932 0.1058009909447661 0
0.1662028365221841 -0.4835443604651315 0
1.261345710862364 -0.06699163106752326 0
1.300084809309679 -0.0165452141891644 0
0.6250843323379172 0.04135110777858997 0
0.6339938168401686 0.04591373480388573 0
0.6341702117835416 0.05569848427132595 0
0.642815157717616 0.05063215779453138 0
0.6427978677386935 0.0405686216913242 0
0.6514788104959366 0.04553257317168177 0
0.6514838577815405 0.05561791510440049 0
0.6601617691617512 0.05049308326725394 0
0.6601154188775984 0.04048017555485632 0
0.6688030092123629 0.04543253345565131 0
0.6687505470373452 0.03543033942083646 0
0.6774378906718762 0.04038312422935922 0
0.6774478857528231 0.05045979867454234 0
0.6859747172446231 0.0451036661640289 0
0.6860464152980756 0.03529723337459319 0
0.6945860966889797 0.03999898403402906 0
0.6946718860678522 0.03023445964134084 0
0.7033576201374001 0.03518508818329462 0
0.6602257194795488 0.06047515297930131 0
1.079969764861838 -0.1323408325886705 0
0.4670345623728363 -0.1338359056570752 0
1.033295685992725 -0.1219047005368017 0
0.8761285846549677 -0.007263554030610452 0
0.8827710107629333 -0.01453398322470056 0
1.139239311147332 -1.322501475125266 0
0.05136026574123981 -0.3960913484697624 0
-3.583934421477448 -0.467737161805094 0
0.3029145462246214 0.08143378175282659 0
1.003614950732254 -0.1146739060167919 0
0.4087511784168594 -0.09607754915292151 0
0.7033406296594046 0.02524753902203092 0
0.7120175879802955 0.03019118493672127 0
0.7120628834941707 0.0402013917290637 0
0.7207265715436304 0.03514938943673857 0
0.7206453395091407 0.04494754035024471 0
0.7294327901212357 0.04005342738537762 0
0.7293455186825628 0.03006305866508197 0
0.7380815015762155 0.03495159469739756 0
0.7380831780516453 0.02518343711367642 0
0.7467025052336129 0.02987324638347911 0
0.7467020069820864 0.0201100371627303 0
0.7553011523423918 0.02476796153302714 0
0.6054161030949017 0.09399160664792375 0
-0.0121496975562176 0.07307019754989771 0
-0.01674736961030788 0.0642082706827387 0
-0.01135646040784925 0.05579068318538108 0
-0.02134452256237257 0.05533064625205118 0
5.052744415518281 2.318243447632051 0
5.521353954593872 2.968829815400348 0
5.224936434329654 3.687975807222158 0
6.019859585942173 3.595780879547173 0
0.97692857894337 -0.1220164589707645 0
0.1115895209849729 -0.1396290916030349 0
0.6011979081391458 -0.102480981199956 0
1.011472483413479 -0.03803614244391613 0
1.274807527808713 0.0498163646284578 0
1.351204304471524 0.04739046982363194 0
3.724611642902812 -3.296636922850553 0
4.384959624708999 -3.737554013128256 0
6.341556824141362 2.856533272926797 0
6.820662379606347 3.497202265815947 0
0.312899478954124 0.08133015775501785 0
0.2569310954717591 0.08863825683044327 0
0.7551711557465445 0.01478732408360154 0
0.7638717233278639 0.01961558559566376 0
0.7595135819831098 0.1070397404081168 0
0.8626604180616663 -0.09905858559889891 0
0.871286814520815 -0.1051170859599311 0
0.8720719972316182 -0.11468087584859 0
0.8802308531490115 -0.1093526341996972 0
0.2467324295980751 0.08390712363730397 0
0.5748600508291217 -0.1295443443080411 0
0.01302836661333871 0.06544072609111344 0
0.7641010950013825 -0.1063633469737154 0
-3.71766877618334 2.067805191183534 0
-3.25629459002323 1.423668799946202 0
2.187486170405796 -0.3497756617500627 0
9.921539030910022 0.7999999999908369 0
2.450320966282054 -0.3194052558466929 0
0.9240139903952123 -0.01941841902890424 0
0.9145740555239548 -0.02239920380443725 0
0.6081525675614025 0.04141370833348994 0
0.7292236168409588 0.0200799318756289 0
-0.007645038154053936 -0.02144667617197281 0
6.410444837330974 -1.964121460473419 0
6.382251414784033 -2.743447866037436 0
7.083274708693506 -2.391236305055501 0
7.046378619011653 -3.189271234191663 0
7.755118090288581 -2.823772562875235 0
7.718271994454863 -3.623158929739795 0
8.428305666504244 -3.255648265250283 0
8.464762721336834 -2.456556368558138 0
9.1384901694947 -2.887885969272198 0
9.174976559265897 -2.088752727920373 0
9.101955321087459 -3.687073796953486 0
6.37026897083577 -3.520256568204412 0
9.81228019789304 -3.319149194826775 0
8.501125806494738 -1.657552661789137 0
9.211448843554882 -1.289633912152483 0
0.5006494612940569 -0.1694308327922401 0
0.6868908526066424 0.05453586644829232 0
0.1721487809045669 0.117812318202908 0
1.675724929397764 3.07902353787566 0
0.2087850471873297 0.1123667089286321 0
0.6611921891303243 0.2792613017874424 0
0.8795803674661488 -0.09952986678306465 0
0.8885589160073257 -0.1038931338216952 0
0.8893598846645295 -0.1134380797317465 0
0.2588454815673906 0.1182611581378162 0
0.2296012238134848 0.09398203708440558 0
0.714878553755372 -0.1169227461444445 0
0.7081862131498473 -0.1095166706168346 0
0.7045098578284604 -0.1209743507665997 0
0.6982820322408558 -0.111797375690764 0
0.7014763645564593 -0.1021223995189862 0
0.6917663363985734 -0.104229884535896 0
0.2682826250722989 0.1126177871494921 0
0.2690769182204557 0.1243805879550925 0
1.979225663724046 3.799145387666142 0
1.073399464730476 3.618536868711795 0
2.766219677795786 3.859483595248201 0
9.884210384328544 -1.720782289671984 0
9.921624653982349 -0.921664009267896 0
0.1457189107880646 0.1137365929031317 0
-0.04071543738455351 -0.04973598267411309 0
2.162251841263471 -0.6077617434759982 0
0.6884986660802417 -0.3177151775450339 0
0.6317935730273894 -0.3271509143580972 0
0.7413806107669443 -0.3039422923903905 0
0.02843083337442595 0.09054654687470344 0
0.03282846356002761 0.08179447144976257 0
0.03841094590859786 0.0898651567801992 0
0.04280182851909593 0.0811290811720695 0
0.04838465687870529 0.089169591332884 0
0.05269779871068729 0.08022000514691037 0
0.1452081041449286 0.08737015418567637 0
0.9746576767885089 -0.01651496579801514 0
0.9713163535086741 -0.02593473010114928 0
0.977990280393692 -0.007160899360835825 0
-3.841224985709273 3.452957248555591 0
0.8974027890377628 -0.1082145721951742 0
0.8968334689200275 -0.0983117110130039 0
1.002623918735911 -0.07373130018798722 0
0.8985527088326561 0.006658383614266461 0
0.4746355916062909 -1.381636300412628 0
0.3179936233822848 0.08984442231513351 0
0.3228952988557852 0.08119915714833277 0
1.046228323724744 -0.1241502069875838 0
1.037872163260599 -0.1363893222065618 0
-0.03789867321302963 -0.06466203181537777 0
1.013436141363257 -0.115939597113573 0
0.7388060358993003 0.04589762483058483 0
-0.014393996670566 0.04534087034700379 0
-0.0259412316143791 0.04645052227798244 0
0.5311020357350409 0.0783221671809692 0
0.1616862758480033 0.1196484713830105 0
-0.4405621575555 -0.32539717532937 0
-0.5794555542049111 -0.32942896504353 0
-0.6617935896437933 -0.1804435454430194 0
-0.7770264258490013 -0.3308438485245466 0
-1.222799354140069 -0.2396650240321566 0
0.3967792045691877 0.2410190947711629 0
0.6760332458085164 -0.1142348940269285 0
1.358757000672632 0.2011311159679512 0
0.2048472203784352 0.08541875802017819 0
0.1940180252481259 0.08937617546218403 0
-1.088995415629336 4.310270312722693 0
0.5747705465526668 0.04854126486024718 0
0.5607533895033929 -0.1028170509854979 0
0.5507619024336839 -0.1024723849705128 0
-0.08015735912467677 0.1521975951656628 0
-0.08783118625050869 0.0891079723103472 0
-0.09303654633923242 0.06746869344992083 0
-0.110830355275695 0.0843348505052018 0
-0.07877513336483832 0.0539440538514571 0
-0.04227143117676796 0.0175133697179476 0
-0.04969581266210493 0.01056738066789528 0
-0.09808019626210095 0.04608591685505069 0
-0.04746844771575377 0.0003089508521727011 0
-0.05816165031386834 0.003865797338555809 0
-0.05207173271415169 0.02048937802200129 0
-0.04439038270369906 0.02744755475703343 0
-0.08168420865940949 0.03357299001285639 0
-0.1024679545009136 0.02520280988046988 0
-0.1231055806669412 0.03942176135270858 0
-0.05445159856173572 0.03062998529885155 0
-0.04655203332764604 0.03791540443485704 0
-0.08468147694978896 0.01111488035900412 0
-0.1067104875986384 0.003454173827195791 0
-0.08923237964918275 -0.01041890797915948 0
0.6775344312242783 0.06096419304543568 0
0.4187022556962487 -0.09676671886382177 0
0.9994408930974844 -0.2470034040923944 0
1.037186630693664 -0.2638844177956124 0
1.068043107173701 -0.229395960268684 0
0.8624161368351979 -0.1491325464857779 0
0.8435352149568597 -0.1548517585806535 0
0.7279513816688703 -0.1810544010040806 0
2.007923867264835 -0.4355645850137196 0
2.116476958525359 -0.7804615296606241 0
0.9925893508485293 -0.112473498124986 0
0.9972084767940841 -0.1226753503343519 0
1.042409135940313 0.4264126465495288 0
0.962014759055245 0.4746727509176754 0
1.054626891081176 0.5288655994443704 0
0.9513133030917873 0.5870620541459746 0
1.077465528873942 0.6557902088590948 0
0.9423182895151714 0.7269652380624001 0
1.094756776156142 0.8238040045878878 0
0.0278552880507147 0.07394147426890303 0
1.22995366472872 -0.110159486849898 0
-3.923250423017516 -1.168193145036208 0
-3.473119967770473 -1.804790814167727 0
0.1465958495918032 -0.1415135306267735 0
1.288605689102716 -0.1248433851947275 0
0.3983586465394348 -0.09555499262600987 0
0.391974844790445 -0.1036977064863317 0
0.3883209370754365 -0.09491111813703755 0
0.6950325696503539 0.02091160011308295 0
0.5051267619648456 0.07608312002988928 0
0.4980897423345885 0.06897562778762814 0
0.5118277778417482 0.0838816272876321 0
0.5003799305040082 0.05964858341851912 0
0.4911564598096657 0.06231301659436629 0
0.4889996461207805 0.07322416409259294 0
0.4817535471939188 0.06552636463628447 0
0.4783631125911382 0.07448142122706888 0
0.471536054476826 0.06786030694603469 0
0.4691128750423444 0.07674198679576154 0
0.4617936896112824 0.07013166536713983 0
0.4761960784819343 0.08351730049463653 0
0.4601382174495428 0.08084094603093227 0
0.4519792991032911 0.07250800139376261 0
0.4494003723564842 0.08228173545595578 0
0.4422918951316115 0.07498646243744733 0
0.4396953609182273 0.08471885159616567 0
0.4326152006178037 0.07751196369627897 0
0.4455858782147351 0.06534993414581822 0
0.4299758823038149 0.0873063046553704 0
0.4229646914577385 0.08017163126806727 0
0.4374475222312779 0.09494238074258501 0
0.4260169405531412 0.06954859616360462 0
0.4162032133241743 0.07239039664792032 0
0.4133550260530616 0.08262576752830371 0
0.406314633820595 0.07551609562177553 0
0.4036606932895338 0.08526197846216804 0
0.396672628771035 0.07843359855426871 0
0.3939933450418677 0.08789383583474404 0
0.3870097779426789 0.08106473033329678 0
0.3843156731453903 0.09048851834789812 0
0.3772752932692786 0.08339099155715353 0
0.3912870747682007 0.09729369687199024 0
0.3816573115923671 0.1000985592567888 0
0.4088786100458244 0.06600180413487318 0
0.4934831807513447 0.05297830439611748 0
-0.326153619330512 -0.3061453163818249 0
0.02408054177415777 0.09953182938592622 0
0.5599132192395164 -0.1400105323040749 0
0.553547283812394 -0.152170440870369 0
1.00252762959268 -0.03849769755517464 0
0.7639008327456254 0.00990175780526014 0
0.7724810443922757 0.01452822456956336 0
0.7725970460594702 0.02448539753132272 0
0.7811852098315821 0.01936256731046485 0
0.7810441417924117 0.009363349262493721 0
0.7897697020817224 0.01423357486647309 0
0.789846769289111 0.004600171503087488 0
0.7983935040962723 0.009170504977943273 0
0.7985039239683509 0.01911832654109251 0
0.8070935732702529 0.01399798213075257 0
0.8072278465449901 0.02398580615445767 0
0.8157460096569965 0.01874557852267873 0
0.818576168422995 0.02997795799822634 0
0.8156647467898057 0.008846653602968145 0
0.8243201811528911 0.01359927764043048 0
0.8242482530163452 0.003716007178975023 0
0.8350814843713521 0.009158054015033751 0
0.8331983366478136 -0.001293679351578017 0
0.8411513870807614 0.001851498961213125 0
0.8332115252242885 0.01947263138499209 0
0.9075219718738139 -0.01611218788716448 0
0.6600637422411855 0.03047661168530701 0
0.6686973257952422 0.02542947624196874 0
0.1688025054219889 0.1306321562222692 0
0.751545408758721 -0.1167972176798585 0
0.5333694019849802 0.3015552454488456 0
0.322054471316085 0.1304250999020343 0
10.60007819054161 -1.336854527875325 0
0.9055002071553131 -0.103018439513127 0
0.2990484417322559 -0.181719601040789 0
0.4651441943423958 0.06147593192896304 0
0.3797506871716335 0.07405970123038333 0
0.3702028899967348 0.07635326921206095 0
0.3676823677463662 0.08583276855676387 0
0.3604354495875141 0.0784397978776364 0
0.7813250506093548 0.02935972744024605 0
0.2766274137169767 0.1568887894096897 0
0.2806916543924815 0.1800296355591251 0
0.5319788433799807 0.2441853212786201 0
-4.008160496560662 1.373776129319051 0
0.3792855886714303 -0.1769422964434955 0
0.4123916589802574 -0.1697584830563136 0
0.008336777145568552 0.05675258238004752 0
0.9193795053386793 0.007712615475907742 0
1.455141332184153 -0.6500381530048949 0
1.415150815694912 -0.8672692528744734 0
0.8153831146924203 -0.0008172250851382792 0
-0.03698990370523247 0.0344329010739769 0
1.925419749406329 -0.3790578512263656 0
2.04467675188206 0.06228133534203318 0
2.052216019909618 0.1618561076089893 0
2.360216629606358 -0.3627781512848849 0
2.728097349841744 -0.08956179677953791 0
2.630523347911175 -0.232651317239343 0
0.6692379690529739 -0.3755669199066823 0
0.6045522924684358 -0.3880171389827692 0
0.5610974625965295 -0.3279901993172851 0
0.5339281841589023 -0.3943226752746614 0
0.347383978752757 0.1973188085563821 0
0.5282153028739217 -0.1369013440777929 0
1.024608345000187 -0.05822241776513654 0
-0.3570331185792526 1.19314117905768 0
-0.175184234298355 0.9193537192481951 0
0.09221607810368521 0.9305434347357047 0
0.5384234716796708 1.214259900023966 0
1.569603395756908 -0.4550736144353128 0
1.047607599441107 -0.02832037092255364 0
1.036632367959358 -0.02984364722242304 0
1.076322283290213 -0.04958055225716326 0
0.6024437204539734 -0.1527592093722643 0
0.7123702747006818 0.01970727349368887 0
0.859183182265815 -0.3779523585787843 0
-2.019918327305017 -2.872365986389339 0
-2.407916199578949 -3.59597099087128 0
0.531366869360591 0.1710594229559269 0
-0.1110513638768072 -0.01843339683642589 0
0.7210979795668602 -0.09819353929191051 0
0.7302491354933892 -0.09500857508144929 0
0.03391260057536712 0.2687180575974832 0
0.4815757723059129 0.2196510102165408 0
-0.9539465088592071 0.3686797343461068 0
-0.1032631841783563 0.1082016395190277 0
-0.1339584001035229 0.1048684950604271 0
-0.1165088516585547 0.1388744192423145 0
-0.1626695045163353 0.1309060181972041 0
-0.1702447533944391 0.08594302277330719 0
-0.2091293474516452 0.1211695937867193 0
0.8234205728446247 0.05203774169893906 0
-0.7234617870474591 -0.828737145382283 0
-0.5852512159860531 -1.055355646876819 0
0.5575114001808094 0.08040571680222407 0
0.5475009021302999 0.08375416394796731 0
1.059989478721667 0.09425463677696047 0
0.6514857565076223 0.06623490559275162 0
0.6611893291170138 0.07196764469556879 0
0.8972136910903197 -0.1319214643915877 0
0.8414419983146556 -0.006500454357149377 0
-2.778166317665402 -2.931270313740244 0
-3.1907138866583 -3.67641336344367 0
-3.543612502431197 -2.998266091808062 0
-3.972255436745268 -3.701811747630008 0
3.61650680361184 -4.049770089358553 0
-0.1971950478322572 0.169055958271341 0
0.5549899097807 0.09250100294885252 0
2.327165541975088 4.523095883275924 0
0.6410131820393599 -0.1547066695729937 0
1.081693360138716 -0.2833679916230372 0
1.112494437565606 -0.2431407142037452 0
-1.944392638751459 -4.205820830679472 0
-3.490381584675995 4.159076152346001 0
0.4049850121302193 -0.08750975696528354 0
1.25463181047916 0.7028646574761487 0
1.282670881973146 0.9228785819680657 0
1.449512361008345 0.7714782090538512 0
0.8395457115896692 0.04222710016107671 0
-0.1054807038784481 -0.06446789386291564 0
0.3693202979534985 0.1139368549290715 0
0.3579381262630565 0.08801841755513629 0
0.351200680817533 0.08092520781078533 0
-0.03111882298746661 0.05476066667816319 0
0.2804687606028792 -0.1615451280541503 0
0.254606823686974 -0.1643278253178937 0
0.3136727160337114 0.2010052233603704 0
0.213704137018613 0.08157040608913665 0
0.7690315496591454 -0.1459195733368213 0
2.295992942981546 -0.8983427604933302 0
0.53857167205073 0.05007267069169778 0
0.5486486132580609 0.0469143376215429 0
1.749638261426196 -3.24788622804476 0
2.250221934245038 -3.819661288925503 0
1.359527485911177 -3.927529145698114 0
5.044358295023331 -3.377648862141903 0
5.033210445240307 -4.170135013387569 0
0.09998217842082446 0.1144592740331395 0
1.097931306735355 0.09662596497938293 0
0.9652262768398046 -0.01858624761696172 0
0.9615531282562567 -0.02780541456622992 0
0.9676242257930645 -0.03479366274089374 0
9.76342271159135 -4.094513872799668 0
-0.2270038952917549 -0.007384339784908265 0
0.0004745446265262509 0.0009633083182440666 0
2.00724398626366 -1.397951905288673 0
-0.8098597332106828 0.1407988601038385 0
1.161642546149896 -0.185263249609646 0
0.2833999321385731 0.08147827495633947 0
0.273800330228309 0.08149687746074298 0
-0.0211935397169104 0.7480882005332741 0
0.1788644964574315 0.7120306742233328 0
0.03767875652036673 -0.1418993971359317 0
0.00649388231644701 -0.1435566309568125 0
-0.05686211535373641 0.04103084610059948 0
-0.04819279165757535 0.04825786353672908 0
-0.8480631743998647 -0.5730909322093187 0
-4.177956754585737 4.142083416200456 0
-3.223993774627948 0.1472964174508154 0
-3.964563816656551 0.1943492387967966 0
0.6870816695338737 0.06673167071457992 0
0.2403719697230398 0.1813885266938275 0
1.061746705448914 -0.02719700306675456 0
0.2722513419627741 0.09697691670292487 0
0.3083232370927978 0.8956342359362839 0
-0.1385206680195097 -0.004519414080057307 0
-0.0652423845555446 0.1817691929966964 0
0.4877666864081724 -0.3412354251059527 0
0.458063734142614 -0.4079302185211465 0
-0.20918174629501 0.5508958277233619 0
0.7867737544033822 0.1203155881824373 0
-0.04271872915027671 -0.03540832236288254 0
-0.05457354579213503 -0.005667742959088777 0
-0.05476171960689336 -0.04458205611749927 0
-0.05711333872688812 -0.03048701524535829 0
-0.07151499760163794 -0.03928914433472317 0
0.9053749327459271 -0.09321185819246093 0
0.2151691520616644 -0.1910150937897631 0
0.1802231500426809 -0.1934673391545494 0
0.1989711429691436 -0.1654732360120827 0
0.9635537755049141 -0.2271962363636041 0
0.314375134380952 0.5166364816356448 0
0.2238988702081796 0.5611119957817885 0
0.7663451804593497 -0.0973834617827054 0
0.7563376651386827 -0.09919056245213928 0
0.6724644403038502 -0.1350279554601198 0
0.9691345987731232 -0.1295203992205407 0
0.8982431751137626 -0.1182835241388455 0
-0.2167580270087112 0.07825814862938188 0
-0.187680057569399 0.03933249291164762 0
6.498342583507918 4.193115976829904 0
7.29859420741121 4.131316643884511 0
7.621926279695089 3.390013802921604 0
8.05141745726336 4.02136360355673 0
-0.02212925603679848 0.07240028441357044 0
-0.01867407534167137 0.08134389995072845 0
1.045362434285263 0.004159903812395289 0
-0.4762857136059963 0.635427301831949 0
-0.5928712786717476 0.5084299523234028 0
0.9662852411806299 -0.2700171619099915 0
0.9301083249081695 -0.2549021225142727 0
0.9299843840619944 -0.3053898637208585 0
-4.287759084481269 -1.777034094721866 0
0.2066946547496876 0.0764102183192185 0
0.6658215654681606 -0.09734408207615305 0
0.6558825727214972 -0.09659443291878447 0
0.675350451837019 -0.09786541554746625 0
0.03765937225087802 -0.1016185852101793 0
0.7462650851647289 0.01110726673892188 0
1.019253583095785 -0.05048270157933085 0
0.7987066953486706 0.02898811607797048 0
-0.04528589171613064 -0.01123797883980747 0
0.05830582057135771 0.08786168037441922 0
0.06251611773385571 0.07951460224450625 0
2.55478043351972 -0.7329299503937363 0
0.567777452044316 0.04115957652628779 0
0.05123771810016597 0.109303433898311 0
2.000578586077152 -0.6384376066451101 0
-0.0167645486179747 0.1526046320811024 0
-0.001784877688586337 0.1779453611734789 0
0.02865601444249625 0.2279910676824192 0
0.9498079627963625 0.2117035984958372 0
0.7231075898350605 0.2529155095894615 0
-0.06252535765246714 0.02286064290797011 0
0.9049390885211958 -0.0006501223386441914 0
1.055418925389683 -0.1384791649269575 0
0.3040637594723987 -0.1587058764526018 0
-0.01171956845110324 0.03449457805669041 0
-3.552032153953059 -4.378552017154091 0
0.8485955180329077 -0.001520313973720541 0
0.8500309214006048 -0.01162201664063587 0
0.8585103007945107 -0.004193296702475316 0
0.01736689962856027 -3.042138504974817 0
-0.1197300015206815 -3.840000481362342 0
-0.8000735594396652 -4.141206354222073 0
0.9676177201695412 0.007170931415512307 0
0.5015077374385437 -0.4608645522753926 0
0.2540982009377596 0.3058609354293814 0
0.8945923462613911 0.02630732136382258 0
0.4001498670015017 0.1128124913323254 0
0.4106541063359648 0.09217960084081701 0
0.09828418574546717 -0.1223527610858171 0
0.07538953097816067 -0.1195741785533283 0
0.7816910895398357 -0.001736554028786164 0
0.01740715366661925 0.05741420415066387 0
0.8582647038897926 -0.01547320886452863 0
0.3622827357989591 0.06837606017702622 0
0.6553461143629062 -0.1308147070310764 0
0.6878451919200401 -0.1148525659515546 0
0.9977314833668229 -0.08359581583486117 0
0.9872328891265432 -0.08269369900397494 0
-0.3367153145221191 -4.693936673912592 0
0.776400031069564 -0.09503940466604706 0
0.6876139569985367 0.938514544374025 0
2.863064792949077 1.347160907604593 0
3.040440342536662 0.8725728086456395 0
0.7728455557721177 0.03428474962656768 0
1.260703194427392 0.1803827684681683 0
2.057019836501634 -1.011599985922339 0
3.799232952208291 -1.119085947412699 0
2.975156931254451 -0.2488843318078252 0
2.998451397443526 0.04052757629593185 0
3.005945504084718 0.14024430329306 0
3.088549623208327 0.08391307618930427 0
3.096041462235212 0.1836344925140401 0
3.178652396239388 0.1272891896468363 0
3.186679052320187 0.2258994853127565 0
3.2682988616474 0.1716133491120115 0
3.26040906741804 0.07769844620242269 0
3.27797447167853 0.266797798044988 0
3.117603224143533 0.286536358943194 0
3.080659448846943 -0.02164737386976156 0
4.303700209769376 -0.9192801044558268 0
0.723254745776696 -0.08868619810537617 0
1.021308721825167 -0.0403554010119795 0
-0.01830375816330727 -0.06820867136168988 0
0.3273486467610915 0.08950163581274043 0
0.332272863839384 0.08152321945881572 0
-0.8932944734717223 -0.114973148053622 0
6.984481607064929 4.873124846854963 0
0.9083983771770662 0.008729218367318223 0
0.4730981472863386 0.09943079486421902 0
1.265395559265951 -0.7338959946471429 0
1.203108006265945 -0.9521013997477052 0
1.370757699348033 -1.117950994525273 0
0.9527574896330169 -1.089687780591656 0
0.9926850353508927 0.006104455700000348 0
0.670177618129999 0.2140896215303035 0
0.6190287499021743 0.2317889802939497 0
0.5907889854999323 -0.1421085750158978 0
1.083214934230286 -0.1020329998283548 0
1.065960150460042 -0.1113773586691791 0
0.9566166011707642 -0.02039418620140297 0
0.9507650497189456 -0.02943376727935877 0
1.172111130411699 0.5728857216605511 0
-0.001219013731958104 -0.008497079759340574 0
0.006921805927981316 -0.01638529906591357 0
0.3277951162977302 0.0724958105466284 0
0.3377550911854262 0.07309053206613683 0
0.6630042205599478 -0.08900755241816234 0
-4.326873594542684 -4.465003821571134 0
0.154383513460943 -0.1136858381467172 0
1.378381831028393 -0.04564712857483042 0
1.44165293948491 0.05451870061313455 0
-2.467453942146262 1.533393343282131 0
0.118008833223658 -0.1212215654311245 0
0.8054679140591153 0.6366295634809664 0
8.998807883562037 -4.560225732828037 0
-0.06934719431396229 -0.004470142749578521 0
1.959649418334959 -4.6675124473316 0
0.8532440949342213 0.01233586859448394 0
0.5231119196545212 -4.301415225886115 0
2.177086701375067 -0.4567622903596058 0
0.8969725913406649 -0.08770352241977325 0
0.7275334911838081 0.06231926338448521 0
1.474950657247813 -0.04287137864203773 0
1.525517636149904 0.02811713326868497 0
1.152912657339558 -0.09193535937550401 0
0.06755835335744731 0.08693469453766965 0
0.0725168251482497 0.07914975278766072 0
-5.269020510532052e-05 -0.09561912921974547 0
-0.003244280112730963 -0.07870869977015105 0
0.6516556999862591 -0.4473025021426883 0
3.255881230320282 4.575894260889781 0
-0.03319144725674165 -0.07973323581723406 0
-0.3326092407297772 -0.4995392689463878 0
0.7984496733454196 -0.0004805005484475938 0
-0.09907622467274402 -0.38387535740741 0
0.9140137731524147 -0.09752205389665447 0
0.9137234089176589 -0.08780367732612616 0
0.9229208912581195 -0.0926145062749298 0
0.9322219226183082 -0.09871908929317059 0
0.9415559254534166 -0.09447875135114056 0
-0.2845193895162225 4.357329873001746 0
0.2061506450176614 3.688986150451248 0
0.6002723631465937 4.287349985906145 0
0.3629320287068523 -0.1089207041575619 0
0.3694582461382022 -0.09979222026334195 0
0.3578637947932335 -0.09964658039314796 0
0.3476686664460474 -0.09841994566400543 0
0.3534422280514793 -0.09152988731454549 0
0.3440726837230061 -0.08935260717921312 0
0.6886432962853115 -0.1811159577676318 0
0.04105540506484708 -0.06002506514876384 0
0.04827008331658781 -0.05260601175921887 0
0.058661351443233 -0.05476444799786124 0
0.05537576584943132 -0.04571090843453575 0
0.06579981793803671 -0.04745691427837604 0
0.0456705369728149 -0.04321852663970303 0
0.05260339215522879 -0.03572646340272384 0
0.3370477849645413 -0.09738438144333944 0
0.3342439383644212 -0.08764029587383534 0
0.5378127976456383 -0.148830170049207 0
0.1313693165038504 0.128415549999619 0
0.1162130002723994 0.1178586781079669 0
0.7111849327813223 0.05079376594355133 0
0.9531623712793984 -0.1433101375492448 0
0.3184040627197946 0.6327135866906302 0
0.4528167250704968 0.6866492365687766 0
-0.3476136026222557 0.776359864392883 0
0.1890401512892897 -0.09184701525312615 0
0.1954003126547089 -0.08367014731853042 0
0.2056465927755282 -0.08467327626501789 0
0.1853704949986454 -0.08246085694304661 0
0.2013722330957345 -0.07566113573303389 0
0.2111143404334396 -0.07674008634058359 0
0.2156383838113493 -0.08540771050685095 0
0.207212839732606 -0.06902231610900836 0
0.221034091585431 -0.07723405050261473 0
0.2265827622477584 -0.08664892009902665 0
0.2305004399811866 -0.07748995010635236 0
0.8734917773041999 -0.01706977294095815 0
0.8797248093494678 -0.02396766867736861 0
0.8892185796320301 -0.02133950938902521 0
0.8922894349075292 0.1057885229280473 0
0.9294038420758446 0.1152320126471798 0
0.9839917651141128 -0.1062998623488596 0
0.9828754906088695 -0.09727280532603655 0
0.9743047942856977 -0.09141075394917364 0
0.2119053868802177 0.1833770055182746 0
0.7554216359015774 0.03432314224966774 0
0.8796322147657469 -0.2702497903793046 0
0.02712000091563056 0.1745549874021411 0
0.05489651910218459 0.1779441410289564 0
-0.03675101490868887 0.04528147096669469 0
8.507084088157214 3.250919453249346 0
8.90979837645034 4.002638723578194 0
0.9041724627973469 -0.02661170792514879 0
0.9127207174610663 -0.03099964237806867 0
0.7815836632235534 0.04086319108107521 0
0.9230404371460483 -0.08293755414008852 0
0.9909362021304938 -0.1411014758914335 0
0.5771257159671158 0.03882224142121948 0
0.9322318267908827 -0.2003358500946414 0
0.3191952846998456 -0.1046350189905016 0
0.3143680724643484 -0.0954070545662708 0
0.304118748153784 -0.09429388924900328 0
0.3104023470087144 -0.08650205943096592 0
0.3188788865509268 -0.08834678334377219 0
0.3004584341374795 -0.08544595719484391 0
0.2944090949479432 -0.0929022361446209 0
0.2906856356127097 -0.08313619904884799 0
0.7498367630282838 0.05371587050763885 0
0.381126481232376 -0.1024357524497119 0
0.3780217922492395 -0.09305610017464358 0
0.3686110114091476 -0.09044385300890564 0
0.3752806117382053 -0.08493280718297416 0
0.04706421009277215 0.07266012492862126 0
0.8828683038229862 -0.1282365107549385 0
0.8704528039297827 -0.1349807957090327 0
0.2428212913484324 -0.09724490483124351 0
0.2494007647154289 -0.08918079416752682 0
0.2596614761412583 -0.09005321376367939 0
0.2551145441087479 -0.08093722058321552 0
0.2464611370114605 -0.0810508050275633 0
0.2651514484806362 -0.08149457578914324 0
0.2695930549447258 -0.09064506118636982 0
0.2750257034010274 -0.08225331717711297 0
0.2825220131679814 -0.07434241497134593 0
0.277931267615792 -0.090285109992819 0
0.2601555638432853 -0.07054964687928955 0
0.3893769119390732 0.106633691347194 0
5.745728316562726 0.7484798196828493 0
5.028470422772162 0.9474522022862565 0
4.559425806763881 0.6351175040719801 0
1.045914267964769 -0.1017277694216651 0
0.5561376943967171 -0.09393403965222509 0
0.03825069342715322 -0.04995798427582233 0
0.03666892259488119 -0.0404459143088924 0
-2.64032142719387 -1.648543752353382 0
0.7560268608379792 -0.1375695754295241 0
0.8205064201834777 -0.1398629221769148 0
-0.4683761801254069 -0.4775718873487538 0
0.3785247096691277 0.1944903518549807 0
0.4133562418213398 0.1980318339393281 0
0.3769465503003884 -5.082067951315439 0
0.6991960361967737 0.05653317154679097 0
0.4195992938886948 -0.34151579060235 0
0.3811269929377264 -0.4210510626547892 0
0.6012347258594004 -0.2808477825731698 0
0.8327121337271208 -0.01137789879899427 0
1.006869510284378 -0.04695726052504734 0
0.5666598774665969 -0.09417355465798101 0
0.5723056951172749 -0.08481661286277671 0
0.6969374087047627 -0.1292274694061656 0
0.3446757088852633 0.06597941238440364 0
0.3078001534454276 0.07272052951253105 0
0.2982376675383656 0.07286854438961234 0
1.051072008650691 -0.0129263774144909 0
-0.07228667459155511 -0.02250038596775027 0
-0.09027354679314233 -0.03080835701972826 0
0.6762666072382086 0.07363201236593168 0
0.8483429817737871 -0.02176294607422817 0
0.0166456194011721 -0.01197834195067392 0
0.0172103994814703 -0.02214105481250633 0
0.02661057295963021 -0.02714151583696201 0
0.01875571842458828 -0.03043106821726646 0
0.5518636155056399 0.1941323304959395 0
0.5938731051117128 0.1846862865674083 0
0.08312665930780701 -0.06786712370040235 0
0.08995405246591595 -0.06023076555236068 0
0.1000543860694662 -0.0618378627801527 0
0.07951404481095414 -0.05835972825830411 0
0.08637497631102264 -0.05026288042379196 0
0.07627381088853788 -0.04881253854066511 0
-4.582539390680447 2.022626697081396 0
2.652940158734692 -0.6459823017803331 0
0.1937585499394374 0.09938586111480642 0
0.07173646923817521 -0.03784077084935421 0
5.715999325574921 1.463314600856691 0
0.8003754603537843 -0.1153887107101204 0
0.8021033280412777 -0.1051413901014353 0
0.8116624959181296 -0.1014093666522809 0
0.7942135628456676 -0.09868786677697866 0
2.812694694466374 -4.340135226159191 0
-0.06859267358235517 0.01093435225426176 0
0.5993472287174278 3.041848591564785 0
-0.1316745581713106 2.938875538659267 0
-2.031076820446013 2.191494722999306 0
0.02823300493134642 -0.0475924814946652 0
0.019103350115418 -0.3128889380148661 0
0.3631042290197657 -0.1629695758423175 0
0.340779273870687 -0.1586481216676866 0
0.8242482535286373 -0.1552050562068309 0
0.2268291222834848 -0.1615750693194762 0
0.2099533247125399 -0.1439841154454939 0
0.1867839354340674 -0.1454933435938881 0
0.1741951254359189 -0.1607333534447737 0
0.1650620995333635 -0.1426919720656325 0
6.276296038798391 1.981160508484803 0
3.616502853529092 3.841151570830655 0
0.5549224156395099 -0.2700927296061579 0
0.6221168344973761 -0.245140489109991 0
0.04135717435346919 0.05853515046201441 0
1.314514996277343 -0.5827426641986357 0
10.62401534389618 -0.4746134845355912 0
9.951251281463669 -0.1082725881906167 0
0.5824750103934281 0.02999469277887763 0
0.5915647290001377 0.0347293122080028 0
0.5986524732885795 0.03064299986624646 0
-1.901171442796363 4.264178113564174 0
-1.557657076451672 4.974571122554712 0
-0.004306794298935231 0.0478167844776 0
1.014631501235067 -0.05938956972723286 0
-0.00997239642187786 -0.001559887065120458 0
0.05623358332730927 0.09810260507744628 0
0.318071451899225 0.1567176609392643 0
2.637920115736969 -5.149353628455603 0
0.6950344287682431 -0.09367572153942191 0
0.7063849538155793 -0.09254873311924684 0
-0.2850427785584678 -0.2081505203584946 0
-4.314170007773944 -3.053933324309539 0
8.529987520167701 -0.8509655080607228 0
1.506306935327158 1.02379910690148 0
0.3529253026417639 0.07083700040978701 0
1.326597522987902 -0.1989033039301809 0
10.48610054375741 -3.750378467047117 0
10.53035686778617 -2.935333798278144 0
10.45972709653682 -4.597691015308404 0
11.29564869143832 -4.837793764120579 0
0.09658702063864066 -0.05212876351214561 0
1.583652237414805 -0.04960402325828159 0
0.5245034696486047 -0.1098422126237141 0
0.5301382701743272 -0.1013995917966714 0
0.5196683008235341 -0.100949000492709 0
0.5095402939801165 -0.1005619006221706 0
0.5155679052368121 -0.09220881692781126 0
0.5403943167296532 -0.1019469804880139 0
0.5356158649690924 -0.09303281709918285 0
0.6814285075607841 -0.1058013580608319 0
-0.06339265556985389 0.05864701318849518 0
0.9326243122957716 -0.08845742687055061 0
0.9422637305381254 -0.08498139497602671 0
0.9506607321635487 -0.09089608063914729 0
0.1040069767795132 -0.07145694930640492 0
0.1104196299787851 -0.06364873267527735 0
0.1204611932480876 -0.0652970686392501 0
0.1166755210292884 -0.05594357261127722 0
0.3259045297281276 -0.09454044569402062 0
0.91382642546687 -0.1088532777000918 0
1.159173430429179 0.01983374021409014 0
1.154016021905152 0.05884290115464935 0
0.06210087761241637 0.06336539834933033 0
-4.49145807001564 -0.4372260842786114 0
0.5619151853333657 0.03130488284257622 0
0.5574746308088662 0.041164971472027 0
0.03545161050328839 -0.02195824679374564 0
-0.03484385284366029 0.0243133710248611 0
0.238052694113002 -0.08610681347974593 0
0.1789394505681364 -0.09060822188209074 0
0.175270854921271 -0.08118039084666884 0
0.1810553512381074 -0.07361394951731982 0
0.1710016594334448 -0.07224047248382073 0
0.1650500853689978 -0.07991414657285958 0
0.1608166512003812 -0.07089643342861841 0
0.1504869838929395 -0.06976395866728782 0
0.2765827613827837 0.1059481995525497 0
1.032489705260596 -0.03956673125490835 0
0.06290648443396964 -0.06418926423942173 0
2.348372121306975 -1.172494593746825 0
1.510785714374909 4.45667182380734 0
7.041779003225734 1.747083991531949 0
7.196075936211477 2.629956984670995 0
0.09333787011549496 0.1722447154817855 0
0.107037309267851 0.1927661349857469 0
0.09072954394815891 -0.557306211324895 0
0.3470847818633988 0.09157492874883549 0
0.4263952855176986 0.09718523626439153 0
0.4346940021927194 0.1069303374863194 0
-0.02121574284885082 0.03735693839597244 0
0.5039879866224118 -0.1088386834490702 0
0.4994344077984426 -0.09984630611568338 0
0.4938470859710434 -0.1082100594976765 0
0.4892757629257751 -0.09916457329438162 0
0.4792989330248199 -0.09869233254386542 0
0.4854801060586498 -0.09042327353371554 0
0.4736048218072693 -0.1069973697356232 0
0.4690746839486338 -0.09777478020281474 0
0.4634614933828237 -0.1061287159146024 0
0.4586573760212039 -0.09717804575539066 0
0.4488374261795016 -0.09712367730907884 0
0.4550346312121977 -0.08857578455874761 0
0.2837024620134284 0.1286867597282133 0
0.5789563783370305 -0.1421744999580879 0
0.3409365023705745 -0.1066722843188072 0
0.08308955477576457 0.06601257203132851 0
0.08723106286913299 0.07522151764642987 0
0.09674596859699315 0.07670215359062754 0
0.0902252615446474 0.08447398241031602 0
0.6600284828878873 0.02060101851957294 0
0.6677508728932722 0.01530380561667706 0
0.677232690440341 0.01881752645874851 0
0.6514789339350885 0.02543148358672544 0
0.642455207206497 0.02178547355036308 0
0.6355624103672116 0.02681356705303012 0
0.62741899928183 0.02669086857140475 0
0.4955049966553716 -0.09103939836165795 0
0.5020786976879378 0.04919234237472354 0
0.5460680943680225 -0.09364229892193493 0
0.4429571513685461 -0.1054824557794999 0
0.4385051323870603 -0.09708552981648051 0
0.4285322048117363 -0.09690809100724372 0
0.4345710386615664 -0.08851286935838501 0
0.846916642062054 -0.1326344758340335 0
0.2547854605258545 0.07823933386142236 0
0.1027517318102196 0.06819629521355555 0
0.1129478400798869 0.06887367832550186 0
0.1169377118378643 0.07764381590938907 0
0.126758264315978 0.07789807712060126 0
-0.2707018520007156 0.1065854517962529 0
0.4646465203428241 0.09092324177498021 0
0.482642265074645 0.09138939928686143 0
0.4926281486008164 0.08388902464039082 0
0.8435674240616172 0.01670823066338771 0
0.8415820936095042 0.02755660408887544 0
0.830863541001392 0.03049758311690256 0
-1.011247765942821 -0.8534014446301146 0
0.2562752944113019 1.13083159791157 0
0.2974596355511248 -0.1025963986588062 0
1.023468987251014 -0.02028830115198527 0
0.09340109177313484 -0.04226197555644668 0
0.2382602947742984 0.09910313111737996 0
0.2766023699936184 -0.09923377560139159 0
0.2647986049843131 -0.09943939443128386 0
0.2919440808824432 -0.07279777990582834 0
0.2211133997505738 -0.09505192523392009 0
0.2032419107370177 0.1214181357284363 0
0.1926180172635581 0.1152885545319317 0
0.2107017428026095 -0.09417474786352295 0
-3.245971573220998 -5.160970693890815 0
-2.749616788943813 -4.497162530021194 0
0.1243350206654642 -0.07465744004336938 0
0.1303299458767967 -0.06689520044218875 0
0.140284371639244 -0.06847315708229641 0
0.03264264428520224 0.06465849614416376 0
0.5451007021010186 -0.1108362414643868 0
0.1067035458315832 -0.05415046347176163 0
0.5824814199526275 -0.08468312963027687 0
0.5873065362772303 -0.0933572821417567 0
0.5974452024723185 -0.09308395485644819 0
0.8039196412993441 -0.09574718878055211 0
0.813027562005262 -0.09156681698095 0
0.8209001976479886 -0.09745163924996438 0
0.821836754614223 -0.08767395330517327 0
0.830015060644409 -0.09303503481514722 0
0.8391625675033225 -0.08959336085122833 0
0.1432756311532736 0.07018410817582681 0
0.1425926933696223 -0.05242999699627822 0
0.245107514150143 0.0740786061349509 0
0.2375077081088396 0.07946284964109075 0
0.2613133567920031 0.07312994762809452 0
0.1633813872450209 0.07071957124866335 0
0.1683975531524131 0.0788956771362498 0
0.1784940706676305 0.07939701764770929 0
0.1718668095152431 0.08910948231897779 0
0.182947515144056 0.08892081391346338 0
0.1887983735790618 0.08045649771305043 0
0.1583225974767839 0.07882600906403839 0
0.133008821356909 0.06988911105150702 0
0.1374047398642324 0.07974933358915832 0
0.1624330498014752 -0.05595644080510712 0
4.428732200538404 3.77214947421218 0
4.905967450191251 4.421721204911689 0
4.09478990204277 4.512692946485325 0
4.54684821514736 5.216937488208315 0
0.1835734391740187 0.07082470469950508 0
0.3647729734819037 0.05860114463690486 0
0.1823390389468914 -0.0591224135354529 0
0.323385879771806 0.06298389294954214 0
0.2354831806596799 0.06940203606515026 0
-2.705734536879824 4.196909810203873 0
-3.165373758146886 4.883615395082794 0
0.2325209417381262 -0.06720247879709816 0
1.050137831141493 -0.0903460391575085 0
0.2740941350849415 0.06545526188230541 0
5.698301893681512 4.28025454615044 0
0.5412147629790334 0.04017353079369731 0
0.312053726316169 -0.07401256461267643 0
0.3331909482054451 -0.07690881480269329 0
-0.1828137000759922 -0.382232186178181 0
-0.2164885622303765 -0.2906754937664209 0
0.5521107483519445 -0.08461167958745322 0
0.3534233099184685 -0.07654361115273109 0
0.3840965374932735 0.0557203765389511 0
0.3912833422445149 0.06265728251656967 0
0.4036955571762827 0.05328795849031647 0
0.4136131164751291 0.05172151758161812 0
0.4182034927746544 0.06115179231872001 0
0.4293612618001306 0.05932539081604552 0
4.248189520006989 -4.625261044574757 0
4.988971640629122 -5.030199877146849 0
5.63353956757606 -4.671036605679048 0
0.3229788149936152 -0.1719620293798408 0
0.4118338837134969 -0.07957991685704863 0
0.4434505205233723 0.04823798462512176 0
0.4491302372515033 0.05595068948903918 0
0.4631664924030208 0.04534409171236562 0
0.4334883707474343 0.04965698895785481 0
-0.1407443151023528 -0.1786599001213754 0
0.4828160499343389 0.04237362981913402 0
0.4790268752856695 0.05064408343931549 0
0.4933029934190872 0.04253526861491585 0
0.511560167820128 0.04550016661424396 0
0.4359206555097163 0.06732811120019477 0
-2.748094038031211 0.7776482880317604 0
0.5228861418859159 0.0364955618782527 0
0.5303951430446744 0.04374734597277082 0
0.9844973331473711 -0.05350166968123356 0
0.9898891238833478 -0.04646321252629247 0
0.9811069286041147 -0.04440883819481845 0
0.9656035503263497 -0.04940314856975356 0
0.9634259294148764 -0.07696536282446896 0
0.9454724737371972 -0.04456127785500323 0
0.1443681802186906 -0.07757032727636955 0
0.6224196387637067 -0.08448872981760736 0
0.6168394157710142 -0.09333706669087249 0
0.6274179587864077 -0.09317707353266666 0
0.9357246852636633 -0.04238779226711974 0
0.9328860378243383 -0.03307228187608529 0
0.9225930557713569 -0.02997409153872949 0
0.9424545289624124 -0.0349849978198661 0
0.9396523174920624 -0.02533369464042168 0
0.8868476907005474 -0.03104759762609941 0
0.6324133133883559 -0.08449402843733585 0
0.6371299409637703 -0.09348891877831128 0
0.6412896748928221 -0.103597317325686 0
0.8726267564032916 -0.07975879973170627 0
0.8675537329826719 -0.08880185419836234 0
0.8579026314227246 -0.08905429578381709 0
0.8785243813561077 -0.08905006965868385 0
0.8527843902588936 -0.0803092500004117 0
0.6823451159058405 -0.08339129486013247 0
0.701132746081516 0.006604650363608356 0
0.6904727933128227 0.007316078084174813 0
0.7201526485644367 0.00218604330894936 0
0.7275852248705648 0.01086814383706275 0
0.7379498718093098 0.006637553920494043 0
0.7398083568442668 -0.002371115632053522 0
0.8084312352161186 -0.01516126524220728 0
0.7923033550401197 -0.08199459881346624 0
0.7877212663030222 -0.01105172414707483 0
0.7590657246321798 -0.005242656940780119 0
0.7525843272567029 -0.08288178072076106 0
0.7491073273855997 -0.09138966659394483 0
0.7725446077570135 -0.0815883164770677 0
-0.005030197068470108 -0.03089209078175691 0
0.9825567769100254 -0.07462029311405324 0
-0.2047805377214359 0.4405287078346501 0
7.031642069342201 -3.985227394938632 0
7.671974772171084 -4.39605330038636 0
6.970821442049752 -4.791000450842009 0
7.679397633894973 -5.233216078291694 0
-4.155661717939159 2.757961834460315 0
7.820625771634838 -1.221787094472986 0
1.578294665852206 -0.3549948744189023 0
-0.03777273958562067 -0.002628160102962314 0
1.677609363753905 -0.1078216313953353 0
1.688084554007315 -0.002194359987698667 0
1.772628915982398 -0.06227265239967118 0
8.391542498875468 -4.055098714556976 0
1.836874717270171 -0.4224354316107438 0
7.790509035294133 -2.024634286270351 0
7.778870948610431 4.778543824922895 0
9.84877479972833 -2.520006060817724 0
-0.0313944698560449 -0.03145620788091125 0
1.842506889217289 -0.323364421033301 0
9.244000358418745 -0.4865986029062169 0
9.268369870830934 0.3254211910469471 0
10.60689435949121 0.3624423568860742 0
10.61743640971603 1.191180481506027 0
11.31150656368873 1.597422774700009 0
2.134834642016661 0.1054884792848272 0
2.142336452820002 0.2051801235860558 0
2.059725366304259 0.2615242116229615 0
2.149833692535679 0.3048859978593461 0
2.067221844172018 0.3612324575582555 0
2.15732802564893 0.404600934114867 0
2.239940663574863 0.3482520125064383 0
2.247525669345012 0.4477796470290814 0
2.33007591537971 0.391586069341498 0
2.337144563454432 0.4921652738033399 0
2.421432455279386 0.4347743513941774 0
2.428476832989813 0.5359119340398044 0
2.521217567057074 0.4789726169347091 0
2.523631400386196 0.5930725821851437 0
2.623646951445181 0.526398543649401 0
2.636915529255823 0.6640879746121168 0
2.741742478399282 0.5816932003119937 0
2.327704118605617 0.6011945571266848 0
2.507792365909139 0.7405472348371356 0
2.50874892556239 0.3773253957607048 0
2.731969904103122 0.4641645835301408 0
2.834709888520916 0.5065096014523598 0
2.075043942482937 0.4614301498925689 0
1.984075763638565 0.4177079720213377 0
2.661894686046578 0.8248067430432502 0
2.322469615817472 0.2918876208628512 0
1.991797373191032 0.5179621977105116 0
1.89834124973595 0.4752421362438272 0
1.90091731789461 0.5605745917624481 0
1.805237119224389 0.5353653305140815 0
1.826933899538205 0.6539783142809414 0
2.82356401575408 0.3990531461520853 0
2.922704673905482 0.4420334686007302 0
2.937274061266953 0.5451194618091715 0
3.019887747135853 0.4813081784869129 0
3.04155597714491 0.5835660922628767 0
3.131983146527055 0.5056492219285733 0
3.151744433311667 0.6297853488632975 0
3.259342694778459 0.5503799204718126 0
3.272976628560175 0.6820183257897676 0
3.382447492360025 0.589171615231467 0
3.35741227759686 0.459094032147438 0
3.35852625148697 0.2147305930833849 0
3.479741387510908 0.5033220626439465 0
3.509536776033487 0.6283725534137845 0
3.594403084733996 0.5317192641407608 0
3.559945116041296 0.425883067727304 0
3.663840187012488 0.4427475490313813 0
3.62774223841028 0.3473966157706625 0
3.726974582647395 0.3608760738388667 0
3.688989903773342 0.2682133264313685 0
3.766129169762555 0.453872305410449 0
3.826691389350775 0.3726771565601643 0
3.866048564697182 0.4647145428413584 0
3.643090361019683 0.6593436119876817 0
3.92598047260724 0.3844653795432842 0
3.88683157578532 0.2924894248173268 0
3.9871173101186 0.3052333952685445 0
3.946583214455383 0.2104896508484995 0
3.965470386551541 0.4763218834221981 0
3.905636201812686 0.5564461362159043 0
4.04909471839661 0.222593175371516 0
4.006446299227162 0.1246486153405031 0
3.904801751325178 0.1178768601834906 0
3.959925579589213 0.03332165880685613 0
3.860028023785987 0.02694368645406151 0
3.913818363713899 -0.05626076238315365 0
3.813972739125161 -0.06235583843653186 0
3.86797332246157 -0.1453280564881023 0
3.768079734137851 -0.1501571004567519 0
3.715845899994455 -0.07082424065886467 0
3.6686162266035 -0.1582291109534294 0
3.721490537958022 -0.2401625247898984 0
3.622038418222351 -0.2442545985536143 0
4.100833456863221 0.3316363689621754 0
3.571366691823598 -0.1644377291001342 0
3.522961764088886 -0.2493317991327615 0
3.57622557625292 -0.3306534133744669 0
3.476742127698418 -0.3371526723954891 0
3.422699757103126 -0.2533375609321786 0
3.376861772035629 -0.3421113231513258 0
3.431413142282726 -0.4264183836320664 0
3.331561784883973 -0.4307920653290156 0
3.38518112742798 -0.5151189306301687 0
3.493633148557738 -0.5117633687372374 0
3.967679749974143 -0.140301953768917 0
3.921896820702753 -0.2300793998454816 0
4.068563799424308 0.04253894301980586 0
4.025656625909073 -0.2235756335625366 0
3.976319987461785 -0.3177027590108971 0
4.092277713137511 -0.3175413326257733 0
3.322753250328666 -0.2580394435868562 0
4.172318800939029 0.2232501949973321 0
4.138267620650313 -0.2031282212712064 0
4.22406586447861 -0.3020002246684939 0
4.035427880231428 -0.4148350729503585 0
3.927232604254774 -0.4141711125589541 0
3.969824152771041 -0.4892091564690764 0
3.874658813677837 -0.5060104971009106 0
4.083069448884451 -0.5406122279449277 0
3.370500138053752 -0.172015679285201 0
3.267411778938154 -0.1754073052971437 0
3.222653411452084 -0.2630809777807093 0
3.594891688460539 0.2525005414732216 0
3.652056877657989 0.1753210819662828 0
3.55586705090037 0.1613353721931073 0
3.939338523313327 -0.5977674692258268 0
3.805967009632027 -0.6103613156509746 0
3.823504061470455 -0.4160654615675439 0
3.168572107041414 -0.1803472602683185 0
3.613392252688499 0.08440630451745018 0
3.513024284367275 0.07118701380798077 0
3.212491033899505 -0.1015666594146326 0
3.7497969984988 0.1889363966861455 0
3.22940086311271 0.4308593210600326 0
3.366378831438031 0.3021287026918826 0
2.326023237648868 0.7828326177633618 0
3.127076510787613 -0.2700988823083106 0
3.177729773275629 -0.3521893300012005 0
3.082156630212055 -0.3591809372143283 0
3.133124121207192 -0.4416154098583705 0
3.033968592972494 -0.4478722817536855 0
3.085781297558194 -0.5306500502797119 0
2.976868226636225 -0.5418402559354354 0
3.046961920646734 -0.6471374644684553 0
3.196753519795771 -0.526719968594853 0
2.903030538858345 -0.6492136553816465 0
2.99294983106257 -0.7951471545753889 0
3.179203040268267 -0.7614204608481226 0
3.432570317219616 -0.6278404574440855 0
3.561690272218062 -0.6090257998218617 0
3.499063063598777 -0.7671324716518757 0
3.598522541151546 -0.5048753423404166 0
4.246981237726548 0.3547976003168493 0
3.569925889010567 -0.004314738068551024 0
3.476528705805479 -0.02295772892699038 0
3.415341252862464 0.05420619245593326 0
2.996239245690409 0.3714174929633624 0
3.871794378761701 -0.7405379508581482 0
4.036002819938949 -0.7216671629099829 0
1.710968603923796 0.5959929564431815 0
3.374383633096157 -0.02915170761609451 0
3.290881027799321 -0.6193425300604357 0
3.448968124499462 0.2574022306454737 0
1.682564801161484 0.787038474298723 0
3.533208336441258 0.7924161316869667 0
3.729703489407166 0.7933906665315257 0
2.627470266841513 0.4142563767061576 0
2.747399493431961 -0.8043662170416157 0
3.45821355862353 0.4064111592002023 0
3.065865525723225 -0.1912052794217441 0
3.140016235861059 0.3945416377698674 0
2.084178508133359 0.5635544819430474 0
3.687544619509937 -0.7306986593035945 0
4.113940854912187 0.4706076084372735 0
4.013452957759933 0.5920970872849096 0
4.131930536106787 0.6283087442249583 0
4.039413766130617 0.7368390980074409 0
4.207716580986418 0.8124875070702473 0
2.935214102044935 0.6932196562244236 0
3.874014887160687 -0.3233768403216615 0
4.233424914268811 -0.671947642779529 0
4.458587052800404 -0.703084256756872 0
2.733070471165285 0.3544881925644377 0
2.865902814857912 -0.5187304892668022 0
3.773035227798075 -0.3265946083561588 0
3.727378808221246 -0.4110528075975646 0
3.451257467218715 0.1585360098150861 0
2.977869955333728 -0.3584151546717277 0
2.413632601993269 0.3347915139537062 0
2.496692787123298 0.2787208000365964 0
1.893645813444296 0.3742135343546141 0
2.224952423325361 0.148820778982646 0
2.037143554294635 -0.03739709529280048 0
2.127347886575621 0.005746073992137622 0
1.93218469962571 -0.2801936330068189 0
2.268418284805037 -0.4048497750984593 0
-5.406648593865054 -2.414162973159089 0
-5.367947608987309 -4.006346798108267 0
10.61435665292659 3.59999532169366 0
10.52884623225313 4.536543778631155 0
9.823642171146313 3.913513050176743 0
11.34930872515507 4.82212550713104 0
-5.281489304122049 -0.8191236531960822 0
2.194978507050641 -0.250055570853477 0
1.969611291482936 0.2181959550510174 0
2.277314676870343 -0.3061985290178794 0
2.089890850653247 -0.4928703622970078 0
0.7023901060920071 0.0452551983531595 0
2.375193780463486 -0.1633217844412233 0
3.171185850633082 0.03453186329614018 0
2.232432224613711 0.248534985576986 0
2.314926898268856 0.1921855644553962 0
0.8241055222100118 -0.005456358505312675 0
2.923542152606294 0.1960812171940682 0
0.3987707878912667 0.06928373469293077 0
2.307542657545515 0.09246051178728135 0
2.788256548215577 -0.4450650020169913 0
2.540420456961105 -0.276022880222308 0
1.637624298248849 0.441262211537681 0
1.616416509489452 0.1513541128061063 0
7.838169463263346 -0.4181324725448281 0
1.450780737526545 0.2555203573020675 0
1.449294785750376 0.15687404183908 0
2.167240279919248 0.5064495026441456 0
2.192566157430959 0.6175733554533449 0
3.020382086297329 0.2613070704791691 0
0.4201315299015002 0.08963722487249311 0
2.645510672716937 -0.0332111261967843 0
8.543186225455926 2.405818597785659 0
2.73562697615364 0.01013033360892189 0
2.608045321080042 -0.5318054978324022 0
2.465299679194068 -0.1199521225686556 0
2.720593628417779 -0.1892778191883171 0
2.984339955116813 -0.05984278461358903 0
2.457807938901459 -0.2196738392929223 0
2.547912436952826 -0.1763018432714607 0
2.367656949965279 -0.2630114717928263 0
2.638014933943126 -0.1329303748006544 0
0.374721238749846 0.09283512593755344 0
1.976998452419212 0.3178808318852133 0
0.6710353150550047 -0.1216675949545281 0
-5.339616969240663 3.949665012203417 0
-5.340740404317787 2.398195095753068 0
-5.318455307795978 0.7987506606032432 0
11.28548231655604 -3.227724894813127 0
9.918627781736344 3.159225041056268 0
0.8069408700205513 0.004055182778203409 0
0.6773637808010636 0.03011559834304843 0
0.6860178155635016 0.02533589033278449 0
3.277021784774219 -0.3469559722322122 0
3.23399250639184 -0.43610267033446 0
0.6210615528260096 -0.1032052863279369 0
0.6110974000744583 -0.1022352822166991 0
0.7899233305247135 0.02421503971307953 0
3.532673252351783 -0.4203223333825421 0
0.6516683259536952 0.03550851184929342 0
3.475794584899627 -0.1692528160014507 0
0.5096120541346338 0.05667152231653659 0
0.7723077892291118 0.004475023732567716 0
0.8879700758751119 -0.09399106103534161 0
0.6428664851361894 0.06061104277504328 0
0.634159260659111 0.06569405835768541 0
0.1356639738677697 0.08926419789678935 0
0.7641472566164424 0.02930150558542186 0
0.04458964483772278 0.0990661335961274 0
-0.0265576543609422 0.06362127235363083 0
-0.03216840786068761 0.07186899571932399 0
0.5910978378210607 -0.1030413710256986 0
1.019588161263365 -0.1082357901477214 0
0.9582815448678237 -0.03622386272504893 0
0.6254522298413937 0.06076385238426692 0
0.6261305617336733 0.07097848228499228 0
4.025301163007632 0.3962003460775972 0
0.5407974849188231 0.07586821659376908 0
3.821081755036493 -0.235949755043009 0
0.6167913760959722 0.03570956712369421 0
1.803988456958222 0.3304473634604339 0
3.708847838445954 0.09819370640176528 0
0.3180080532091805 0.07242988966857436 0
0.2678681827292382 0.08888360354944809 0
0.7116351299823944 -0.1003287980733282 0
0.4376421542417016 0.2259240908245959 0
0.4468003768119292 0.1859408802037224 0
-0.001193945906585142 0.05656124186393714 0
2.58001378485555 0.2236089220157567 0
0.7902602707449631 0.03441513116804926 0
-0.02535673840257592 0.02118903362131252 0
0.835559806919013 -0.140909809903926 0
0.7863414195038511 -0.09091258379915072 0
2.930688397699917 0.2961537282046708 0
1.018374793893538 -0.08193993981715017 0
1.013944331794498 -0.07348720802312396 0
0.7209315842589192 0.02545273504102697 0
0.1132000593794237 -0.0464854288113089 0
0.9663651546513838 -0.09771287219490346 0
0.9649850449265381 -0.08790570773253624 0
4.014396513379333 -0.05165350562172924 0
4.12674103860485 -0.05891789402479602 0
4.280912945883252 -0.1040370735403265 0
4.431143993040428 -0.265318968702016 0
0.8926335851023803 -0.07903087889543738 0
3.70973588177324 0.5481830790963782 0
3.784377756881536 0.6386636188794392 0
0.215982532794147 0.1211525338346325 0
7.118147113316306 -1.596900724871109 0
0.4652460883426779 -0.08925038875497938 0
1.091553324105325 -0.1670900635478867 0
0.5711512001204474 -0.1030119723569234 0
0.9783811505417799 -0.03455015619931539 0
0.6024127770974818 -0.08433493474799297 0
0.8920836498119995 -0.01216912188333826 0
0.2382345519342936 0.08929085260694931 0
-2.020357268293152 1.057063170656436 0
0.3139573342630999 0.09863325195844405 0
0.2018494072233329 0.1048078117801246 0
2.405585204450816 0.235310682450264 0
3.787962763342755 0.2804841003742894 0
4.183434974994762 0.06865082854879269 0
2.488462559335244 0.1792526749664667 0
10.56402938946218 -2.12760367566094 0
5.440026430254442 5.118233782759224 0
0.400931103607669 0.09456816959350883 0
2.189606232984273 5.309247415864517 0
0.6021193753456888 5.38309670681305 0
9.272881149965832 -5.322973177850895 0
9.26086956522785 5.322240988345206 0
-1.692443793978383 -5.346619477467108 0
2.589349714229814 0.32106367329728 0
0.4226840107102325 -0.105652238844309 0
0.2298991758427477 -0.1426721788001353 0
0.2110732974608208 -0.1268498485286265 0
1.487310287898684 -0.3978178527345809 0
1.477016763971757 -0.504430258549696 0
0.7747467943024731 -0.1324268130421814 0
0.5555378178095123 0.05336243779122866 0
0.8129400805074241 -0.08212156344076271 0
0.7548343857565065 0.004368497118700242 0
0.9215965087048912 0.9181471368975608 0
0.5214863846583301 0.08109958428416801 0
0.5194159049771272 0.09226790204515081 0
0.9097675767985428 -0.1308613593926836 0
0.8916701870623849 0.01464655222163039 0
0.5317985621873208 -0.08393055418165821 0
0.01243905847368851 0.04769367197358208 0
0.7169636887964244 0.01126128370844911 0
0.08334977538083062 0.2777867858061458 0
0.7317495784663379 -0.08416484495117139 0
3.847882652761163 0.2000274146974752 0
0.761211431461569 -0.1157822060328597 0
0.7585706958389072 -0.1253355051784867 0
0.2932064277144047 0.08156789852150192 0
0.7029397274610785 0.01612934665262213 0
0.9247873583759834 0.06770907018169144 0
0.9484475282912609 0.07066376447551323 0
1.186630315079124 -0.286944429063629 0
0.07742466203298985 0.1957530211784794 0
1.807856178725477 0.4303028426448582 0
0.5822180307817734 0.05482607667285007 0
0.837000888914847 -0.10767294281891 0
0.5997302220651397 0.04672831696975362 0
0.7215275245963247 -0.1242043657547468 0
0.7118206485062707 -0.1264328935759499 0
0.155493017701785 0.1117472322356004 0
0.1357959115992443 0.1162710666260729 0
0.1435177974668313 0.1251453877456805 0
0.7840822064391314 -0.1014244599847035 0
3.675038216480795 -0.3262644127417814 0
0.2493860647736567 -0.07312721455231511 0
0.4200170362685481 0.1652092557099763 0
0.4783583627159712 0.179057472214736 0
4.353555144377772 0.1705491405912791 0
4.62059162178563 0.2938412516128551 0
0.2215289797745789 0.08817407580691208 0
1.295619315024147 0.4655630721539484 0
1.28645589588682 0.5619464799352859 0
1.473647238662829 0.538189665114323 0
0.869122551205505 -0.0001973288148929326 0
0.3956060844121263 -0.1129035653857774 0
1.069994130370193 -0.01299153952621571 0
0.1912653649445623 -0.07490860918650115 0
11.30891025324422 0.7865940715039721 0
0.2874125700577873 0.1072496589240041 0
0.3720558290819248 0.06645424167658877 0
2.945459470932734 5.300128555768869 0
3.606233522672627 -0.9412326263856701 0
3.351005315424477 -0.9742606187991109 0
3.103138518569655 -1.016110280751376 0
6.434992505151994 -1.179097506548842 0
0.9418153414929857 -0.126038750642397 0
0.03404173704026962 0.0988059855945676 0
-0.02772765524870664 0.03070027553844385 0
0.9684435629435204 -0.009877392939853668 0
0.1542494722204582 0.1305906976400723 0
0.542654304973448 0.09646515041433448 0
0.7295219379272631 0.05022088995587969 0
1.079181362732406 0.1336262288147606 0
0.851797984273879 0.03622980841397017 0
3.520944571475975 0.3213143277739379 0
0.5255978074711081 -0.09264998582500925 0
0.8198653103862715 -0.1071721934063917 0
0.09987657351389451 0.08743631151222328 0
0.9877828321703708 -0.005208064514911304 0
0.9800152931904208 0.003140986226736283 0
2.990461743437448 -3.584099046994472 0
0.4394894873411486 0.05764151653901237 0
0.9333310618539234 -0.01663334223499398 0
-0.2632646528224459 -1.009138148378884 0
11.33304578626375 -1.600000000016273 0
0.2141248267780291 0.06974360203935359 0
4.542615678451492 1.760365983258485 0
4.598168506911795 1.273378231832317 0
3.169755343561614 3.136250778984631 0
0.3487390757037507 -0.3419623390268264 0
0.3036130245257816 -0.4179924196568097 0
0.4476398614714737 -0.2970293070191761 0
2.3452575842901 -0.4616549638005426 0
0.653652092694907 -0.08506418556931054 0
1.311513940685906 -0.4773370507691944 0
0.8078039134287898 0.03449569335032585 0
0.4467452985696183 0.09181098661402101 0
0.0693644826812283 -0.05660746279047599 0
0.5850232782331398 -0.1308617802244691 0
0.2473017674769127 -0.1436258070687487 0
0.1229603047337603 -0.04847264288463452 0
0.6130703802342223 -3.544635919944631 0
0.6510230834003153 -0.1042928425771381 0
0.5650578758348462 -0.1289627152541927 0
0.3039901261568919 0.06382469310097506 0
0.7369746158789936 -0.1025570673950081 0
0.595032995131012 -0.129720316051561 0
0.5100762388070643 -0.1521861347889175 0
0.4929788840946723 -0.1512335970266359 0
0.4819118403334295 -0.1668544546167443 0
0.4739714906982174 -0.1490400142240511 0
0.4542326803091524 -0.1531768781138287 0
0.4412817092862469 -0.16417075478186 0
0.4410798454342593 -0.1462752768188214 0
1.131488831199434 -0.2994918203523299 0
1.099700921502465 -0.2026481207498849 0
0.8067145631193881 -0.00564063982067043 0
0.9971567785008878 -0.02985946681002855 0
0.7887472092517608 -0.3389061430266787 0
0.2161598757057808 -0.5728865194618207 0
0.722979914485298 0.1972709123814936 0
3.805236897791927 0.1079745465169507 0
0.7468265726428032 0.0398314192187872 0
0.01485532315029676 0.09961198595214327 0
0.6150267039356569 -0.1302217725054588 0
0.6099416088647924 -0.1400932235616038 0
0.6215363625554776 -0.1405378925519986 0
0.9312849747999534 0.01043201508925921 0
0.9227998316697319 0.01925937649950155 0
0.01780530001208742 0.07399856907205693 0
0.6820624213346658 -0.1220341359134073 0
0.6250235609677841 -0.1304724699409207 0
0.05676414006004161 0.07137228692108252 0
1.249235541047827 1.193912280645951 0
0.5767656681549349 -0.09390234911528091 0
0.0264860991858277 -0.2498042253012102 0
-0.7365881082219311 0.35712974894738 0
0.9780823009001155 -0.08330499507265315 0
0.6469843492865666 -0.09334829398130831 0
0.6847803561526125 -0.09684789575131192 0
1.070017223002237 -0.8052445398215552 0
0.8781475676107244 -0.853171237672272 0
0.253719876052082 0.1299611183652153 0
-0.01801434237269212 -0.0887520468221136 0
0.02551876019523714 -0.03735530960870131 0
0.6243017723446694 0.096150506688396 0
0.8637101618736646 -0.1200634260795421 0
0.6450172750697107 -0.1309738643703677 0
0.6688589496115807 0.0554286356220724 0
0.8278634254520181 -0.01973431337451952 0
4.2925110886794 0.5318842971888248 0
1.205505354256185 0.04545803584738917 0
0.1820727925833236 0.1158993014426256 0
0.001200992556574231 -0.02434990978323788 0
0.002789668335431541 -0.06001665348089416 0
1.029776340879261 -0.06640200088664285 0
1.05828643956312 -0.05314888195619148 0
0.9131404004288639 -0.07828297234993266 0
11.31246058454515 -0.8404915327492454 0
0.09084571198899137 0.1155969674057248 0
-0.460958338798009 -1.345674498937726 0
0.5114448042554238 -0.083416660331633 0
0.3848310403854564 -0.111757988877461 0
1.313626007236261 0.1146827829818741 0
2.977070951202995 -0.1565007393676646 0
0.6493449350156439 -0.1417004926873451 0
0.6015340970882574 0.07866329039792258 0
-0.03152486624832627 0.1802920121275047 0
0.1264169593750141 -0.05772323951877999 0
0.2132812517734576 -0.3182869186650554 0
0.702503846631057 -0.08335601372060952 0
-0.007548246870447969 0.08183598828061726 0
1.905582239902194 0.8101877396452283 0
0.7188573911111338 0.5167955910473739 0
0.7788355037836323 -0.01083956162999442 0
0.3417061802295424 0.08184705118507926 0
-4.820903016098718 -5.190891131146201 0
10.82959913612592 5.362164934524016 0
-4.804249535610534 5.380659307616377 0
3.80638551498544 0.5323759364887058 0
1.008104070479661 -0.0819921758104378 0
0.01980451042833549 0.1095147273388988 0
1.040841125340238 -0.0940557939524614 0
0.901712233944184 0.01615940970059186 0
0.2224259662286374 0.07829714549673414 0
-0.2100358795333985 2.413050344346405 0
0.5131202805729769 0.1968417179103662 0
1.044434516197322 -0.3197136860935998 0
0.6069004070405402 -0.09330769795829519 0
0.9408129681121633 0.156632910767737 0
0.9717150019585499 0.1245198356084361 0
-1.159705732357357 -0.5681384910341302 0
0.4692335972165429 0.05270903016885994 0
3.762316525796796 0.01880959110651866 0
0.8522123035441336 -0.09676653330339509 0
3.202065607269353 0.3234411522055059 0
0.8427983912350689 -0.08065559415354823 0
0.5055046728024906 -0.09164025761009244 0
0.5448412182751573 -0.1638851237991729 0
0.2939586294386238 0.06429568143028049 0
0.5671357427611403 0.07783932550927962 0
3.348085415665278 0.1211359673145988 0
0.01593533120571686 -0.071261723708522 0
-0.8032476882638823 0.5833962975526703 0
0.148264654443386 0.07846983036773786 0
0.6667810262468167 0.08489797560789997 0
0.1558304532384222 -0.1038716388675958 0
0.1415523124806679 -0.116031404815363 0
-0.04613839879222009 -0.0234604573030962 0
0.8288552308634374 -0.1027709622379826 0
1.022821215075629 -0.1324034397657693 0
1.02699578804002 -0.1489129217510974 0
0.1072091765149327 0.07668449467507375 0
3.121163181072899 -0.108823276622083 0
0.590999950225248 0.2856628564623482 0
0.9249329825897168 -0.3666916249110166 0
0.5024280176927329 0.08581001539746988 0
-0.9925019661824137 5.454790907985996 0
-4.679590469324869 -1.199999999982302 0
0.3225769169584868 0.09638339958670068 0
0.1360419420615228 -0.1039049617583744 0
0.8166871934805569 0.03984924757611511 0
0.7822783545719065 -0.1408992410479462 0
-4.643506177367576 3.515080252021414 0
3.100193349028323 -2.827686927200458 0
8.908868228975551 4.769391078013977 0
9.652173913052437 4.691584504364383 0
0.6155947171223028 0.08349999501224578 0
0.3056249032284263 0.1759850433979219 0
0.2835477483993624 0.215307720794338 0
0.8559442564423965 -1.464330702631193 0
0.02354079975871133 -0.1208279669452772 0
0.7650670336403521 -0.1330225825587311 0
0.9871856014313936 -0.1212973894289776 0
0.1096978578446704 0.1118279331199091 0
0.8812084917911867 0.4244624778997623 0
2.003833070714242 -0.5270440119935245 0
0.8588158642282251 -0.02528829365749312 0
0.7086265515096231 -0.1955459933932559 0
0.7336256478275474 -0.2100224584505929 0
0.7454040292882335 -0.2509895071163035 0
0.7869813138392285 -0.2789001761237592 0
0.8358487912432827 -0.3042849545484358 0
-0.05082379575339177 -0.07832518404069896 0
1.192192061643944 -0.1467107570101685 0
1.119014913341621 0.3746060721066535 0
0.6250352170752462 -0.1557414666453927 0
0.1363023358216773 -0.05948647701846362 0
1.040688185623802 0.02173553374076372 0
-0.9801778320436031 -0.3653422887707549 0
-0.1499664885408324 0.05858284450799915 0
0.1980852946474067 0.07898148458642326 0
0.1154324335116285 -0.100544226488945 0
0.1090703837787258 -0.1105429429910724 0
0.4551583084195854 0.06342127560584622 0
0.2652364005224724 0.102755607740321 0
1.047942232317129 -0.6160300218104708 0
0.001210390867797104 -0.1186712360989346 0
0.4366471652715288 -0.1332951640520059 0
0.9498914626005318 -0.09936892797399041 0
3.686112698094637 -0.574497614025981 0
0.7637306957820845 -0.2173865867238192 0
0.1310916377386491 0.1880681230196878 0
0.2299981872411891 0.08441850388814837 0
0.3093189798191263 0.2417201645779325 0
0.02238108730119075 0.06574258072860198 0
0.7539805104066117 -0.1081689622171389 0
1.00733216275118 -0.1241877872391616 0
0.4569143987581457 -0.1332483970059149 0
0.2636520952335777 0.08121219240800763 0
0.6310257529438776 0.1928767520615215 0
0.3647075075954507 0.09494823304602393 0
3.2876997250182 -0.5092518167044501 0
-0.03500369311198794 -0.01176913668004466 0
0.4158895310508226 -0.1322652109137892 0
0.4197260552764437 -0.1433899632302001 0
0.4265051076654386 -0.1575950545808359 0
0.6169537895127905 0.06560517700691226 0
0.5837341208431904 0.04573819880601528 0
0.7465427394805633 -0.1006075139715275 0
1.780722654557554 0.03613271942404932 0
0.4768384178561319 -0.1341064787042534 0
-0.04089071649523932 0.05481215928285603 0
-0.05146901018688078 0.05852649768136101 0
0.9594659079876391 -0.1238242930375157 0
-4.699338273463521 0.400000000020944 0
1.027191970035964 -0.03025663430354459 0
0.1464000660789674 -0.06107846467413017 0
0.9053465379784775 -0.1132274258442416 0
1.240368438761763 0.1040913031312275 0
1.008574743255689 -0.06593021587029328 0
-0.07250797229403756 -0.4700643475029151 0
1.921066597191355 -0.4741831443853475 0
0.4974904809529521 -0.1355972301865802 0
3.320163744868514 -0.0976220963211622 0
1.001326658935271 -0.1326299246303827 0
0.2887823180077642 0.0735234695134977 0
0.4312211064388475 -1.056421941963736 0
0.6578078348360021 -1.163370221495414 0
1.023087760209453 -0.1172554464865785 0
0.4377901430490872 -0.4999157559571994 0
0.09407005298343132 -0.09597217809006268 0
0.0919290774201435 -0.1069777715910118 0
0.8668890878973354 -0.01065763307619106 0
0.2929053121954964 -0.1463741708040073 0
0.2761314838344658 -0.1410723170585884 0
0.6953711634631587 -0.1204395444225269 0
0.8484433624560985 -0.08857488671744404 0
3.664192351400906 0.006619677133297738 0
-0.04913292029693653 0.2125840139714528 0
0.0357511944839396 -0.03145162660789125 0
4.275590084921149 -0.4864887550139326 0
0.517417000544961 -0.1381486328176577 0
0.7389428209017246 -0.09186131273493034 0
3.633710481580267 -0.413665889235685 0
0.09707269311616387 0.1250745616053897 0
0.9430455963168993 -0.0759193243290423 0
0.4839233955072405 0.08129345357113796 0
1.069379759872121 -0.1884518725244559 0
10.78504075875629 -5.363189707612456 0
0.7376126672652271 0.05638593215247748 0
0.568514475045055 -0.1543961880100247 0
4.639452155248732 -0.9779810812944419 0
0.6876592076345087 0.01577369133087654 0
-0.01630466527906812 0.09196355572024574 0
-0.02636717634333476 0.08787086112400376 0
-0.142578924744756 -0.238025997294496 0
0.4817361026119388 -0.08196113073280036 0
0.7487675004515287 -0.1282750446573172 0
0.8815078915067021 -0.1184423443505765 0
0.6016415487489084 0.02247639906401898 0
7.943335073798877 2.743776289268244 0
0.7200502813301595 -0.8136013340046163 0
0.4152146678902121 -0.08819113198232754 0
0.7591055016484478 -0.09041824509050919 0
0.4915308032247412 -0.08249849525690418 0
1.116894056070397 -4.732338614253524 0
0.3811485722339093 -0.07808827396581476 0
0.5385393681940497 -0.1370938644246591 0
0.6332324300544391 0.03508500881390253 0
0.06761352231898551 0.07190930193376413 0
1.640323634804176 -1.263907184879314 0
0.3820146127994174 -0.1584536223486169 0
0.5085179330495009 0.09523350642951975 0
-0.009599822279858663 -0.01217990145666348 0
0.8069863118744833 0.04566800401787285 0
1.135920987010309 0.4714036885829626 0
0.8576435343383855 -0.1364820945368298 0
0.9812078695537618 -0.1317345811760761 0
6.31480690090455 -4.337066635026607 0
0.5286299630643281 0.05258361267696552 0
5.047391676618052 -2.600072140065421 0
5.685780190864009 -3.851850146097185 0
-0.05820944538498945 0.01374351023813685 0
0.6432113825114798 0.0307786332760377 0
-0.1838287259322186 0.2249327218575226 0
3.988861960927038 -0.9237852655796069 0
4.117810114375589 -1.175698614454629 0
1.720265414108188 0.4868046186312276 0
-0.01760266804967519 -0.1401369596532602 0
-1.306637112149743 -4.652037965786259 0
0.9510825863849918 -0.1291851081699137 0
0.07373102430636785 -0.09422186351350201 0
0.8281328703020672 -0.1317230082633724 0
-0.6379698827325527 1.093442780355362 0
0.6216294543301288 0.01919777747764124 0
0.4753678104594453 -0.0898959142049003 0
1.561288391457322 0.6165351672287236 0
0.2718057406389126 0.2589844697267157 0
0.4075814055287298 0.1013776787318824 0
0.898194217419092 -0.01871439071424277 0
-3.570917816763295 0.7802940943651817 0
0.7972694337717906 -0.08972965367468273 0
5.71219756542507 -3.051829210683155 0
0.8874598875372968 0.07841730687591908 0
0.4558556040543877 0.08935420084479273 0
0.4463929575237708 0.103547055403846 0
0.9896031475929662 0.1686717625132018 0
1.021756531465203 0.1212595342937646 0
0.9965645413314494 0.08767454500568118 0
3.770527251032943 -0.5031975410617004 0
0.8771995370662166 -0.2156931083916007 0
0.2795057610106565 0.1162160906418988 0
0.271168274323428 0.1389354338393951 0
0.9172046945191418 -0.03895850438173409 0
0.1588253277690052 0.4873901907040483 0
0.5205714060642572 0.04548216717621315 0
-0.2191902519086001 -5.423974530437426 0
0.5303093297632386 0.08943425319639242 0
0.2889172715625528 0.1427910884738475 0
0.2250512482641782 0.1666020890767804 0
0.06302349192929926 -0.09271313041956757 0
0.05418646706474173 -0.1045434784287259 0
0.04519818003741914 -0.1199127494398513 0
0.5231598513120912 -0.1480702707421711 0
0.9724060062609057 -0.04268322762003211 0
-0.1038064897862164 0.1792539715539873 0
0.908281636130056 0.18581113049475 0
0.1288085057372812 -0.1136672186263496 0
0.9169946619707976 -0.1820759555220782 0
-0.2728946164834893 -0.3991909468240241 0
-0.3618427291579115 -0.4015740508364165 0
-0.09961324009953687 -0.1634650022007632 0
-0.006514565056590135 0.5293869852140344 0
0.05713149551418094 0.6223214287290411 0
-0.1046155593468667 0.5792984750813773 0
-0.196704012936351 0.6957237738216837 0
-0.5553614820562625 -0.07553546891670086 0
-0.7122715724426302 -0.03143100678883303 0
0.1522259236717113 0.1206808623152855 0
0.4012151277590181 -0.07937732887053967 0
0.6076674044705375 0.03078093817539478 0
0.1193491597487652 0.1094738130207949 0
0.8245434850917125 0.02245860573264604 0
1.248201735446928 -0.1688040632716591 0
1.06398748356185 -0.1597453265795714 0
0.03728515056367909 0.07404896878627008 0
0.5172202399554752 0.1473362521996071 0
0.01256547885104704 0.2040624892917468 0
0.6594734728249426 0.01206972157790187 0
-4.703596613018976 1.171263283044004 0
0.4297733183136977 -0.1824079726914588 0
-0.1499673029727429 0.02524269164720414 0
-0.1780433443806376 -0.001859399320771599 0
3.261741527929556 -0.01791489554893948 0
0.7721966511174925 0.04366707714077264 0
0.3818805477583335 0.06477475380687675 0
0.3894323636457531 0.07197341346005685 0
0.279218808702989 0.07342311053772663 0
0.003576907638334671 0.04986474859076887 0
1.04034868709723 -0.02045617034734382 0
0.3660532586669278 0.2250361514999717 0
4.43344687424501 -5.397361937119373 0
1.019311166129403 -0.06627571741880524 0
-4.479402588288048 4.782261646789335 0
1.509856813398686 2.4731977354958 0
0.7383675817258828 0.01615492156695271 0
-0.1266454918645787 0.4143784170777834 0
0.2560444900257026 -0.128654905627529 0
0.4588561345399212 0.054277512110973 0
3.620293948654784 -0.07934721422010454 0
0.3718050801876209 0.102639403027299 0
-0.391279054375362 0.9667879078904275 0
0.2782198971998255 -0.1280587926445537 0
0.7075415831548507 -0.1725993600800569 0
0.2364713585490488 -0.1238646116854179 0
0.1502271275634525 -0.1957581744555261 0
0.3945356880007888 -0.08737105539476141 0
3.522147722495331 -1.215339054645202 0
0.1519031473038268 -0.1584692163889798 0
0.5833342175593083 0.1558522102147639 0
0.299913808607893 -0.1304063833345968 0
3.302894294017749 0.3618152340247923 0
0.196821276610475 -0.06781160842832684 0
0.3845117470673246 -0.08663128346004291 0
3.390865441599904 -4.797775412959709 0
0.8716177005021208 -0.09645147482581085 0
0.8803429973744488 0.5203192818951397 0
0.4080060802403471 -0.1529273752655976 0
-4.681349789330643 -3.794421633167024 0
0.5234847312977919 -0.2466966004900495 0
0.06360361850812864 0.1554854652012867 0
0.3224553687522195 -0.1318917975901874 0
0.3225756125734119 -0.1466362846077144 0
0.7151376703966081 -0.09274545310312529 0
0.5421952251700127 0.6000264248438549 0
0.6472578714287225 0.707508947668148 0
0.4801494193133489 0.8322596433655859 0
0.1258361309702324 0.1177251945275525 0
1.004419012142183 -0.08969850528091425 0
7.612814043577944 5.415561801652207 0
0.1791681450825144 -0.1175937660936501 0
0.3718051137076421 -0.07712958712886633 0
0.6504293109746121 0.07867075424580917 0
0.9013631160759947 -0.009647789210069967 0
0.5384728115041701 0.08476879026668649 0
0.6275988109215451 0.08266686988586394 0
0.7201907946384847 -0.1640159721911782 0
0.07509811171394681 -0.2786174888105756 0
1.558577964732167 -0.5527986045246732 0
-0.1484527299652996 0.177177071519333 0
0.388487544076272 0.4654390453919622 0
0.9054331300180533 -0.03643607262557832 0
0.4448143154343213 -0.08921143838246549 0
0.2463180547073896 -0.4775777403654104 0
0.8374776826100115 -0.09839887752816834 0
0.5133863049627637 0.03732459661411801 0
0.9567290413490042 0.05275650090414278 0
0.3423669876601084 -0.1335064165857291 0
-2.311911267153314 -2.297510808442325 0
0.9574538945091109 -0.08390176709882043 0
-0.06217502248044535 0.1118730550638401 0
-0.08343330244659727 0.1249718021466003 0
0.9773972006909303 -0.1955733915581413 0
1.61187262640258 0.05797186016727215 0
0.3540511340833538 -0.1358681498450175 0
0.04059713827969178 -0.08813968792301173 0
0.2629652495229499 -0.2990289903596811 0
0.2747426364340559 -0.3444306581242713 0
0.06683922153590095 -0.2360587955923427 0
-2.515133348919507 0.00680583476478732 0
0.9524801062502901 -0.01320124799680183 0
1.045023814380281 -0.1513672357999896 0
0.0816944613178429 0.08214709475026016 0
0.3452842070470555 -0.2841670563661335 0
-0.01621882325110043 0.1317620116475143 0
2.752494563129257 -0.5810659801608988 0
6.913043478250364 -5.457444334346836 0
1.311207981252231 -2.723048910266277 0
-0.1323973472147631 -0.05061666119558478 0
0.2595757196556119 0.1981561938029163 0
1.224985423596367 -0.5161348745071468 0
0.456714878927 -0.2570779756957962 0
0.1070280297751913 0.1218571353333654 0
-0.1247782593377968 -2.470465821780049 0
0.6345402954810373 -0.1405349903375932 0
1.515739564801695 -0.1182481100130996 0
0.5515530104863978 -0.2356261724665921 0
-0.7540098470233636 -1.274411127404263 0
0.432010228331531 -0.0796744356055184 0
0.6331213621875497 -0.2184993420192018 0
-0.6419141169431272 0.2205494684689654 0
-0.02376996320231953 -0.3892476945458644 0
1.318519001440537 -0.07603024403676459 0
0.6688150073341261 0.06449352774166196 0
-0.02987604170476249 0.03898034500789727 0
0.3456525927519057 0.07453584077123841 0
0.9304952926673785 -0.02488636586382694 0
0.3360129584829406 0.1316073130160983 0
0.8161918267438926 -0.009735634282371152 0
0.1545389026753148 0.08634480798701602 0
-0.4562162080353178 -0.03134273862374516 0
1.139370787559202 -0.06835947673553758 0
-0.05141999825437028 -0.05914878777556663 0
0.1723640637200936 0.1436743681651609 0
0.3262566910946783 -0.08326003949506734 0
0.08994438796344111 -0.4593733361158066 0
0.5743067981131244 -0.4670398639407489 0
0.2423379339704192 -0.1843813158408663 0
0.02922732511303049 0.1073741849339149 0
0.3748419199918954 -0.1377964963688435 0
0.7645605798341092 0.001245503715430095 0
2.254436157751054 0.5330324672113192 0
0.3087115592387814 0.1281200104269623 0
0.4519622648786067 -0.08027664866560516 0
0.554716987612322 0.1049399130653905 0
-0.03484164197049378 0.06280706449982268 0
0.2124825440970468 -0.06256480080127631 0
0.1564955986912781 -0.06257170467174972 0
-0.4212114854045597 0.3008445691593185 0
-0.5253664466961127 0.3577775011767863 0
-0.01699008701018024 -0.05475579989032728 0
0.8860867477955312 -0.3282332399355625 0
0.3552040986899361 0.09651526394702614 0
0.06132582431369137 -0.1350482391633427 0
1.006700211503902 -0.287764265503851 0
0.8269598160776818 0.03980531459001607 0
0.4752870069795181 0.1500432380451565 0
-0.6396007829877298 0.6582188304220287 0
1.094832671620208 1.015179362898391 0
1.060206490766603 0.001664992929508505 0
1.123859234459878 0.1328368343636219 0
0.833378622817988 -0.1685724523766927 0
0.4251131135726487 -0.08904742276801295 0
0.5033139095499003 -0.2840212520368712 0
9.665225691179852 -4.774638294678232 0
0.8233316995425053 -0.7202402013482141 0
0.3757091193192054 0.1650949283510482 0
0.642707775538921 0.06935359547509123 0
0.9938592447923953 -0.03897987404024426 0
-1.637250550089028 -2.284561122723072 0
2.831031762408835 0.8318448004698076 0
0.1794293485897 0.1261299035783481 0
1.11100105109828 0.06350735098388806 0
0.9586235602706668 -0.09363206550198078 0
0.5426508191674015 0.03212552883268915 0
3.530013241577074 -0.08587001730914941 0
1.093792634875536 -0.3422895158406781 0
0.01004186811625926 -0.02686258488921446 0
0.8843574097445277 0.02178717308806317 0
0.7226022955087262 0.1238833370138001 0
0.7251887881881145 0.1547464715668595 0
0.7550078505101571 0.1340035142741427 0
0.6885087540971462 0.1686464780718039 0
1.028459508633833 0.08622653642909656 0
0.9103567520115055 -0.007120981314687309 0
0.8225433285764999 -0.07942719832076502 0
0.3982028476118596 -0.1408966416181133 0
0.05508828363588472 -0.02756594877667438 0
-0.1148962639036118 0.06038361724613386 0
0.7313868806387125 -0.3609225950259999 0
1.045153181423553 -0.2017929135906478 0
0.2624588153349139 -0.1388153734223404 0
0.6889032164013629 0.07953152151075404 0
0.3562314061300769 -0.1492012816421225 0
3.331992179394299 0.04119480056158416 0
0.9039065924888603 -0.2303052494382154 0
2.945069730997556 -0.4579246400423421 0
0.2415215804719203 2.439045320327316 0
-0.06638705345412833 0.03234775948596628 0
0.9916006837815446 -0.1025260712168628 0
0.06163843861193868 0.1078354211539714 0
1.526051656721421 0.1120824142367774 0
0.005690661375870877 -0.06960394913917028 0
0.9480699667742978 -0.02113358429234382 0
-0.00559365955536023 0.006973599694197504 0
0.4305494363687389 0.2701683664603333 0
0.3312637480324891 0.09734355580613087 0
1.4015314469024 0.6173787038078256 0
1.184636805665575 0.09126812401006729 0
0.8765789397115177 -0.03161091927318167 0
0.8879046159664158 -0.08573694395643808 0
-0.01635598289361153 0.2032428693565216 0
9.315138821279962 3.450315972803492 0
0.7756631009459092 0.09533095526101792 0
1.131313122396757 0.005254108461665275 0
2.489540332911011 0.9716716639384666 0
8.25508958900175 -4.706597901669465 0
2.493076964789695 1.393209196009535 0
0.7394411079966989 0.1110191580997274 0
-2.10820350418388 -1.328081738111727 0
0.9987844920837068 -0.0481555542891887 0
0.1932532863216816 0.1072279234458456 0
0.4754815233540697 0.05901642246887649 0
0.04363236762559468 -0.03537165802115098 0
0.675519107666029 0.13954647009181 0
0.02785874494548791 0.1516157862699667 0
0.1665638673606423 -0.0640933551432023 0
0.2291310464365205 0.2667836585453112 0
0.2396750975214188 -0.07513292631226673 0
0.6296337812295941 0.1643911309820632 0
0.1204123627867873 0.08563895497645728 0
5.688009058864981 2.233178186968022 0
-0.08733737721048239 0.2133383987297807 0
4.054548309703542 -0.135515441649837 0
0.3402243473581101 -0.1439498227953555 0
-4.701086960486279 -2.407802571833159 0
0.07351079394707324 0.1710127687046632 0
1.20387842975083 -0.1940628045157781 0
0.6769226377046459 -0.1283078788969778 0
0.202642040749103 -0.06125774409727752 0
1.066581183330543 -0.0404577431685457 0
1.078717727180183 -0.03195940208679814 0
2.045706374210009 0.989020146405415 0
0.9505194952433094 -0.03820302734040269 0
0.9896032306317203 -0.0912025786184493 0
0.9971645383058014 0.05810174098946705 0
0.3087718264429631 0.1414481841381727 0
0.8424626814649288 -0.0145514022212594 0
0.4009594271684213 0.06068165596764347 0
0.7972982956943188 0.796036353838052 0
-0.08632720642557538 -0.05084292715283063 0
-0.00312671341291585 0.03156302421656072 0
5.507304508972547 -5.391742861456226 0
-0.1241543987517492 0.01776040452550421 0
0.02298352658090895 0.0505840111466872 0
1.39165337199895 -0.5312005008780206 0
0.203562138780378 0.06838284709414967 0
0.8231833820451138 -0.2587303993339892 0
0.8096474763575469 0.05930384090419226 0
0.1765099792470136 -0.06543423652496105 0
0.6938075617658053 0.04828537730926014 0
0.1866294133867288 -0.06677437408076667 0
1.347823144524779 -0.1263498436491338 0
0.07790376525759268 0.07326908923596892 0
0.7659169940364913 0.2221659362581118 0
-3.029310779139027 -2.28933450684153 0
3.609396290463414 0.9970769385067788 0
3.322607869646624 0.8983158260847022 0
0.5775488528249512 0.2280911550196532 0
0.5053566035243471 0.1707057981274056 0
0.7561234569895121 0.04323575988013142 0
1.965831631900049 0.6400472987627442 0
6.932584698513072 5.527539099521972 0
0.9061401763531773 -0.1397156395492922 0
-0.2398365397560321 0.1602822993011627 0
-0.067371698657765 -0.05288272766389335 0
0.4166311460330699 0.09759840774706685 0
0.2442957037724406 0.06617831682768266 0
0.7553672438500298 -0.9759400308414663 0
3.088965992482812 1.144186802568869 0
0.769107124789786 -0.08911521576850545 0
0.3791487879409749 0.1100253567494241 0
0.7640700739128006 0.03913140082180708 0
3.427666441530848 -0.0948170008077629 0
1.609662224697847 -1.013342793900577 0
1.051805558615933 -0.1131035800298454 0
1.146580210550657 -0.6809893786362219 0
0.9981210470316608 -0.003835823525807706 0
-0.110781131233149 -0.04139324255581332 0
0.3361180966524036 0.08959306913617709 0
2.06169055509554 -5.412134857821112 0
0.7784611225245868 -0.2476173887724967 0
0.4616753245608364 -0.08071339670159294 0
2.78114498201781 1.05506470318288 0
-0.2594052645343153 0.03588128622205747 0
-3.820706886445257 -2.357839850712882 0
0.569843722209743 -0.1370636670873205 0
1.164059211199105 -0.2322343316526829 0
0.07848271221391966 -0.1038617172361509 0
2.857197777506567 0.3196518246329538 0
0.396051817274477 -0.1658762562500954 0
0.399477191554691 -0.1853506120466503 0
0.2293046798961641 0.2058722106262876 0
-0.6624298745006389 -0.4648030842258346 0
1.16337987245121 -0.1202743118347029 0
3.750770371785109 1.31884151902504 0
3.932736323739455 0.9649485640971572 0
0.9099948045968833 0.08450356846137451 0
-4.813808532195716 2.800000000011831 0
-0.5433405569101983 0.825052337712851 0
0.06476372655406226 0.2299623072664672 0
-0.5492148208251436 0.143749934751146 0
-3.852976667533248 4.658727034116194 0
-2.086956521753655 -4.823504321461217 0
1.13244818393674 -0.2090099087203526 0
-1.447701469363623 1.917343052482019 0
0.3017541475011797 0.2892169607090398 0
3.685871538589609 -0.4835633208880036 0
2.253986211110339 -0.500328893785932 0
4.730651132438357 -0.3128638336560756 0
0.7909306921738961 -0.003730034180880298 0
0.2300234740356936 0.07616585936907276 0
0.4600243061545453 1.00702480364977 0
0.2825780219407404 -0.08477276704464964 0
-3.21318282952303 5.52124403840781 0
2.513331964061184 -0.9362271670508997 0
0.186061754536326 0.09699914969126479 0
-0.09558285948025694 -0.201975293118095 0
0.1544240222723458 -0.1273618844704853 0
0.1326042803351162 -0.129946796687949 0
0.9599587455403588 -0.1335428272467331 0
-0.08046638486893286 0.106026817339953 0
0.4093675816967806 -0.1402095695664904 0
3.445267949373916 1.658839636749677 0
0.06167786801457412 -0.04015997529249427 0
-0.05560371812819177 -0.01829666049227978 0
0.2165827295215322 -0.07049358039495941 0
0.9126517558273171 0.001535089831185994 0
2.845301100876974 0.6111780398567424 0
2.780866684976701 0.3002563358672402 0
0.549382374779763 0.03913482121426958 0
3.072904852021241 0.3521185405100673 0
0.2640472104908531 0.06519333579564457 0
0.865323414348326 -0.01912208183150625 0
0.4851123917833432 0.05634697567608694 0
0.6567024004382753 0.1779189289358312 0
3.159916161213657 -0.6170540948503157 0
0.9532098956473862 4.813750263134486 0
0.9588637881217849 0.0921351459331117 0
0.3164580614682997 -0.08068489102380468 0
0.1633230798674181 0.08517179568479646 0
0.7219059358053866 0.01752557183830224 0
0.2697261264751946 0.07339195033198689 0
0.2858203673473259 -0.09291178039993887 0
0.6978620680066647 0.07174196320914455 0
0.09043671451120504 0.09232351030335453 0
1.218104258943588 -0.6151807276536574 0
11.43627595654053 -5.438105770429432 0
-0.004115894697058591 -0.0669132460013611 0
1.18976125212517 -0.09689854668881145 0
-0.07277415405962982 0.02216612500401173 0
1.918445063003142 -0.558463741441859 0
1.837955766807551 -0.635741162603652 0
1.919998267534784 -0.783020888303335 0
0.7996385928417754 0.03828790393167186 0
5.104334568015604 1.665988775472303 0
0.2964507535404375 0.1589767336530035 0
3.048100101368725 -0.2853323231689936 0
0.7224869083158806 -0.08089599662893276 0
3.384552069044739 0.3718602216919784 0
-5.440021065067432 5.440449170423284 0
11.47925983312636 5.47685808833042 0
-5.462448385944443 -5.433543473055911 0
0.1971629688910496 -0.132867233342795 0
3.165684797060421 -5.455695561058114 0
0.5019150166788819 -0.1448558913232311 0
0.4970537786760747 0.0770521519574917 0
0.5642091139292702 0.1001624493112024 0
-0.06766158891039945 0.04508816818804372 0
-0.2331638139707822 -0.4807831473076183 0
0.6091413643182567 -0.2204385518847819 0
0.890156905380836 -0.1219937355349377 0
3.900886749288565 0.7137308618360627 0
0.5915356721731473 0.04249432606321558 0
4.784771072633896 -0.6774127342556789 0
0.6002491384363818 -0.1383308201353783 0
0.7837197295446257 -0.2023857538624586 0
0.361324983149564 -0.09273270856662803 0
0.3597978248659578 -0.0851424309275606 0
0.5637187316103534 0.0886451612660677 0
3.406653064011173 0.7192402732144996 0
0.5704580625038893 0.3465367786998924 0
0.2257306734613186 -0.07148419763621056 0
0.3063449416898443 -0.07977849738413248 0
0.9837308565700258 -0.1141009580650282 0
4.095971718596374 0.1363363514555899 0
-0.005320034245331819 0.03984203124507035 0
2.771998337225967 0.7069955799843536 0
0.7164522323766427 -0.4210313236677837 0
0.6616915427908073 -0.1389243433626614 0
0.9705049279992921 -0.08267673219363676 0
0.2017343820221118 -0.120645047781704 0
-0.2286061943192058 0.2050755538370249 0
0.9708726923346053 -0.002103200743650529 0
0.130091970805593 -0.1525170117007566 0
0.8641598368033963 -0.1282049954913101 0
0.6962120403664793 0.01286718040968558 0
0.07180175401450414 0.09307786884605843 0
1.056463796735454 0.01520053202953669 0
0.3710215901483916 -0.1482402271476411 0
-0.05751563233568917 0.05031007773904569 0
0.3773962009773225 0.1202652006814006 0
0.7182327125488102 -0.1309816463418479 0
0.2506621054579496 0.2298653270546684 0
-0.1337011263127599 -0.02861864833439833 0
1.637299125744804 0.5280333254449624 0
0.6659379624977445 -0.1294491267159137 0
0.8703005842935436 0.09370157920544862 0
-0.02739750561293186 0.07950468537438278 0
0.01658931098498991 -0.4758294100749246 0
4.144865630327281 -0.4131857199650135 0
0.912653069421293 0.01607481028858782 0
0.5582709864168147 -0.1684249969497923 0
0.2010147289111655 0.1127057373653756 0
0.8496090238181278 0.04692117586389799 0
0.6148563176732936 -0.1505160471145895 0
1.032337169316418 -0.02233314456129596 0
3.518989890749193 0.2297546992051243 0
0.9047569932217192 -0.1232880860087548 0
0.8724618325280249 -0.1241014913723317 0
-0.630143138243165 0.07390096068453757 0
0.4093840996077415 0.05849517702990169 0
0.1773177103064623 -0.1293143979301677 0
-2.352210399523493 4.73417221533408 0
0.9061636325016429 -0.08529553094020322 0
1.120680372470101 2.814337463871171 0
2.435214543635338 0.6349257142682943 0
0.04188715418971933 0.06649453537269188 0
0.7051125863110281 -0.1319811723973372 0
-0.05656760577680096 0.0680788989575839 0
1.141269762816038 0.09809207909516056 0
0.6732046733060927 0.009476772382148687 0
6.16001470254607 4.723024756016415 0
4.527536231472983 0.9463992379913493 0
0.9342994642923514 0.08604871233977414 0
2.656741295718654 0.3404497009880142 0
-4.189315403292602 0.7839365491091953 0
0.8950658560785206 -0.02633008410444335 0
0.6778209980968376 -0.08997327531280001 0
-0.2001160140622703 -0.03312510261884662 0
0.6875646082512563 -0.08970955546268486 0
0.4243371503769602 -0.2619970198141039 0
0.01376204456833852 -0.03765490102193006 0
0.06063167403945457 -0.116257429551727 0
3.045819812392575 -0.1076038907789685 0
0.3204168153696717 -0.193881225420436 0
0.2629604384349777 0.09496649136922462 0
0.7809141156214893 0.1450593963955315 0
0.11937909394217 -0.1095510042422399 0
0.9051095382195382 -0.4133670092897577 0
0.04423773364973509 0.2017113356417017 0
0.6181668063113533 0.027236517885192 0
0.2966431886632205 -0.07856622960470196 0
0.9434162076348921 -0.1370270050592674 0
1.011830673978725 -0.05221457958575741 0
0.3495288726185595 -0.08401623768694806 0
1.129148146051459 2.285846336158448 0
0.3264268113031545 0.1422934710316202 0
0.3060143026279029 -0.1428661104863867 0
0.9640672166598476 -0.04164592867482043 0
0.8063249846171553 -0.08842407923215465 0
0.5995505114264906 0.03779826693601719 0
0.2644913375797048 -0.1506949293389356 0
0.07520113916065345 0.08606273111955179 0
4.536148667166846 -0.4890337096769151 0
0.8459300177697988 0.008310028951459686 0
0.9913759959113081 -0.1300735376013048 0
0.3978652725690349 0.1025371455753802 0
0.4380805026960266 0.15705438914609 0
0.9496784603881794 -0.08261064213856252 0
0.1586679142395785 -0.1768047522686436 0
0.7465374737766942 -0.1937625902829637 0
2.932104575593668 -1.217915968648093 0
0.849214267022302 -0.1428021370682442 0
3.164600633097693 0.7596054240552197 0
0.3360205170434236 0.2237537851969403 0
1.059876544610448 -0.1238902286404473 0
0.2390352521714439 -0.1353478244687456 0
0.9607632677474113 -0.01221540002444717 0
0.7091764872200277 0.01146581949203639 0
-0.833620181190328 -1.053224451993276 0
3.437861383547526 0.3298519803955769 0
1.056411016412795 -0.1030597069306508 0
-0.1483253339518918 0.4978217365487271 0
-0.04025257660959805 -0.01802992211472645 0
1.393959701563558 -1.354737645794079 0
0.4614470403587028 -0.142627602548444 0
0.4520928656652332 -0.1416547172318421 0
0.6893061248607972 -0.1245666211680565 0
2.408699144107078 -0.7776774512201202 0
-0.002068215136263032 -0.01657177324742566 0
1.01565249625394 -0.1246315357041372 0
2.064138587177028 -0.5665284311029101 0
0.8537777430381575 0.004231490411630952 0
4.422616646465825 0.3962185505388333 0
0.04852583593629347 0.318126061038718 0
4.871897601560907 0.4760342424169566 0
0.84453762452479 -0.09504142756373544 0
4.927639542572694 0.04661354672128862 0
3.163875800126325 -0.04351697334533473 0
0.9824197411105893 -0.08917696639405753 0
0.6408476117372885 0.01389531017785343 0
0.4832156983892424 0.1036029623560941 0
-1.695652173907128 5.582972913210733 0
-0.6752100382183078 4.854853225705275 0
-1.403761126607512 -0.434361016030015 0
0.3869393733123199 0.1159772350556971 0
0.0638867139346897 0.09331307221478732 0
0.662500661414143 -0.08139805845722767 0
1.219214201258616 0.498591661374461 0
-1.856567833977057 0.6772741788770872 0
0.9225811816869263 -0.07488539209675754 0
0.5848237753157046 0.03833488162638789 0
0.6705225365399595 -0.09135793519157959 0
0.487063787502682 0.04878480398383315 0
0.745623193941066 0.002918746848157234 0
0.347711588130774 0.7518574753569219 0
0.6368165954403897 0.07620318082160384 0
3.34438952293635 -0.7668845573264287 0
0.1577253159430116 0.1445901899570471 0
-0.144947040573002 -0.5575537333413869 0
0.8778022465008415 -0.2386622739393406 0
2.892475045810871 -0.9911889374703394 0
1.013873733134027 -0.04529647151697345 0
0.02554722275340957 0.0586789609510609 0
0.36758441635753 -0.08290937574183058 0
0.6189408335113223 0.07470446777145588 0
0.1798525996279132 0.1354549654194332 0
-4.79811192522974 4.263583259550114 0
0.6238100790770023 0.03357036315116684 0
0.8242348483370376 -0.01328362190771087 0
0.2191223077957475 -0.1349450144839098 0
0.3437181217657401 0.05788460250901462 0
3.791163363826542 -0.8817864558145503 0
0.1228281734338414 0.2106892456238802 0
6.687283986566386 2.368521295089391 0
0.4449767452031876 0.3101920895848166 0
0.9865588385371352 -0.03894323726737371 0
-0.1349783398400143 0.07748514558023448 0
0.2880107889262071 0.3327730366561233 0
1.236233581814371 -1.586631694273547 0
0.4683564970855979 0.08442849855116101 0
0.4727958084161238 0.09020916764047242 0
0.9318467417722387 0.01957031049953284 0
0.7200526057437804 0.05473489190470433 0
3.08557781873165 0.4400785826115837 0
2.906078822111291 0.3656619321107605 0
0.1182394773672684 0.1275504749103188 0
0.4301038122213344 -0.1425805104037051 0
0.3938698453997883 -0.15219336277391 0
0.340576239361753 -0.08292611219580409 0
-0.996250716887454 0.6020473779740407 0
1.842366313371377 -1.120913223724261 0
8.347839223732787 4.569595191412281 0
1.159906702603028 -3.264452517037167 0
1.388696857132016 0.1104664401903983 0
0.1695406180892995 4.845640877341274 0
1.13988204318085 -1.122004414945564 0
0.8846798658930236 -5.456478362825563 0
0.6507692421156719 -0.2394441719981409 0
0.7776909486499414 -0.08771744183048277 0
0.5217648588219959 -0.5555772691239361 0
0.6140389612071179 -0.1615204449057648 0
3.066711097627173 0.7077498660102913 0
0.2521223374935718 -0.06555848721187381 0
-0.03890024916593779 -0.02749392413151961 0
0.06757415008865728 -0.1051952996171669 0
4.285332464389725 1.066871370191021 0
-1.336243785891486 -3.987292978246377 0
0.1296230059175988 0.08517569030319849 0
-4.921764868379101 -4.451206318936805 0
0.1389372743238144 0.5795966026061036 0
-0.233335242897688 -0.05073828335067771 0
0.9346408050817028 -0.2270254599116305 0
0.51693015780848 0.1016145705919445 0
-0.04091551737902745 -0.097898912794065 0
3.15130970697013 1.467207230038484 0
1.011353477261797 -0.1316232286558383 0
0.7457472896674742 -0.1391781123260863 0
0.7060130763106879 0.6053277834209045 0
0.1250164744019288 -0.9325570212580291 0
0.1676286069812166 -0.8057650970524801 0
0.05351468813335555 -0.8434541261281854 0
2.603860296127206 -0.6894561260870347 0
2.65108996347584 -0.768648083717676 0
2.700169826083326 -0.7251742594109745 0
0.1727374257801569 0.1798790905059441 0
0.1629445737596867 0.1729821031787284 0
0.1765310141310578 0.1669959642026316 0
0.8317359297032607 0.06818260176559066 0
0.8213552871451649 0.06373570843350555 0
0.8338012154027206 0.05648463503102417 0
0.834025079440376 0.09903980403810769 0
0.820162831902689 0.09205193440091261 0
0.8331522489833921 0.08242154480526714 0
0.1673904163009762 0.2162163804708932 0
0.1516604129260846 0.2049677141665777 0
0.1748809887836775 0.1971138957863565 0
0.8358471107557968 0.1379927945793707 0
0.8173222781527996 0.1303701633343675 0
0.83956049496267 0.1162928248787564 0
0.9611052110846297 0.06702301853935068 0
0.9663133409998916 0.07775870926814991 0
0.9536556582065229 0.08139945520431247 0
0.03128430750893169 0.2483545626399512 0
0.04670987049827925 0.2289766874744432 0
0.0493381635647147 0.2493401824319752 0
1.081592349546062 -0.1171869162085127 0
1.074587542345164 -0.106705179248767 0
1.07296495766094 -0.1218590956289248 0
10.30112697533497 4.916704183393238 0
10.67922268418952 4.949354356577586 0
10.45150342727136 5.329514761339668 0
1.062819011072137 -0.07226104663496079 0
1.05966750323316 -0.06638914477259088 0
1.055218533075921 -0.07267351496104713 0
0.9278420345770819 -0.08014413293677085 0
0.92783237472091 -0.08569749050531957 0
0.9326339721519434 -0.08290406930200189 0
0.9875234016167488 0.222030736963123 0
0.9697055551946643 0.1901876805045195 0
1.007420994015051 0.2005148189718053 0
1.056104343887259 -0.04572961498116169 0
1.062433811446831 -0.0468033125623686 0
1.060251715770971 -0.0393840455873388 0
0.8014701391197465 -0.1367746185727687 0
0.8028792452576052 -0.1300834666445106 0
0.79626670880272 -0.1328038898587708 0
0.7388050730094416 0.1289434256439714 0
0.7310217017527125 0.1174512475567637 0
0.7472244792534279 0.1225113361869351 0
4.351560178644735 1.54875464661126 0
4.379336592874886 1.305260770898176 0
4.570392092681644 1.516872107545401 0
0.5823906976817114 0.08909710919116709 0
0.5767730634999307 0.08452769262876701 0
0.584416269781795 0.08130749006115434 0
0.9229806642020839 -0.08777603020750915 0
0.9277726017769455 -0.09053596657274021 0
0.4125409116849993 0.06919610039139676 0
0.4135410514102393 0.0635767982267966 0
0.4172033530494144 0.06677109448332016 0
1.517467815060075 0.5773624161715233 0
1.481409919179861 0.6169569355182746 0
1.437589342782614 0.5777841844610743 0
0.8687516153034157 0.02526994823258649 0
0.8630215221285999 0.02328185991722707 0
0.8682206599448721 0.01880857336465599 0
0.04893422747407897 -1.228318961435396 0
0.1060807279629144 -1.074282629177265 0
-0.04624394493476769 -1.124282382591866 0
1.077932747949481 -1.02089459016968 0
1.136562614634091 -0.8786729697846303 0
1.011387356317627 -0.9474661602066055 0
9.366720273798325 3.958075886877468 0
9.737908042099374 4.302548777270562 0
9.280986144751388 4.347111613971288 0
0.865107075522169 -0.09393021989863062 0
0.8627281822026982 -0.08892807499108971 0
0.8602815247421954 -0.09405644069135799 0
9.862790815734622 4.994224546259851 0
10.09051007265278 4.614064141497769 0
0.2838209848887815 -0.184065561481682 0
0.2897586011675676 -0.1716323645474697 0
0.2745311443240932 -0.1739783249883626 0
-4.730820032918826 -1.740722587713726 0
-4.937483970921331 -2.056106826269374 0
-4.494423022483774 -2.092418333277513 0
0.3724209662737177 0.5352711884841321 0
0.351431339228612 0.4910377635138035 0
0.4094771711213777 0.5096724703622909 0
0.1599290342362241 0.2661308607792557 0
0.1395706990071349 0.2506520578103894 0
0.1645281756724725 0.2395490018199807 0
0.8396513200495621 0.1920462654217688 0
0.8147983154993681 0.1800619635662873 0
0.8384618984961203 0.1640544348904633 0
0.3650227092571131 -0.65819665766647 0
0.3821387674768219 -0.5770357165839666 0
0.3153799421441692 -0.6043756166525962 0
1.450982446959217 4.887605827866979 0
1.850195973679591 4.882959619835928 0
1.790392706263899 5.313893623895567 0
3.180692004819883 0.4682542714943029 0
3.135999691194057 0.4500954298492204 0
3.184708549486885 0.41270047941495 0
5.198274084705877 5.559116891379611 0
5.589578432530471 5.559116891379611 0
0.7759180710355821 -0.003846723259348635 0
0.7769994393844737 0.001369234851890777 0
0.7712264208802202 -0.0007409343786716951 0
-0.007829913200122227 -0.156153414331981 0
-0.005554392866614091 -0.1418467953050363 0
-0.01987818838318333 -0.1544435786802049 0
0.3300742340462745 -0.09109037078392798 0
0.3302503147295497 -0.08545016768445135 0
0.3260806104114029 -0.08890024259454399 0
1.918975628174998 4.489883853541632 0
2.25838588747968 4.91617164957022 0
0.1653404761811208 0.09631356083671402 0
0.1668759834148472 0.09095102165242541 0
0.1703313022815167 0.09447202150326642 0
0.5613124673966652 0.04597568654161596 0
0.5603440608969883 0.05207441970121679 0
0.5565062243091892 0.04726370463162782 0
-0.04737241249261069 0.04308663398579306 0
-0.04165152411816746 0.04159843770077587 0
-0.04247190328313211 0.04676966725171189 0
-3.785160030996324 -4.810785337490746 0
-3.939452874247872 -4.421777919362612 0
-4.172580751291138 -4.854011239699267 0
-1.026235884516136 0.23241399821967 0
-0.9541924966918736 0.1184735610985359 0
-0.8819031210349449 0.2547392972249727 0
2.514983246309733 0.4281490063477069 0
2.568109596201952 0.3957908862334312 0
2.574343916949293 0.4466144968204333 0
0.6679764406211108 2.714710152492664 0
0.4204344045946741 2.740446955946051 0
0.4890636164983572 2.41330851687393 0
-0.6060141222909492 -5.018902350435843 0
-0.821676213335931 -4.672987319849426 0
-1.090975021104761 -4.997952996372677 0
0.009439050974345938 0.1024381741145097 0
0.01732991678931613 0.104563356645521 0
0.0119136446133653 0.1073895448078874 0
1.067694345125761 -0.135409998757814 0
1.059703204475767 -0.1491122457532645 0
1.071978624211844 -0.1460430795841209 0
0.1071425378839214 -0.1046904909082569 0
0.09857188470463024 -0.1029079052082266 0
0.1004997305994347 -0.1087603572910421 0
0.9591516827502246 -0.2059806508766469 0
0.9434907083932089 -0.1925504577421655 0
0.9478928011478984 -0.2137660432291227 0
0.1771235442021762 0.1539050940131287 0
0.1869163962226464 0.1608020813403444 0
0.1884674291550485 0.1911277568102596 0
0.5698910419577345 0.03559630182337471 0
0.5745651739191345 0.03442763427084055 0
0.5724515840057158 0.03999090897375364 0
4.793948114768021 0.7912848531791183 0
4.778003327122573 0.9469257201388028 0
4.543481019118432 0.7907583710316647 0
0.4741431047179125 -0.2525522513597386 0
0.4800143942384502 -0.2705496138663337 0
0.4974426200293626 -0.2660238895302761 0
0.1943704391041301 -0.1268914430345795 0
0.1844478098118364 -0.1251150253282658 0
0.1872403395987559 -0.1310908156364814 0
-0.3055981989444899 -0.2571479183701597 0
-0.2713210907804443 -0.2984104050741229 0
-0.2507656703944222 -0.2494130070624578 0
-0.08695692829948586 0.0003479861899223172 0
-0.07928978698157252 -0.007444525364369001 0
-0.07701433563187562 0.003322368804712798 0
0.2686971385871251 -0.7902022749587116 0
0.1971953523185519 -0.7010993798288681 0
0.9740823953064808 -0.8292078887469136 0
0.9154525286218707 -0.9714295091319638 0
-0.06896993394815873 0.003232104752341619 0
-0.07663707526607207 0.01102461630663294 0
4.222918571613851 1.202007340077528 0
4.44175048565076 1.170124801011669 0
0.8314831422171469 0.04713242093000788 0
0.8418637847752428 0.05157931426209299 0
0.8455981772409478 0.07517047140278575 0
0.8525499120433733 0.1066624352831109 0
0.2201946468107754 -1.036593600101559 0
0.2613983971362688 0.1271708531601539 0
0.2701225962719419 0.1316580108972438 0
0.262444075187755 0.1344482761023052 0
1.685672845140255 1.267448689527537 0
1.542270425083881 1.239390894979184 0
1.649709355383532 1.051856901449833 0
1.071430108761961 -0.07387439163772397 0
1.066981138604721 -0.0801587618261802 0
0.389483722452547 1.353263574260064 0
0.2484096338183626 1.311549423203866 0
0.3973493830454863 1.172545748967768 0
0.1877487515300654 0.2316951834397596 0
0.2639611998939231 0.1213208730464544 0
0.2562826788097363 0.1241111382515158 0
0.2285416011144725 -0.08206943510268951 0
0.2323177281803802 -0.08637786678938629 0
0.2342765670470943 -0.08179838179304914 0
1.173111439927154 0.003311380371983766 0
1.196277401840657 0.01612352818863328 0
1.182339392342682 0.03264588803073966 0
0.2292235141585436 -0.0913810832280996 0
0.2349584800911654 -0.09111002991845923 0
0.8607001153059908 0.1499770964348522 0
1.048666505708078 -0.07161784769882026 0
1.051818013547055 -0.07748974956119017 0
0.3438892119957933 0.1010351569340981 0
0.3434088423125845 0.09470666843696943 0
0.3475651515466075 0.09790341724596413 0
0.04523347293572734 0.1092267313958337 0
0.04190943630450574 0.1041080812447419 0
0.04791368146894438 0.1041847837472192 0
0.09831127105544382 0.08206923255142541 0
0.1019775725559629 0.07669332413285065 0
0.1035428750144136 0.08206040309364851 0
0.8717446677949923 0.03234459062817203 0
0.8769438056112644 0.02787130407560096 0
0.4211100769386578 0.07096949640576247 0
0.4221102166638978 0.06535019424116231 0
0.8247198547121934 0.03023777055756445 0
0.828911678539537 0.03515144885345931 0
0.8227679922503384 0.0348916362941212 0
-2.109122463634989 1.54390068519639 0
-1.890933902784864 1.872951375054978 0
-2.249265381296138 1.862444033140719 0
0.9043508730377067 -1.277009241611424 0
0.8052826622345095 -1.126529001043535 0
0.7568760456391993 -1.313850462063303 0
0.2590696625789159 -0.06558392839671519 0
0.2640423079462871 -0.06609542285858269 0
0.9183510583147345 -0.1004379313288246 0
0.9228046173675869 -0.0979841575179623 0
0.9184673322052671 -0.09506828008579213 0
0.4664695310952975 -0.1608771242255253 0
0.4641020855036849 -0.1511084461689399 0
0.456600125900765 -0.1629455561704141 0
0.3224490746559777 0.1014887658138777 0
0.3269203324954879 0.09686347769641578 0
0.3267924901929788 0.1019688439235927 0
-4.886903739607346 -0.2281138031205742 0
-5.281919356660551 -0.4190625875793095 0
-4.886473687068845 -0.6281748687373467 0
1.065870417909554 -0.02009427129648514 0
1.070232216314549 -0.02957820257677635 0
1.074355928775188 -0.02247547080650693 0
-1.459076287207942 0.9514455158551264 0
-1.707922788806419 1.095769221127691 0
-1.771510766694675 0.9127394653838714 0
0.9704668890222958 -0.1379060461516384 0
0.9645466721567411 -0.1315316132336369 0
0.9658789624059135 -0.1399172601647346 0
0.2744170516727789 0.1014625581277373 0
0.2709095809526281 0.1043519036464354 0
0.2687438712426232 0.09986626222162295 0
0.3223917081395272 -0.0914436145188964 0
0.3225677888228025 -0.08580341141941977 0
0.3494362037868557 0.1177395453393682 0
0.3450536821161345 0.1114333557884756 0
0.3524280429005374 0.1105380952939854 0
0.9266243391827984 -0.1305322383445389 0
0.9320211657941766 -0.1275476486016389 0
0.926409758343083 -0.1240200859991444 0
0.2971821852130965 0.1905174294597477 0
0.2931582788104539 0.1780073394785235 0
0.3096488096310689 0.1884951333791461 0
2.169669271319269 -0.5322620169178021 0
2.208119026186905 -0.5540453186309651 0
2.215536456242703 -0.4785455920727689 0
0.8913980624451316 -0.1468552499510325 0
0.8985063807301575 -0.1415976080969538 0
0.8901053728052938 -0.1371791062456664 0
0.3718318794910065 -0.1050845530438826 0
0.3776659970380933 -0.1064063191370676 0
0.3752923636852891 -0.1011139863565269 0
-0.0414840780973349 0.9249485769919499 0
-0.09818888700763272 0.8337209598907346 0
0.0355112691933874 0.8393158176344894 0
0.5648463186888408 0.03623222968443201 0
0.5669599086022594 0.03066895498151892 0
1.023924936213163 -0.04972785786560399 0
1.024952505577854 -0.04466420758192832 0
1.020281152460476 -0.04541905129565517 0
-0.01305678256083462 0.0399177242018471 0
-0.00851980134821753 0.03716830465088038 0
-0.009857015457948908 0.04259145079603707 0
-0.2073419764305769 0.01597407656336967 0
-0.2235426610518572 0.03760688956685254 0
-0.2432045799130351 0.0142484732185746 0
-0.1874591527644341 -0.1027276422559183 0
-0.1621866391184121 -0.1078050381356292 0
-0.1701294092992474 -0.07920610377825456 0
0.01178371266457671 -0.01418182050829375 0
0.01206610270472581 -0.01926317693920995 0
0.0169280094413212 -0.01705969838159013 0
-0.2022190422890551 0.05879532077051475 0
-0.2380816457715132 0.05706971742571967 0
0.6293822512969299 -0.09827089436441067 0
0.6342382423856112 -0.09842681698723296 0
0.632273949875089 -0.09333299615548897 0
0.2283641490631163 -0.1521236240598057 0
0.2370654448801988 -0.1526004381941125 0
0.2386004716598302 -0.143148992934442 0
-0.7287798404909893 -3.035872133799302 0
-0.4032966230378859 -3.23285280635492 0
-0.3081163178245432 -2.845157832419199 0
0.6937682717717557 -0.08889027624886103 0
0.6987691376996501 -0.08851586763001572 0
0.6975029807031627 -0.08373042233945482 0
-0.01077401913801911 -0.07345868556592047 0
-0.003680087404894777 -0.07281097288575608 0
-0.01120982643018293 -0.06756095868152549 0
0.374435430443139 0.5933097410116248 0
0.3163895985503733 0.5746750341631375 0
-0.04177096851643926 0.03617415275441697 0
-0.03687045930696067 0.03985718602033579 0
0.9274551330476812 -0.1010364490270827 0
0.9275714069382138 -0.0956667977840502 0
0.7862287480144325 0.05137582630789893 0
0.7798026932202242 0.04787113432636609 0
0.7880097180177617 0.04436788306260804 0
-0.0139225282180595 -0.7306769258040522 0
0.02995321223305003 -0.6497778622064705 0
-0.08009613669765284 -0.6637925860878863 0
0.1420988460924708 0.1512724704196821 0
0.1496542347004937 0.1423163914254686 0
0.1501699273349888 0.1535462689512605 0
0.3876519571191577 0.2177547233130718 0
0.3959404757452337 0.1962610928971544 0
0.4050677231952637 0.2195254643552455 0
2.310828899064246 -1.501402931428623 0
2.481392966585903 -1.388674275657699 0
2.177808053785317 -1.285223249517749 0
0.7284044208557618 0.01547403785634582 0
0.7329764032982238 0.01351153270200773 0
0.7337955992834209 0.0181174267212908 0
0.2330424503122454 0.1197387456951907 0
0.2329379190294231 0.1127935027233456 0
0.2383629507564895 0.1164046633470502 0
0.6088411442201208 0.1054730009770619 0
0.6148589377197855 0.09507105666815988 0
0.6182839788450047 0.1065524509972981 0
0.9862204157205237 0.01222756154016139 0
0.9798855446402877 0.01074582680352936 0
0.9863501642706567 0.004622720963368316 0
0.7202691885042043 1.203246649411972 0
0.6130187143391037 1.076387222198996 0
0.7948644311636373 1.065373971587002 0
0.584040175468681 0.02384478760523995 0
0.5791103581173739 0.02467290420459149 0
-0.08160131674659427 -0.1001710617407475 0
-0.0689617359857486 -0.08645687904458707 0
-0.08547415216119369 -0.08426490563500746 0
-0.190829440685175 1.196620350698644 0
-0.2661086764388038 1.056247449152937 0
-0.09990499854472623 1.059726620793902 0
1.413734727944215 1.324447481851419 0
1.377771238187492 1.108855693773716 0
0.160734456943515 -0.1228194088444223 0
0.165870866289404 -0.1283381412003265 0
0.1721813009605732 -0.1237956655742635 0
0.8215598267573537 0.02621828186543619 0
0.8277035130465522 0.0264780944247743 0
0.6363181093501371 -0.1034810162609203 0
0.6392098079282962 -0.09854311805199861 0
0.7349492997356442 0.06604763773414203 0
0.7325730792245175 0.05935259776848135 0
0.7399888877763536 0.06308097211813816 0
0.9976771708508501 -0.08942868265058102 0
0.9936673569992716 -0.08739919722665523 0
0.9936130444832987 -0.09323206404237508 0
0.6104759614739345 -0.1122437279086718 0
0.6132864962597675 -0.1072783626031351 0
0.6082868652886253 -0.1072006475222357 0
0.8600125230195984 0.000870348676622227 0
0.8638164260000079 -0.002195312758684124 0
0.8653186482250955 0.002868332620413418 0
1.081396643270324 -0.07318069283460515 0
1.077234515737739 -0.06528297764338573 0
0.5769082145830762 -0.1358594221330645 0
0.5819898282850852 -0.1365181400912785 0
0.5799416645311308 -0.1302030622662551 0
0.9449066185393019 -0.1470975241137334 0
0.9482892894571453 -0.1401685713042561 0
0.9400335367170487 -0.1439559578687447 0
1.012297677102831 -0.00978413723792238 0
1.008986860079991 -0.01538543155545524 0
1.015555514970575 -0.01453602510900445 0
0.5614893968026143 0.2649240888704841 0
0.5547638481024659 0.2361382381491366 0
0.5842744015250996 0.2568770057410007 0
0.1976650744433139 0.1425228569159945 0
0.1893335402038918 0.138419199565694 0
0.1994896883534408 0.1332308453308469 0
1.034047237030153 0.2004761813044203 0
1.016229390608069 0.1686331248458168 0
-2.450761945941231 0.6392113427679291 0
-2.631613693475359 0.3922270613982739 0
-2.33428160138538 0.2537901161344425 0
0.719791338546323 -0.1366446630183475 0
0.722383666024234 -0.132807233022789 0
0.7156403850708992 -0.1348190763374064 0
0.008481837022120289 -0.02162394197756402 0
0.01362613379886478 -0.0245018198508604 0
2.903386101424324 1.582218361881565 0
2.718392187344633 1.605242506084036 0
2.678070878869386 1.370185051807064 0
-0.5683944369808922 -4.417571514067333 0
-1.053355335794704 -4.396622160004166 0
3.516814448294765 -1.51112151079704 0
3.66767995492186 -1.425046963598148 0
3.371282215868236 -1.301413601844093 0
0.08583397834291309 0.1190437366369061 0
0.09395920255257761 0.1203357645055572 0
0.08894746890649934 0.1237825337367385 0
0.05694751872237343 0.1150769492189204 0
0.05643807835605233 0.1085694275261412 0
0.06214787897825978 0.1143429428467506 0
0.2572118798151206 -0.6292115385984601 0
0.1561433482092121 -0.6447743606922285 0
0.8713237078631386 -0.02209563677965923 0
0.8744402238857725 -0.02554458464786446 0
0.8766082933268339 -0.02051872080916338 0
3.008310665993869 0.3163622817212657 0
3.046643469159284 0.3067128054946182 0
3.034572048855825 0.3617680167367148 0
-0.2804256143178874 0.152007832070386 0
-0.2552691958783738 0.1334338755487078 0
-0.2649929581955456 0.1788562558228408 0
0.8011982160033513 -0.1444894584829857 0
0.8078107524582365 -0.1417690352687255 0
-0.05137963199740196 0.2832684580909935 0
-0.04706792553132404 0.2479536516051318 0
-0.01621443555133349 0.2766452767042866 0
2.133488776014157 -0.4748163263283068 0
2.126071345958359 -0.550316052886503 0
3.51254389036649 4.94159819318368 0
3.675335566181526 4.544293603687553 0
3.931998226227734 4.909997535981452 0
0.1695511129153406 0.1518866725202884 0
0.1799364950069292 0.1456927896580013 0
-1.38170654987842 0.1959629701300306 0
-1.294923352102933 0.03084587175522757 0
-1.185308457948551 0.2612653604680362 0
0.8584799113427042 -0.1609763683925317 0
0.8529756758960287 -0.1519921525332157 0
0.849039450403535 -0.1638359744399694 0
0.2675377921449266 -0.162936476686022 0
0.272480049091292 -0.156120028696543 0
0.2595490806333394 -0.1575113773284146 0
0.5843325808031301 0.07420373342246672 0
0.5899502149849107 0.07877314998486679 0
0.05373565071373762 0.1037030194878786 0
0.05041161408251603 0.09858436933678684 0
0.5050306027193294 0.2590125201537421 0
0.4798290671822955 0.2467453646227024 0
0.5067773078429467 0.2319181657475805 0
0.9704754880979222 -0.2113848139608727 0
0.9660733953432327 -0.1901692284739155 0
0.8714236997754939 0.04162110649431115 0
0.8632315094676453 0.03901975065129669 0
0.6397750548740686 3.653761509581521 0
0.8368359139385346 3.95294342730897 0
0.4032115040821276 3.988168068178696 0
0.2321532008055905 0.1270114370139404 0
0.2267281690785241 0.1234002763902357 0
1.863925608716408 0.6072764530216948 0
1.933374474897329 0.6003109452625961 0
1.896382765719127 0.6470128065218428 0
0.9247965241542739 -0.1384597872185219 0
0.9191851167031804 -0.1349322246160274 0
0.02273384186303959 -1.413822229366509 0
0.1750585147607217 -1.363822475951908 0
0.8895610015140498 -0.1569655907996355 0
0.8811599935891861 -0.1525470889483482 0
0.8086740660910419 -0.1280304269643695 0
0.8034706357740153 -0.1240596982503717 0
0.7327675483399373 0.008752848878778398 0
0.7381587267675963 0.01139623774372338 0
0.8251901944611533 0.04592152814447756 0
0.8332527638336755 0.04101620737554638 0
6.581109601873854 3.176867769371372 0
6.768816380176419 2.743245128798896 0
7.008369157908912 3.063579625243471 0
2.116475559792424e-05 0.09893460922655584 0
0.001998097801676325 0.09252567816300343 0
0.005999711844473517 0.09885543121332364 0
7.221294329650718 3.443608034368776 0
7.409001107953283 3.0099853937963 0
0.6242397558062087 -0.0981911799303018 0
0.6262040483167308 -0.1032850007620458 0
0.4421624021115592 0.1118117045612974 0
0.440543479858245 0.1052386964450827 0
0.4480118797770849 0.1101200635200607 0
3.195662920652757 0.5280145712001929 0
3.244371778945585 0.4906196207659226 0
-3.632129740630294 -5.201994675859108 0
-3.399001863587028 -4.769761355522453 0
0.8267900750058783 -0.08491919719959007 0
0.8259259076293159 -0.09035449406016025 0
0.8308792280209714 -0.08759973795457704 0
-0.4718450736125068 -3.631783794548682 0
-0.05118155094606061 -3.441069493168579 0
0.3795741367408078 -0.09774592631217774 0
0.3737400191937209 -0.09642416021899276 0
-4.573888305320701 -4.827947476358668 0
-4.419595462069154 -5.2169548944868 0
0.3700634172983538 0.2839701889485364 0
0.3720204486186429 0.2536568435143312 0
0.3948221732488987 0.2713324402053681 0
0.1628016863761149 0.297056841222276 0
0.1877591630414525 0.2859537852318674 0
-0.2216778174413927 -0.09473166899032526 0
-0.2143685829214786 -0.06243349562461067 0
-0.240644477417602 -0.08303645671639229 0
-0.5189041974912302 1.334892787898008 0
-0.6593725795678802 1.285043588546849 0
-0.4975015006559027 1.143291979706521 0
0.2575422859099863 -0.2024942953885991 0
0.2554657310078631 -0.1853964188817206 0
0.2444144888725423 -0.2014791923477448 0
0.7007096912919112 -0.09311222732933438 0
0.7044444002233181 -0.08795237341992818 0
0.936651080309635 0.02429492520468531 0
0.9313357458736164 0.02525759817164137 0
0.9371620762082573 0.01860763753257678 0
0.6869862610702581 0.06063376858143611 0
0.6930434444017081 0.05553451899754164 0
0.6931388528653237 0.06163242113068544 0
1.211895012556688 -0.01221469752360419 0
1.221122964972217 0.0171198101351517 0
1.014040417352084 -0.002672702042065794 0
1.007471762461499 -0.003522108488516587 0
0.2139266181406989 -0.1135094071217422 0
0.2098874099016723 -0.1197258106397976 0
0.2151125056998474 -0.120633445010571 0
0.8035892164670124 0.557699563256143 0
0.7621626525851246 0.5767125772641701 0
0.7602839549930216 0.4977825770393468 0
0.9475559720893753 0.01188173413311358 0
0.941147273019471 0.01055358766158378 0
0.9462258344645704 0.004790357229076642 0
0.7868634821683875 0.0609582758805596 0
0.795070506965925 0.05745502461680155 0
1.00102093523853 -0.09248002737360755 0
1.001075247754503 -0.08664716055788771 0
0.09342818233040114 -0.6369842066237656 0
0.1534447098269698 -0.5650963653933578 0
-4.59539817173958 -0.01861304212883375 0
-4.990843841331287 0.1904992390292035 0
0.9435570187649142 -0.001067372929752153 0
0.9499657178348184 0.0002607735417776381 0
0.84948944736204 0.2243758715316535 0
0.8731530303587922 0.2083683428558294 0
0.7975961042689836 -0.1532829652985089 0
0.7912554909304936 -0.148288548602552 0
0.1976961510521727 -0.1922412164721563 0
0.207070147515404 -0.1782441649009229 0
0.1895971465059123 -0.179470287583316 0
0.04304628488953945 -0.1696137865690375 0
0.05040924709582272 -0.1545193599155613 0
0.03031579431408345 -0.156993823789408 0
0.7611756775089282 0.265828312360454 0
0.7445122919357758 0.2375407229237866 0
0.7825803796096436 0.2504535256947791 0
-1.113019082291622 0.3975310965944731 0
0.1663373541523119 -0.212095884382174 0
0.1652251388030667 -0.1946127568050378 0
0.1513393429126977 -0.2132413020326623 0
0.9085781860223257 -0.1470667626461651 0
0.9117487390139167 -0.1412877065196513 0
0.9029696233615864 -0.145494695675806 0
0.07173978202070785 0.1216704852038085 0
0.06717772174294023 0.1155083304413977 0
0.07626018441906718 0.1163283511056765 0
0.6494769030179932 0.09482686086429035 0
0.6451515818945444 0.0842630394629951 0
0.654754632098061 0.08923457564710442 0
0.6869119959399552 -0.1440356087355663 0
0.6906085364260836 -0.137126061724181 0
0.6807369299430182 -0.1394481093364405 0
0.2697626704434775 -0.06682250874548365 0
0.2658759263404756 -0.0712767327661905 0
-0.1357230827172668 -0.1082927058182398 0
-0.1123515013516738 -0.115140500154841 0
-0.1214853142876324 -0.09113129399456667 0
1.000285527711729 -0.1426824659155871 0
1.005480756114118 -0.1384466902850618 0
0.9961314305328826 -0.1368657002609081 0
0.976503524412615 -0.1390131371294061 0
0.9751712341634425 -0.1306274901983084 0
0.0838308802240048 -0.1678235614151214 0
0.09539152891694114 -0.155538263439376 0
0.07470038636421504 -0.1548540247194454 0
0.3511444402766674 0.09404509634793082 0
0.3516248099598762 0.1003735848450595 0
0.805269528314829 -0.4903143230633831 0
0.8263441245829927 -0.4424610072988633 0
0.7649903061026341 -0.4606823006317738 0
0.5793737260118633 0.1090180385903098 0
0.5718388472959957 0.1026037493563331 0
0.5822823701157148 0.09873160099275641 0
-0.09833310539161572 0.1455360072039887 0
-0.09997107705257596 0.1319231106944574 0
-0.08179533078563703 0.1385846986561315 0
3.80622256977834 -1.376920409981897 0
3.965511150861989 -1.405226743502862 0
3.95852153329194 -1.147392280933664 0
0.5398932175148816 0.04512310074269754 0
0.5344834075477022 0.0469100083322343 0
0.5358049530118538 0.04196043838323406 0
0.4977809392196412 0.05108532338542051 0
0.493393087085216 0.04775678650551667 0
0.4976908455535125 0.04586380549481969 0
2.302809819323465 -1.772249914808244 0
1.999224906522879 -1.668798888668295 0
0.3318790444321511 -0.1653050755237637 0
0.3316774432220495 -0.1526422031377005 0
0.3227772137835135 -0.1592991569937776 0
-0.4467196941604427 1.510523982155638 0
-0.2848486152484651 1.36877237331531 0
0.8393244542164846 0.01293314233921073 0
0.8405057510705755 0.008734041483246718 0
0.8447487209157081 0.0125091298074237 0
0.3578332316531302 0.06419766249353709 0
0.3576040192203616 0.0696065302934066 0
0.3531545150745326 0.06542813260991749 0
0.07158176982462139 -0.03212271841569291 0
0.07636502081071903 -0.03357474722121707 0
0.622128687278711 -0.09325707011176958 0
0.6189504842985118 -0.09827117650940473 0
0.2241448613774151 -0.2242431405670987 0
0.2308300979181649 -0.2047960813221932 0
0.2084839155209146 -0.2104621530346686 0
-0.1515256055241362 -0.01986906718835187 0
-0.1491158346707613 -0.03191868431552237 0
-0.1361108971661348 -0.01656903120722782 0
0.2724326932275413 0.1092829933510209 0
0.2667595127973856 0.1076866974449066 0
0.2706268305548702 -0.2170128944169835 0
0.2816780726901911 -0.2009301209509593 0
0.9762195087655208 -0.3041099097688243 0
0.9481348126213121 -0.2877035128154249 0
0.9580690802062031 -0.3217962606742578 0
0.0003995616955543568 -0.1704192240750169 0
0.0147233572121236 -0.1578224406998484 0
0.8977284331020412 -0.1251024942652166 0
0.8942000402472994 -0.1201386298368916 0
0.8936852982355779 -0.1269575999632627 0
0.1736209261828697 0.09901056066757455 0
0.1751564334165961 0.09364802148328594 0
0.2683738686591511 -0.07674919722111734 0
0.2700885759408318 -0.0818739464831281 0
0.2733109961193467 -0.0771285679151022 0
0.1771251186210539 -0.2303168209446863 0
0.1910109145114229 -0.2116882757170617 0
0.5993215553057321 -0.09778246802820209 0
0.604049157589843 -0.09789433957912559 0
0.6021728047564293 -0.09319582640737169 0
0.5797169967678582 0.07090801154173695 0
0.5852509419709739 0.06837367146544943 0
0.8077502876787663 0.08267916052302023 0
0.7959579075158536 0.07848106003371531 0
0.8074976212827926 0.07123557467876714 0
0.8669333092541573 -0.1677388100481183 0
0.8708695347466511 -0.1558949881413646 0
0.1080557718808519 -0.1540684458690435 0
0.09892527802106216 -0.1410989091733675 0
0.313521287233007 -0.1653339529162213 0
0.3133196860229053 -0.152671080530158 0
0.9564655692551632 0.001164437320397345 0
0.9639571625726965 0.001690651177850282 0
0.9601261268520079 0.00664471755805937 0
0.4911371060496037 -0.1804523026868676 0
0.4912806508137432 -0.1681426437044922 0
0.4817682955692901 -0.1791641135991197 0
0.356570053446828 -0.2111532730812486 0
0.3629071605257709 -0.1953156355850075 0
0.3426471013937061 -0.2001378883511031 0
0.6049801926772789 0.07471755253259388 0
0.6120105026943015 0.07713590483975546 0
0.6085644071052801 0.08108164270508418 0
0.589925576397579 0.09551139842514372 0
0.5154014312556762 0.05003926099225205 0
0.5144273744129291 0.05562493884339836 0
0.5105861109773809 0.05108584446539027 0
0.07740917625263094 0.1096523046718037 0
0.08197123653039856 0.1158144594342146 0
0.2388638958172104 -0.08061986989600634 0
0.2350877687513027 -0.07631143820930955 0
0.9270701760660551 -0.11802071314462 0
0.9216733494546769 -0.1210053028875201 0
-0.3910921654427065 -0.7877783769499132 0
-0.3710438196253535 -0.9098972538188885 0
-0.2833129986397989 -0.8870192715099086 0
0.1918880856887884 0.122207871256239 0
0.1866154733486711 0.122513244711586 0
0.1873454049234409 0.1155939279872786 0
4.01120398609889 -0.5691898485853772 0
3.987670671626138 -0.6597173160679048 0
4.059536134411701 -0.6311396954274553 0
0.4976527363867685 -0.1907825875730899 0
0.5071650916312216 -0.1797611176784623 0
2.205801845194882 0.7584295424988257 0
2.139073305085928 0.6757999113438172 0
2.259294697539914 0.7002029866083533 0
0.6340878484461723 -0.1636758575688384 0
0.633024199557303 -0.1552240681091932 0
0.6260988659641156 -0.1641932561050379 0
0.6395827528021163 -0.1713183428818576 0
0.6465080863953038 -0.1623491548860129 0
0.4648548151998962 -0.1966839403809731 0
0.4702961611487642 -0.1820940034042473 0
0.4535262255435098 -0.1873041712037253 0
0.8394174682291724 -0.02597839121641471 0
0.8446624011795081 -0.02624457257448217 0
0.8430980488234514 -0.02149676471616071 0
-0.01780486975970841 0.04134890437148812 0
-0.01646765564997703 0.03592575822633143 0
0.03379515765629389 1.065321478537657 0
0.2969055295336654 -0.1985841605100663 0
0.3287283956731757 0.1068648163483809 0
0.333199653512686 0.102239528230919 0
0.528915108611036 -0.1872009519884136 0
0.534281787621592 -0.1741992564573248 0
0.5190474009789425 -0.1770897070335957 0
-4.483674776903069 -1.488517047352084 0
-4.926735725340627 -1.452205540343944 0
1.0680309365008 0.02422111483250797 0
1.058311994673062 0.026500799652014 0
1.066182738563192 0.01292084721003066 0
0.7698065516441155 0.05958572494603165 0
0.7626386335754988 0.05713427138434375 0
0.7708538051482784 0.05242762400996907 0
0.5862264236852915 -0.1782537962195508 0
0.5931152040794004 -0.1674433746823948 0
0.5786445917846008 -0.1697567150700512 0
0.7864537711120801 0.07138216236728478 0
0.7776120121605877 0.06530296405838215 0
-2.799315043118624 -3.636192177157475 0
-2.970165337801056 -4.086787946732432 0
-2.578766494261381 -4.046566760446237 0
0.6626963923326812 -0.1676135845921798 0
0.6664364344398798 -0.15874450619759 0
0.6557430328584463 -0.1611225618044424 0
0.5375453893878582 0.1113546567338619 0
0.5359340056224071 0.1000709344156543 0
0.5442656887388991 0.1077488727325421 0
0.3590783504946025 0.05931020472347641 0
0.3635278546404315 0.06348860240696554 0
0.01393993065387286 1.518335408034551 0
-0.1186449373543875 1.372251544956274 0
0.107959105217163 1.346183385417885 0
0.1049368533652201 -0.1309909263444261 0
0.09227261040130927 -0.1324607439147585 0
0.6461563791465688 -0.103945079951412 0
0.649003716343441 -0.0988205682792232 0
0.6441370120896943 -0.09847280565349714 0
-0.2025236198361962 -0.004621869552839932 0
-0.1828617009750183 0.01873654679543801 0
0.6881738628195402 -0.53234533112067 0
0.6977857049103647 -0.477919059269491 0
0.6420438578954344 -0.5017287739938673 0
-0.1017972184002437 -0.08122349109704174 0
-0.1251687997658368 -0.07437569676044056 0
4.751684977152337 5.608468744104158 0
4.993437322700901 5.167585635483769 0
0.4068680952735393 -0.09179365305910253 0
0.4119829231535358 -0.09213434056762453 0
0.4100998400102157 -0.08785044447380555 0
5.404095891488423 -0.2448408011615634 0
5.283594214304062 0.01427135315499297 0
5.048141219757054 -0.2124986075952677 0
0.2168300710823661 0.1340037351950664 0
0.211901877693505 0.12924351825789 0
0.2209107261830081 0.125912750771809 0
0.4397674225010563 0.1191475272406718 0
0.4322990225822165 0.1142661601656938 0
0.5939885463163416 -0.1558527514525798 0
0.5966163529769528 -0.147433892194081 0
0.5881611788393211 -0.1505274342743965 0
3.30837748618766 0.5047369763096253 0
3.293406570354785 0.4449766766037353 0
0.8410267581246791 0.4995444224632296 0
0.8429054557167821 0.578474422688053 0
0.3780578506251615 -0.1916366583793243 0
0.3641348985720397 -0.1806212736491788 0
0.2802007197060796 -0.06847795491047531 0
0.2851782173770332 -0.06893985506038106 0
-0.06196037005304866 -0.005068942854333649 0
-0.06247545622107703 -0.01138340162092915 0
-0.0550886319601634 -0.01198220172568428 0
0.3356458616644813 -0.09251233865858739 0
0.3314761573463345 -0.09596241356868003 0
-0.1546937193409941 -0.05975110997730595 0
-0.179966232987016 -0.05467371409759503 0
0.4347858388194265 -0.5653862567775199 0
0.3851430717064825 -0.5115652157636461 0
0.7112811300493451 0.05809338291645601 0
0.7156187692625513 0.05276432892412783 0
0.7157149665305742 0.06006394589703251 0
0.2626535061619607 -0.07602211133421639 0
0.8669261061964371 0.01325399059119192 0
0.8726561993712529 0.01524207890655134 0
0.1321298909350057 0.1424456439875797 0
0.1270229724579431 0.1366321225404441 0
0.1364762349809131 0.1342290714467546 0
0.7904816591589179 -0.1136175985863179 0
0.7946570879271462 -0.1171027051791692 0
0.7962000315855559 -0.1119036041172691 0
0.106202817418771 0.2116685504269081 0
0.09139649380134038 0.2131619935232743 0
0.09223098565042044 0.1942595780821132 0
1.093228068975856 -0.05281765550862451 0
1.087788685497912 -0.04531329221707267 0
1.081761666768157 -0.05708491554871509 0
0.1887709270053757 0.1105447727383489 0
0.1890885615344374 0.1065144571953058 0
0.1929356517926198 0.1112582389888886 0
0.1853730271998625 -0.119254709410007 0
0.1782429276944884 -0.1234540820119089 0
0.3482090608717311 -0.1346872832153733 0
0.3412956675091092 -0.1387281196905423 0
0.347137740720732 -0.1399089863201865 0
0.7744902781574804 -0.008398227059952764 0
0.780263296661734 -0.006288057829390293 0
3.418576832553884 0.4812080473956923 0
3.407812918110195 0.4327525956738202 0
3.468977473067219 0.4548666109220744 0
1.704961364180435 -1.99989042111955 0
1.806711581636001 -1.770112227693764 0
1.520467119034337 -1.830356776765398 0
0.4636111236018009 1.51465512533141 0
0.6125508728289246 1.375651451095312 0
0.801239394197531 -0.1102650504057778 0
0.7970639654293026 -0.1067799438129266 0
0.6015703782170323 -0.1643498326020794 0
0.1607142025378136 -0.1159813856825383 0
0.1544037678666444 -0.1205238613086012 0
0.2407179729852294 -0.1629514473186849 0
0.2509542955819433 -0.1539768161933212 0
0.33363234643943 -0.1014917084298039 0
0.3280607188212231 -0.1000697405551445 0
1.018641130862842 0.004273897283693958 0
1.023467045504173 -0.001988131465711836 0
0.2287535430160418 -0.1876982048153147 0
0.6752150916855023 -0.1557965926665765 0
0.6682617322112674 -0.1493055698788392 0
0.05429419552569801 0.1214618994496726 0
0.04858439490349055 0.1156883841290632 0
0.8174467115069565 -0.1630367168249086 0
0.8220118961516318 -0.1697204149098395 0
0.8288134381733127 -0.1618887542917618 0
0.05863118797809887 0.2732524217018145 0
0.07405675096744643 0.2538745465363065 0
1.030542997295569 -0.04426987270339274 0
1.026899213542881 -0.03996106613344393 0
0.9181609940113106 -0.4544120268346149 0
0.9374040897234859 -0.4250490166142574 0
0.8858664425073629 -0.4427300195101151 0
0.8341465047978203 0.01431534270001292 0
0.8383894746429529 0.0180904310241899 0
0.5370027133610689 0.03753882784417739 0
0.5315929033938893 0.03932573543371415 0
0.4801841635537348 -0.1429889378675688 0
0.481617627132692 -0.1355221701076699 0
0.4754049542771747 -0.1415732464641523 0
0.3698804520877625 -0.3142669833126887 0
0.3681530177594149 -0.2853693419823422 0
0.3470116413754031 -0.3130646976964799 0
-0.3375525431821987 0.07803413786293764 0
-0.2966946972406913 0.07052412926828056 0
-0.311559697942223 0.11409546039091 0
0.3545904227417781 0.1043030752137003 0
0.3589729444124993 0.110609264764593 0
4.044676381238442 1.551154772113294 0
4.235731881045199 1.762766108760518 0
-1.160662307156567 -0.0717583809694617 0
-1.058046913805896 -0.1773190860428893 0
-0.9959098668223932 -0.009412442980194391 0
0.4009286047197448 0.1262688854514706 0
0.3953642044779516 0.1202429019148036 0
0.4057142672432948 0.1188384748689925 0
0.890040997456653 -0.1300789875732631 0
0.882932679171627 -0.1353366294273418 0
-0.2447997873819919 -0.2006711429947389 0
-0.2105226792179463 -0.2419336296987021 0
0.2139144818983211 0.07565700406424512 0
0.2182753965033333 0.07402037376804387 0
0.2180650516236252 0.0799337757929354 0
0.3464540983198679 -1.702663476209456 0
0.5093428295481721 -1.618818754474259 0
0.3117468603779866 -1.465481022147824 0
0.9964269939271571 -0.3129834615657541 0
0.986492726342266 -0.2788907137069213 0
0.8727065956777329 -0.1457846472927615 0
0.8767249292250253 -0.1387087719043889 0
0.8664344703824903 -0.1420566710974053 0
-3.05776839531191 -5.580485346945407 0
-3.449072743136505 -5.580485346945407 0
3.320895093569242 0.5697757678516397 0
3.369929884978442 0.5241328236894525 0
0.8345888140738658 -0.09131419783318778 0
0.8354529814504281 -0.08587890097261761 0
0.4983244260111401 0.1114022305457448 0
0.4931965294785032 0.1054674483780282 0
0.5011769965489846 0.1031165977158872 0
-0.3543791037316227 -0.2618865359675782 0
-0.3338236833456006 -0.2128891379559131 0
-0.3314277996037497 -0.6153079642063248 0
-0.2940566603628291 -0.5537228473087948 0
-0.3699803799706978 -0.5611243858439178 0
0.3311847131513513 0.0671878865664636 0
0.3361647005951994 0.0674852473262178 0
0.3327751037415782 0.07279317130638262 0
0.3015561006023273 -0.1702127387466954 0
0.292266260037639 -0.160125502253376 0
0.8223773368560575 -0.1475339891918728 0
0.8299040302238252 -0.1480574330553784 0
0.8280331135512453 -0.1403863660404204 0
0.5030101955041042 0.04418537892587733 0
0.4986223433696789 0.04085684204597349 0
0.7443213994637921 0.04980674766911183 0
0.7428163042710517 0.04286452202468601 0
0.7483316678355435 0.04677364486321302 0
1.065466314863969 0.2112642273542289 0
1.074274711456987 0.1793825332282403 0
-0.004512513839000765 0.104760641274941 0
-0.008514127881797957 0.09843088822462075 0
0.9513494447998793 0.01880152810340825 0
0.9564280062449787 0.01303829767090111 0
0.6819392188642783 -0.1145437299892415 0
0.6846368497404121 -0.1103269620061932 0
0.6787308766846503 -0.1100181260438802 0
0.7776455687942045 -0.162054464038166 0
0.7783424644276358 -0.1515008143774482 0
0.7683346540257142 -0.156473222997539 0
0.699997161966225 -1.660165955583541 0
0.6652899240243437 -1.42298350152191 0
0.3673013311910497 0.3170267773484592 0
0.3444996065607939 0.2993511806574223 0
0.9009853421560194 -0.1276047752001712 0
0.901500084167741 -0.1207858050738002 0
0.4606240553191749 0.1156547541478585 0
0.4539892067919342 0.1088035829921749 0
0.46498246008071 0.1077652655037579 0
0.6034751000915796 0.08632744852292316 0
0.6105054101086023 0.08874580083008476 0
-0.06323607458050737 -1.602963773524004 0
-0.1893603618671501 -1.467460259007492 0
2.185864805929438 0.8859263820843883 0
2.065643413475453 0.8615233068198522 0
1.292092589552692 4.037604346259568 0
1.055529038760751 4.372010904856742 0
0.7328768412746185 -0.1328174832899995 0
0.7353286892173148 -0.1269315564227363 0
0.728986467442354 -0.128746892836467 0
0.4896878602519622 -0.1440857292688612 0
0.4834751873964448 -0.1501368056253435 0
0.7849658668840163 -0.1489906482330107 0
0.775654952115526 -0.1434094071923837 0
0.679047833571591 -0.1181345149701679 0
0.6849538066273529 -0.1184433509324809 0
0.4205913552284008 0.1232332206253638 0
0.4148360351832723 0.1162383782157048 0
0.4241487229265852 0.1146071404354091 0
0.2055315666649403 0.1293763192047919 0
0.2096122217655824 0.1212853347815344 0
0.4053105611802346 -0.3140437091004504 0
0.3841691847962228 -0.3417390648145882 0
0.1374435569853409 0.1267804688726498 0
0.1425504754624035 0.1325939903197854 0
5.439841628928092 0.221474926302978 0
5.083886957196723 0.2538171198692736 0
0.1490440634374405 0.3293760101924625 0
0.1212139346322121 0.3095530857398509 0
0.841117461427033 0.2597195320485802 0
0.8076157511178029 0.2433974546145196 0
2.963463821695163 0.3337856105840166 0
2.975535241998623 0.27873039934192 0
0.3610610471737128 0.1315173414711576 0
0.3542877019640909 0.1249219526607458 0
0.3635839097808805 0.1234396736552899 0
0.9362219620828005 -0.1070301440519218 0
0.9364372906221802 -0.1015305040839921 0
0.9320065940789285 -0.1042187292611003 0
-4.624319231460893 -4.45810507025397 0
-4.871333942238909 -4.821048725041504 0
0.6629304897341632 0.09234818632814981 0
0.6586051686107144 0.08178436492685456 0
0.8629032645305013 -0.4250226941546285 0
0.8226240423183064 -0.3953906717230192 0
0.02150945241646741 -0.04152205094822634 0
0.01964040238178782 -0.03750510531531569 0
0.0156310946030181 -0.04167184665484071 0
0.08485285129126602 -0.04525097828696958 0
0.07980226858002364 -0.04452580734540615 0
0.08132439359978026 -0.04953770948222853 0
-0.08979885815842961 -0.1165094739628039 0
-0.07328644198298453 -0.1187014473723835 0
0.606147654106802 -0.1023581317083275 0
0.6089989035574992 -0.09777149008749714 0
0.5927616377613576 -0.2595371840600315 0
0.5696054826514123 -0.2541596575765256 0
0.5780785707494551 -0.2754702560896639 0
0.6934118677950897 0.302725822961452 0
0.6921498894826924 0.2660884056884519 0
0.7243695681474578 0.2895529268624616 0
0.04258014973905191 0.1156116816265859 0
1.092780040555629 -0.121939382546762 0
1.094402625239853 -0.1067854661666042 0
0.7943965896534582 1.364638200483318 0
8.909333302712945 4.386014900796086 0
9.280521071013993 4.73048779118918 0
0.8671390592818935 -0.09775503021235488 0
0.8695857167423964 -0.09262666451208659 0
-0.0007448348337338595 0.08774070330777604 0
0.005233712255141734 0.08766152529454385 0
0.2413076111294913 0.07677072788802083 0
0.2364954443842597 0.07443244285312051 0
0.2402953474049115 0.07174032110005057 0
0.2338363352730586 2.990362065112026 0
0.05492351115030486 2.688960429493292 0
6.594590302417068 -5.024239137648621 0
6.642814171477151 -4.564033542934308 0
6.266583031844467 -4.797272229740919 0
1.809727688515635 -0.1423481451863289 0
1.813609217324012 -0.09129418896298543 0
1.768747387174021 -0.1133266086230147 0
0.7624376558213255 0.302465729633454 0
0.941319702782849 -4.114472185792114 0
0.9862989330726996 -3.736082532821372 0
0.5680911499443717 -3.923025572915373 0
0.1055139369530423 0.08683518769354573 0
0.1091802384535614 0.08145927927497096 0
0.8640481691340841 -0.1357314451229313 0
0.8673063203665895 -0.1315928956001714 0
0.8609016855708909 -0.13234354501407 0
0.5261041422923458 0.1126900476574254 0
0.5199623680609027 0.1116589737449106 0
0.5230719320399231 0.1026456445044593 0
0.6010417170884612 0.1110501427664666 0
0.5976166759632421 0.09956874843732839 0
4.232173960439008 -0.01769312249576689 0
4.317234045130512 0.03325603352547632 0
4.268495059686267 0.1195999845700359 0
0.5530616220334635 0.04403965454678495 0
0.5520932155337865 0.05013838770638578 0
0.773143668193246 0.113677664295277 0
0.7708908024567696 0.12715955122829 0
0.7572607162466334 0.1205216273411298 0
0.6656849036301616 0.2466754616588729 0
0.6966426039825298 0.2335025655598825 0
2.636312506453911 4.911612219522397 0
2.567532851958504 5.304687985816694 0
0.5848726819184814 -0.1421415374869928 0
0.5879061318665361 -0.1364851776201834 0
0.4237823772873924 0.06023859156738276 0
0.4276891011766358 0.06443699348982507 0
0.8495548332615681 -0.02727072511378799 0
1.0013453660847 -0.1513456996137306 0
0.9919960405034647 -0.1497647095895769 0
0.985163717604724 0.07552840880443465 0
0.9777141647266172 0.08990484546939645 0
0.07883547837026054 0.7300594373783034 0
0.1355402872805583 0.8212870544795188 0
4.169851514854162 -0.8204736336829048 0
4.268562562019094 -0.7956138736176779 0
4.13471386710388 -0.696807402844756 0
4.039705620731864 0.4734647459297358 0
3.995385774779587 0.4362611147498976 0
4.06962100895991 0.4334039772574353 0
0.8653619964209056 -0.2519461584204988 0
0.8787172306332942 -0.2544560321593226 0
0.8644470122884529 -0.2361524002005168 0
0.5344358254088379 0.1203679859743132 0
0.01100493574505577 0.255024263907954 0
0.008376642678620339 0.234660768950422 0
0.9139200993096424 -0.1031876657983731 0
0.9182573844719621 -0.1061035432305433 0
0.3558180652025235 0.07968250284421086 0
0.3520629917296484 0.07588110411028617 0
0.356680376114639 0.0746383991437117 0
0.4265437025370881 0.1072713177560348 0
0.4521773701992369 -0.2770536413574862 0
0.475476885510687 -0.2905252795280236 0
0.9045720003494827 0.03539104178326877 0
0.8963804739917762 0.03428798676537019 0
0.9027838726190975 0.02741037638172117 0
-0.01720902131471623 0.004875010500320959 0
-0.01535066367430109 -9.244090468483578e-05 0
-0.011830754062293 0.003407564339885338 0
0.7052866817570709 0.06096308571807583 0
0.705190484489048 0.05366346874517115 0
1.026455083115969 -0.009877850286327337 0
1.021167659622214 -0.01461151597172843 0
1.028756410744769 -0.01555463546658418 0
2.791523386147685 4.549495072082852 0
3.100670350626507 4.938011408329325 0
0.7572987783384433 -0.1314525403040054 0
0.753669098145218 -0.1268052749179019 0
0.752397180644754 -0.1329223100434207 0
0.9374440214169485 -0.08671941092328866 0
0.9374536812731205 -0.08116605335473995 0
0.3415905401113496 0.1056837031994 0
0.3374342308773266 0.1024869543904053 0
0.7847061779214289 -0.006394139087930495 0
0.7832783850433273 -0.01094564288853462 0
3.345331941461133 -0.1348188878031816 0
3.3990832897923 -0.133416340046482 0
3.373915093199681 -0.09621954856446255 0
2.572432259251127 0.502685580292055 0
2.625558609143347 0.4703274601777793 0
-0.01815905026799969 -0.07848035909190174 0
-0.01062931124271154 -0.08373037329613232 0
-1.599246227243669 1.735875539796334 0
-1.739389144904818 2.054418887740662 0
0.07401250194468632 0.1053788758437617 0
0.07972355405601769 0.1048649841722998 0
0.3385987009976679 0.1128851532447828 0
0.7933072652205435 -0.1224647187893654 0
0.7990256376471815 -0.1207507243203166 0
1.048026049553131 -0.09603690428958681 0
1.051162642188782 -0.102393738176158 0
1.053274423777144 -0.09670287304407968 0
-0.8264823360883357 3.340415071617766 0
-0.5742493328480278 2.972206970046932 0
-0.3839075614116185 3.3070836402301 0
0.6399144053568747 -0.1302929704822508 0
0.634675915562538 -0.1350735334658636 0
0.639778785275374 -0.1357544273539804 0
0.9030189193650682 1.539491423310653 0
1.010737235040348 1.367086621627313 0
0.2866038243903455 -0.07873930701009696 0
0.2913148582475764 -0.07796698947733816 0
0.2872330470252122 -0.07357009743858714 0
7.47811885863758 1.024659793801325 0
7.434351774865428 1.484126223050428 0
7.085546086997886 1.287617562282846 0
0.3998329887827298 0.3403486689034058 0
0.4189209435658986 0.3059189376121949 0
0.4258887904200188 0.3446218208760274 0
0.9466097893406791 -0.03220938254961243 0
0.945208683605504 -0.02738373095989022 0
0.9410534232272374 -0.03015934623014389 0
0.9194701973990163 0.2637793814130051 0
0.9163995602338163 0.2262007737307756 0
0.9528785999615623 0.2492822061780666 0
0.6001832180761091 0.1658855180088219 0
0.6180635561350498 0.1557379402161494 0
0.6117534431706535 0.1745387087747358 0
0.2280954992184295 0.1101068021725571 0
0.2334159996626737 0.1067727198244166 0
10.86200355567061 -4.319011756445924 0
10.87768789398757 -4.717742389714491 0
11.27996435312136 -4.439063130852013 0
3.347273688982335 -0.06338690196862835 0
3.401025037313502 -0.0619843542119287 0
0.6693659661238487 -0.1426409998552436 0
0.6605873088782261 -0.145588913386257 0
0.1834983146652584 0.1108501461936958 0
0.06129951573682346 0.0994285054943754 0
0.06400194337913817 0.104294913532638 0
0.05893601096962398 0.1029690131157089 0
0.7326668694326299 0.07425584680972158 0
0.7252510608807938 0.07052747246006476 0
0.5638991327854912 0.02614716289444919 0
0.5589663022898557 0.0269571369210935 0
0.3165943164318631 -0.1394220609203639 0
0.3083136614591085 -0.1375369738597 0
0.3142949576006574 -0.1447511975470505 0
1.045998400390174 -1.206094627858461 0
0.997591783794864 -1.393416088878229 0
0.5087053493926621 -0.1446776385776005 0
0.5137466196760127 -0.1451673838032876 0
0.5123757302616103 -0.1376588875919706 0
0.2175322051019141 0.3430122721400246 0
0.2223650080595514 0.3113703505521346 0
0.2492653979801223 0.3375028570172714 0
0.7893259792384592 -0.007390879163977562 0
0.7863108908568659 -0.00273329410483323 0
0.09033696595580001 -0.5083397737203508 0
0.05326684947421551 -0.4676013730953656 0
0.05365942746657441 -0.5165678106999099 0
0.2780442611967201 0.1110821450972242 0
0.2738941930414777 0.1144169388956954 0
0.989934659081252 0.01935216393333163 0
0.996399278711621 0.01322905809317059 0
0.03745584012895797 0.1209708439083205 0
0.03410491816119476 0.114509191175091 0
0.08088600849299793 0.1373818785475969 0
0.07646323320993967 0.1300472548867546 0
0.08524501997989306 0.1298251295289296 0
0.4142269660191344 0.1426790982757506 0
0.4218193975759122 0.1527588284445081 0
0.4124246047117703 0.1551295255412188 0
0.4027489368675446 3.365417371008016 0
0.8363733467239518 3.33019273013829 0
1.046138173416134 -0.06672336683587125 0
1.042737653887267 -0.0715396014360143 0
0.02534143948830462 -0.05623918742478957 0
0.02937562923398554 -0.05250608372968825 0
0.0241988151856655 -0.05132558518976653 0
1.017209235906452 -0.4182550034410593 0
1.025436803467941 -0.3689908202855092 0
0.9779262087889227 -0.3874668407832072 0
0.8371375800605891 -0.2461864628978411 0
0.8514077984054303 -0.2644900948566469 0
1.064163944389729 -0.03382737311765013 0
1.072649455255363 -0.03620857262767192 0
0.5942715201466896 -0.09806266294107341 0
0.5961478729801033 -0.1027611761128273 0
-0.8768669849401783 2.705056427679137 0
-0.4342922102634611 2.671724996291473 0
-0.04093681473200347 0.1443091406190578 0
-0.02600183041001032 0.1430179281348562 0
-0.03169953293996786 0.153895844565304 0
-0.812544800124433 -0.4519673903669327 0
-0.8786021289463022 -0.3480930686476508 0
-0.9141205032217339 -0.4692166104900368 0
0.02606466657743367 -0.03224841272283166 0
0.03063497733958837 -0.03440346810829628 0
0.0311808837217849 -0.02929657122242663 0
0.9272398045083016 -0.1065360889950124 0
-5.290264787610718 -2.059287026932338 0
-5.053867777175666 -2.410982772496124 0
-0.2443339469833316 -0.5443447864894101 0
-0.2828865273502796 -0.490161208127003 0
0.7132709592155153 0.08212006565975014 0
0.7074753075853095 0.07544872483660832 0
0.7171729789475738 0.07206434071250251 0
0.1158247658101022 1.165465560125589 0
2.917415260552986 -1.496171053305779 0
3.076260642417404 -1.302702058845539 0
2.77325919372925 -1.411384963108333 0
0.5977250035292386 0.08993425663573908 0
0.5957840005259165 0.08227009851073849 0
-0.7194100077463973 -0.255643696983783 0
-0.7775440315577578 -0.1477083467483207 0
-0.8351604496603617 -0.2229084982890843 0
0.5079168954281087 0.3265427784148055 0
0.5519137322444347 0.324046012074369 0
0.5264612256875633 0.3490335450403289 0
4.012432390432994 -0.8227262142447949 0
4.146281085348207 -0.9215326850177168 0
2.677808427774152 0.4952815635897709 0
2.679720085472318 0.4392104801181492 0
-1.046905082636493 0.9812456865732135 0
-0.9759838657950713 0.8158891995642938 0
-0.8893111756735965 0.9828505687469842 0
1.69317896149709 0.04512170758207935 0
1.734403604282435 0.01696917971817533 0
1.73949801177221 0.06428524728795335 0
0.9905940387819487 0.2596093446453525 0
1.054577173391396 -0.3597463345184806 0
1.015294146273867 -0.3289581718606285 0
0.6483878745217734 0.1053440729638311 0
0.6387848243182568 0.1003725367797218 0
0.8576462441414218 0.00508274223367536 0
0.8561440219163341 1.909685457781793e-05 0
10.8751902792809 -3.895355482315281 0
10.47291382014711 -4.17403474117776 0
1.092194391682553 -0.07530653328675418 0
1.086389984706774 -0.08389794728109241 0
-0.07081693445275869 -0.0134852643586644 0
-0.06394519635987345 -0.02039852323001502 0
1.069923154736143 -0.1281155306145589 0
1.057647735000065 -0.1311846967837024 0
0.2238480809991661 -0.09085042266647336 0
0.2264888329099513 -0.09558258579554632 0
0.5998774392854249 0.1228650179938685 0
0.5886529710285462 0.116960765454135 0
-0.1386271214339942 -0.06745008042677512 0
-0.1484639451217629 -0.0429176907461156 0
0.722618933226849 -0.2863257108642174 0
0.7433923200275889 -0.277465899753347 0
0.7246306424874935 -0.2598493182271739 0
1.145177125279018 0.2104797590283586 0
1.140933973161397 0.1678209391787014 0
1.180417309149612 0.1881301189290112 0
-0.6870325810432117 -0.1059372761159262 0
-0.8027830229571762 -0.0732020774212275 0
0.2209991371725746 -0.1762950815546196 0
0.2129001326263142 -0.1635241526657794 0
1.814730661376781 -1.499265244314142 0
2.650598311130667 -1.363629511951898 0
2.51757746585174 -1.147449830041024 0
0.0272545738508078 -0.5700998669075997 0
8.766266520033613 -4.924310707556146 0
8.903303153235509 -5.305684430067576 0
9.135844516763935 -4.941599455339466 0
0.007461246664418806 0.1130003261846079 0
0.01535211247938899 0.1151255087156193 0
0.6534528280609062 -0.1004436377479613 0
0.6514334610040319 -0.09497136345004639 0
0.1546763504187768 0.1613006624104449 0
0.1622317390267996 0.1523445834162315 0
0.1124740078869805 0.1480079586707864 0
0.1042925728159133 0.1428824093362217 0
0.1144951933409685 0.1397231457467045 0
0.7417586776797784 -0.1015822906832678 0
0.7427427801911439 -0.09623441335322894 0
0.7379587183903591 -0.09720919006496924 0
3.26614757856523 0.3963372775424124 0
3.330153285807305 0.4104546330861152 0
0.8176316809517759 0.03491360278717073 0
0.8218235047791194 0.03982728108306559 0
0.5146497356974735 0.1153773783907403 0
0.5116175254450508 0.1053329752377741 0
-0.7552465244502518 -0.5189470082175767 0
-0.7197281501748201 -0.3978234663751906 0
0.2686797716463772 0.1184991875522923 0
0.2742913396155561 0.1202983392984956 0
-0.01151285028314159 -0.1030218784587271 0
-0.009033516288898723 -0.09218558802092953 0
-0.02049367636693499 -0.0995883372599112 0
0.3568114966508021 -0.472132869112441 0
0.342370008731754 -0.4195217411557994 0
0.3180545124448298 -0.4706035476134512 0
0.7661926715637311 -0.2649448416200313 0
0.7827212181819077 -0.2632587824481279 0
0.7619325759064102 -0.2493034479444001 0
0.4092716349414792 0.1102123946790378 0
1.466079048077955 -0.5772342057772955 0
1.434335067985353 -0.5178153797138583 0
1.423397352091551 -0.5906193269414577 0
1.045489478240865 -0.09220091655498494 0
1.043377696652504 -0.09789178168706326 0
0.9494175082466216 -0.02528367578585129 0
0.9438611421331801 -0.02323363946638275 0
4.169823558546602 0.7203981256476029 0
4.212220812393094 0.5800965207068915 0
4.250113834832909 0.672185902129536 0
0.6968605055638917 -0.1354705152647362 0
0.6906854395669546 -0.1308830158656104 0
-0.2137350472605574 -0.1233306033476999 0
0.02286657478452205 -0.04664063689120828 0
0.02687588256329178 -0.04247389555168326 0
0.8554178164484815 0.06595436201008206 0
0.8535461997044815 0.05461389744027254 0
0.8647821581921467 0.05963673108724533 0
0.3630654312623786 0.1153905698869748 0
0.3698387764720005 0.1219859586973866 0
0.346913341179688 0.125817213155236 0
0.7981584454434727 -0.101914628439207 0
0.7931190828314976 -0.1035531821506983 0
1.294216767522487 0.08224957380516595 0
1.276997222999012 0.1093870430565508 0
1.257587983285238 0.07695383387984263 0
0.9138889412578728 0.008220916921612982 0
0.9160162873799862 0.01189371288224778 0
0.9105257232991796 0.01240201432795302 0
0.1971731228722323 0.1540252808964833 0
0.2073292710217813 0.1488369266616362 0
-0.009350395484750616 0.04657882741230189 0
-0.004813414272133524 0.04382940786133517 0
-0.3040078141247753 -0.003517364951892421 0
-0.2723666751515994 -0.002808125211017788 0
-0.2910464035074911 0.03517204648118283 0
3.431094439935467 0.5462468389377068 0
0.2422569155622313 -0.08357880925365462 0
0.2430681172664396 -0.07809186566991502 0
0.5923758693747744 -0.09322061849910245 0
0.5892021870491455 -0.09819932658372768 0
2.549049319896102 0.3491945345289924 0
2.608409990535663 0.3676600250017188 0
0.8318463386105401 -0.1363164090836492 0
0.8243196452427725 -0.1357929652201436 0
0.5891607161447477 0.02159393947455482 0
0.5875955510694948 0.02774384464819249 0
0.6985290521017192 0.06413756737796776 0
0.6924718687702692 0.06923681696186224 0
0.4525464550615438 0.09636254048104771 0
0.451300451312003 0.09058259372940687 0
0.4571016078039285 0.09513414759643357 0
0.916701723817654 -0.1993327518111107 0
0.9025391066666428 -0.2143174514828977 0
0.9180692096398715 -0.2153205497664284 0
0.3165341945212669 -0.1320498174116004 0
0.3225154906628157 -0.1392640410989509 0
1.01000554706596 0.02092305834107321 0
1.004664012391551 0.01197149359684041 0
1.014556037385161 0.01254089145157279 0
0.3887589576333608 0.1218252737764894 0
0.3935446201569108 0.1143948631940112 0
0.03210182958771805 -0.06254874936819108 0
0.03737040535182927 -0.06385143896021736 0
0.03578682930073587 -0.05872237555673757 0
0.2616001758661405 -0.1753696736202343 0
1.8662580697202 0.7320830269630849 0
1.935706935901121 0.7251175192039863 0
0.9981934371925375 -0.03873878579770945 0
0.996321868438051 -0.04356771416471648 0
1.000656060838193 -0.04332662592218167 0
0.7918143078446043 -0.1278779341467801 0
0.787445758124569 -0.1242299150056327 0
1.231997805011147 4.635211043470912 0
0.7767411293969899 4.550550124520315 0
0.6786480937650687 -0.6046409156328478 0
0.7343899407799991 -0.5808312009084715 0
0.913308031289997 -0.04217675233591341 0
0.9113189122685975 -0.03769728850365621 0
0.9074222490394528 -0.04091553645783552 0
0.292853680618798 -1.933112173585581 0
0.09525771144861235 -1.779774441259147 0
0.8600298355867917 -0.1428073205113038 0
0.846895440889472 0.05392635211350363 0
0.8562597826331373 0.0476087211906669 0
0.8729199393462925 0.05214935530028769 0
0.8814330976736395 0.04547419527716304 0
0.6471811050426773 -0.1363371785288564 0
0.6419426152483406 -0.1411177415124691 0
0.7982751895793061 -0.005941640938802121 0
0.7946901827596579 -0.002105267364663946 0
0.7945156989935444 -0.007566407755018474 0
0.009077215743787646 -0.09758624341589023 0
0.0005788503313458916 -0.10714518265934 0
0.009708756280238857 -0.1091122968554848 0
2.869724579775627 -0.4629887409996074 0
2.905486272927734 -0.4883275646545722 0
2.909308037845449 -0.4325858163873774 0
0.371194908845598 -0.1699559361429065 0
0.3560442187462074 -0.1736349133485898 0
2.651023666989598 -0.5037785014997347 0
2.680269942104649 -0.5564357389966506 0
2.723248288014205 -0.528408742663983 0
1.105684475818404 -0.05312739444990594 0
1.09965745708865 -0.06489901778154836 0
0.08988803404207873 -0.04626242799011932 0
0.08836590902232211 -0.04125052585329694 0
0.2820523390138517 -0.1004943458207793 0
0.2866613376907055 -0.09733334822005296 0
0.2812113686704721 -0.09607277800066523 0
-2.243905605219707 1.295228256969283 0
-1.885574126708434 1.305735598883543 0
0.746727375907303 0.1642974108287119 0
0.7400983193491357 0.1443749929205011 0
0.7616369070683243 0.1539259321823535 0
0.2772668188047052 -0.0947594427971053 0
0.281875817481559 -0.09159844519637894 0
0.8890527299125013 0.03860729931905214 0
0.887264602182116 0.03062663391750454 0
0.002169220903526711 0.1200063433921995 0
-0.001269246962496978 0.1122703794844676 0
0.6594433966407225 -0.09280099266847341 0
0.6583281566274274 -0.08703586899373644 0
0.6547673327082021 -0.0908293092440475 0
4.972746689868631 -5.515099938573425 0
4.711209257437066 -5.213780907133112 0
4.694984306676576 -5.698680968559687 0
3.537072236122452 0.5175206633923537 0
3.519843251776102 0.4646025651856253 0
3.577174100387646 0.4788011659340324 0
0.5664638780143901 0.04597298906874636 0
0.5626260414265911 0.04116227399915739 0
0.7641809623030864 -0.2914212342570748 0
5.231913124040344 -5.695871430728113 0
5.248138074800835 -5.210971369301538 0
-2.176154419165203 -3.900895910775376 0
-2.347004713847636 -4.351491680350334 0
2.680270369003399 0.3843722846352977 0
2.732520187634204 0.4093263880472893 0
0.6503182209907368 -0.08920623977530942 0
1.429225459152137 -1.59360513880658 0
1.327475241696571 -1.823383332232365 0
3.660690337351811 -1.16721250102895 0
0.9426546634275124 -0.0804503596525345 0
0.9378446141625074 -0.07663501803124774 0
8.864668839088086 3.021785316306544 0
8.52513515680657 2.828369025517502 0
8.882719907737442 2.599234888574701 0
1.003487321877633 -0.01583877467493672 0
1.006745159745378 -0.02059066254601878 0
0.2162643836089922 0.1431466165638634 0
0.2252732320984953 0.1398158490777824 0
-0.09058371840977264 -0.5702236279158457 0
-0.1344594588608822 -0.6511226915134275 0
0.6033371193209689 -0.1073234970138642 0
0.6182685726355432 -0.1077633646587541 0
0.616079476450234 -0.102720284272318 0
3.494047624812958 -1.849981437064934 0
3.197649885759334 -1.726348075310879 0
4.715661704162393 0.5555758732444683 0
4.950184012166535 0.7117432223516065 0
0.4084094479218581 -0.08354483691116608 0
0.4135242758018545 -0.08388552441968808 0
4.360380629327744 5.608468744104158 0
0.5698711540875965 -0.08021944489438121 0
0.5748698773445924 -0.08025996304384492 0
1.588538770075742 -0.1025386432666359 0
1.635517333245292 -0.1316474473351628 0
1.630630800584355 -0.07871282732680845 0
0.07024726627686299 0.06820784406949501 0
0.07539238774616658 0.06888773772059742 0
0.0727586437882891 0.07258919558486653 0
-0.06568302113716452 0.2335804234816458 0
-0.03051782469109605 0.2269572420949388 0
-0.05795634816227048 -0.09034410959551302 0
-0.06182918357686989 -0.07443795348977301 0
1.027903078283716 -0.02131072285664062 0
1.033190501777471 -0.01657705717123953 0
0.8728672890667974 -0.02936620994577099 0
0.8781518745304928 -0.02778929397527514 0
0.3255904980347681 0.06773985174808528 0
0.3289800948883893 0.06243192776792046 0
0.3639776704160013 -0.7474744043802573 0
0.430736495748654 -0.7201345043116275 0
0.6502481285025024 -0.1534800764914231 0
0.7626562632314757 -0.1110727765032875 0
0.7590408027039971 -0.1072661545954271 0
0.7575959709340904 -0.1119755841249993 0
0.2329948804357329 0.1351240548326253 0
0.2393091616694542 0.1314625241375802 0
2.534056198790452 -0.834578558722318 0
2.630365728746572 -0.8702966920462577 0
1.000949769030822 0.004846891203670173 0
-0.3212834602593948 0.159517840665043 0
2.682694714922231 0.5540458719806973 0
2.736856191251202 0.5229288919210673 0
0.2310273379341341 -0.1252492559131035 0
0.2323092847453316 -0.1309908623047674 0
0.2377533053602464 -0.1296062180770818 0
0.5486856462928851 0.1007025317398625 0
0.5502970300583361 0.1119862540580701 0
1.68284695888061 -0.05500799569151699 0
1.63586839571106 -0.02589919162299013 0
0.4704397059129036 -0.1697843444218719 0
0.379364046656065 -0.07402938152688937 0
0.3746923173929315 -0.07355003810841516 0
0.3764768429707757 -0.07760893054734055 0
0.9525882848201326 0.061710132689828 0
0.9652459676135013 0.05806938675366545 0
0.3566574756675129 0.2456653718787356 0
0.3814162316180578 0.2330276231355673 0
1.730356734994856 -0.03223350619368492 0
1.776675785269976 -0.01306996648781093 0
-0.06095097632067971 0.3201905943772051 0
-0.09180446630067027 0.2914989692780503 0
0.9633993795124743 -0.1541964077432847 0
0.9624807752754334 -0.1448009153159904 0
0.9540809755164394 -0.1527056299765391 0
0.5125317706417778 -0.1667594221473735 0
0.7456229390558948 0.1855596312360289 0
0.7240843513367062 0.1760086919741765 0
0.8048204584806181 -0.1186976846401755 0
0.3538086392943205 -0.1125220017799606 0
0.3595345738901374 -0.113080798923788 0
0.3572060941110353 -0.1083619070137345 0
1.316915745961295 0.235804251608623 0
1.267888842838675 0.2254300778587315 0
1.309730097550012 0.1907569422180597 0
0.3722889841680278 0.2097632516774762 0
0.1958791782358601 0.07471801198216883 0
0.1986176003023458 0.06941869323603203 0
0.2008237167138924 0.07368216584028647 0
-0.2650535582675154 0.0712333690091552 0
0.9655846486552285 -0.002946414901731136 0
0.9692452062520732 0.00253386533593089 0
3.068992655220431 0.2739217147111815 0
3.095254038082387 0.3193274497266306 0
1.069585420727036 0.1139404327958605 0
1.050468947098804 0.1274428815542626 0
1.040873005093435 0.1077570855353625 0
-0.03428780938798845 -0.121293645761413 0
-0.03194426387010266 -0.1041617702458869 0
-0.04325906289691325 -0.1150307883095911 0
0.4519043209362418 0.1715607999045496 0
0.4424404397539779 0.1714976346749062 0
0.4475443838782905 0.1571175543757334 0
0.5738751688562365 0.02469207137538348 0
0.5772398211322907 0.03001385994966962 0
0.06223278099248503 -0.1510937809292668 0
0.04950229041702905 -0.1384738181496372 0
0.9458252227763428 -0.1564930165410277 0
0.08216214932738612 -0.03477389987161356 0
0.07753359775484231 -0.0390399234997507 0
0.8381164357260568 0.005504776488123438 0
0.8435407024252801 0.005080763956336405 0
0.3355767051424465 -0.1061356598675378 0
0.3389921436675579 -0.1020283328810733 0
0.06701060298936856 -0.02924864754683269 0
0.06716530240292237 -0.034966699980494 0
0.9270040837369307 -0.1468723420841162 0
0.9344433062165487 -0.1424723558126276 0
0.9086960194279236 -0.1572317400113224 0
0.9174751350802539 -0.1530247508551677 0
0.465722879419904 0.1001724446061467 0
0.4723577279471447 0.1070236157618302 0
9.112468598865151 3.726477348190843 0
9.569390496213138 3.681914511490117 0
0.07400514006335654 -0.04332665469500967 0
0.02213723930991271 -0.03389318891298389 0
0.0162588814964634 -0.03404298461959826 0
0.9918741843378716 -0.04272154328326837 0
0.9943368079835273 -0.04730938340774059 0
0.01883238503884114 -0.0503737405863096 0
0.8889301009963884 -0.168758724418753 0
0.8991681698523338 -0.1630668854214373 0
1.067304361426666 -0.05136471710667737 0
1.071451733310378 -0.04501914771285448 0
0.9402073074162408 0.03278522419530747 0
0.9460336377508817 0.02613526355624288 0
0.0447755285003502 -0.09661571406374778 0
0.04592291965780988 -0.1030810318194526 0
0.05303907590728206 -0.09807816067302109 0
0.9192940229595835 -0.02090881141667074 0
0.9185835556476558 -0.02618664767158337 0
0.9233035230832846 -0.02469625528381687 0
3.546077844854642 -0.508319355538827 0
3.565597896751664 -0.4625988378614794 0
3.513153200454761 -0.4660428510598897 0
0.790937428786209 0.162959241562773 0
0.7745900396239904 0.1594538732430479 0
0.7972615047837077 0.1485647647152566 0
0.74047102991598 -0.1253461173874628 0
0.7365806560837154 -0.1212755269339303 0
-0.1530528261824535 -0.1318142442959035 0
1.50685964845816 -0.601418378764784 0
1.517797364351962 -0.5286144315371846 0
0.5839979081363319 -0.09836441259186374 0
0.5858935589082471 -0.1032064570338347 0
5.129293397141829 -0.7908679339225357 0
4.976706984787655 -0.5745117480837515 0
4.937357484988071 -0.8937689200944632 0
0.5057258820218291 0.2876974822388548 0
0.5326741226824805 0.2728702833637329 0
-0.08075952712036893 -0.01645964697345487 0
11.27488116568022 -3.634028696198286 0
10.88579143015672 -3.489051680930122 0
0.4223943441995777 0.1023987671450708 0
0.430544643855209 0.1020577868753555 0
0.5642138471422857 -0.1472033601570498 0
0.569179098627399 -0.1457299275486726 0
0.5648784707246297 -0.1385370996956977 0
4.023913974018267 -4.978304904225008 0
3.819527480803447 -4.711518228767233 0
3.595251934814724 -5.064562088417484 0
0.8558152019287499 -0.145967341777011 0
0.8463747409895808 -0.1488269478244488 0
0.4779416655158235 -0.1579472344203977 0
-0.04568091361153407 0.08233558396127866 0
-0.0486647577845433 0.07497970928434788 0
-0.04048876397512394 0.07632810314207011 0
0.2398894422160602 0.06779017644641647 0
0.2447016089612918 0.07012846148131678 0
0.8661247994968475 -0.1801547407095732 0
0.8785144229007944 -0.1750733604584061 0
2.749947028280609 -0.6927160986012573 0
2.702717360931974 -0.613524140970616 0
-2.086893561072202 0.7789187840802666 0
-2.384225653162181 0.9173557293440979 0
5.989335660084209 5.674504424551345 0
5.83978365780818 5.233621315930957 0
0.6784489553664983 -0.1337832588925875 0
0.6806780540668962 -0.1304232206110165 0
0.6746935390042481 -0.1316679171785488 0
0.5689055387935221 -0.09859276350745222 0
0.5739584341376911 -0.09845716073610217 0
0.5717127728107658 -0.09403795188663096 0
-0.3943980893465757 0.4376588649131484 0
-0.4754294253078935 0.4228868090993746 0
-0.4443351107347949 0.37254955699056 0
2.825215016145153 -0.7267899362116311 0
2.827762550993801 -0.6151398177712727 0
2.783339896312019 0.4853370924912503 0
2.777766959928601 0.431608864841113 0
2.829136952137498 0.4527813738022226 0
0.5709416170804937 0.08507831863402969 0
0.5729671891805773 0.07728869950401694 0
0.9381325211341289 -0.001899360126248082 0
0.9418724045043768 -0.006428943813547085 0
0.0253084652287954 0.5758542069715378 0
-0.02374203191634287 0.6008099519052092 0
-0.05556506220172842 0.5543427301477059 0
0.4559276074324911 -0.1016816537644525 0
0.4537474011003527 -0.09715086153223475 0
0.4510176325116398 -0.1016544695412966 0
0.2223675156290467 -0.1205254708166524 0
0.2183283073900201 -0.1267418743347078 0
0.2747378575409219 -0.06730865675134806 0
0.2770591510028237 -0.07317311681221869 0
0.2081060405491726 0.3851596234275783 0
0.1812056506286018 0.3590271169624414 0
0.6747524148803701 -0.1406928059039728 0
4.383571193875149 0.7238025055711137 0
4.42596844772164 0.5835009006304024 0
0.7949362308454342 -0.553673347065365 0
0.8562900493257928 -0.5354520537324544 0
-1.573139647221701 1.344441649354797 0
-0.4242579344042495 -1.032246897627852 0
-0.523104777392031 -1.200515072907273 0
-0.3621114958102274 -1.177406323658305 0
0.0710368144132873 -0.04813472640952057 0
0.06876814358810596 -0.04264884256386513 0
0.6116757801783883 -0.2629941358415804 0
0.6032026920803455 -0.2416835373284421 0
0.759982393631744 -0.1494988646409043 0
0.7625292052485624 -0.1417445743831727 0
0.7534800492211609 -0.1453238656872557 0
-0.04218166232168624 0.06189219387399768 0
-0.03786617923286655 0.05880961189133935 0
-0.03915712505931347 0.06588964648248101 0
0.8024076344662903 -0.008521710574913539 0
0.8025821182324038 -0.003060570184559012 0
0.1972000324255182 0.1252726618544914 0
0.3157609261186859 0.1073997929321196 0
0.3115789770735016 0.1034193528908143 0
0.3181392833082842 0.1026136919997493 0
1.594435868244321 0.9054187906001017 0
1.737838288300695 0.9334765851484541 0
-1.101488593091836 -0.3025036564014557 0
-0.9367361527576628 -0.2401577184121884 0
0.7904052017067456 -0.1345690860750382 0
1.399929896832281 -0.09374528321059997 0
1.448214309941991 -0.09235740824420363 0
1.426666244138103 -0.04425925360843408 0
1.169598430654166 -0.3257317056396016 0
1.159059573139279 -0.2932181247079795 0
1.142027688714321 -0.332005401283952 0
0.3603979117500429 -0.1042836422753549 0
0.3546719771542259 -0.1037248451315275 0
-0.01968515974581361 -0.003563325989622235 0
-0.01430689249339039 -0.005030772150057856 0
0.7679412690985771 0.04682162379452691 0
0.7751091871671938 0.04927307735621481 0
0.964370083959686 -0.006833510999832705 0
0.9696581276390628 -0.005990296841752098 0
2.830901446454459 -0.4261559973747019 0
2.827079681536744 -0.4818977456418967 0
1.061018498177789 0.1511103579965962 0
1.092437576011605 0.1618984040464047 0
-0.104470441021804 0.2373080864927337 0
-0.1070225686383489 0.2166888693617048 0
-0.08478524959393746 0.2339576158608097 0
0.03965304924600015 -0.05499152471229309 0
0.03438447348188894 -0.05368883512026681 0
1.820439905045625 1.436064578731374 0
1.927878835345276 1.248530585202023 0
0.3937904646012856 -0.1083006359360545 0
0.3884029425879507 -0.1077278476818963 0
0.3902185623987914 -0.1123307771316192 0
0.4443704449030377 -0.1775611034592292 0
0.4389290989541698 -0.1921510404359549 0
1.158720769399931 -0.07404208851469135 0
1.171336954732364 -0.09441695303215773 0
1.177145066792737 -0.07652368217134507 0
0.9136473864925105 -0.02669942309125296 0
0.9176568866162116 -0.03048686695839908 0
4.793068486984927 -1.267056576689011 0
4.864698026295489 -1.044053093613845 0
4.567822615938171 -1.200984564369608 0
0.5770239236118824 -0.15667124077146 0
0.5701351432177735 -0.1674816623086159 0
0.0933702441895576 0.1311171573975808 0
-0.1996511311531843 -0.3364538399723009 0
-0.2446915893569329 -0.3449332202952226 0
-0.2278541582797408 -0.3907115665011026 0
0.007337355726528306 -0.01106196773624474 0
0.01219926246312369 -0.008858489178624918 0
0.8125196622944852 -0.2215733122156597 0
0.810653221101808 -0.2424966629771167 0
0.825049823237791 -0.2378070485725322 0
-1.852924166942383 -0.2285449066999566 0
-1.608437156786045 -0.2369546521829462 0
-1.73580845418914 -0.02604677309978838 0
0.9324231174570399 -0.09358825808186061 0
0.8086231181357502 0.09929741975586079 0
-0.5320371012071572 -0.9330060030678563 0
0.04624441151475708 -0.08987626542016403 0
0.03912825526528491 -0.0948791365665955 0
0.07006517373361761 0.07552952736071242 0
0.07521029520292119 0.07620942101181483 0
1.14776891029909 0.2565715078793287 0
1.108285574310875 0.2362623281290189 0
0.6031644699724107 -0.6305385326273809 0
0.5770984373133028 -0.5558661574844912 0
0.5478308914811036 -0.6302496442668258 0
1.003926358472293 -0.1625124808032222 0
1.012215845680557 -0.1554302371292325 0
0.4973480264394449 0.2082463640634535 0
0.5225495619764788 0.2205135195944932 0
0.6314907048245209 0.02675221781221743 0
0.6343974202108253 0.03094928793346632 0
0.6303257146681345 0.03088793869265364 0
1.071795132259795 -0.0577786143518339 0
1.062777210396248 -0.05956277920134801 0
0.9854637160919 0.06074200679632759 0
0.9968645398186254 0.07288814299757412 0
-1.610570696350214 0.1741934343268653 0
-1.500955802195832 0.4046129230396739 0
0.06738077053381272 0.1292272342224758 0
1.37456219706412 3.348780203293727 0
1.097039918600288 3.216437166291483 0
1.398202650933932 2.946680500873415 0
0.7238955418484203 0.1393149042903298 0
-2.986043906329579 0.462472352741288 0
-2.869563561773727 0.07705112610780136 0
0.1508827620678759 0.1741837887137574 0
0.719455409250588 0.06385613163692296 0
4.154702631987999 -1.529371459997935 0
4.307001595501599 -1.299843330949702 0
10.50822870577178 -3.34285613266263 0
10.9079195921711 -3.081529346545635 0
2.778317243459683 0.3767706693582615 0
2.756968578070993 0.3273722642158389 0
2.80221535036539 0.3496547410096628 0
2.840380896630323 0.3593524853925195 0
2.819032231241634 0.309954080250097 0
8.626948736281893 -4.633411817248751 0
8.39440737275347 -4.99749679197686 0
0.914962705990104 -0.03497907337990138 0
0.9090769237395597 -0.0337178575018235 0
-0.009815542630776695 -0.5293614662826145 0
0.7921268503396508 0.1909510720940786 0
0.5665696585607072 0.1065263181325444 0
0.5694783026645587 0.09623988053499107 0
0.8821471339236844 0.02836655977962483 0
0.8894748780029593 0.02404724722594288 0
0.2194135773590755 0.06949618189679693 0
0.2235641470843797 0.07377295362548719 0
0.2183758917809615 -0.09022981787038552 0
0.2131700633069794 -0.08979122918518695 0
0.2159075712765916 -0.09461333654872152 0
0.7267519406350427 -0.09184738659341274 0
0.7309993569798636 -0.08958671001631034 0
0.727502162121517 -0.08642552152827379 0
0.6832102382176357 0.3445837539120769 0
0.6509905595528704 0.3211192327380673 0
-0.8515771033412025 0.01291285602510828 0
2.642105781280083 0.3773530388470859 0
2.69490588344197 0.347468946776226 0
0.907889122881043 0.04481140616794466 0
0.9142925215083642 0.03793379578429563 0
-0.02572896772657318 0.1325966179180622 0
-0.01649168593453757 0.1421833218643084 0
-0.01324443289838707 -0.06307984432341646 0
-0.006150501165262737 -0.06243213164325206 0
4.06369690633606 0.5313523478610915 0
3.989461672155737 0.5342094853535538 0
1.858771660291286 -0.06967546491154436 0
1.817791358949671 -0.04065392834823012 0
0.4578622581501898 0.24988190492673 0
0.4596089632738072 0.2227875505205684 0
0.02208631941840687 -0.1427280140463721 0
0.2898892512342641 -0.06816753752762225 0
0.4908138973607984 0.07855659436649187 0
0.4882757720540284 0.08259123910576438 0
0.4864615208140105 0.07725880883186545 0
0.05347616682923007 -0.06707294627405254 0
0.05915618828904057 -0.06807804379981916 0
0.05722646297415914 -0.06318416671365512 0
0.578209448208827 0.1208329138177117 0
0.8600138005937643 2.928093027717978 0
0.8574333166662896 0.01977358253136636 0
0.8528100807483722 0.01753127430396004 0
0.8578673308521387 0.01457817682189026 0
-0.3822476536623758 0.08207390444116568 0
-0.367382652960844 0.03850257331853624 0
-0.1795337434875663 -0.2643507455304585 0
-0.173567860475136 -0.2156088814627396 0
0.2023899746985472 0.07769585145282087 0
0.2051283967650328 0.07239653270668409 0
0.03911845444192016 -0.06886002045439515 0
0.04280345415493797 -0.06503364664294164 0
0.7007236332666116 -0.1251009100863827 0
0.7010249975078955 -0.1306043209017514 0
0.7048112220697442 -0.1264777615819685 0
0.01796897789863527 0.6852048146311576 0
0.1179979959858062 0.6671760514761869 0
0.8026763587387133 0.06317065754682724 0
0.8144687389016261 0.06736875803613215 0
6.514420405353874 2.612527284008094 0
6.941679961388932 2.499239139880193 0
-0.1201787776009448 -0.1710624511610693 0
-0.1181635872913049 -0.1903175966197352 0
-0.0975980497898969 -0.1827201476594291 0
-0.05653466079734731 -0.8574688500096013 0
0.6285212545657206 0.03432768598253469 0
0.6256145391794161 0.0301306158612858 0
0.6249809905836885 0.1139220720927313 0
0.6309987840833532 0.1035201277838293 0
-0.5337992930187032 -0.01513074621394572 0
-0.5711901211121546 0.05958746858667349 0
-0.5927523101497137 -0.0008172541160816477 0
1.11477651187534 0.1615037068208354 0
1.150016695745934 0.1391540667214879 0
-0.2666408988531998 -0.07841608336309996 0
-0.2593316643332858 -0.04611790999738537 0
-0.3464214366020769 -0.005989083198723731 0
-0.3277417082461852 -0.04396925489092435 0
0.2787738582845044 -0.07829786607422945 0
0.6406326881325872 -0.1132489052639696 0
0.6434801114768703 -0.108484841654901 0
0.6384422515485388 -0.1083613809347546 0
0.8573542628610129 0.04226303746570299 0
0.8576752308805113 0.03298652159956387 0
2.894648437071179 -1.835030979573673 0
-4.758763108384855 -3.096683715849767 0
-4.507628484130112 -2.730867948071349 0
-4.952221584741023 -2.773618339611577 0
0.007174108889933212 -0.03049074422133685 0
0.00903419711597284 -0.03588690228769464 0
0.01190195634229889 -0.03225874295557226 0
-0.7610656528266565 0.05468392665750276 0
-0.8108188235480285 0.7004451896453674 0
-0.9073203378598143 0.7097707298560526 0
-0.8997492025756681 0.5927218377633555 0
0.7527224962621413 -0.09529011452304206 0
0.7478250334330815 -0.09599859028273618 0
0.7514402023096229 -0.09989903821183341 0
0.1201699415702887 0.2539024413188668 0
0.1247690830065371 0.2273205823595918 0
-0.03936065576602103 0.09843424759839367 0
-0.04320366245188613 0.09043092010401224 0
-0.0336619131162496 0.0916873053133823 0
0.01439879327042377 -0.02864682655324046 0
1.011705108834166 -0.4698477265175808 0
1.059215703513184 -0.4513717060198829 0
0.2137656959767313 0.110556524793901 0
0.21736443878014 0.1149494372469012 0
0.2123837899907383 0.1167596213816323 0
0.6735342804317606 -0.1179512444907283 0
0.6765488681948353 -0.1218508654339677 0
0.0003313748828957346 0.2226964797550858 0
0.02061074664677164 0.216026778487083 0
7.8376636929899 1.631670531141259 0
7.445090921350206 1.89462829962278 0
0.2464358680626538 -0.1353520515158823 0
0.2516731287513077 -0.1361403563481389 0
0.2508072293370488 -0.1278666007952725 0
0.4336195776800842 -0.3192725488107631 0
0.419330844971624 -0.2918004673088635 0
0.4583296661133009 -0.1061569888440584 0
0.4610594347020138 -0.1016533808349965 0
0.2583657804725525 -0.4041215731650034 0
0.2891778304799188 -0.3812115388905405 0
0.2439305864266897 -0.3673406923987342 0
0.9317989252470051 -0.1153769327426372 0
0.9270625163585988 -0.1123621496310128 0
10.17624420169972 4.225028414403949 0
0.09435905047526075 0.2541788758371075 0
0.08506602606187658 0.2302666365672682 0
0.7991492743407008 -0.1639752164305307 0
0.8090919994135585 -0.1601761263109645 0
0.1284661902351715 -0.5204252858950132 0
0.1280736122428126 -0.471458848290469 0
0.2825500175543609 -0.07955759100799778 0
0.2866318287767251 -0.08395448304674882 0
0.8981522901027875 0.02123336553220722 0
0.906343816460494 0.0223364205501058 0
0.506819432754033 0.04734625449448375 0
0.5058453759112858 0.05293193234563007 0
0.2623996391004987 0.08876093018994569 0
0.2602915953526684 0.08492522461922544 0
0.2657601389814079 0.08504789797872786 0
0.7867064375080539 0.08282574821153788 0
0.462797978157472 -0.1156098238398123 0
0.4656738839573218 -0.110935357523651 0
0.4605855875829739 -0.1108031822307637 0
0.7693968405878081 0.07000961143275683 0
-0.2995241179070007 -0.3526681316029245 0
1.075675223188282 1.193072839722964 0
1.184297552899892 1.367926062550299 0
0.1884827701960909 0.08914849468782371 0
0.1900398898922259 0.09318766257672441 0
0.184504634840191 0.09295998180236409 0
0.2986102322165369 0.2081564720773542 0
0.282119701395922 0.1976686781767316 0
0.4326409586549234 0.06332675100812014 0
0.4309687980314287 0.0684383536818997 0
0.5855750537856892 0.06287011248533131 0
0.5901906378209612 0.06616583436606108 0
1.697216013501272 -4.99487671783841 0
1.538271737202678 -4.699925530792562 0
1.275838332368991 -5.027289801299371 0
0.2909557014910141 -0.09732857609239398 0
0.2924809717926049 -0.1021756573494866 0
0.295934365249534 -0.09774931740171355 0
0.6380151488965663 0.03782681525261336 0
0.6382219062829595 0.03293182104497011 0
0.6430046251250867 0.03567362748368095 0
3.243817273797545 -0.5730312493276444 0
3.178334840504714 -0.5718870317225844 0
3.225398594506489 -0.6181983124553757 0
-0.009019310089053212 0.3807234107633022 0
-0.0347370798240782 0.3506047951188145 0
0.00519162771761358 0.3420786988346359 0
0.310272105747984 -0.1083239526019667 0
0.3159068037466928 -0.1088251953217637 0
0.3135605867011368 -0.1041337762707046 0
0.4614970659481467 0.09591866806152731 0
0.4688723338145813 0.09517701831959961 0
3.436192041924687 4.208522915860218 0
3.855646377785931 4.17692225865799 0
0.4952346825238122 -0.143415413606608 0
0.4919436586811021 -0.1362675458488333 0
0.3613590926932366 0.07340792902733131 0
0.3359815117331321 -0.1781311401173514 0
0.3216978151816434 -0.1829216274001384 0
0.3347005119211603 -0.189090738137649 0
0.2183912234980123 -0.1527795923824851 0
0.2044622338408417 -0.1547286757287883 0
0.5679207800748562 -0.2369263790067426 0
0.5532377130629539 -0.252859451036375 0
0.4930267123984275 0.07513815802504231 0
0.4948409636384455 0.08047058829894126 0
0.2730977124691721 -0.0949394183938807 0
0.2671958299645194 -0.09504222780882685 0
0.2707004874889657 -0.09933658501633771 0
0.855057467483429 -0.09291041454360609 0
0.8574363608028999 -0.09791255945114699 0
0.06666828137661912 0.1090008087486185 0
2.326863678127242 0.6920135874450233 0
2.260135138018288 0.6093839562900148 0
0.09596959131243835 0.1441634877250378 0
0.09799077676642626 0.1358786748009559 0
0.8790523744111283 -0.09428996822087425 0
0.8837752216706303 -0.09676046390920312 0
0.8832472286156098 -0.09152056534701272 0
0.9649244355982237 -0.1670721845431128 0
0.9733242353572177 -0.1591674698825642 0
0.3795182766146336 -0.1110674373509421 0
0.3829787608089162 -0.1070968706635864 0
0.1737576304065505 -0.08996748008813812 0
0.1771051527447037 -0.08589430636437978 0
0.1719233325831178 -0.08525356457042717 0
0.6334706860058539 -0.108245079869989 0
0.613929775416538 -0.1742927506982887 0
0.6206007380300513 -0.1670827452352239 0
0.6073679985936045 -0.1687304503688296 0
0.7650639100093526 -0.3214242177085346 0
0.7878642615454947 -0.3089031595752189 0
3.171040921565206 0.3589913949876866 0
3.215733235191032 0.3771502366327693 0
0.3947633894702874 0.1097230913397597 0
0.3881581426256965 0.1113054632014455 0
0.3035568802385554 0.1083102565478419 0
0.300529141413554 0.103721965097381 0
0.3061728810589019 0.1036171623727237 0
0.953796753555507 -0.004693292838431449 0
-3.371373020305679 -4.02748269029888 0
-3.150824471448436 -4.437857273587642 0
1.919409074824957 1.0344674212018 0
2.054176134730328 1.203083310405637 0
2.239584242540746 -0.5891887198355261 0
2.28545142746418 -0.535472294990493 0
0.2334169373129892 0.101594575195504 0
0.2382593571239828 0.1042812757462925 0
0.7675883414645095 0.1011853478345674 0
0.7812184276746457 0.1078232717217276 0
0.8158935414352393 -0.1523444656928867 0
0.4038656362651157 0.1070950850321039 0
0.4129874042050933 0.1044949883788163 0
0.3782145919860573 -0.08151054057439447 0
0.3735428627229237 -0.08103119715592025 0
0.1122766178185848 0.1310740356612293 0
0.1204580528896521 0.136199584995794 0
0.07379342968542138 -0.1388084829535214 0
0.03334933339307237 -0.189720338472724 0
0.05344278617481163 -0.1872458745988772 0
0.5621846761051141 0.2936090509555969 0
0.02087396072569597 -0.1101906622786561 0
0.01237559531325422 -0.1197496015221059 0
0.980659074775758 0.1465957990608189 0
0.9967357667118762 0.1228896849511004 0
1.005679839529084 0.1449656484034832 0
0.9984737884744731 1.103706380849184 0
1.172034106334018 1.104545821772171 0
0.9184514387814404 0.309533389822737 0
0.8819723990536944 0.286451957375446 0
0.1599523235039005 -0.07926927905813283 0
0.1629333682846895 -0.07540529000073901 0
0.1578356064195923 -0.07476042248601225 0
-0.09198192445544656 0.165725783359825 0
-0.1101576707223855 0.1590641953981509 0
-1.25168380911217 -1.040755637066495 0
-1.052689027947382 -1.053809170151507 0
-1.210242547107609 -0.8403479115451029 0
0.4671603861456559 -0.09351258447889707 0
0.4722212472040396 -0.09383534720385753 0
0.4703069494010615 -0.08957315147993984 0
3.357333010672717 5.303715340623224 0
0.1149327413508462 0.2017276903048135 0
0.1140982495017661 0.2206301057459747 0
-5.305002401430411 -2.776798540274542 0
0.1326455835695008 0.1536755215133716 0
0.4031000699446187 -0.0834435429179116 0
0.3978754078799034 -0.08337419213265054 0
0.399760350065504 -0.08744040618002247 0
2.666079640096341 1.875713622904624 0
2.440764417541402 1.663680312830123 0
0.9113146377708876 -0.5110637900519993 0
0.9628522849870105 -0.4933827871561417 0
0.2509143280531144 -0.102651855341606 0
0.2484719484015879 -0.09786086156560675 0
0.245263670999959 -0.1020358986072427 0
0.1865831342025312 -0.1631032947284282 0
0.1772091377392999 -0.1771003462996616 0
3.343723181531244 0.3668377278583853 0
3.3709821733208 0.4154771269197082 0
0.9005343963204668 -0.03027446139642467 0
0.9011647299308201 -0.03518664374663943 0
0.9048027964077001 -0.03152389027536356 0
0.1858729443615589 0.08468865581325691 0
0.1914081994135938 0.08491633658761723 0
0.8579642720248333 0.02623495739929686 0
1.027820774858702 -0.169953230927242 0
1.033920249844637 -0.1611111826434287 0
1.020896313054085 -0.1577549700349107 0
-0.1169043213690183 0.264177733437984 0
-0.1391416404134298 0.246908986938879 0
3.28929037640876 -0.5642971733824429 0
3.242226622406985 -0.5179858926496516 0
0.3963438910638958 -0.07910570469046424 0
0.3930041711847811 -0.08310256795257512 0
0.4662000448097818 0.04902656094061278 0
0.4640448658782321 0.05349327113991648 0
0.461011313471471 0.04981080191166931 0
1.794073520531839 0.7986131069719756 0
1.84934700767105 0.9450512178217068 0
0.7345959781975568 -0.09343494390818982 0
0.7353461996840313 -0.08801307884305087 0
1.477909648167752 0.8976386579776658 0
1.566038581084915 0.779258341676287 0
0.8338917342427485 -0.1550284073937422 0
0.8395475109379363 -0.1478807842422897 0
0.6066962790982107 0.02174767819648986 0
0.6097092069590253 0.02589994775217776 0
0.6046544766097229 0.02662866861970688 0
-2.67391304349053 -5.66112049417261 0
-2.862116221399618 -5.241605841118018 0
-3.835230910545801 -5.6215093289137 0
0.8620026560073711 0.01137723955250817 0
0.866438195433752 0.007810745094403515 0
1.088986407442897 -0.03650271713189011 0
1.077520005235198 -0.04076997717198071 0
0.2297182955633565 -0.4339142335193038 0
0.2749655396165857 -0.4477850800111101 0
0.7081652531673656 -0.1237036221712748 0
0.7084666174086494 -0.1292070329866436 0
0.3350139775124051 0.07730687576247627 0
0.3397306357074843 0.07746879162560805 0
0.3369895220344632 0.08168513532194749 0
5.925949365180222 -4.96425721506714 0
5.974173234240305 -4.504051620352827 0
-1.357060399086435 -0.1370607713074673 0
-0.05534575449297412 -0.1172628494877221 0
-0.05300220897508832 -0.100130973972196 0
0.7718891719808092 -0.1391731931895013 0
0.7699069139714125 -0.1327246978004563 0
0.7670492916497488 -0.1394710779477762 0
0.1147991771043155 -0.1304253285170797 0
0.1081465094845626 -0.1217871632584708 0
0.358169711471838 0.100444754315667 0
1.057544834823782 -0.09230404798582718 0
1.060681427459433 -0.09866088187239835 0
0.04919273314206599 -0.0312924672059849 0
0.05384583789555676 -0.03164620608969911 0
0.05043517888239395 -0.02721220989296017 0
-0.03782050800441039 0.07042061209223166 0
-0.03483666383140116 0.07777648676916243 0
0.6843358753306987 -0.1530052665585399 0
0.694207481813764 -0.1506832189462804 0
0.316781678582097 -0.1000210367783862 0
0.3111469805833883 -0.0995197940585892 0
0.8405639025995867 0.03489185212497607 0
0.8352046262955306 0.03636234163898963 0
0.8362228173054481 0.029027093602889 0
0.8007110423432267 0.04677028953100687 0
0.808316894116015 0.05248592246103256 0
0.8020416245847584 0.05358820797416657 0
0.01228722127018067 -0.003916175883295012 0
0.01673357820822907 -0.007036028655344017 0
0.4705030265355269 -0.1414379599405632 0
0.4719364901144841 -0.1339711921806643 0
0.4446326122540435 0.3652909317740018 0
0.4637205670372124 0.330861200482791 0
5.691894497991366 -0.3977994032784206 0
5.456441503444357 -0.6245693640286812 0
0.7777568111991893 -0.1077442035708133 0
0.7826755504299157 -0.1063951627187974 0
0.779163467208405 -0.1027735008367193 0
0.9476594682036857 -0.01402584311228815 0
0.9454543984656896 -0.01799201126005915 0
0.9502750365122939 -0.01716741614457283 0
2.168174525715833 1.261794837354152 0
2.159704765195515 1.04773167335393 0
1.823783810533918 -1.330929545083993 0
1.63127048564704 -1.432242884109463 0
0.4431560754731738 -0.08498579591876217 0
0.448388290156464 -0.08474404352403533 0
0.4467300501953165 -0.08051840106033201 0
-0.05370567985461826 -2.756302163377433 0
-0.3791888973077217 -2.559321490821815 0
-0.2658085708168592 0.5756211918371867 0
-0.2029428796156805 0.6233098007725228 0
-0.2595697041375297 0.6480351648863476 0
0.03060977813953903 -0.1313636820406045 0
0.01501734103757917 -0.1321922989510448 0
0.04697031014470136 -0.04791226919946096 0
0.04196061519998406 -0.04658825545776268 0
0.04326038837187052 -0.0512819980175206 0
0.01454482720422166 -0.07702254991828267 0
0.01081299629079387 -0.07043283642384615 0
0.009422492289298669 -0.0761936626336068 0
0.1836807629608391 0.1415830882851374 0
0.1855053768709659 0.1322910766999899 0
-0.773223920716307 0.2489643045256092 0
-0.8452673085405691 0.3629047416467434 0
1.007163973469352 0.07538288389084326 0
1.007463971956528 0.06059648188273619 0
10.9390774787041 4.679334642881098 0
11.08945393064049 5.092145220827528 0
0.568943856054385 0.02551123503339189 0
0.5541756585191218 0.02724113949517941 0
0.5571245415626318 0.03158888541666213 0
0.6139684079227363 -0.09778617445378579 0
2.788226183460099 0.5441014008821767 0
0.4045017655721793 -0.1089320465456872 0
0.3989899161330408 -0.1086400440322141 0
0.4011179338512648 -0.1131955678992504 0
0.5745561162132468 0.07251585810955676 0
0.5754744773810907 0.06668579615253944 0
0.1626041185909347 0.08898217833533476 0
0.1675949446913306 0.08714063900188712 0
10.91876827238059 -2.667666899145728 0
11.29633099676553 -2.81386244741322 0
1.085761544483582 -0.1497154480682786 0
1.077770403833588 -0.1634176950637291 0
0.8956363969006631 0.2132545397302321 0
0.9290447994632092 0.1987573644952936 0
1.011603122245378 -0.06265989279876308 0
1.013942954692546 -0.06610296664454926 0
1.016971333682235 -0.06283264357301904 0
0.06078391793860131 -0.05947685611864148 0
0.06613548355759896 -0.06039836351494886 0
0.06401291706223065 -0.05568595539416862 0
1.070272037400308 -0.08801708182154463 0
1.074083386368178 -0.09814752832125036 0
1.079403585262416 -0.09190255332864911 0
-0.104036626588064 -0.133670885786477 0
3.534445667633823 0.116261193000544 0
3.503562259059542 0.1599356910040967 0
3.482140875792995 0.1148615118115335 0
9.26869620564946 3.121483576083617 0
8.911111454718588 3.350617713026419 0
0.07373987733115896 -0.1857266648485856 0
0.09443101988388505 -0.1864109035685163 0
-0.01258759732182356 -0.05635340858773515 0
-0.01764692258674375 -0.06148223562600859 0
0.03109384139505916 -0.03890061195879686 0
0.03621005853941039 -0.03594877045839183 0
0.339625009445118 0.06392968748535122 0
0.3412154000353448 0.06953497222527023 0
-0.1582820062000737 -0.003189406700414453 0
-0.1712869437047002 -0.01853905980870901 0
0.9872380871952071 -0.09989943827144966 0
0.9906019572066325 -0.09686432491765604 0
0.9862393606202948 -0.09423769197224292 0
0.9539885058722184 -0.1015275050273957 0
0.9583545547072859 -0.09865907379139091 0
0.9542575114355993 -0.09650049673798559 0
0.04907540087312308 0.06761503073550559 0
0.05392536585675781 0.06697111173173623 0
0.05191417507640687 0.07201620592485189 0
0.9639195995625119 0.01356451152835405 0
1.023982665537251 0.01322546202792675 0
0.7182851443091034 -0.08632809751557047 0
0.7142266066190595 -0.08835772501444503 0
0.7191962080866521 -0.09071582560425073 0
0.9097569901538639 -0.1002702467048907 0
0.9096633163110915 -0.1059358586066094 0
0.1704276256727368 -0.09406685011961531 0
0.1756094458343227 -0.09470759191356792 0
0.7317770289993686 -0.1397477985821552 0
0.7381192507743294 -0.1379324621684245 0
-1.447541285320157 -0.2344087673063965 0
-1.313280240373791 -0.3370130200310858 0
0.2517616850850861 -0.0938288062337484 0
0.2461110280319307 -0.09321284949938516 0
0.7025277765545781 -0.1478909001481519 0
0.7106600041395619 -0.1463623727529809 0
0.7049158300080044 -0.1401850337281358 0
1.076018072955228 0.03699205041977668 0
1.083888816845358 0.02341209797779335 0
-0.03882086570196409 0.05004681512477537 0
-0.04454175407640733 0.05153501140979255 0
0.7182635091467398 -0.1440021038791629 0
0.7250067901000745 -0.1419902605645456 0
2.809443692995086 -1.170160517491658 0
0.2434504524860357 0.1125967298215917 0
0.2430049882654058 0.1066561064011681 0
0.2481970212777742 0.1097934158475547 0
0.5160657869421926 0.04549116689522855 0
0.5199070503777408 0.05003026127323664 0
1.348796739796281 1.498461263755768 0
0.6420571451251684 -0.0934186063798098 0
0.09148099847483165 -0.05119582196796878 0
0.09499405620588774 -0.04719536953429614 0
-0.2136666108029571 -0.7547960221632006 0
-0.1936182649856041 -0.876914899032176 0
0.04470722087724893 -0.03111506451519847 0
0.04811787989041173 -0.03554906071193741 0
0.9105250665021916 0.005132154099252108 0
0.9160156305829982 0.004623852653546868 0
0.8239651957587879 -0.3584292508027315 0
0.7874060558112792 -0.3758675639469664 0
0.5444953567644213 -0.1740978126056578 0
0.534627649132328 -0.1639865676508399 0
1.721237611059775 -0.1361010981208468 0
1.725119139868152 -0.08504714189750326 0
0.3551412701067154 -0.14253471574357 0
0.3482278767440935 -0.146575552218739 0
10.97081976523278 -0.2530473342827052 0
10.96225927303029 0.1654805864281275 0
10.61545485169369 -0.05608556382475849 0
0.5591406935663237 -0.08929837549705294 0
0.5613987859316569 -0.09405379715510305 0
0.5644017851012635 -0.0894181329999309 0
-0.1098860179184555 0.1235380293806711 0
-0.09334824331247676 0.116586720832814 0
0.341703841968666 0.07381318641868762 0
0.343679386490724 0.07819144597815883 0
0.4975059751202547 0.6433378307063158 0
0.5947265482993676 0.6537676862560015 0
0.5500372982496096 0.6970790921184623 0
0.3495744129806329 -0.1031115277669562 0
0.344302584408311 -0.1025461149914063 0
0.3462083309428964 -0.1072376970943571 0
1.068058099884041 0.2573559762051989 0
2.741129280557365 -0.4604082535920292 0
2.770375555672417 -0.5130654910889451 0
1.061660939710484 -0.08640373681878145 0
1.054253936028195 -0.08444572799046277 0
0.3733582494654105 0.1171010278052361 0
0.3738767279839125 0.1251501315735511 0
0.05510389647879083 -0.05847175859287487 0
0.09989735862931065 -0.04825122943832527 0
0.1016452832351119 -0.05313961349195362 0
0.1049556212257819 -0.04926207941813328 0
1.360268445725052 -0.6919670738260189 0
1.384828164230748 -0.6163904086017653 0
1.289955277771647 -0.6583193294228893 0
0.2158322802183241 -0.248909231158863 0
0.2381784626155744 -0.2432431594463876 0
0.3808156174649835 0.06941722751863004 0
0.3856564557020433 0.06837408363346681 0
0.3845915254086933 0.07301655734522008 0
0.6158944401003322 0.3243200100755201 0
0.6260960696777862 0.2824620791248953 0
1.011259537525094 -0.06970871194670862 0
1.016627748961951 -0.0698814627209646 0
0.9565605584098786 -0.1384264823979889 0
0.8200029878624588 -4.516876920069819 0
1.238210770990787 -4.329933879975819 0
0.265414310582108 0.09192504745933636 0
0.2599457669533685 0.09180237409983394 0
0.2381232506482038 -0.3086579545123682 0
0.2440119441037568 -0.3313587883946634 0
0.268853942978503 -0.3217298242419762 0
0.1556518175466604 -0.07033019604795313 0
0.1526707727658714 -0.07419418510534695 0
0.3379472459890259 -1.279977754216711 0
0.4529283490225692 -1.219029121188182 0
0.3162400034053042 -1.117370574992265 0
0.9411042920397343 -0.09941033511297709 0
0.9368889240358624 -0.09659892032215558 0
0.2131998940963906 -0.3542688226691263 0
0.1565141448298257 -0.08340823130678254 0
0.161611906694923 -0.0840530988215093 0
0.6999405106458096 -0.1207069475945633 0
0.6961542860839607 -0.1248335069143463 0
0.4499244733232595 -0.08889361147060655 0
0.4534984480454022 -0.08442621661217639 0
1.090354848426864 0.009570860608642796 0
1.08246171111261 -0.002410155803674482 0
1.096914879148544 -0.00348045758555632 0
1.363102487776586 -0.08599848611198213 0
1.384650553580474 -0.1340966407477517 0
0.1775800880619768 -0.09948133680353693 0
0.1809100927957905 -0.09538196677205973 0
0.8419167294476915 -0.194717165531333 0
0.8537711810100794 -0.187403081123258 0
0.8426892342878224 -0.1801342747073604 0
0.7228708270462882 -0.08479109736715447 0
0.7179012255786957 -0.08243299677734875 0
0.5886036613355106 0.1702692483910861 0
0.5949137742999069 0.1514684798324997 0
0.2613556385820944 -0.2390453740534784 0
0.2854914253622992 -0.2374811996158386 0
0.1912357177016876 0.07545551854548241 0
0.1861859063765403 0.07564060120627775 0
0.1886232504991661 0.07063962203870974 0
0.5172451593982814 -0.1581370731457122 0
0.5053628500505606 -0.1608084837905788 0
0.1615259888212235 0.1306114269311708 0
0.1632639106825003 0.1376111730896581 0
0.1559873940817349 0.1375904437985597 0
0.4439351044500827 -0.1396103542455115 0
0.4417187643687175 -0.1331202978621038 0
0.438863505352894 -0.1397852204354136 0
0.2101993958841503 0.07899031220417757 0
0.2104097407638584 0.07307691017928605 0
0.8626996943459231 -0.007425464889333187 0
0.8680058195514202 -0.005427480945541995 0
0.2479236008925586 -0.07708900978993921 0
0.2445305811475378 -0.07413007043229092 0
0.1911813561139824 -0.5282154399634761 0
0.2211105730295538 -0.08602831530293881 0
-0.009804539599892859 0.1117666584825325 0
0.6544140049906444 -0.1469769880485989 0
0.6451790585275019 -0.1482035811301694 0
0.1248043969355594 0.1279830124549689 0
0.5217287739750865 0.04098886452723292 0
0.5169788555135104 0.04140338189516558 0
0.5181362234243398 0.03691007924618535 0
0.1130349700392716 -0.1851737275893963 0
0.1291694690769129 -0.1887176664715647 0
0.1206565218143722 -0.1720517390172204 0
3.971559796960413 5.653651062738789 0
4.15802738278003 5.262119806842946 0
-0.1168364922815773 -1.83341247090013 0
-0.1416616199235544 -0.2083429487079357 0
-0.1190808921125065 -0.2200006452062955 0
0.5028392293649887 -0.6678893885037779 0
0.4767731967058808 -0.5932170133608882 0
0.9170968589864159 -0.1170840332535266 0
0.9164364412634438 -0.123083406108051 0
0.08683685836181393 -0.1209634698195727 0
0.08082528301765603 -0.1310714526485141 0
0.2463819662671689 -0.06961037828293681 0
0.2415264826410499 -0.07061323416291262 0
0.2060134789621737 0.1168924223285342 0
0.2021283198240916 0.1170619365469059 0
0.2048998880492476 0.1125362231470038 0
0.006693229278977857 0.2903390703938157 0
0.337925499707087 0.09371573863064023 0
0.3416014392579012 0.09058399894250629 0
-0.1261810486341891 -0.9896920993563092 0
0.001761261582562683 0.00655790213748994 0
0.004793162205524495 0.002608757696236472 0
0.1919734521625585 -0.1391802884683416 0
0.1820508228702648 -0.1374038707620279 0
0.3661951374225272 -0.1043564622104519 0
0.3636610204657179 -0.09971940032824494 0
10.9356045332186 -2.263801837837126 0
10.54719312862417 -2.531468736969542 0
6.565701320517374 -5.357461079401034 0
6.941932460150058 -5.124222392594422 0
1.042934263014768 -0.1623383396678748 0
1.036009801210151 -0.1501400787755435 0
0.7519782441794081 0.06703419220210259 0
0.746100935657882 0.06174594129571885 0
0.7557140715498099 0.05900412141402259 0
0.3742691780451698 0.3557296606122917 0
0.3070483358402238 -0.2336008274564601 0
0.3278220243300679 -0.2338642303904604 0
0.3155363058249191 -0.215712122913344 0
0.5820361022160826 -0.0936298156285188 0
0.5787274740751842 -0.09863694607862583 0
0.4094585679934068 -0.4604834093059943 0
0.673119763827397 -0.1017730451530069 0
0.6761587916892795 -0.1057410164096898 0
0.6783894796989016 -0.1018333868041491 0
0.2290874018325825 0.09903402817901687 0
0.2339307592938916 0.09654258410089278 0
0.8783681552317895 0.133719355263674 0
0.8751873812365982 0.1148519895259035 0
0.8954702089027204 0.1246558886658178 0
-0.2149949598171324 3.68213894612609 0
0.03723804342317538 3.313930844555258 0
0.4786175352739943 0.06227139355258048 0
0.4802969575687065 0.05768169907248172 0
0.483432969488631 0.06093667015618571 0
1.202787762846442 -1.959453369309878 0
1.111546102964242 -1.72270173135106 0
0.4356634813384457 -0.101429484355548 0
0.4335186685993983 -0.09699681041186212 0
0.4306770175507837 -0.1013407649509296 0
1.287164600831826 0.1475327757250212 0
1.336191503954447 0.1579069494749127 0
-1.042872832173998 -1.701429250623647 0
-0.9311291784429951 -1.45532813848093 0
-1.205873943682946 -1.500318007815617 0
0.7237930484637942 0.05852707764459478 0
6.755780434332355 1.005603605587129 0
6.712013350560202 1.465070034836232 0
0.869407595826263 -0.0180959273862322 0
0.8672395263852016 -0.02312179122493328 0
0.2231818816756559 0.112436962865328 0
0.221799975689663 0.1186400594530593 0
11.32011273161938 -2.000000000014793 0
10.94853758786297 -1.863801837838607 0
5.417092003644773 -0.9438265360393929 0
0.3616461016526711 -0.1178251269803345 0
0.365043556469386 -0.1136650322141084 0
0.5737354266910428 -0.1482853439840563 0
0.5744000502733868 -0.1396190835227042 0
0.9549056719064851 0.02729182709403041 0
3.875368332862615 -0.4151182870632489 0
3.900623745707731 -0.3687739764403077 0
3.848759474315571 -0.3697211509446027 0
0.7577215833935653 -0.09480440377132424 0
0.7541064145170238 -0.09090395584222702 0
0.3480751681687407 -0.2307036475685106 0
0.3683352273008055 -0.225881394802415 0
0.2984845358339476 -0.1525400236283045 0
0.2866870363991878 -0.1539596494290788 0
1.031055796626727 -0.002931250960567585 0
-0.3922576300890184 0.3440830909818261 0
-0.4732889660503362 0.3293110351680524 0
0.5773935575349511 -0.08474987124652679 0
0.5799577397622686 -0.080193221427595 0
0.2098814308089319 0.2918317121100995 0
0.24161462368714 0.2863222969873463 0
0.2737621612802589 -0.0904650855895944 0
0.4334087065402387 0.1755750679568494 0
0.4290487694822874 0.1611318224280332 0
0.4554537603134511 -0.1108314551602197 0
0.7885679786183839 -0.1401971414174875 0
5.074326911321225 -1.489990617977205 0
4.777451500963907 -1.646922088732969 0
0.139617898884699 0.3715233614800163 0
0.9824275290739519 -0.1523598181852282 0
0.9813676907009811 -0.1436965844870848 0
0.8001913241746542 0.1361928606087095 0
0.8039047083815275 0.1144928909080952 0
0.3875159449905469 -0.2219425063750504 0
0.4062777484099701 -0.2223111044969912 0
0.395591915998316 -0.2066996184370939 0
0.04447568214124574 0.06957733015065656 0
0.04648687292159667 0.0645322359575409 0
2.562226034927956 -1.979547091135231 0
2.250622042386589 -2.146943048374903 0
0.5647901528969241 -0.08014249413393325 0
0.5672246939266026 -0.08473966210232875 0
0.1376307390910162 0.2060691609354011 0
0.1451213115737174 0.1869666762508644 0
-0.01105188007038662 -0.1892479128866076 0
0.01150139034185921 -0.190916939254475 0
0.7929109860581074 -0.01122725273811574 0
8.891757074623881 0.9835768773597342 0
8.907105413666763 0.5540894245583552 0
9.253021531788054 0.7549086438483261 0
-4.946826759582624 1.810529547468659 0
-4.961639897499117 2.210410896417232 0
-5.325927266401294 1.998313746804495 0
-0.4734728709445051 2.408812399135042 0
-0.1708552188523546 2.675962941502836 0
0.2550530494040593 -0.06308834856300732 0
0.2561389506684285 -0.06805406704558167 0
0.495739321644474 0.1879495950625511 0
0.4918574831201591 0.1748816351710708 0
0.509238442048662 0.1837737580188859 0
-1.992344841754239 5.185288679674292 0
-2.38962150329015 5.065089226063977 0
-1.954933737987582 4.854371668944396 0
-4.228010943336096 -0.1214384227409074 0
-4.331951045060036 0.2971746194088703 0
0.2028222942816712 -0.08884010452058137 0
0.2053498692952118 -0.0935908403198339 0
0.2081741677890688 -0.08942401206427042 0
0.7567613250539728 0.05184602047796001 0
0.3050390310501508 -0.1507859934694942 0
0.8140963760051872 -0.1250520329336193 0
0.8190730536378372 -0.1226873710892379 0
0.8142421342401018 -0.1196419967258492 0
0.04466274419071745 -0.05631553845399136 0
4.116542651137277 -5.364355350497316 0
4.340818197126 -5.011311490847065 0
0.4243501760969833 -0.2192116229300687 0
0.4412157561854346 -0.2166245687407768 0
0.4312192995061906 -0.2044811623697428 0
0.4091313548267829 0.06224849058238743 0
0.4137937961911979 0.05982348467431085 0
0.3443954810464706 0.08671098996695738 0
0.338912138440973 0.08572006016062818 0
0.756378420110145 -0.1162897118563591 0
0.7527629595826664 -0.1124830899484987 0
0.4004453393294223 0.1567047190366576 0
0.4080377708862001 0.1667844492054151 0
0.7494773449899044 0.1090294492539221 0
0.007669590641510748 0.08285803859870444 0
0.01041252327692093 0.08764301345393183 0
10.5820537900019 -1.732229101768132 0
10.96656198840268 -1.468427263945799 0
1.065455994483056 -0.1028197077416625 0
0.1701604701451344 -0.08054726870976421 0
0.1668129478069812 -0.08462044243352254 0
0.1807207929058433 0.08415891578058633 0
0.1836462221233461 0.07992675768037985 0
0.8439611543340992 -0.1706963213379891 0
0.8321067027717112 -0.1780104057460641 0
0.4583267386805137 -0.2139421025581414 0
0.475096674285768 -0.2087319347586635 0
0.4707455481695446 -0.1113696844341613 0
0.4685331575950465 -0.1065630428251128 0
0.6660649722729628 0.009575429609691471 0
0.6687918724793731 0.006661912992427285 0
0.6704777730996825 0.01239028899941287 0
0.1453856777660918 -0.06911855787479212 0
0.1423262759289673 -0.07302174217933298 0
0.147427582055815 -0.07366714297182869 0
1.072947905380561 -0.001175188567845537 0
1.079507936102241 -0.01422650676204465 0
1.062918347535245 -0.1176337936548132 0
7.883177077815334 -5.616608039145847 0
7.491872729986893 -5.616608039145847 0
0.8390040212532663 -0.2252631121363841 0
-4.99156157330412 3.732372632112416 0
-4.720809051298659 3.889331755785764 0
-5.068864447235201 4.106624135876765 0
0.3684144012819143 0.06252769315674681 0
0.367169282440442 0.0674151509268075 0
0.4424741685180418 -0.1149469208970956 0
0.4452462401192188 -0.1103094464823531 0
0.4401850797673691 -0.1101199301942424 0
0.5155966044192241 0.430428074629858 0
0.4772041036893284 0.3996535414515639 0
0.5208568896011329 0.3823048445590595 0
0.03324184917924982 -0.04877523288524377 0
-0.5746580125625751 1.711972982578101 0
-0.3406024303198101 1.745852567995403 0
0.5337072135782066 -0.08848168564042053 0
0.5286981848292145 -0.08829027000333373 0
0.5306068362201002 -0.09284140146209605 0
0.8400987028094573 0.3054735404583122 0
0.4914185907122361 -0.2053363486676321 0
0.507446576293854 -0.2046451636592268 0
0.07242509906754625 -0.3638905429162054 0
0.05629664125463534 -0.3222893376887572 0
0.0352318079283289 -0.3544901432423143 0
0.276389690116942 0.1265336738416529 0
0.2816041115120425 0.122451425185056 0
0.4794191717782896 0.08745334989074899 0
0.4800597369945874 0.08240537703288725 0
0.4832828302909428 0.0863414264289997 0
0.9545483537105272 -0.0167977170991024 0
0.952343283972531 -0.02076388524687339 0
0.5388875325328213 -0.08856764230019043 0
0.5408419796685575 -0.09333755801055889 0
0.5441136472322864 -0.08887238321156649 0
-0.07471099046151092 0.06360280960041233 0
-0.07108389446734611 0.05629553351997614 0
-0.06701975156401871 0.06595428926893136 0
0.3060223184281061 -0.09896321139995544 0
0.3007891918524544 -0.09844514395390475 0
0.3026927621267764 -0.1031144661048569 0
0.4677092655284601 -0.1458338083862475 0
0.4578398603339277 -0.1479022403311363 0
0.4772541993198696 0.05483025295409599 0
0.4820696335345063 0.05349552955770122 0
0.5229054890814531 -0.2018736159334756 0
0.5381398757241025 -0.1989831653572047 0
0.1774071623296496 0.08901514811622058 0
0.1806967862310026 0.09355368728052874 0
1.046319766406933 -1.10584609776861 0
1.171495024723397 -1.037052907346635 0
0.7514750148161576 0.04153358954945931 0
0.752980110008898 0.04847581519388514 0
0.007321060257822838 0.03906984327825055 0
0.01223586810569876 0.04266694813570279 0
0.007524250625812589 0.04409656711612985 0
-0.03193604807272473 0.08577741947150232 0
-0.02809304138685963 0.09378074696588375 0
0.4378894908291886 -0.1056279473370577 0
0.4407311418778033 -0.1012839927979902 0
1.283860758276327 -0.3061586952602976 0
1.283998673680475 -0.2627548323828599 0
1.242531579216495 -0.282391526101107 0
0.6373467834155432 0.02001724021971633 0
0.6390088087868543 0.0242995203016966 0
0.6339003849959005 0.02253128697104985 0
0.4058273167921096 -0.1223300612360053 0
0.4089705539245179 -0.1180436613086009 0
0.4034865461579951 -0.1177739703401279 0
0.5529195956924493 -0.1962383664143383 0
0.5667227537608526 -0.1943666840118705 0
0.5579526533220887 -0.1824388190096749 0
0.8271433619870168 -0.08079581970738595 0
0.8221900415953615 -0.08355057581296915 0
1.197480105020778 -0.3451571855970594 0
1.214511989445735 -0.3063699090210869 0
2.491308648850353 1.182440429974001 0
2.635342657464411 1.013368183560673 0
2.637110973403752 1.224136949596207 0
0.7007930711443904 0.05089418494997523 0
0.7067875194366647 0.04802448214835541 0
0.7592854979983128 -0.160052514301622 0
0.3733164018291936 -0.09174997659177461 0
0.3690346287736749 -0.0951180366361238 0
1.008828474095977 -0.7438675558653258 0
0.9128936464002204 -0.7678309047906843 0
0.5806657632229948 -0.1916743577326727 0
0.5951363755177944 -0.1893610173450164 0
0.7654543458020833 -1.857386488482231 0
0.9214014402782547 -1.661551235529883 0
0.3865506630114105 -0.1030667294680218 0
1.505400376232834 0.6940066881412874 0
1.621926596309403 0.7017868207637232 0
1.223273962185737 -0.2165252338697237 0
1.183968820474968 -0.2131485680842305 0
1.203364352909874 -0.2356109974381761 0
0.60790998601597 0.03609732325444236 0
0.6038515394939465 0.03960598763475356 0
0.603608957948514 0.03428960255570598 0
0.9699886375228186 0.01915437951075911 0
0.9736867581298478 0.01276079939791737 0
3.46418276861487 0.06269660313195702 0
3.433299360040589 0.1063711011355097 0
0.7381055581456226 -0.1161563351112838 0
0.7329632174469574 -0.1177417741465573 0
0.6086506980838182 -0.1867426098607898 0
0.6218834375202651 -0.1850949047271841 0
1.032306082544187 0.1449270107360982 0
0.5694827862919358 -0.08949508376037886 0
0.5745356816361049 -0.08935948098902881 0
0.7766990850487532 -0.1742694617745932 0
0.7867068954506747 -0.1692970531545023 0
0.2568920407980008 -0.09426501603182469 0
0.2594606052195282 -0.09895810636562692 0
0.2622300405627856 -0.09474630409748162 0
-1.355551484360656 -1.283182880793463 0
-1.513105003520882 -1.069721622187059 0
1.313005916140118 0.04860341722604487 0
1.332415155853893 0.08103662640275303 0
0.8783906085754514 0.6118458088134705 0
0.915828150233118 0.5536906680205571 0
0.634739646718594 -0.1828033679557951 0
0.6471598846677254 -0.1814766652729697 0
4.399946643198493 -1.171634075950301 0
4.210755162072482 -1.047489359455228 0
0.6636121728591073 0.01368676359728947 0
0.6619262722387981 0.007958387590303876 0
5.134302397296457 0.7042364476517575 0
5.05601598669083 0.4685274677171076 0
0.6596511820398623 -0.179067762313253 0
0.6703445836212958 -0.1766897067064006 0
2.921385520747068 -0.5302853726011187 0
2.96096897881689 -0.4998824479888888 0
0.1413064220045805 0.08355974388741735 0
0.1404360390063492 0.08831717604123286 0
0.136534356866001 0.08450676574297383 0
3.020511228488838 -0.2200448056147847 0
3.02146823846311 -0.1738530093947043 0
2.976113941228723 -0.2026925355877449 0
0.4069154554862151 -0.1962094143028425 0
0.3881536520667919 -0.1958408161809017 0
0.09510663158280533 -0.1146652663384145 0
0.08365930419915209 -0.11327597507217 0
0.1334990069386124 0.2173797222374972 0
0.09038683861883691 -0.07368338132775817 0
0.08838532597943934 -0.06879278173689546 0
0.08512817194720458 -0.07275772329126505 0
0.3182671256107933 0.09750832577257237 0
0.7909523655446506 0.2151098651778523 0
0.1938882875937816 0.09438101828849522 0
0.1899101522378817 0.0981925054030356 0
3.95177629585828 -0.3659369357849256 0
3.925167437311236 -0.3205397996662793 0
0.6031599388795585 0.03071196902082061 0
0.5991014923575351 0.03422063340113182 0
-0.01088130974669038 -0.1145479318983217 0
0.994611771058211 -0.09889381034158182 0
0.6013464294451776 -0.1455450147538213 0
0.5955190619681571 -0.1402196975756381 0
0.3166234795076376 -0.09187691895502149 0
0.320136301096238 -0.09497375013014571 0
0.3694632480942658 0.05786593443905465 0
0.3731046758942763 0.0617924829588966 0
0.7440250741436621 -0.09162548966443759 0
2.081415213670311 -0.6230996750605542 0
2.113195214220249 -0.5871450872894541 0
2.032358586627089 -0.60248301887401 0
0.7472573950595014 -0.1337265784917018 0
0.7508870752527267 -0.1383738438778052 0
1.104650798525101 -0.07561627222803562 0
0.243554983768858 0.1195419727934368 0
0.060828040274872 -0.07301354193867443 0
0.06457833641980107 -0.06912476237827701 0
-0.1833275491230245 -1.14372843161444 0
-0.282174392110806 -1.311996606893861 0
-0.1043419072273305 1.737965086845584 0
0.12226213534422 1.711896927307194 0
0.5964455178119594 -0.3275705568376911 0
0.6165141494433949 -0.3039993484656335 0
0.5811660942279649 -0.3044189909452274 0
-0.6647296934468394 0.4327798506353914 0
-0.6980594834678149 0.5459131249380366 0
-0.7699178982429067 0.4702630232500251 0
1.540913116816578 -0.6423235037114512 0
1.592631433090585 -0.5937037294713404 0
0.8994982901720128 -0.08304930612103667 0
0.8973287870528704 -0.07871298435886873 0
0.8948030882215225 -0.08336720065760531 0
0.5798003631802719 0.03440846710004856 0
9.936395156186846 0.3458637059001102 0
9.594954450870478 0.562710595518892 0
9.609810576147302 0.1085743014281652 0
0.1334414958288033 -0.1640563448000727 0
0.1173069967911619 -0.1605124059179043 0
1.058979727659683 -0.7106372808160131 0
0.9977909787534227 -0.6492602968597837 0
0.5571272205439374 -0.08463719546466701 0
0.5541242213743308 -0.08927285961983916 0
-1.6266546251794 5.278772017882723 0
-2.061342390481967 5.489489575002303 0
0.09830439419655775 -0.04331783546047581 0
0.1852937513518593 0.1276285457794472 0
0.1807510705865118 0.1210146025104868 0
1.004113050947564 -0.02531367741202665 0
1.009612589149922 -0.02486033429254517 0
-0.1442439854961263 0.01036163878357341 0
-0.1640053236766902 0.01169164616321627 0
0.9642054871707073 -0.0824355352785026 0
0.9677449864629151 -0.0852912199630865 0
0.9669654287070842 -0.07982104750905286 0
0.4623923688961834 0.08588209390295623 0
0.4602510621986059 0.09013872130988647 0
0.4579969107519652 0.08509757343786251 0
-0.1236951642273748 -0.4214293323991119 0
-0.1104110380380215 -0.4645238274468645 0
-0.08579209848339078 -0.4269698524551626 0
0.9180800963222595 -0.1119296038665437 0
0.9128431881310264 -0.1140077070870747 0
0.7090803219520081 -0.135318839365151 0
0.7009480943670243 -0.136847366760322 0
0.03024896616795847 0.0692999852065334 0
0.02511818767595272 0.06984202749875251 0
0.02751186579319649 0.06520053843638288 0
0.4664830721919228 0.7594544399671812 0
0.4139305037220614 0.7920585593612539 0
0.4002641566006354 0.7192533559628493 0
0.3225499072139866 -0.09958773234226111 0
0.04997869769457018 -0.07100452574866802 0
0.04804897237968875 -0.06611064866250398 0
0.783635509172548 -0.1201580298189201 0
0.7821425517966087 -0.1255712451763349 0
3.509079337332413 0.4161471134637532 0
0.4416417616184901 0.6202775659506981 0
0.3856103938951457 0.6596814116297034 0
0.4269563960716654 -0.07991993144619763 0
0.4235078386922243 -0.08460642502744491 0
0.4285616709520899 -0.08436092918676567 0
0.8479717453120701 0.01971745533841193 0
0.8484057594979193 0.01452204962893583 0
0.7813707252867075 -0.09297599423259889 0
0.7802411187543477 -0.09823193232537525 0
0.7852118129714912 -0.09616852189192709 0
0.57148793778545 0.06326451852382994 0
0.5766488183400615 0.06165667195601014 0
1.017591227479597 -0.04282593626447648 0
1.016563658114906 -0.04788958654815215 0
0.1036772847620965 -0.1164478520384448 0
-2.004998843914154 0.5890242881905925 0
-1.938462551135104 0.8671686747667613 0
-0.01311116110605967 0.08158994411567286 0
-0.01192645607475804 0.0868997720004315 0
-0.01748937031036974 0.0866537278354871 0
0.3180379079748563 -0.1135539100675945 0
0.3213263889280091 -0.1093637337363324 0
0.4876352068377307 0.08763921196362612 0
0.5135063547461179 -0.08781273862972214 0
0.5084747385289572 -0.08752845897086273 0
0.5105362890196513 -0.09192453726895185 0
1.008284125265205 -0.07360925410555559 0
1.005363994607786 -0.0778617379992125 0
1.01102420113708 -0.07773969191678087 0
0.7264829199906875 -0.1235326658619753 0
0.7240310720479912 -0.1294185927292385 0
1.039859645986222 -0.03454181504195936 0
1.034561036609977 -0.0347051892386657 0
1.037788314636841 -0.03940335705820201 0
0.7859219669842583 0.03763916112456223 0
0.7923480217784665 0.04114385310609507 0
0.2104182516493066 -0.05860902409882782 0
0.2054979999753347 -0.05795549574682841 0
0.2075622924230749 -0.06191127244927692 0
-0.5472515909841896 -5.38392127869826 0
-0.2779527832153596 -5.05895560217501 0
-4.980539886723459 -1.009561826589192 0
-4.585524269670255 -0.8186130421304565 0
0.09348561507082027 0.08058806800047177 0
0.09505091752927095 0.08595514696126966 0
0.8764992748995759 0.0109634399183741 0
0.8777938286480108 0.01651802269183818 0
-2.68975868533344 1.840995203766572 0
-2.471570124483316 2.17004589362516 0
0.6393868964393457 0.02879610016453391 0
0.1751804400914368 0.08425324998334355 0
0.1597430609028547 -0.1350269282680589 0
0.1711899049199129 -0.1360031849979001 0
0.6401104695162493 0.2555251410406961 0
0.6446031840160866 0.2229393009121266 0
0.2479309508634447 -0.08511579959754506 0
0.2437267294142155 -0.08764380382363637 0
3.823525057479381 -0.3249857243389102 0
3.798269644634265 -0.3713300349618514 0
-1.397377960410117 0.5973991094770733 0
-1.202834714241003 0.6203333881166812 0
-1.328121018927083 0.7913500387509151 0
0.6734611608131458 -0.1099577843927381 0
0.08149884822175993 0.1000441054857122 0
0.08489552252970453 0.1043175343137543 0
0.973816506679981 0.005155958821124295 0
0.467703273939823 -0.3191323660625644 0
0.4955402979790364 -0.3126283385714119 0
-0.2613989184603054 0.8478567918205391 0
-0.2721588077793033 0.7360418191072833 0
-0.185944123617353 0.8075387465349394 0
4.005873933846607 -0.3662689159806278 0
3.981330242243101 -0.4145030927546562 0
11.32275318540445 -1.220245766382759 0
10.95626938754338 -1.088673030312285 0
3.786077726780491 3.476816047199716 0
4.192192400285148 3.442314998890478 0
4.022617527033748 3.806650522521418 0
0.7363837457028284 -0.3324324437081952 0
0.7600670449452367 -0.3499143690263393 0
0.2013816833328055 0.6365713350025606 0
0.158900885390623 0.6458136384147182 0
0.181418072265997 0.5703542991939461 0
0.8568341357286129 0.08019330504975854 0
0.1965805928011138 0.1671161510859861 0
0.0310310917314593 -0.02454988131535383 0
0.03560140249361399 -0.02670493670081844 0
0.4893456825454963 0.09428560741751604 0
0.494338624308582 0.09053542009428073 0
1.417404633874082 -0.192955994181163 0
1.374037742812036 -0.1703733708882752 0
1.369964414049949 -0.2214859272230687 0
8.310340839120443 -5.644197841142128 0
8.10656139520008 -5.260805880287974 0
10.27907282047744 0.1270848843477288 0
10.26421669520061 0.5812211784384556 0
1.037306510101267 -0.07091728803982394 0
1.039834842393212 -0.07581176890277296 0
0.2423191892942432 -0.106287194482526 0
0.2398768096427166 -0.1014962007065268 0
-0.7610689569787054 -1.465425254346612 0
-0.9240700684876534 -1.264314011538581 0
1.0337515981796 -0.04880514735040185 0
1.035698306144627 -0.04410200590191746 0
0.09179902255849381 -0.06497460266287464 0
0.08654035588686149 -0.06404894462638151 0
0.3283634048422175 -0.2049283756338901 0
0.3075897163523734 -0.2046649726998898 0
0.8098796037794209 -0.116741918799948 0
0.8054346056525871 -0.1134329448698929 0
0.4254991980315207 0.211977962381962 0
0.4172106794054447 0.2334715927978794 0
0.45237028453862 0.1022305748759602 0
0.4393723270721348 0.4134141618448003 0
0.2404369927307172 -0.09167585915549473 0
0.3653916146438831 -0.09626246441498498 0
0.3595943889713987 -0.096189644479888 0
0.2038329516088222 0.221221655260064 0
0.2009707109803185 0.2445542766091515 0
0.7098502483285452 -0.0882593650225058 0
0.707909694736284 -0.08366300532318713 0
0.8750929967455314 0.006039752002941755 0
0.8802306260222894 0.007315695788228599 0
-0.3089137396415183 -0.08371284869019666 0
-0.2902265527258345 -0.1206313954092036 0
1.017856842599375 -0.02021281028926129 0
0.4642473572675703 0.08263472229104664 0
0.466501508714211 0.0876758701630706 0
0.9604399119619936 -0.08043356496164469 0
0.9612194697178245 -0.08590373741567833 0
0.9209000744758991 0.02972915862168482 0
0.9168876153232679 0.02388640394956065 0
0.926812290822363 0.02510213117162572 0
0.4638660299849189 -0.0974764129791027 0
0.4619517321819409 -0.09321421725518503 0
0.5064902165721008 -0.08309256181661577 0
0.5035201508456342 -0.08720436045584548 0
0.4536829901484336 -0.3413756078541513 0
0.880982942972113 0.1597809955747665 0
0.3979746967188565 -0.1174819678266548 0
0.1335826140515474 0.1223433083128459 0
0.1396568545330378 0.1207082271858767 0
0.9242171970074593 0.03914952300636071 0
0.7046196976620163 0.06856748154925263 0
-1.5646569980734 -0.4369069009065647 0
1.25577405174848 0.01929897452568602 0
1.240156441032449 0.04763720023792349 0
1.12199163438252 -0.2713162672780375 0
1.14777402119927 -0.2658630760025064 0
1.138276824382356 -0.237687522928214 0
0.7684341845316105 0.002860263723998906 0
0.7673528161827188 -0.002355694387240506 0
0.5267181717344953 -0.08377151788007298 0
0.523617794376389 -0.0881312337017485 0
0.1664450330198102 -0.2530276400655094 0
0.1911185933789211 -0.2526200314003971 0
-0.1189390255466056 -0.05754227752925021 0
0.472927767051559 -0.1160870764303896 0
0.4757870406892837 -0.1117147617318514 0
0.3725900375270028 -0.1190046189158697 0
0.3761152518329482 -0.1149883816927539 0
0.3706802985378652 -0.114393123047539 0
0.08583139899988138 0.08790189488292033 0
0.09033098802792622 0.08839874635683528 0
0.08593712548316021 0.09182665882943959 0
0.743993281750554 -0.129638595766793 0
0.7424831763585267 -0.1350901296011776 0
0.3318258672966344 0.1129156848404872 0
0.3254187039769272 0.1126450005331609 0
10.28763331267993 -0.291443036363104 0
0.09540304353718418 0.3098295202580916 0
0.1091606664758586 0.2775103512879051 0
0.9153902542651238 -0.128933017567364 0
0.9135624392365994 -0.136860566441347 0
-0.2518513299264861 0.5120357926767763 0
-0.249650725639699 0.4568522327324205 0
-0.206981142008223 0.495712267779006 0
0.06670716862637466 -0.03900037307092424 0
0.06373884297630542 -0.04380844478543516 0
0.0128719654060939 0.05708339326535569 0
0.01038791780962853 0.0522231271768148 0
0.01492310607015388 0.05255393806212298 0
0.1496113709287469 -0.07809736940988782 0
0.2511811807752431 0.1228475788165968 0
0.2460936790456969 0.1266555123420554 0
0.9108466384916869 0.1105102677876136 0
0.9011421197522063 0.09514604569471088 0
0.9196993233363639 0.09986779055427716 0
-0.06354329590480945 -0.1336012617097785 0
0.5662217132211464 -1.272503260954021 0
0.5445144706374248 -1.109896081729575 0
0.4220635188657185 -0.1947380946252467 0
0.3153830152774332 0.1292725551644983 0
0.315413148879524 0.1359366420201035 0
0.3087416928408722 0.1347840972825675 0
-0.08915763763939806 -0.06750930840088135 0
1.109472536038369 -0.1262264467895186 0
1.096662260344578 -0.136627896831427 0
0.3423582257052944 -0.09790216355367243 0
0.2537439835328974 0.1169975987028972 0
0.2556820589823826 0.1389599905812066 0
0.2644062581180556 0.1434471483182965 0
0.9192736987852815 -0.2286653546749229 0
0.9334363159362927 -0.2136806550031359 0
10.6120467672189 -0.905734006205458 0
10.96823796422067 -0.6575525086424183 0
0.6282057785896233 -0.2771165920140553 0
0.6386468329086112 -0.2592629452824659 0
-0.1897379785723217 -0.676299037678335 0
-0.2002255602844415 -0.5827300795062944 0
-0.1726505556539344 -0.1859258328761793 0
-0.08184169694870796 0.07036512939964419 0
-0.08590583985203537 0.06070637365068897 0
3.932348161809414 -4.337515566966655 0
3.503686122605872 -4.423772751159131 0
0.3799578945323679 -0.1403047073779853 0
0.3729317550701435 -0.1430183617582423 0
0.3780477296106161 -0.1455265727673841 0
0.8454028316193579 -0.01815717414774379 0
0.8401578986690221 -0.01789099278967632 0
0.004061399242277774 -0.02036760442457573 0
0.005621430336416746 -0.02560624733622617 0
-1.003884453378611 -0.5706147116217244 0
-1.06994178220048 -0.4667403899024425 0
0.1633747691329064 -0.08875939468217225 0
0.1016932256930325 0.1298360790087648 0
0.5650133989036533 -0.1744960667784998 0
0.5512102408352501 -0.1763677491809675 0
0.5239363288777762 0.05358098402361283 0
0.5246006845642927 0.04903288992658933 0
0.1940433207775187 -0.071360108807414 0
0.1917253449986019 -0.06729299125454676 0
0.1889473891656455 -0.0708414916336339 0
0.04116972978384804 -0.04183222047429772 0
0.03745980801101721 -0.04520194929235737 0
-3.286461640785112 -2.643800299324796 0
-3.425008832792142 -2.323587178777206 0
-3.682159694438226 -2.678052971260472 0
0.5311134388175685 -0.156459090775857 0
0.5304863244788647 -0.148450220395689 0
0.523786965650795 -0.156079141122339 0
0.3185816024116857 0.06319975132827571 0
0.3206969664904933 0.06770689130905824 0
0.3158926891303729 0.06792274968779181 0
0.5297615180173024 0.09655548580668326 0
0.5364818173683433 0.09294970180536345 0
0.0412192182558303 0.2934220593181006 0
0.01399984695944103 0.3150430721144332 0
0.8865126046019112 -0.1251151231449381 0
0.458354977886517 -0.08464459063017027 0
0.4568187947197215 -0.08049502268359905 0
0.188250569029852 -0.100598825608491 0
0.1913302771627745 -0.09644447740403969 0
0.1859604431563672 -0.09600136345757745 0
1.102454039966321 -0.1540025123110351 0
0.334410925078666 -0.8521401216038693 0
1.445473862617643 0.1056963712261073 0
1.483852298103165 0.08330055742495598 0
1.487673221235899 0.1344782280379287 0
2.880318850265409 -0.3548557843574596 0
2.925708150013535 -0.3828310737020701 0
2.932480655585602 -0.3304398653271171 0
0.08156599888647914 0.08673845105289241 0
0.08595986143124515 0.08331053858028808 0
1.014708291469944 -0.02487803242938587 0
1.020320436121584 -0.02495352329210986 0
0.1810337549208246 0.07511086117360719 0
3.064703167509737 1.008379805607254 0
2.935055487250311 1.099625752875875 0
2.910792662277236 0.9638187559142597 0
0.4210824886469776 -0.1760832278738862 0
0.4059344252674742 -0.177554547551482 0
0.4146252549341943 -0.1838792923690546 0
3.7117186619248 2.058417741387999 0
3.469928594792306 2.005254442631562 0
3.687058016506411 1.712002935506115 0
0.6064509275069435 0.208237633430679 0
0.6124494290277952 0.1887815193144649 0
0.625027251423026 0.2123328661777356 0
2.084879480437127 0.6487904745886685 0
2.138372332782159 0.5905639186981961 0
3.5276617103879 -0.5603945842795495 0
3.580106406684804 -0.5569505710811391 0
1.939694595631158 -2.25885182478999 0
1.653450133029495 -2.319096373861623 0
1.040996915520873 -0.04393863170521112 0
0.6903492071862238 0.05141062187877623 0
0.6965017989812895 0.05240927442802555 0
1.554584936782355 -0.01074344499479831 0
1.597762431908692 0.004183918454495283 0
1.568695131276242 0.04304449671797856 0
0.3229015847534553 0.07246285010760138 0
0.4671888957794694 0.05709248104891149 0
0.4620001644411585 0.05787672201996802 0
1.348450416234465 -0.0608386863057975 0
1.333171072982658 -0.1011900438429492 0
0.5929109903154721 -0.1359144455337294 0
0.5900281366820759 -0.130291048138015 0
0.02396415502730016 0.06221077083983144 0
0.0290949335193059 0.06166872854761233 0
-1.064914244822711 0.7081658476822819 0
1.048730550586814 -0.06207177113384035 0
1.055176732400032 -0.05997524752743435 0
1.051840257749901 -0.05524540556259749 0
0.9396433685153365 -0.01105568461890874 0
0.9450678661461217 -0.01022369742241282 0
3.252479950643552 0.3426281931151491 0
0.3337174432849331 -0.08227455533826432 0
0.3374100888630871 -0.08528320403481972 0
0.336883593783599 -0.07991746349924869 0
0.06903178614381861 0.1054603011272851 0
0.07134616394720536 0.1006729806277811 0
0.3663518632940035 0.05383593649474046 0
0.3613837074985606 0.0543893655445588 0
-5.116326674517432 -4.9951296709188 0
-5.166757600657624 -4.625287264814101 0
0.9502760973820403 -0.09513250430656886 0
0.9546421462171077 -0.09226407307056403 0
0.1968091994120367 -0.09702443616554904 0
0.1945190735385519 -0.09242697401463551 0
6.612011246213423 5.111066847978826 0
6.199777793953993 5.036016802559553 0
6.572248154805499 4.798074801435689 0
0.5022835165329242 0.0962076609888452 0
0.5074114130655613 0.1021424431565618 0
0.1976991542212615 -0.08833854004733764 0
0.1922202319719993 -0.08775858128582828 0
3.128809730002296 0.3405389983565307 0
3.159834415706443 0.30498875557435 0
-0.04571214525417536 -0.01734921807145184 0
-0.04319548770090907 -0.02074518970891133 0
-0.04276923416286434 -0.01463395047726697 0
0.6156290994078164 -0.2327895204973864 0
0.5967149569907857 -0.2293325687158375 0
1.284633508804273 -0.2189454835769251 0
1.287399629217415 -0.18385368360092 0
1.245435615033786 -0.2038958632476642 0
0.3190732851811548 0.1125515322319917 0
0.3125129789463722 0.1133571931230567 0
0.5343910706337044 0.08710152173153946 0
0.5405635582388091 0.09061697034051049 0
0.3865819450014242 0.0637160181617232 0
0.390357852945134 0.06731534798831326 0
0.06223058469063486 -0.05111068113811864 0
0.06758215030963251 -0.05203218853442602 0
-3.160889410048299 -2.964768202774153 0
-2.903738548402215 -2.610302410290887 0
0.486485846784007 -0.103410568290496 0
0.4842873479752975 -0.09892845291912353 0
0.4814974318335293 -0.1031744479152379 0
8.539521946015141 -0.4463579951194447 0
8.886993939293223 -0.6687820554834698 0
8.896528365140663 -0.2641745425421918 0
0.9924821862466831 -0.08314475741941806 0
0.9884180598791317 -0.08694813881121212 0
-0.08842766481346964 0.0500149853532539 0
-0.08988220246075522 0.03982945343395354 0
-0.08022967101212392 0.04375852193215674 0
0.5166180450595778 -0.1501282027655443 0
0.5202884259285261 -0.1431094517799144 0
0.3063579051050999 0.1134928173293712 0
0.300714165459752 0.1135976200540285 0
0.8425747588355608 0.02213241737613157 0
0.8373968094168964 0.02351461773693377 0
0.1990839582584696 -0.1016584520786491 0
0.2022727546342471 -0.09764094868924494 0
0.01771129252729873 0.04913884156013464 0
0.0201953401237641 0.05399910764867553 0
-0.007783027988619046 0.002706856314538523 0
-0.009641385629034188 0.007674307719544318 0
11.64782434571916 -4.618896882063247 0
11.64782434571916 -5.018896882061768 0
11.6321400074022 -4.220166248794681 0
0.3505902501313533 -0.1166118105095539 0
0.3482617703522511 -0.1118929185995004 0
0.7851038049606041 -0.1150912825505547 0
0.7798005986326438 -0.1164326127212568 0
0.8174321583097426 -0.08962038514306164 0
0.8173884175608235 -0.08489775837296799 0
0.8129838212563431 -0.08684419021085635 0
6.958533152789 5.200331973188467 0
6.586062791937494 5.438273974312331 0
1.649978590204948 0.02788875008978674 0
0.5124732363914459 0.04141238161418098 0
1.614144567946016 0.1046629864866892 0
1.571234083105437 0.1317182635214418 0
1.568962141562001 0.08502713720202479 0
0.4765535256909454 -0.0816173550970134 0
0.4733693796146987 -0.08558474683306336 0
0.478551956535692 -0.08592852246885033 0
0.6791100134569474 0.0141056995227657 0
0.6752186818732169 0.0141471494204486 0
0.6770960048898234 0.00943532248446579 0
0.7866467486190137 -0.1098921814886546 0
0.7880534046282295 -0.1049214787545607 0
0.1979299640002879 0.118353345130184 0
0.4887715083066411 -0.1079333113921435 0
0.4915614244484093 -0.1036873163960291 0
0.813504985488777 -0.1310758013277581 0
0.4683085185563149 -0.0852619841081029 0
0.9839525851597013 -0.1652355949850563 0
0.3107887392484965 0.06806806960977016 0
0.3129041033273041 0.07257520959055271 0
0.1286027237370414 0.1230703722635857 0
0.1308160212847383 0.1169981305768127 0
0.2236599623089066 0.106416179966399 0
0.9490972902933084 -0.2271108481376173 0
0.6136835608888113 0.07273814121936052 0
0.6172677753168125 0.07910223139185082 0
0.6506016855369383 0.2034831867959125 0
0.3490297181962823 0.0629993385972258 0
0.3488005057635136 0.06840820639709533 0
1.425521903955373 0.6944284564308384 0
0.8148562814120708 -0.1143772569555666 0
0.2098476919148264 -0.06579355845514234 0
0.2049274402408545 -0.06514003010314294 0
0.8475159867545489 -0.3411186565636101 0
0.8726349650306731 -0.3530927992571734 0
0.8609677695194069 -0.3162590972419992 0
0.4601403597774378 -0.0889130866568635 0
0.4634607064517571 -0.08498189272828616 0
0.4676833138882628 0.1681190959100564 0
0.4625793697639502 0.1824991762092292 0
0.3429899417799292 -0.1113275058239504 0
0.02622456509460006 -0.02230079536756649 0
0.03064508386642915 -0.0197091608459583 0
0.6061926646593829 -0.1464262164669341 0
0.6050953736505871 -0.1392120218484911 0
0.04633025566111888 -0.07528030144600029 0
0.05175745011066019 -0.07624259905754885 0
0.6303297670867358 0.1786339415217923 0
3.611892651526892 0.4343153083793426 0
3.629121635873242 0.4872334065860711 0
0.03971761669446602 0.3451616877589208 0
0.09832070335405342 -0.05698331314614916 0
0.1033789659505247 -0.05799416312595716 0
1.748236581881562 -5.367187923083166 0
2.01066998671525 -5.039823652576356 0
-0.4115833728441167 -0.2715124654413508 0
-0.383357888443006 -0.3157712458555974 0
0.1020306814244897 -0.06664740604327882 0
0.1072133033791491 -0.06755284099084113 0
0.1052370080241256 -0.06274329772771503 0
1.042801698766003 -0.06199352487103439 0
1.083869734507236 -0.02371043804233587 0
0.0462218830034716 0.06055254350220217 0
0.04162216427159426 0.06251484291735315 0
0.8747915560902924 0.06348981987009721 0
-0.1089487763266307 0.7219059871774789 0
0.6671350362944707 -0.08632853799824403 0
0.6668832567215683 -0.0825237910177767 0
0.6627524409870453 -0.08520280543769501 0
3.66954988993529 0.8952338025191522 0
3.831219906573311 0.8791696153143415 0
3.771066307101434 0.981012751301968 0
-0.001272840508380557 0.009563047825466658 0
-0.00255955746441699 0.003968454006220786 0
0.08473404863843505 -0.0592952469053324 0
0.0881645143884693 -0.05524682298807632 0
0.08294451056098839 -0.05431130434104804 0
0.05014139480280951 0.05719400982724381 0
0.04527668615280709 0.05517661678705604 0
0.8905489694832998 0.04913554812502868 0
0.08190066173142241 -0.07676723082896467 0
0.07989914909202483 -0.07187663123810197 0
-4.0674384471096 -2.70588658751121 0
-4.260896923465768 -2.382821211273021 0
0.5759202400579404 -0.1031917576994471 0
0.7182889665892467 -0.1883001971986682 0
0.7211260996685852 -0.2027842259219244 0
0.7307885147482088 -0.1955384297273367 0
0.328809803675105 -0.1144684773361963 0
0.332189511054178 -0.1102217708032489 0
0.3268372005352456 -0.1098457419492158 0
0.337549308282306 -0.1107583952545183 0
1.214649904849884 -0.2629660461436492 0
0.2992639215508636 -0.09359806269681209 0
0.988290557981321 -0.1093866802369228 0
0.9920950173150369 -0.1074997846709244 0
0.9877962244478287 -0.1044129667828612 0
4.41828670333034 -0.06451738734902002 0
4.454607802577599 0.07277571971678276 0
3.011628516311588 -0.2671083274884094 0
3.056982813545975 -0.2382688012953688 0
0.2076246281416447 -0.09822485623293399 0
0.1502234415621943 -0.1090783465392539 0
0.1551069833496826 -0.1087787385071565 0
0.1509469114509339 -0.1041712468996932 0
0.8122980002475217 -0.3215955487875573 0
3.008063496413131 0.4263628357251376 0
3.04090853221103 0.405748037787473 0
3.052732782933751 0.4606933805492483 0
0.3257737270371728 0.05812910023954278 0
0.3207975841686094 0.05860538105595691 0
0.2953797582693219 0.103647906584011 0
0.2979957590896685 0.09895481240889271 0
3.214600749039107 -4.194952657758872 0
3.303484273524644 -3.816934568176513 0
2.901578218951911 -3.962117136576832 0
0.3396027476916607 -0.1154136167596616 0
2.884466676858128 -0.5839720723242243 0
2.809198688993584 -0.5498982347138506 0
0.2106424882934387 -0.08504049338593442 0
-0.8205038344591131 1.31242572624712 0
-0.7991011376237855 1.120824918055633 0
-0.1365360346038868 0.04900230293035386 0
-0.1190009222852765 0.04990268929942122 0
-0.1324313762222221 0.05948323087706651 0
1.004858752593743 -0.5264994897349653 0
0.5490894213599835 -0.08912698925469408 0
0.5471349742242474 -0.08435707354432562 0
-0.0751619141273465 0.3588353063058713 0
0.2157724320379106 0.1546490405443522 0
0.4137267170565541 -0.09642213400837163 0
0.4169584617932304 -0.09247892542307465 0
0.2316138100685617 -0.1050871113899917 0
0.2343982970031648 -0.1009303714694913 0
0.2290797791347257 -0.100269986277673 0
0.7107613121060937 -0.09264709311118607 0
-5.33829867189321 3.558888245873026 0
-4.990243275956667 3.341595865782025 0
0.4351174192280116 -0.1102654217518002 0
0.5369788811419356 -0.08401651084142811 0
0.264627265542992 -0.0903491374750246 0
0.02910396683206565 0.1136212691953702 0
0.0342282764421596 0.1082621069136357 0
0.7605469472391657 -0.1352960789941276 0
0.4256081077609844 -0.1012801649257764 0
0.4277529205000318 -0.1057128388694623 0
1.337210333756341 -0.1626265737896574 0
0.9412455738245719 -0.02009206643409808 0
0.9380849460055024 -0.01574189023138423 0
0.9364916896729929 -0.02098351843770783 0
-0.005764348078823619 0.08722042222842644 0
-0.01014255728313369 0.09228420594824069 0
1.108298716776447 -0.7431169592288885 0
1.097261221433893 -0.6485097002233464 0
0.5043135687948914 0.1185242557076285 0
0.4963331017244099 0.1208751063697695 0
0.06006014863099948 0.0957078386461168 0
0.06512608104051368 0.09703373906304592 0
0.4344253745706396 0.05848345367752895 0
0.4377050714254324 0.06248481386960357 0
3.079241335376445 0.3960985615608255 0
0.4836081043352943 -0.08619220213325796 0
0.4804239582590475 -0.09015959386930791 0
0.3071614010048109 -0.1124131769716133 0
0.304815183959255 -0.1077217579205542 0
0.1438078410720567 -0.1102511298735768 0
0.1410526558624842 -0.1041879083450825 0
0.1387971272710953 -0.1099681832868687 0
0.4802733754649576 0.3126850152048147 0
0.8766605538763845 -0.1316086532319856 0
0.5648537264174589 0.379808078218623 0
0.232429192962359 0.1442669362014222 0
0.02998803159938939 -0.01475410594041174 0
0.03479455823624863 -0.01700319188819908 0
0.2430059259157213 0.1014779617722556 0
6.413664207537033 0.7869856215208688 0
6.063988007228698 0.9657679489116817 0
6.09540451687106 0.5696974922920363 0
0.08132035205938057 -0.06311342597935324 0
-0.8120168525719986 -3.782386730978548 0
-0.4599017804801733 -3.990603417792208 0
0.2531702555191814 -0.1073058652558372 0
0.2563785329208103 -0.1031308282142012 0
0.03524846019981698 -0.07304784589412178 0
0.04068150900292568 -0.07423005357684606 0
0.4332906334965487 -0.08409365248195171 0
0.4298420761171076 -0.08878014606319898 0
0.7090587525323433 -0.2116896559834888 0
0.7215583006913056 -0.2189278885121573 0
2.058527772301256 -0.7094495681528671 0
1.960288426805968 -0.7107292474742226 0
2.018237613030072 -0.7817412089819795 0
-1.689616049536627 0.7228449694941972 0
0.3297238196500617 -0.08008442714888031 0
9.579606111827598 0.992198048320271 0
8.547448664182586 0.3705035879457983 0
8.908713121346757 0.1418353544343902 0
0.2237043459753481 -0.09973932571604677 0
4.261761051290587 4.142421210348752 0
0.209984576264313 -0.1028498121282346 0
0.2130616909252778 -0.0987997037588236 0
0.499223888917108 1.110642351836868 0
0.573819131576541 0.9727696740118973 0
1.000235255350118 -0.01179665292884615 0
0.9979935550155045 -0.0170018839194097 0
0.2855580728867855 -0.1102386357363012 0
0.2892216090492301 -0.106234890424996 0
0.2838387718716405 -0.1057586613514723 0
0.0714609136409376 -0.07497319964646694 0
0.07485151272444054 -0.07097401110201468 0
0.06964078748913546 -0.07006107197268002 0
0.8996191594379337 -0.02647089601479607 0
0.8959810929610537 -0.03013364948607195 0
3.593843677225788 0.3866398417489832 0
3.645791212711384 0.3950720824010219 0
-3.558571205058229 5.105106977622588 0
-3.189278293834958 5.202429716745302 0
-3.5824757407463 5.423921299285096 0
0.1140445061150272 0.08193893989212861 0
0.1120734441763985 0.07716415529223142 0
6.000293545884279 -4.094458390561896 0
5.659659879220035 -4.261443375888117 0
0.9344314968929519 0.001809081560932545 0
0.9327468826324146 -0.003552489322862386 0
6.34253793587016 -3.92866160161551 0
6.028024580849889 -3.686053357150799 0
2.931124143545963 -0.2756744538951659 0
2.976513443294089 -0.3036497432397764 0
1.259717094257102 -3.595990831367641 0
0.886488541418625 -3.404544218490899 0
0.3058951398011598 0.06827261130675305 0
0.3088837256042287 0.06362015140399216 0
0.2995820573836033 -0.1072036904745035 0
0.4503665838568348 -0.1106608494793603 0
0.4480774951061621 -0.1058338587765071 0
0.992888600741334 -0.01767117464770902 0
0.9961406672688498 -0.02171329639379959 0
-0.07467289878490446 0.03933057910045006 0
-0.07321836113761888 0.04951611101975041 0
1.104116264011804 -0.4296301830707884 0
1.148039621833673 -0.4120001827068948 0
1.108643188407339 -0.3821489825794677 0
1.103020878204537 -0.01639982190261474 0
1.09413841476995 -0.02825375308742784 0
1.108137551140197 -0.02919210099216898 0
-0.05137965626130549 0.08908252624629003 0
-1.855057706506552 0.1826031798098549 0
0.21826751939926 -0.09923829244402217 0
1.0055993309958 -0.06983075802914025 0
0.3814280156037712 -0.1156789332192727 0
0.2904382038411883 -0.1389611633538746 0
0.2820512896606731 -0.1363102364811652 0
0.2845183980149811 -0.1437232439312978 0
0.9555433794700643 -0.3524471412693368 0
0.9473158119085752 -0.4017113244248869 0
1.022954487642541 -0.1248294431261739 0
1.019370128231696 -0.1209434910953579 0
1.019236855664785 -0.1285174877349533 0
0.2208584656240343 -0.1039256929261489 0
0.4380344370867964 -0.08463651140672193 0
0.4396926770479438 -0.08886215387042526 0
0.05759876386144917 -0.0339095462571788 0
0.05884120960177713 -0.02982928894415408 0
0.6299175483059114 -0.1300422732675273 0
0.6297819282244107 -0.135503730139257 0
3.421382813834135 0.3891356904460904 0
0.2942002728077499 -0.1066556317343155 0
0.2525332966270655 0.1062147565837363 0
0.251808148762969 0.1012345172707707 0
0.2565898883328903 0.1035964814273759 0
0.8165340246010857 0.05567079130156566 0
4.471576182509054 -0.9486305928751344 0
0.004955021544997748 -0.08074603794909718 0
0.001223190631569957 -0.07415632445466067 0
0.4465691280466945 0.09767902100893348 0
4.320819058595065 4.86481521734682 0
0.820739976105355 -0.1791583682792108 0
0.3484266367847194 0.07773052429101188 0
0.3492889476968348 0.07268642059051271 0
0.8062985394963338 -0.1083092845655503 0
-1.134171186305746 0.51421491840844 0
0.2617165326855951 -0.1036121162798582 0
0.3893813901130606 -0.1811464542450729 0
0.05728352934203838 -0.07711036246844272 0
0.0627056774727989 -0.07815708104690057 0
0.2783888028514072 -0.1044980911320846 0
0.6739789763798253 -0.1249877369257529 0
0.6794925295196559 -0.1251710074051925 0
0.344881741171668 -0.1714741862612743 0
0.9954030411912768 0.001134316087096321 0
1.003667774871207 -0.0001232484092338541 0
0.7301839711055566 -0.4647834700320387 0
0.6840539661814509 -0.434166912905236 0
0.4865142317112007 0.1225940282073169 0
0.4771509065448468 0.1230257059330948 0
0.4809806337743047 0.1141847589336636 0
0.7753223795236213 -0.0995809731773911 0
0.06796893550330402 -0.06512557383382475 0
0.07119793462693336 -0.06133467310935188 0
0.6965787663076485 0.2056802669558985 0
0.7230437521601792 0.2250932109854775 0
0.493251778150836 -0.1171531346866137 0
0.496099756634565 -0.1127948592234038 0
0.4909991074873145 -0.1125683349608864 0
0.6667633785499536 -0.09018274380487096 0
0.6708941942844766 -0.08750372938495266 0
0.8535529094137092 -0.002856805338097928 0
0.8511866305355326 0.001355588218955206 0
-0.5100088558802056 -0.32741307018645 0
-0.523915867165159 -0.4035004261961419 0
-0.4544691688404535 -0.4014845313390619 0
4.158247181576631 -0.6062799353622284 0
1.079256232730503 -0.3710342493920197 0
1.069113575536429 -0.331001600967139 0
0.6001470110187439 0.02655969946513272 0
0.4236172302539925 -0.09683740493553275 0
0.4206931332032406 -0.1012094788540654 0
0.9225110553273517 -0.1091798693969952 0
8.193612917562962 -0.2299414773614974 0
8.184078491715523 -0.6345489903027755 0
-0.0463771697159422 -0.005464513993817387 0
-0.04152931565087566 -0.006933069471384894 0
-0.04262059365068722 -0.001159604625394806 0
0.7336118756861914 -0.09878282123822871 0
0.9271219171425286 -0.1570373194492735 0
0.7785125744371898 -0.1366630270450638 0
0.2963226946402284 -0.1112629235500128 0
3.219148325055133 2.084472532335992 0
3.194487679636744 1.738057726454107 0
1.995581346321545 0.7721071034397589 0
2.025706042320473 0.687036882998517 0
0.632087812579573 0.09300291568428852 0
0.4673738530642803 0.1243841524662536 0
0.4563805997755044 0.1254224699546707 0
0.2195028168069277 0.103401580916144 0
0.2244164343497013 0.1010714202233731 0
2.025005070016704 0.6018008903528957 0
0.8237708778359392 -0.1198969075811597 0
0.8283050259477263 -0.1174786974459502 0
0.8237529599845388 -0.1148591247462583 0
0.908065118910262 -0.1690248736304399 0
0.3971742963222002 -0.1040371145824913 0
0.9838613108420693 -0.1102004102069439 0
0.9881601037092775 -0.1132872280950071 0
0.2529787608476954 0.1121553800041599 0
3.976514756841272 0.1675691330945013 0
3.92569248289028 0.1641832555159951 0
3.95562402527617 0.1212627377619969 0
0.1428346971538092 0.07910958197844808 0
0.1467363792941573 0.08291999227670711 0
-4.410731465976657 3.828581834110935 0
-4.488034339907738 4.202833337875285 0
0.2901147311476345 -0.09290700827227988 0
0.2747966349916814 -0.1092512204260992 0
0.2730102021338927 -0.1039869048954063 0
0.518602843259241 -0.08791064925314949 0
0.5205828563539601 -0.09242940137641026 0
1.02984083764828 -0.03491168277922647 0
1.024250345930565 -0.03530601765776204 0
0.8448734525568345 0.0001655924937462921 0
0.8472627679013532 0.003394857488869573 0
0.264026247330522 -0.1082624361589267 0
0.26710831962924 -0.1040897143103524 0
0.8881215912390783 -0.1811746550802078 0
0.446292939243112 0.1266628803343051 0
0.4364295597137693 0.1291173359387014 0
0.4374535478747076 0.07624921306686315 0
0.43426792806376 0.07242003744823687 0
0.4391062753206639 0.07115728681882105 0
2.971296210520667 0.4616708235438215 0
2.959471959797946 0.4067254807820463 0
0.594949871561405 0.06332288955697668 0
0.5946257597466897 0.0688264485370948 0
2.077014718915137 -0.5296993966999589 0
0.426762900927495 0.130955192012054 0
0.4174502131841822 0.1325864297923497 0
0.5295125530545013 0.04816547932486817 0
0.5254832745544658 0.04461475657449198 0
0.3457253575282079 1.706833188175416 0
0.5687925079045855 1.729221065010665 0
0.3947377732370242 -0.1213776799195667 0
0.3923691609302939 -0.1167992774786892 0
0.8498538804039781 0.006270759681545319 0
1.090201333674644 -0.09402839378079814 0
0.7541593814449961 -0.004557664221604679 0
0.7569500551943431 -0.0004370799110399379 0
0.7520437120071595 0.0002479128081355007 0
0.7066741046209086 -0.2482712239558831 0
0.7274474914216486 -0.2394114128450127 0
0.4859235298229121 -0.1122915868553533 0
0.9820570901873817 -0.121656924199871 0
0.979068224248566 -0.1268755200734203 0
0.9841967354925777 -0.1265159853025268 0
-0.04747080916750698 0.06374936307325017 0
-0.04617986334106006 0.05666932848210852 0
-3.902372659751409 4.992662797139289 0
-3.509175212840067 4.771171214599494 0
0.3942363282030733 0.8639469396509349 0
0.3280174126117859 0.8237458556466029 0
3.075935446831454 0.4934787002077431 0
3.108780482629353 0.4728639022700785 0
1.758102861574093 0.5656791434786315 0
1.715617009015992 0.5413987875372046 0
1.762751266666289 0.5110849745726546 0
0.6977231059007669 -0.2178427691120073 0
0.6972909048780466 -0.2016991065217744 0
0.4080554203200403 0.1349571268890604 0
0.397705357554697 0.1363615539348715 0
-0.02143335645339057 0.1019737765403848 0
-0.0230617858547263 0.09582709426400474 0
-0.01467623587773238 0.0981102379966258 0
-2.613938829261026 -4.909701759183207 0
-2.997794181082405 -4.829066611956005 0
-0.04547120801567255 0.03268147959594524 0
-0.04069014320446576 0.03094022791550517 0
0.3305271522213969 0.3707656405768359 0
0.3036637864577556 0.370948274376225 0
0.3148741546898484 0.3325904028567342 0
0.7550580522988142 -0.1210663614291726 0
0.7598910636502381 -0.1205588556056732 0
1.040065422687951 -0.05763503223060532 0
1.037473045517271 -0.06228662793263622 0
0.8791540814321077 0.02129191738403929 0
0.5511028943823698 -0.09378816928708 0
0.1099518026055035 -0.05031794614153527 0
0.1082038779997022 -0.04542956208790692 0
2.372316975151547 -0.5461026191030676 0
2.386487445387587 -0.4916222529058119 0
2.33108711405406 -0.5161353299977982 0
0.09684918936026893 -0.06577815127677064 0
0.09882548471529244 -0.07058769453989674 0
0.5165074855388949 -0.1138677364406199 0
0.5216734000602861 -0.1141003678580025 0
0.5193375551272137 -0.1096095812063315 0
1.046597138667631 -0.05261380054602415 0
1.05304332048085 -0.05051727693961815 0
0.8236251196010246 -0.1253069437889298 0
0.1085615879051841 -0.05889959807351949 0
0.53301405025978 -0.1428657570634999 0
0.5256875770930065 -0.142485807409982 0
0.4642408013657696 -0.1382317541027596 0
0.3869978431681356 0.1372445834528335 0
0.376887199686186 0.1384254584370435 0
0.380467898472452 0.1288541874814917 0
-3.92889125510257 -3.0260997080588 0
-0.391116547082254 -0.001949316620495689 0
0.9210896685042056 0.01348599598770464 0
0.9177264505455125 0.01766709339404468 0
0.1850168624073528 -0.1051644078304088 0
0.1903866964137601 -0.105607521776871 0
0.7613414227990163 -0.09828701211742234 0
0.7627253410538988 -0.0939008534366073 0
0.2548802914059133 -0.1412205902455445 0
0.2592516526803083 -0.1337351395249347 0
-0.03749979652957636 0.01597169061859499 0
-0.03378600736302252 0.01937169127205174 0
-0.03855764201021412 0.02091337037140435 0
0.120840745895283 -0.1460730516518958 0
7.569705505005176 2.686866636969619 0
7.782630676746983 3.066895046094924 0
0.5413270079603978 -0.15635764692419 0
0.69312176678278 -0.126897045287111 0
0.6868697976449718 -0.1285525917465559 0
1.236069064879363 0.2976178768295468 0
1.190862049888001 0.2777736525942336 0
1.229867476258595 0.2506331630139816 0
0.7285277145555356 0.05627007667018245 0
0.733567302596245 0.05330341105417859 0
0.9277485864932067 -0.004780653106259731 0
0.9314496107343837 -0.008489094793440358 0
0.4407532668622257 0.0663390226730065 0
0.4425376827779418 0.06149572534241529 0
9.25618511462484 -0.08058870592963496 0
5.702004192219951 1.848246393912356 0
5.396171813440292 1.949583481220163 0
5.410166946795263 1.564651688164497 0
0.524432074502351 -0.3346128122116189 0
0.5322056860732149 -0.3060057256770781 0
0.5580099391180198 -0.2990414644617215 0
0.1958703925389396 -0.1060736166654929 0
0.2013339477611499 -0.1066901291891889 0
10.25160267870619 -4.959966001826151 0
10.41425950981593 -5.342715347978178 0
10.62238392764656 -4.980440361460429 0
0.5633927307309349 -0.1614105924799085 0
0.3802890426859189 -0.1246293124972115 0
0.3858426659991068 -0.1251768685024698 0
0.3835786141352737 -0.1201474335663428 0
-0.01490161021913055 0.03121182108166664 0
-0.01964969741800434 0.03264300125130766 0
0.3666376809384412 0.139844366073871 0
0.3573414731216515 0.1413266450793269 0
0.5017941905238769 -0.7571671352175652 0
0.5497764991764983 -0.08000847517660944 0
0.5547750393784225 -0.08006738349907093 0
0.06809313276935743 -0.07905643076446656 0
0.07330385800466249 -0.07996936989380118 0
0.3914106449668427 -0.1257915197851516 0
0.3970161807554053 -0.1264742101331172 0
0.2315106908596564 -0.07234621445172526 0
0.2360980196297725 -0.07116770255468244 0
2.873134344829781 0.4205433073764078 0
2.878707281213199 0.474271535026545 0
0.9364009769874593 -0.1179396849898068 0
0.9363933172800031 -0.1122811214761996 0
1.352072085743753 0.7371714332649999 0
1.32808162869078 0.6601216806419872 0
3.318062580512857 -0.02353330158251699 0
3.290952636399035 -0.05776849593505084 0
1.054677152445011 -0.0277586869946541 0
1.056409357049803 -0.02006169024062273 0
1.049339804045899 -0.02062337416852227 0
3.690019125697681 -0.03210228176278346 0
3.642243150027845 -0.0363637685434034 0
3.66806992432462 -0.07508572743948461 0
0.6483468157306169 -0.108832604280627 0
0.5950334016320381 0.05822015366955363 0
0.5994685235577668 0.06088076784058735 0
-0.1935013902015751 0.08210058570134454 0
-0.1789624054819191 0.06263775784247741 0
0.3519417514452263 -0.1608088487550021 0
0.7768901571705229 0.04226513411092393 0
0.2066245179116019 -0.1074383686766569 0
0.212061580695235 -0.1080132162025465 0
0.5220858852360695 -0.1053956065582115 0
0.5169199707146783 -0.1051629751408289 0
1.659588452123068 -4.297520796514856 0
0.3693383003496774 -0.1234170474951554 0
0.3747732536447604 -0.1240123061403702 0
2.47132501116823 0.4568734841644432 0
2.465090690420888 0.406049873577441 0
-0.06290454953188855 0.6636933378073258 0
0.8750710409291143 -0.09275077224224734 0
0.8755990339841349 -0.09799067080443774 0
0.05714063008490146 -0.03794321934760905 0
0.06213600179112183 -0.03612630220206402 0
-0.05436418427029042 -0.5264789349966098 0
-0.02795933065452383 -0.4729468787889199 0
0.8653522946567165 -0.1947376315335458 0
-0.2797610678950337 0.4209799331167666 0
-0.2348908799767706 0.4046564082189963 0
3.747262882878049 -0.2833785665730286 0
3.797058491417284 -0.2812721816995839 0
3.771286146497258 -0.2380561399164537 0
3.84754832109859 -0.2796632976823352 0
0.785410461790963 -0.625968931577543 0
0.8046052328517139 0.9283308406357929 0
0.9118557070168145 1.055190267848769 0
-2.746132572516207 2.513023429975364 0
-2.305639268478905 2.534472259349511 0
3.948528378512908 -0.4516901345140152 0
3.900945708966306 -0.4600908048299324 0
3.922241483224439 -0.4976098267849935 0
0.8352826248001182 -0.01630424107854376 0
0.8302877795895695 -0.0155561060867569 0
0.8328582706625669 -0.02048244836630638 0
10.27145027864005 1.793216108231457 0
10.27144026484566 1.391978958583071 0
10.61744642351042 1.592417631154413 0
0.4026783516650082 -0.1268145135361421 0
0.408162359431531 -0.1270842045046152 0
0.21728667649341 -0.1089208505733199 0
0.2227235030694982 -0.1094218838453445 0
0.3710421379063655 0.05310072629689026 0
0.5455781095816685 -0.1022096827292634 0
0.5484149984008533 -0.09805734194622387 0
0.5432312055488379 -0.09779463970497441 0
0.3556890845112595 0.05509842563113036 0
-0.0433309069402335 0.02248046223749051 0
-0.03961711777367967 0.02588046289094727 0
0.06616059056758722 0.1868485811037179 0
0.06083119784136247 0.1987321784100906 0
0.04956712637595984 0.1898277383353291 0
0.3583268496533913 -0.1222318920109519 0
0.3638358322326399 -0.1228161253012723 0
0.5427475094153359 -0.1063916109762004 0
0.5479313022673513 -0.1066543132174498 0
1.525784646435663 0.07009977375273119 0
3.285711012332809 -1.180874383921048 0
3.227071916997066 -0.9951854497752433 0
3.161777613905397 -1.20179921489718 0
0.4774165034985965 0.1091096995077678 0
0.4867798286649505 0.10867802178199 0
0.6553476432225029 0.01778229937273626 0
0.6557537084114879 0.02301625105314919 0
0.6510728687461036 0.02019753190631252 0
1.307601606045309 -0.1618733445624542 0
1.268403712274822 -0.1468237242331933 0
4.107387155887704 0.4011219886997244 0
4.063067309935427 0.3639183575198863 0
0.01994016154077165 0.1203023217745827 0
0.02439255948971815 0.1146915403978622 0
0.8776650681755056 -0.1261690010636351 0
0.8714573182289038 -0.1295411435406822 0
0.386981638916959 -0.116226489224531 0
1.175344763139115 -0.2595893803581559 0
-0.02028783920542653 -0.1252807936754845 0
-0.008196138590939045 -0.1294040978760974 0
1.045347261727096 -0.03378017689202465 0
1.042119983700232 -0.02908200907248834 0
-0.1688232730551157 0.04895766870982338 0
-0.1601056209676358 0.07226293364065317 0
0.7882920913415445 -0.2369401576963704 0
0.8008222522848503 -0.253173894053243 0
0.9276124068475209 -0.07611805191510536 0
0.9228108094164873 -0.07891147311842303 0
0.8030114846703109 -0.1004442894409937 0
0.7990666020725059 -0.09721752777876538 0
0.4808325951067685 -0.112044358507345 0
0.478650376224754 -0.1073269665111168 0
-0.02414470743315049 0.1664483221043035 0
-0.03907969175514364 0.1677395345885052 0
0.2743279380348294 -0.5480505975159567 0
0.5921404103728496 0.03011115436275508 0
0.5870198696967829 0.03236200249344021 0
0.489632399202795 0.1003923889521324 0
0.4568460036167008 -0.09287691515706914 0
0.4519360286958496 -0.09284973093391322 0
0.4458972887740238 -0.1013030665442893 0
0.2284668317968216 -0.1095429685417952 0
0.2337853496652608 -0.1102033537336135 0
0.3473034697487019 -0.1209533760338938 0
0.3528503386907713 -0.121582459214354 0
0.07085601095543537 0.06004232504254569 0
0.06749094392357842 0.06393589227727811 0
0.06546594464427333 0.0594718311145979 0
0.9015681119211538 -0.08649952667998823 0
0.9040938107525017 -0.08184531038125165 0
0.3527662306196405 -0.09903326302857669 0
0.008007983056011593 0.04877921028217548 0
0.003093175208135668 0.04518210542472324 0
1.153970498919858 0.3035562216948939 0
0.08429402205389974 -0.305153613086612 0
0.04710073091468241 -0.2957532134127209 0
0.7602193800700325 -0.1027769547129273 0
0.7551590877726473 -0.1036797623346391 0
3.353187906245228 0.006021546472744825 0
3.296866853661927 0.01163995250632234 0
0.3364110715524023 -0.1199023753770012 0
0.3418517050500255 -0.1204714859464333 0
0.239231105574833 -0.1106756617754661 0
0.2446179669320754 -0.111215359676182 0
0.559694908071116 0.03623492715730161 0
0.554904264300382 0.03651892973138753 0
0.6493805479328696 -0.6790244024151826 0
0.4777190367453844 0.09079928346366692 0
0.4744959434490291 0.08686323406755447 0
0.07859715372557444 -0.08085931829345767 0
0.08382617658075417 -0.08174041034662076 0
0.7512585673737202 -0.4169301542675189 0
-0.3741560864773073 1.079964543474054 0
-0.2832316443368585 0.9430708135693113 0
0.383987371465862 0.1239692565893412 0
0.32564341375749 -0.1190081673771393 0
0.3309957242764225 -0.1193841962311724 0
0.2500173148364692 -0.1117271944713883 0
0.255481519704165 -0.1122061673439836 0
1.023111457120544 0.07465887960255094 0
1.012512024982641 0.08695054071738886 0
0.5663827528905339 0.124831947909073 0
0.5548561875466369 0.1279031519575046 0
0.5574036378482472 0.1159613910023181 0
0.6856842730977315 -0.1233003785407319 0
0.6885756583904187 -0.1197095935598055 0
0.331367942153756 0.05757713505792111 0
0.315993306808489 0.05882123943469048 0
0.05659373463294519 0.06296766744586013 0
0.05943250883622898 0.06736884263520643 0
0.260880936385864 -0.112712250111092 0
0.2662727233295089 -0.1131898481415862 0
0.1705832845710412 0.1371532621937151 0
0.1650446898315526 0.144132279061104 0
0.3148108686894896 -0.1179253193626735 0
0.3202304538708059 -0.1184638577772423 0
-0.1264756656922961 0.3010998697241956 0
0.700717677929958 0.07862320649650026 0
0.09236019893656947 -0.07851523823007667 0
0.09561735296880422 -0.07455029667570708 0
0.2339178878738892 0.09163644484567746 0
0.238247423354296 0.09419699186216464 0
0.2277412465809835 -0.1346530394704622 0
0.2344672140070958 -0.1390100016344404 0
3.393129098545352 3.488701174907643 0
3.562703971796752 3.124365651276704 0
7.522239387843078 2.336064796192303 0
7.118927469718606 2.188520488101472 0
-0.06552712224012666 0.05186759068826945 0
-0.06258861062304431 0.04769912296354471 0
-0.06045414395277153 0.05447854546377043 0
0.1135396085011919 -0.1158822542110984 0
0.5165412927685469 -0.08351457095506037 0
0.8032659705146556 -0.01328202328568196 0
0.8075728991677533 -0.01040095253143885 0
0.2716571658797876 -0.1136959744866277 0
0.2770357665973022 -0.1142071607233061 0
0.3039470865107472 -0.1167825823382616 0
0.3094040082994763 -0.117384777019674 0
5.49293134419174 0.604750256350054 0
5.387099369667444 0.8479660109845528 0
0.2824150763980541 -0.1147209315284714 0
0.2877979135756436 -0.1151971606019951 0
0.2931794582432128 -0.1157061749915634 0
0.2985612428190662 -0.1162542337317514 0
1.113369010746438 0.5508756605524607 0
1.095273939045742 0.5001346440136665 0
1.154016058711004 0.5221447051217568 0
0.8417235075771545 -0.1195782753813141 0
0.8459815526418223 -0.1168798728242478 0
0.8414143340813917 -0.1145406867082417 0
0.5814266943587377 0.05995201312878486 0
0.5863663902087248 0.05774417602939652 0
0.6129812490496918 -0.4571711830417186 0
0.6033694069588671 -0.5115974548928977 0
0.4885054546416955 -0.08646088439530986 0
0.48663345291834 -0.08222981299485227 0
0.02096129283133398 -0.009699722240825537 0
-0.1409449623743681 -0.3830537717927955 0
-0.1655639019289988 -0.4206077467844974 0
0.5080117840502734 -0.983673810304788 0
0.6213051482488507 -1.037147950070627 0
8.175306645901269 -1.036376301266855 0
7.829397617449092 -0.8199597835089072 0
0.05859189022069705 0.128893526102811 0
0.05022876640181417 0.1295049610129539 0
0.0357706251509171 0.1651249093474782 0
0.04965888424419411 0.1668194861608859 0
0.04100826000890757 0.1762495642155488 0
0.6469670705707927 0.02360847856854426 0
0.6465610053818078 0.01837452688813133 0
0.6831044318566983 -0.1013246269060719 0
0.6800654039948157 -0.09735665564938908 0
0.8573794200894537 0.009134931325101856 0
0.07281914678488309 -0.05271000066557055 0
0.3030189104918966 0.07279453695107169 0
0.3011138968476287 0.0683466187452937 0
0.4904925513570106 -0.09073133594768674 0
0.4935178999400564 -0.08676894680928107 0
1.005665676270134 -0.0517316349634428 0
1.002827001184042 -0.04755640740711801 0
1.001623167169798 -0.05233078184551347 0
0.2711514664639871 0.5969127912362093 0
0.2486342795886131 0.6723721304569814 0
0.9370255440634389 -0.1300492757947151 0
0.9368109632237236 -0.1235371234493207 0
0.8547912744887871 -0.02903339890542046 0
0.8535794230010061 -0.02352561986586064 0
0.9274586833258556 -0.3360407443159376 0
11.31326721990681 0.3775564437370764 0
10.95790230636772 0.5745182141950231 0
0.9084465901292066 -0.02880567515160873 0
-1.659412539436563 -0.8614846563439336 0
-1.567395098905842 -0.6333735821216029 0
-1.817570310070009 -0.6675638600054451 0
-0.07403563105676891 0.03296037474941133 0
-0.0670243211822639 0.038717963837005 0
4.327604928759519 -0.283659596685255 0
4.24982797469988 -0.3942444898412133 0
4.353367038980789 -0.3759038618579743 0
0.5380050908493728 -0.09748989879359837 0
0.527320869911466 -0.1056209022101928 0
0.5249032854989306 -0.1011742961446902 0
0.3596678175749213 -0.15608542874222 0
0.3485053400003819 -0.1539247016549046 0
0.5475128233777159 -0.3611564372959732 0
0.5108474352835374 -0.367779050190307 0
1.166048669676551 0.6793274331676218 0
1.12478832964282 0.6143379652598229 0
1.21337147044543 0.6378751895683499 0
0.554963105423133 -0.1199405361424133 0
0.5577821981919712 -0.1157417643821167 0
0.5526327590921249 -0.1155052064754315 0
0.6843232720540313 0.01258378195882971 0
0.6824459490374248 0.01729560889481252 0
0.2964095604016947 -0.138390277069302 0
0.2939424520473867 -0.1309772696191694 0
0.3092434103090662 -0.09485047190763704 0
0.2830954963433529 -0.1298034742741478 0
0.2771756905171457 -0.1345655548515711 0
0.2954058866326508 0.09451240418193105 0
0.3005552697768829 0.09458646269530113 0
1.222681827847313 0.2055858536234184 0
0.1983686300733036 -0.144738729519691 0
0.1928775392016055 -0.1554832898029854 0
0.3189080577471127 -5.54103397565772 0
0.07887814919589414 -5.253021240876432 0
0.0208396566426185 -5.711987265218713 0
0.4141863332851733 -0.1183306324138809 0
0.4118455626510588 -0.1137745415180034 0
0.5239971689416658 -0.1186015918565355 0
0.5268272385299845 -0.1143434366222472 0
1.18702275576396 -0.05847222480769029 0
1.199638941096393 -0.07884708932515667 0
0.5502762769809908 -0.1110713380897609 0
0.5474571842121527 -0.1152701098500575 0
0.08906539964840667 -0.08256562548303364 0
0.09429591399837398 -0.08343254083098256 0
1.028058450534177 -0.1271540701512855 0
1.028191723101089 -0.1195800735116901 0
0.2466701893567704 -3.692318200653486 0
0.3152186399313913 -3.293387212459724 0
0.5426603407342009 0.1311889629314958 0
0.5312190936386885 0.1325243538550594 0
-0.01093514918736708 -0.04255963122760176 0
-0.006003951880708466 -0.04396955375908729 0
-0.007247065842364033 -0.03891310029400334 0
1.041786814428747 -0.08052667032000776 0
1.044222736909888 -0.08748264874928036 0
1.047701908660352 -0.0833900607282359 0
0.005173075690958103 0.07845182796702582 0
0.0103518867127373 0.0784333161264138 0
0.8879373459207638 -0.08986400249588984 0
0.8832144986612618 -0.08739350680756097 0
0.5118559672929694 -0.1049694252055597 0
0.5067641403012642 -0.1047002920356204 0
0.5090798136141172 -0.1091078166190095 0
0.2545311204283436 -0.0896170039656031 0
0.4943550853621088 -0.09950543970503251 0
0.4974697022269071 -0.09544285223867066 0
0.4923903797905733 -0.09510198582801979 0
-0.5217291726223721 -1.656520592226974 0
-0.368144308554353 -1.501138151051356 0
-0.614543202866028 -1.501056940113343 0
0.5046247383285709 -0.1410125168447574 0
0.5059956277429731 -0.1485210130560743 0
1.151949834509753 -0.06225414719470813 0
1.14614172244938 -0.08014741805552079 0
2.223501157591007 0.575302911332332 0
2.291070138178335 0.5671135121690021 0
0.07888220810159421 0.09596068134989121 0
0.08405417657528107 0.09541323149134567 0
0.8586575404073113 0.09155549682395542 0
0.8641929559296055 0.1088085176646041 0
0.100798845033025 -0.07541955144221524 0
0.1207857743929254 0.06514757389203316 0
0.1179903082872222 0.0692438709370829 0
0.11574330618559 0.0647773812804521 0
0.8320375331128402 0.02498510725094732 0
0.9408240138232548 -0.1095928962990915 0
3.10646054394115 0.3733300891399673 0
3.832632460788957 0.06745911648550612 0
3.783776711794362 0.06339206881173468 0
3.811172274791391 0.02287663878029009 0
0.07109419429352606 0.2128576642224733 0
0.5446217130899637 -0.119477828862845 0
0.5422652309788296 -0.1150439604771743 0
0.6122293902832548 0.03324525264954449 0
0.6129171053909455 0.02900872803029339 0
0.6174790912036627 0.03147304250444311 0
3.494639081772198 0.5658473080288655 0
3.551969930383741 0.5800459087772727 0
0.1946752193210014 -0.06401843342707467 0
0.1895792877091283 -0.06349981625329458 0
0.9797440395729473 -0.03947949719706692 0
0.9753935784013428 -0.03861669190967375 0
0.9767564674325102 -0.04354603290742529 0
0.4868059339173418 0.1637243135702958 0
0.4768226848477446 0.1645503551299463 0
0.4852702560491153 0.1492171964855061 0
0.9370901188745941 -0.09146808911084559 0
0.1742052769771272 -0.1037948695230069 0
0.179505923938595 -0.1044692443814987 0
-1.495083429212849 4.287224213143434 0
-1.323326246040504 4.642420717638703 0
-1.729414259624017 4.619374618059443 0
3.815295119347866 0.7535607641837943 0
3.91681153651401 0.83933971296661 0
7.38167627783768 4.82583433588893 0
7.695842496094187 5.097052813287551 0
7.298647825321437 5.144343324253585 0
0.7820161840768962 -0.08931501281481674 0
0.7770454898597527 -0.09137842324826492 0
0.8177417045419619 -0.08077438088076386 0
0.01562027076166672 0.08707101868366823 0
0.01318439237529771 0.09187450537950764 0
-0.09207608158016156 0.02938789994666313 0
-0.09357471572535131 0.018158845119737 0
-0.08318284280459923 0.02234393518593025 0
11.31504238555727 -0.4359863583895323 0
4.002626016501234 -0.4520221147097174 0
-0.2079887570233872 -0.4315076667428996 0
-0.1907389588763939 -0.4698832273492161 0
0.5774401547630972 0.05653073550007535 0
0.4439388866731733 0.07016819829163277 0
0.4293160705854724 0.07353027992994179 0
0.5370912376292625 -0.1147938351884657 0
0.5399267087514515 -0.1105861161756782 0
0.09064375425510401 0.06279002652959315 0
0.08786324879899433 0.06669075437676836 0
0.08587006023187427 0.0621118441841533 0
0.7437247151467554 0.05505090133005816 0
6.049123511734796 1.323185339498602 0
5.730863821068823 1.10589721026977 0
4.813319464841978 1.110415217059286 0
4.56285236919239 1.109888734911833 0
3.949108404082269 -0.2738910794281893 0
3.897955853931721 -0.2767281200835715 0
0.1027367796709875 -0.08017115978962243 0
0.1059449114174757 -0.0762085576538121 0
0.8583875023421517 -0.009833252783501972 0
0.862576895893564 -0.01306542097035984 0
0.08993400284567854 0.07129522718431903 0
0.08516030882244878 0.07061704483887919 0
11.04034472509731 -5.100491735866518 0
0.7677261526245679 -0.09324933877560543 0
0.7641063132191169 -0.08976673042950732 0
0.6724917816668066 0.01706066603771279 0
0.937825977134392 -0.1355434030031504 0
0.4365380855243134 -0.09279919958743277 0
0.4416597239106908 -0.093148484099473 0
0.2949451849551965 0.1134143049072701 0
0.2896948996874864 0.1128316047330225 0
0.2926628553254974 0.1078323590982517 0
0.1479679129708054 -0.1148586214810401 0
0.561823595402233 0.1089150500096385 0
0.5024695403004665 -0.09574328186288791 0
0.500504834728931 -0.0913398279858752 0
0.08995101602130909 0.1031593690744163 0
0.08817572185556685 0.1079802477610038 0
0.5531068771473235 -0.1068894098428239 0
0.1223981069567759 -0.06997725434130975 0
0.1273324832711304 -0.07077632024277906 0
0.1253955695624422 -0.06609613454071941 0
-4.698173961438082 2.411313348546614 0
-5.077274468256752 2.59909754788245 0
1.098612136939519 -0.4812229061473099 0
0.5822448752578702 -0.1505603967454916 0
0.7930300548202229 1.72808907157417 0
1.009370700207113 1.730537492718165 0
-0.001033221430715767 -0.04528009212585755 0
0.003757472932400569 -0.04690514601495956 0
0.00247482582741092 -0.0419480767145909 0
0.04143846827889294 -0.1309060732878915 0
0.03436948989806524 -0.1203703581925643 0
0.1298835428364435 0.07389359408605414 0
0.1352067806105707 0.07481922232033267 0
0.1320815020901052 0.07882370535487979 0
0.5597915115704155 -0.08009289937628472 0
0.5448007250488012 -0.07975386913348186 0
4.123565173558518 0.7746633025388441 0
4.070226452362936 0.8887180355837023 0
3.986075044935036 0.8508938310522991 0
1.537132543784814 -0.3268001141195286 0
1.491640354808053 -0.3482116032773679 0
1.532802476875445 -0.3764063635767416 0
0.1731362571773579 -0.07671043166524479 0
0.1680258724012213 -0.07607730952834016 0
0.5044873508892795 -0.100204103368927 0
0.5017111972104272 -0.1043424947823768 0
0.5342903836340024 -0.119048170055371 0
0.5319518614066243 -0.1145903257538749 0
0.6825105775593111 -0.1624442028772907 0
1.000177701051367 -0.07866355801142419 0
1.002917776923242 -0.08279399582264949 0
0.7400815608021207 -0.2018925243667783 0
0.7372444277227823 -0.1874084956435221 0
0.2543938344809893 0.0729615195515282 0
0.2576577826140636 0.07040682643486429 0
0.2580494086589288 0.07568464074475845 0
0.0994877667740926 -0.08421014546782074 0
0.1046338331585433 -0.0849991516794176 0
0.6298286794532097 0.02246993773023716 0
0.4829289817319437 0.09749618082147779 0
-0.07872781550470939 0.01664050268150792 0
-0.07722918135951966 0.02786955750843406 0
0.3766512019937224 -0.08899445367880887 0
0.3719458115736765 -0.0876883300959399 0
1.068711433522911 -0.20892391639657 0
1.057266470647837 -0.1951223930575519 0
1.056598144298627 -0.2155944369296659 0
1.435146073939532 -0.7586537029396841 0
1.340273187480431 -0.8005826237608082 0
0.1991146265158728 0.1786349785240609 0
0.2012581895193934 0.1958697838044733 0
0.105657244499454 0.06410976483222576 0
0.1006751244420769 0.06370138835415294 0
0.7295822098677448 -0.1137640910474916 0
0.7280573078058377 -0.1188832828701381 0
0.7429387264970505 -0.1147865071373818 0
0.7393212878602924 -0.1112527543500089 0
0.2206050333881909 0.1946246080722811 0
0.2099578360273666 0.2071173863584798 0
0.2960981484884947 0.06858211290994641 0
0.2989743777977578 0.06406018726562777 0
0.3649679972793558 -0.09158828078776685 0
-0.620942714352775 -0.3971160246346823 0
-0.5654030273130229 -0.4711874857872942 0
0.5723518865194324 -0.1333040056976808 0
3.849081437574146 -0.4610379793342272 0
1.034377972319366 0.01334700080040582 0
1.030292878841686 0.02161399496828465 0
8.708441232303777 3.62677908841377 0
0.04043312671418384 0.05394218890813692 0
0.5375735160657689 -0.1061414856874917 0
0.1199852441662109 0.07362893972902651 0
0.1149427759588756 0.07325874711744546 0
10.61216538460362 0.7768114191960506 0
10.96317333148013 0.9888872765049995 0
0.5077509305701993 0.04233929104563754 0
0.3242406413096197 0.1363592854668272 0
0.3175993188730588 0.1418708275848964 0
0.8837688162631454 0.00348726875260208 0
0.8851750944171898 0.008410956668034431 0
0.1107552986342876 0.0644484563881989 0
0.1078497859450532 0.06853498676952871 0
3.970150257709591 0.7252849799217518 0
-0.02904245014248034 0.01780952257027745 0
-0.0301002956231181 0.02275120232308681 0
3.235042034033794 -0.6903814954542792 0
3.169559600740962 -0.6892372778492192 0
1.012076182672131 -0.02960104729539374 0
0.02147365193807656 -0.06018703490169001 0
0.02665046598639659 -0.06136753344161174 0
0.04630092328959786 -0.06110206716832617 0
0.6766273157874736 -0.1979980520388834 0
0.6872992772658908 -0.1944840887089623 0
0.6779713348068943 -0.1846299210975528 0
0.5665729092998643 0.0646780877453684 0
0.5677472502588351 0.0596489635488391 0
0.9009813403014928 -0.5744228140539812 0
2.538353285989424 0.2511648610261765 0
2.584681749542682 0.2723362976565183 0
2.543021250676556 0.2998922366669382 0
1.85178918448017 0.5053037333789543 0
1.806546648974933 0.4828340865794699 0
1.853098714230713 0.4527724894443427 0
1.036715096650097 0.004559185836221603 0
1.043025309954532 0.0129477187765795 0
10.96447148670238 1.394301628103018 0
10.96448150049677 1.795538777751404 0
0.09500421926769106 -0.06103431416625669 0
0.09327053655227831 -0.05617976453225314 0
-0.03343297270499748 0.03670662304093708 0
-0.03331352830672568 0.04213090798729598 0
0.5011702069602492 -0.1131091711991007 0
0.4989175362967276 -0.1085243714733734 0
9.923491575442656 1.196388717825476 0
10.26948772031303 0.9955902407484319 0
0.1110758656329149 -0.07702942825009512 0
0.1091379309949524 -0.07227781990268793 0
0.08591513052820199 0.1454401058997715 0
0.0771333437582486 0.1456622312575965 0
4.346005983534607 -0.6875159497682005 0
4.367088568860776 -0.5947865058854023 0
4.25450749959498 -0.5792181988967309 0
0.3277388781814116 -0.3205124466954423 0
0.326011443853064 -0.2916148053650958 0
0.6529730367177591 -0.2564147867265409 0
0.636443038306524 -0.242292330554066 0
1.031912168997661 -0.03005014076298381 0
-3.084179009271924 1.786132932098607 0
-2.861874266084746 1.478531071614166 0
0.8844716944907489 -0.02265358903319691 0
0.8832862500250076 -0.02750763315173401 0
0.8880331351662887 -0.02619355350756231 0
0.7982027905952496 -0.1761902141669579 0
1.036355670642747 -0.07990435692381739 0
1.098341984881292 0.02234179619591151 0
-1.264533041038828 0.9743797944947343 0
-1.177860350917353 1.141341163677425 0
8.225209580978046 2.997347871258794 0
8.243260649627402 2.574797443526951 0
1.468608763718932 -0.1300457739297345 0
1.495345111024754 -0.08055974432756866 0
-0.0504448049221612 -0.01476731966604362 0
-0.05087105846020593 -0.02087855889768798 0
0.9497110032052789 -2.077127046255914 0
0.7283067248932491 -2.075741766309573 0
0.1017481393371152 -0.03946236135055689 0
0.09684483691369233 -0.03840650144652777 0
0.2499464873379987 0.07615896999818664 0
0.2495548612931335 0.07088115568829248 0
0.02189789162713139 -0.2085490272843147 0
0.1123442575945883 -0.06837371158712414 0
0.3685687707753315 -0.1096487949909925 0
0.7601033366991408 0.07397016180593305 0
0.750490200807213 0.07671198168762931 0
0.6916081776915994 -0.1176460551870408 0
0.692338644161978 -0.1225030827952917 0
0.2070087786690411 0.2609057316670792 0
-0.003673032802087762 -0.0356075568036229 0
-0.008604230108746379 -0.03419763427213736 0
0.04163190832086426 0.1293377115917412 0
0.0331566767430071 0.1282352211402462 0
0.1488836348436447 0.1278680426928764 0
0.147916312839217 0.1353166452669812 0
0.1173650392292396 -0.06919787956911053 0
0.1193019529379278 -0.07387806527117016 0
1.418995821441196 0.1336702410147392 0
1.415174898308463 0.08249257040176643 0
0.5336008175575291 0.05132814168433165 0
3.750207018009661 -0.3688237079768617 0
3.775441434845851 -0.4135591345825542 0
0.1129661519831444 -0.08173854942369019 0
0.116159171560621 -0.07780781167256601 0
-0.2530292152271357 -0.4399870470658212 0
0.4315516217366513 -0.09271048018281436 0
-0.004721304775718816 -0.04892662305945596 0
0.5737164126485439 0.0533883295937739 0
0.5784942886672201 0.05168367076654862 0
0.03245096376311381 -0.0440191979017788 0
0.4465863555497462 -0.1439649970253317 0
0.4494416145655697 -0.1373000744520219 0
0.1839898009287131 -0.09122761856760844 0
2.381621744546015 1.039057432120456 0
2.383390060485358 1.249826198155989 0
3.932363665457195 0.07559925949517336 0
3.983185939408187 0.07898513707367963 0
0.5136859412403478 -0.1180992269089324 0
0.5113500963072755 -0.1136084402572614 0
0.109765191731309 -0.08575567012329713 0
0.1148484976590151 -0.08653405354576801 0
3.617059120205737 0.001152469532373357 0
3.595109918832676 -0.04183097614432778 0
0.1903854038266771 -0.08306550213078852 0
0.1872053231439675 -0.08715393609808639 0
0.2005234527151185 -0.08417171179177416 0
0.7646781651088645 -0.2035508196015154 0
0.7560815541061694 -0.1917388213810876 0
0.7551340847793894 -0.2055745885033914 0
0.165909155316913 -0.07156845295621958 0
-1.273842633521588 3.983322800925932 0
-1.679930647105101 3.960276701346673 0
0.4764518774160446 -0.1028448511397443 0
0.4873779344922125 -0.09479392341404858 0
0.4823895195417348 -0.09455780303879048 0
1.483585287817407 0.04131791694090976 0
0.1821549727833909 -0.08653453941256867 0
0.1934418341132342 0.07971899114973685 0
0.7762624611337205 -0.1126506849177599 0
0.7747941653456645 -0.1177174321861253 0
0.5062582693155702 -0.113339307087322 0
0.1803206749599582 -0.08182062389485772 0
0.03935017699963633 -0.01905994130863033 0
0.8857982695881851 0.1809249336203474 0
-5.007355370751889 1.384847840449963 0
-4.643068001849711 1.5969449900627 0
0.7891478846423995 -0.1000561633808411 0
0.9896471840622078 -0.01383248372614461 0
0.987794296315553 -0.01854389620053449 0
1.790381521308933 -0.495163401354008 0
1.835352033818621 -0.4726863742795819 0
1.791904204760483 -0.4449124586851699 0
0.5522166159447439 -0.1243543212453428 0
0.5573660550445902 -0.1245908791520279 0
1.208271297896877 0.1247813011052907 0
1.180405481348783 0.1183697115447106 0
1.212502622213669 0.09767971357064736 0
0.5796235440537811 -0.08929273937277889 0
0.07627271569179628 -0.06221080584326594 0
0.07443926374609122 -0.05748359552439006 0
0.2948688498756507 -0.06860621329257725 0
0.2999237557070206 -0.06893696455856413 0
0.2969989867138131 -0.0731285311718152 0
0.07789392784974601 -0.05358613339948461 0
-0.5690490379406995 0.2313602539905532 0
-0.5107752028171922 0.2999742703444637 0
-0.5836402818196199 0.2891634848228759 0
0.5034404896534075 -0.1176097948373525 0
0.3247060963070821 -0.105117027203385 0
7.480667765878231 -1.010767055661428 0
7.489439611692484 -0.6089397446973489 0
0.1968163730873618 0.1139971459486536 0
0.4985203127720748 -0.08690393083162824 0
0.2373427787088807 -0.09667907559420803 0
0.4148315051545683 -0.109561816247274 0
0.4096157257939129 -0.1092748451419941 0
0.5243148056242467 0.09797231023106245 0
0.5248626173701829 0.09085107762077162 0
0.3085512382485003 0.09883106144035342 0
0.8409804793691957 -0.08512447750238827 0
0.8372708933163013 -0.08141001762377756 0
-0.0510209967539444 -0.002679396053458038 0
-0.04992971875413283 -0.008452860899448127 0
4.667349825364827 4.096935339561934 0
4.500378676117011 4.467207075698507 0
0.5418018268904152 -0.1238862274156959 0
0.5469937801237383 -0.1241123767885791 0
-0.2282226580214003 -4.266968577637467 0
0.2231797954776197 0.2199764795278718 0
3.882414887555583 0.07241027331877606 0
3.9099768016876 0.03013267263045882 0
1.941208506687258 0.4464750541325824 0
1.895993531590123 0.4247278352992206 0
1.93886078854143 0.3959607531879759 0
0.1211922392881574 -0.07858718644476523 0
0.0780790229402227 -0.06696450356431505 0
3.677358410528837 0.3541363448047646 0
3.695407384829941 0.401811811435124 0
0.2627988306346428 0.1105972539449168 0
0.2612757183597296 0.1056661642403313 0
0.09163677263393902 0.09861291680727781 0
0.09491697195980134 0.1022756302545274 0
0.1116895334304358 -0.05504701804151943 0
0.1149377902043561 -0.05121450071129306 0
0.9368811927221146 0.01403848982743997 0
0.9355510550973098 0.006947112923403032 0
-0.3378825242222508 0.2071129951761831 0
-0.3690166078465865 0.1692006234967071 0
0.7599046720345869 0.0466059651642063 0
0.7410870022868103 0.08040225617675317 0
0.73138876343196 0.0848820909026759 0
0.9198988751452493 -0.03446629796023179 0
0.1199295832685242 -0.08725895248074397 0
0.1249677783299091 -0.08801269007298974 0
0.1230876529722355 -0.08327067043840686 0
0.247444168964597 0.09885395105743713 0
0.2515007606704217 0.09623567590107673 0
0.06054108513757667 0.05861586956386274 0
0.8110781234347597 -0.1064432728409731 0
0.8068829119797036 -0.1032753783768581 0
1.061185583436418 -0.107218532799915 0
0.165889470198717 0.07480762419245657 0
0.1633600753145985 0.0788608431001441 0
0.1608519923609024 0.07477279015635087 0
0.02748937293055924 0.1630853868360539 0
0.03613999716584577 0.153655308781391 0
0.5849565265909835 -0.08022490461144577 0
0.5899188273672041 -0.08011979113712164 0
0.5874437207288481 -0.08457801615595273 0
0.8577405030045149 -0.2872673724638702 0
0.8295160866441982 -0.2815076769412125 0
0.1248955204052678 0.07375607033463261 0
0.1280207989257333 0.06975158730008549 0
0.00655081649881057 -0.08920125267389439 0
-0.001648485158918142 -0.08716391449494826 0
0.06404292583469189 -0.2058332167522721 0
0.3351757498443186 -0.9756449670730297 0
0.4304562816731948 -0.9329170964945752 0
0.5848939781149289 -0.08902020588601678 0
0.2818746895058946 0.389134145350744 0
0.266221691974346 0.3509589076306424 0
-0.2610853290377607 0.2355533948775493 0
-0.2593777854771325 0.201252883090772 0
-0.230313737879834 0.2393760656238023 0
0.2249302563306037 0.09601942912876182 0
0.2147913292461711 0.1052326740253207 0
0.2155478012869659 0.09988791428229477 0
0.8327396164079253 -0.1198777847730798 0
0.8327216985565249 -0.1148400019381784 0
-0.2780554591288172 0.2835007530955981 0
-0.3071195067261158 0.2453775705625678 0
-0.1890554272718921 -0.5191684403245026 0
-0.1466305721775037 -0.5082685203661004 0
0.5314938604979436 -0.1234203250393264 0
0.5366332367205817 -0.1236238344739172 0
0.72162077313657 0.0889381900342571 0
0.7119231017743058 0.09232257415836292 0
0.0009952405639508726 -0.03722096318947406 0
-0.0003619237024314733 -0.03250549716760807 0
0.2690706727878973 0.06532429883897499 0
0.271910130780068 0.06942360610714615 0
0.2668866684830238 0.06929264306381573 0
0.435988505924217 -0.27951316341664 0
0.4076794894243673 -0.2742843237063274 0
0.1262304343495423 -0.07934092403701101 0
2.502720856342845 0.3280230978986506 0
0.636542985680939 0.01607215853346151 0
0.6416514094718928 0.01784039186410825 0
0.1186750373123258 0.08164138544292318 0
0.1157818315894887 0.08593650942566272 0
0.5291181625947051 -0.2770569908215146 0
4.461821182691386 -1.799796544279469 0
4.120330738051775 -1.905179956832629 0
0.4830601942874417 -0.1166793820760879 0
0.1508268218592482 -0.04970057695628165 0
0.1458598104794308 -0.04880294978124666 0
0.1475597047494397 -0.0533276241713132 0
0.01141598402042434 0.09602924305095725 0
0.3217458339773347 0.3108123648831925 0
0.3245079200846389 0.2777557764832697 0
-0.03591687827444638 0.029373136049419 0
1.042150491482671 -0.05298960485896503 0
1.036821838233939 -0.05328270792056686 0
3.616116511365906 -0.4592706157880508 0
3.583191866966025 -0.4169941113091136 0
0.7019215922365817 0.09678004088597464 0
0.6913274137730068 0.1007201639010298 0
0.6929791093896762 0.0894445727989111 0
0.9498885041927261 -0.009399102306926496 0
0.9242594053101785 -0.001627268398559719 0
0.9229621334121476 -0.006563873869137689 0
0.5211860727065671 -0.1229231281651591 0
0.5263399111762656 -0.1231661969294038 0
0.1709905535650554 0.06638787620603381 0
0.1684303955725193 0.07071623086087132 0
0.1659415452375569 0.06639121659382584 0
-0.335024498980482 0.6883532101719472 0
1.190656355951848 -0.3919060021888497 0
1.235569914743417 -0.372544205570335 0
0.0178555503898488 0.08255811365926743 0
0.02062741948822558 0.08678960558484324 0
0.1709384785262155 0.07480428380466456 0
0.8077910686087368 -0.0985782777164165 0
1.573949030804557 -0.4050342444271076 0
1.528456841827796 -0.4264457335849469 0
0.6038904988022342 0.05827305506634523 0
0.603806968731601 0.06337579095376827 0
0.5909312717134693 0.05580989055894431 0
0.5954499237098311 0.05336776884255497 0
0.5146042974018252 -0.1007554505574398 0
1.482163525935221 -0.4511240556421384 0
1.523310079864332 -0.4797519364925044 0
0.1705941239867705 -0.05324432285684121 0
0.1656239985936602 -0.05231204122143678 0
0.1674031751945855 -0.05688872244051155 0
0.6806383828716828 0.1051528347668443 0
0.6689858940193869 0.108359685384061 0
0.6707324420738057 0.09659154643118296 0
4.726407832669306 4.819329346560002 0
0.8702420984141614 0.004745083659097165 0
0.8739734495368749 0.001097339528951658 0
2.153195602849567 4.161120635471033 0
1.745005689049477 4.12790860573674 0
0.3652278111036192 0.1091555498066897 0
0.8822669812487449 -0.00129457086845317 0
0.8872114496436453 -0.0001993099886473384 0
1.004698569938529 -0.04272747904011099 0
0.1910847049411884 0.06617795755444525 0
0.186034893616041 0.06636304021524059 0
0.1135475755040367 -0.05979615264327728 0
3.797015656251699 -0.4596315013146222 0
3.82259303235539 -0.5046040190813055 0
0.5956842825170705 0.02806799819187691 0
0.5951086011443586 0.03268615603712463 0
0.443671279283281 -0.09710460356277967 0
0.5108919845081525 -0.1224092860904706 0
0.516049373739772 -0.1226685822738291 0
7.272699371045508 5.47155045058709 0
0.3556530114223564 -0.09558823385384672 0
0.3505554472487634 -0.09497491648927546 0
0.8140226247626595 -0.1446733986779287 0
0.8142945478790546 -0.1369585587677116 0
0.6181729327479126 -0.3575840266704332 0
0.5828248775324827 -0.3580036691500271 0
2.086748397513496 -0.8960307577914814 0
1.988509052018209 -0.8973104371128369 0
0.9828523129936338 -0.01941507216993948 0
0.9860937296727601 -0.02325376309150389 0
0.08090733544744329 0.06151247777366405 0
0.6576880058296373 0.1129891735113788 0
0.6469959271299008 0.1185348494268102 0
0.1300038851224502 -0.08872840779517306 0
0.134999187690081 -0.08946194331330071 0
0.1331211506012513 -0.08475794354878029 0
0.190545230351719 -0.05601924591672679 0
0.1854501688094008 -0.055467823471542 0
0.1874341004892096 -0.0596738359806377 0
0.9540658532514528 -0.1114130083544728 0
0.9583495415456171 -0.1086174746939019 0
0.9538018608497407 -0.106481615741372 0
-3.270703171889575 3.841383209625777 0
-2.878379647991489 3.860300038554713 0
-3.09805806077791 4.177992981274937 0
0.4526225053265077 -0.1153070428660656 0
0.7557404951849016 0.6209786734509355 0
0.7124352337109108 0.5610616872341392 0
1.325962687864105 -0.2427126527361157 0
0.4420964104004481 0.09337668367830301 0
0.4419202398775244 0.09924471807321548 0
0.5006914621016925 -0.1219417141771113 0
0.5057795244570134 -0.1221718500653327 0
0.0956177299480791 0.06328770910847926 0
0.09769433731622186 0.06778261596788188 0
5.370376737191631 2.275710817300037 0
5.078539491766943 1.992116111552177 0
0.8504905223028328 -0.1191003517725559 0
0.85018134880707 -0.1140627630994835 0
0.6793431861135726 0.1913680498010537 0
0.7057443342912221 0.1829586952266487 0
9.597625819941207 -0.2974355955484168 0
0.13126747006425 -0.08009299906890791 0
0.1293720563801718 -0.07540951507526628 0
0.9265441742193676 -0.02743022870127821 0
0.9272546415312954 -0.02215239244636559 0
1.615547571491556 -0.4328225292394939 0
1.619893206539205 -0.3827831592312887 0
0.5727747155434304 -5.728239181412782 0
0.6308132080967059 -5.269273157070501 0
0.635334252400102 0.1237591862326641 0
0.6226194471617534 0.1267915094461329 0
0.4323418348422391 -0.1146446720672197 0
0.4300462459040587 -0.1101526892100351 0
3.670559223257326 -3.673203506104553 0
3.35753669317013 -3.440367984922513 0
0.05450073010189867 0.2158368214540844 0
2.417532528636327 0.3847829326739418 0
2.46119076377783 0.3560584548572054 0
1.69676670254264 0.6915157153709522 0
1.636128497690559 0.6062640618359525 0
0.9221471344446174 0.08527614040057432 0
0.931851653184098 0.100640362493477 0
0.6999516559453216 -0.1568605579711255 0
3.837397169564037 0.2864867625958081 0
3.817922708051959 0.2402557575358823 0
3.867357114273241 0.246258419757401 0
0.5627870627754364 -0.1159047168005359 0
0.5604567164444283 -0.1114693871335541 0
0.3123852097365314 -0.09095455699861836 0
0.3072605475812492 -0.0903979743399846 0
0.1323695189858381 -0.07152839527467594 0
1.238775020542382 1.736604703464619 0
1.468212195586705 1.693126122765739 0
0.3029813662449977 0.09010909264957995 0
0.3055712387020154 0.09455150087654161 0
0.2903925405013379 0.09442000997195935 0
0.2929520511885523 0.09005166025836776 0
-0.04813896774817854 -0.4296560210243898 0
-0.06142309393753177 -0.3865615259766372 0
0.8812950096005364 0.09974505106674794 0
0.4904885171301185 -0.1214780875800169 0
0.4955891662773691 -0.1217046118425344 0
0.02436646344905908 0.128019347943087 0
0.01532601643872992 0.1284533162608441 0
0.4194661999221826 -0.1185476300901162 0
0.4245708596754686 -0.1187828435412018 0
0.4221660017650002 -0.114296726074369 0
0.1194752539184002 0.1567347113113005 0
0.109272633393345 0.1598939749008177 0
-3.774249119067 -0.1366939615041487 0
-4.037696245746544 -0.4524816230418527 0
0.0001650773412375257 0.07821520094027 0
0.00284737341246408 0.07379047846797936 0
0.2573880101250031 -0.08549521717344746 0
0.2522576544120884 -0.08505900737537117 0
-0.03160263823223711 -0.1361498117391887 0
0.1362627726318808 -0.08082653458703554 0
-0.04942099063271739 0.02903877002794249 0
-0.05050181594469088 0.0342726948668543 0
6.259101084725046 3.894448428188539 0
6.098322238594715 4.236685261490171 0
5.859080739811843 3.938017712848806 0
0.00364945930719504 0.03570717924088079 0
-0.0002586353174895929 0.03603124323761916 0
0.0007813812117687833 0.03123896021982234 0
0.8917694036273036 -0.25027751990876 0
0.8908544194948509 -0.234483761688778 0
-2.935554147513355 4.540262602643333 0
-3.327877671411441 4.521345773714398 0
0.7302491995997854 -0.1471052394429706 0
0.9452567707880168 -0.1120605115626561 0
0.9450854155908143 -0.1068095341383782 0
0.09200932025827036 -0.03713919305396411 0
0.5898562788911494 -0.08891509241169265 0
0.9419098279957709 -0.08973007316358364 0
-0.03128575404618346 0.02750682328165247 0
-0.03235877947696955 0.03256658830621037 0
3.030721862140382 0.5324371353748948 0
3.086769561835983 0.544607657095725 0
0.6149589078794332 0.02412773760707638 0
0.7158754556933135 -0.151707970299179 0
0.2407442150970174 -0.06225202964508838 0
0.23531575208574 -0.0628064980368582 0
0.2379494047494036 -0.06664801040532833 0
0.6093797581929227 0.1320195723782178 0
0.5969910121330076 0.1379301950658862 0
0.4803028717355299 -0.1209966084245822 0
0.4853938064516736 -0.1212438367725905 0
0.1381422262550913 0.07003660961366692 0
0.140340185508753 0.07496672088249257 0
0.4473580577331192 0.0606503118174287 0
0.4443098622963259 0.05679610301402578 0
0.8123450289616958 -0.09648809181661545 0
0.8084736016523031 -0.09365700288075104 0
0.9540573133363298 -0.08739892386898386 0
0.9580387273898888 -0.08876691630040059 0
0.09469145570960863 0.07203554515641787 0
0.09198851573306308 0.07596183561852871 0
-2.607773990088736 1.155520815656946 0
0.5328770675717098 -0.09721620444792714 0
0.5278680388227177 -0.09702478881084034 0
0.7250796808324331 0.03760140841105809 0
0.7250360451130966 0.03260622405091027 0
0.7293891544018993 0.03505824302522979 0
6.329271868346531 1.582108293312659 0
5.996147682186656 1.722237554670747 0
-0.00252873362535821 0.08235626935996687 0
1.450913504473044 -0.3198702356167438 0
1.446583437563675 -0.3694764850739567 0
0.674582978586459 0.08914133571093311 0
0.005785934927067209 -0.03884601707857607 0
0.005132597237509306 -0.05154332651708473 0
0.008640644495635992 -0.04821131110581808 0
0.1283734526259054 -0.06230921998048437 0
0.1234390763115509 -0.06151015407901504 0
-1.467295138091659 -1.529283992936181 0
0.470195495617497 -0.120412010112057 0
0.4752369881372361 -0.1207570874097471 0
0.496640746884743 -0.10402818280668 0
0.9048702698369582 -0.2625759564467887 0
0.9170074586985149 -0.242603685976244 0
0.5296280925252446 -0.1100891017553418 0
2.401623063377057 0.1855554514968716 0
2.443061740819271 0.157526447754973 0
2.44702388189303 0.2072816787083654 0
0.731092937584181 -0.1089667449447073 0
0.7261870279430613 -0.1101082536682881 0
0.7466342027705508 -0.1182436527892576 0
0.7478499324852207 -0.1133400720279827 0
0.139997699883785 -0.09015604898055446 0
0.1449682827380415 -0.09086399304267848 0
0.1430870360231387 -0.08619942312903195 0
0.7902774911747593 -0.0948002252880647 0
-0.6338165272494463 -0.05348323785276694 0
-0.6712073553428977 0.02123497694785227 0
0.1218479880769212 0.07777094651499517 0
0.2223528125574835 -0.1307894573123494 0
0.2245107418192476 -0.1388085966420225 0
0.8375874075960248 -0.01296465051012684 0
0.4600331731804655 -0.1200793876371184 0
0.4651214695548135 -0.1202115629300057 0
0.4296267769506911 -0.1190011518403785 0
0.434697950274644 -0.1191138843821437 0
3.698264377219409 -0.2832134687658399 0
3.724036722139435 -0.3264295105489701 0
1.009226481882793 -0.03380974580123459 0
1.014322184202816 -0.03382744393807528 0
0.4498781996456077 -0.1197019585619524 0
0.454965376102224 -0.1198725642428118 0
0.04990826241546822 -0.05739254047355369 0
3.757040623144351 0.7160271427054825 0
3.842632253085051 0.676197240357751 0
0.565268385040006 0.06952761115520167 0
0.561527697513391 0.06591205618021084 0
0.5639912628788568 0.05592446719079125 0
0.5689062913644426 0.05451089796925278 0
0.4205881852829263 0.04700883764406381 0
0.4186179083587579 0.05135087621394313 0
0.4155833933992975 0.0473794790117388 0
0.4397570415255415 -0.1193085824482695 0
0.4448182018773912 -0.1194980987363801 0
1.031281270619045 -0.0791706275372023 0
1.033233242654581 -0.0838855289544371 0
0.1154404116134364 -0.06447290065726372 0
-0.152101576748981 0.09540575891686712 0
-0.1526115466172267 0.08171408417677084 0
-0.1344683699717686 0.09117682032033077 0
0.1462128995480429 -0.08223884723376276 0
0.1412423166937864 -0.08153090317163875 0
0.1257779880277246 0.06540506420557726 0
0.1307660104589004 0.0655425879569988 0
0.9713395508053215 -0.1097274219168248 0
0.9753839487570958 -0.1067994491758976 0
0.9709699009457351 -0.1048705519554064 0
4.826834317434029 3.730062640717169 0
5.065451942260452 4.054848506066923 0
0.7618131522331445 -0.001998576612675012 0
0.7596974827953078 0.002807000417065168 0
-1.191252543248714 -0.4039017575331434 0
0.3199870209822261 -0.0702066768416979 0
0.314888433049029 -0.07002506539368245 0
0.317152314249366 -0.07419417606069187 0
0.8854857123661108 -0.7013653866286553 0
0.8507396335766149 -0.786705719510243 0
0.4209130965085205 0.05606601358249407 0
0.4159083046248917 0.05643665495016906 0
0.2035094129356314 -0.08016720599902588 0
0.1983862728752217 -0.07966564152578215 0
0.04142877614414858 -0.1107656673250153 0
0.04969232355108043 -0.1122281139342886 0
0.4741868084867269 -0.09823355637334008 0
0.4713397528779515 -0.1023860749692189 0
0.1408945563956082 0.06588276013940338 0
0.1357611514974258 0.06573526157724349 0
0.1960516599477663 0.08417883002430365 0
0.1066032506658243 -0.04065244755782667 0
0.1115994320455459 -0.04170831428122865 0
3.897232933608273 0.2052585327729873 0
3.87634220204317 0.1589521374404829 0
0.7727503779122099 -0.1090290230356817 0
0.7697499645264048 -0.1187738498466301 0
0.7732881020253279 -0.1225557776501271 0
0.1832129231183764 -0.07803740323018321 0
0.1781631030796892 -0.07739717018199432 0
3.871489287869623 -0.2330145774442453 0
0.3249718527470639 -0.07058124322133887 0
0.3277209251940041 -0.07564230115570031 0
0.3304418757585049 -0.07184775686833185 0
-1.626242106881912 0.5756295736739079 0
0.2199262502776438 -0.1433281471228146 0
0.140951200043744 -0.04785732933621935 0
0.6856440736637321 0.08645810866236014 0
0.6962382521273069 0.082517985647305 0
-2.652650981318956 3.56047694816955 0
-2.480005870207291 3.897086719818709 0
0.1509243312563635 0.06614290357213905 0
0.1483083254560988 0.07031083860959353 0
0.1458916369535382 0.06601617313837232 0
0.500349513724369 0.03554672378460963 0
0.4950301637737774 0.03722515035355199 0
0.1759867372838241 0.07505495406039429 0
0.1785264215370183 0.07076879758629219 0
0.538176082919844 -0.1429620172369331 0
0.5333773355339857 -0.136997604251226 0
0.9140274124868781 0.129377633525384 0
0.1514560902580993 -0.08276588936728102 0
0.3454244551147459 -0.07209366301165832 0
0.3483158506536785 -0.07628131145605908 0
0.350531914379536 -0.07235596270833032 0
5.622398010135914 3.641878343384665 0
5.461619164005583 3.984115176686299 0
0.160942757852386 0.06636278776764067 0
0.4074877080756889 -0.1047193212749578 0
0.5226330541473211 -0.09679949315885911 0
0.1606978966810452 -0.05146219893433911 0
0.09319830256620104 -4.497675949899353 0
0.2016909590669199 -4.070707853624228 0
3.886923193749944 -0.01465853796454607 0
3.936871971651556 -0.01146955178814876 0
0.1368804344049838 -0.09412651322694723 0
3.746551876204975 0.4073741896246579 0
3.714984678387522 0.4483099272209152 0
3.658366071091811 0.3078049711010155 0
3.707982243210368 0.3145447001351176 0
0.6373958862326558 -0.08446849679218607 0
0.6347716271760631 -0.08899147360782356 0
0.6397542000203629 -0.08896594196267379 0
0.09984916822515491 0.101259959721423 0
0.09816341161252498 0.1058064119885615 0
0.2520339381719044 0.0912466832590932 0
0.2563979179702764 0.09362724947242682 0
0.242698537823174 0.09647912040256154 0
0.1810364080945222 0.06642530597690308 0
0.9834336278614911 -0.1017863338374481 0
0.1029439671464258 -0.2030768310228605 0
1.022181927514058 -0.02993768986788951 0
1.025330478643489 -0.02527246772776493 0
0.2116252696189733 0.09672826326788701 0
0.2163367571797299 0.09489717015871033 0
0.1805103528253904 -0.05470168568376035 0
0.479967067510942 0.1993542412156384 0
0.4264919810212586 0.05515281283115683 0
0.4285555354949105 0.05031861190206147 0
0.4314248162737824 0.05449118988695016 0
1.03166652938488 -0.05345057472204214 0
0.9405985795004302 -0.04347453506106148 0
0.9439635013498049 -0.03977313783743466 0
0.9390896071130379 -0.03868639504349292 0
-0.6309772774590219 0.3574536250620831 0
-0.5591188626839301 0.4331037267500946 0
0.4249773361142594 -0.1100920891848818 0
0.9182151683947063 -0.008155269595599739 0
0.9217043495777344 -0.01130865430329975 0
0.0256467662454168 0.08641162371757294 0
0.02341148661723473 0.09092452874197374 0
4.990271129328772 3.363005178045201 0
4.592169012433146 3.405092011540213 0
0.1734458119100218 0.07914634739197954 0
3.537428470824782 0.1955450356991158 0
3.485123678983954 0.1941453545101052 0
-0.7281799207823636 0.9554684310467134 0
0.6038917807240325 0.0532651197742717 0
0.6082302258978667 0.05576014288745264 0
2.628544257746777 0.2477997416999692 0
2.633212222433909 0.2965271173407309 0
0.5176181030301731 -0.09657890871026012 0
0.5125540996084643 -0.09638535877499092 0
0.2530430574230034 -0.2637114646452428 0
0.4106249536485268 0.04801409622493214 0
0.8904756657228777 -0.003873152566359318 0
0.8919775007372782 0.0009086870546959318 0
0.8774764662616064 -0.002435773078907101 0
0.8809190996421062 -0.006122351820156521 0
0.2369673640445772 0.06477078162091726 0
0.2319744945833621 0.06501583436646095 0
0.2098106804567694 0.1070428581600518 0
0.3487574558872427 -0.0904412472468793 0
0.3458706750845268 -0.09388627642160927 0
0.2303524090743889 -0.06221149192194415 0
0.9845332413450801 -0.02757886881551098 0
0.9894752246669993 -0.026707692846106 0
0.9796052782124678 -0.01561008553849261 0
0.977904711569675 -0.02031995242946201 0
0.9871932285153595 -0.04998244110376301 0
0.9854980262437313 -0.04543602536055547 0
0.9828021308757429 -0.04895525393802601 0
0.9627695184706451 -0.1106736960016681 0
0.962505526068933 -0.1057423033885673 0
0.1198179128815243 -0.05220810774795587 0
0.118080182056592 -0.04747903584797171 0
4.114359632427722 2.077610099825398 0
4.421243429834015 2.075209974323364 0
0.854320026915307 -0.1113462471377774 0
0.8498110572542964 -0.1091257681894693 0
0.9644155861481883 0.02835815146244169 0
0.9741827447155242 0.02755443933200502 0
0.1468504579236057 -0.09550947823475828 0
0.1499397940629595 -0.09155285238323577 0
1.000803932912349 -0.06093640823129095 0
1.002860383412249 -0.06564851146551846 0
1.006518292755789 -0.06121811263606577 0
0.9998849711523603 -0.06954905362436543 0
11.65350363603572 2.199850692964104 0
11.30925691788008 1.998562080321504 0
11.65575328184437 1.798711387342609 0
0.4900860894033405 0.03796339154054285 0
0.5651729710584956 -0.1203037460276505 0
0.5678474893109529 -0.116031368779088 0
0.5631074852656432 -0.1072246952687356 0
0.558102620682178 -0.1070617428503164 0
-0.02447169904877873 0.03402860696720814 0
-0.02290565361793225 0.02931466982254336 0
0.305430390573097 -0.08597400831290491 0
0.3022885911456318 -0.08986992322192359 0
0.3146406167798206 -0.08742442138736906 0
0.1373467318670618 -0.07231737359472978 0
0.1353071587580204 -0.06768417876224259 0
0.2877825915882356 0.09869074032132749 0
0.2853287561441371 0.09422999639776419 0
0.3004399717722434 0.08578891811058303 0
0.3054559406973758 0.08575395629182352 0
0.139388636156785 -0.07686595869176635 0
0.9891987646151725 -0.05469923122797577 0
0.9918946599831608 -0.05118000265050523 0
0.0005360917276175108 0.06934027259844887 0
0.005544090077338089 0.06957689962520469 0
0.990656660771287 -0.05948877481816889 0
0.9859552293034856 -0.05829121327142668 0
0.2624064623109472 -0.08577389477641131 0
0.260132996294692 -0.08121589818617939 0
0.2507878405601042 -0.08099401280538941 0
1.008146258117307 -0.05436029449379783 0
1.009350092131551 -0.04958592005540238 0
0.2810936675155568 0.06147066507975766 0
0.2789604601823878 0.06540260431022904 0
0.2762273424181104 0.06152332265183403 0
0.3889203517690858 0.05504217774011009 0
0.3925137541447065 0.05851063072891938 0
0.3876899398688942 0.05918882952776039 0
0.9714301534752238 -0.05498608067066738 0
0.9702643512644338 -0.0504072885633865 0
0.9667693525371397 -0.05398194067703443 0
0.5949256119886935 -0.08877842876903839 0
0.9461083288084826 -0.09268741599514393 0
0.9464622313508371 -0.087938737807587 0
0.4056661739991037 0.04879731667928132 0
0.408654336825706 0.05250473803596729 0
0.8162813467830591 -0.09943050295112264 0
0.8169638798266253 -0.09450922811545719 0
0.9420809461432199 -0.0482336630239041 0
0.9372070519064529 -0.04714692022996236 0
0.09974885020360638 0.07244922440209155 0
0.0887281622068902 0.07984775002837294 0
-1.406499227439954 -0.6308276972450532 0
0.6398993955265515 -0.08013694648972602 0
0.6349168226822517 -0.0801624781348758 0
0.7337135101293892 0.03250732668123976 0
0.7337571458487256 0.03750251104138759 0
0.3099051836464303 -0.06963001229484195 0
6.659037521012062 1.864122250008376 0
0.154997848634686 -0.09219519432273729 0
0.1531156734491217 -0.08754970913065749 0
0.01375795671922121 -0.0492691419478473 0
0.01238283241411247 -0.04463096144572214 0
0.5324454927881059 -0.1058677913418205 0
0.7339165925248079 0.003510036308106631 0
0.7348458350422864 -0.000994298468167152 0
0.7388791143267883 0.00213321914422026 0
0.6743382738662642 -0.07962369566608307 0
0.676805483967417 -0.0835204092192291 0
0.6798779058046877 -0.07949458130698644 0
0.7228293621622129 -0.1063751830616078 0
0.7213186344457767 -0.1111725291643921 0
0.7476639105556843 -0.08307147637347009 0
0.7459254106201327 -0.08732541931006199 0
0.7508458273211513 -0.08713572365735295 0
0.3354281483208281 -0.07220263254360683 0
0.8148692801459863 -0.0212759457084567 0
0.8132800002427488 -0.0165300270742748 0
0.810020515119356 -0.01990718387638917 0
0.4483121526775873 0.0475403816660409 0
0.4511520110416528 0.05139673409799961 0
0.4462903788874378 0.05209433705708047 0
0.7450657904666103 -0.07894353675725171 0
0.7499862071676289 -0.07875384110454267 0
1.016390602619323 -0.03919577172794782 0
1.01924030340866 -0.03498707322210697 0
1.004754054972394 -0.03404052335686384 0
1.007000056503079 -0.03826691999954539 0
0.0534657173799104 -0.05368522987854005 0
0.5566613530566109 0.06721337169400009 0
0.5579658773164691 0.06236384828416682 0
0.5699604252685655 0.04966383323572605 0
0.2051521946170804 -0.2716200502796861 0
0.3555206946991157 -0.07267365268772813 0
0.8700902446929817 -0.08428032696503431 0
0.8730390571693898 -0.08892596192852309 0
0.8755755688796996 -0.08440443469519507 0
1.029367716609463 -0.07470617387349228 0
1.026245288621296 -0.07868734590411199 0
1.030048668683572 -0.08779151623956159 0
1.035123068707275 -0.0885252456261767 0
0.4848426176609664 0.03788257214265194 0
0.4880595216767131 0.04245444921702493 0
2.326272765598591 0.3417368451021746 0
2.36805110890537 0.3133395674082787 0
2.37185425868649 0.3631887916476021 0
2.375754185329548 0.4131802103678377 0
0.118568357138688 -0.06062032062526366 0
0.9798726818653976 -0.1089780907430878 0
0.9795030320058111 -0.1041212207816694 0
5.302134671936381 4.350987875531064 0
0.2435938667751146 0.8038324550798084 0
0.2002696575982415 0.9130888353359943 0
0.9899355464241313 -0.07849254793103547 0
0.9875974903158724 -0.07445584498607462 0
0.9848948330182843 -0.07865699605901409 0
-0.01702853054780901 0.02304161529493466 0
-0.02172019519486689 0.02455904886397769 0
-0.02066507375551804 0.01967160005226948 0
0.4007058267159295 0.04941684597475447 0
0.2083804666044839 -0.08070668130280073 0
0.2062432867645871 -0.07620061103680874 0
1.001925034621954 -0.007234683605090438 0
0.3760083163442487 0.05252982642065915 0
0.3809798237375716 0.05182465256953248 0
0.3791250300999507 0.05642555039007777 0
0.4662680886657288 -0.1019517480587086 0
1.113895919622138 -0.04197705738855687 0
1.120325307734932 -0.05405841966148072 0
0.1268458154187388 -0.09271668983751016 0
0.7691729114895305 -0.1052429443312253 0
0.7676785614240618 -0.1101494256781719 0
0.1760285053357761 -0.07292721100057029 0
0.3907678566474531 0.05055875399646864 0
0.3859440423716408 0.05123695279530965 0
0.5278384028145101 0.03569984338645509 0
0.5266406424652952 0.04012145392551175 0
-0.01334346976463415 -0.03259970207679098 0
-0.009769436724357886 -0.02929415858641054 0
-0.0110768572671498 -0.02457145128151849 0
-0.006337617611262022 -0.02616938347686486 0
0.4096843332613107 -0.07552945574696027 0
0.4146783133093693 -0.07575087797193988 0
0.4165911911956417 -0.1228167498807137 0
10.96223185468812 2.196678083372899 0
11.65575328184437 1.398711387341129 0
4.000733214160419 -3.893662051243405 0
4.316574572357994 -4.181407528851507 0
0.4106764233571409 -0.1005698345120931 0
0.4055624631354074 -0.1002270359157862 0
0.4255447450914503 0.04635970044025835 0
0.4304775803439741 0.04569807749605168 0
0.02011561788913463 -4.888002312614016 0
0.4500292349774548 -4.691741588600777 0
3.837000381455574 -0.01770607599123517 0
3.86389555141953 -0.05930830040984275 0
0.5982888013635628 0.2299400676568014 0
0.5857109789683319 0.2063887207935307 0
3.611316963435409 0.299948578621942 0
3.64194079611694 0.260356933952295 0
3.776832985999085 0.3667766151995154 0
3.796410279556665 0.4132747309853066 0
0.4798968334617356 0.03860926916892239 0
0.1014698800292509 0.0965327787910933 0
0.1047163196819746 0.1000635605251274 0
0.4404133578803495 0.0443254110542963 0
0.4384694456354033 0.04894748679148828 0
0.4354322829923805 0.04503491322066283 0
0.2469346052350624 0.08888111666252355 0
0.2518317625349171 0.08627269023387363 0
0.4502278573738671 0.04295107175566096 0
0.4453662252196521 0.04364867471474182 0
0.2069549867239016 0.09849517237602592 0
0.2077439426166656 0.09350442825244148 0
0.4551789118043812 0.0422611958973855 0
0.4601752655899905 0.0415118524000883 0
0.4581701386174115 0.04609343520966283 0
0.6174146887262646 -0.08443134892770486 0
0.6146245772299184 -0.08885551736433743 0
0.6196295272673604 -0.08891289825423992 0
0.6299156360873819 -0.08883555098500126 0
0.4702205809692045 0.04016421534189289 0
0.468262535540971 0.04469900170501684 0
0.4651245378312543 0.04080930534924167 0
1.026602317165364 -0.05359771595850683 0
1.029672557219703 -0.05807527652867184 0
0.02823404203748999 -0.06649659684509152 0
0.8776235615881656 -0.0794192209545683 0
0.8805723740645736 -0.08406485591805708 0
0.9204856874777527 -0.01615923452933302 0
0.925232652495194 -0.01456783880287097 0
0.8676280499057973 -0.07997058211124355 0
0.8650915381954875 -0.08449210934457159 0
0.02784558133821763 0.0820355860051025 0
0.03062964846722678 0.08617050916223301 0
0.1701321813338281 0.0840025797276138 0
0.7250179809023714 0.001284281002334289 0
0.7287342690554354 0.005625331266390985 0
0.7238689367175007 0.006527093573006055 0
0.6125594256698312 0.0532231443347778 0
0.612558143748033 0.05823107962685133 0
3.81802652829971 -0.1477425784724271 0
3.794580744587172 -0.1930534277498805 0
3.844527538749031 -0.1906389057655556 0
2.455162694558284 0.3067561569951512 0
0.8794497977089505 -0.01089876862765551 0
0.884240312696089 -0.009757566417201574 0
0.8968972128245833 0.001946614045625207 0
0.8936329967453509 0.005620456623337187 0
0.9810867303998151 -0.05715691735802859 0
0.5295962493286556 0.03112921805326705 0
0.5246439884000613 0.03192493654506466 0
0.3405602343437737 -0.09336849431127628 0
0.9618969323806226 -0.05286462389526832 0
0.9729870151485915 -0.02122484794958221 0
0.9762340499297575 -0.02502983458102908 0
0.9323291116194719 -0.04605395403996741 0
0.6299179448662551 -0.08017231482519577 0
0.8495734876353395 -0.1045474232866672 0
0.8454348095271025 -0.1072639392483734 0
0.8588375804139957 -0.1134980105326313 0
0.8584672888612221 -0.108561015622617 0
0.8500580037425789 -0.07617538248037459 0
0.8550540590468315 -0.07600715209816725 0
0.6848765643723216 -0.07944673660830959 0
0.6249187987750572 -0.08883290167513701 0
0.6274164760760312 -0.08449137912747159 0
0.98990111267208 -0.07010971192870649 0
0.984860399266233 -0.0702741600566851 0
0.975111623044667 -0.07075182037513923 0
0.9777995045436461 -0.07482629598691047 0
0.9798688954110463 -0.070545817502282 0
0.5557576459685385 -0.1026447179780053 0
0.5728522024233283 -0.1161671647866789 0
0.5704662941402692 -0.1117681355595642 0
0.8051223351140223 -0.01890882788716719 0
0.2974337645427113 -0.0891740966697324 0
0.7549841398261832 -0.07865612647848533 0
0.3079070125893727 0.08138196975392223 0
0.3104484070621271 0.08570214429291914 0
0.2803307454284482 0.09409767185654216 0
0.2829406943415504 0.08982694150717402 0
0.9701196517057253 -0.07101468324453029 0
0.9653115003245302 -0.07198121522688092 0
0.9682340807960716 -0.07599883084211834 0
0.008130587502915114 0.06528370992339383 0
0.01044186918776168 0.06973391579292432 0
-0.004459831759867219 0.06911277270258114 0
-0.00176311509499321 0.06489919385980647 0
0.955131083951166 -0.07155423522268091 0
0.9582379301864918 -0.07628412747310365 0
0.9603190831795505 -0.07223547057404622 0
0.2576350539760166 -0.07574343373125253 0
0.267372251712681 -0.08606981848775652 0
0.9520327913854434 -0.04995959607734009 0
0.9505481763336828 -0.04518625443886981 0
0.9469570887889578 -0.04933461949347351 0
0.8602659874155139 -0.08461833013729897 0
0.8577068668335983 -0.08024580724559627 0
0.8553435108408092 -0.0846817728921144 0
0.6149172704414254 -0.08011415279117726 0
0.6199222204788675 -0.08017153368107974 0
0.8213684761311058 -0.09256279627756883 0
0.9860720358421278 -0.1364180285337548 0
0.733714348367104 0.0276232478893792 0
0.7380823398139305 0.03006751590553699 0
1.890336069419363 0.3243750421554097 0
1.932012388906821 0.2962086909207093 0
1.935322132931754 0.3460471831199137 0
1.980537108028888 0.3677944019532755 0
0.1567960598399157 -0.09687696934242682 0
0.1599719392260779 -0.09287382608984852 0
0.8933860677649007 -0.03753399209285534 0
0.8918720102720671 -0.03249240624689999 0
0.888361748193381 -0.03608918347205477 0
0.01509019712036466 -0.05395409024640554 0
0.8799633922510796 -0.07503389637447849 0
0.8749665870662056 -0.07537347515161648 0
0.8649723404682672 -0.07576817587929924 0
0.8699710469657616 -0.07555639349976195 0
0.5352662934519903 -0.1016732861423427 0
0.6825160667726553 0.004812075380967938 0
0.6872587951922897 0.003773178129663898 0
0.6857300648931883 0.008354975335478852 0
0.6975031811704042 0.002502338484520947 0
0.6958027696971694 0.006960364223891584 0
0.6921732047860576 0.002858052344804176 0
0.7164197612101502 -0.1121811023510781 0
0.7197774269909986 -0.1159141729577584 0
0.7243978676131788 -0.1017522234287071 0
0.7195294741158943 -0.1028164989248112 0
0.7071911939980191 0.0001581393061649097 0
0.7059076915597566 0.005182755950871665 0
0.7024162485197785 0.0015800337189016 0
0.7121029218804358 -0.0007712730667345097 0
0.7168379276436556 -0.001558682181327317 0
0.715417642801217 0.002973452423542167 0
-0.04717158194545983 0.01900137386997445 0
-0.04823105770892537 0.02396846638951736 0
0.7266136502117823 -0.003396899711083642 0
0.7217483178738476 -0.002495137404468571 0
0.7315227054587092 -0.004340326945936303 0
0.7364852272606897 -0.005717144109822673 0
0.7461152872121635 -0.007418274875919983 0
0.7445306975510396 -0.003121893567241381 0
0.7413929465053906 -0.006667496940732124 0
0.7997505786559267 -0.07752975897457703 0
0.7948338730458864 -0.07775190356775452 0
0.79722006065016 -0.08177245422028877 0
0.751021666545056 -0.008375519892809399 0
0.7559280097322397 -0.009060512611984838 0
0.795057497125498 -0.01603809461051776 0
0.7898677773704128 -0.01586256601947685 0
0.7849668063775349 -0.07784504554101616 0
0.7874335967686005 -0.08196211442007413 0
0.7898365646490542 -0.07787752993440827 0
0.7663727085764195 -0.01038174241108726 0
0.7646053885817541 -0.005599774715345613 0
0.7608330446268452 -0.01002462463652176 0
0.7799693268019632 -0.07796368794400119 0
0.7749597114319293 -0.07779303116919403 0
0.7775542231270474 -0.08175897325187487 0
0.7649680068961302 -0.07838275345731853 0
0.7675505434557066 -0.08206637062064415 0
0.7699620711974372 -0.07790469931374208 0
1.009170996848928 -0.04249670148448174 0
0.05701855864633217 -0.0502376782161985 0
0.05182292458300956 -0.04915846009687731 0
0.5712739992984914 0.04485042069326749 0
0.5553024164817156 0.07208700562994785 0
0.5517405962847937 0.06853879773390384 0
1.025083429521366 -0.08709509899531725 0
1.02697325557406 -0.09173481566705684 0
0.9789448947531894 -0.09960769227025787 0
3.894935071582161 -0.1877037281667919 0
3.181524106091643 0.8854443173651708 0
3.102520487817177 0.8160891163504296 0
3.243604251372158 0.8289606250699609 0
0.2091635900830228 -0.07288120122479597 0
0.2042925364141703 -0.07234172592102112 0
0.2133763621223944 -0.08107389842371726 0
0.7702949542185142 -0.1007530017357203 0
0.7652231377303661 -0.1018734043782104 0
3.744785136047937 -0.1951598126233252 0
0.4035549124781471 -0.09581627088946569 0
0.4003661971966951 -0.0999657576523304 0
0.4156519619968356 -0.1009144193675432 0
3.840973030793365 -0.1038419474623171 0
3.890895843087734 -0.100794409435628 0
3.623474283059264 0.2139108117197522 0
3.670523390715665 0.2217672041988257 0
3.846369977023978 0.4186958497007613 0
3.816088867229869 0.4592934241259037 0
0.1096016485812691 0.09897101683458162 0
0.1079809367771731 0.1036981977649113 0
0.2507589450619648 0.08107322874936317 0
0.2558582779988068 0.08343879534593282 0
0.2039604400500145 0.09034504769037929 0
0.2086307229450863 0.08857813858224038 0
1.021930964047986 -0.05435255967223369 0
2.451138995787057 0.2570157412434302 0
2.492577673229271 0.2289867375015316 0
0.9157657200421239 -0.01764962691709952 0
0.03561970473431274 0.08582981411498089 0
0.03342088964151191 0.09020585182745132 0
0.02535899358356117 0.07810908741467273 0
0.03034187580537115 0.07786797285933281 0
1.628058174684726 -0.2830862575987422 0
1.582543511725513 -0.3050839936389246 0
1.623809328811418 -0.3329971383787198 0
0.6125382430885229 0.04822969312777059 0
0.6168661609386892 0.05070062986716928 0
0.9000904026688532 -0.00170763893083012 0
0.901745898676926 0.003004130637811134 0
0.8748101809795839 -0.0121666634857843 0
0.8781313940335667 -0.01580187808282935 0
0.3391583110437137 -0.08849645152652423 0
0.9699419768141567 -0.01755060670748843 0
0.9682713151742393 -0.0222604888590555 0
-4.150104083431893 2.045215944132464 0
-3.93666524706125 2.412883512821924 0
-4.369100554309803 2.390294265770855 0
0.8628226302107886 -0.1048856823081849 0
0.8583050767120999 -0.102733918913331 0
0.558445541950055 -0.09837554531886147 0
0.5534497984152005 -0.09820321231136894 0
0.5752419367312152 -0.1205581085044255 0
0.5778607415605315 -0.1162948752849018 0
0.2955720348750946 -0.08429107812184594 0
0.2925473652803264 -0.08801921759673445 0
0.2806713078822173 0.08558644596114573 0
0.2856693185979062 0.08571877050236776 0
0.3053573498350245 0.07707715563267882 0
0.3103498161997758 0.07702534363377445 0
0.3154465511682044 0.08558729003507567 0
0.3129954792762075 0.08995927657297698 0
0.2774850745969045 0.0977388217250286 0
0.2750970127943178 0.09333576683443842 0
0.8240762092412988 -0.1098065540087203 0
0.8195420611295117 -0.1122247641439298 0
0.005784792769030036 0.06093963806786086 0
0.01068257187945363 0.06109665423558048 0
-0.007155161246737049 0.07331202449556062 0
-0.00945436806934777 0.06887094575691823 0
0.2723093791728766 -0.0864491891817414 0
1.665407869498417 -0.3607854231911062 0
0.8254576291461988 -0.0952433370325558 0
0.7292845677617608 0.02507149527035544 0
0.733653397446302 0.02263168449465266 0
0.7423928416426291 0.02752834174857776 0
0.7423920034049143 0.03241242054043833 0
0.1651729803381361 -0.09344116970186178 0
0.7130735909073879 -0.1084780645872732 0
0.7115323834526097 -0.1132197083806395 0
0.7289734455764434 -0.1001597413234765 0
0.7256735575301247 -0.0966010571866799 0
0.06058779189373402 -0.0465839113564559 0
0.05052315141112311 -0.04446471753711939 0
0.5759481312598913 0.04368175314073333 0
0.546892733167112 0.06982402439730914 0
0.5482516697420072 0.06495039046136139 0
1.023880142670205 -0.09570219805651954 0
1.028845381832411 -0.09639861530076388 0
1.541381389658121 -0.276889233339551 0
0.9785901424472836 -0.09434177963760509 0
0.9746595465916035 -0.09667666658182641 0
0.8114150525412556 -0.2915925653360975 0
0.2183362376983901 -0.08132088050473284 0
0.2160742160094353 -0.07698706842159916 0
0.7713726057644569 -0.09621143322437622 0
1.848817135201259 0.352330448907524 0
1.845507391176327 0.3024919567083196 0
-3.551341518960363 2.431759091955258 0
-3.770337989838272 2.776837413593649 0
0.401671829334827 -0.09153237479564671 0
0.3951667456649399 -0.09962634955617078 0
3.791026236631506 -0.1062564694466419 0
3.917826536217856 -0.1428150051285096 0
3.940749056844021 -0.09828135807603532 0
0.7208290779012748 0.03030106223888276 0
0.725138551470741 0.02775789685305447 0
3.700926938078394 0.1821287393262142 0
3.719393451136071 0.228574861558757 0
3.575379369680454 0.2069179568331644 0
3.603961964279179 0.1683282270796951 0
3.876335930979008 0.3785712680517243 0
3.896014518652211 0.4245899611923213 0
0.1112412974758704 0.09446643703032134 0
0.1145059145710689 0.09810107427010527 0
0.2459199718741091 0.07899286488612745 0
0.1985458424848599 0.09232375641138221 0
0.1994326228132805 0.08739746674118111 0
0.2092756786985241 0.08349458205465743 0
0.2130591812651752 0.08665396261671962 0
6.708323794923712 -3.354763901198038 0
6.700955520088986 -3.752741981571522 0
7.039010344176927 -3.587249314565148 0
1.016942542165426 -0.05493613565328186 0
1.019619923117627 -0.0588059937461847 0
0.9122396782170534 -0.01450611895846314 0
0.9110480136988843 -0.01925569584580086 0
0.03781514603956177 0.08146177631091603 0
0.04060638721384689 0.08549711897613435 0
0.6211873555913292 0.04818312044771229 0
0.6212085381726375 0.05317657165471951 0
0.6081920376905338 0.04608295796443453 0
0.6124987729593916 0.04356044349682601 0
0.8812479100562005 -0.01925082595103458 0
0.9633897025480307 -0.02319583109159582 0
0.9664347408824654 -0.0268700723336896 0
0.4615295536309328 0.2920159043068403 0
0.867135828440363 -0.107914932488701 0
0.8669736162912407 -0.102087835779415 0
0.5637066334849949 -0.09849530282173943 0
0.5828598756754665 -0.1164201272182528 0
0.5804701413675797 -0.1120291835005062 0
8.482944263915787 -2.057054515173637 0
8.145817420894435 -1.841093474029744 0
8.127635878315484 -2.240595327414244 0
0.2796507843069093 0.102224463149841 0
0.3005761068814935 0.07715116307121947 0
0.3178973889049546 0.08126465745167531 0
0.320444461119035 0.08552178973173313 0
0.2758715069270852 0.08559574721334748 0
0.278600131183441 0.08148757620854122 0
-0.01444853358326274 0.0686392341163182 0
-0.01175320409639291 0.06443998232333872 0
0.01521776013997898 0.06142746512088866 0
0.2764784855084097 -0.08626921358496598 0
0.7423925925168658 0.02264673713820336 0
0.7467022561078497 0.0249916417731047 0
0.1670247957659083 -0.09818128152729158 0
0.7221763626717781 -0.09343986869864335 0
0.7063480354891538 -0.1152455106917172 0
0.7096942057919162 -0.1189485484555221 0
0.05398957900233006 -0.04071868591862979 0
0.04913696456402185 -0.03947249502121344 0
0.5447127053985352 0.06140841829951509 0
0.5495605685162169 0.06012319163610978 0
1.018929998882628 -0.09498359103521153 0
1.02080212514098 -0.09964739066891856 0
8.160875789064788 -1.439669878131062 0
7.805567403464486 -1.623210690371669 0
0.2238084269165947 -0.08194148530082068 0
0.3933397918074356 -0.09523305538152371 0
0.3901478909329408 -0.09930441231168463 0
3.944788285338448 -0.1851906768071993 0
3.764909319559808 -0.06659003954769827 0
3.741962817066153 -0.1104906705578083 0
3.584629651794434 0.1228708383552787 0
3.632724565173244 0.1298636932418665 0
3.856761482568047 0.3325832906887455 0
3.90640602419628 0.3384774021803055 0
3.945725429579391 0.4303936314827411 0
3.915759475624362 0.4705182131317782 0
0.1087441659391304 0.09078522173483293 0
0.1136484319289301 0.08991527917035658 0
0.1194064609410802 0.09712263400235741 0
0.117766812046479 0.1016272138066177 0
0.2421200688534573 0.08168498663919736 0
0.2057709375640614 0.08091448816969835 0
0.1984161048305156 0.09732859923769341 0
8.109940405812708 -2.640164465716687 0
7.772813562791357 -2.424203424572793 0
0.9058472173355804 -0.02136194790615664 0
0.9093732591606508 -0.02450545586479302 0
0.04559324269890061 0.08514933625247675 0
0.04339780139365157 0.0895173740565416 0
0.6209646553476489 0.04352914321937602 0
0.6253070325815975 0.04600508500692625 0
0.8859947951974817 -0.01793674630686289 0
0.9609214390052844 -0.01949021690918234 0
0.9590848647135104 -0.02409980038381644 0
0.9645886770246606 -0.03129953865356183 0
0.9694702896508693 -0.03036419642102151 0
0.8675284197957646 -0.1126968274330305 0
0.8716794058762166 -0.1098989809042606 0
8.765130493795851 -3.471361031101885 0
8.409924082689855 -3.65537348990363 0
8.746748909981463 -3.871086255755231 0
0.5852506298008711 -0.1208114730066134 0
0.5878600296079193 -0.1165457812222178 0
0.5830792777389742 -0.107762989237914 0
0.578080143624039 -0.1076377373045629 0
0.3251219728084384 0.08535039648053661 0
0.3226711350716882 0.08967302906393697 0
-0.01405191500907856 0.05999947693405989 0
-0.009057749495163593 0.06023118857465991 0
-0.01713947679650804 0.07273524098173408 0
-0.01943831282355318 0.06830427754815457 0
-0.03533076355482012 0.006056637462823969 0
-0.0389485638922291 0.002466404831706072 0
-0.0341549392482117 0.0009620725281555827 0
0.7510015796622391 0.02243899934787872 0
0.7510018287880024 0.02732060395825313 0
0.7032341226953516 -0.1106570231537993 0
0.7013959450346581 -0.1163858632286819 0
9.050381602324748 -4.123649764890762 0
8.695175191218752 -4.307662223692507 0
0.5399108206041963 0.06279011687518561 0
0.541219719378406 0.05796291804993401 0
1.017210593310196 -0.09046723569546997 0
1.01413257578097 -0.09441242830786899 0
0.2257672657833088 -0.07736200030448354 0
0.3847237091539063 -0.09867343529337472 0
3.692231063298977 -0.114526675806147 0
3.718347980370675 -0.1541931057050906 0
3.93697444295196 0.2988614100429356 0
3.95654889136292 0.3448493874059144 0
3.563208268527887 0.07779665916271547 0
0.1210307657099923 0.09255232127229487 0
0.1242916631854024 0.0960784608088073 0
8.073288830479553 -3.439403597495039 0
8.054907246665167 -3.839128822148386 0
0.04774981361489161 0.08067454315948994 0
0.05054122779469629 0.08469479823989719 0
0.6295390745890429 0.04363242129123784 0
0.6297617748327231 0.04828639851957413 0
0.9536908254448548 -0.02491397674038087 0
0.9561590889876012 -0.02861959092279434 0
0.8761514251903149 -0.1120167550241436 0
0.8757588338349133 -0.1072348600798141 0
1.72078690487994 -0.1878680860106481 0
1.67715865757407 -0.1595886192851367 0
0.5928589967061868 -0.1166712197703536 0
0.5904682425807823 -0.112279873981993 0
0.3275840813475845 0.08136118830357425 0
0.3298107553002377 0.08551242763577807 0
-0.01904594608634022 0.05976945846739494 0
-0.01635049148511091 0.05556066471871613 0
0.7553613941219846 0.02954555189134744 0
0.7510620705675952 0.03209819431657342 0
0.7509365813643154 0.01744868062316592 0
0.7552361540444681 0.01977764280831434 0
0.7048312888531534 -0.1058195350679104 0
0.6998791983986576 -0.1069598876048751 0
0.5385792757580394 0.06752593113434235 0
0.5350862897379102 0.06408043088476127 0
0.5374947533173985 0.05470864365865115 0
0.5422966381117375 0.05332694508298064 0
1.009318324264779 -0.09382149264648573 0
1.011037729837212 -0.0983378479862273 0
0.383171364662338 -0.09398360915584056 0
3.695053382280761 -0.1991958178716639 0
3.916707395120351 0.2514895378329132 0
3.966850262286991 0.2578615230585221 0
3.541475086688921 0.03343613786971487 0
3.591659070849533 0.04004578322444958 0
0.129202078690115 0.0951412605397923 0
0.1275777739212029 0.09971157326985483 0
0.0555018096410225 0.08404084276066479 0
0.0533452387250315 0.0885156358536516 0
0.04493301930593404 0.07689460305034537 0
0.04988100440172972 0.07644006503776582 0
0.6340820143118551 0.05080610953760584 0
0.6298499723044096 0.05317877325329424 0
0.8799056103075802 -0.1044412504913809 0
0.8754335909934818 -0.1023234763714979 0
0.5952495825586605 -0.1210626247101252 0
0.5978577955315234 -0.1167967174699005 0
0.3253452075767577 0.07684748384748058 0
0.330033990068557 0.07700951500272206 0
-0.01786925961646929 0.05033575829952749 0
-0.01287522853920762 0.05056577676619244 0
1.88114723333825 -0.4007466414185548 0
1.883963319311809 -0.3512111361298333 0
1.83969080324373 -0.3728999263220224 0
0.7464835460734076 0.01560865195082609 0
0.7507181204556367 0.01294729541126171 0
0.7595214395372042 0.01720145483963265 0
0.7595864378351278 0.02219177356434545 0
0.6966213504775164 -0.1031761420274411 0
0.6950241843197147 -0.10801363011333 0
0.530259578512162 0.06537888734403539 0
0.5315911233583188 0.06064307308487865 0
0.5436101426543954 0.04849350415662033 0
0.5473351087154029 0.0517477785479032 0
1.007983556140015 -0.1022927271810013 0
1.012797807656207 -0.1028836628423846 0
1.845854264013887 -0.2734536489842564 0
1.8873457944215 -0.30177902702006 0
1.890693169218098 -0.2518682549710154 0
3.645327322412926 -0.2012418547535218 0
3.671764478090187 -0.2422085616717564 0
3.494776495086377 0.02411464244049519 0
3.523227297408023 -0.0136362334977707 0
0.1309171686983762 0.1034018250587324 0
0.1260067531936636 0.1043390253277474 0
1.92880222451602 -0.3296257421165923 0
0.0576069582222715 0.07986730369570831 0
0.06041096915260671 0.08368814130946273 0
0.05726970194933349 0.09298214272593275 0
0.05230912010300728 0.09363609820516514 0
0.6384044872788923 0.04827294629920855 0
0.6384926847505787 0.05316532103292866 0
1.804321158017413 -0.2455093650548179 0
1.800973783220815 -0.2954201371038624 0
0.8843948845781686 -0.1066228840106962 0
0.8840696417367373 -0.1017115003023799 0
10.1713185328396 -3.127241496552459 0
10.18956583375725 -2.727669929547934 0
9.830527498810685 -2.91957762782225 0
0.6028623559433945 -0.1166770676187223 0
0.600471770090921 -0.1122856626789507 0
-0.02364287708837583 0.05089058426501681 0
-0.02016761414247255 0.04589569631249311 0
-0.007831627353392238 0.05180373383149053 0
0.7595359942460849 0.01234454094443084 0
0.7638862780367446 0.01475867170046195 0
0.6982553966623513 -0.09789906052920405 0
0.6934003825834083 -0.09895280303765897 0
0.6898057641593067 -0.1095412252437253 0
0.693063612080448 -0.1133249708211593 0
0.5289239079292003 0.07010088327465351 0
0.5254287415496089 0.06666352547477089 0
0.5449316881185471 0.04354393420762011 0
9.47538518369387 -3.103517582049486 0
9.493632484611515 -2.703946015044961 0
1.003200114544002 -0.1015342271258056 0
1.004960192362998 -0.1060800419819629 0
3.619991459213549 -0.1613334200267818 0
3.596702555022975 -0.2043461638268742 0
3.445934979333972 0.01562423176447144 0
0.1357986814152592 0.1024936552735888 0
0.1342276606877199 0.1071211073314813 0
7.675005832337285 4.07634012372062 0
7.915144202936895 4.399953714239812 0
7.53873257801082 4.454930234403703 0
0.06503723554565151 0.08322464839108795 0
0.0629320869644025 0.08739818745604444 0
0.6383958422894311 0.04324117824760496 0
0.6428065127281548 0.04560038974292779 0
0.8847953689067705 -0.1113953569657218 0
0.8889594003359276 -0.1086656067767209 0
1.794410217680869 -0.3948278548682 0
1.797226303654428 -0.3452923495794786 0
0.5983325589090978 -0.1074431468650424 0
0.6052478931685843 -0.1212726679621801 0
0.6078618677279819 -0.1167616131712302 0
-0.02623167277491959 0.05504565646510719 0
-0.02853002730092285 0.05060559447807281 0
-0.02357848723161496 0.04190373033697744 0
0.7681909385689505 0.01221499118741175 0
0.7681763838600698 0.01707190508261356 0
0.7039306591860193 -0.09733556631911652 0
0.6865974219796788 -0.105015621298364 0
0.5205685408422718 0.06784028044012863 0
0.5219042114252335 0.06311828450951051 0
1.001923168327948 -0.09650423089557245 0
0.9988998045509307 -0.100291545696534 0
1.001895850749619 -0.1099977239717796 0
1.006679292345633 -0.1107562240269753 0
3.547164227956242 -0.2068847641164478 0
3.572500091155618 -0.2467931988431879 0
3.39486244297931 0.01252724241991938 0
3.425456169450818 -0.02605471827154245 0
0.1373854418702664 0.09776736747418001 0
0.14069593385961 0.101486649746929 0
0.0675164714410527 0.07933217751608349 0
0.0700375892528485 0.08304222366266518 0
0.6471383391173151 0.04305059743150298 0
0.6471469841067763 0.04808236548310657 0
0.8933813368511462 -0.1108263259634604 0
0.8929808525225442 -0.1060538530084347 0
0.6128614986991242 -0.1168393282521296 0
-0.03393491894807774 0.05002106882242895 0
-0.03134612326153399 0.04586599662233856 0
9.156733364380298 -2.488319348596285 0
9.511875679497113 -2.304379394369048 0
0.7725390452258729 0.01950681105044304 0
0.768234384693667 0.02205049156349324 0
0.5181433527045602 0.0594366974225642 0
0.5230035534118974 0.05825994245720646 0
0.5192555854226681 0.07264887272927034 0
0.5157310552982926 0.06910363176400997 0
0.9963830508077568 -0.1088975200258766 0
0.9981021507903918 -0.113573702070889 0
3.549593670170903 -0.2899926062536142 0
3.599131997237635 -0.2874540059640406 0
0.5122054170522529 0.06555484306073643 0
0.5084894387606216 0.0617430844815706 0
0.513328032426265 0.06048328089570242 0
0.1455928051886167 0.1005061537198736 0
0.1440060447336095 0.1052324415192825 0
0.6514813341387385 0.05057524413804113 0
0.6471495077495782 0.05312503644946594 0
0.8938015298891461 -0.115860801935296 0
0.8978229820757627 -0.1132490481670098 0
0.8971181289788952 -0.103263141604089 0
0.8926961924636766 -0.1011024224173495 0
0.6152462144107906 -0.121467822671688 0
0.6178603081567432 -0.1169499374091295 0
9.936437967723009 -0.5149682987292563 0
9.582812506200547 -0.7041313060870564 0
2.356293910286077 0.1639928924994377 0
2.311234777907186 0.1423230381213388 0
2.352601789924407 0.1141303661653803 0
0.6557971146867675 0.04300637436326905 0
0.6515735682248158 0.0405205425104876 0
0.6558918724156468 0.03799434370207487 0
0.6472330968461943 0.03803856677030881 0
2.269939660797108 0.1705031717190211 0
2.266247540435438 0.1206406453849636 0
0.7768331271119289 0.0169453959400141 0
0.7768911279455262 0.02192398242089378 0
2.221207036246049 0.09895765630355234 0
2.262502153356127 0.07077752270587004 0
0.5108924616326491 0.07036343534987813 0
2.1761481455917 0.07729150645464299 0
2.179893532671011 0.1271546291337366 0
2.131091264296141 0.05561727663848243 0
2.17240476787118 0.02742030380829818 0
3.499851945893652 -0.2932422357641253 0
3.526483851975669 -0.333903042884978 0
0.1470665379242242 0.0958712438332259 0
0.1503766487982237 0.09961703560557936 0
9.566536748768616 -1.105648960710189 0
9.227724600986814 -0.8881162575293498 0
2.089755696949361 0.08388490731343021 0
2.08601231922884 0.0340137046670854 0
0.6558202898288439 0.04801282821946785 0
0.6558228134716458 0.05305549918582721 0
0.901451498096538 -0.1056165058541506 0
0.9011668380376703 -0.1006650752630655 0
2.040910153088348 0.01244212002461634 0
2.082245720435128 -0.01582551065033143 0
0.6228528566934598 -0.1173098834953997 0
0.6204681409817934 -0.1126813890758413 0
0.7767625930923436 0.01194578691602854 0
0.7811146758119969 0.01436295828647928 0
0.7812551302204684 0.02436114737535545 0
0.7769610483344125 0.02692256248578439 0
0.5097724309217673 0.07499767204152047 0
0.5062467926757275 0.07144888333824695 0
1.99948535182336 0.04102851761466635 0
1.995718753029647 -0.008810697702750489 0
1.894193897205081 -0.2017529738173867 0
1.935685427612694 -0.2300783518531901 0
3.472830760596006 -0.2513346800324701 0
3.449720942400772 -0.2952451166638339 0
0.1552571784512846 0.0986441330855448 0
0.1537834457156771 0.1032790429721925 0
0.1437453992297729 0.09206525806659828 0
0.1485292428393799 0.091176139952304 0
0.6601385940196748 0.04548662941105513 0
1.950476497440291 -0.03021678505354894 0
1.991901298705279 -0.05880318264359893 0
0.9054375699506201 -0.09811514885279397 0
0.9011042008329773 -0.09576178460273241 0
0.625242061755356 -0.1217593591118953 0
0.6278498945804061 -0.1174908107786071 0
0.785406921937067 0.01179846206448341 0
0.7854774559566522 0.01679807108846897 0
0.501608252149717 0.07252937390875872 0
0.502728282860599 0.06789513721711637 0
2.213714808026457 -0.0007643961666356711 0
2.168657926730898 -0.02243862598279622 0
3.399780764569377 -0.2977244420417522 0
3.426801949867023 -0.3396319977734075 0
2.078502265005072 -0.0656941924320448 0
2.123604431145566 -0.04412260778957575 0
0.1568677694241413 0.09388734335240233 0
0.1602745663415946 0.09754935071901551 0
2.164914471300843 -0.0723073077645096 0
0.6644592140449807 0.04295635450525381 0
0.664482389187057 0.04796280836145262 0
0.9096943529491709 -0.09536695604455769 0
0.901173762043296 -0.09045769030611708 0
0.8969030301303462 -0.09300761671638857 0
2.07480924705649 -0.1156782012339766 0
2.033450536346052 -0.08738110409473229 0
0.632916963923279 -0.117532865469463 0
0.6305277588613829 -0.1130833898529673 0
0.7854454555407613 0.006981760382790605 0
0.7898082356854167 0.009416873184780288 0
0.4992348364192983 0.06431210560307363 0
0.5038733769453088 0.06323161503256186 0
1.970087837024112 -0.3579175444764483 0
1.973470312133803 -0.3084854353666749 0
3.372726503715896 -0.2556885022595174 0
3.349807511182147 -0.300075383369091 0
3.404137457159178 -0.3842648533916961 0
3.454077634990572 -0.3817855280137777 0
0.1637298852082641 0.1010703505698565 0
2.314317457205697 -0.3838139631916721 0
2.306837934547568 -0.433252369449501 0
2.352737106948229 -0.4122165575427138 0
2.28120119226916 -0.2564448999456173 0
2.322485813417811 -0.2846050004053529 0
2.326372328816628 -0.2348513713330907 0
0.6644329829574718 0.03795525748784639 0
0.668776778124854 0.04043143643824389 0
2.31876565323835 -0.3344883401513822 0
2.27286648083769 -0.3555241520581693 0
0.9138685910350368 -0.09266286561139031 0
0.909549170831793 -0.09050776775929355 0
2.240033107359308 -0.2283734208634161 0
2.236146591960492 -0.2781270499356782 0
2.018471373919858 -0.28686625496595 0
1.977185761411765 -0.258574452606094 0
0.6284036166629811 -0.108203025179133 0
0.6352492106586315 -0.1220420801411313 0
0.6379270749396082 -0.1176346592154915 0
0.7813676156661237 0.003813397616853779 0
0.7857689294144734 0.001431808737150662 0
0.7941201366926917 0.00688533824051538 0
0.7940816030889973 0.01170203992220818 0
2.363936789785818 -0.3128948115388556 0
11.67465436257753 5.01106275356404 0
11.67465436257753 4.611062753562562 0
0.4946231010721271 0.06564432219099722 0
0.4957681951568369 0.06098080000644271 0
2.243780433625995 -0.1785152954807827 0
2.198725833317327 -0.2001974454708436 0
2.401541416169039 -0.3909908536799555 0
2.39406189351091 -0.4404292599377843 0
-5.601678104497884 -2.969717053689081 0
-5.703324296932527 -2.607081486573628 0
-5.705875166468073 -4.599684105342741 0
-5.389848970961728 -4.402857504399833 0
-5.683973804493655 -4.203173399051176 0
11.65350363603572 2.599850692965583 0
11.65357547141049 2.999975115485122 0
11.30707910744621 2.799825808462539 0
10.96073838679421 2.99994608356471 0
10.96066655141943 2.599821661045171 0
3.396599947578439 -0.2126766201086898 0
3.346626694191209 -0.2150275614360286 0
3.354211778459801 -0.3864516942401707 0
3.381487463583349 -0.4286052244805411 0
0.167046718268417 0.1048004240391056 0
0.1619808084288909 0.1060362139214071 0
2.063473605238138 0.3113783345906085 0
2.022110148295615 0.3395566447217344 0
2.018361909361735 0.2897025217540874 0
-5.640744652061024 -1.009561826589166 0
-5.640744652061024 -0.6095618265876869 0
11.65358983848493 4.199999999992725 0
11.32824420106247 4.411062753561204 0
0.6600895805593919 0.03547839362008166 0
0.6644071446392653 0.03295347555307174 0
-5.641174704599527 -0.2095007609709143 0
0.6730942188546107 0.03790673182509784 0
0.6731204499421195 0.04290782884250526 0
11.30716530989543 3.599975115486722 0
10.96076816494823 3.799997660842513 0
10.96075379787379 3.399972776337869 0
-5.586940490678192 -1.452205540343919 0
-5.227685142739217 -1.261767366950835 0
-5.586940490678192 -1.852205540345398 0
-5.703324296932527 -2.207081486572148 0
-5.601678104497884 -3.36971705369056 0
-5.683973804493655 -3.803173399049696 0
-5.285651908991538 -3.572890452749131 0
11.65358983848493 3.799999999991246 0
11.65357547141049 3.399975115486601 0
2.157415141871445 -0.172015803450583 0
2.153667815604759 -0.2218739288332164 0
2.014668328893598 0.2398600833369894 0
1.973304871951074 0.2680383934681153 0
0.9183221500878892 -0.09020909180052798 0
0.6429649348679396 -0.1177581199356379 0
-5.705875166468073 -4.999684105344221 0
0.6817050980495696 0.03270641585882081 0
0.6816907981822826 0.02772574433791646 0
0.6860321154307887 0.03031656185368884 0
10.9180129546115 4.268271889311261 0
10.57160144258986 4.068269550162407 0
0.7984487140323115 0.01414441575951789 0
0.7941368130250366 0.0166759507037828 0
0.7941482213172653 0.002059835477319947 0
0.7984215887208459 0.004345002214747839 0
2.025648803905291 0.3894702147897966 0
2.055970693106938 0.2116901596159754 0
2.010913655696277 0.1900260313300033 0
0.4923198202805051 0.05764566049524189 0
0.4969315556276764 0.0563134439073183 0
0.4935446942276845 0.07109989594011054 0
0.4900780529652231 0.06776859034347962 0
0.8027435386832626 0.01158424355434792 0
0.8026671870584118 0.006612843878073341 0
0.8070172216454021 0.00902658245447799 0
10.61589113403612 2.396798358475071 0
10.61434124184701 3.199968628920502 0
3.318955958495953 -0.1737114922911724 0
3.29508251463341 -0.2167233744419999 0
2.00714489333497 0.1402281275610161 0
1.965842529121629 0.1683980512820301 0
0.1719815486073591 0.1037716702218071 0
0.1702324718279859 0.1087375335733577 0
2.191232338728219 -0.2999156163017699 0
2.23240042363807 -0.3279870953839711 0
2.227952227605416 -0.377312718424261 0
0.6643805340182138 0.02795304396363787 0
0.6687239364162937 0.0304299078314026 0
0.6774428882123497 0.04542146145195078 0
0.673125447482593 0.04794616606509682 0
0.9183819230318536 -0.08537061573310734 0
2.146174033995151 -0.3215916237364386 0
2.149920202317573 -0.2717315782881458 0
0.6452662691829361 -0.1222649820338998 0
0.647971882375915 -0.1178792280823779 0
11.65881209328469 0.1842594079747362 0
11.65881209328469 -0.2157405920252655 0
-5.641174704599527 0.1904992390290874 0
0.8027987486193019 0.01655815433592254 0
10.21899941203645 3.756754185935201 0
0.5012293140959729 0.05442046289662133 0
0.4853765966573496 0.06937526436443871 0
0.4864550035017922 0.06391969061532538 0
0.8026952716829854 0.001787341114877908 0
3.245032595195119 -0.2192441415389265 0
3.272703330890375 -0.2605602106837828 0
10.26818772752312 2.599437361149987 0
10.26975303079181 2.196293783477715 0
0.1768066797424386 0.1029476702018267 0
0.6817063039582496 0.04274339519669405 0
0.6817113014987231 0.04778173241928561 0
0.6600461125645364 0.02553881510243997 0
0.6643629043415648 0.02301524738077084 0
0.8071607099076215 0.01899189414260512 0
0.8028658852566706 0.02155206634777509 0
0.6529084500438112 -0.1181352119022133 0
0.6506071157288148 -0.1136283498039514 0
0.4836813793559593 0.07385279265983091 0
0.4800583298925285 0.07000389293167668 0
1.92079139051849 0.1466999251418111 0
1.924560152879798 0.1964978289107984 0
0.8412966926977086 -0.002324477697968126 0
0.8450187581737816 -0.004010384165434959 0
3.219530731828714 0.1024938179246295 0
3.174919123436236 0.08091052647148823 0
3.215797459025561 0.05611515474928144 0
3.217991942989784 -0.1778772827827311 0
3.195612759246749 -0.2217141190245139 0
2.052651348554412 -0.414353815513217 0
2.048907358959041 -0.4642174736553637 0
2.093634840248618 -0.4430067041548611 0
9.923746872127049 1.995855110906373 0
0.1816849470325712 0.1019937757961801 0
0.1800455694570606 0.1067548853504127 0
0.6658122365440939 -0.1055372401682167 0
0.6683553206429678 -0.1015123784173503 0
0.6632784813692868 -0.1013689438270194 0
2.758071307850543 -0.2673095273045637 0
2.761804513659032 -0.2174444677049872 0
2.71686042260929 -0.2391428787878937 0
0.660852069094829 -0.09696925749746876 0
0.6583089849959551 -0.1009941192483352 0
0.6638896778905797 0.017952412068125 0
0.6682240993442572 0.0203666409293229 0
3.133601009723858 0.1056011329180703 0
3.129867736920705 0.05922246974272223 0
0.8296648686938486 0.006437030597004387 0
0.8287232948320794 0.001211163913698503 0
0.8341399105095828 0.003932187331727868 0
0.8114197914636248 0.01637178032671565 0
0.8114869281009933 0.0213656923385682 0
0.6817421529849759 0.0378401788019762 0
0.6860105662713494 0.04020044976931104 0
0.8199924639713484 0.01122296562169931 0
0.8199564999030755 0.006281330390971584 0
0.8242842170846181 0.008657642409702753 0
0.8542706110975578 -0.007907656671555595 0
0.8541478126451987 -0.01354761275258225 0
0.8155239307411131 0.004014714258914933 0
0.8198156838543827 0.001449391046918372 0
2.277450920215591 0.2702113032199186 0
2.273679561441283 0.2203602750161911 0
2.318698257043164 0.2420365926591237 0
0.6579025391541207 -0.1181001537227536 0
0.6628638901164114 -0.1182046201535952 0
0.6605050343590018 -0.1139888000546285 0
2.288834223698265 -0.1568318019833152 0
2.330140744065731 -0.1850065276572892 0
2.33388726009602 -0.1351470587672493 0
2.577980031748792 -0.3540549817384345 0
2.581727336145828 -0.3041974233066546 0
2.536673152564068 -0.325880438654088 0
2.491623407224543 -0.3475716264662804 0
2.495370711621579 -0.2977140680345005 0
2.837651190660065 0.2016654362070578 0
2.87853974728567 0.1743312431689945 0
2.882653595980689 0.2234154102321315 0
2.80679295721067 -0.1957556047654108 0
2.765582071969417 -0.1675889562487407 0
2.194887178055271 0.3265690051828922 0
2.191132958574695 0.276710491718166 0
2.236186444094287 0.2983934990417121 0
3.239951406418829 -0.1384869823558882 0
3.190531570470459 -0.1409569598414755 0
0.4112589235723847 0.07395324613484792 0
0.4075966219332097 0.07075894987832435 0
0.6557713380881369 0.02795404763601622 0
2.281205139696167 0.3200698166846447 0
2.559157254405594 -0.02673369925917618 0
2.600458672295514 -0.05489792679701784 0
2.604209254827017 -0.005046898658942645 0
2.773168113175012 -0.06788592609725635 0
2.77693292633096 -0.01803986090302646 0
2.731862162997692 -0.03971573158530801 0
0.4458461337440479 0.07863409894670156 0
0.4445478666373558 0.08350029352606073 0
0.4409936280249194 0.07985265701680649 0
0.8113791600300293 0.01142231786686036 0
0.8157053782234012 0.01379611606282344 0
0.6552673058012208 -0.12235103200118 0
0.3689426288715505 0.08109301888441242 0
0.3640589086669401 0.08213628321720014 0
0.3653191697921244 0.07739653354484868 0
2.393920418346705 0.08595809795640033 0
2.348861285967814 0.06428824357830137 0
3.152403142031621 -0.3111441061547555 0
3.104616570499834 -0.3146399097613194 0
3.129943201743842 -0.3556851336077644 0
0.8329552351874672 -0.006335789075286145 0
0.8286519294289127 -0.003375018928445346 0
0.8284088279685663 -0.008417128652153473 0
2.686804011279341 -0.06138646148816111 0
2.641762803330031 -0.08307075049871934 0
2.683056141892435 -0.1112460857900961 0
9.575752139617835 2.198775578225211 0
9.577449387466075 1.795697902978953 0
0.6644128930140543 -0.09317581724715771 0
3.174864961119849 -0.2665899300445099 0
3.200191592363856 -0.3076351538909549 0
0.4703244647595852 0.07230114687089811 0
0.4654532823268134 0.07343682608145069 0
0.4666648720440542 0.06899598615658725 0
0.6903162559935276 0.03764810870431112 0
0.6903591506829639 0.03276584650796702 0
0.694628991378416 0.03511672183768495 0
3.058062611592275 -0.4035266094840069 0
3.030013292772892 -0.358798045943028 0
3.005919274153111 -0.4031437182127066 0
0.4195839523909564 0.0762810139579938 0
0.4181598587554001 0.08139869939818549 0
0.414779119688618 0.07750808208811202 0
1.676309746803244 0.3648775245509729 0
1.679273465953208 0.413588860847445 0
1.634660579098885 0.3925508752412088 0
0.7076876040588478 0.03268813656000794 0
0.7120402357372331 0.03519628833289248 0
0.7077102518157854 0.03769323995617916 0
0.4098348299368283 0.07907093157503961 0
0.4120045661945132 0.08740268418456036 0
0.4167432779772809 0.08613149620039841 0
0.4153928181187325 0.09090841285665506 0
0.4749495835339821 0.07117086408655179 0
0.4766448008353724 0.06669333579115957 0
1.590384734747643 0.3720051054689812 0
1.593348453897607 0.4207164417654533 0
0.7033491248984023 0.03021631360266277 0
0.70767910881985 0.02771936197937609 0
0.3856627255440346 0.08577662434059745 0
0.3807954832073345 0.08693975495252582 0
0.3821425356059787 0.08222786094522516 0
3.107640375709624 -0.4003981735363494 0
3.083546357089843 -0.444743845806028 0
2.671825282355988 -0.2608296278134066 0
2.675558488164477 -0.21096456821383 0
0.401493631295815 0.07697484708802212 0
0.3977217083311508 0.07385866662359974 0
0.4025427108559309 0.07239991515735314 0
0.4634689419768391 0.06580379864805144 0
0.4683401244096109 0.06466811943749887 0
0.3545694035402948 0.08447181268296081 0
0.3525114540632276 0.08979667315198589 0
0.3491427313404659 0.08625006827981041 0
2.822007967679929 0.003603270397889893 0
2.780702017502609 0.03177346490983824 0
0.366242812897847 0.07236466469454358 0
0.6902804069668014 0.04255132509902898 0
0.4049876635550644 0.08038903704197178 0
0.4001666610302844 0.08184778850821837 0
2.104779529419969 0.2832051047411538 0
2.108527768353848 0.3330592277088008 0
2.58547190243614 -0.2543370987308255 0
2.589217892432 -0.2044765802554019 0
2.544166446956965 -0.2261623617468844 0
2.793032708703116 0.1790929781717542 0
2.797146557398135 0.2281771452348913 0
3.084604536027635 0.03113285115977136 0
3.125922649740013 0.006442244713189316 0
2.345127026104419 0.01443098655885405 0
2.303808397682121 0.04260325476783403 0
2.957170916330573 0.06864861789366111 0
3.002198450764122 0.09038593979449591 0
2.960917969651169 0.1185069813922252 0
2.874713888591333 0.1246754643176556 0
2.919716293911957 0.1464254383427293 0
2.845053377368881 -0.2740378461020819 0
2.799466578201346 -0.2955180018773672 0
2.841504556669941 -0.3239447317577919 0
3.31825036158275 0.2407641955641865 0
3.362452541462501 0.2584296478876338 0
3.322176651558281 0.2844632503684353 0
2.521625849523783 0.05124118793568514 0
2.566693316052564 0.07291385331956592 0
2.525411328639251 0.101037712376352 0
2.834732051097874 -0.3763359401327449 0
2.792087152858991 -0.3952449447750342 0
2.454064452591756 -0.2695395475698076 0
2.412732444433369 -0.2413426555428743 0
2.408988958123667 -0.2912083638197596 0
2.42773962937551 -0.04191773940125793 0
2.423993226573658 -0.09177745263664108 0
2.46904608199592 -0.07009240933327249 0
2.611749377674893 0.09459521560084876 0
2.656776024836403 0.1163381883575806 0
2.615505442329541 0.1444533505169646 0
1.582906345499419 0.2723079583044088 0
1.537064046475173 0.2522062626842036 0
1.578385719054153 0.2240548048690744 0
0.4361552807680155 0.08111540764622233 0
3.182665724279788 0.1765943374797964 0
3.223475628943394 0.1494512693794239 0
3.227488956983794 0.198756417212384 0
0.4506898357298876 0.0773948684248592 0
0.4471355971174513 0.07374723191560498 0
2.371425365214383 -0.2131666281170248 0
9.572151607148884 2.595791982758186 0
9.22585412248791 2.395634774830767 0
1.496182705223492 0.2779898867108028 0
1.491662078778226 0.2297367332754683 0
1.552710765266114 0.4498711726886119 0
1.596986609617356 0.4704169424608395 0
2.137232765609529 -0.4249526681861601 0
2.14608507267784 0.2550330607227009 0
2.187384338716857 0.2268575545815208 0
3.09229554272177 0.1337737843516722 0
3.1373469292373 0.1554618410804382 0
7.143652105683939 -0.3974730513306412 0
7.4923819572548 -0.2066657791781204 0
2.446593584506887 -0.3693044059608594 0
2.405268797944205 -0.3410917035657889 0
0.4737379938167413 0.0756117040114152 0
0.456058758276417 0.07667447371234744 0
0.4547692949030135 0.08156134074344402 0
0.8241768876131785 -0.0008701756631688262 0
2.112274934910474 0.3829166958365612 0
2.116185984065933 0.4330155420037179 0
2.071132893327477 0.4113313037254122 0
2.09727623636481 0.1835181155975225 0
2.10103090956213 0.2333521676045086 0
0.7078554521800432 0.02247740625785989 0
0.7121939313404886 0.02494922921520507 0
0.4244908160054398 0.07486011371583595 0
2.183644438072681 0.1770004512843509 0
2.228692323969536 0.198677882279816 0
9.233563923851015 1.591507233473749 0
9.58155865636023 1.38858676615491 0
0.4264702868807767 0.08373896796171884 0
0.4250537061026576 0.08847176476393176 0
0.4215481106796193 0.08490442807028019 0
2.8708337470346 0.07509312785107249 0
2.867058312422232 0.02529340428947335 0
2.912115000605253 0.04696993592979124 0
2.953395481718206 0.01884889433206197 0
3.147824308914513 -0.2252230712883145 0
2.660606816035447 -0.4104105229125216 0
2.65477262995929 -0.4539206546172484 0
2.699836198975311 -0.4322413734623403 0
2.153580859092305 0.3547434659871065 0
2.198634344611897 0.3764264733106527 0
2.626778781620864 -0.2825116418151721 0
0.7163720797619629 0.03267028718672992 0
0.7163947275189005 0.03767539058290113 0
2.285008289477287 0.3699190409239682 0
6.800465346954678 -0.1964765357900878 0
6.797523001392363 -0.5987505013093164 0
2.337633756840901 -0.08528755789895093 0
2.378940277208367 -0.1134622835729249 0
2.829657200408312 0.1029989326773377 0
1.669288431101027 0.2658533311367431 0
1.673022852036288 0.3156948503644716 0
1.62796243901366 0.2939980197170082 0
2.746963466633522 -0.4168981218873024 0
1.58664076643468 0.3221494775321374 0
7.494318677896665 0.2027276331463885 0
7.84010618390521 -0.008739060220319228 0
0.4312955414608093 0.08240913417582468 0
0.4277899460377711 0.07884179748217313 0
3.273136666662965 0.2192055735784998 0
3.313412556567185 0.1931719710976982 0
8.182219001675461 1.409168766195171 0
8.19295814816024 1.819670842767523 0
2.863289221250583 -0.02451992152339136 0
2.859039370115315 -0.07433896073884601 0
2.904089714857617 -0.05264882684726255 0
1.752024116214679 0.2096895177176254 0
1.755705572392114 0.2594531539255266 0
1.710667387946221 0.2377865255763054 0
2.855205189621702 -0.1241839796859407 0
2.851360160907762 -0.1740342808220744 0
2.895994835008409 -0.1523181671988508 0
1.500274858866843 0.3286284623011125 0
1.454872891169896 0.3061589328923772 0
8.541677206674194 1.189963367945599 0
8.186382751503857 1.001963056319335 0
8.193941930524833 0.5917060050869765 0
8.195549638204827 0.1794519349630115 0
7.485678037658556 0.6144027425689668 0
7.137953811008146 0.4164760236111656 0
6.787196943974717 0.6095331489674836 0
6.795837584212824 0.1978580395449053 0
6.449708479921249 -0.003419410433769865 0
6.046942564349266 -0.2079124130900328 0
6.099288176305201 -0.5876409759571507 0
2.29632743877364 -0.05711316767244431 0
2.341380455885987 -0.03542839247811991 0
2.517850160867434 0.001442316390504843 0
2.514099578335932 -0.04840871174757036 0
2.596710802908609 -0.1047575510989529 0
1.507764771913666 0.4283426495692073 0
1.511402927633415 0.4780431502645935 0
1.417657921775311 0.3849705545672918 0
1.372604220100544 0.3632840986082233 0
1.413911343138479 0.3351110525236185 0
1.246104175719351 0.3954659676406682 0
1.290931994251371 0.4176678314478641 0
1.250791496492127 0.4433612083467525 0
3.043500510325927 0.06222032624261806 0
3.047247563646523 0.1120786897411821 0
3.26435396453272 0.1246558976572171 0
1.665606974923592 0.2160896949288419 0
1.702629650377826 0.1402303322601308 0
1.661701220629119 0.1696885010872553 0
1.657344939238159 0.1218959439789818 0
1.717635738890611 0.3367328359707079 0
1.409819189495128 0.2844724769333087 0
2.529317217400994 -0.4258833674936429 0
2.487896025449376 -0.3974707765804469 0
2.484287394683339 -0.4476161469882219 0
2.09352533096314 0.1336722934469083 0
2.138585547418332 0.1553343014354415 0
2.243733166459938 0.3980158297677598 0
2.288800792362361 0.4196828581852897 0
2.747823007131366 0.1577365087960984 0
2.788327640393296 0.1312247997682649 0
2.619288731174989 -0.3822308852292154 0
2.574234547593229 -0.4039139005766488 0
0.6990147531026262 0.03270977391231773 0
0.6989718584131899 0.03759203610866184 0
2.202426847496971 0.4261902905719742 0
1.748677858030169 0.1604163166145303 0
1.744321576639209 0.1126237595062569 0
1.545328641233402 0.3503150440563819 0
1.504018827179806 0.3784840902379564 0
1.331297736107986 0.3914580956968382 0
1.327551157471154 0.3415985936531649 0
1.363807321068172 0.2572778562662505 0
1.404768869099589 0.2283257366350093 0
6.042314801607413 0.1864221622449603 0
2.029559853060751 0.4395690609569533 0
3.403747187993216 0.2360664118644293 0
3.407673477968747 0.2797654666686782 0
7.834483725526098 0.8109114033365482 0
1.321966066356834 0.2919509919069224 0
1.241654155993682 0.3472654785757894 0
1.201513658234437 0.3729588554746777 0
0.4038246989685456 0.06764276941390197 0
0.3737390916330067 0.07987213038460725 0
0.3724788305078224 0.0846118800569587 0
2.333610239417071 0.4418756715724189 0
2.379288509366908 0.4634698125987586 0
0.378512990220456 0.07872534639376844 0
0.3833802325571562 0.07756221578184005 0
3.1413602572777 0.2047669889133983 0
3.15214113823186 0.2562179221279753 0
3.106822343189373 0.2350854257286171 0
2.255021052352451 -0.02893866410467168 0
2.258767893492732 0.02092026568642272 0
2.435261888250291 0.05774051118089633 0
2.439002392206884 0.1075826337679753 0
1.462710989547107 0.406656067813938 0
1.421403866509171 0.4348291138985428 0
1.280659582364276 0.3201249889955373 0
2.66435230019101 -0.3605516040743074 0
8.887593324795485 1.390782587235571 0
2.847582602597378 -0.2238897922783208 0
2.889620581065973 -0.2523165221587455 0
2.754522487151603 -0.3172164129602737 0
3.050993483159965 0.1619393979035501 0
1.574479964759679 0.1776536110274877 0
1.620322263783925 0.197755306647693 0
8.883484055901331 1.797893724059614 0
1.883267669835545 0.2246681263633924 0
1.928318808438684 0.2463662525036113 0
1.335985056880761 0.4393533364029225 0
2.607963898559426 0.04479869116018186 0
2.709398800926134 -0.3388695900725419 0
2.750794071276937 -0.3670780646453454 0
3.232326761999359 0.2463486416788723 0
2.38643334417168 -0.01374340366765257 0
2.431486199593942 0.007941639635716032 0
1.450037761638461 0.2061971995705738 0
1.490919102890142 0.1804135755439746 0
2.668080716065677 -0.3106899523892357 0
2.706530082466118 0.1859005052366421 0
2.714801403039595 0.2387976242918848 0
2.668803410064527 0.2190934423289391 0
2.420246729828778 -0.1416369535049395 0
2.476568173454121 0.02956617544729096 0
2.701825014156298 0.1380323268331528 0
2.784447498836562 0.08164246330168184 0
2.814404696014667 -0.09605507436206956 0
2.769333932681399 -0.1177309450443511 0
0.3953329869064514 0.08316371719450638 0
0.3905015614922733 0.08447928308402042 0
0.3918412033568569 0.07974916444378274 0
3.039555423145234 0.009440101213085146 0
3.117218816382319 -0.1857762698450313 0
3.096471018255419 -0.2306520808650273 0
2.649265316449346 0.0166344636223402 0
3.404891859352842 0.1866333014492355 0
3.450112795859089 0.2079691202302799 0
2.182286435890432 -0.4032689760548342 0
2.222752493090052 -0.4308060327290325 0
1.793716042476062 0.1820829449637515 0
8.886320440206394 2.202218484041726 0
8.540349841150864 2.001493837803547 0
0.6631008912958528 -0.109743536031678 0
0.6581395403335619 -0.1096390696008363 0
2.251274353307365 -0.0787978295255027 0
0.4348356216110211 0.08601257812576804 0
0.3749767885841842 0.07520648522122214 0
0.8197443184512161 -0.003136791795225477 0
2.69806894950165 0.08817419191703689 0
2.93365336877446 -0.2255264000714048 0
2.142432500124893 -0.3714593538813885 0
0.4085078596712977 0.08394387299523587 0
0.4071573998127493 0.08872078965149252 0
0.4772795955365363 0.07899936086085271 0
0.4726544767621393 0.08012964364519903 0
8.195794532465303 2.223995602749635 0
1.838285657468615 0.203077924418713 0
1.842044313027501 0.2529463480115259 0
0.4646255462459435 0.0787914664133469 0
0.4609659535304126 0.07548630569903605 0
0.8371748618642876 0.0002789098048175539 0
0.8373201674812346 -0.003897066854363697 0
2.724345489129762 -0.1394198079839275 0
1.404025893211504 0.1790025789035156 0
0.3988270191657007 0.08657790714845603 0
2.942089909419581 -0.08115532533815312 0
2.946339760554849 -0.03133628612269847 0
0.8493132197167562 -0.006571165307178207 0
2.416500859682473 -0.1914978118670728 0
2.011339895953365 -0.3861709113701253 0
1.966671808335582 -0.4073112181200427 0
0.3628102470047114 0.08692559305595007 0
0.3591867879252853 0.08322910771638634 0
3.15542694724141 -0.3969023699297855 0
2.247526949656284 -0.1286558265907428 0
2.964743828345506 0.1681627602435641 0
2.292335116399722 0.4699724604162107 0
0.4487825886590131 0.06892896776979041 0
2.51035317553408 -0.09826842498295352 0
2.570625916827191 -0.4540592709844238 0
2.679304281180452 -0.1611040969944857 0
2.499114197931282 -0.2478483597576152 0
2.690568824435289 -0.01154039629393121 0
0.389154509093629 0.08919117709132107 0
0.6990062578636285 0.02774099933168588 0
0.6948522278591031 0.0255730298772119 0
0.6991865996548792 0.02307956956755693 0
2.63426914092715 -0.1827908460199987 0
2.592963685447976 -0.1546161090360575 0
0.8297008327621216 0.01137866582773212 0
3.058211774266271 0.2224707814966046 0
2.739372457487593 0.05999933200076549 0
0.4568864943572868 0.07131983338045123 0
2.101120363714247 -0.3432753158677645 0
0.3795184559476181 0.09166182214272578 0
0.3759982660095623 0.08811305874735348 0
0.8287658531885898 0.01653595451271129 0
0.6729650081177916 0.02212350135035862 0
2.048446385895839 0.1120687214755113 0
1.834939399284106 0.153804723315618 0
2.694323468167697 0.03830519352519329 0
2.206220563235094 -0.1004813230229701 0
2.056067377242943 -0.3649601418696227 0
0.6681777305695338 -0.1098869706220089 0
2.461553809047764 -0.169812980930789 0
3.013163795191023 0.2007756868861145 0
2.971962119451812 0.2286941438366187 0
0.6705860086525899 -0.09760474881180965 0
2.991395676280169 -0.009657604158828589 0
0.8491869515871959 -0.01669248135743202 0
0.8533038428317898 -0.0186180774693784 0
0.6707498155649045 -0.1141640802561993 0
0.8370770660208882 -0.008939176578071825 0
3.032499701981878 -0.04074507924167529 0
0.8200330954049437 0.01617242808155461 0
0.3712018032481061 0.08933394724715865 0
2.502860187927142 -0.1979878412821915 0
2.551659554413459 -0.1264432853343561 0
2.506606058073447 -0.1481269829200582 0
2.00337525932119 0.090440741427538 0
0.7028738631147036 0.04022014326822706 0
0.6984881013904934 0.04262709119359428 0
2.0598089111132 -0.3150924117246727 0
1.875767258218456 0.1249253584932603 0
1.831197643225903 0.1039303790382987 0
0.8457364598576302 -0.009061235498892626 0
0.7072264947930889 0.0427282950411116 0
2.161167067649762 -0.1221653048297497 0
0.4057926049718169 0.09337388521716292 0
0.4022958984486014 0.08991507402783844 0
0.3974622243247684 0.09123100271412643 0
0.6656483549832675 -0.1219917843881241 0
0.6682508501881487 -0.1178804307199991 0
2.063524360391163 -0.2651814289640918 0
1.917049634460287 0.09682558086449194 0
2.116109049937194 -0.1438417881921224 0
1.95818385926249 0.06918792370017116 0
10.26649221733147 3.379610181374963 0
10.26647680625189 2.979583488601806 0
2.108609510871691 -0.2435499362678851 0
9.920338703007577 2.779078913604449 0
0.8113028084051785 0.006450918190585777 0
9.871134976441329 3.536369045616505 0
0.6730571639192044 0.03277296888194245 0
0.6774008357364699 0.03524936128620382 0
9.570440685877651 2.975938110210005 0
-5.300402358497516 0.3898745693203531 0
-5.65922765389799 0.5993753303119775 0
1.913159726962456 0.04741335705162029 0
2.071057321278174 -0.1655286998548099 0
2.067271973678349 -0.2153237795091624 0
11.64274115827802 -3.01386244741248 0
11.64274115827802 -3.413862447411001 0
11.65358983848751 -2.200000000014053 0
11.65358983848751 -2.600000000012574 0
11.6321400074022 -3.82016624879616 0
-5.669808484620331 3.774832506106146 0
-5.669808484620331 4.174832506104666 0
-5.65922765389799 0.9993753303104982 0
-5.633856586206345 4.59321347164539 0
-5.633856586206345 4.99321347164391 0
-5.668490187272878 2.984055739777235 0
-5.668490187272878 3.384055739775755 0
-5.670370202158893 2.19909754788393 0
-5.670370202158893 2.599097547882451 0
-5.655557064242402 1.399216198936837 0
-5.655557064242402 1.799216198935357 0
0.8111619923564858 0.001618978846532565 0
0.6730305532981529 0.02777253729250859 0
10.27281999893927 -0.6981387469017436 0
0.6772982356207022 0.02446656240089847 0
0.6816252530019213 0.0220767083957665 0
-5.303665070826677 4.36804597774414 0
-5.31478471814039 1.198591529229583 0
-5.338860389431772 2.783153287647852 0
3.227375779024924 -0.3495726511167063 0
3.205861139833734 -0.3941460001678303 0
3.25550714558303 -0.3915293212833361 0
0.6903448508156769 0.02778517498706267 0
1.980686489398749 -0.2084591714524652 0
2.025972170797645 -0.1871601925510166 0
1.908623876840802 0.0003702477952552269 0
1.867489652038599 0.02800790495957602 0
0.6905251926069278 0.02312374522293372 0
10.26085142226198 -1.12925926857161 0
3.249837598113152 -0.3050184750064607 0
3.299887517551443 -0.3024977079095342 0
3.326941778404924 -0.344533647691769 0
3.304291784829096 -0.3888740187806139 0
3.282777145637906 -0.4334473678317379 0
1.984471836998573 -0.1586640917981127 0
1.904806422516434 -0.04962223714559322 0
1.988208280756697 -0.1087871914455308 0
3.183558313799516 -0.4388590400964153 0
9.902917519155446 -1.32122314946994 0
10.24214428743508 -1.528818408773654 0
1.9429225993578 -0.1300861703469794 0
1.900624280890775 -0.1002624977603485 0
3.523580638361612 -0.1668452725507925 0
3.499378174494256 -0.2092923075671061 0
8.515556663331219 -1.25425908492493 0
10.14919037082522 -3.534763830936946 0
9.52959347179722 -1.904767508796178 0
9.866492592028436 -2.120394175244854 0
9.547829613941712 -1.505208100912233 0
10.12476162767438 -3.922446169923393 0
10.11157490406408 -4.346102444054036 0
8.870718181861292 -1.070299710106603 0
0.7681043109873686 0.007188390768913928 0
0.7723944168106938 0.009501624151065539 0
0.6232611211722598 -0.1081233107450242 0
0.7855542701781478 0.02178880351177219 0
0.7856241905670341 0.02678738357666279 0
0.789846516303218 0.01922430728977631 0
-0.01823366134756251 -0.03108353326061182 0
-0.017068454731951 -0.03598700894633864 0
1.896887837132651 -0.1501393981129305 0
3.504707690025101 -0.3787375028890156 0
3.554449414302352 -0.3754878733785045 0
0.7942136272465322 0.02166668312708602 0
8.279250772710288 3.636141528403038 0
8.480607916856851 4.012001163567462 0
3.482043197317255 -0.4233703585073043 0
0.1570784965352615 0.1070266863438792 0
0.1521979668822006 0.1079995888639138 0
8.856287325024809 -1.47359328697081 0
9.193212701410388 -1.689193320036428 0
9.432689016339404 -3.890793834876577 0
9.381115297576693 -4.327369802813853 0
9.787851454742196 -3.706831533813221 0
0.8882644959412188 -0.09894209742851839 0
0.1603953295954144 0.1107567598131283 0
-0.01564919863857257 -0.02287521530973995 0
-0.0122173795254767 -0.01975044020019427 0
-0.01927225697432803 -0.02619056613397262 0
-0.02299724194164488 -0.02957787300352027 0
1.851895578738056 -0.1719293012307558 0
1.749439705171181 -0.417304881942626 0
0.6558660340974403 0.03299256176730021 0
7.836671868479224 3.705688703239167 0
8.064505183926151 3.320466628085475 0
3.449247171001376 -0.2112951884668147 0
8.838051182880317 -1.873152694854755 0
9.457117759490249 -3.50311149589013 0
0.6515736299443918 0.03046999771800943 0
0.504995992319321 0.05816005286752786 0
0.7766759655107618 0.006919186497530719 0
3.423147361476689 -0.1706342476433259 0
-0.02503077508945356 -0.0198217170013364 0
-0.02947036364220611 -0.01822877722779905 0
-0.02847542612116296 -0.02309196610334372 0
-0.02041277923265494 -0.0213695550526484 0
0.1307899709110421 0.09038617298776706 0
0.1340760816468426 0.09401928544881459 0
1.807033748588065 -0.1939617208907851 0
1.706718732658885 -0.3888958610846656 0
1.7042127197385 -0.4389804649016355 0
7.141537907238069 4.502220745369737 0
7.460260243553149 3.760665223403058 0
9.12022274529108 -3.287479883112842 0
8.819869640301366 -2.272654548239255 0
-0.0214077167536981 -0.01650636617710373 0
0.8924017723975697 -0.09615138602417275 0
1.762153267794993 -0.2159282090103911 0
1.755693197657954 -0.31734806565004 0
1.710634854931098 -0.3391098402320968 0
7.059628293508778 3.814259454850229 0
6.898468395459563 4.162216310357207 0
6.741412095286423 4.533120411842433 0
8.783397917999473 -3.07176711726124 0
7.321398107110419 -4.593526875614184 0
7.325109537972363 -5.012108264566852 0
7.675686203033028 -4.814634689339027 0
8.801626445415767 -2.672221168915168 0
0.8924713336078884 -0.09084729172755743 0
-0.02233355058769982 -0.01173009268039349 0
-0.0177155547309012 -0.0132779307317055 0
1.714382334497485 -0.2892376277564807 0
1.718074314309288 -0.239415730174681 0
6.659502481557132 3.845159121322925 0
0.1389733340911934 0.09301227992215477 0
7.695123383312973 -4.009606115063078 0
8.031758635523277 -4.225576007471668 0
8.446534193920538 -2.85610231690421 0
7.351808420756642 -4.190640347662496 0
7.001231755695977 -4.388113922890321 0
-3.862914636372001 1.720790660251292 0
-4.295349943620554 1.698201413200223 0
-0.03642627504061115 0.01099549064280842 0
-0.04119790968780274 0.01253716974216103 0
-0.02342913321255719 -0.006842864055368819 0
-0.02712129523535409 -0.01007129950076706 0
1.673015971582432 -0.2611775047567377 0
6.42026098277426 3.54649157268156 0
8.091711878396412 -3.039710414062759 0
7.374957031898532 -3.804193162339214 0
-3.486981683103285 1.745736995564868 0
-3.632227543291946 1.398722464632626 0
-3.762143795349163 -4.04018188239205 0
-4.149564515643976 -4.083407784600571 0
0.7597242044794171 0.0270347335592245 0
0.75978444625901 0.0318123239175448 0
0.7640094899721532 0.02445854559054281 0
-0.02447290439346789 -0.001904532809995799 0
-0.02937700838550709 -0.0003158828582344531 0
-0.03299480872291607 -0.003906115489352349 0
-0.03163265039659374 0.00949115833925793 0
1.631750154496528 -0.2332643600169425 0
1.635066627065457 -0.1834144352249642 0
0.7683721513379563 0.02689345155837229 0
6.180708205041768 3.226157076236985 0
7.382325306733258 -3.406215081965729 0
7.736695042371721 -3.223465746307515 0
-3.665803285192634 3.806016700450796 0
-3.834169169630866 4.150579784273228 0
-4.009590870147505 3.797520332378023 0
-3.314866102351979 2.108201127717273 0
-3.757933969588232 -3.350038919719035 0
-4.143212722259606 -3.377872535969773 0
-3.581484661701784 -3.689112555536839 0
5.011091042934714 -4.600167445267209 0
5.311255604102591 -4.850618241412949 0
5.333375006408184 -4.420585809533309 0
-0.02434345519887034 0.06801077838360063 0
-0.02165251198562504 0.06391477151818475 0
0.5882835566517878 -0.1075979032297779 0
-0.02395108846165738 0.059475959302841 0
0.04648715085821403 0.09411786246450571 0
0.04150029537316031 0.09446564518816331 0
-0.02688426341972949 0.007956821586778951 0
-0.02797977490552051 0.0128956747667634 0
-0.02563303491876352 0.002963655207512133 0
0.5932825237500552 -0.1077233417779138 0
0.9376702833933754 -0.03402863984797569 0
0.9362691776582004 -0.02920298825825349 0
1.59010883016775 -0.2053231880669686 0
5.770606770268023 3.28230534747376 0
5.931455389367617 2.912681544163573 0
1.017720071308384 -0.103582286897666 0
1.02267021509596 -0.104300893918974 0
-0.0288382386742044 0.05919096951589701 0
7.400748354650117 -3.006521898533449 0
7.419196399491043 -2.607504433965368 0
7.43689187199382 -2.207935295662926 0
-3.446124872406213 3.488323757730572 0
-3.613119623723329 3.124335120641287 0
-3.998443351824216 3.105459541507953 0
-3.148538845129002 2.472155028488998 0
-3.367163194544748 -3.337339727625866 0
4.640699982623648 -4.397698028981162 0
4.618580580318055 -4.827730460860803 0
1.014665897611188 -0.10753716609244 0
0.02191048622055025 -0.02464128532473417 0
0.01798305895302929 -0.0262860615148864 0
0.02268314569210925 -0.02878629202711423 0
0.6254909813333357 0.05571145730976472 0
0.6211697866806956 0.0582289667292217 0
-0.02198015942769029 0.006368171635017603 0
0.9599173365620401 -0.03201463864563943 0
0.9629528853304441 -0.03550876273297134 0
0.929495563409149 -0.03670616196668064 0
0.9277395467978475 -0.03152318670740739 0
0.9243490723826582 -0.03515706679800274 0
0.9343053615440008 -0.03773003707160251 0
0.9951848435442712 -0.07894360634647858 0
0.9545232972933846 -0.03282881500220385 0
1.545992010785915 -0.2283107799513829 0
1.549308483354844 -0.1784608551594045 0
0.6298112208124677 0.05823116832779644 0
5.373145194461763 3.328402811311253 0
7.06482666385258 -2.790253769623582 0
6.714315016897843 -2.966359550114549 0
6.376260192809902 -3.131852217120924 0
-3.21801951042027 3.159701629816268 0
-0.03918437224928054 4.023158011726497 0
0.1578764868151856 4.322339929453945 0
-2.982607989124591 2.836581394213349 0
-2.984440102161851 -3.303841838591957 0
4.709085034974653 -3.953844513257912 0
0.0215244783555201 -0.01980056485533865 0
1.800525378809397 0.2809017547636402 0
1.759168650540939 0.3089987626223203 0
1.762455545307894 0.3581814368088215 0
0.3154537660816522 0.07688002371179611 0
0.3204516760324828 0.07681452340845357 0
-0.0184602498156822 0.009868176879587777 0
0.9309148871288114 -0.04136391716219787 0
0.9797112426749444 -0.05245654911912651 0
0.9780160404033162 -0.04791013337591895 0
0.4780873143066301 0.04321377075840104 0
0.4809214626100042 0.04650885662922476 0
0.4761927269822954 0.04734899756849178 0
0.9976310612288155 -0.07401134852304161 0
0.1583612035019725 0.07057857014601179 0
0.155831808617854 0.07463178905369931 0
0.9569070966825319 -0.05106866512175974 0
0.9501382425125482 -0.0718000407828817 0
0.8982707754932701 -0.03859630849040723 0
0.8047477069720088 -0.07739713028789487 0
0.7103588596085144 -0.07961856003291182 0
0.7153572636962067 -0.0795490119831242 0
0.8697415290154817 -0.03202361200334576 0
0.8648521027106926 -0.03098323287458661 0
0.8599765356215362 -0.07594370934335182 0
0.6526044683454501 0.01029836507527674 0
0.6476846253070876 0.01118381579437338 0
0.784966822742299 -0.01487792283403996 0
0.6448982519674131 -0.080119269533246 0
0.6134588605839517 0.01682102225085152 0
0.6085334110325968 0.01767473471131778 0
0.92751931348462 -0.04503007893504554 0
0.9226396274367471 -0.04394493308827586 0
0.6776003110131701 0.005719942647790375 0
0.8345235698335506 -0.02495925616806872 0
0.6693395500102048 -0.0796641583608164 0
0.829544691777697 -0.07741781464662444 0
0.8345412117781645 -0.07726397908788406 0
0.7712763919468641 -0.01135270422655303 0
0.9299482259298701 -0.07314076390501908 0
0.9349418509065872 -0.07291144776974386 0
0.899655430896213 -0.07430327161048586 0
0.904650088130035 -0.07409766198234358 0
0.7599702157750315 -0.07848744850021508 0
0.6099183868127442 -0.08010790809593597 0
0.6899550638070355 -0.07980350465739341 0
0.6949536471377034 -0.07974835696462343 0
0.7400677262351663 -0.07903425524182214 0
0.5949176617288684 -0.08014282273088552 0
0.6335491778057918 0.01370426240147998 0
0.6286265594305607 0.01457414982026566 0
0.6249211075539305 -0.08016966551533153 0
0.9763006399273884 -0.05611179679592154 0
0.5492412918125169 0.02804170168276558 0
0.5398023063200549 -0.07968542519885109 0
0.8197660502491944 -0.02228119047936038 0
0.5345337528927272 0.03034823640079818 0
0.883475438363007 -0.03503426635430901 0
0.5940890619250627 0.02075711109350546 0
0.5195452138180974 -0.07927394716246726 0
0.5245433216198334 -0.07936221886908387 0
0.8849586524629351 -0.07484350461627598 0
0.7999570704125594 -0.01702958593064188 0
0.5197048757715372 0.03269567610174053 0
0.4994985313248587 -0.07864401820200097 0
0.5044962237206765 -0.07875330041113959 0
0.5052919085838075 0.03479732111294385 0
0.4694247567719883 -0.07750168258219564 0
0.4744215930370769 -0.07764485212754907 0
0.4751680978340267 0.03944941010818941 0
0.439500012301824 -0.07674188322609941 0
0.4444956448029557 -0.07692222970932841 0
0.4197126533585207 -0.076043633186854 0
0.4247072402372172 -0.07625091895052601 0
0.3895178399058542 -0.07466925148985913 0
0.394510408527871 -0.07492048950065464 0
0.3957301311502371 0.04995485620023078 0
0.3404368699125498 -0.07175773102195372 0
0.3507189379824046 0.05563368227812099 0
0.36002279977323 -0.07285094734178565 0
0.3650126665516447 -0.07315108855117149 0
0.3049052667609373 -0.06935337120740477 0
0.3110151678726043 0.05927618924868717 0
0.3363420858648027 0.05708040398723477 0
0.9955231098258917 -0.06063179991773082 0
0.9948921136452644 -0.06982910195941983 0
0.2712414226521109 0.06188308974049904 0
0.2860776890295691 0.0610854952381255 0
0.245710970351925 -0.06281785396708292 0
0.2562076917300579 0.06333046756672461 0
0.2512181383114527 0.06363570738081395 0
0.2203103618533767 -0.06031484424355474 0
0.2252699313998532 -0.06094051708250978 0
0.2265840682235831 0.06493919721100595 0
0.2215897098278322 0.06515173132883866 0
0.1954908124264618 -0.05674724592433717 0
0.1960825124244261 0.06607466594905091 0
0.1755274836457926 -0.05405098095399189 0
0.1759893904575218 0.0663693988636902 0
0.1557447298449362 -0.05059660420495965 0
0.1559225741093376 0.06622178666498911 0
0.1311054735147762 -0.04596776028987948 0
0.1360034702945848 -0.04696688037906145 0
0.6124719718286873 0.03856163772859208 0
0.6168181772266765 0.04070837289192814 0
0.08697413750745764 -0.03612774335081437 0
0.6209378542169447 0.03853033745114209 0
1.500581042845215 -0.2500269004319869 0
1.459261484542502 -0.2227584987798877 0
1.463334813304589 -0.1716459424450941 0
0.06226322371017969 -0.02768343487253547 0
0.07580306317693124 0.06075938486061274 0
3.011050454058034 4.217688928068991 0
3.191361265662439 3.850317583039428 0
0.04451540881244372 -0.02151005341638049 0
0.04915578930191771 -0.02336820536778855 0
0.0550339421581055 0.05821813866039253 0
0.7575704032055512 -0.08271310274249083 0
0.9606137146282591 -0.04760718979624498 0
0.6874236153405544 -0.0837480629092163 0
0.4168682237626484 -0.07987267207196275 0
0.3987198616105904 0.05382596871579277 0
0.3579254149925828 -0.07672090580678861 0
0.3381996697971668 -0.07646391328104019 0
0.307053809430676 -0.07373592352523925 0
0.9991810191694317 -0.05620140108827812 0
0.2274384640635905 -0.06593150395766378 0
0.2300927542999009 0.06932539890969526 0
0.1773561697672936 -0.05847170880568445 0
0.1574798829653662 -0.05509084607572766 0
0.1376449636204632 -0.05153954803912032 0
3.680452358051971 0.1367573941840241 0
3.729322418472377 0.1435650515439554 0
0.07798528250525252 0.0652594791182772 0
3.661120045567227 0.09130000545960773 0
5.13847988946088 3.003432182134296 0
0.8477913907469813 -0.08048242207697996 0
0.8456208768455837 -0.08461524043549613 0
0.8506138763574961 -0.08444206835892787 0
0.02555776174553288 -0.01244058871457406 0
0.03591539050401259 0.05217236996972357 0
0.0311506883822603 0.050663308556627 0
3.768879880920777 0.2347102485302175 0
3.798839825629981 0.1944819056918103 0
0.04061684231609578 -0.0244083589014958 0
6.732763061738769 -2.567342085546469 0
0.03683943814329795 0.05676533152360105 0
0.03699990931933572 0.06159682330308908 0
0.03248217310916446 0.05982700436467573 0
2.386172056400667 -4.503823836745395 0
2.298784767035964 -4.908433037893602 0
2.725307405101671 -4.744744427307397 0
-0.4603299770840744 4.016310807401339 0
-2.815613237807475 3.200570031302634 0
-2.593041258622176 -3.263620652305762 0
4.714658959866165 -3.55760143763508 0
5.038784370131819 -3.773891937764736 0
0.7163665547746273 -0.09926116868261936 0
0.7147980493236614 -0.10388412831552 0
0.021242088315371 -0.01471920842442244 0
0.7065557472694268 -0.1012255987961572 0
0.7090100418989869 -0.09643876559628753 0
0.008432342654799018 -0.000742214666173518 0
0.7099106715661209 -0.1049227343450814 0
0.2700597623460061 0.09293026012618648 0
0.2729054331775498 0.08928911025770003 0
0.2708342564787736 0.08519024050509554 0
-0.013498220451498 0.0263687682185572 0
-0.01031617868347069 0.02965152519358097 0
-0.01483126040558415 0.01326459111405879 0
-0.01960239851855821 0.01475775224875543 0
0.003266945896558596 -0.007117858082958243 0
0.002851396098011606 -0.01244118941262707 0
-0.0003722345527159263 -0.003766885720548254 0
-0.004748925897675805 -0.0002982893734381958 0
-0.005595705076917982 -0.005028483412230516 0
-0.002750370102760186 0.05218901317076857 0
-0.006275203157217194 0.0561759625246591 0
2.620272937173301 0.1949026226447265 0
2.575246290011791 0.1731596498879947 0
-0.02429406316561609 0.01627518581779847 0
1.454650863414708 -0.2713369521680558 0
-0.003976492244531541 0.06061646791393793 0
0.001019431242953188 0.06084396780980567 0
2.546692609885437 4.191289739262062 0
0.003571415619491705 0.05665691212199232 0
0.03622634147443374 0.09433557118738339 0
0.03123628520734779 0.09467626623463551 0
4.904175119923084 2.678138998250148 0
5.287049185056077 2.643536631516199 0
-0.35132736211882 -0.08618456693702795 0
6.396348126057504 -2.353784663255428 0
6.74685977301224 -2.17767888276446 0
0.5692331115051003 0.09048123651242373 0
0.5654272371857468 0.08324224338767366 0
2.104935676289998 -4.243586868128551 0
2.531458314355706 -4.079898257542347 0
0.894960228945723 -0.0746211661470545 0
0.8876269759377099 -0.07905526053643384 0
0.8899652616276056 -0.07481912297527951 0
1.021353264252626 -0.07808141602877607 0
1.023266818262208 -0.08254586969248609 0
-2.077724323165561 3.93072087149886 0
-2.303452989838093 4.230543961884024 0
-2.417239460023278 3.237356712566631 0
-0.8625679901406311 3.992781027261813 0
-0.6867574025727792 4.333800092862219 0
-2.213917263441983 -3.234168488630309 0
-2.39904232248521 -2.901818150064791 0
-2.032714595843934 -3.532884714284278 0
-1.800952815430188 -3.837809634188374 0
0.6118699114057772 -0.09332238232458384 0
4.39467346121441 -3.342083772937517 0
4.724372796371576 -3.16213119744434 0
4.054785633805905 -3.517095467989404 0
0.4198726763609734 -0.1098568757337962 0
0.5999289897849001 -0.08870944480222058 0
0.5974093993012752 -0.08440391871481079 0
2.927115275153105 0.2461174726993695 0
0.5637036453710357 0.769884295516867 0
1.020191405152696 -0.08648916911998134 0
0.0393156909389962 0.0989360595953475 0
0.7250776005499391 0.02276633345832793 0
0.297777143867448 -0.2556333070929551 0
0.2841991946440332 -0.08884227372229425 0
0.2882530014800178 -0.08802398972439343 0
0.7166509294798005 0.02258000426735792 0
0.7164745861196073 0.02782195998887412 0
0.1100785082974098 0.0727790865002878 0
0.9706897267744465 -0.09982772570469134 0
0.9666453288226724 -0.1027556984456185 0
0.2488975416061399 0.1437670023767315 0
0.2469353586758393 0.1347681301607402 0
0.004113725075800772 -0.002387664044165923 0
0.5999210395250749 -0.08007383876406771 0
0.6049199060170738 -0.08008839145103128 0
0.6074112578931521 -0.08435445139289767 0
0.8617940591190594 -0.01729764534801744 0
0.8661062511228308 -0.01488985745384865 0
0.7844526290004661 -0.08642110691291638 0
0.7893223872719854 -0.08645359130630847 0
7.100710911004906 -1.994068514963305 0
6.76429597532364 -1.780511092672264 0
0.8008296826301152 0.3258974945520227 0
0.7640235732686448 0.3496221090540303 0
0.1167286230166888 -0.0912760731803509 0
8.094621657709931 5.018739155937822 0
8.011593205193687 5.337248144302478 0
7.129428436718965 -1.198323870860489 0
7.469386442475573 -1.409343909672048 0
0.9071826516827385 0.01611710999458984 0
0.9118142341990485 0.02229412084410379 0
7.45432807430522 -1.81076750557073 0
1.019138033203106 -0.07385505013176297 0
1.016159562844018 -0.07771357392013706 0
3.399671441441996 0.1398359885648425 0
3.38171333426387 0.08767107988526603 0
0.9797664484463104 -0.02933754763011213 0
0.9831479434405496 -0.03279147738471424 0
-0.01128978526512729 0.01676494196601439 0
-0.01014763656225128 0.01187536659684673 0
-0.01244309901214915 0.02148131940684898 0
0.8029672709468303 0.02648696111621407 0
0.7986053096585107 0.02405322130953149 0
0.794315012936692 0.026601577895525 0
0.8888966322206222 -0.008575135746520425 0
0.8936626833142551 -0.007467138703177155 0
0.9715506198660147 -0.0131961793689344 0
0.9668349198916625 -0.01423182027840769 0
0.8592002401708725 -0.1181733340636669 0
0.8633475021167878 -0.1153881025485065 0
3.701208512351021 -0.368658610169673 0
0.9748487520252269 -0.03024244315023233 0
2.8862267185275 0.2734516657374328 0
0.9703349744685408 -0.09456181307203855 0
0.9696449196061179 -0.08965823084085495 0
0.9656750997889609 -0.09280928996371984 0
1.409593946170331 -0.2926018339646445 0
1.015393982051038 -0.0859180063926388 0
-0.2322802256294629 1.939414087268046 0
0.8874273302874665 -0.01335155255401941 0
-3.698185195393994 -1.486491979601968 0
-4.105504753749392 -1.472613619879037 0
-3.880439526125871 -1.790912454444796 0
3.748953029627095 -0.4571251743296325 0
0.5683063905741705 -0.1073221559544484 0
0.5659522948119202 -0.1029145116712106 0
1.006261541310922 -0.08584534054567602 0
2.324823116916924 -3.440178270672783 0
2.620341838841243 -3.701880167959987 0
2.694943021513129 -3.322397149707268 0
2.372722670759916 3.829314491457172 0
1.526312564227261 3.708841128188968 0
0.9673214976183832 -0.1128470099667234 0
0.9717355454297438 -0.1147759071872146 0
0.9622253518976445 -0.1006994771378523 0
0.5455895723143608 0.07464032413181033 0
0.5421006457715742 0.07105191685926789 0
3.014392778668436 -4.973564520707656 0
3.101780068033139 -4.56895531955945 0
0.5372761149052883 0.07234223086884355 0
0.2426856664031716 0.09157298114734622 0
0.573311103686546 -0.1074579519620393 0
0.116471090041781 -0.04282878153987556 0
0.4729152102753932 -0.3745828218135496 0
0.4388315140156544 -0.3747230045617482 0
0.2063428604747711 0.103263409585798 0
0.2024615334724634 0.1000395745703525 0
4.355629212179889 3.075257536218511 0
4.527738502772213 2.714044257128244 0
4.676307798367409 2.354148706510148 0
2.890257601460955 0.6521988480405829 0
2.853606219635451 0.7001076181043886 0
2.808649719051471 0.659086809920548 0
0.03663548240577916 0.103978007243962 0
0.2424834907661844 0.08659898812212664 0
0.956388355613071 -0.008495438528306788 0
0.723974970052483 0.3721226965905432 0
0.6815536618102638 0.3905161063671584 0
0.09803438491899769 0.6009590156675724 0
6.308926431469876 2.4188468907058 0
6.014782941503171 2.54485572994741 0
5.982152548831685 2.107169347726413 0
2.364027410134144 0.2635991516565576 0
2.409608903222042 0.285051098201985 0
2.360256051359836 0.2137481234528301 0
2.534238172095397 0.2014307984911117 0
2.529470677251638 0.1509815263633498 0
6.058647568362669 -2.139501984407006 0
6.044550857089199 -2.529165187189014 0
0.1049804541625761 0.07244039494431465 0
0.7206859555263856 0.04004846489349163 0
0.7250390648151882 0.04250048386781116 0
0.2053172272053313 0.1085872603543784 0
0.4176428395038275 -0.1053571793577869 0
0.8678910795526413 -0.1173721509640661 0
1.804874710078107 -3.873595217311808 0
2.484403210722857 0.129308860979469 0
10.20640209459525 -2.323804868239332 0
10.22411988689536 -1.924192982666462 0
0.9841110293952512 0.02783847644788421 0
0.9942898923863486 0.0288399730008934 0
-2.021916374130899 3.280001851477184 0
-2.184878630619417 2.920094934610269 0
-1.047415208032883 3.665833515465053 0
-1.856483527474299 3.626819459281359 0
0.5591850197913808 0.05721248528080311 0
-1.838715659706968 -3.171082212043308 0
0.7670914788314914 0.198007143174338 0
0.7444484542608947 0.2097184243198026 0
4.064499470311316 -3.121625227798665 0
0.9730026881674222 -0.03467190947010457 0
-1.682723222665971 2.29453349453231 0
-1.391035547124776 2.157457659273666 0
0.8075384233838122 -0.081835936533937 0
0.8101493640956205 -0.07768275719472058 0
0.9499033317964014 -0.1142651052228668 0
0.9544510124922778 -0.1164009641753967 0
3.738476333558048 0.274348713402829 0
3.757468672995075 0.320680087106578 0
0.8906511147220149 -0.01675431563618174 0
0.1933328387996356 -0.07928937825251578 0
0.1883179299716038 -0.07868473306477389 0
1.500234146698858 -0.007377122686676379 0
1.529301447331309 -0.04623770095015966 0
-0.02133592081120144 0.08991720842212475 0
0.5507797109911285 0.05497182863274608 0
0.310977334716615 0.09435369139463225 0
0.7185581686804305 0.006723663508699237 0
0.7138231629172108 0.007511072623292044 0
10.06247639385833 -4.686164654993318 0
9.854351976027708 -5.048439641511066 0
0.8151795306688308 -0.1093246862180285 0
0.5543186753346006 0.05851380079459237 0
0.7770853031907362 0.03182223853340686 0
0.7727213009157939 0.0293850735789452 0
3.807327076346764 0.3265806284672268 0
0.7684964061942801 0.03179312760599477 0
0.9992012000219539 -0.02545173623776441 0
1.002068629426498 -0.02972140798429079 0
0.3395871981840455 -0.2485923521116267 0
1.123179590552372 -0.3534042490281261 0
0.7505497354606177 0.00773788192881106 0
0.7550027707515254 0.009577910601150891 0
-0.2794327122265164 -0.6864034101560677 0
-0.3553564318343852 -0.6938049486911906 0
3.757042368118941 0.103084126459358 0
3.735582182121375 0.05850164875414197 0
0.5296237120726588 -0.0795212551706691 0
0.5346219873654401 -0.07959946853908118 0
0.1065161788344141 -0.08979465580149543 0
0.1978039785813852 0.1020968364474655 0
5.569164161967977 4.699244164454832 0
5.172996940222847 4.769977493835457 0
2.299863196914944 0.944637909032903 0
0.1896606864707538 -0.4368975435691643 0
0.2062604456147868 -0.480561050415271 0
0.8413366340304532 -0.1097576134850427 0
0.8370785889657855 -0.112456016042109 0
0.4269269751078734 -0.1232520558561258 0
0.2378711300215666 0.08437685112402003 0
1.004689555042153 0.02969401976667773 0
1.014581580035764 0.03026341762141011 0
0.3159754788226923 0.09423883713678878 0
0.4695250043259278 -2.131472174002891 0
0.2183286174546723 -2.208583139052582 0
0.7295725815707554 -0.07956979003752204 0
0.7345707685410023 -0.07948609170431828 0
1.656954948472176 -0.4617830590377757 0
1.611010772737528 -0.4840341442335946 0
0.2901294730016118 0.1030652064097634 0
0.2850656886444111 0.1028751928355682 0
-0.003590326108664811 -0.4325385523103945 0
1.442309626185342 -0.4180220612918484 0
1.437162864221879 -0.471328264199406 0
2.929989367586217 0.4935764652049508 0
2.978580904201403 0.5132138201480422 0
3.489579065049753 0.3638627434870701 0
3.540444843758635 0.3735986977506209 0
1.910939988480298 -0.9606241289224371 0
1.842429203996874 -0.8463345801129352 0
0.7382093515822636 0.05114177849153115 0
0.1558289745625834 -0.142102751346203 0
0.1505099359320745 -0.1344377075486294 0
2.935736052472748 0.8522088045577235 0
2.806088372213322 0.9434547518263438 0
-0.06470000665922161 -0.02649370060655428 0
-0.05635852842753995 -0.02439183786881903 0
2.961469843165642 -0.4081698973570349 0
-0.00775947516881628 0.02009209488963692 0
0.1963187990201484 -0.07528487245976752 0
0.4370419836339934 -0.1236650622214283 0
1.030791230130405 0.2810291001981866 0
0.9961464284752188 0.3082805694131302 0
0.595539007928201 0.04884291135084963 0
0.5996411378467699 0.05125317446145895 0
1.018315320666493 -0.1465881888454191 0
0.288892707359229 0.06482281408421658 0
0.291370473723194 0.06890957547188908 0
0.2863045516437991 0.06943670812582518 0
0.4364889290442914 0.05364925274843359 0
6.076260902431819 -1.751327672828884 0
6.422718671241484 -1.57160948351113 0
6.08853473634233 -1.358815695866595 0
0.6989861485557162 0.01852047338285254 0
0.7031401785602416 0.02068844283732652 0
3.839809227712007 1.542003876643796 0
3.955637525311543 1.327992414494537 0
0.8726255679302364 -0.003730441422751692 0
-0.002827417972365401 0.01858232656785843 0
-0.00177909144159765 0.01376410670276907 0
2.705072600901644 0.3132393769743098 0
2.728970707807352 0.286123448625711 0
0.3354983253971297 0.09759098196561711 0
0.4471610726531074 -0.1240636201131263 0
0.4781569228377905 0.1015168786101566 0
-0.004854435903852233 0.07769491986092039 0
1.598314561519423 1.948471611059745 0
1.674147730052363 2.21943569757035 0
1.434023644865746 2.202233648985195 0
0.1484435249859535 -0.065421211670709 0
0.1433422188591057 -0.0647758108782133 0
3.574343404943128 0.3343554717723002 0
0.3790210597124596 -0.2414928808623124 0
0.9841397716449997 0.1060971903070587 0
1.009160536398326 0.1044670396497229 0
1.850750996084886 0.4022581884997362 0
0.4195953635401702 -0.4144906405879678 0
0.4479269385958506 -0.453922987239173 0
1.090268772369653 -0.2362683372362146 0
1.106097679534035 -0.2228944174768151 0
1.083872014338083 -0.2160220405092844 0
2.939949382747285 -0.595526955658541 0
1.80592231784185 0.380375103052646 0
0.8337463716272102 -0.09571695617165778 0
0.838320125056667 -0.09399611918969833 0
0.2208941343111507 0.09311544849001507 0
0.2255651017940319 0.09107805644565883 0
1.361167611497113 -0.3611274563132656 0
1.35689380011878 -0.4096730325311574 0
1.401582775850333 -0.3896806936312243 0
1.365592219984487 -0.3138285594776915 0
1.369329578926151 -0.2652952760290035 0
0.2905725663858221 0.08576358228494899 0
0.295585912517135 0.08585597649492069 0
0.2819976657202855 0.1065989292382769 0
0.3451641508185845 0.07025762657782103 0
0.4572888674995654 -0.1244743033330052 0
0.4367540319217787 -0.08021729453028861 0
0.6039808649424023 0.04874026228256637 0
-3.539994080168781 -1.133183375626456 0
-3.31492885254526 -1.451482210192215 0
-3.753592422247482 -0.8179651534206512 0
-4.207354246516578 -0.80270961465741 0
-0.02654219682564128 0.02594465457987818 0
0.006239542596582938 0.1282100168805079 0
-0.002490951030332846 0.1274800701803675 0
0.746764538938208 0.03485233280113315 0
0.7424540371095094 0.03739150695809237 0
-0.1765529358366639 0.4691752221916886 0
-0.1787535401234509 0.5243587821360445 0
3.648538317351573 -0.2852595056476979 0
0.8151463001511178 -0.07754309955563457 0
1.827475296560905 3.439084462770901 0
2.194796850421673 3.47434139143123 0
2.588293857457543 3.50451049522226 0
0.7511241042721903 0.03707728073422747 0
0.09619296748592979 -0.08826053272077772 0
-0.003980731719387266 0.02329870400869304 0
0.4300783093166345 0.1919863570715252 0
0.4422212655268154 0.2059324855141592 0
0.9631655130950673 -0.1157221812720579 0
0.2980604869695131 0.08150084013716426 0
1.987936568414798 0.4678350848659246 0
1.945069311463491 0.4966021669771694 0
0.4674306906404905 -0.1248815739093632 0
1.353084184138146 -0.5569715825383281 0
0.4338934084758427 -0.160882904681348 0
0.4281392129895681 -0.1700015136361474 0
0.4355275137999723 -0.1732893637366594 0
1.82183822823725 0.008548757563630133 0
0.7593676092510659 0.007135127461980192 0
0.4162742050892142 -0.2344545108680253 0
0.1262370089460044 -0.04487953219121552 0
0.1278287693025322 -0.04956087098329848 0
0.01658333500603114 0.04512329709863125 0
0.02185556905964135 0.04656846668518381 0
0.02279472465062285 -0.2813465816580382 0
0.05079210544988726 -0.2642108570558929 0
0.2169716026431582 0.08995579747560734 0
2.199110811235649 -2.466149001116976 0
2.162284152784089 0.4555252183795063 0
2.121142111201093 0.4839398262683572 0
2.20738297463213 0.4771145748366135 0
11.65445512662211 0.5932970357416318 0
0.1213512127189493 -0.04382238857653836 0
0.2163009592467858 0.06539915147139533 0
0.2113052583207144 0.06557734602174342 0
0.4775706003014679 -0.1253215421062497 0
0.3711293595393298 0.07140375544432487 0
0.4414700039322604 0.05293975058206707 0
0.7618188647396297 -0.1291790438686089 0
2.9679875106787 3.497867187116416 0
4.127761890624214 2.75126724447851 0
0.3926402099050342 0.09259376635336714 0
0.3878013739567955 0.09389110760994418 0
0.3961090891879349 0.09593093323274954 0
2.007846594766625 5.654623707932259 0
2.399150942595082 5.654623707932259 0
3.986775735740398 -5.665674381937629 0
3.595471387911952 -5.665674381937629 0
1.217328720217793 5.659269915963309 0
1.608633068046251 5.659269915963309 0
-0.3501838141455531 5.688732604743469 0
0.04112053368290344 5.688732604743469 0
0.4314944702904189 5.691548353406525 0
0.8227988181188755 5.691548353406525 0
-2.648298912224647 5.698003118396937 0
-2.256994564396194 5.698003118396937 0
6.370049146603153 -5.628738912227616 0
5.978744798774708 -5.628738912227616 0
8.701645186948882 -5.644197841142128 0
9.462527531507646 -5.661486588925447 0
9.071223183679205 -5.661486588925447 0
-4.1932756303356 5.663299280081191 0
-3.801971282509482 5.663299280081191 0
10.23913043478862 -5.66112049417195 0
9.847826086962513 -5.66112049417195 0
-4.22653525837063 -5.6215093289137 0
3.580255449135819 5.653651062738789 0
6.380640007908803 5.674504424551345 0
9.862790815734623 5.64843229407766 0
10.25409516355922 5.64843229407766 0
8.248664444281747 5.629467243476374 0
8.639968792106341 5.629467243476374 0
9.065217391315549 5.661120494172604 0
9.456521739140143 5.661120494172604 0
-2.282608695665948 -5.66112049417261 0
1.630434782579876 -5.66112049417261 0
1.239130434755294 -5.66112049417261 0
-1.498395810041437 -5.673309738733554 0
-1.88970015786602 -5.673309738733554 0
-0.6985260302575533 -5.671934013479547 0
-1.089830378082135 -5.671934013479547 0
0.2522503044412023 -0.07703221756776532 0
0.4974469503867771 -0.1480447441749335 0
0.499702748815917 -0.1402265607549056 0
0.4477571947976997 -0.1586738164478443 0
0.4476562628717058 -0.149726077466325 0
0.4411807773602531 -0.1552230158003407 0
0.4514576152713064 -0.2286725631184673 0
0.2957220476263852 0.07721822145555712 0
-0.0008486757604992835 0.0441581233681388 0
-0.0003649433303002797 0.04884076653418443 0
3.973776723305913 -0.2268275167040091 0
4.000988306685429 -0.2706391962867168 0
11.31020840846648 1.192008423101991 0
11.65445512662211 0.993297035743111 0
0.1220969006600446 -0.1347879441454919 0
0.1253065567793871 -0.1255841810595367 0
0.5072469592846207 -0.8601689648356274 0
0.8410990644114963 -0.1051792685822407 0
0.3405018106143985 -0.1512989722315211 0
0.331399979965761 -0.1452930537015349 0
-0.04379641795729565 0.00393496030927358 0
0.7231019124114749 -0.1195549827629095 0
0.7222744568334946 0.01106471377275593 0
-0.009848972213332785 0.07745309291525748 0
5.724463633463515 -1.926708196762471 0
0.1804895304349931 -0.1531133485193309 0
0.1759230174837155 -0.1440926578297603 0
0.1696286124846412 -0.1517126627552031 0
0.766233729654155 -0.114858855207744 0
0.7647276663338186 -0.1196972006717458 0
0.4877311945782067 -0.1257953139285112 0
0.5567302515259552 -0.146090486587222 0
0.5610308794287245 -0.1532833144401969 0
0.7163541115016556 0.0425744660396542 0
0.9348894843637575 -0.0119471366225185 0
0.7372465361605018 -0.08371300848867527 0
0.08576189164255868 -0.08665771294752667 0
0.679325769082155 0.08350835408994897 0
0.6715238167425126 0.07926499398691583 0
0.4848905141928536 -0.2225945108448004 0
0.740564536045357 -0.1062199968855575 0
0.735731367693929 -0.1075898248594595 0
3.134894446446807 2.427425794531918 0
3.332172291886154 2.743960013749039 0
2.972477498122267 2.81971655976751 0
0.7502616249435875 -0.1043882380943332 0
-0.02574760271002446 -0.07397095358946197 0
-0.02560289481471689 -0.08424264131967382 0
0.9480477636375033 -0.07576110822539031 0
0.9463620283525394 -0.07926498323380241 0
0.9513641956731433 -0.07910676713015041 0
0.6505350687763889 -0.08042987974438312 0
0.6555338915897807 -0.08040448221416438 0
0.09823965104316289 0.0925827447498061 0
0.1031068024999826 0.0913863455535105 0
1.373726928902324 0.1557987780791747 0
0.5867829122865178 0.05289179120239786 0
0.3441969153255017 0.06193200744670913 0
0.3485509246365207 0.05895193365953129 0
0.6050143500637111 0.258725918378149 0
0.8326439985055865 -0.1100569287149794 0
3.462523145420232 -0.4690908761846519 0
11.66652289313188 -1.800000000015533 0
0.8372520871112601 -0.1222337554617347 0
0.8418193056716907 -0.1245729415777409 0
1.999930097835617 -3.533773758485132 0
1.554582873668687 -3.587707686871437 0
0.2883031799264889 0.0815230867389207 0
0.3061215684252676 0.05948073094567007 0
0.1008611300228628 0.3837720176561897 0
0.06258767290241321 0.3989345475407328 0
0.06918285457308815 0.3570347845945805 0
0.497928201080975 -0.1262666670705146 0
0.5548915558589895 0.459885048526416 0
0.5112387699471851 0.4772337454189204 0
-0.07958088891296169 -0.06069682504583885 0
-0.09590395515201175 -0.05765541050787314 0
0.9577840441132106 0.3332284166840746 0
0.9202862457678888 0.3559009926465155 0
0.7076550010808802 0.0179183100731555 0
0.1652443906349961 0.1251403138026398 0
0.1579678740342307 0.1251195845115414 0
0.5166713434069208 -0.2164273770280179 0
-1.624122698070439 3.309557681324997 0
-1.237756979469292 3.330956845281885 0
0.6639851776819152 0.07843281015173438 0
0.6558093200458129 0.07531919947068899 0
-1.470262494865348 -3.133259779349255 0
-1.651465162463397 -2.834543553695286 0
0.9838328835706249 -0.04167603773109609 0
0.9824699945394575 -0.03674669673334455 0
1.009546671745478 -0.05794778956453556 0
1.001013993519986 0.403004333028691 0
1.002211947497779 0.4505426987336021 0
0.9608168050774519 0.4271343852127643 0
4.085463611970988 -2.728539334039096 0
3.745575784562484 -2.903551029090983 0
0.8157639031522006 -0.1042907800293363 0
1.764389406191522 0.4081091764010336 0
0.6558792403353642 -0.1048433240775119 0
0.6532833833985132 -0.1090885881004625 0
6.444664373907548 -0.7884257461588022 0
6.787851132636809 -0.9894222616993557 0
0.5469099761628665 -0.2109110303594003 0
4.743079607027683 -2.022730585567663 0
0.9803195389050705 -0.0789626440933532 0
0.9826575950133294 -0.08299934703831405 0
0.9456419300288419 -0.1170484673835801 0
0.4902734841270133 0.05088155418997532 0
0.4901833904608846 0.0456600362993745 0
0.2428687438537417 0.4127135837303627 0
0.2065421893804294 0.4287284285527796 0
-0.09569598227421366 0.007284527093099954 0
-0.09797143362391056 -0.003482367075981845 0
-0.01857817992560624 0.1110354909400651 0
-0.02696372990260017 0.108752347207444 0
0.603941394813271 0.04407101265162178 0
0.5756327055933554 -0.2054739051373361 0
0.8068277165699697 -0.0007927285212335107 0
0.8110488389059042 -0.003228932452904355 0
0.5081429569564375 -0.1267412054302294 0
1.458301798366361 0.005823660985548408 0
-0.3141524985027913 0.3780528607038381 0
-0.3289123441657197 0.4302486852172623 0
0.4521442728355443 0.0596859825474427 0
0.4503720933171602 0.06438560487583223 0
0.7182030391758484 -0.1205635559495956 0
0.7323361857692455 -0.103933987480256 0
0.5324283903133971 0.07356920616244361 0
0.5275975533508441 0.07485384429317909 0
0.3566105673922132 -0.08084302104014585 0
0.3611126724663274 -0.08102031569420337 0
0.4065245057362575 -0.07947862286379415 0
1.04623907222011 0.03933897764960134 0
1.036503068726676 0.03130621088273754 0
1.050424189117236 0.02976830050762752 0
6.77656980923415 -1.387999115709975 0
0.6030900376215216 -0.2001631713739117 0
0.9298911882245496 -0.01317530040591584 0
1.101389024684212 -0.09878086011904752 0
0.7501564546051249 -0.1225361311685878 0
0.7587258915047551 -0.386875789946627 0
-0.6892511125825291 0.2888396087081727 0
0.3352890093014194 0.1186653374295628 0
0.3613228169292536 0.09148332530058011 0
0.3599558031426934 0.09573174849652503 0
0.3565711124764963 0.09226684075108121 0
0.3835442409361289 -0.150633270367872 0
0.3765181014739045 -0.153346924748129 0
2.424954644134599 0.4853431427169909 0
2.474847200023444 0.5074422754872567 0
0.6465685432567665 0.0740121748604502 0
0.6436229532075008 0.0774369675337065 0
0.6397621854896554 0.07277838814834753 0
3.625631896366857 -0.3284589130581241 0
-0.04598362191943645 0.01404037519292144 0
-0.04491010043047123 0.00906417521713487 0
0.6294605693858744 -0.1952532271182961 0
3.484956347987719 0.2893582792097058 0
3.483979007624328 0.243578464925299 0
3.519967231112584 0.2755345134895311 0
0.07522937285399427 -0.08494254941145729 0
1.04571034787396 -0.01669127388091736 0
1.043978143269169 -0.02438827063494873 0
-0.03666083360538797 -0.03840977532155303 0
-0.03099870395827206 -0.03643371808056738 0
-0.0370565995031608 -0.03343226512189689 0
0.1457701427983298 0.07432696927178234 0
0.9940962457477835 -0.02612102696606373 0
0.5183921159743718 -0.1272331873466973 0
0.05473096938536445 0.07579614603399645 0
0.05964012889694865 0.07544344458279439 0
0.6548080759563402 -0.1905527873871905 0
6.089616307549647 -0.97831273634719 0
0.254770814308471 -0.07183843071580233 0
-0.1499668957567876 0.04191276807760164 0
-0.136536441819842 0.03233222649995636 0
3.557918129968257 0.2869074346235797 0
0.7133496011308214 -0.1216778198601972 0
0.133316140849237 -0.06319083873032619 0
0.1313596475983457 -0.0586048582686218 0
0.535949760326932 0.07709519188736913 0
0.217616558396596 0.08487224094802437 0
0.688273346275593 -0.100538890143604 0
-0.124937301871813 0.06893438141318417 0
-0.1424724141904233 0.06803399504411681 0
3.897230210713616 2.370861606950846 0
0.8295287246230019 -0.02421112117628187 0
0.8246333803405139 -0.02319895271344897 0
0.8229960953606985 -0.01881655114043093 0
-0.2437299395047134 0.0924218002128174 0
0.6825849118197858 0.07658176693834287 0
-1.910316182586526 2.577117398260064 0
0.6428332948589883 0.02628205341320039 0
0.5286827642628449 -0.1277418613479499 0
0.1861603580913349 -0.07426127935191049 0
3.725120920121292 2.732074886041111 0
0.6688309794119718 0.05043058453886186 0
0.6645103593866659 0.05296085944466317 0
0.6731534176822018 0.05294421714830737 0
0.3872916075864898 0.1814249972779172 0
0.4047073736625959 0.183195738320091 0
0.7469203031853925 -4.907203282784481 0
-3.403964098052698 -0.1602203721771393 0
-3.59427879564225 0.170822828123806 0
0.4965332160567596 -0.08263347927925135 0
0.01283033588713604 0.07401283728339605 0
0.01532685083768868 0.07841904791507467 0
0.9998422040467838 -0.0341785821826016 0
0.3759032581267792 0.07025697145348606 0
0.9075821947161122 -0.07833903108611637 0
0.9102082938427867 -0.07404160324615985 0
0.5094508114039994 -0.07907739892615681 0
0.5144487253049743 -0.0791760365390399 0
-4.942352999163205 -3.46692787027851 0
-4.497759898552293 -3.424177478738281 0
-0.03705348231788455 -0.08881607430564953 0
-0.02946492987585979 -0.09332547980808931 0
0.9966492774446066 5.350818269369833 0
0.2117454387381734 5.380280958149994 0
9.658179705420697 -5.322607083097397 0
8.835620966018642 5.290587737648977 0
9.667138641822328 5.309552788250263 0
-1.283878362019081 -5.345243752213101 0
-2.085352331778311 -5.334430232906164 0
0.639211266346956 0.4120031957007484 0
0.598441496524762 0.4370543027250792 0
0.6000191601532225 0.3880282707130228 0
-0.09555837130066669 0.05677730515248576 0
-4.301420446171193 -1.184096572509255 0
-0.04858213018892935 0.005438165760033991 0
0.3202852701703858 0.09311391095091709 0
1.218438675729691 0.1629270337737611 0
11.65623029227257 -0.6202457663849785 0
1.186129431556313 -0.4393872026801704 0
0.5957003115472517 0.07516634187205087 0
0.9342348244338829 0.04076781340548354 0
0.9436173818751297 0.04260815175704111 0
0.06454862183652381 -0.08315325129423481 0
3.855019324558552 0.1129257033502206 0
0.2592187778797161 0.07972576313471499 0
0.8507035040460034 0.04157549213893408 0
0.5390053037543565 -0.1282583823996513 0
0.08978488462692215 -0.3975464499602496 0
0.07065232685234046 -0.4277323422927845 0
0.1090769457380228 -0.4291874437832717 0
0.8821880976648442 -0.1233394275527575 0
0.8769848620173635 -0.1212719178614541 0
0.1235853135513827 0.08176851604852928 0
1.699675920984472 -0.4901920798957362 0
0.3097326285509638 -0.1878004132306125 0
0.2230929787477979 0.2504322034873836 0
0.2338585082585124 0.2319730377420622 0
0.2398965759472351 0.2483244927999898 0
2.938455407462672 -0.1294843027151909 0
2.980705453159904 -0.1081717619906268 0
2.934610378748733 -0.1793346038513245 0
0.399865107529844 0.06498269533028711 0
0.4049190186071228 0.06334173005125832 0
0.6096550728646813 -0.08884083299804878 0
0.8808693723278568 -0.1138974892751368 0
0.8854338880856159 -0.1159402120411615 0
0.8445773677038985 0.04457413801248735 0
0.351476091268514 -0.08027992441983958 0
0.3546633487422586 -0.08457933430725434 0
0.6999545130655976 -0.07937394834577811 0
0.7049530115032876 -0.07931156843033421 0
0.153293625960085 0.07864791971588812 0
0.1508028371011551 0.07445369970554905 0
0.6434852021736178 -0.300268157906519 0
1.034992831237292 -0.06652356072985408 0
1.032090019743236 -0.07079572819661273 0
0.7805239414826042 -0.01477184157549975 0
0.775621617573016 -0.01379403879659468 0
0.02033399956424754 0.07813763481624968 0
0.2774353681684282 0.1338110967838042 0
0.2863098667879905 0.1357389241010304 0
0.2800427729429904 0.1408632611566213 0
-0.9750986128733306 0.4853635561600738 0
0.1382933537304607 -0.06397981705038001 0
0.1413512009503224 -0.0602824708462969 0
0.82038275401713 -0.1023119163281781 0
0.5493967297451956 -0.1287627197981937 0
-1.977764028865389 -0.4542452133594536 0
-2.105135326268484 -0.2433373342762957 0
0.1473109134253404 0.1089942691976794 0
0.1424140420963337 0.1099747652247347 0
0.1506059642449248 0.1127419125693661 0
0.9286725261245679 -0.01802588063194911 0
0.4712960879477321 0.048381470933264 0
2.777077561569312 5.650064277884434 0
3.168381909395837 5.650064277884434 0
0.4975280831467747 0.08484952001893034 0
0.4992385588545403 0.09149591547282027 0
0.02765261425701782 0.05278976186593745 0
0.02648160070615143 0.04845755783737675 0
1.279436149788953 -0.3534575920958717 0
1.320903244252933 -0.3338208983776246 0
0.2822992657520499 1.013232916923927 0
0.1742456862574936 1.030687516323638 0
0.4874453622140509 -0.1590440258216901 0
1.084540340687293 -0.1955499966371704 0
0.7634072985224878 -0.1244738502445593 0
0.04246026141901569 -0.07946812688572691 0
0.3950270650678908 0.06597050860475022 0
0.3941015757685099 0.07062857407649381 0
0.3829864923688787 0.09529353880234348 0
0.3781892751711066 0.09646684259717114 0
0.05401243394716614 0.155590148247051 0
0.05925006880515661 0.1667148031151216 0
0.5075224833913035 -0.09610107911613151 0
0.8450650042306664 -0.07634855455694284 0
1.162489295650863 0.397882708323105 0
1.170942332485207 0.4462815165612596 0
1.127467950175965 0.423004880344808 0
0.3460310187020409 0.1419360224611382 0
0.3381550782650497 0.1412398687308806 0
0.3438888989199319 0.132303466746356 0
0.2911436111089639 0.0605583625841894 0
1.878970657230763 -0.4483092879980456 0
1.923243173298842 -0.4266204978058565 0
0.6428408214269027 0.05562160028478733 0
0.6385183484598655 0.05815476352318462 0
0.6471751714588649 0.05811447893972189 0
1.250535816594577 0.1422370357996979 0
-0.001914602255947939 -0.0276210002824974 0
-0.003222022798739853 -0.02289829297760535 0
1.110914015518791 -0.00441880549029746 0
0.9180904187874561 -0.08061026324501058 0
0.9134319046732614 -0.08304332483802941 0
0.05363508730858708 -0.08138613816577499 0
0.3664702022206804 0.1035068238558034 0
0.3705626890705597 0.1082881289781853 0
11.66652289313188 -1.400000000017013 0
-0.400492710427592 -0.4885555781475708 0
-0.4378638496685127 -0.5501406950451008 0
0.2786595340547291 0.1684592124844074 0
0.2865390836287072 0.1579327615313466 0
0.2885712039664595 0.1695031846060643 0
0.9925357574201035 -0.03044613269007082 0
0.8400687096969321 -0.07650955561765474 0
0.7483402636359084 -0.1461281341355368 0
0.3416411048557608 0.2450241887272199 0
0.3510368878551757 0.224394968348456 0
3.788144632460978 -0.0217731236650066 0
-3.221521738723955 -0.471175715633863 0
-3.041551415299205 -0.1636589260059083 0
0.234583528126952 -0.1729781925801712 0
0.2484723788286965 -0.17435457057938 0
1.025108020049518 0.1037430353614306 0
1.04422449367775 0.09024058660302851 0
-0.3664288911637641 -1.888823276052759 0
-0.6128277854754391 -1.888742065114745 0
-0.3694463284988089 0.8715738861416552 0
0.7166740865512977 -0.1253186296653484 0
3.19437232979477 0.2746703187591312 0
0.3661949376709085 0.09039050080139391 0
0.1246886320543872 -0.05309794120170726 0
0.1295570966231591 -0.05418616930037121 0
0.2580802588821887 0.1134189394390789 0
0.2635640533198448 0.1154394726436541 0
0.4661476360200362 0.1536119788252667 0
0.6480152758859312 -0.08475357535817343 0
0.3879922007180491 -0.08273268198521587 0
0.3895237175340567 -0.08700116942740216 0
0.6550701381910307 0.01351665090190073 0
0.659750977856415 0.0163353700487374 0
0.02893446234326813 0.0568372367681243 0
0.1243476538598011 0.1087515450687099 0
0.1210082590826277 0.1050612932798324 0
0.4480728354630512 0.08704636103498839 0
0.4432203297439228 0.08826491910509335 0
0.8530810194533335 -0.1015878927655791 0
3.304247241541659 0.09941720675851075 0
3.308192138656339 0.1463746582133052 0
3.353305833576123 0.1679332801989919 0
-0.06225187748956848 0.077124377726462 0
-0.06360722666749224 0.07067023215347573 0
-0.0552122565988772 0.07453304453057016 0
0.2291258075997224 -0.06934333821665437 0
0.2281155567212526 -0.07448707387128145 0
0.1893411933433153 0.1025934260297862 0
0.1935059181305595 0.103306892280326 0
-0.3084781544483353 0.5367611567906011 0
0.8285711694798816 -0.1076059384245157 0
0.8243602706248545 -0.1049715778221872 0
0.6968265978520073 -0.1161184600566455 0
0.5227897278124887 0.07624255284477852 0
0.5179522422685094 0.07750590416865984 0
0.02283029403140106 0.07397002167047997 0
1.425054959100446 0.484886335591905 0
1.38000189132865 0.4632008223452588 0
1.339636149472035 0.4894105580962848 0
2.790061690340456 3.142894087090475 0
0.4501246403893123 -0.1684424945044298 0
1.013239432186599 -0.08196605781379399 0
0.08698297017647684 0.1123676902030333 0
-0.03638821634880431 -0.007198648391503488 0
-0.0316102854860997 -0.008476603777893523 0
-0.03051470286124233 -0.01336383240291819 0
-0.03395935389295172 -0.01663408150492552 0
0.002753671110090696 -0.02923440666834856 0
0.6674359142136296 0.8230117460210865 0
0.5838816881559428 0.8853870938698054 0
4.797680046984887 2.039304715445268 0
-0.1087275064335198 -0.513809040422151 0
0.6232857898153619 -0.1481396795986956 0
0.6297877562781418 -0.1481382284914929 0
0.6280383290182574 -0.1405364414447959 0
3.166827107486202 -0.1051949680183578 0
3.144867644057156 -0.1445852684452008 0
1.313996288225733 -0.4292284229911966 0
1.354411452578953 -0.4577816603091552 0
0.3463686320037239 -0.08001762472316756 0
0.8438029649797105 -0.08908412378433619 0
0.986291932732535 -0.1309040593886905 0
0.9892807986713508 -0.1256854635151412 0
1.708336280773322 1.710328171350894 0
1.950542270978343 1.691410067025379 0
0.2035581468017947 -0.1384256743941445 0
0.132425223899402 -0.108786090192362 0
0.1351804091089745 -0.1148493117208563 0
0.9054233725668953 -0.1081229326786843 0
0.9095864817226738 -0.1110403517721667 0
0.644681404181761 -0.08889562956417231 0
0.7222780835615206 0.7517726507531 0
0.7424561263464278 0.8672754491060386 0
1.351161432184139 0.1125746115861362 0
0.02451591777068299 0.1084444561364069 0
0.27185598155553 -0.1345285635950052 0
0.2729001882382098 -0.1280218013879879 0
-4.242365581538424 3.484018750288502 0
-4.399583947653367 3.136521043240864 0
0.1854927956417596 0.1014000703180154 0
0.9016769337217485 -0.1358185519704399 0
0.9812715800150593 -0.01093305231990295 0
0.9763239785911004 -0.01183793257942548 0
2.842460660134303 -2.209724113140331 0
2.805115803509701 -2.590963575951173 0
3.137538205652925 -2.446447464389616 0
0.8288775051580005 0.02096561855881907 0
0.8244318331223017 0.01802894168653826 0
0.301141445856524 0.05991341787460235 0
0.772753577929675 -0.09207731021727625 0
0.08049666001667863 0.06964083063364872 0
-2.165914797229166 -2.584938397415832 0
-1.828584438697023 -2.578463554556206 0
-1.974580908621171 -2.291035965582699 0
0.02625568757429186 0.09503918813031484 0
0.02123634081710064 0.09541716999758514 0
-0.126129609875758 0.1782155215366601 0
-0.1324807908119271 0.1580257453808238 0
2.59278384490111 2.826359867873354 0
0.7776646354965375 5.098423484973768 0
0.3858299967174941 5.114368792077162 0
0.5613752568683429 4.829695570237879 0
3.964107438546616 -0.05395713400244144 0
3.987161046484273 -0.009165923407436549 0
0.6473451582232841 0.02810505843138157 0
2.62330788393915 -5.574676814227802 0
2.349805335416254 -5.280744243138358 0
2.335193103618436 -5.706067428910556 0
0.1472061700173943 -0.4412729559579341 0
0.3864721931802839 0.09869612806438954 0
-3.370336079398748 -0.7829553840108983 0
0.3629214159245953 0.0996612388651659 0
0.3682562938915358 0.09879381803666147 0
0.4231155814709412 -0.150492508905518 0
0.4283044599433865 -0.1500877824922705 0
0.4249149337488891 -0.1429852368169526 0
3.991038131676738 -0.09597772969532312 0
0.02906113940721369 0.09916890749024691 0
0.2626802836414281 0.06916164171186955 0
0.2655197416335988 0.07326094898004071 0
0.9732169216686062 -0.008519146150344745 0
3.141863789919361 0.5677172853959354 0
3.205543564045063 0.5900826346675551 0
-0.720001435726924 0.1073499103941881 0
0.604656592069011 -0.08882131635314408 0
7.967243611448362 -4.969906989980579 0
5.743158538739983 -1.158030925664944 0
2.043046483258532 3.114280466535989 0
3.408297134855353 -0.4707686571311175 0
3.439407137992859 -0.513441149683703 0
3.164938820501481 -0.4841676892266118 0
3.215373013093805 -0.4814113194646565 0
0.9700151160269851 -0.03873844518046293 0
3.358371456155977 -0.4729554979795921 0
-4.484735125067438 2.778980917236073 0
1.03225655515924 -0.06216506808942499 0
3.777516948145363 0.1484554716015481 0
0.2052179521823178 -0.1166234102663364 0
0.2064038397414663 -0.1237474481551653 0
0.111282061760569 0.1072167935971373 0
0.1063967328612745 0.1083093372876831 0
-0.001355295733697577 0.04017074675187399 0
-0.004223373829123835 0.03570252773081553 0
0.906668732849131 0.004039548014337016 0
0.9034755430048611 0.007693800990792342 0
0.8466900389416916 0.03189320625142281 0
0.8456718479317741 0.03922845428752345 0
0.201466257512921 0.08220012130330073 0
0.4535688037614383 0.06796463849980441 0
0.4584759990154339 0.06677647048649302 0
0.4601512513809906 0.06244860376740463 0
0.02094196769610343 0.4126964270574405 0
-0.01898673984558835 0.421222523341619 0
0.01541683331271306 0.06971964758158519 0
-0.11139748903845 -0.2458804936976034 0
-0.08789945640620041 -0.2278551416094029 0
0.7452452486169547 -0.123982566277987 0
-1.06165714272434 1.330064887453188 0
-0.9219285846684345 1.494283557944404 0
0.246929231117059 -0.1161156617643285 0
0.2577279957031518 -0.1171335793266432 0
0.9468310502065418 -0.2410491794389384 0
0.9323745649949362 -0.2409637912129516 0
0.236084127303093 -0.1151315189272695 0
-1.148424896130544 5.727395453992997 0
-0.757120548302089 5.727395453992997 0
0.2685118549351296 -0.1181457884387931 0
5.570422038274303 -5.031389733567638 0
5.862831835878466 -5.324610342955729 0
0.2248950426661973 -0.1145381261889663 0
-0.4035539421581079 0.1296811949530214 0
-0.4333840519367533 0.09014963040861995 0
0.6232799617616309 -0.1355051812464597 0
-0.05998013067332743 0.06336295607303954 0
-0.509181841295711 0.4982130346726829 0
0.2792756072861603 -0.1191656855889999 0
1.027192342939724 -0.0623122093258897 0
3.997838966425996 0.2165414131100077 0
4.027770508811885 0.1736208953560096 0
2.887190224600877 -5.727847780529057 0
2.901802456398695 -5.302524594756859 0
-0.882102726923822 4.582561769213984 0
-1.11643355733499 4.914712174129994 0
0.8596822156137665 -0.03006662939415301 0
11.65623029227257 -1.020245766383499 0
1.826374078358904 0.0555918668199952 0
1.785546219424553 0.08447123164235287 0
0.6684866387763746 -0.1255583608352209 0
0.6714303001011952 -0.1288785028064457 0
1.764060796416832 0.4585537306380429 0
1.720594023882877 0.4363600643942184 0
0.2507542011336142 -0.06934285088209446 0
0.4696489402438154 -0.480390154116296 0
0.4797775009355415 -0.5277465125405678 0
0.5116362981302698 -0.5082209106996644 0
0.9755622665386912 -0.07916864696621043 0
0.3110136283629356 -0.1768408152103149 0
0.03496389742444066 0.06935373246521692 0
0.03257021930719689 0.07399522152758656 0
0.3221707568046135 0.118602400724098 0
-0.5057888450457901 -0.05343910377022301 0
-0.4842266560082309 0.006965618932532128 0
0.2900364617544813 -0.1201884707837336 0
-2.126690921159928 4.499175164449127 0
0.3961213847064681 0.06166946924210657 0
0.5126584114107433 0.1248502542147649 0
3.845006979347111 0.5975548775476718 0
3.795381635933488 0.5855197776840726 0
3.856010858399062 0.5444110363523051 0
-0.01541188644894448 0.07720704875031309 0
-0.02040166568923493 0.07687209218214944 0
0.4051717633880814 0.05958841649877258 0
0.6212030096770921 0.06318451469558958 0
0.6169205665163939 0.06064962904054438 0
3.112797027296355 0.4173101101907256 0
0.4268226591921925 -0.09297775688762833 0
0.4219076846344487 -0.09290707081591736 0
0.2034109521920719 -0.1118535332635007 0
-3.056720697482171 -1.726667283260555 0
-2.898529582256958 -1.373358679285042 0
0.2088434827792036 0.06906322456675162 0
0.2060239143218889 0.06489696854914147 0
0.9947297116799769 -0.1704217079851497 0
1.005600191275834 -0.1745062455006516 0
3.789876056785273 -2.072610003941254 0
3.470711494249842 -2.287836568455093 0
1.030926929560283 -0.1010421442902995 0
1.034020042464137 -0.09707476190083685 0
-0.6074840929106863 -1.310042813170994 0
0.726362892743919 0.6720692555745572 0
0.6766354738697051 0.6564183655445263 0
0.2935099927730649 0.07319600695155501 0
1.272612400720023 -0.4002064086876621 0
-0.04014479241405929 -0.01150355775992607 0
3.826559775276545 0.154000980607213 0
5.416010432437455 -1.324329495558798 0
5.400393446416436 -1.704195007602756 0
0.3008038501137316 -0.1212258337798121 0
3.045327546232885 -3.205892987097465 0
2.749808824308567 -2.944191089810261 0
0.3096702641675688 0.1186445566292433 0
2.033420657836984 0.4896961738015402 0
0.6899073924604278 -0.09526180864536692 0
-0.1556389659456742 -0.3458284886001308 0
-0.1724763970228663 -0.3000501423942508 0
3.293787761903334 -0.136514700809153 0
0.452627988205436 0.08581796815037426 0
0.3418923153753207 -0.07947256197759558 0
0.3450525559901562 -0.08347117494137607 0
1.039270768936571 0.05286481565889126 0
1.053191889327131 0.05132690528378124 0
-2.264927594714025 -1.720902793669128 0
-1.99886863320903 -1.5606717865483 0
-2.374262465688875 -1.488312745232554 0
-0.04991603393858242 -0.03294766880412041 0
-0.04442856397124841 -0.02943438983298937 0
-0.05162586875955411 -0.02697373627422724 0
0.1926366859164405 -0.1106391988874108 0
7.296220556072669 -5.345330206319264 0
7.108695652164588 -5.728722167173418 0
0.3249627818597892 0.09294251769972056 0
5.045874985820691 -2.988860501103662 0
5.378277930224201 -3.214739036412529 0
5.379794621021561 -2.825950675374288 0
0.4811432540491893 0.07788743739910342 0
0.297746209821741 0.1185968656887993 0
0.9459710954631524 -0.08379601855729461 0
0.3115965541954259 -0.1222947247293218 0
0.6245242268059794 0.022944323024523 0
0.6269339069773592 0.01872339218335541 0
1.158039275925195 0.3496822192582262 0
0.5971788202472349 0.02398469779076316 0
-0.05088377268812831 0.01552837934494829 0
0.5598387207005237 -0.128983689754575 0
0.5625852101789128 -0.1245699046516455 0
1.027054037745488 -0.0703124465635224 0
0.9451360751919442 -0.07195825688653369 0
0.9401428330609791 -0.07219575406753842 0
-0.5042199508088328 -0.6278473420778306 0
-0.5347322812657269 -0.5552785343814836 0
0.419448383322848 -0.1636767688185748 0
0.7558449144525754 -0.08665001290563512 0
-1.080101965797909 -3.7054300429907 0
-1.068158672665576 -4.064249666234225 0
-0.2221685531457805 0.3582071791888284 0
-0.1920582108904458 0.3940794788044822 0
-4.355878554789819 1.272519706181527 0
0.287839845665307 0.1235501551351271 0
0.285741495163921 0.1173148205919698 0
2.522424483721635 0.5360225995599264 0
2.573639175915688 0.5597355629172723 0
3.604968028916594 -0.3721596513050759 0
2.253063462179592 2.82783746865923 0
1.885741908318824 2.7925805399989 0
0.4796041699580702 -0.07798862776333604 0
0.6125913667444294 0.06318662759321922 0
1.008525546047756 -0.1153067515651824 0
1.011589887661134 -0.1113890695753658 0
1.016512151313311 -0.1120876936306472 0
0.3843557988384221 -0.0742963482175721 0
0.3224163744721233 -0.1233795766722183 0
2.435291754608397 -0.4703965490430535 0
2.476712946560014 -0.4988091399562495 0
0.1786200473751258 0.1118040405993424 0
0.2687262127309433 0.08135453493437531 0
0.2666891108543861 0.07730207136999726 0
0.2717632283517518 0.07744441389636494 0
0.8171610890399957 0.02436176826045254 0
0.8129020074839926 0.02698188207634201 0
0.4944961184928403 -0.0785090341796538 0
0.5985517904267361 0.01924881236676127 0
0.6034786806832946 0.01840345557884689 0
0.6868385115990052 0.02055479083183052 0
0.9452720606132921 -0.101855423424402 0
0.9457236940269742 -0.09692383966256549 0
-0.01412060542238079 -0.01034077934582937 0
-0.009786109350868263 -0.00686989426089197 0
3.737932525767898 0.5010276922534136 0
3.686788034392864 0.4954653140638797 0
0.8817133152060326 -0.03132925844964054 0
0.7421074784870194 0.00887241032970796 0
0.7423163334453058 0.01363109415293729 0
0.5131229388602185 0.07889692567039189 0
0.5084772699032969 0.07998237365876068 0
0.2274435196470045 1.926462866986449 0
-2.796203182601846 5.139810815938333 0
-2.75879207883519 4.808893805208437 0
5.692638601299079 0.3652044896357733 0
0.6336131234473039 0.04049937180889412 0
0.0779910738149156 0.3299991578743777 0
0.2961256974973899 0.06014891203925506 0
-4.619516072156081 5.690329653808188 0
-4.378009093790053 5.353628933889381 0
-4.627842812400194 -5.595445565573101 0
10.63219087241377 5.681082467262009 0
0.594083662052723 0.4838599735141416 0
1.046088919128384 -1.52548119845237 0
1.187736446480851 -1.454566584699407 0
0.3242537966386206 -0.07881791350188733 0
0.3193544818254314 -0.07753033926625599 0
0.321357376281489 -0.08197246525943601 0
0.3332446816347873 -0.1244420654179441 0
0.7900918006348383 0.02931508544056439 0
0.7857926606771589 0.03188742930414765 0
8.063355086171608 4.674069508167588 0
8.379105795271109 4.914264839182515 0
0.9007455515210538 0.05221538583116665 0
0.9104660726799354 0.05475813983219352 0
0.5262942101966854 0.0797108757325686 0
0.4043749552840713 -0.07542816175370579 0
0.4385714415747526 0.08983061616937535 0
0.4337117022675464 0.09112434269897771 0
1.036389810038252 -0.09324351343188128 0
1.039574384009261 -0.0893375261467568 0
0.7947863944059552 -0.08586212624407449 0
0.7997031000159955 -0.08563998165089701 0
0.5676456367144291 -0.1246965566301976 0
1.235431170464991 -0.06389363151451258 0
1.219735147398169 -0.08547755940569993 0
1.245649687795542 -0.08857555895871061 0
0.05380889405540849 -0.02372194425150275 0
0.3391462158853563 0.0598822825476567 0
6.673224485123376 -4.161147014982619 0
5.359495318052158 -4.010992579742377 0
0.5276971875984493 0.05726257111055914 0
0.5325238988241976 0.05596411465128502 0
0.1326434898926842 0.08721994409999392 0
0.1335138728909156 0.0824625119461784 0
0.6183980830252597 0.01591043232519177 0
0.616690231888821 0.02010836740330099 0
0.6233221067833303 0.01504853511455149 0
0.824877714255713 -0.1001113007439735 0
0.6474398542325874 0.03314357256266556 0
0.2894070275356337 -0.5003962079677516 0
0.9242126818649583 0.003934283920112991 0
0.9194262287838995 0.002151063157235033 0
0.4281855839107568 0.09224577045988097 0
0.4232634077095994 0.09341123056844232 0
6.047224490104552 -2.897638538360296 0
6.04123326813042 -3.286042889443784 0
0.5725467242115669 -0.1249873711571219 0
0.5775552633487699 -0.1251150816553448 0
0.9736655792317117 -0.04704732808852578 0
0.9690047782936277 -0.04604318809489284 0
0.2504683935377165 0.2628840641360135 0
0.2612339230484311 0.2444248983906921 0
2.989519161985025 -0.4528984608980138 0
-2.100722514693747 -2.045386321713599 0
-1.763392156161605 -2.038911478853973 0
-0.05170707434069122 0.03947312526772825 0
-0.05252745350565588 0.04464435481866427 0
1.132564498637958 0.1154644567293912 0
1.158721959924014 0.1217816890872572 0
0.7944834830468168 0.03170162362300986 0
0.3829885426258035 0.06024756517291392 0
0.3780170352324806 0.06095273902404059 0
-0.0364605055790398 0.1074047610192094 0
-0.04600225491467633 0.1061483758098394 0
-1.763280214685049 -1.103911900070901 0
0.9181894301993382 -0.04325416425050492 0
0.9013746635081201 -0.1107209990197079 0
0.9152026239184567 -0.073828205665528 0
0.3354927315663717 0.1631507340381616 0
0.3243798584924049 0.1660733522849623 0
0.3291843249731919 0.1537950426924636 0
0.9351084050940039 0.1359324617074584 0
0.9505594220171972 0.119875924127808 0
0.9562639850353566 0.1405763731880866 0
0.6634400092841372 0.1960042752330673 0
0.6726055772677108 0.1732827035038176 0
0.3441117936094435 -0.1254421346512334 0
-1.561962584806484 2.680156169793068 0
0.3849064906179466 4.566495431623709 0
0.9216548917565507 -0.03964927321950504 0
0.1816420513225032 -0.1094779405498787 0
2.590636890298338 -0.6167575267765069 0
2.630492739907367 -0.5888938998063676 0
2.568189471471013 -0.5596691248025414 0
0.3993816452229933 -0.07519211368073006 0
0.9028580946464529 -0.01741328930070363 0
0.9011833401082194 -0.02266304931969578 0
0.05851029774428727 -0.02542009470505577 0
0.8200538831625908 0.04594349463752709 0
0.815203442359554 0.04885287285840596 0
0.8118367526775201 0.04275862579699398 0
-0.0159615301513562 -0.04115927508391432 0
-0.01471841618970063 -0.04621572854899827 0
5.382780112347285 -2.092369319180878 0
-0.03565918772252637 -0.0455736054771683 0
-0.04171708326741511 -0.04257215251849782 0
3.266159661669317 0.6161991231307902 0
3.3277120604601 0.6355949705106173 0
0.1586561249458296 -0.06673406905018406 0
0.1534912912921088 -0.06616783166951877 0
-0.226255254071516 -0.1542631978565451 0
-0.1920365893945574 -0.1622591711221381 0
11.00121603155356 -5.681594853806228 0
10.60991168372898 -5.681594853806228 0
0.4560149596858618 0.05056014540896651 0
0.582636877050779 -0.1257737996135588 0
0.5876370309832318 -0.1258994536175237 0
0.949704817578054 -0.1043230386879666 0
0.1281906351167884 0.08153688371189988 0
0.125017684352193 0.08540732263982789 0
1.04335355421362 -0.04826147623598569 0
1.045443562705833 -0.04356282739227024 0
0.7408431573781951 -0.08756124238055474 0
-0.155268242999217 0.2224860309255757 0
-0.1661407279487591 0.2010548966884278 0
-0.1375802450157576 0.1986082057564809 0
3.996668187941608 -0.1819387936657268 0
1.027704725347532 -0.1052261858007038 0
1.024622671514936 -0.1091610820294512 0
0.5086639991415172 0.03825150604557456 0
-0.1355215782800561 -0.2737253941582883 0
0.04004348954138751 0.07758902497916979 0
0.04217468032822562 0.07335454685744566 0
1.162953284240806 0.09468010155261392 0
0.1215462402021513 -0.0568334060650286 0
0.35504006927074 -0.1265734575352918 0
0.6799759981818032 0.4395421383792148 0
0.03505680706185335 0.07792172011801632 0
0.7714953477542706 -0.1280195041764066 0
0.7765395485735304 -0.1269630865159018 0
0.658076377054525 -0.0832311220132691 0
0.6599581759493987 -0.07857141865812294 0
0.885832398443769 -0.1202180399427571 0
0.8897583950226828 -0.1177159076333421 0
0.07710564323304631 0.08064842376896045 0
0.0797991132877178 0.07770809199311454 0
0.02009319365663908 0.06987057490032945 0
2.302850468041857 -0.6406512813667303 0
2.225518066764582 -0.6592243050072024 0
0.657007802979362 0.008851435751277878 0
0.5926418894321679 -0.1253287215310697 0
0.5976406882575045 -0.1254542192306166 0
0.8767899443691601 -0.1165616100995833 0
-0.0321547422649802 -0.02647761710535881 0
-0.02771515371222765 -0.02807055687889616 0
-0.02667655808546213 -0.03296352400553536 0
0.3930524962083941 0.07520350600716277 0
0.388221070794216 0.07651907189667681 0
0.7116239081377465 0.04549757883630751 0
0.2407924309707045 0.1492609870196803 0
0.2495391312772478 0.1534528474401466 0
0.7384437687377579 0.04042460976399119 0
0.734119413010268 0.04297552610798122 0
0.7425347943539846 0.0181324793648415 0
0.7733990367198638 -0.08841632879949411 0
0.738225379888764 0.02066917934031456 0
3.644455087629142 -0.118788162586767 0
1.410017385256651 0.004435786019152066 0
3.624617445864 -0.6698622295627281 0
3.686828658802287 -0.6525981366647877 0
3.62390148515635 -0.5917617069239214 0
0.5474923584796496 0.0319992084117186 0
0.5508581362858305 0.03550385460250882 0
0.5460165969735823 0.03563017502347937 0
0.3964471672701118 -0.09146302401038564 0
0.4570072214797533 0.05884939385840961 0
0.6810165450997131 -0.1731757433764796 0
1.270130053180197 -0.4483150364656598 0
0.3697014633721172 -0.07326678188518158 0
0.8714522575114679 -0.100784280392871 0
1.039703134261893 -0.003330532984393899 0
1.042557921444607 -0.01187367359783699 0
1.048217221467977 -0.004383236801047805 0
-2.545038792409358 -2.614390561091285 0
0.7177464824118605 -0.1768268805420687 0
0.7080840673322368 -0.1840726767366564 0
0.6056234962396529 0.3547569711942923 0
0.5807290063645687 0.3160998175811203 0
2.261202247957688 -0.4525893344421956 0
2.299621897700219 -0.4809919287932373 0
0.8469790800860136 0.02514164205115579 0
0.3660190483503976 -0.1278238125257728 0
3.26084611570502 -0.4726772435194551 0
3.309630754951086 -0.4700219410167329 0
-0.03600476974135296 0.05478641298050961 0
0.6026391142385404 -0.1255795990758842 0
0.6076386260231277 -0.1256641446283921 0
0.06593780565856204 0.2979564234224319 0
2.139364399894415 -0.6941116365683111 0
0.9441338150988148 0.1036835792901458 0
0.9652893950401673 0.1083274907707739 0
-4.326802613037955 -3.748116690398516 0
-4.504111691936663 -4.129712727369079 0
2.074531280507504 -3.154290740232412 0
3.012985028351226 -0.3218737389203606 0
6.481790012682389 2.174840901787097 0
3.361725672509468 -0.6235914937522606 0
3.317635275367835 -0.6931135436934321 0
3.388479920077983 -0.6973625073852571 0
4.62167906271715 -0.6902484955062755 0
4.660459869900372 -0.5832232219662969 0
4.497367859983624 -0.5960589832168935 0
0.01645555528787748 -0.05878256241275522 0
0.01776458178596944 -0.06391090842957739 0
1.005321245231602 -0.09372270880287914 0
2.987827222290798 0.7828962324350315 0
3.000962599836054 0.7004847611173575 0
3.053575720081918 0.7901613373279655 0
1.04811812236822 -0.2269058382718303 0
1.036673159493146 -0.2131043149328122 0
2.454731278789945 -2.707467738560976 0
0.1374525425019236 0.1112420020862053 0
0.1325710297850406 0.1121501718713489 0
0.6980988339289063 0.04677028783120982 0
0.6941968292273926 0.0441421806716446 0
0.9025391755805032 -0.03984573736934612 0
0.7181178249817342 -0.09546949619751791 0
-0.3704646911819638 -5.711987265218713 0
0.9246132443808401 -0.1912059028083598 0
0.9090831414076115 -0.1902028045248291 0
0.5100142144050541 0.0338704116814873 0
0.5149549573099612 0.03311019346967319 0
0.3464534305235377 0.08138612949793229 0
4.725889487168935 -2.773342836406099 0
0.26713582781483 0.1524238261034438 0
0.2738978440202024 0.1479121116245424 0
0.7133864001895013 -0.09653712558822676 0
0.3863106133013414 -0.0784611772381018 0
0.382830159650617 -0.08235977871292884 0
0.9360452450986804 -0.1622747187027559 0
0.9452196020758179 -0.1678828245655616 0
-0.00233330654345076 -0.3510683162803653 0
0.01379515126946014 -0.3926695215078134 0
0.8508598977872206 -0.1241436348742069 0
0.8550596939524682 -0.1213265251494425 0
-0.04874022437858504 -0.0399951892401909 0
-0.05593752916689074 -0.03753453568142878 0
0.492503374494952 0.1297160533692006 0
1.140462030073093 0.04566517452804782 0
1.132508536501716 0.06117512606926871 0
1.118954544669657 0.04799739944266717 0
0.1658603165099156 0.08203373641052314 0
0.4297610724970828 -0.07600542310984677 0
0.5377207414552529 0.03351482686367332 0
0.5419327910732175 0.03614952981319323 0
0.4347562087115763 -0.07619902430132919 0
0.3771169144941665 0.1797926401030144 0
0.3858838124115287 0.166727285525951 0
0.2413736256009575 0.06315892200218345 0
0.2153736407073727 -0.05926698008507819 0
0.4136643204689633 0.2555937306157481 0
0.4117072891486743 0.2859070760499533 0
-3.00219431402722 1.100658543988981 0
-2.528972468201658 4.465541012768977 0
1.0102586203441 -0.08594412438928262 0
-1.403189826125892 2.98413923747771 0
0.6126370544444143 -0.1257894930100734 0
0.6176358639020333 -0.1259001021670733 0
0.4797857357905788 -0.4343973853982696 0
-1.053486071663055 -3.110144114368128 0
-1.240736568906625 -3.44668277271615 0
0.743976338051711 -0.1489704667027837 0
0.7413833640832768 -0.1420204448933333 0
0.01770472695726473 0.0655916534098577 0
3.975640817807436 0.3903328628104407 0
4.006209236563116 0.3507168706730709 0
0.6268646863276093 0.07682267608542812 0
0.6232698222164337 0.0786856688286599 0
0.6225356976224978 0.07284147502822408 0
-0.06823514875370945 0.2129612063506168 0
-1.499999999992901 5.791486456605366 0
-1.344077070044771 5.518881910598364 0
0.3770373055085935 -0.1290417410764973 0
1.510465614387352 -0.1598482785284592 0
1.611774641299041 -0.7166429307074031 0
1.526002856666616 -0.7243575800008468 0
0.8983024164462527 -0.006206472366543007 0
0.9031511022985952 -0.00514895577435708 0
3.479402977511751 0.3255831540847574 0
3.443414754023494 0.2936271055205253 0
1.964495232228095 -0.4548738646995336 0
0.06506482002642061 0.0757119520891352 0
0.9979812354616672 0.3546481722369087 0
1.039376377881994 0.3780564857577465 0
0.4729074510011763 0.132793421739907 0
0.681300677124725 -0.09341058553205597 0
0.6861724822019344 -0.09327872560699839 0
0.6826928031740469 -0.08984141538774243 0
0.153194642104573 0.09066346685297383 0
0.1582120299948831 0.08956868448644453 0
0.9108137637968627 -0.1250117479333705 0
-0.008622430216956301 -0.01681328881431815 0
-0.01319477158837907 -0.01511705284253961 0
0.4497278594862458 -0.07668047731460156 0
1.118792192641643 -0.1583761220783751 0
1.107891476780647 -0.1714636733152267 0
1.165640141937608 -2.17780864713722 0
4.096994607488659 -2.343035088222788 0
4.415918293237491 -2.561109286930471 0
0.2491489561042823 0.06693101103465834 0
0.2588420463987439 0.1592997179902361 0
0.2683336323008907 0.163764681296482 0
0.1161077127126164 0.1060397335475802 0
0.1145235087967178 0.110650873070352 0
0.5419212294428103 0.2191588258872798 0
0.5324919480393084 0.1954870242031528 0
0.7417865328751879 0.004778150384325638 0
0.7459441395528974 0.007013006793539556 0
-1.496878389000202 -3.728545707971826 0
0.4530427369882174 0.1353922786527003 0
4.30367995884813 -5.698680968559687 0
0.9804917887663156 -0.2193215865180227 0
0.9874135013593237 -0.2035101641152914 0
0.956952711898996 -0.04101754687389267 0
0.9544005200555665 -0.03721344503272581 0
0.9530716870867388 -0.04200712918156954 0
-2.282608695665947 -5.072872654903218 0
-2.418286655348734 -4.660333425741205 0
0.7159151361452315 0.04787065314689802 0
0.416686639044944 0.1816205448246522 0
0.8328354145024615 -0.1248724509695066 0
-5.019147160224777 -5.595445565573101 0
11.02349522023836 5.681082467262009 0
-5.010820419980673 5.690329653808188 0
0.09351972154181815 0.09502634414537173 0
0.09515664401254978 0.08987991090778891 0
0.9479959844902532 -0.04138215259770296 0
3.216463689281319 0.008308483873600354 0
3.261075297673798 0.02989177532674161 0
0.06331534140992888 0.1372702957857571 0
0.6864327849256328 0.04981976630616061 0
0.6821693691797328 0.05249783256141732 0
0.8595696156552602 -0.1232166171653178 0
0.8852624913697276 -0.0824082930669342 0
0.1015388931493515 0.1096250077442983 0
0.09660669688399792 0.1106406782774027 0
0.3769681884201291 0.06561449774173275 0
0.6226342924180969 -0.1260254508848043 0
0.6276313303050431 -0.1262063781680117 0
0.7099295621290125 0.007613340515085682 0
0.7051546166507718 0.009035234927822372 0
0.5394638306048758 0.02895893836981402 0
1.6741338648343 0.562013140944072 0
1.678782269926496 0.5074189720380951 0
0.5443997525002688 0.02816802210373613 0
1.035583924626662 -0.1291470113716818 0
1.030346689168114 -0.1343963809861656 0
0.4741302362511062 0.05167655680408772 0
-0.1002740753815073 0.03564436336776029 0
1.11035024044504 -0.08799416236703507 0
1.114551532010248 -0.1007512347528411 0
3.53037666790842 -0.6880791357368687 0
3.593303841554357 -0.7489155654777351 0
0.5728683603086764 0.1894093085316739 0
0.5647062341652955 0.2111117427577963 0
0.4332884176695506 0.1384705451056873 0
0.5792523336979286 0.04713973183313123 0
0.5829760758124819 0.05028213773943267 0
9.714324201385601 -4.43457608373895 0
0.8639349993385304 -0.1241342107854261 0
0.8683108346657106 -0.1261532434318209 0
0.8680859972008448 -0.1220824587259369 0
0.7249412464955267 -0.07793536587640273 0
0.7271182433911092 -0.08253042079005207 0
2.421200975964057 -0.5821993087775019 0
2.36580064463053 -0.6067123858694884 0
2.581825761488015 2.21866688510055 0
2.859453531291245 2.160229078354463 0
0.8249446583671801 -0.07604919326000351 0
-0.0532616656379437 0.02555968166042642 0
0.5756619979072167 0.1327746747728982 0
3.739081212895625 -0.026007324776173 0
3.015079883754693 -0.08372333769627875 0
3.063239630619759 -0.06462563232436501 0
0.01138112696825755 -0.05767796377429292 0
0.8487047717261396 -0.09972606382448324 0
0.9548745848745077 -0.1734330938967615 0
0.9647994407192511 -0.1784041560360409 0
0.1313481255703546 -0.1412319041943528 0
3.638792302044703 0.04551299082537396 0
0.2423026104099194 -0.1312130602158808 0
0.2431685098241783 -0.1394868157687472 0
5.929158298113791 4.501639651083428 0
5.800020566400256 4.92062926938782 0
0.9149148521203125 -0.005265735238062493 0
0.9136570682858993 -0.01001051567222456 0
0.2590247094634886 0.0664385205186393 0
0.3881210735174879 -0.1302733987160203 0
1.00078696098171 -5.094408488539544 0
3.240020039473942 0.2951194751252469 0
0.2010270509024584 0.06503881980716855 0
0.3697143731726483 0.09389167949178868 0
0.1564307500760493 0.0825854085255272 0
0.1514017785593504 0.08240731917737694 0
0.4175122744572634 0.1026053528864085 0
0.4215132157753843 0.09739182200572918 0
1.254998505247682 -1.22022623482527 0
1.255319871264441 -1.119977704735419 0
1.13956067716409 -1.222252945035415 0
-5.035981354011613 5.08354312545062 0
-4.873557880350369 4.7843442950371 0
-4.641826061949291 5.081460477202857 0
0.964919508342772 -0.2486066991367978 0
0.9481967830443997 -0.2624596422121321 0
0.1344997848464907 -0.05506778805021302 0
0.265019647305754 -0.1334000917768812 0
0.2692951495846899 -0.1399438452404644 0
1.048518013510744 0.4776391229969495 0
1.00832082506821 0.5017691751810229 0
1.069111415068835 0.05149730774191787 0
1.084969295413393 0.05068829088720324 0
1.060533069510442 -0.0129589584703533 0
0.8783410628684922 -0.03531592717785014 0
0.873453179660202 -0.03426832133075644 0
0.9958887172742645 -0.103923806571815 0
0.8901917358602154 0.009614540927019154 0
0.8866535456193594 0.01344296796264567 0
0.04465145229920479 -0.03929509233042701 0
0.04015064511023794 -0.03790878616502169 0
-0.001087693967926118 0.02667597995173763 0
1.529297538375664 0.1580177617428233 0
0.276509569465649 0.07745999399923481 0
0.281309370420781 0.07745069274703305 0
0.8951114479475205 0.01065246791794843 0
-0.05492382542560574 -0.1505084800045993 0
-0.04319937557655196 -0.1688022469456155 0
-0.03387815856574525 -0.1504564307661333 0
0.9963423440833403 -0.05202617353195334 0
0.3973517966066596 0.05752281745445627 0
9.616883301508153 3.30477050692988 0
0.6341647362213263 0.06069627131450568 0
0.6298057452502523 0.06322895537097617 0
0.3941246587684311 0.1459328248904233 0
0.4114986080414353 0.05510834730575991 0
8.323316043938609 -4.380848308113221 0
7.963532180586418 -4.551325601027912 0
1.678944856178519 0.4640334150844543 0
0.7623669968612727 0.3955544615091119 0
0.802063059476172 0.4259117185019593 0
0.7620144562600102 0.4484123060384722 0
0.6457572076472036 0.01442944520187651 0
3.550689966700336 -0.1251538732046418 0
3.502903913238351 -0.1275614166553001 0
5.604681506729426 2.601004001184185 0
0.4703128588482328 0.06024617719891977 0
0.4735087889154479 0.06343836470745559 0
0.2463648859796109 0.06288301317383826 0
0.9300463544850819 -0.2801459931175656 0
0.9048082994138706 -0.2878198270500816 0
0.6325253176431704 -0.1257761814946183 0
0.6375354286594996 -0.1258779752406469 0
0.1182789631262287 0.08961772472115112 0
1.268651346226153 0.8128716197221072 0
1.366091621490746 0.8471783955109584 0
0.8462468014327668 -0.01308670943094764 0
0.8419523398897921 -0.01052592828920439 0
0.06485719996570094 0.06763735014154723 0
0.3731676256341248 0.1482347620452128 0
0.66019374432065 0.05548411812327762 0
0.6558547886305446 0.0580465340418509 0
-0.2561659905303192 -0.02444093821450065 0
-0.2301695690947214 -0.02906131156779299 0
-0.02714883194874305 0.07213464006644721 0
-0.0293630311108149 0.06774513403647742 0
0.8294351457539232 -0.09790299852656489 0
3.278275119330163 -5.126735487008911 0
3.680083331124261 1.157959228765909 0
3.841753347762282 1.141895041561098 0
4.757711102536127 -0.4951382839558772 0
4.633399899802601 -0.4009487716664953 0
0.9044425439749043 -0.01287998854861722 0
0.8997786667475434 -0.01418108996215637 0
0.07661964523480976 0.09220383810079154 0
0.07350144658757879 0.08957029998280511 0
0.07831933780788441 0.08869626923753822 0
0.7642307062898672 0.005573630760345117 0
0.6377767387601986 -0.1476208299552935 0
3.167530825379703 -0.004492555024597271 0
3.212808664027941 -0.03071593444713711 0
0.7427157753926664 0.0002738156080518556 0
0.4645769446674305 -0.0772215912023789 0
0.4665231366653942 -0.08099348808140969 0
0.1275911394705347 0.1128772358220887 0
0.1225926453594988 0.1135995037741737 0
0.1394475145956498 -0.05595823700737092 0
0.1444963797242949 -0.0567542308352042 0
0.6199482447334861 0.08982525085032089 0
0.4773333717421326 -0.09429412337438287 0
-5.024648699158976 -3.900384215637646 0
0.3516076524667694 0.1502630470638516 0
5.372234874173541 1.205383401571474 0
3.093514353398062 -0.1500142780219136 0
0.2612301927574224 0.06208528284372988 0
3.652069483253618 0.5399511716185694 0
0.2662179603550667 0.06175212669716862 0
0.8715088362761516 -0.008960593553400755 0
0.7914921641576047 0.1051201170302028 0
0.7859368374288682 0.09262780056949316 0
-1.275079521317043 5.214681015270354 0
-0.8338560022003607 5.154822066845636 0
0.8199479241856558 -0.07619591699563572 0
0.3993512233948268 -0.1312283534017271 0
0.2605505704956331 0.1006859249273657 0
-0.006019751164376998 0.02818574827351612 0
0.2477501026271264 -0.06582601461271616 0
0.2500832052183705 -0.06255032656624057 0
0.3176684740096132 -0.08451583718378844 0
3.059874945265344 -0.4892611660166987 0
3.109452709382693 -0.4861327300690412 0
0.706587539343016 -1.06965512616844 0
0.6700848527558646 -0.9434328547436532 0
-3.159505927397253 0.7789711911984711 0
-3.397455795695621 0.4637952559079985 0
0.6426382983723358 -0.1265588691287637 0
0.647645245880311 -0.1266799772755037 0
0.7020362367712972 0.01136699850811524 0
0.7060581073405531 0.01379758307232926 0
0.9723230355930876 -0.1199559771039389 0
0.9763410887800261 -0.1168363890540403 0
1.209857458426945 -0.1035290167693547 0
1.050221369884982 -0.1449232003634736 0
1.054505648971066 -0.1555562811897805 0
2.885991974893935 0.5258145316307656 0
0.1736580415357475 0.1127605489794836 0
0.1687232111968054 0.1137893027967821 0
0.9216116254232158 0.4495676144087188 0
0.9204136714454227 0.4020292487038077 0
1.74547429933762 -0.5228462306867745 0
1.788922128395757 -0.5506201462811866 0
0.7903887307315036 0.0004350686611035949 0
5.69898887814454 -3.45183967839017 0
0.1664315198377487 -0.1687690528567087 0
0.1694455321411297 -0.1851360457115965 0
0.3409139917451866 0.05508272394859269 0
0.2337655910722666 0.07781435450508176 0
0.2327533273476868 0.07278394771711151 0
0.345886135111624 0.05456635112760432 0
0.5875409573172263 0.04834785226898046 0
-0.002290570616856086 -0.2846139541470352 0
0.001400803918348764 -0.2530715977902072 0
-0.09933748646234343 0.4456845880547361 0
-0.110177407506 0.487406247790208 0
-0.1374854129082353 0.4561000768132553 0
0.05852681693200272 -0.04293544186351501 0
2.766697380208944 0.2529305115334139 0
0.001191480865874765 0.053212995227353 0
0.931913177260651 -0.02075985404941046 0
0.9350738050797205 -0.02511003025212431 0
0.2138485349774859 -0.0736168333677715 0
0.2118977846270691 -0.06975794825198389 0
0.2788018626708839 -0.08351304211088131 0
7.895868956636777 2.392974448490927 0
0.4881344257965045 0.05932999613522662 0
1.017674370925748 -0.1797393724642986 0
1.0306983077163 -0.1830955850728165 0
0.2261386783016288 0.1823827661060511 0
0.218478317572198 0.1749895472975275 0
0.232711608993609 0.173995307885304 0
1.505540667076104 -1.190929089702293 0
1.624992929751012 -1.138624989389945 0
1.49020996202294 -1.065646894212925 0
0.9086032443868302 -0.1161947811591496 0
0.1636902592805118 -0.06749489428591035 0
0.1615297330259602 -0.06333252990747601 0
3.451730513215237 -0.1320349084046068 0
0.9590397209674841 -0.1186865801722592 0
0.9635917001152222 -0.1208598941373144 0
0.9624943574610253 -0.09567246884844212 0
0.7199429464333915 -0.07801201183470821 0
0.7801273935735114 -0.0848235359285824 0
0.2219774730016082 0.08323561065182311 0
8.628818800091564 4.286116957495238 0
8.199628340498073 4.295479397484506 0
0.4975717605053316 0.07301388987255991 0
0.9984353475626008 -0.2292251703824179 0
0.9814973343011992 -0.2370998202279992 0
0.8201447473743545 0.02060209212766239 0
1.013231087606896 -0.05580207465649514 0
6.329178643026994 4.45807036642316 0
0.9249170007692755 -0.07190810408667127 0
3.06512836579039 -0.322256630191661 0
3.087588306078169 -0.2777156027386521 0
0.6649569547027795 -0.07853842580026738 0
0.6378538038621413 0.01152741404587191 0
0.1634919586685235 0.1147073793868333 0
0.1585896467748941 0.1156978518093055 0
0.6427750293971725 0.0106496807703503 0
0.8157874707181565 -0.005276429683754715 0
0.8201486744769522 -0.007595996393841914 0
0.6737089794294395 0.005761392545473273 0
0.2624827260127904 0.07717107001805107 0
0.0610962672530237 0.09058737629460327 0
-2.820107718289918 5.458625137600841 0
0.6986349238974673 -0.1883309755804438 0
0.07693612159604016 -0.1117179478947396 0
0.07302843115128846 -0.1045285084266589 0
0.07148184053340897 -0.1123847390852476 0
0.905769282623785 -0.08925369456633207 0
0.8639857513251512 -0.02620489713792672 0
4.053336037651313 -1.049741940017118 0
0.4687346860639712 0.08058524267346127 0
0.6528096655269088 -0.1266003986058581 0
0.6578037546372182 -0.1265653404263983 0
-0.03052747156026994 0.4650931493337231 0
-0.06048874934542658 0.4331201330395848 0
0.1741159270058445 0.1283810299003086 0
0.1796409741088066 0.1307924344988907 0
0.1743275525249511 0.1330435608208512 0
0.464188074558921 0.2027959452101316 0
2.566876953857499 -0.50391711786691 0
2.611794284049734 -0.4819476509499159 0
1.012673108273753 -0.04166630698044479 0
0.09221692657768901 0.1524438404350373 0
-0.02085172173428455 -0.03964310626773516 0
0.5166570812500391 0.08249060578590006 0
3.43336663762524 -2.669076031265936 0
3.412402495965567 -3.062161925025506 0
3.72831997456379 -0.5388475775438407 0
3.728199394811276 -0.493380430974852 0
3.685992118342122 -0.5290304674569923 0
0.9717735800882794 -0.07885451552670222 0
5.066402495393882 1.30672048887928 0
4.8512515374637 1.46968350365231 0
-0.8848192078699886 -1.928763623425643 0
-1.15956397310994 -1.97375349276033 0
0.07406431688128862 0.09683471209515809 0
-2.015674580252557 -4.514662576070345 0
-2.820669819720647 -1.044476454647639 0
-2.562461664657559 -1.319661527715979 0
0.4319214038744882 0.09606380850348828 0
1.037196260667877 -0.01563857006426345 0
-0.006099910488577323 0.01117465857149991 0
-1.625514875450601 -4.428929398232865 0
-1.696796816951699 -4.737771143623738 0
1.032879385979258 -0.1059023324007768 0
0.4337924765498489 -0.1519351656998286 0
0.4355918288277968 -0.1444278936112632 0
0.7118017705308817 0.1437289900829826 0
0.7068487711426303 0.1616964748193317 0
0.6934617534853975 0.1506789933354548 0
0.7486781718048159 -0.213704522587206 0
0.06218883118951356 0.07164079442742333 0
0.5392035734686509 -0.2583946650481037 0
0.5133993204238461 -0.2653589262634604 0
2.666908013178328 0.306220131186098 0
0.5489412809200992 0.07858329780890945 0
0.5441491935245615 0.07981119027086819 0
5.623217471868789 -5.695871430728113 0
0.7557725464455447 0.03877945106489958 0
0.7597458549071889 0.03672727153573741 0
0.7600967654511563 0.04118358035096925 0
0.4543158992137085 0.2720040427445987 0
0.4340957953052202 0.2480462286424646 0
-0.3548526543133074 0.2550603533942318 0
3.141267408676982 -0.5286850094372825 0
0.8585402840590088 -0.02038075126101088 0
0.7679087972156131 0.07968740091828355 0
0.7171381052530342 0.01861642266599555 0
0.7214187600321529 0.0214891534396646 0
7.849885282666005 5.707780900826103 0
1.066046209977559 0.5923279041517326 0
0.7803497975255513 -0.1310349717026144 0
4.034298850299648 -0.3176220458183352 0
4.063852796684469 -0.3661882027880659 0
0.8329280598891422 -0.1052219525284463 0
-0.1601303488429758 -0.1549932383673342 0
-0.1336667924418305 -0.1554809060499447 0
11.71813797827027 -5.319052885216195 0
11.71813797827027 -5.719052885214716 0
0.6751442887466299 1.920267134418177 0
-0.6162360308297388 0.5833243913727157 0
-0.721424235625806 0.6208075639873495 0
2.864821418932685 0.3823575391314229 0
2.914391748008387 0.4038477003557454 0
1.086111152515042 0.7397971067234913 0
1.174694293317651 0.7633343310320182 0
1.080712024640967 0.4005093593280912 0
1.089165061475311 0.4489081675662456 0
-0.06052868038701622 0.08699547289897479 0
-0.06892365045563126 0.08313266052188034 0
1.943888755793854 -5.706067428910556 0
-0.5855652320258778 5.416128058736467 0
0.1494633911041123 -0.05765185801023918 0
1.032689884128202 -0.2441500670352945 0
1.052614868933682 -0.2466401890321482 0
-0.07190083609659653 -0.03089476515123672 0
-0.08128011069234872 -0.02665437149373927 0
-0.08089427219739014 -0.03504875067722572 0
0.6890660004736657 0.01154488470752568 0
0.2936644121379651 -0.08085121432677497 0
0.2942936347728318 -0.07568200475526515 0
11.32683363044568 -5.719052885214716 0
0.6083276161211844 0.06576994642339566 0
0.6039056408767169 0.06837765919763777 0
0.9548771995124328 -0.1215386770406533 0
1.877447973779212 -0.4985602306668838 0
3.68652009492343 0.05240669176753151 0
1.021959755564795 -0.06224906759197089 0
1.024543753504332 -0.06633885915272404 0
6.717391304336143 -5.728722167173418 0
-0.1506597861416089 0.6375111244515306 0
0.6765857249669283 -0.09391934543013314 0
0.5559091351146044 -0.1602977189100807 0
0.801383104876717 0.7163329586595093 0
0.9058599340437501 -0.008384385262378637 0
0.9076479202663505 -0.00388555182666575 0
2.382810698222122 0.5140386039215721 0
0.8080020075634742 -0.1839602650205373 0
0.8180968141835535 -0.1922502558567619 0
0.2297997055273369 0.08920027048627698 0
0.2341163695877413 0.08685467824754883 0
3.654374349030531 -0.3699651509887332 0
3.680544644900757 -0.4123593484166248 0
0.01051378237943289 -0.04061401581281149 0
-3.007923396645255 -0.7863939378396672 0
0.6385128728976501 0.06315255056636435 0
0.5516394557764875 0.1400595198382507 0
0.1269599055862452 0.199378684321784 0
0.2860911250731686 0.07750087223491858 0
0.2909943728610844 0.07754568401749981 0
0.4959959591507581 -0.4011264468979039 0
1.234251782765948 -0.8429986971974242 0
1.309129410980428 -0.9096853263110893 0
0.1407574111936544 0.1150038297646023 0
0.1975856013903154 -0.06074150126155001 0
0.2005472517852494 -0.05726348876006469 0
2.143803832034514 -2.819376514976064 0
1.818910812953207 -2.912972002788412 0
1.89962928381528 0.5179083640031377 0
1.8530772185595 0.5479699611382648 0
0.4308511307896515 0.148681395162565 0
0.7453485978461418 -0.1052452201738172 0
0.2337529476750143 0.08194067676461955 0
3.27849457242739 -5.727847780529057 0
0.9160623540282182 -0.0009376996651258413 0
0.9115042539194113 -0.002792945741750658 0
0.569240238313669 -0.3911699071287153 0
1.143040734335107 0.02616059405776821 0
1.156594726167166 0.03933832068436974 0
1.038471357766124 -0.09788704242141696 0
0.4333754887464316 -0.1379378372278555 0
0.0885537656033259 0.09591008296526063 0
1.122778383056725 -0.03012312620374376 0
0.5687246697938098 0.07306648411481943 0
0.1687827633970436 -0.06816691381351152 0
0.7490674833091661 -0.1090259442966229 0
0.9316906652458584 -0.02897932386995612 0
0.90179485654612 -0.1157554749915436 0
-0.8199816499160006 1.703980961911345 0
-0.713864386075368 1.93930954775111 0
0.7240710881536775 -0.1725351865976294 0
0.7138661888966678 -0.1683076661356175 0
1.172194537595455 5.066145047530552 0
2.630281240350502 0.5952432591307588 0
2.689329003827552 0.6228905874620552 0
1.167706391134094 -0.7695702672343491 0
-0.01412935598943355 0.2222866697874732 0
-0.001895252021282247 0.2036526793241342 0
0.7146669817485531 0.01548427860106899 0
0.7194348123009056 0.01439342777337568 0
0.9640790633680132 -5.728239181412782 0
-0.06431416816426302 -0.03488807979004073 0
2.005878468989538 -0.4813042985036221 0
2.046861960683744 -0.5099571871452662 0
0.8909567733895341 -0.02868884086527138 0
0.8921422178552754 -0.02383479674673428 0
0.019894120483905 0.06157839243963292 0
0.02426537466715926 0.05463148604887405 0
0.2994598074116996 -0.144620140645197 0
0.302964055617898 -0.1366362469104918 0
-0.3575519908234432 -0.1717779581448159 0
-0.3087710860363104 -0.1670393405473974 0
0.8202133375404651 -0.01150962809504101 0
0.8241701852735247 -0.009369990206511775 0
0.5003050543215298 0.1595484765266307 0
4.35602846946184 -0.1846780211211713 0
4.493402226908927 -0.1451583349298648 0
9.469053420572841 -5.048805736264564 0
9.332016787370945 -4.667432013753134 0
0.7641086652646215 0.03421645320361447 0
11.73962991656318 5.73842904416521 0
11.73962991656318 5.338429044163731 0
-5.731224192972221 -5.716771736527956 0
-5.731224192972221 -5.316771736526476 0
-5.720010532533716 5.320224585213121 0
-5.720010532533716 5.720224585211643 0
8.659620297892491 5.014162782483362 0
9.0848688971017 5.045816033179592 0
9.456521739140143 5.006912746354795 0
0.8288755235779512 -0.2021660284632553 0
0.8399574703002084 -0.209434834879153 0
0.8534289006803437 -0.139642115802537 0
0.1737558193402292 -0.06883735450439089 0
0.171536923303828 -0.06476379583408168 0
0.1990967548531048 -0.07173637208068037 0
0.1294442090758653 0.1655615377434028 0
0.4003631434132106 -0.3812834266285696 0
0.3649330343207385 -0.3815067008408078 0
0.5804299184051531 0.04228022011361738 0
-2.687121202444985 -0.2339042173489223 0
0.5075280309033084 -0.2473615637568652 0
0.9468157963034793 0.6570136461041873 0
0.8738931017871434 0.6817974007716833 0
0.4778702061804918 0.09541009707554023 0
0.4729469778512312 0.09481998125234573 0
0.0459296030158633 0.1367693382448796 0
0.5572663924028587 -0.1345075982795161 0
0.5624855475371813 -0.1344866237791338 0
0.6645423345455648 0.05795189430068685 0
1.454772482014612 -3.256169372540964 0
11.34832556873858 5.73842904416521 0
-5.339919845147639 -5.716771736527956 0
-5.328706184709122 5.720224585211643 0
0.9414053552567215 -0.1204413121828831 0
0.5636794580073365 0.07430045254966186 0
0.9912621603291798 -0.00908391334411522 0
0.9861678559033987 -0.009956634896940691 0
-0.06958060375687908 0.027256942244989 0
0.8821463602426767 -0.395659683934271 0
0.2676058901988759 0.09597170403607475 0
4.3676264062297 0.8794433725307983 0
1.021821450370558 -0.07024930482960359 0
1.073610489577311 0.3060272009729766 0
0.9178607910578951 -0.07658418222334509 0
0.01662373150517013 0.09545724828069366 0
0.1787826652425605 -0.06952409302114043 0
0.1838423823124181 -0.07019416179904325 0
0.1815696963168712 -0.06610430530286386 0
-0.03412664494151559 -0.1889308852571463 0
-0.02302481629521073 -0.2094286004366043 0
6.72716191448438 5.763769549760986 0
0.80751587998689 0.02924074975239176 0
0.8032553043887302 0.03174190471414816 0
0.9872367874382273 -0.0349880179187434 0
-5.00889679062975 0.5993753303120936 0
1.063063938168018 -0.3015408388583185 0
1.087742997507126 -0.3128287537318577 0
-0.1905118868822379 0.1969943400644318 0
-0.1728238888987784 0.173116514895337 0
-0.9638752355711355 -1.153720673833088 0
-0.9224339735665745 -0.9533129483116952 0
-0.03286846154991718 -0.05921235877738838 0
-0.02810121568816845 -0.06643535158853384 0
-0.023071004025056 -0.06098567855054443 0
0.6900333615132623 -0.08690719321049251 0
0.6912995185097497 -0.09169263850105339 0
0.0188937060296526 0.1648058344020014 0
0.01926307804458127 0.1533362338359142 0
0.1369997377818776 -0.2162820423267695 0
0.1358875224326324 -0.1987989147496333 0
0.1514478323851227 -0.06182508467293994 0
0.2502059103039222 0.1760145499385509 0
0.2598077852702083 0.1843983834930953 0
0.2499738446893259 0.1897723602483719 0
0.8418120459343106 0.3987581759361806 0
0.841459505333048 0.4516160204655409 0
1.114946136336284 0.3284800745433212 0
0.9286430124974474 2.600954588645857 0
0.781454356916454 0.03511145926066063 0
0.7772146094978356 0.03757397035382144 0
1.177785967047577 -0.1334925344224357 0
1.190976656884557 -0.12180465184949 0
1.17657056228819 -0.1085864292617572 0
0.4360707622119986 0.1009363591144522 0
-3.413606203393263 1.101981447155692 0
0.270365752638643 0.1753351043711997 0
0.2701336870240467 0.1890929146810207 0
-0.06445620555329773 0.02760420119696819 0
-0.06764975585604849 0.02251338395599092 0
-3.041374023457759 5.760622019203905 0
-3.432678371286212 5.760622019203905 0
5.377120988006208 -2.457477324203007 0
5.709523932409717 -2.683355859511874 0
0.9598455477950081 -0.04372857984877841 0
0.9611743807638357 -0.03893489569993468 0
0.001519547004852712 -0.05512690745356019 0
0.006402718568088136 -0.05643307254441871 0
3.659791010084938 -0.4486146050618443 0
3.706625173405428 -0.4473080642427841 0
0.4468258708069114 -0.09316755784577216 0
3.100911314959921 -0.06523532524592229 0
3.083491496732737 -0.1082135837005258 0
1.008416091175361 -0.08979728912452084 0
0.1048400181327474 0.1131436035765243 0
0.5699589633319839 -0.1292535297811169 0
-0.06555901561741115 0.01689749758111593 0
-0.06340105948367231 0.0123389312461993 0
-0.0603674015187283 0.01830207657305348 0
3.266327389384009 -0.0995943778678974 0
0.9648353834930987 -0.04552453862228699 0
1.54969590110825 -0.08392606663569059 0
1.554582433769187 -0.1368606866440449 0
-2.476116347173592 -1.973027280397854 0
1.128786155997537 1.925202351728136 0
0.9948989138213067 -0.117574424229669 0
1.000411713763169 -0.1186746281755719 0
1.077679266582648 0.3521531985363089 0
0.7205878923781224 0.4674253200464994 0
-0.02241416844849248 -0.05425924281486313 0
0.9590997790991908 0.03569188691527632 0
3.29043438284814 0.3143065160348901 0
0.7294773640242493 0.04513715867062866 0
0.7250836387182018 0.0475842151530622 0
0.8416846202567766 0.3526299198788884 0
-1.891304347821355 5.791486456605366 0
-0.03298023247898019 0.05878386558899294 0
0.8701904326007677 -0.0138637030085746 0
0.225763583507884 0.08629628984753022 0
3.642317619623091 -0.5396864781831988 0
3.478839841553961 -0.09034350905845615 0
0.9535661774486451 -0.08325620461869147 0
0.9501695962758641 -0.08675336138885491 0
3.840312911654932 -0.5581859063759427 0
3.788247130332485 -0.5567794283563375 0
0.5588672867171711 0.07558364819613408 0
0.5539465299453539 0.07690907423603782 0
0.5201074091344003 0.1345198145487419 0
0.5097712422318181 0.1376666918656301 0
0.7492120948065432 0.08733822578058363 0
4.737420482686607 -2.387838590589793 0
-0.7245757784029558 -0.603038056811766 0
-0.6317591284533429 -0.548894132820024 0
0.8531729969394115 -0.08881459125063057 0
0.8540623667415234 -1.032813905716561 0
0.9460519162651062 -0.1226459058430939 0
0.244440199775888 0.2020142022146019 0
0.2551189125567808 0.2140107604287924 0
0.2399833926770568 0.217868768840478 0
0.376731195889994 0.1013689811420439 0
0.3732631594687335 0.09773726448242623 0
0.02854253164096537 0.1363862156265077 0
0.363058809813077 0.3940875321317824 0
-1.460131273855403 -2.540641121862152 0
0.4091177559323473 0.09677863978634971 0
0.4042562545681994 0.09797292416269562 0
0.8722669148798216 -0.1193911836104609 0
0.04076663430642138 -0.0291550488085686 0
0.735832474242011 -0.1529225841944598 0
0.7427893737946427 -0.1570302734366634 0
3.2977922491034 0.7901670759372349 0
3.339814846285674 0.7006292995021336 0
3.364630466828898 0.8087780496496009 0
0.4723575602853063 0.05586272631886822 0
0.8421322636339252 -0.1299314487460975 0
0.8466036840998196 -0.1272759686656769 0
0.7300409059907506 0.09508459940128869 0
-3.671679126104621 4.408901593231098 0
-4.015466711059492 4.400405225158325 0
3.005418409804359 -0.4948562688445605 0
3.031324762097209 -0.5362451531075736 0
-0.01533491304910246 0.1185452291495917 0
0.5015275614508683 -0.1517098659077767 0
0.4968141726943646 -0.160332214909438 0
0.7102714061576364 0.1035981652604816 0
0.7255647763231727 0.01880275185696557 0
0.7247455803379756 0.0141968578376825 0
1.564090680244537 -0.503936109479993 0
0.9724048611424949 -0.08704374307140519 0
0.9464870121028609 -0.03659401258013439 0
0.9506422724811274 -0.03381839730988073 0
3.556940789604866 0.2411276203391729 0
-1.085476749150089 -0.7107699678321224 0
-1.284471530314877 -0.6977164347471108 0
0.6895808657185882 0.1124883028539078 0
1.074868233656208 -0.2563819759458606 0
1.097093898852161 -0.2632543529133912 0
0.6687279681776113 0.07279982853075023 0
-0.1568986528209383 0.5650971514023696 0
0.2594125894518858 0.09679136674181749 0
4.173907347294884 0.3432169846395123 0
4.180461046319367 0.4127026043770614 0
0.4539931858957122 0.05511410080000609 0
0.03060008600479468 -0.1112232760777283 0
0.1330227172140241 0.4134231244261686 0
-0.05565685695773606 0.03583041569972552 0
0.6675939466275144 0.1215504618470401 0
0.149249498447815 -0.1499913735078767 0
0.1383439101986981 -0.1470152711637651 0
0.1409975590547099 -0.1554931140448682 0
-0.2079351051346444 -2.065633943787901 0
-0.2664982452479919 -0.1617425752203007 0
1.313014468481625 -0.530039857483915 0
1.268249682141136 -0.4967359626381705 0
1.269750209936855 -0.5494387693528913 0
3.218788630828934 0.7208118749224937 0
8.62835372635417 4.669493134713129 0
0.1861631958971295 -0.3602971629316419 0
0.1862445535741966 -0.324315258927571 0
0.4700868627339471 0.9196422235076778 0
0.3841737716236715 0.9513295197930267 0
0.2907406585465643 -0.3217466062441647 0
0.3117408560689033 -0.3431964985755489 0
0.6082413408305456 -0.1571398271390146 0
0.09203846366808138 0.1112095249636953 0
0.6446343837079658 0.1314042867802118 0
0.7494233009182243 -0.1633239354580902 0
0.7577755613121946 -0.1702982938147249 0
-0.104589221049776 0.01432849185383283 0
0.9096520164652534 -0.08178925164506794 0
-0.1917984011005531 0.2737276056473544 0
-0.2079250036863404 0.2493046496340511 0
-0.1677021233464313 0.2493556778708259 0
0.4031044639261033 -0.1469120084418555 0
0.4086868309685638 -0.146568472416044 0
0.40378521465432 -0.1405531055923019 0
1.119751897117041 -0.1144017707730249 0
1.12363411690599 -0.1290902850576898 0
0.6913458886424313 0.01834264572197974 0
3.33644042622309 -0.5121853736673094 0
0.9301654165955955 0.005293983726788727 0
0.4846013269923546 -0.07812013162102489 0
0.4894986772987558 -0.07838881388307681 0
0.6197330200093363 0.1418566865181506 0
-0.03069964816571799 0.06321416842672675 0
0.852087025418201 0.02947824421370316 0
0.9618043025986025 -0.09076888661725852 0
0.7666316964139637 -0.1783709625687342 0
0.775693023070434 -0.1856135516850705 0
-0.03920173977297091 -0.2839909686454649 0
-0.01780781904069682 -0.3122659525132959 0
-2.06978146939611 -0.6823562875817842 0
0.8828594812806391 -0.2992415151574336 0
3.836217039841311 0.4985452396650321 0
3.786257342373998 0.4931241209495775 0
0.1584826234185952 -0.1505805942273062 0
0.2312389652065852 -0.5252321299136156 0
0.1634417069095994 -0.1025015818420779 0
0.1686963522442 -0.1031272622598314 0
-0.02790863665957079 0.04271543364293985 0
-0.02554589227680665 0.03816864170193485 0
0.6774911584885507 0.05571199585998901 0
0.6731966904179294 0.05819641433375404 0
0.8235300828524948 -0.1299102077801901 0
0.8282279070505969 -0.127119744272112 0
4.018106014257604 0.2639132853200303 0
-0.004856626645158484 -0.01900922470969924 0
-0.005834018708060848 -0.01437583735204457 0
3.642197039870577 -0.4942193316142101 0
0.418558615851006 -0.0841782796346022 0
0.3222491316011897 0.1495055659854423 0
0.3333620046751566 0.1465829477386415 0
0.7608309904014237 -0.08648133492736489 0
-0.008938571429589199 -0.05278355098891437 0
-0.0039678409795965 -0.05409408935568462 0
-0.1654557024100499 0.3107044418292217 0
-0.2056785827499589 0.3106534135924469 0
-0.1657130147930073 0.4274535624562168 0
0.6537816617291234 -2.351212731776574 0
1.967098766972962 2.23590560088352 0
1.802807850319286 2.48966763880897 0
0.2803108383371513 0.4327029504759453 0
0.6291583811961781 0.03821805829624625 0
0.6000314211120479 -0.1298456958968286 0
0.8005945375355674 -0.09273842122761741 0
0.7957414983087291 -0.09420876022583069 0
-4.701467443241249 0.7856316415324738 0
-5.011025960407477 0.9850069718236234 0
-0.725886925076905 0.180674164286402 0
0.1130369812060794 -0.221022742694562 0
0.1284888016861447 -0.2354651299775911 0
0.3812667696582821 -0.08984369181734325 0
0.3798961794027649 -0.08578204532150854 0
1.052416097605552 -0.1665273850576657 0
0.8017972091944729 -0.0890768664534187 0
0.8042308754386778 -0.08498719442963297 0
3.618746722876839 0.5955314380642212 0
3.676413121396462 0.6037633455420299 0
0.4201638907314305 -0.08861927737517025 0
0.4104514626776261 -0.1319169338592706 0
0.4136004278047275 -0.1274324815591338 0
0.8810810661136527 0.3783342218424701 0
0.5071278977672405 0.08484582134255099 0
0.5101728554456245 0.08955756685857592 0
0.5054729753711169 0.09052176091349481 0
0.1498735034101217 0.08685748108634619 0
0.2262120767349133 0.08135782469244125 0
-0.07923901690434611 0.08118476882985737 0
-0.09043386629487055 0.07828833288013401 0
0.153826211243473 -0.1000349882214557 0
0.1588003018348649 -0.1007136199885669 0
0.9199230145474879 -0.07212941553894045 0
0.1589309912713665 0.08575830183590624 0
-0.05002010696246706 0.06852556371136162 0
-0.005409418005908383 -0.01033849060800203 0
0.01066584450487036 0.1359270430490122 0
2.717091151914232 -0.9633856416884193 0
2.600057387228844 -1.029316116693061 0
0.3312198848930475 0.1369503920238593 0
3.445992134196756 0.6087720843226258 0
0.004441266727544148 0.1665010212876702 0
0.01266756161352211 0.17625017428781 0
5.365069242943671 -3.614749504119544 0
0.9050517656000984 -0.1182577559264982 0
-0.8785970985615447 0.4760380159493885 0
0.03308674190530257 -0.09507467146314426 0
0.03455562491970945 -0.08833522281956049 0
1.962449833952798 -0.500613578189436 0
0.1439711581310667 -0.09964573691299579 0
0.1489426694559847 -0.1003345962535531 0
0.1771107867439453 0.1168558098227668 0
1.106591095669075 -0.2914299059876835 0
1.112640733037485 -0.320890668096504 0
0.1669175283762851 0.1187303947929592 0
0.6782454969148146 0.4889124093800894 0
0.05262024314587807 0.4394336601190497 0
-0.05593845090875281 0.168478125023101 0
-0.04838362540193544 0.1810306025621005 0
0.6100282755143704 -0.1300964241237775 0
1.041007929078389 -0.1017230301560188 0
0.9785379780206209 0.03704224839956679 0
0.6259502916331072 0.08940868828712997 0
0.6337363318680108 0.08626109728302249 0
-3.789539156661978 1.077035111842116 0
0.3864163420713805 -0.09077120079854023 0
0.8384569188874238 -0.1617121054786731 0
1.055112235760687 -0.1808806580301079 0
1.066683621716985 -0.1740985995520137 0
-1.279285101126674 1.323198995374709 0
0.07096866662492388 -0.2573381422014591 0
0.04666266036086433 -0.2429315104467764 0
0.1545111574102676 -0.05839847800904896 0
1.268412692498964 -0.01388181488312508 0
1.287446168559196 0.0166355752196467 0
4.38114363128489 -0.8111821806063494 0
3.23711628091453 -0.05974077748178605 0
3.188183417012915 -0.07254181637998368 0
0.9988659253561523 0.0381803322812303 0
-0.0403288932726314 0.1964380130494787 0
-0.05718765242624056 0.1971766034840746 0
0.01574285046926094 2.426047832336861 0
0.693342416839651 0.0100916292469302 0
0.691935624000494 0.01432043587028106 0
0.6514848071445813 0.06092641034857606 0
0.6471761208219058 0.06342297418389745 0
0.7918054266378208 -0.09032111873691673 0
0.3806501007354238 -0.1676979593960562 0
0.3725594209095916 -0.1607115990954672 0
2.435479269961403 2.504659941336265 0
-0.4430872528199398 -0.7166829310001704 0
-0.539955684417154 -0.7218207703365532 0
0.927627271466348 0.04897245056809435 0
0.1408143237278142 -0.254669476319507 0
0.1548077984856814 -0.2769726867752178 0
-0.420153006120964 0.1772763494641614 0
0.4138660677583954 -0.1481586692478988 0
0.4172555939528929 -0.1552612149232168 0
0.490500259776717 0.530298307324049 0
0.4512053083369515 0.500841333427491 0
0.6004595452876955 0.07232339706296649 0
4.246524522688071 0.9396794386306342 0
4.10903439406459 1.015909967144089 0
1.101520298596142 0.1332315315891912 0
0.8937063985255611 -0.02002695005163399 0
0.8951389336155458 -0.01544175629879052 0
0.005956842391951612 0.05330866548540819 0
3.713254438598851 0.0127146341199082 0
0.02949395675842978 -0.07188864459395627 0
0.03105701131943529 -0.07725867771640718 0
0.9828865562820314 -0.006184481937873564 0
0.1532376979460847 0.1256357799776789 0
0.1569560997598572 0.120164666849148 0
0.1339619321364013 -0.09866868465903395 0
0.1389604443301052 -0.0993627903262877 0
0.908308472008451 -0.1212251112414061 0
-1.175596866205337 2.701555333749956 0
1.605498057225158 -0.5328966392782748 0
1.02610776194456 0.03118467211025847 0
1.020791769920753 0.039955633535863 0
1.129110580318896 0.01887077818155578 0
1.145243276412968 0.01254392433787771 0
0.6898911395052142 0.04669452173664452 0
0.1210245656213159 0.1177919363177597 0
0.1220378041687504 0.1226378347189356 0
0.1172262388198339 0.1227045765091428 0
0.3960363465058239 -0.1465450021960117 0
0.4009379628200677 -0.1525603690197538 0
0.7838439350124358 0.1326874922889844 0
0.7679609830658232 0.1395314553348371 0
0.2710544949319833 0.3193169860427524 0
-0.1483139523099291 0.1178872566288156 0
-0.1664571289553872 0.1084245204852557 0
2.295790360602743 0.5125988705073296 0
2.250980913548033 0.4904060571202004 0
0.6200251324517205 -0.1303471212231898 0
0.6632767116374461 -0.2009966165962999 0
0.6726046540964425 -0.2108507842077094 0
0.3581498002829236 1.06892820078067 0
0.6820139308815876 0.1540964740818069 0
0.6869669302698389 0.1361289893454578 0
-3.767740816709923 0.4873216665809891 0
2.430852042684079 -1.054360880398862 0
1.050913115510358 0.009680217920965989 0
1.048575991179628 0.0184680328851502 0
1.111885681774338 -2.509265617174766 0
1.364962441415501 -2.39159194022873 0
-0.3472259849438444 -0.4505566598914021 0
-0.4151094546416593 -0.4395729690925851 0
0.1236925110428773 -0.09689001989451743 0
0.1287286178354183 -0.09760573761670074 0
0.14370867944377 -0.3646725753204117 0
0.170664019965964 -0.394626139061967 0
1.226865794635427 -0.467713948334636 0
0.6822126419154604 0.057750029746864 0
0.3390374007426967 0.1251210594249783 0
0.3322645670416632 0.1251515910206828 0
0.9629947722936079 -0.01540082382070444 0
0.9586899344590878 -0.01630479311292507 0
-0.02880184847673456 0.03484031027317055 0
2.381459331120477 0.6180601356974895 0
2.380618890642103 0.708879166015828 0
0.2827723426397648 0.1498399389417686 0
1.655072997694723 0.07520481765956476 0
0.6681720510040601 -0.09435100863386632 0
1.222936896508974 0.07477466948930832 0
-0.5146244685539574 1.030115344122895 0
-0.5906552198213755 0.9592475590341067 0
-0.4673098056427802 0.8959201228016392 0
3.436576518959904 -1.094799836722156 0
-0.05112189700388102 -0.06873698590813279 0
-0.06212728482735914 -0.06484975535720686 0
5.053050800959128 -2.234964135043292 0
2.210838218835151 0.5197409849277324 0
0.01946793246222727 0.09957190766903475 0
0.9761935475929067 -0.0873578745109134 0
0.9742936144497039 -0.08299086363314495 0
-0.1030277910351909 2.172288475232316 0
-0.3392883141276705 2.180175956382135 0
0.0690836010804209 0.09691613737868147 0
0.4242159726458262 -0.1276904204468056 0
0.4292718899210487 -0.1279087287459823 0
0.6126900388895453 0.06818849583708872 0
0.682207933305248 -0.2241169504392489 0
0.6939757809595448 -0.2341074999009633 0
0.2632880422941027 0.7319440747901274 0
0.5996403667458152 0.0422632919528854 0
-0.100141871762995 -0.01442615240779269 0
-0.1006624553349748 -0.02462087692807708 0
-0.08975296322116254 -0.02061363249944387 0
0.549015494018912 0.04302457941790624 0
0.5534285027943147 0.04014989634314829 0
0.4687211643794739 0.09056620470772631 0
0.2348383248096019 0.1936303686600576 0
-0.05939584845606764 -0.05601575771972999 0
-0.07010313502905652 -0.06171672530137021 0
0.1706221881208183 -0.1081151698377932 0
1.117813305851138 -0.07758664686182924 0
0.4444457191753985 -0.1284025959798778 0
0.4495057169436151 -0.1286064558054502 0
0.585411455392409 0.1423139254481504 0
0.573584760074116 0.1463129595395117 0
0.5379072677758341 -0.4639522081080708 0
0.5480358284675602 -0.5113085665323425 0
0.1653024069224328 0.4442823294770217 0
0.1265456380605965 0.4565309856531952 0
0.84958705635201 0.01032294877297181 0
-0.03350502491559069 0.06733803010957334 0
1.364793067749958 0.0008716706244007583 0
1.396428621978217 0.05095458521838325 0
0.6961779608834977 -0.2932121534415391 0
0.714939638423593 -0.3108287349677122 0
0.8197168577932001 -0.1339801647369613 0
0.2815227969914116 0.06938652863793965 0
0.2766564718939653 0.06943918621001602 0
0.9856264179632426 -0.1772293596824857 0
-0.2485112518362837 0.3212303430069611 0
-0.2945454295246388 0.3310545186919795 0
0.06785392011558659 0.1465447345533543 0
0.05906503980247092 0.1462110264336895 0
0.6209884426941779 0.03040344051817942 0
0.6203007275864872 0.03463996513743053 0
-0.662275084726753 -0.7308611633982482 0
-0.7857624807236618 -0.7009140387958008 0
0.8114531949316404 -0.007688137051520791 0
0.9034906339444313 -0.1313914118921356 0
0.9072622850101311 -0.1270747227007192 0
0.5491942510437757 -0.158027782334771 0
0.5515561023459861 -0.1661550603744826 0
1.212588939609361 0.4598755029570087 0
1.177567594134462 0.4849976749787118 0
-0.9583057664497119 -2.722449140432407 0
0.4646956134753216 -0.1292585161921935 0
0.4697696395380052 -0.1294589633742449 0
1.038307852192524 -0.1067616141210459 0
1.043214191078904 -0.1067663533866922 0
1.351583656342428 -0.5042687758236075 0
1.394481168235475 -0.4847133853635683 0
-1.499540453064063 -4.999328721626684 0
0.3917281519099355 -2.960650443103436 0
0.6895798922127665 -3.211899150588343 0
0.9803297177566979 -0.1180587085178964 0
0.9797422275933541 -0.1128786386011721 0
0.6558557379935855 0.06335502928602646 0
4.014244689506761 0.03793030091333099 0
4.037505049325735 0.0835937791801545 0
0.2802546447782662 -0.08752893851873432 0
0.02404259315710831 -0.07070742866737692 0
0.8503278330001161 -0.09267071001041957 0
0.06801060250880762 -0.1179158040525276 0
0.06410291206405593 -0.1107263645844469 0
0.1757890647471335 0.121971110890628 0
0.3181565841570055 0.1757070435142911 0
0.3118481775638257 0.1663513521685931 0
0.143509074207733 -0.1856769261774575 0
1.167852780850559 -0.01521200714836887 0
1.153914771352584 0.001310352693737506 0
1.514998079824346 0.5188806692491605 0
1.470052086471898 0.497352146129756 0
-0.05392873148798664 0.007216589003225546 0
-0.05281504901481106 0.002087374095364255 0
0.2093713531654587 0.1718581780801998 0
1.048504586112242 -0.03877516543381378 0
1.050764923826252 -0.03331535946434276 0
3.935553294182113 0.5163840098190512 0
3.885842383254934 0.5105803395286314 0
-0.1313375333856294 0.006620495222723453 0
-0.137060850862246 0.02150154808635418 0
0.5525061511555547 0.08207994037509569 0
0.2640984194787251 0.09886104955477282 0
0.6257913957875335 0.0658711673346296 0
0.6215421756232319 0.06829182964595226 0
1.816085509381297 0.5946718223975115 0
1.768951251731001 0.6249856353620615 0
0.484516660154507 -0.1312494623160856 0
0.4896113708329519 -0.131483713123512 0
0.1396000649634597 -0.1357301636573612 0
0.66500216822557 0.06823058621861539 0
0.6725408072861674 0.06906277005379682 0
0.8131900409258923 0.03223682567427609 0
-0.6808652578711865 0.8212732097254578 0
0.2273629009879078 0.07270731056165651 0
-4.054232985463263 -2.067436972717374 0
3.595830320239191 -0.1218924716601194 0
0.1032997561253827 -0.09393808809152866 0
0.1084311146981484 -0.09469460653540819 0
0.5554899784236642 0.1790585949914062 0
0.5764947232267007 0.1743355730271406 0
1.130737334495016 -0.1447381240660089 0
1.136174771309341 -0.1621992850702005 0
-0.08779675474766184 0.4018139620626321 0
0.4343150288273123 -0.1283827641036542 0
0.4393741200782099 -0.12857746216978 0
0.3914283125381126 -0.09114108676589948 0
0.003852136592122057 -0.1311139335278735 0
0.9898874761399614 -0.1168854437769818 0
0.9921970391127388 -0.1219863698816647 0
0.8931259192821922 0.05908228178927754 0
0.322180490559648 0.1882171334955153 0
1.038490527528294 -0.02514990878488343 0
3.334636562727891 0.3319719683583374 0
0.2020170581715405 -0.0684169622686676 0
-0.07286451291561616 -0.1519470778892607 0
2.989415019205932 0.5643427770360241 0
0.6383452241274331 0.08302925275089243 0
0.9253322400693164 0.009072315282583478 0
1.016228034184297 -0.1383334478527551 0
1.024908501557825 -0.1406581807584333 0
4.181166742564462 -0.2525642229698501 0
4.252489405180931 -0.2030186491044102 0
4.209590283266783 -0.1535826474057664 0
0.4188802944417368 -0.1276494792353691 0
0.7502287898487863 0.003643621983428738 0
0.9099435207096509 -0.08654960413316469 0
0.4531627729871928 -0.1474157976728354 0
0.5051824784417791 -0.1318364558856875 0
0.5102949384929183 -0.1320738919108254 0
0.8967233829439971 -0.01090845554670411 0
0.02336061662620387 -0.09404205766407212 0
0.02793324697177932 -0.1005859714111071 0
0.7666554674232102 -0.1283173889346815 0
-0.1896870504230422 0.1035563082800133 0
-0.2129436872301782 0.09971387120805061 0
-0.03360532905125548 0.1164664754188897 0
0.07844780023924817 0.08410491293490598 0
0.07385898215445158 0.08260624195360625 0
0.6301449111963922 0.06833627032133885 0
0.2840005633553766 0.07347329002561216 0
0.7341639869132817 0.04805925739323226 0
-0.3818743767444139 -0.1242408640930716 0
-0.4069269740537041 -0.1700906615015873 0
-0.426919268043825 5.116159217596107 0
-0.2528347100645042 4.850247051523274 0
-0.004543939890021303 5.111553043414107 0
-1.321440449020614 -4.319665472016318 0
-1.640318212321472 -4.096556904462925 0
0.4545677345897348 -0.1287579384723068 0
0.4596355316679763 -0.1289647618666134 0
0.5037773898287893 0.08094656771367958 0
-0.4012024433567057 -0.3634856130828932 0
0.2834591655342219 0.1117328747829514 0
0.03969178105476714 -0.03341164231452112 0
-0.02252062584250306 0.08460738053736611 0
0.2946778831596648 0.1244268999220125 0
0.2905404995077863 0.1295635045150987 0
-0.1088809257377228 -0.00748961150461505 0
0.2330707826334669 0.1539527812648374 0
1.095627122803895 -0.1848690921488858 0
1.111965275479217 -0.1892427019162258 0
0.6956223050084166 0.01688939026138427 0
0.8050823479421712 -0.2688152877288742 0
0.1135399854594041 -0.09554770036715995 0
0.1186210710689131 -0.09627259930213591 0
0.8620696392882756 -0.02220518774449969 0
0.316845959185128 0.4628799968659857 0
0.2778400135329752 0.4864594352456044 0
1.184249060517252 -0.4878081288526812 0
0.8327403777539317 -0.1294757149607669 0
0.3903319933536369 0.1019636941095921 0
0.3855171117657201 0.1033661253019914 0
2.079611225308148 0.5124923159178081 0
2.125709394026303 0.5350019922935965 0
0.5452985688793982 0.03965417600398344 0
-2.67061102314617 -2.293422657641928 0
1.27054385318299 0.6324055687057173 0
1.34399367139461 0.5896625918715557 0
0.1761083316740034 0.1395646667922971 0
0.2000651102270018 0.4718362897798062 0
-0.3600066587388183 0.4805859373260769 0
-0.3739638996291914 0.5441713364864872 0
0.3671163168871696 -0.07701389379485624 0
0.7658318019720929 -0.08582982026636302 0
0.5510260330838069 -0.1455066736946117 0
0.5431587900004291 -0.1438365382840307 0
0.5456800407290161 -0.150500305459788 0
3.113082480457501 -0.704278962658289 0
3.103439040930196 -0.6320957796593856 0
0.3714325140478676 -0.08392109146240237 0
0.3680977138833388 -0.08667661437536811 0
0.6501816947163085 -0.1308942857007221 0
0.9265162964420035 -0.1684271274738074 0
0.08511606501123141 0.4704002520973248 0
0.04347035980492163 0.4841621316140325 0
0.1048058747701298 0.1704327215115586 0
0.09780462873871018 0.1617059688710446 0
11.36596232398943 -5.137949767275005 0
0.1116205150237954 0.1198579067206662 0
0.1126337535712298 0.1247038051218421 0
0.5258720589075443 -0.1321945386579101 0
0.5310260082292223 -0.1324486667678327 0
2.976015392715945 1.245673855086731 0
2.822104887483444 1.201112805393736 0
4.590008714274756 0.4644793778424176 0
4.491021226614853 0.5156680273054066 0
4.521604134125727 0.3450299010758442 0
1.506007598421995 -0.8329731299356361 0
-0.0262807921876893 -0.03794103420519149 0
-0.02517386760709449 -0.04311330034276718 0
0.889438766993955 -0.1929094723237205 0
0.8998544450895488 -0.1865948362840674 0
0.3516267242924994 0.1844864134942972 0
0.3671970897506848 0.1830721851435965 0
0.3629543442109424 0.1959045802056814 0
0.7474381160994392 -0.0004769623271360032 0
-5.032912548821216 4.525005101417488 0
-4.638757256758894 4.522922453169724 0
0.9465816262070681 0.08909192913644293 0
-0.1823232785455165 -0.03417191145774652 0
-0.1977589685037698 -0.05362690525869514 0
1.159731237280304 -5.389359675585391 0
1.062143111785296 0.06502314575120779 0
0.9552519127336091 -0.07975232961027937 0
3.29620062340617 0.05944662338200343 0
3.340038797529788 0.08116538393809147 0
0.9197319755050375 0.1500780825856626 0
0.474671567279653 -0.129594249897834 0
0.4797374508779468 -0.1298337709126691 0
0.2715617340274872 0.2067319572986271 0
-0.05805142922736828 0.09509080904170839 0
-0.1137702282440501 -0.3466500742147453 0
1.22928351314926 0.5674161007979185 0
0.4849399187185104 0.04557921690148359 0
0.2145326368092895 -0.06652919059811786 0
-0.06375442231391532 -0.0003021727055113558 0
-0.06337716194811176 0.007400074796408784 0
3.503270973691277 -0.0544138731180699 0
3.549969565293821 -0.04509237768885022 0
-0.9296554701713429 -0.7132461884197167 0
0.8331664567367245 -0.1005849198830755 0
0.9854582290007097 -0.1176991737470029 0
0.8511728557494549 -0.1295021420425635 0
-0.1236299897093452 0.02859108293910639 0
0.8372392857624293 -0.1030359101735392 0
7.45858093484141 5.707780900826103 0
0.8171602960066358 -0.01381721159435674 0
0.8211818068032084 -0.0155912054070266 0
0.08446276209348794 0.07868430619834502 0
-0.4681843098901668 -0.1667837246727421 0
-0.4933054210154686 -0.09904451818327192 0
-0.5302403709309607 -0.1432746754061711 0
-0.04773857849572344 -0.04715901939580618 0
4.122935695509486 0.5494581763311159 0
4.07269174693336 0.610202915754934 0
0.1594643242463766 -0.05926407273842842 0
0.1644984585810588 -0.06002489797415471 0
-4.21558562012881 5.054430103475859 0
0.08241411456828625 -0.09107938408031982 0
0.08765333763593874 -0.0919045992167327 0
-2.296402703152563 -1.159430520595151 0
0.1660790775012877 -0.1128622478964885 0
0.1597483884244171 -0.1105667003606675 0
-0.05636759805300168 -0.000900972810266484 0
1.259279676915718 -0.1175014360223127 0
1.27497569998254 -0.09591750813112536 0
0.9050553055606251 0.01244431403395504 0
0.90013247138842 0.01140889665742916 0
0.5515621739607104 -0.1339237853869059 0
0.5542090007973681 -0.1394267194114646 0
0.05326200217555525 -0.127480494301597 0
0.06097874917657296 -0.1256528343575349 0
0.05291492703843685 -0.1180850894957892 0
-1.941624901259439 0.4418088923703031 0
-2.066862659098365 0.2415686849436495 0
1.029764569676191 -0.02629488943242028 0
0.3341954802458938 0.08555814429749641 0
0.3317333717067475 0.08954735247445876 0
1.050861224804989 -0.04309800996458835 0
0.5463393381397049 -0.1336818409301422 0
0.5793496929009554 -0.8079238490277778 0
-0.7295189264113806 -2.161066307251429 0
0.4302156812918458 0.4566079084571623 0
0.3976441898565609 0.4222452987796002 0
1.008477724133432 -0.1876485996462261 0
6.86453149489606 2.05780264331067 0
1.382358700455796 -1.236344320159676 0
1.517141668183867 -1.309322415336696 0
0.8123115309800055 -0.01244844976228921 0
4.746244611673268 0.3849377470149058 0
4.774115582179162 0.1702273991670719 0
4.8997685720668 0.2613238945691226 0
0.01434090817074361 -0.0668840798245823 0
0.01935900482094269 -0.06828855231351709 0
1.182760487950363 -0.1896630270627121 0
1.162850878674501 -0.2087487906311645 0
2.225548882771879 1.675648952028285 0
2.113445258499575 1.949912544647805 0
0.5181730313928036 0.09694123631854763 0
0.8924386036535403 -0.08672023318810566 0
0.3936210922540541 0.1045854184612871 0
0.3990075697852683 0.1076748184538528 0
1.139984617336373 -0.005979463182474926 0
-2.671855479045855 -0.7326967862706038 0
-0.542287407005285 -0.2702214234695856 0
-0.583456424724726 -0.1957287136693303 0
-0.6206245719243522 -0.2549362552432747 0
0.4951581931048019 -0.1308133974612589 0
0.5002604889291252 -0.1310504997958358 0
4.823475123233548 1.713177379365394 0
0.9211985012079539 0.05753161517533148 0
0.9140549298479648 0.06493559483855348 0
1.052784462525933 0.002912448370951897 0
1.058335143751028 0.008432762479522597 0
0.6124841564002247 -0.1351574980335313 0
0.615738985710135 -0.1403155580568012 0
0.6182815332455673 -0.1353798325287287 0
2.037987940662195 0.5407583398267795 0
0.6244472057074597 0.03746073546487841 0
0.6469736027351856 -0.7592616767071659 0
0.7224572265278436 -0.733364059712633 0
4.026446800827746 -0.514910692207002 0
4.05924866455794 -0.4777236504476431 0
0.8902691005343981 -0.08238391142593773 0
0.8096325325622897 -0.08527282133645868 0
0.3114958479264188 0.2213626939691514 0
0.2964333641092444 0.2285139426861353 0
-0.001643614434110568 -0.01253442650338312 0
0.1975513467725072 0.1060178676129851 0
0.2145378162541437 -0.1394645649647018 0
3.007187249959603 1.407184068821538 0
3.04750855843485 1.64224152309851 0
1.080466541988723 -0.1777709680361713 0
-0.01836744208193499 -0.04978558614781906 0
-0.01334106111794588 -0.0511859422915065 0
-1.061134958181227 1.721620123117412 0
-0.4834637222068148 0.09151544870464251 0
-0.4621574337110826 0.04390815819278684 0
0.1173957547196401 0.501259457148178 0
0.9684260455079643 -0.1237079472288269 0
0.9730315888582466 -0.1257684290956526 0
0.1822539059271376 0.09759285516942943 0
-4.801557328854871 -4.122813976051915 0
1.03243397565031 -0.1426511219788296 0
0.7841155776602682 -0.1352711857054968 0
0.6692012014007973 -0.1322385410880168 0
0.007768076735600954 -0.06126154471076838 0
0.199731658679789 -0.06453467626280218 0
3.747056819327388 0.5934233489879087 0
3.75806069837934 0.540279507792542 0
3.746039853863332 -0.5924294648384778 0
0.8413374612590785 -0.1005422359368699 0
0.6359966072517376 0.5111316437813386 0
0.592446666585965 0.5339623895826753 0
0.4547239372060098 -0.07684803563525738 0
0.5375188708920948 -0.2411613864783208 0
0.4997408981844038 0.08143108367748078 0
0.5010902703204602 0.07656763599369049 0
0.5836493928545663 0.03416478720263276 0
0.5809747456414103 0.03857856152380369 0
0.2174192652430508 -0.06361266495975287 0
0.3480833339397003 0.1612632214389376 0
0.3432788674589132 0.1735415310314363 0
-0.0762898808830135 0.1975537958632386 0
3.713734058950609 0.6490036154335604 0
0.2507369357633085 0.1647937026331849 0
1.599695672866225 -2.65055334389917 0
1.530423121339214 -2.985467569155519 0
4.1793297669028 -0.5135504914794302 0
0.1307063930361987 -0.1218070076571493 0
0.137078296407892 -0.122989100751656 0
0.1478718605692713 0.122913125030483 0
1.592790871398225 2.77611063668573 0
0.06835767764592601 -0.1273112088583355 0
1.428650111291376 0.525723854576472 0
4.041480156401821 -0.004557281300961689 0
0.7955596286734481 -0.1892821017445089 0
0.3261760501147661 -0.3799773793418181 0
0.1694685839741691 -0.06095717960955914 0
2.476054116688005 0.5644922581124741 0
-0.3439981742442118 -0.3538596836091207 0
-0.4438619239691962 -0.2143208187244864 0
-0.4728407086805794 -0.2682055286125056 0
0.9450946071968451 -0.1792147960584897 0
0.9312161286343775 0.05914990557445431 0
0.3010378283844319 0.1674808885254627 0
-0.1403558473417018 0.338025677669288 0
0.7949494317933692 0.03635151754986056 0
0.7970371828268727 0.04308023948790637 0
1.946357345542821 0.5392683947364798 0
-0.1131012549404225 -0.1478834570896386 0
0.6719964461007337 0.1609599590829321 0
0.6655016228851751 0.1464099550929351 0
0.9682366114603767 -0.04216457814742627 0
0.3390361219191709 0.1863739260935212 0
0.3305283473932342 0.1991620159583763 0
-0.6696305315047084 -1.164883387140541 0
-3.25121537345475 -2.047062660504628 0
-3.646913427107865 -2.081315332440305 0
1.698216528071296 -0.5456488248229148 0
0.7684578148424591 0.03670807522418738 0
0.09541394520490792 0.1150281207194322 0
0.9828630671390571 -0.2585102830011929 0
0.8096762733112086 -0.08999544810655233 0
1.096378340734259 -0.5325525776877718 0
1.141278901232878 -0.5108110547386773 0
0.9826476158597294 -0.09322488586004704 0
0.9783622676981435 -0.09029386017161559 0
0.01326802388087297 -0.2297749266836379 0
0.03511596693208613 -0.2285783259018869 0
0.5153362087762688 -0.1325636371365125 0
0.5204729077430639 -0.1328181830278425 0
4.058967169523292 -0.270558483094155 0
-0.06313835860426566 -0.04193560022611122 0
-0.01139004798724475 0.1255192041697867 0
-0.02016368831295814 0.1247880366273193 0
-0.291152881677314 -2.29575528536029 0
-0.04156048279512721 -2.240344480207661 0
0.9089393619426597 -0.0116165846009259 0
2.883122932226885 0.7625322283471156 0
0.09253558384682126 -0.09172755308700112 0
0.09772743662253987 -0.0925051577238393 0
0.1794245090969525 -0.06227832503020698 0
0.1844842261668101 -0.06294839380810979 0
1.035085647979773 -0.1109456556314502 0
1.637461711996826 0.4846477684913217 0
-0.05848847810710143 0.02674531410341083 0
-0.05729854518330942 0.0216750104649857 0
0.02690830971888761 -0.08231511706617547 0
0.01922841554038728 -0.07944142627214251 0
0.0208342173812268 -0.08565706692207629 0
2.541557027690852 -0.6602313510832084 0
0.9626693673449491 0.04475735609391519 0
0.9531594531032459 0.04369103172550391 0
0.621596764021924 0.08308343244905486 0
1.169326413785363 0.07505551258235832 0
1.147642892360595 0.07846749012490495 0
0.3657892945757236 0.1683744733916303 0
0.6901373287449095 -0.1703844172684429 0
0.2744724675890918 0.07340753043485676 0
-1.889700157866019 -5.085061899464163 0
0.5492799751528701 0.1536650951495575 0
0.5452416053511397 0.1675221412213999 0
0.5354052391623212 0.1572023768840844 0
0.1129554290585349 0.114843305613938 0
0.1177810800105823 0.1136662455643809 0
0.03958615237669921 0.07027175207948098 0
3.373666716128382 0.04770049650875871 0
1.115858027351917 0.02049400336410362 0
1.109391995770411 0.03433524073325417 0
0.8829971569604307 0.01701327839586206 0
0.418381337967285 0.09361781630977997 0
0.4136426261845174 0.09488900429394193 0
0.5156218414094377 0.08807476466639146 0
0.513966919013314 0.09375070423733528 0
0.8410076535674007 -0.0967201525459519 0
0.8418500960140562 -0.09231739420748189 0
0.8880137984034563 0.01821686265484678 0
0.6980924397200812 -0.1768576589238443 0
0.8364538460624047 -0.1340691157810437 0
0.8412382244905334 -0.1367721428689798 0
1.005473556741717 -0.1194308466279767 0
1.010384152057219 -0.1200636921763673 0
0.5204511448177287 0.0866837431646594 0
0.7395148385578905 -0.2305059827834482 0
-2.247714406632492 -0.005415596426005698 0
-2.372554268555499 -0.2311159030855026 0
0.5512454059554999 0.08812758344840992 0
0.548822107377074 0.0944830766815935 0
0.545077603551874 0.0901096571811509 0
1.335054439903372 0.5376022619869535 0
1.291037605455484 0.5137547760446172 0
3.959544579786309 0.574271611750407 0
3.957169853524249 0.6529139745604862 0
3.903261475550625 0.6350884990259835 0
1.154881229656305 -0.1669122683337402 0
1.17691730389692 -0.1659870033099073 0
1.170155987403329 -0.1476360220340014 0
0.2653539458307225 -0.1228122361125868 0
0.2707383883810013 -0.1233183624576283 0
0.9430462135920163 0.06062725272136521 0
0.9366174433336221 0.06918641732860234 0
0.5416152424331154 0.1825958767259332 0
0.522243574966784 0.1839505704331466 0
0.729062235342717 -0.1551650461768502 0
0.2435499259305301 -0.121341061466069 0
0.2489492738349239 -0.1218528962612754 0
-0.05517231180137608 -0.1889829344956122 0
0.2863130062868962 -0.1256138061489536 0
0.2916945509544654 -0.1261228205385219 0
0.4595804670471247 -0.07706640965325129 0
0.1368530882328075 0.1752852354825808 0
0.8967982385230572 -0.6406508248217664 0
0.9518228269681519 -0.6162625611413113 0
0.01568072244770354 -0.09116836687003915 0
0.1744416399173547 -0.06162762030043852 0
1.05943999541619 -0.2736262047093248 0
0.6911589320253898 -0.2545454052831246 0
0.6668187198419361 -0.2568835413415729 0
0.6795170435033 -0.2710472653964926 0
1.12871311287787 -0.1036150730210124 0
0.1446183541274479 0.1194409903244061 0
-0.05263856360407022 0.1134959721472476 0
-0.05553871379105145 0.1045254587264319 0
0.1968598797755675 -0.2968088845931378 0
0.2215735666149705 -0.2930980843516037 0
0.2281108443563701 -0.120646555513103 0
0.3642044181375527 -0.08779314196823312 0
0.3605614040077609 -0.08893756974709432 0
-1.281733429482435 -0.5012497535320726 0
0.06968005368597573 0.09000628169186403 0
0.07137974625905039 0.08649871282861071 0
0.08256741406336283 0.0742453034411994 0
2.002205828395697 -0.5827408093193173 0
2.033985828945635 -0.5467862215482173 0
0.09443303105069284 -0.222259918673682 0
0.05000034641351564 -0.08606560883609872 0
0.05552642564489383 -0.08693337224699257 0
0.3084013570478634 -0.1269810098096678 0
0.3138082174378767 -0.1275215521526673 0
0.160822838672101 0.08199890237441743 0
0.8966912105032845 0.01540298096111113 0
0.100187589691673 0.1825054252337662 0
0.0853812660742424 0.1839988683301325 0
-1.753253220501775 -1.55270535044945 0
-1.603575679824065 -1.769840477471604 0
2.032131911382646 -1.204775945605506 0
1.949693074936505 -1.0662566048233 0
1.924805149817518 -1.259432564506467 0
0.2691370022945658 0.5388742387087166 0
0.232601881446589 0.5086971923186763 0
-2.834816103166449 -1.968939129597456 0
0.5283319244597633 0.1453407915059245 0
0.7107733809603547 0.01558654649286263 0
0.713070088008226 0.01136355160024275 0
0.942615774563939 -0.1315328778508322 0
0.291479457024298 -0.2792881168081959 0
0.3130363675022226 -0.2754077446488173 0
0.975443992762513 0.000518892741542877 0
0.671837748700044 -0.2955502894999874 0
0.6601461195538155 -0.3224330459515655 0
0.1231641653705509 0.08857355152760102 0
0.4863310116682481 0.5769661600882372 0
1.266599506355445 -1.338619560459672 0
2.881638299808929 0.3426568783718571 0
0.8161375550360704 -0.2069679252045818 0
0.3879422290996029 -0.1553234925612635 0
0.3894718572363144 -0.1475031405805186 0
0.6505157710401817 -0.3513589171323898 0
0.6368951307607049 -0.3817920294447258 0
-4.328679671436893 4.462172531494895 0
-4.166189627910648 4.720494340452765 0
0.2262247201321655 0.07723150243290344 0
0.5361880408892863 -0.1325449269412658 0
0.5413566310591198 -0.1328073198830446 0
0.4987878748134368 0.1381941432287544 0
0.5062368725370938 0.1478637035627314 0
0.1441924722843105 -0.3044790611096511 0
0.111333510793769 -0.3051521301959319 0
0.1263488938843941 -0.3310166682763675 0
1.031476433879616 -0.1159955372239914 0
1.036904900092882 -0.1168548189442605 0
0.3134216391710941 0.1490829225387185 0
-0.04200762150506671 -0.0790292099289665 0
-0.04586965656620962 -0.08811204841738199 0
0.8520452271230065 -0.2178142492044618 0
0.5881942521579211 0.03653209691719535 0
0.5435220752746348 -0.1379683854717567 0
0.3134302042385071 -0.08359347522738531 0
0.311401501579072 -0.08023169420396858 0
0.3083736443492794 -0.0831402784075492 0
-0.1529906879620172 0.3810043334260488 0
-0.03554506023488564 -0.07219763381630592 0
0.3754310852472463 -0.2660016984441139 0
0.3946118029369877 -0.2620628100167494 0
3.448037471085528 0.3681315697978896 0
0.3300091019313447 -0.1293022774010832 0
0.3354244492073245 -0.129820456546912 0
4.203826992244052 -0.08147748378256124 0
4.155088006799806 0.004866467261998339 0
2.277861430020171 1.405177835207697 0
-0.07751581980179384 0.09105586400237017 0
-0.6085775358500278 -0.1279895071798601 0
0.1893654495542358 -0.1155443783625764 0
0.1948491456794153 -0.1160104732511983 0
2.202695978904305 -1.092047289834582 0
-0.4007023453490809 -0.08449727029379932 0
-0.08830037660935885 -0.04082564208627945 0
-0.07892110201360666 -0.04506603574377691 0
7.118466262308974 5.763769549760986 0
0.2905623602290194 0.2503523171523241 0
0.2776767445191375 0.2371460952605269 0
0.402327492172352 0.05698480722897997 0
0.5876348965081688 0.04411626243461543 0
0.5842789480794475 0.04203654021620158 0
0.588179723744426 0.04041460384480174 0
-0.002697719649017671 -0.05898383538301859 0
0.4800699641376052 -0.2370083119797564 0
0.4963918805640734 -0.2336127258887249 0
-0.1858994259839903 0.1260378059919617 0
-0.1799322761742962 0.1499809882342725 0
-0.2031621976419512 0.1451127760290302 0
1.018261950786355 -0.1165975218000757 0
1.021337960736409 -0.1127456183171499 0
0.5307056827491398 0.0838782101886808 0
0.5258978572107844 0.08526691874028022 0
1.138596431907328 -0.03006055871337339 0
1.146532816499485 -0.04952845012700517 0
1.156592496868146 -0.03668092624024691 0
0.1479881673765068 -0.1216966446429242 0
0.143514151303731 -0.1286543405792171 0
-0.09933077076310182 0.08672141140777451 0
-0.09554718521443248 0.09865480591468745 0
-0.1070467697270256 0.09626824501211476 0
0.5712252794504984 0.1599185348508184 0
0.3636911206117439 -0.08402590333469559 0
3.746755814570982 -0.6705299874772845 0
0.5729891228972641 -0.2231964084817135 0
0.5869321323594062 -0.2205040822025158 0
0.5183617364424691 0.1708826105416663 0
3.096650205228288 0.6066757205630871 0
3.338031077613651 -0.5672307303453021 0
-0.6027253055387771 2.175938011170771 0
-0.8480489428922026 2.167945990504015 0
0.7764327010250948 0.08552890290306263 0
0.542986856817235 0.0842614771073269 0
0.9643002533803812 -0.1266723461290282 0
0.6507854142653091 -0.2034055195560166 0
-0.03489203625773493 -0.2327252715431736 0
-0.01181727138660597 -0.2330422991726349 0
0.305536563660153 0.2654685626434861 0
0.2867799440700461 0.2741007152178778 0
3.375465450241386 0.3369944621919305 0
-4.728657354781646 3.157540126016622 0
1.325644556890602 0.01542262781723377 0
1.339233320169036 -0.03109617138199741 0
-0.411949658114126 0.705893583112416 0
-0.445477079766227 0.800706101052867 0
-0.5098131352580972 0.7302398197724 0
0.1108497179532286 -0.3653456444066926 0
0.9882239812102416 -0.04270322489683309 0
-0.007423140932009545 0.03302880113662556 0
0.7412794371085244 -0.1672760529497663 0
0.7312984458269065 -0.17101839596621 0
0.7379323729504882 -0.1773120579876368 0
3.576313568526585 0.6438580827007331 0
0.9908869905658573 -0.03500633630517867 0
0.9955080116466415 -0.0344196704251364 0
0.5623235714709749 0.07912252115575184 0
0.8051223129582497 -0.09208563400635338 0
1.195662665835158 0.535738691517506 0
-0.05514058904957057 0.01711644413006907 0
-0.05395262902354719 0.01215544545301607 0
0.353902164032788 0.4372812787441445 0
2.242105378766498 2.220144485886426 0
0.7708258662733998 -0.08535176612278658 0
1.131441767665139 -0.07916200686818314 0
1.1257423257452 -0.06678411672918369 0
0.07288304215079064 0.1546029619055289 0
0.5805446726765564 -2.643052760350973 0
0.2061834203951812 -2.724540822222354 0
0.5914417329822048 0.04672591589758061 0
11.11065835764841 -5.400647739020944 0
4.405869376043997 -0.4877612323454238 0
2.478025464173529 -0.5545611468918807 0
2.52702110424847 -0.5317807448370492 0
0.1168515671520159 -0.2594101766872995 0
0.08981207841214664 -0.2594116595779796 0
0.1021376004538161 -0.2786160059198955 0
1.133953769548934 -0.05563377966783462 0
0.517717960798723 -0.427593613775027 0
0.006123390903199007 0.1453702125352688 0
-0.003048568737150035 0.153830656741482 0
-0.007592588977625662 0.1441441878748892 0
-1.03563974362077 2.401073359994496 0
3.452097573668164 -0.05888736486737664 0
0.3626900420548569 -0.1327151793143544 0
0.3681925101718945 -0.1333161015082376 0
0.7567694993338753 -0.1816423837252024 0
-0.02303579047730161 0.08042429266255562 0
-0.02476338082486517 0.0759524848939766 0
1.266309627610466 -0.5989616959261466 0
1.241749909104769 -0.6745383611504001 0
0.9838990626803958 -0.00103353914408751 0
0.9790027867920563 -0.002009956567049771 0
-0.06315781724924178 -0.2314232814539269 0
-0.05195027234063702 -0.2550369801899575 0
0.9087954221742565 0.0004424837462709014 0
0.9652080578525648 0.1626523366404694 0
-4.444326838378061 0.5919682745650696 0
-4.446456008155788 0.9775999160765996 0
0.9080355659287628 -0.3168115518282105 0
-1.146778824157361 2.164444896574834 0
0.6606420384303253 -0.1301319168734951 0
0.6630996787046374 -0.125882550268817 0
0.9605299363616315 -0.008002514542129455 0
0.9646034153454659 -0.01104639648215042 0
1.025567363850612 -0.3037389757987254 0
0.754567362535159 -0.2341880469200613 0
1.001974080531858 -0.5830322860919985 0
1.050826904379014 -0.5594972254534376 0
4.483646330103637 -0.3771763391894656 0
0.3252853234582355 0.1245604844636507 0
0.318939904662463 0.1244670161624815 0
1.175789165442716 -0.03467989856200065 0
1.198283039746372 -0.03700330571581225 0
0.7198801185725674 -0.1275930060482973 0
0.0198427398833388 0.1893087383469439 0
0.005390300581230353 0.1910039252326128 0
-0.1186107921409396 0.1065350672897274 0
-0.1252336258810388 0.1218714571513708 0
-0.009274713153280521 0.1652749966272906 0
-0.01665487196845631 0.1791186866504918 0
-2.357288545156369 -0.729908472007184 0
-2.544542122080976 -0.4718259551992123 0
0.8017409529000876 -0.2116575396091663 0
0.1704756431632779 0.1242222372125886 0
0.03397478836311486 -0.4359603792723435 0
1.687261182578405 -0.961495532911556 0
1.726014269034612 -1.067128008812419 0
1.80361322691517 -1.015280747823398 0
0.3004468636642203 0.124610215068771 0
0.1351108409120027 -2.43870448062497 0
-5.075394453370736 2.984055739777233 0
1.141016695573688 -0.1329134480495152 0
0.6823080503790759 0.0638479318800078 0
1.039762004858734 -0.1230274537621928 0
1.042050243492671 -0.1302697645970728 0
0.8284734910320792 -0.01233076035335257 0
0.9270424032348427 0.01484569579438038 0
1.596824023365333 0.5138024994144803 0
0.9079538765758601 -0.1352884994709879 0
-0.0443612344832107 -0.07149360792803837 0
-0.6011423867378601 -0.819696752320588 0
-0.6543565015167561 -0.9420463961295513 0
1.025040678718402 0.05198405540035834 0
1.031993495825423 0.06397198303453824 0
0.6816741383860412 0.07018184154025581 0
0.6769005192312434 0.06729810270568368 0
-0.0706834138209925 0.01655023862913674 0
2.893943087603242 0.3079027764188123 0
2.849481408430826 0.2852007139515743 0
-0.2135599546770126 -0.02025472120187744 0
-0.1890796792214539 -0.01749225096980911 0
0.1538594706867481 0.1162140472754429 0
0.1489724172298879 0.1172087276092086 0
0.3290337148995128 0.1310162064590663 0
0.9211788782148469 0.4974960164064075 0
0.8807757445828177 0.472390879897451 0
-0.1019334508074637 0.07590177197756132 0
-0.04983090092222807 0.05339218060904505 0
0.02194252610124663 0.1045232783624125 0
4.011114029838842 -0.137908697709377 0
4.034472411541437 -0.09358447363578314 0
-0.007319726294188525 0.1337228776580951 0
0.5112884217399112 0.1590210251635064 0
1.14341306766211 -0.1046004842083501 0
1.138212702555317 -0.09094994818816635 0
1.205987884908304 -0.7074426866416824 0
0.9761232460669487 -0.1838083191202668 0
0.9869003725872243 -0.1889944321203602 0
-0.5955644688841354 0.1821497016100557 0
-0.5226993898817077 0.1929604871316435 0
0.8522800882002197 -0.1345582851854317 0
0.8565363018876206 -0.1314259513939616 0
0.4065398283920121 0.05589156776010908 0
0.3142558938922343 -0.07734872781824055 0
3.465816690409197 -0.6974864645479806 0
3.421726293267563 -0.7670085144891522 0
0.6074857279789381 -0.13503214965185 0
0.1604718583131567 -0.1056596007211068 0
2.95115903390085 0.3685397125370614 0
1.223128602877932 -0.03600702376929384 0
1.249043143275306 -0.03910502332230451 0
0.1698231815763065 -0.3028372248556534 0
0.9802510210053523 -0.08624098073335534 0
2.811315862165893 0.2755029695687176 0
1.040810573445493 -0.2917990519446061 0
1.257416758141381 0.4820773667642047 0
0.303401687913662 -0.08261222728948819 0
0.6607075242982813 0.06622139883743505 0
0.656337542812318 0.0691012751441602 0
0.3838134818112962 -0.1362358329102328 0
0.3893814607790322 -0.1368504841929146 0
0.4889690048002276 0.1399130650663019 0
3.427908103043941 0.8453659788858344 0
3.469930700226215 0.7558282024507331 0
-0.8175549420417884 -2.424632512712954 0
-1.142261173213853 -2.498904493281779 0
0.6995864721796792 -0.1661261184246554 0
0.7079067669204931 -0.1633337996265269 0
1.179760688080669 0.05215046850101926 0
-0.05818554784942889 0.00880465378834633 0
3.906998668495582 -0.5518889831633687 0
3.954581338042184 -0.5434883128474516 0
0.2783001222186725 -0.1513087225563693 0
4.209650019332788 0.2890238976570907 0
4.2629369726584 0.1968996677943056 0
4.30026819105216 0.2626733704540642 0
0.3091993340030066 -0.07689553099840446 0
0.07183355071972509 -0.08913723226265141 0
0.07712684644063703 -0.09002718066230789 0
0.4600693312905821 0.1456662939392213 0
0.4499816707581896 0.1469067043188558 0
-0.06746752076447776 -0.2826889785562182 0
-0.10434014257375 -0.2815798905613958 0
-0.0915916100060839 -0.3105338790169031 0
-0.1105928884645211 0.04275383910387964 0
-0.1127867675839274 0.03231228561658923 0
1.002970097086481 0.5579638267951725 0
0.9566640310735162 0.530867402531825 0
0.1277694869359567 0.08834191919097163 0
1.188713829064644 0.8733412932779767 0
0.6688573291552204 -0.2271155149966654 0
-0.0004336112898444004 -0.02046084151533177 0
0.1116555943463078 0.1806934312635393 0
0.3897378249428607 0.1575877485546195 0
0.8535109189861894 0.008283679503057447 0
0.4145468184866121 -0.1417997663983452 0
0.6986723932239977 0.009735915386646967 0
0.4830453313941757 0.04971444371157432 0
1.252835048572718 0.5302690706548734 0
-0.1005273390131456 -0.03610079978777079 0
-0.09855416882936219 -0.04611808485432198 0
0.933835725594519 -0.1870001884109656 0
1.286932852806989 -1.035026197136489 0
1.392954257521472 -0.9926101236998733 0
1.034484768637888 -0.0260883958918595 0
0.3567186187098424 0.2111774800281769 0
11.41428427914071 5.149491797730731 0
-5.437099359440294 -5.116455841873655 0
-5.353867118740061 5.113438056854074 0
0.2188084105534816 -0.07386381544878706 0
0.3593937883593109 0.1606538440571263 0
1.318214416813747 -0.1255966144219307 0
0.2409029951824261 0.1701676793884615 0
-0.8673547764951401 -0.8410692950061989 0
3.265104177846372 -0.8678405398236168 0
3.347697419180414 -0.8705725880627697 0
3.261796281602308 -0.7641525090872756 0
0.9964312677598248 -0.008397792849563421 0
0.5242935546580331 0.159197837577767 0
-0.02922059397365198 -0.04758695700981125 0
-0.03427684363567912 -0.05174933420675604 0
0.5955576202133142 0.03626378957201 0
0.8122455534546733 0.03717247046322047 0
0.9471869701208879 0.05167362093567998 0
1.211072863186332 -0.1284351219300332 0
0.08775016795447381 0.1629825870457783 0
4.588126041281528 0.1344217752275707 0
4.487073383081701 0.2321951961020671 0
-0.5455635196472389 -2.384610954402056 0
0.8179937440935307 2.153353427201113 0
0.5937561971778932 2.154485420637608 0
0.6181963401143856 -0.1455269698332941 0
0.6199457673742699 -0.1531287568799911 0
1.132838063425387 -0.0172756023169855 0
0.03266281316027481 -0.08347431836634096 0
0.5396351482114966 0.08031850343022778 0
0.5347874236196055 0.08154547872382784 0
0.2993485406042017 -0.07601275602125201 0
-0.03917060846487051 0.1242750567096326 0
-0.04672415542548797 0.1328736210816908 0
-0.05065565168831256 0.1237174536027134 0
0.9969166732556176 -0.1969312046775103 0
1.008990852905532 -0.2021643316411572 0
0.893131266661888 0.02047693679272649 0
-0.02379152352024724 -0.04928902907235491 0
0.4892977862673439 0.05466264003610222 0
0.1236827585817069 0.1783444252805098 0
0.5614758219653061 0.1503792841755662 0
0.1715880022342148 -0.113529855159664 0
0.7751177782034775 -0.08465287915377523 0
-0.4508890587628353 0.5617117094269559 0
-0.534578496138872 0.5719286270776759 0
0.04947385524150842 0.1463157094794539 0
0.04087699716055852 0.1461484600582411 0
1.069026058124333 0.07972409249315245 0
1.053106532382629 0.07955369003501582 0
-0.122615577809074 -0.0005326201264307584 0
-0.1247860159481585 -0.0114764054582416 0
-2.197094826360989 -0.9432271186531755 0
1.042998946536403 -0.1875511785632039 0
-1.456936439028688 1.533165373130561 0
3.205786931064718 1.021251314326786 0
0.2014320680672492 0.1087567745727501 0
0.1971340076164235 0.1099668304056106 0
-0.02967383278843089 0.1256226428978671 0
-0.4408998153738571 0.229483408759994 0
-0.4754371496853786 0.1899639802163083 0
1.02637247098798 -0.1136709101988798 0
3.122267624486634 -0.03258217360754814 0
1.142936087802933 -0.1805502663461064 0
0.7590644376550277 0.09534384584978829 0
0.7496612391346251 0.09903412033891215 0
1.087996972131177 0.08090975659436367 0
1.078960392728511 0.09544030087817171 0
0.7991726440952229 0.03363801000482117 0
0.8393263932438777 -2.587322352657655 0
0.5562506549807547 0.08645335987553829 0
-0.05242185795544552 0.1437515375121386 0
-0.06339593819331889 0.1536923261075842 0
-0.0691832788868034 0.1422568065702173 0
0.6993423247467805 0.1203835702935995 0
0.6886532938454565 0.124816241159414 0
0.6766085014480567 0.5390148254486231 0
0.01520986474534599 0.145613511915605 0
0.6558900982710429 0.1397266950342091 0
0.6442284235412441 0.144951031840063 0
-0.3436967057953247 0.3403232707924752 0
-0.2399155997261804 0.1138775227914861 0
0.9811145782891731 0.05035427905931705 0
0.9711862936094462 0.05007024194343786 0
1.394488908650152 0.973338844434773 0
0.6198981303207411 0.02321714768141662 0
1.057834476830156 -0.03275367553644323 0
1.013514496809606 0.05106280091150998 0
-0.07269987184011067 0.1669833940811796 0
-0.08452443717088048 0.1805115822753418 0
0.3573836056005216 -0.09213129794058676 0
0.3014940651765324 -0.07917236349441722 0
0.29855081140035 -0.08200609339977294 0
0.2931479042823484 0.1366156688879158 0
1.012811469795228 -0.2179313264737091 0
1.024372520673043 -0.2086487214424249 0
0.9848263151185662 -0.08593533269901624 0
-0.1081309175557985 -0.05293056820936448 0
-0.121589239223956 -0.04600495187569904 0
1.038648692721771 -2.801105645749166 0
4.040102467806307 -0.1795455376061868 0
0.4121062757808999 0.09948804323947463 0
0.380403049766671 0.1050619580031065 0
0.3754769340642979 0.1063323798883615 0
0.9566216869988506 -0.0127083240106245 0
0.6086500190636335 -0.1516376282434269 0
0.612398963269043 -0.1453046353380967 0
1.013817015330112 -0.2357095601836856 0
1.018313761895574 -0.2554439109440034 0
-0.4437327840049963 -0.07694815303679407 0
0.2233823825233748 -0.07435912406941264 0
0.3293061973967903 0.09342259580943565 0
3.011445381797785 -0.1320523150733165 0
2.891287581071964 0.5781487508329569 0
2.840005494698945 0.5588438206545511 0
-0.09054861174717838 -0.1492524308976015 0
1.220196898545436 -0.1577574101409138 0
1.239077700087824 -0.1394817750607786 0
-0.6782409900269561 -0.3301364067840383 0
2.623045504974234 0.3307566871426471 0
3.019955875854652 -0.721142309521922 0
3.086076435665418 -0.7782838077117558 0
2.575717509478794 0.8982392034908584 0
2.721519834032194 0.9399357231130651 0
0.6729364941884892 -0.09461167536952292 0
0.2240433299251867 -0.06807236337721999 0
0.3041994171175136 -0.07661888991096727 0
0.2194693579552935 -0.06757705475659442 0
0.2211567014914254 -0.07098888901558498 0
1.265953211510487 1.058395431307008 0
0.7737252126633551 -0.2098861702931389 0
0.7746726819901351 -0.1960504031708351 0
3.686396925213424 0.7263671392596036 0
0.2300108306384414 0.08029218162861057 0
0.6523455246892751 -0.1362575998592108 0
1.088556334733881 0.1151260968970718 0
0.6995758839137789 0.01449826353115385 0
0.905509865192624 -0.3474624324232896 0
0.3566200264587185 -0.08833615912105305 0
0.3514855503350194 -0.08777306250074678 0
4.132504329627581 -0.1310230576480012 0
4.090644674154196 -0.09721666783731653 0
4.096407965176928 -0.1693218314605217 0
-0.4341469857381695 0.005599800636509555 0
-0.07689760643477783 -0.3477591622095678 0
-0.557943248296863 0.6468230661269888 0
-0.591470669948964 0.7416355840674398 0
-0.03930705529879157 -0.05719900724474543 0
0.680083057001339 -0.08668228508646625 0
0.6849548620785484 -0.08655042516140866 0
0.6745434250629156 -0.08681139944556288 0
1.043371218958891 -0.1179775721696515 0
-0.2062174601257122 0.2150041378472738 0
-0.1223943776896089 0.09460167278281442 0
4.085672151118702 0.6825739211161996 0
4.026433361945275 0.6644680926461752 0
1.280715260086022 -0.04176842262834383 0
0.06109232923463227 -0.08748351599811821 0
0.0664797845311908 -0.08838286571568418 0
1.068054085578767 0.00615307766001657 0
1.065100310568398 -0.005663273298353602 0
1.046645544325141 -0.1374342435667597 0
1.050823624557213 -0.1313146859572707 0
-0.139589178087445 0.1348902187197593 0
0.6788683175666078 -0.3466410487258581 0
0.03726489923746078 0.06557651575842782 0
0.6281039962273474 -0.4176598205627288 0
0.6604468345196165 -0.4114347110246853 0
0.7725211034448051 0.03897591338367016 0
0.9273232867209853 0.01941484349951719 0
1.002270319772632 -0.1234315687867567 0
-0.06468773791676218 0.1024384053791166 0
0.6509575337411172 0.0724528299192804 0
4.04397538349091 0.31843488211536 0
4.388085895421798 0.2833838455650562 0
4.334798942096186 0.3755080754278413 0
0.3468007781707828 -0.08668442243308058 0
0.5976410667836969 -0.1340255680934697 0
0.9929519396010158 -0.004521944020359505 0
1.015542128537255 -0.05134864058254412 0
0.09852743576849417 0.1197669178192646 0
1.959511824540147 -0.5984506740434845 0
1.878200414905347 -0.5971024520227555 0
1.919267176442351 -0.637089384624381 0
0.5123485809585568 -0.2329477626219092 0
0.5278074937461559 -0.2301762148961581 0
0.9464489639389888 -0.1276119294061554 0
0.9472493970099419 -0.1331060566145906 0
3.142519490599612 -0.07617012498370888 0
3.872652766472677 -0.6040643924384007 0
0.1083629438099308 0.1168425342266372 0
0.07546772799003154 0.1833828949415713 0
0.0834243320312841 0.1716287420932244 0
0.7681333625151465 0.04139923898128986 0
0.9658457212264561 -0.03821979570785708 0
0.4722762877837661 0.08397289952289877 0
-0.03762813486079299 -0.01489952939738556 0
-0.03658379564175678 -0.01976447422226641 0
4.074964087629915 0.2771147721668457 0
0.2541865345235777 -0.1226412010935319 0
0.2595859512052767 -0.1231472838606403 0
0.276058097342617 -0.1233553537141941 0
0.2814374071433688 -0.1238691245193595 0
0.8641456575711405 -0.2246678174266468 0
0.8650991066180825 -0.2088395401694157 0
0.8260491368945279 -0.0165089676411152 0
0.1035051040980079 0.1181582046832525 0
3.402120107492779 0.3159903415437297 0
3.463101732888677 -0.5698019130906614 0
3.497130294718839 -0.6184331286329736 0
3.552648293135702 -0.8541825490187729 0
3.646889071091282 -0.8359656428446323 0
0.002426795395859143 -0.01647853615666962 0
2.918383609905604 0.3309078301577156 0
0.3423244615423796 -0.0861393596875086 0
4.580897562739393 -0.2890914011790458 0
0.2335548649712847 -0.1192619112854174 0
0.2390006208808571 -0.11973421932727 0
3.482661612544983 -5.393522162466686 0
0.8851946123908674 0.06720987547952932 0
0.8770568312367217 0.07469725126648696 0
0.0657225336460685 0.09012388337622848 0
-0.4798647138672651 4.60609154935351 0
-0.05748938571346152 4.60148537517151 0
0.02061891954188248 -0.07368060006238183 0
1.010371621709202 -0.04612686602101039 0
3.408875722323798 -0.5714796940371271 0
0.2976659075149718 -0.1255519342539494 0
0.3030517512066528 -0.1260802828604595 0
0.6646149252398489 -0.2399129266131729 0
0.9034663095139839 0.1646671924491691 0
-5.144856238683206 -4.228776558522537 0
0.8966300367488063 -0.02252223740934306 0
-0.6360286275931462 0.1472252145767515 0
0.3282903362436121 0.254007378417716 0
1.101438502199033 0.04984519227447506 0
1.09453184431264 0.06435044959661623 0
0.5956329471191435 0.0446113215164846 0
1.122471310751173 -0.2260753114620489 0
1.116074552719602 -0.2058290147351187 0
0.554853448696511 0.09872045800712149 0
0.2248793964446498 0.1577804097616799 0
0.215944283857439 0.1634707198594527 0
0.1308086277605398 -0.1028420147160412 0
1.018537532835657 0.775384621325144 0
1.008176642430517 0.8709755707427242 0
0.9319573991100313 0.8225561874799805 0
2.580273464821009 0.6285802783986303 0
2.378090475797715 0.5685532455832446 0
2.332424341030024 0.5466799154650124 0
0.8774527251048505 -0.2015911997557308 0
3.212360530935921 0.6559018373265326 0
0.1913620989885924 0.5242510932429184 0
0.6438640766910765 0.1853978404986764 0
0.03163453107665005 0.1030900852642413 0
0.02665393344359413 0.1034530071599206 0
0.002229986441489079 0.4912912624248958 0
-0.03927202305834916 0.5031888721228617 0
0.1020503614456776 0.1234658484693775 0
0.1066708940225462 0.1282273658727526 0
0.3226697484312749 0.2327369748874364 0
-0.03924447569956559 -0.350445330778795 0
0.9077659656527349 -0.1784679872813165 0
0.9172938152283246 -0.1726328418712016 0
1.36995058080177 0.07892845500701512 0
0.7847400706249246 -0.191948902376694 0
-0.1140106512442634 0.3713997613210226 0
1.155749892806962 -0.1344177994462686 0
0.1234086694804696 -0.117444392028737 0
2.801515049817401 0.7694201902270805 0
2.351734468854368 -0.6767479710411648 0
3.425034189511627 -0.8706965452254933 0
3.478619419048552 -0.9577466225923905 0
3.905566451037514 -0.6691527100419875 0
3.953898599350326 -0.7311025568840656 0
0.3072611027198313 0.1578471972961339 0
1.03285254260345 -0.1973373201002604 0
-0.1688236802710709 0.03228759227942588 0
2.793521789638128 0.596435620084368 0
0.3197293916688294 -0.1273635323312544 0
0.3251423515555135 -0.1279078419311514 0
2.202630625395527 -0.7455741980995154 0
0.06855720622760095 0.1632491169529749 0
0.06420365652462892 0.1744784548668098 0
0.6555182389032257 -0.1403124180250032 0
0.6585188285768568 -0.1348695251968689 0
1.19507107996088 0.06836307992872823 0
-0.1555611172408174 0.1540415448582685 0
0.7124343530496294 -0.1325446999544574 0
0.7150266805275405 -0.1287072699588989 0
0.8073951126516365 0.04008184868409935 0
1.741344974087777 -1.192410204301787 0
1.037341547338712 0.07553963986108386 0
0.1205038734855926 -0.1011616470813265 0
0.5228161517094414 -0.1375249884477253 0
0.9506855387111092 -0.1242190846068523 0
0.9552742471863154 -0.1265047006037147 0
-0.05449232126128498 0.05441828771020335 0
-0.05285421199663226 0.04928397063788739 0
1.110895270597616 0.1147313996715024 0
0.4316040263652652 -0.132821128694334 0
3.564190622583979 -1.078285840515436 0
1.182015264311993 -0.5391378003931429 0
4.357563867572612 0.464051423863829 0
-1.477434073751489 -2.015490121340703 0
-1.319380449447479 -2.242824494142699 0
0.2105133110866803 -0.1354169819870602 0
0.2041181331759352 -0.1298585409357108 0
0.451852381112026 -0.1330969143390583 0
0.8483749640344618 -0.09590398043356527 0
0.8448674322164678 -0.0988635109546534 0
1.226040082598879 -0.1814334338937186 0
0.4212252092549121 -0.1323061521252256 0
3.141170779418961 -0.8887653707997492 0
0.6524263714959294 -0.8622635063252282 0
0.461974480565491 -0.1335421513314951 0
0.1103235627503727 -0.0996911326571932 0
0.05740907055209815 -0.1104004539902264 0
0.0608803085766995 -0.1048693890229464 0
0.369694765032586 -0.08001948143534846 0
3.575153595115929 -0.08260861576462697 0
0.1776496289681299 -0.1131882715973094 0
0.1831605674368877 -0.1138834350462195 0
0.6879924429676183 0.07313159611266698 0
0.799098924470442 -0.8333862858384442 0
0.7716909904363324 -0.7669207676764151 0
-0.1152571249262159 0.199646655773808 0
0.889874661222413 0.09210291490198318 0
0.89872734606709 0.0814604376686468 0
0.9453104654542629 0.1841682546317871 0
0.3405135082854377 -0.129233330574751 0
0.3459652729841142 -0.1297152206622115 0
-0.02978295673680974 0.07568684054685339 0
-0.03245121270752328 0.08159433159669183 0
0.6832479458819061 -0.1272863491192313 0
3.838880694196864 -0.6754496332545614 0
3.779669499135819 -0.7356183050808713 0
0.1630491363698728 -0.1596012849168768 0
0.03644687404611567 0.2148512016620604 0
0.3330578254252843 0.6922855310237761 0
0.2150978026282842 -0.1308974315062681 0
0.9992675678646777 -0.1276526374823673 0
1.004329410843225 -0.1284088559347721 0
0.2558965525283088 -0.1471603682038422 0
0.2634750764573094 -0.144755151380638 0
0.1443470840779202 -0.1670324471441843 0
-0.02688234097813331 0.08368777324919327 0
1.309301905375108 -0.04628772911296449 0
0.4027233390488824 0.1019574121536313 0
0.399398188088352 0.09855265758444452 0
1.126135406957159 0.08079971503952431 0
1.961139066858692 -0.5427538767176917 0
3.01191507364148 -0.5944888602019454 0
2.97499622975254 -0.6481755599250509 0
0.9902339337606317 0.0004481955925445223 0
0.08520589481703159 -0.1054197444135813 0
0.859447402199605 0.8570917453678064 0
0.5024124704656059 -0.1363831862764319 0
0.6638147526442759 -0.1341867350392876 0
2.32218253214426 -1.035418677120078 0
2.404662453521365 -0.917284963772115 0
1.558818656221592 0.5580534203063608 0
-0.3993605544723523 0.6178869288914802 0
2.407781785279939 0.8772521408509142 0
-0.4131857693794023 -0.03889185588075041 0
0.3336909223424463 0.09346831247115397 0
0.09964237248627417 -0.09740510845775205 0
0.869808292604745 0.761500795950226 0
0.3518073461957368 -0.1308960872918557 0
0.357283857158357 -0.1315455200884535 0
0.9413734962918061 0.07835623840764369 0
1.790985336615997 -0.6070220691088025 0
1.83589255858731 -0.579339239776036 0
0.8464904934904443 -0.09180815714058974 0
0.6731747192792021 0.06272886039354883 0
0.2629519707883361 0.2824227025780486 0
0.127191909598419 -0.1077231431500288 0
-0.08414878555972077 0.0975673948251501 0
-0.09186478452364455 0.1071142284294904 0
1.093493668672374 -0.589085374044805 0
0.03870432652025714 -0.0832787834697922 0
0.04435307317845033 -0.08432903133894643 0
0.7142313726623102 -0.1590421056820876 0
0.7218348776694881 -0.1566818368082696 0
0.9744314863641486 -0.004632050052243177 0
0.7638779804962311 0.04455378563504413 0
-0.03957641288776792 -0.02276192312312303 0
-0.03590763191992665 -0.02449647523066299 0
0.0856826333231237 -0.2381323129688631 0
-0.08832252020348744 0.5281446170565331 0
0.05529252810712275 -0.2217056110474532 0
0.07558961926347008 -0.2201864012971616 0
-0.06019211056468768 0.1220945365193059 0
0.08918780677254881 -0.09614922421979427 0
-0.07082125054776364 0.128643910060686 0
0.7274181523117137 -0.1624991815597588 0
2.789628928103688 -1.056797001902781 0
2.819937269621416 -0.8977775772559775 0
0.2464155654897166 -0.2834691201989165 0
0.2695927414562367 -0.2792713348060073 0
0.6227929027965917 0.02696369322829838 0
-0.09557193349834939 0.196296185141884 0
0.3945761736686178 0.09991542122368523 0
-0.08192914126797465 -0.1661596491924223 0
-1.793193891322342 0.5300587830567979 0
0.332309130696214 -0.267959995649855 0
0.3525622745348869 -0.2647994128279052 0
0.1122514086451771 -0.1055435847400087 0
4.090146755279354 -0.414010396457686 0
4.118571671732396 -0.3653635262953934 0
0.7377087625900947 -0.8947706824230413 0
0.8167574057303771 -0.9145556342568691 0
2.947990184960458 -0.7221804049785177 0
2.870174662247265 -0.7997566858085023 0
2.179903218675103 0.5620114290487452 0
0.4178077931636331 -0.1378275870719946 0
0.4231434713677227 -0.1378685282834311 0
0.4455307558516137 -0.2442165024984495 0
0.4626417383466928 -0.241534036315814 0
0.03472580830684242 0.5222578544031711 0
0.5418416333404588 -0.2246410008844294 0
0.5566213533088056 -0.221896201941563 0
0.8953911944286215 0.07028971318566729 0
0.6248628611875475 -0.2080220529544435 0
0.6377190703858764 -0.2057305161830545 0
3.066371609102464 -0.5888937573740836 0
-0.04465933573369996 -0.0619054097954722 0
1.017087346168713 -0.1320133342108038 0
1.010494165277381 -0.1379433422977896 0
3.571302313452336 0.8947465350968727 0
3.466002080055019 0.9476963822957405 0
0.9902090416647653 -0.03896155565380899 0
0.7740979356340165 -0.6866834933844318 0
4.712111613941314 -0.8276969077750604 0
3.0558426690579 -0.1494045851003563 0
11.15442948462614 5.419511511427219 0
-5.141675701021581 -5.312217302101056 0
-5.122135300338983 5.410554239019831 0
-0.04080948915810725 -0.03145112324720107 0
-0.04251932397907894 -0.0254771907173079 0
0.7099427733594771 -0.3393188862855169 0
0.7214376056020434 0.111512017773335 0
0.7114360960643192 0.1159694845009467 0
4.269746163202974 0.443340948752837 0
4.203225971795794 0.5012459528130492 0
4.643155796607892 -0.1689307674068946 0
0.3731817182296652 -0.1331106155442497 0
0.3786975072708236 -0.1337276219010911 0
2.416907801779003 0.7616899263002487 0
2.471503454772239 0.6877364745527149 0
0.7247872718355217 0.05247789093029201 0
3.702733237440459 -1.030159286899184 0
0.2926840125514951 0.1508839110634255 0
1.639551525583576 -0.573801764224942 0
1.685349903936723 -0.6064559150159803 0
0.9150212604046275 -0.3900293171003871 0
0.1190644735032501 0.1904171290027173 0
0.5541174911360134 -0.4306812696077051 0
0.5894295452907801 -0.427528501461759 0
0.0881173189909049 -0.1016520209702688 0
0.09299956520178741 -0.1014749748405372 0
1.00821459016255 0.9666632498979757 0
4.082267759010341 0.0894376472376979 0
4.051209008911767 0.1304924833980465 0
0.3122684486238112 0.1233144714249455 0
0.3061133747825389 0.12345009563126 0
0.6688369784728534 0.05996108168186719 0
0.6645203634068375 0.06248434036048164 0
0.2332426344529953 0.1627744605799379 0
0.9245473021211097 0.1712220206312435 0
-0.1128633095896534 0.07235923387566784 0
-0.1039664051214221 0.06392615534802734 0
0.4071904880006051 -0.1358891131856212 0
0.4126285563738016 -0.1362373902401398 0
2.756870407812625 0.6443443901481736 0
2.704456933240895 0.6855417772982352 0
0.8891855789553209 -0.2070113809595904 0
-0.1109162475549781 -0.0299133196961196 0
1.319502479725073 2.379522035827124 0
1.243669311192132 2.108557949316519 0
-0.1064882300828564 0.05323476705059228 0
1.055639249708647 -0.005630692242491196 0
-0.03514735951099134 -0.02947506600621543 0
0.07901829243401708 -0.09527406693151394 0
-0.07084122032329832 -0.205543432962619 0
0.4789857557306304 0.1407391066259523 0
0.4692087022500639 0.1420975531591112 0
0.8423870369706574 -0.1418559734860851 0
0.8684771796148452 0.08233938743125174 0
0.9262171431844765 -0.177870241124684 0
-0.07280416246352131 0.1184224286052202 0
1.021943421098783 -0.2758243416497317 0
1.315268592934394 2.643767599683486 0
0.7203489726264605 0.04984121612747452 0
3.795198158017417 -1.000436201613625 0
3.698698443249584 -0.9115095411001102 0
4.072533218496492 0.179464763413553 0
0.6470967660232716 0.06779425053392144 0
0.7671391971364274 0.08948945327623885 0
0.3462141611514564 2.180222224090994 0
0.1227509389674685 2.185285963222772 0
0.5915502005866424 0.03861181913560919 0
1.12416656848577 -0.006042030672845302 0
1.118060569429777 0.006877333644213118 0
0.859794453120126 -0.1272874018712018 0
0.7945392875931492 -0.1997189532302735 0
0.7909213948515641 -0.2143243402413514 0
-2.008895627392305 -1.111878336169751 0
-1.862588091476624 -1.320115302012877 0
0.6427871303375552 0.06498231912506726 0
0.6384335180990159 0.06752382691638832 0
4.070568775992092 -0.05528569982326263 0
4.09765241901458 -0.008189475502495082 0
4.115272666893912 -0.2603347769484899 0
4.081962123279693 -0.2133519274168715 0
2.471509133652512 -0.6151709136583017 0
-0.07684945254167019 -0.05186282740836199 0
-0.06944334812970147 -0.04608593599930826 0
0.8037212531352826 0.03639179864099885 0
0.3795631318505375 0.1559553913797168 0
0.3693136131027926 0.1573742990165443 0
0.8905530647775384 -0.2229991789149081 0
0.05745758833956083 -0.09216298666844194 0
0.0586049794970205 -0.09862830442414672 0
-1.203444746396208 1.924330289783186 0
1.599293758601063 0.5722842463368429 0
1.009891909194557 0.6913777234607474 0
0.3959459500485418 -0.1358923458084077 0
0.4016081209581446 -0.1362326492114327 0
0.2848519650910112 -0.2990457723618696 0
1.058882854537988 -0.1122404693495123 0
1.054108287514364 -0.1080816434802481 0
4.210227857624215 -0.4498372374894731 0
4.113967539605866 -0.4768989739549706 0
0.8346442256994517 -0.6595256395413251 0
1.188751776796678 0.9690289724332282 0
1.754749350349845 0.7205083942898323 0
0.4101988696103023 -0.1613429291609556 0
4.177876887966896 0.1459505117730624 0
0.4020289487574121 -0.1594018157578465 0
0.3949608313371327 -0.1590348095120027 0
3.588149348730471 0.7258798718373242 0
3.631455912924212 0.7929033991092462 0
-0.3173686728207005 -0.4003824988302203 0
-0.372650561110866 0.2970847489699675 0
-0.4034135786070011 0.2588201735835828 0
1.014389415982865 0.6214261315025347 0
1.036342928206824 -0.02139465745431989 0
1.198035245697387 -0.1703867807629733 0
0.1994486754565807 -0.1267561405622495 0
0.1966561456696612 -0.1207803502540339 0
3.017621547081661 -1.117013124699735 0
0.3273221191280508 -0.1332862330601192 0
0.327382241038647 -0.1406584765688827 0
1.104466178916817 0.08006665798163549 0
1.128338906696354 -0.1924235959014596 0
1.147045365043318 -0.1971365791649993 0
-0.1229043475578546 0.08090999804271815 0
2.988385039594923 0.6383928742436502 0
2.936244081655945 0.6191695590167976 0
0.1731065183485993 -0.1179353496560047 0
-0.1264704466493793 0.5385601058150522 0
-0.1223762450947836 -0.02352602258541211 0
-0.1222411287729545 -0.03500594544510582 0
3.894047456567665 -1.021435606496153 0
0.2618124846511484 -0.1283198578794755 0
1.04144798882044 -0.1438782790032757 0
0.3594573189798538 -0.1370378090709183 0
0.3605474550032153 -0.1437043749694709 0
0.9629980533971692 -3.071807449134611 0
0.7809268779702935 -0.2218247566720317 0
0.5674507990222946 -0.1330131911707566 0
-0.02394042457096891 0.1917674407420131 0
-0.03274445159527403 0.2079134416639872 0
0.2410206635987219 -0.125471453824217 0
0.6560932692712982 0.1655961845149458 0
4.046620501288716 1.151045937030596 0
0.5993585396868772 -0.2116100653714601 0
0.6128728622529011 -0.2089916578872335 0
0.3821677871448211 0.1181212178685488 0
0.3052634144491037 -0.1313071102838051 0
-4.098737949926631 1.078856339214123 0
0.06654883859222796 0.5687250761606744 0
-0.4586977221714157 0.2715078043357297 0
-0.05718887384471279 0.04567046191982259 0
1.303562345271626 -0.100436814615746 0
1.289932356151451 -0.07151093755214392 0
0.06837725811783356 -0.09346749696653478 0
0.267104926928656 0.2225865239245032 0
0.02147718821001441 0.05804658255086238 0
0.7105085241911875 0.1282974228064529 0
-0.3027519286066332 -0.4493651078852059 0
0.03567886728268282 0.1881331615219214 0
2.498666349410075 0.8561094493878011 0
0.1999273820318658 -0.1158751707788683 0
4.74165000167506 0.01080792278178753 0
1.046159836404486 -0.1124542586907823 0
1.048859913290351 -0.1074156747257553 0
0.384262849940024 0.108329524048309 0
1.119600534775697 0.09735902203727174 0
-0.05309085893063182 -0.05186542194653295 0
-0.0460677178194619 -0.05444238522483986 0
0.8033124523581294 0.04197795397477236 0
1.878977017171167 -0.7093810254534936 0
0.3372779285819952 -0.1340935425578901 0
0.4112694638895806 -0.2497755061245259 0
1.975644307056101 0.8996039430253217 0
4.110706759667819 0.222921685184424 0
4.136576128901124 0.2774432819797537 0
0.03259574494020066 0.1441089375468168 0
0.02380553164625263 0.1438930643496575 0
0.7396250021414197 0.1010238291847174 0
0.7298570118460297 0.1050799283162986 0
-0.06162458440393237 0.03668930279328288 0
-0.06041932600793203 0.03148887239240891 0
0.3026112899917003 0.1502124588955881 0
-4.076939609974577 0.4891428939529959 0
2.572353947582481 0.7023176047246262 0
2.515711883147667 0.6668099085111396 0
2.206234950753452 -0.8394021450769771 0
2.17650638974159 -0.9549713732078344 0
4.125999387209536 0.05559488578429927 0
0.6772054712416465 0.1282337219057662 0
0.6659075830518968 0.132863210033084 0
0.9315658582860961 0.01500116279439603 0
4.549019604024569 -0.8405326690256569 0
-0.7289953709099521 0.7378564560800466 0
0.004240164855651209 -0.06481030131003222 0
0.009218573255820622 -0.06605519253990644 0
0.4293418915765938 -0.2466760245576033 0
0.6313032451038806 0.1505098772840645 0
-0.1133111766263314 0.02148160720298704 0
-0.1154324431751938 0.01060728917635 0
1.684891609143527 -0.6784228137418793 0
1.669981348993565 -0.7604568900312749 0
2.481739788813399 -0.7553037008069283 0
2.461015554084131 -0.85695230913551 0
0.6461877060669824 -0.2161743453921639 0
3.048044174816112 -0.9056287176633824 0
-3.880116610027948 0.7821153217371886 0
0.2703114107070853 -0.145883623198762 0
0.7710959091533356 -0.2325019877481579 0
4.134145259767701 0.179793273226461 0
4.139703346795568 0.1024935900021913 0
0.6026394927647328 -0.1341509479387373 0
2.649405107651201 0.7444473588276834 0
2.584843525977859 0.7826769889401929 0
2.29238861762362 -0.8045148135158684 0
0.8788802359154202 0.08605944304068386 0
1.003070552300693 -0.2673838347981227 0
0.3698527119341246 -0.1380019823328314 0
4.15817178880806 -0.3097707786471336 0
1.743556611631247 -0.6502698743398521 0
1.142812657789138 -0.6215650524576805 0
2.484732539481381 -0.6878695129688296 0
0.3030450481204627 0.1292801298644732 0
-0.009070430291098934 0.1905941152650002 0
1.003215063158879 0.04856806001824084 0
0.9928154005030746 0.04771401325245651 0
0.5463644732784816 0.5533585720796667 0
0.5882774184774962 0.5806302423468637 0
0.6408087416068511 0.6343715037590101 0
1.094794723888175 0.9194916837431393 0
3.521372556237373 0.7103943425503756 0
3.93032816984437 -0.8321616082188776 0
0.6354879280497503 0.07094861958964463 0
0.6314735785870316 0.07359083155329806 0
3.122848729385925 -0.5738520725650138 0
0.3670629095840787 -0.1556049014949793 0
0.7003124248458432 -0.3682447574663411 0
1.680862260804021 -0.8541626394596671 0
1.753979228648507 -0.8159425224941432 0
0.118693963582914 -0.1153862848366822 0
0.1142247388604479 -0.1100469736166561 0
1.053052434167596 -0.1240202178140155 0
0.9521224788321951 -0.1362476228595793 0
0.9555206659626753 -0.1313639677083234 0
1.221544841269977 -0.5656578010804021 0
-0.2185157937941447 0.1646691287862518 0
-0.2244829436038387 0.140725946543941 0
0.3742345429472367 0.1119811058392478 0
0.6322077031809674 0.0794350253537339 0
0.9295434113341674 0.07687889126073279 0
0.3916383583423501 -0.1418547800026202 0
1.508088519026731 -1.477658114566845 0
0.994292236352696 -0.1263744439678284 0
0.1544475209015155 -0.1862814633620848 0
0.1477294675457961 -0.1762002150840162 0
0.848065454542178 -0.1377183064511388 0
0.9173910814864333 0.07610631932153297 0
1.01149232950256 -0.1244096614716494 0
1.014544318808599 -0.1202855664088551 0
1.512406520196379 -0.940306023387525 0
-0.08194984365776506 0.1154993097432766 0
1.603263302923463 -0.9060099004486877 0
0.02840160625039106 0.2028869124667242 0
1.049016941170339 -0.1186268935087146 0
0.2948824682136933 0.3109949986825816 0
0.6928451007148083 -0.398299121787233 0
0.4405177895759257 0.1468435390892124 0
0.3876687029729536 -0.1714092763467955 0
0.3890332150369472 -0.1621649392993561 0
1.014264990856863 2.102490738570065 0
3.45809492002233 0.673806413314142 0
3.394550278185599 0.6542059442229833 0
0.6933826422040138 0.0756367423599493 0
0.7239195565076776 -0.3909769593468918 0
-0.5019525806288145 0.1407534278358108 0
-0.5307259624031438 0.09451195561997769 0
0.6425589596669576 0.1588322855380618 0
-1.305391681148642 1.714632885816245 0
0.6179473115120564 0.07015482238918408 0
1.148646675217937 -0.1187699604379495 0
1.158146264895384 -0.1061048356051034 0
0.07783662987026295 0.1623666136572171 0
0.5606150658955813 0.08452543903414589 0
0.7472254190044001 -0.1836661526270784 0
-0.7785409841188935 -0.9409807986877794 0
1.23555734192763 -2.993750713651722 0
-0.0713207036746891 0.1089499362018966 0
-0.05743083287836734 0.0585867554349281 0
-0.06106670913232919 -0.04873239189069631 0
0.3030751817225536 0.1359442167200784 0
0.2988445490027579 0.1421196363060101 0
1.148253697567923 -0.2206221201865177 0
2.746463224227707 0.8283257717565289 0
0.9328768992881262 2.336709024789496 0
0.892058082427766 -0.3723219917449004 0
-0.05401830798184087 0.06330269831947245 0
1.919755830097249 -0.5163234429136032 0
0.3417022478980903 0.2105362968766613 0
-0.06226185213206793 0.04305950714432159 0
0.991156099020901 -0.1355875067463692 0
-0.7094356985881906 -1.054290049435048 0
-0.7938150141068459 -1.163817789698769 0
0.9066586529584149 0.07333284397839501 0
0.5593543206955267 0.09057308210746011 0
0.9963513274232898 -0.1313517311158438 0
0.559599511854985 0.09633172613002744 0
0.5639639227698118 0.09440380528863504 0
0.6211313632529032 -0.2194689469519918 0
-0.07383341911100594 0.09951528651717308 0
0.3248466165385675 0.2123795042786554 0
-0.0799139509583347 -0.1854147946510882 0
-0.1330492367637615 -0.03961765476499156 0
0.3636264981392342 -0.1487207543948818 0
0.3679425470123727 -0.1432238477222302 0
-0.5896789795341544 0.1088254477178418 0
0.4860880896430126 0.05256588982996005 0
0.336206608430996 -0.1393152456627033 0
0.4405260146519802 -0.2595374977549501 0
0.5594630507707961 0.1025511811882964 0
0.6670779915473288 -0.1369761494113906 0
0.3650059682121135 -0.07990378810133836 0
2.716946511636273 0.7659011615138018 0
1.392592215411162 0.5653183739232233 0
1.876137206685106 -0.5407005291951394 0
0.2779261742194696 0.2975389480692106 0
3.598019160579513 1.488840577887359 0
4.949647014689885 -0.3922372977839498 0
4.829145337505525 -0.1331251434673935 0
0.9860114858711548 -0.09018977250625342 0
0.397764504414584 -0.1756134341483729 0
0.08139413638779297 -0.1000939937928384 0
0.4042217381273672 -0.1678173696532045 0
0.07610686826014376 -0.09904179037482644 0
-0.0006631131808135246 -0.06346494974112762 0
3.120137849726471 1.305697016303677 0
3.15817253320468 0.6946953864592587 0
1.97881450254554 0.5790047482366278 0
0.5127240454289904 0.0984240385107321 0
0.595543091799819 0.04014629649961639 0
3.89001266237679 -0.9027858606970787 0
3.5765766277621 1.275859645762523 0
3.423825416556504 1.445858704624841 0
-0.2129006210757315 0.187065756054183 0
0.1552855307717027 -0.1676369843288117 0
1.006340068098534 -0.1321265766431105 0
1.009342820006488 -0.1279055079474999 0
0.6431680908339348 0.1711550299589472 0
0.3782724944591487 0.1151452787154123 0
0.6144476394402058 -0.1560182460101772 0
3.411206726296133 0.3508561010437776 0
0.1224772037008634 -0.105665035957974 0
0.1240937998397256 -0.1116091114342947 0
1.790527041822801 -0.6789889678347015 0
0.9597123267639989 -0.1286835601421244 0
0.6701863440478337 0.5832809216353885 0
0.4591807195584243 -0.1379379997771794 0
0.428332349840168 -0.1374638018701836 0
0.1074517279970447 0.5473626630992057 0
0.6550116460310436 -0.2266467603816335 0
4.184465747402946 -0.3575929723167537 0
3.505889587101252 1.114977355503392 0
3.362495376692857 1.065596799292354 0
4.406434347931354 1.006635304091185 0
0.1174057637268993 -0.1050476153655924 0
1.055841051613191 -0.1184969043351463 0
0.6741717673183986 -0.09066560525218981 0
0.877500891783529 -0.2271776911654707 0
0.6419453021516108 -0.2289717570086714 0
1.831548292186418 -0.752628830684543 0
2.479422972010767 0.613999148226719 0
0.619537089141182 -0.1586309557755787 0
2.352346043544312 -0.8380101058567252 0
0.06529882100897827 -0.09895421501836724 0
3.245674438110952 1.188532287534438 0
1.013502986757868 -0.1281273821799878 0
2.348741718186386 -0.7441821588792634 0
0.4545036322116894 -0.1374515571188785 0
1.12491425926078 2.550091900014809 0
1.182342234747122 -0.6480850531449396 0
1.178574681985603 -0.5886607269663982 0
0.0007873833394061438 -0.0682585975702657 0
3.739353991668239 -0.8062425575590724 0
3.27684629535461 1.350042501269245 0
-0.234221367037619 0.1826789265690938 0
0.06784423397459692 0.09319547053042287 0
2.431845688312575 0.5854188241540493 0
1.012852203556376 -0.04875552555136543 0
1.315096641688965 -1.470684670033813 0
3.831478871294122 -0.8111622033363493 0
0.3830440806266474 0.1130012959025606 0
0.1488813010464098 0.5334933966550759 0
2.91228981070227 -1.104552453059216 0
2.94271243843672 -0.8931680460228641 0
2.997806782190263 -1.003649609110858 0
0.07065258719751256 -0.09970858156533446 0
3.115655865362433 0.7336776450327556 0
0.4705761527508608 0.08731883309581671 0
3.298288828172023 1.563023433394081 0
0.6276190983424629 -0.2318199155645964 0
-0.2167256284799791 -0.04193169298476217 0
2.41169189477506 -0.7102432633820215 0
3.10922776546942 0.6687676074367944 0
3.054133537386042 0.645657979136584 0
0.456769953011968 -0.142141159890143 0
0.4377630907859633 0.2901802280225749 0
$EndNodes
$Elements
7 7582 1 7582
1 1 8 102
1 2 7 108 
2 7 8 109 
3 8 9 110 
4 9 10 111 
5 10 11 112 
6 11 12 113 
7 12 13 114 
8 13 14 115 
9 14 15 116 
10 15 16 117 
11 16 17 118 
12 17 18 119 
13 18 19 120 
14 19 20 121 
15 20 21 122 
16 21 22 123 
17 22 23 124 
18 23 24 125 
19 24 25 126 
20 25 26 127 
21 26 27 128 
22 27 28 129 
23 28 29 130 
24 29 30 131 
25 30 31 132 
26 31 32 133 
27 32 33 134 
28 33 34 135 
29 34 35 136 
30 35 36 137 
31 36 37 138 
32 37 38 139 
33 38 39 140 
34 39 40 141 
35 40 41 142 
36 41 42 143 
37 42 43 144 
38 43 44 145 
39 44 45 146 
40 45 46 147 
41 46 47 148 
42 47 48 149 
43 48 49 150 
44 49 50 151 
45 50 51 152 
46 51 52 153 
47 52 53 154 
48 53 54 155 
49 54 55 156 
50 55 56 157 
51 56 57 158 
52 57 58 159 
53 58 59 160 
54 59 60 161 
55 60 61 162 
56 61 62 163 
57 62 63 164 
58 63 64 165 
59 64 65 166 
60 65 66 167 
61 66 67 168 
62 67 68 169 
63 68 69 170 
64 69 70 171 
65 70 71 172 
66 71 72 173 
67 72 73 174 
68 73 74 175 
69 74 75 176 
70 75 76 177 
71 76 77 178 
72 77 78 179 
73 78 79 180 
74 79 80 181 
75 80 81 182 
76 81 82 183 
77 82 83 184 
78 83 84 185 
79 84 85 186 
80 85 86 187 
81 86 87 188 
82 87 88 189 
83 88 89 190 
84 89 90 191 
85 90 91 192 
86 91 92 193 
87 92 93 194 
88 93 94 195 
89 94 95 196 
90 95 96 197 
91 96 97 198 
92 97 98 199 
93 98 99 200 
94 99 100 201 
95 100 101 202 
96 101 102 203 
97 102 103 204 
98 103 104 205 
99 104 105 206 
100 105 106 207 
101 106 107 208 
102 107 1 209 
1 2 8 102
103 1 210 311 
104 210 211 312 
105 211 212 313 
106 212 213 314 
107 213 214 315 
108 214 215 316 
109 215 216 317 
110 216 217 318 
111 217 218 319 
112 218 219 320 
113 219 220 321 
114 220 221 322 
115 221 222 323 
116 222 223 324 
117 223 224 325 
118 224 225 326 
119 225 226 327 
120 226 227 328 
121 227 228 329 
122 228 229 330 
123 229 230 331 
124 230 231 332 
125 231 232 333 
126 232 233 334 
127 233 234 335 
128 234 235 336 
129 235 236 337 
130 236 237 338 
131 237 238 339 
132 238 239 340 
133 239 240 341 
134 240 241 342 
135 241 242 343 
136 242 243 344 
137 243 244 345 
138 244 245 346 
139 245 246 347 
140 246 247 348 
141 247 248 349 
142 248 249 350 
143 249 250 351 
144 250 251 352 
145 251 252 353 
146 252 253 354 
147 253 254 355 
148 254 255 356 
149 255 256 357 
150 256 257 358 
151 257 258 359 
152 258 259 360 
153 259 260 361 
154 260 261 362 
155 261 262 363 
156 262 263 364 
157 263 264 365 
158 264 265 366 
159 265 266 367 
160 266 267 368 
161 267 268 369 
162 268 269 370 
163 269 270 371 
164 270 271 372 
165 271 272 373 
166 272 273 374 
167 273 274 375 
168 274 275 376 
169 275 276 377 
170 276 277 378 
171 277 278 379 
172 278 279 380 
173 279 280 381 
174 280 281 382 
175 281 282 383 
176 282 283 384 
177 283 284 385 
178 284 285 386 
179 285 286 387 
180 286 287 388 
181 287 288 389 
182 288 289 390 
183 289 290 391 
184 290 291 392 
185 291 292 393 
186 292 293 394 
187 293 294 395 
188 294 295 396 
189 295 296 397 
190 296 297 398 
191 297 298 399 
192 298 299 400 
193 299 300 401 
194 300 301 402 
195 301 302 403 
196 302 303 404 
197 303 304 405 
198 304 305 406 
199 305 306 407 
200 306 307 408 
201 307 308 409 
202 308 309 410 
203 309 310 411 
204 310 2 412 
1 3 8 23
205 3 413 435 
206 413 414 436 
207 414 415 437 
208 415 416 438 
209 416 417 439 
210 417 418 440 
211 418 419 441 
212 419 420 442 
213 420 421 443 
214 421 422 444 
215 422 423 445 
216 423 424 446 
217 424 425 447 
218 425 426 448 
219 426 427 449 
220 427 428 450 
221 428 429 451 
222 429 430 452 
223 430 431 453 
224 431 432 454 
225 432 433 455 
226 433 434 456 
227 434 4 457 
1 4 8 15
228 4 458 472 
229 458 459 473 
230 459 460 474 
231 460 461 475 
232 461 462 476 
233 462 463 477 
234 463 464 478 
235 464 465 479 
236 465 466 480 
237 466 467 481 
238 467 468 482 
239 468 469 483 
240 469 470 484 
241 470 471 485 
242 471 5 486 
1 5 8 23
243 5 487 509 
244 487 488 510 
245 488 489 511 
246 489 490 512 
247 490 491 513 
248 491 492 514 
249 492 493 515 
250 493 494 516 
251 494 495 517 
252 495 496 518 
253 496 497 519 
254 497 498 520 
255 498 499 521 
256 499 500 522 
257 500 501 523 
258 501 502 524 
259 502 503 525 
260 503 504 526 
261 504 505 527 
262 505 506 528 
263 506 507 529 
264 507 508 530 
265 508 6 531 
1 6 8 15
266 6 532 546 
267 532 533 547 
268 533 534 548 
269 534 535 549 
270 535 536 550 
271 536 537 551 
272 537 538 552 
273 538 539 553 
274 539 540 554 
275 540 541 555 
276 541 542 556 
277 542 543 557 
278 543 544 558 
279 544 545 559 
280 545 3 560 
2 1 9 7302
281 696 697 699 4072 4073 4074 
282 2472 2220 2925 4075 4076 4077 
283 920 919 942 4078 4079 4080 
284 917 915 2097 4081 4082 4083 
285 914 913 915 4084 4085 4086 
286 906 905 919 4087 4088 4089 
287 909 907 913 4090 4091 4092 
288 3111 1080 3830 4093 4094 4095 
289 2088 2226 3792 4096 4097 4098 
290 1769 2296 2297 4099 4100 4101 
291 592 2957 3258 4102 4103 4104 
292 1654 1653 1656 4105 4106 4107 
293 796 2396 2537 4108 4109 4110 
294 853 2227 3458 4111 4112 4113 
295 1743 3237 3722 4114 4115 4116 
296 1224 1225 1245 4117 4118 4119 
297 3663 3661 3700 4120 4121 4122 
298 3167 1602 3168 4123 4124 4125 
299 1049 1048 1098 4126 4127 4128 
300 2396 2336 2537 4129 4130 4109 
301 1992 2003 2693 4131 4132 4133 
302 3133 3448 3689 4134 4135 4136 
303 986 934 1023 4137 4138 4139 
304 693 694 696 4140 4141 4142 
305 2291 2289 3221 4143 4144 4145 
306 2392 2958 3307 4146 4147 4148 
307 1816 2733 2734 4149 4150 4151 
308 2957 592 3307 4102 4152 4153 
309 1181 2039 2130 4154 4155 4156 
310 2208 575 3717 4157 4158 4159 
311 881 2187 3562 4160 4161 4162 
312 903 902 905 4163 4164 4165 
313 884 883 907 4166 4167 4168 
314 702 710 778 4169 4170 4171 
315 577 2566 3080 4172 4173 4174 
316 2891 2813 2928 4175 4176 4177 
317 494 495 3078 517 4178 4179 
318 842 2249 3016 4180 4181 4182 
319 1127 2159 3440 4183 4184 4185 
320 2544 2357 3616 4186 4187 4188 
321 2566 2114 3080 4189 4190 4173 
322 1625 1624 2660 4191 4192 4193 
323 2551 1741 3092 4194 4195 4196 
324 2161 1936 2390 4197 4198 4199 
325 590 2234 2306 4200 4201 4202 
326 2090 698 2152 4203 4204 4205 
327 2789 2796 2924 4206 4207 4208 
328 695 2482 3679 4209 4210 4211 
329 587 2257 3441 4212 4213 4214 
330 1006 3204 3262 4215 4216 4217 
331 1769 2231 3496 4218 4219 4220 
332 3334 1461 3383 4221 4222 4223 
333 2186 1226 2399 4224 4225 4226 
334 920 942 945 4080 4227 4228 
335 906 919 920 4089 4078 4229 
336 2221 929 2398 4230 4231 4232 
337 2430 2429 3925 4233 4234 4235 
338 1169 3593 3645 4236 4237 4238 
339 3855 1417 3914 4239 4240 4241 
340 2516 2005 2686 4242 4243 4244 
341 1937 1939 2314 4245 4246 4247 
342 699 697 702 4073 4248 4249 
343 2291 3221 3222 4145 4250 4251 
344 1937 2314 2481 4247 4252 4253 
345 3168 1602 4059 4124 4254 4255 
346 917 2097 2124 4083 4256 4257 
347 914 915 917 4086 4081 4258 
348 909 913 914 4092 4084 4259 
349 696 694 697 4141 4260 4072 
350 3223 1867 3464 4261 4262 4263 
351 690 686 2519 4264 4265 4266 
352 1652 1653 1654 4267 4105 4268 
353 2074 680 2623 4269 4270 4271 
354 903 905 906 4165 4087 4272 
355 1858 1867 3223 4273 4261 4274 
356 2376 2375 2554 4275 4276 4277 
357 2546 1665 3232 4278 4279 4280 
358 2375 1513 2554 4281 4282 4276 
359 884 907 909 4168 4090 4283 
360 1654 1656 1657 4107 4284 4285 
361 1081 1086 2572 4286 4287 4288 
362 2222 1107 3022 4289 4290 4291 
363 3158 2593 3293 4292 4293 4294 
364 930 934 986 4295 4137 4296 
365 1991 1992 2693 4297 4133 4298 
366 2022 2621 3637 4299 4300 4301 
367 2310 674 2484 4302 4303 4304 
368 3311 2291 3379 4305 4306 4307 
369 238 237 2426 339 4308 4309 
370 2334 1288 2336 4310 4311 4312 
371 1184 3191 3192 4313 4314 4315 
372 1084 3300 3688 4316 4317 4318 
373 2549 584 2960 4319 4320 4321 
374 3136 2168 3723 4322 4323 4324 
375 664 670 3070 4325 4326 4327 
376 1228 2192 3812 4328 4329 4330 
377 2169 2562 3336 4331 4332 4333 
378 2404 2544 3616 4334 4188 4335 
379 1078 1079 1081 4336 4337 4338 
380 1235 1220 1236 4339 4340 4341 
381 2132 2047 3309 4342 4343 4344 
382 2318 1875 3800 4345 4346 4347 
383 1221 1213 2105 4348 4349 4350 
384 2343 1481 2409 4351 4352 4353 
385 2073 2072 2156 4354 4355 4356 
386 929 2221 2550 4230 4357 4358 
387 2215 1663 2280 4359 4360 4361 
388 1902 2233 3878 4362 4363 4364 
389 2149 2195 3776 4365 4366 4367 
390 1118 1119 1120 4368 4369 4370 
391 2459 2302 2460 4371 4372 4373 
392 2195 2194 3776 4374 4375 4366 
393 2722 1709 2730 4376 4377 4378 
394 3087 2490 3180 4379 4380 4381 
395 811 1638 2238 4382 4383 4384 
396 704 2514 3251 4385 4386 4387 
397 2281 2327 3840 4388 4389 4390 
398 2187 881 2363 4160 4391 4392 
399 1936 2057 2390 4393 4394 4198 
400 2336 1288 2337 4311 4395 4396 
401 969 967 2395 4397 4398 4399 
402 701 699 774 4400 4401 4402 
403 944 954 4011 4403 4404 4405 
404 1911 2439 2440 4406 4407 4408 
405 2151 629 2565 4409 4410 4411 
406 1832 2741 3517 4412 4413 4414 
407 958 1020 1021 4415 4416 4417 
408 1038 1792 3226 4418 4419 4420 
409 2292 973 3160 4421 4422 4423 
410 780 2074 2259 4424 4425 4426 
411 49 48 2503 150 4427 4428 
412 1122 1124 1128 4429 4430 4431 
413 824 2071 2072 4432 4433 4434 
414 2519 686 3214 4265 4435 4436 
415 1460 3810 3914 4437 4438 4439 
416 2621 2022 3494 4299 4440 4441 
417 2730 1709 2731 4377 4442 4443 
418 1026 2320 3401 4444 4445 4446 
419 1705 2255 3726 4447 4448 4449 
420 1556 1558 3010 4450 4451 4452 
421 1108 2237 3134 4453 4454 4455 
422 1652 1650 1653 4456 4457 4267 
423 1821 2589 3179 4458 4459 4460 
424 1217 2362 3945 4461 4462 4463 
425 1681 1682 1683 4464 4465 4466 
426 3295 2048 3750 4467 4468 4469 
427 947 945 966 4470 4471 4472 
428 858 853 3458 4473 4113 4474 
429 675 2710 3581 4475 4476 4477 
430 1192 1194 3894 4478 4479 4480 
431 2460 2302 3659 4372 4481 4482 
432 2260 807 3699 4483 4484 4485 
433 2257 2240 3441 4486 4487 4213 
434 628 623 3529 4488 4489 4490 
435 993 3240 3396 4491 4492 4493 
436 994 2222 3682 4494 4495 4496 
437 699 702 3200 4249 4497 4498 
438 2377 561 2378 4499 4500 4501 
439 2914 2983 3823 4502 4503 4504 
440 1095 2615 3756 4505 4506 4507 
441 1224 1210 1225 4508 4509 4117 
442 895 897 904 4510 4511 4512 
443 1875 2318 2964 4345 4513 4514 
444 571 2329 2669 4515 4516 4517 
445 945 942 3615 4227 4518 4519 
446 663 661 698 4520 4521 4522 
447 1208 1945 1946 4523 4524 4525 
448 2131 2130 3954 4526 4527 4528 
449 1049 1098 1099 4128 4529 4530 
450 2511 2222 3022 4531 4291 4532 
451 2048 878 2089 4533 4534 4535 
452 1226 2186 3574 4224 4536 4537 
453 930 925 934 4538 4539 4295 
454 2340 1869 2341 4540 4541 4542 
455 958 950 1020 4543 4544 4415 
456 2807 2805 3753 4545 4546 4547 
457 1216 1220 1235 4548 4339 4549 
458 693 647 694 4550 4551 4140 
459 1211 1213 1221 4552 4348 4553 
460 1245 1225 1246 4118 4554 4555 
461 2741 2742 3517 4556 4557 4413 
462 2124 2097 3637 4256 4558 4559 
463 1810 1809 2568 4560 4561 4562 
464 1006 1017 1018 4563 4564 4565 
465 2198 1810 2568 4566 4562 4567 
466 1709 2722 3009 4376 4568 4569 
467 1059 2574 3457 4570 4571 4572 
468 2815 2813 2891 4573 4175 4574 
469 2234 590 2635 4200 4575 4576 
470 566 2649 2650 4577 4578 4579 
471 2238 1638 2239 4383 4580 4581 
472 2343 2409 2410 4353 4582 4583 
473 590 2306 3257 4202 4584 4585 
474 876 882 1911 4586 4587 4588 
475 889 902 903 4589 4163 4590 
476 1116 1118 4064 4591 4592 4593 
477 2071 673 3445 4594 4595 4596 
478 1145 1181 3619 4597 4598 4599 
479 2514 2515 3251 4600 4601 4386 
480 970 957 4035 4602 4603 4604 
481 2166 1850 2442 4605 4606 4607 
482 1665 1674 3232 4608 4609 4279 
483 1681 979 1682 4610 4611 4464 
484 1421 1419 3088 4612 4613 4614 
485 1091 2312 3254 4615 4616 4617 
486 978 970 982 4618 4619 4620 
487 961 967 969 4621 4397 4622 
488 2255 1705 3550 4447 4623 4624 
489 2571 699 3200 4625 4498 4626 
490 584 2549 3366 4319 4627 4628 
491 978 982 983 4620 4629 4630 
492 861 883 884 4631 4166 4632 
493 1202 1210 1224 4633 4508 4634 
494 2184 2183 2185 4635 4636 4637 
495 1132 1134 2158 4638 4639 4640 
496 862 2228 3746 4641 4642 4643 
497 663 698 2090 4522 4203 4644 
498 1139 2184 3527 4645 4646 4647 
499 1213 1216 3755 4648 4649 4650 
500 993 994 1003 4651 4652 4653 
501 1034 1046 3554 4654 4655 4656 
502 1188 1190 1249 4657 4658 4659 
503 633 238 2426 4660 4309 4661 
504 1120 1121 1122 4662 4663 4664 
505 2397 1232 3376 4665 4666 4667 
506 2192 1228 3429 4328 4668 4669 
507 1134 1136 1183 4670 4671 4672 
508 1081 2572 3634 4288 4673 4674 
509 714 716 772 4675 4676 4677 
510 1042 1043 1048 4678 4679 4680 
511 1920 2093 3573 4681 4682 4683 
512 2265 623 3438 4684 4685 4686 
513 2682 2136 2712 4687 4688 4689 
514 2603 2004 2707 4690 4691 4692 
515 632 629 2151 4693 4409 4694 
516 2698 2488 3544 4695 4696 4697 
517 678 673 2071 4698 4594 4699 
518 2619 2026 3957 4700 4701 4702 
519 564 2252 2520 4703 4704 4705 
520 219 218 2474 320 4706 4707 
521 2722 2721 3009 4708 4709 4568 
522 1143 1145 2183 4710 4711 4712 
523 2171 1222 3896 4713 4714 4715 
524 2562 1866 3336 4716 4717 4332 
525 1145 1150 1181 4718 4719 4597 
526 786 2205 2207 4720 4721 4722 
527 1127 1132 2159 4723 4724 4183 
528 2105 2193 3863 4725 4726 4727 
529 1745 1625 2660 4728 4193 4729 
530 633 2421 2423 4730 4731 4732 
531 1139 1143 2184 4733 4734 4645 
532 2645 1803 3269 4735 4736 4737 
533 1099 1098 1267 4529 4738 4739 
534 915 916 961 4740 4741 4742 
535 1208 1211 1945 4743 4744 4523 
536 1183 1136 1802 4671 4745 4746 
537 2232 2698 3544 4747 4697 4748 
538 978 984 2241 4749 4750 4751 
539 1160 1849 3190 4752 4753 4754 
540 1152 1154 1182 4755 4756 4757 
541 3247 1342 3308 4758 4759 4760 
542 1042 1048 1049 4680 4126 4761 
543 2708 1729 3015 4762 4763 4764 
544 993 1003 1005 4653 4765 4766 
545 2376 2554 3710 4277 4767 4768 
546 1235 1236 1242 4341 4769 4770 
547 1317 1719 3164 4771 4772 4773 
548 2633 966 3233 4774 4775 4776 
549 2876 2883 2916 4777 4778 4779 
550 1160 1162 1849 4780 4781 4752 
551 2893 692 2982 4782 4783 4784 
552 1172 2115 3327 4785 4786 4787 
553 1172 1174 2115 4788 4789 4785 
554 1158 1160 1184 4790 4791 4792 
555 938 22 2458 4793 4794 4795 
556 2233 1902 2575 4362 4796 4797 
557 824 2072 2073 4434 4354 4798 
558 1181 1150 2039 4719 4799 4154 
559 1082 1084 3688 4800 4318 4801 
560 1162 1164 1186 4802 4803 4804 
561 575 2208 3299 4157 4805 4806 
562 1642 1330 3890 4807 4808 4809 
563 967 968 1077 4810 4811 4812 
564 1166 1170 1185 4813 4814 4815 
565 961 962 967 4816 4817 4621 
566 2083 2108 2636 4818 4819 4820 
567 1174 1178 1187 4821 4822 4823 
568 1045 1052 3151 4824 4825 4826 
569 2252 564 2672 4703 4827 4828 
570 680 678 824 4829 4830 4831 
571 1183 1802 2247 4746 4832 4833 
572 2731 3183 3219 4834 4835 4836 
573 2195 2149 3504 4365 4837 4838 
574 712 714 2328 4839 4840 4841 
575 1120 1122 2125 4664 4842 4843 
576 495 2670 3078 4844 4845 4178 
577 2120 1779 3414 4846 4847 4848 
578 613 611 3990 4849 4850 4851 
579 950 947 3061 4852 4853 4854 
580 1059 1061 2574 4855 4856 4570 
581 1185 2079 2295 4857 4858 4859 
582 2818 2815 2891 4860 4574 4861 
583 2312 1091 3538 4615 4862 4863 
584 1182 1154 2050 4756 4864 4865 
585 240 239 2424 341 4866 4867 
586 2178 2314 3817 4868 4869 4870 
587 2356 2357 2544 4871 4186 4872 
588 1118 1120 1222 4370 4873 4874 
589 778 710 3381 4170 4875 4876 
590 1047 2361 4036 4877 4878 4879 
591 2421 633 2426 4730 4661 4880 
592 986 1023 1101 4139 4881 4882 
593 954 955 2359 4883 4884 4885 
594 1700 1265 2476 4886 4887 4888 
595 2570 1325 3113 4889 4890 4891 
596 1650 1646 2078 4892 4893 4894 
597 2633 1746 3703 4895 4896 4897 
598 1417 3552 3914 4898 4899 4240 
599 3576 3569 3716 4900 4901 4902 
600 2249 842 3255 4180 4903 4904 
601 2820 2818 2926 4905 4906 4907 
602 636 632 637 4908 4909 4910 
603 682 680 2074 4911 4269 4912 
604 1700 2476 2477 4888 4913 4914 
605 1185 1170 2079 4814 4915 4857 
606 1460 2307 3810 4916 4917 4437 
607 2490 2131 3180 4918 4919 4380 
608 1493 2356 2544 4920 4872 4921 
609 980 979 1681 4922 4610 4923 
610 2183 1145 3619 4711 4599 4924 
611 1187 1178 1188 4822 4925 4926 
612 994 996 2222 4927 4928 4494 
613 2489 1203 3643 4929 4930 4931 
614 3103 2088 3792 4932 4098 4933 
615 2280 1663 2563 4360 4934 4935 
616 716 718 3941 4936 4937 4938 
617 2029 2026 2619 4939 4700 4940 
618 928 2682 2712 4941 4689 4942 
619 3191 1496 3362 4943 4944 4945 
620 3170 1255 3585 4946 4947 4948 
621 1097 1111 2615 4949 4950 4951 
622 1078 1081 1085 4338 4952 4953 
623 1565 1602 3167 4954 4123 4955 
624 698 1910 2284 4956 4957 4958 
625 1063 1065 2245 4959 4960 4961 
626 1221 2105 2414 4350 4962 4963 
627 1522 2516 2686 4964 4244 4965 
628 2133 3166 3265 4966 4967 4968 
629 647 642 1894 4969 4970 4971 
630 2205 786 3636 4720 4972 4973 
631 1945 1221 2415 4974 4975 4976 
632 415 416 2635 438 4977 4978 
633 2817 2815 2818 4979 4860 4980 
634 566 2650 2651 4579 4981 4982 
635 1053 1055 1072 4983 4984 4985 
636 1243 2005 2516 4986 4242 4987 
637 1528 775 2331 4988 4989 4990 
638 2303 1261 2304 4991 4992 4993 
639 2130 2039 2232 4155 4994 4995 
640 2437 2489 3045 4996 4997 4998 
641 563 2603 2707 4999 4692 5000 
642 2408 1901 3203 5001 5002 5003 
643 852 853 858 5004 4473 5005 
644 1006 1007 1017 5006 5007 4563 
645 971 970 978 5008 4618 5009 
646 1912 2254 2535 5010 5011 5012 
647 1199 1202 2134 5013 5014 5015 
648 1894 642 3311 4970 5016 5017 
649 876 877 882 5018 5019 4586 
650 2193 2105 3910 4725 5020 5021 
651 1057 1059 1090 5022 5023 5024 
652 1792 3247 3308 5025 4760 5026 
653 648 647 693 5027 4550 5028 
654 692 2893 3724 4782 5029 5030 
655 2341 1869 2566 4541 5031 5032 
656 1194 1215 1240 5033 5034 5035 
657 3189 1496 3191 5036 4943 5037 
658 2134 1202 3303 5014 5038 5039 
659 2254 1912 3211 5010 5040 5041 
660 1061 1063 1074 5042 5043 5044 
661 947 2632 3061 5045 5046 4853 
662 2443 1255 3170 5047 4946 5048 
663 954 2359 3122 4885 5049 5050 
664 611 614 3990 5051 5052 4850 
665 889 890 902 5053 5054 4589 
666 861 862 883 5055 5056 4631 
667 2983 2914 3047 4502 5057 5058 
668 1067 1070 1078 5059 5060 5061 
669 1263 1326 2337 5062 5063 5064 
670 3257 2306 4062 4584 5065 5066 
671 3286 1034 3554 5067 4656 5068 
672 772 716 2081 4676 5069 5070 
673 1373 3225 3934 5071 5072 5073 
674 2469 643 2470 5074 5075 5076 
675 1122 1123 1124 5077 5078 4429 
676 1803 3010 3269 5079 5080 4736 
677 2445 1168 2497 5081 5082 5083 
678 864 1854 2228 5084 5085 5086 
679 996 1107 2222 5087 4289 4928 
680 1769 1672 2296 5088 5089 4099 
681 780 682 2074 5090 4912 4424 
682 3306 2392 3307 5091 4148 5092 
683 2733 1816 3537 4149 5093 5094 
684 1018 1017 1019 4564 5095 5096 
685 2654 2655 2675 5097 5098 5099 
686 2482 2483 3679 5100 5101 4210 
687 570 2756 3430 5102 5103 5104 
688 739 741 2764 5105 5106 5107 
689 862 864 2228 5108 5086 4641 
690 2317 2140 3182 5109 5110 5111 
691 1640 3158 3293 5112 4294 5113 
692 3428 2415 3887 5114 5115 5116 
693 1052 1051 4066 5117 5118 5119 
694 1038 1042 1792 5120 5121 4418 
695 3075 3056 3128 5122 5123 5124 
696 2137 2551 3092 5125 4196 5126 
697 1815 2176 3663 5127 5128 5129 
698 2228 1854 2293 5085 5130 5131 
699 3080 2114 3141 4190 5132 5133 
700 2589 2295 3179 5134 5135 4459 
701 1991 2693 2694 4298 5136 5137 
702 22 21 2458 123 5138 4794 
703 1229 1232 2397 5139 4665 5140 
704 1080 3460 3830 5141 5142 4094 
705 2073 2156 2157 4356 5143 5144 
706 2916 2278 2938 5145 5146 5147 
707 2931 2836 3030 5148 5149 5150 
708 1223 2387 4013 5151 5152 5153 
709 1045 1051 1052 5154 5117 4824 
710 2088 904 2226 5155 5156 4096 
711 1288 2334 2545 4310 5157 5158 
712 2044 2128 2520 5159 5160 5161 
713 1061 1074 2574 5044 5162 4856 
714 3593 3172 3645 5163 5164 4237 
715 956 931 2244 5165 5166 5167 
716 1349 1352 2510 5168 5169 5170 
717 2361 1047 2442 4877 5171 5172 
718 1696 1681 2625 5173 5174 5175 
719 2114 2329 3141 5176 5177 5132 
720 2436 3107 3409 5178 5179 5180 
721 796 2537 2538 4110 5181 5182 
722 1081 1082 1086 5183 5184 4286 
723 2746 2249 3255 5185 4904 5186 
724 3375 2877 3765 5187 5188 5189 
725 2791 2789 2924 5190 4208 5191 
726 2327 2281 3224 4388 5192 5193 
727 2484 674 3797 4303 5194 5195 
728 1005 1003 1273 4765 5196 5197 
729 1081 1079 1082 4337 5198 5183 
730 1265 1245 2476 5199 5200 4887 
731 2679 2431 3974 5201 5202 5203 
732 1728 1540 2483 5204 5205 5206 
733 3228 1589 3596 5207 5208 5209 
734 684 682 780 5210 5090 5211 
735 2424 2407 2630 5212 5213 5214 
736 607 605 2567 5215 5216 5217 
737 875 876 4028 5218 5219 5220 
738 2726 2299 2727 5221 5222 5223 
739 855 861 2227 5224 5225 5226 
740 2464 1039 3711 5227 5228 5229 
741 1021 1020 1262 4416 5230 5231 
742 588 2524 2525 5232 5233 5234 
743 2918 3375 3765 5235 5189 5236 
744 1187 1188 3881 4926 5237 5238 
745 1746 2633 3233 4895 4776 5239 
746 2511 1516 3682 5240 5241 5242 
747 1026 1028 2320 5243 5244 4444 
748 51 50 2550 152 5245 5246 
749 3544 1442 3950 5247 5248 5249 
750 1774 2291 3311 5250 4305 5251 
751 1733 3188 3393 5252 5253 5254 
752 880 889 2243 5255 5256 5257 
753 2249 2746 3802 5185 5258 5259 
754 2571 3617 3901 5260 5261 5262 
755 1866 2562 3463 4716 5263 5264 
756 975 973 2292 5265 4421 5266 
757 996 998 1107 5267 5268 5087 
758 990 992 993 5269 5270 5271 
759 1064 1062 3126 5272 5273 5274 
760 1869 2340 2482 4540 5275 5276 
761 1657 1656 1658 4284 5277 5278 
762 1374 1377 2485 5279 5280 5281 
763 718 720 786 5282 5283 5284 
764 2387 1223 3739 5151 5285 5286 
765 2168 3722 3723 5287 5288 4323 
766 1803 2645 3025 4735 5289 5290 
767 1540 785 2483 5291 5292 5205 
768 1617 1103 2224 5293 5294 5295 
769 2162 1909 3330 5296 5297 5298 
770 2461 3225 3391 5299 5300 5301 
771 1288 1263 2337 5302 5064 4395 
772 575 2954 3717 5303 5304 4158 
773 2331 775 3861 4989 5305 5306 
774 1028 1030 1047 5307 5308 5309 
775 680 824 2623 4831 5310 4270 
776 629 628 3964 5311 5312 5313 
777 1792 1049 3247 5314 5315 5025 
778 1909 1908 2284 5316 5317 5318 
779 874 2035 3873 5319 5320 5321 
780 2278 2916 3437 5145 5322 5323 
781 2797 2791 2924 5324 5191 5325 
782 671 665 777 5326 5327 5328 
783 1598 2763 3361 5329 5330 5331 
784 853 855 2227 5332 5226 4111 
785 786 720 3268 5283 5333 5334 
786 1034 1036 1046 5335 5336 4654 
787 2237 1108 3985 4453 5337 5338 
788 588 2522 2524 5339 5340 5232 
789 1651 1650 1652 5341 4456 5342 
790 2314 2455 3817 5343 5344 4869 
791 2231 1769 3968 4218 5345 5346 
792 1513 2375 2631 4281 5347 5348 
793 1038 1040 1042 5349 5350 5120 
794 1222 1120 3590 4873 5351 5352 
795 1635 1878 3321 5353 5354 5355 
796 847 852 856 5356 5357 5358 
797 2284 1908 3489 5317 5359 5360 
798 2185 2183 2490 4636 5361 5362 
799 637 632 2151 4909 4694 5363 
800 629 630 2565 5364 5365 4410 
801 774 699 2571 4401 4625 5366 
802 2313 582 3082 5367 5368 5369 
803 1000 1006 3262 5370 4217 5371 
804 3183 2211 3219 5372 5373 4835 
805 942 944 4011 5374 4405 5375 
806 955 988 989 5376 5377 5378 
807 3186 3360 3394 5379 5380 5381 
808 2818 2891 3533 4861 5382 5383 
809 3302 2022 3637 5384 4301 5385 
810 1051 1053 4066 5386 5387 5118 
811 1909 2162 3785 5296 5388 5389 
812 1867 1866 3463 5390 5264 5391 
813 1129 2326 3224 5392 5393 5394 
814 778 2444 3171 5395 5396 5397 
815 3321 3322 3773 5398 5399 5400 
816 1074 1063 2245 5043 4961 5401 
817 2054 3090 3737 5402 5403 5404 
818 2431 2679 3263 5201 5405 5406 
819 2727 2299 3685 5222 5407 5408 
820 2935 2933 3231 5409 5410 5411 
821 1249 1190 2450 4658 5412 5413 
822 1118 1116 1119 4591 5414 4368 
823 1373 2485 3225 5415 5416 5071 
824 918 917 925 5417 5418 5419 
825 1067 1078 2126 5061 5420 5421 
826 1078 1070 1079 5060 5422 4336 
827 1700 2477 2479 4914 5423 5424 
828 1805 3244 3370 5425 5426 5427 
829 2286 2053 3903 5428 5429 5430 
830 946 945 947 5431 4470 5432 
831 2508 1902 3878 5433 4364 5434 
832 1111 1113 3776 5435 5436 5437 
833 2817 2818 2820 4980 4905 5438 
834 2554 2420 3710 5439 5440 4767 
835 2645 2644 3025 5441 5442 5289 
836 2924 2796 3085 4207 5443 5444 
837 2437 3045 3444 4998 5445 5446 
838 48 849 2503 5447 5448 4427 
839 2166 2442 3836 4607 5449 5450 
840 1090 3177 3456 5451 5452 5453 
841 2399 1285 3677 5454 5455 5456 
842 3543 1442 3544 5457 5247 5458 
843 977 975 979 5459 5460 5461 
844 2245 1065 3998 4960 5462 5463 
845 1377 1378 2349 5464 5465 5466 
846 1181 2130 2131 4156 4526 5467 
847 3253 2807 3753 5468 4547 5469 
848 2009 3650 3702 5470 5471 5472 
849 1248 1245 1265 5473 5199 5474 
850 2341 2566 3829 5032 5475 5476 
851 712 713 714 5477 5478 4839 
852 15 3465 3563 5479 5480 5481 
853 646 642 647 5482 4969 5483 
854 1945 2415 3428 4976 5114 5484 
855 925 917 3906 5418 5485 5486 
856 926 925 930 5487 4538 5488 
857 3246 3228 3596 5489 5209 5490 
858 939 2332 3802 5491 5492 5493 
859 1502 2326 3338 5494 5495 5496 
860 1303 2941 3678 5497 5498 5499 
861 1182 2050 2487 4865 5500 5501 
862 1308 2988 3587 5502 5503 5504 
863 1649 1646 1650 5505 4892 5506 
864 643 2469 2626 5074 5507 5508 
865 2628 1490 3835 5509 5510 5511 
866 674 2310 3070 4302 5512 5513 
867 908 3662 3663 5514 5515 5516 
868 2425 2628 3835 5517 5511 5518 
869 931 930 2244 5519 5520 5166 
870 1000 1002 1006 5521 5522 5370 
871 824 678 2071 4830 4699 4432 
872 2211 2305 3174 5523 5524 5525 
873 426 2696 3513 5526 5527 5528 
874 2822 2820 2823 5529 5530 5531 
875 2221 1741 2551 5532 4194 5533 
876 3321 1878 3322 5354 5534 5398 
877 2696 426 3734 5526 5535 5536 
878 2118 2083 2636 5537 4820 5538 
879 2797 2924 2940 5325 5539 5540 
880 2211 3174 3219 5525 5541 5373 
881 636 637 4032 4910 5542 5543 
882 623 2265 3529 4684 5544 4489 
883 796 2538 3397 5182 5545 5546 
884 816 2391 2986 5547 5548 5549 
885 1683 1682 1685 4465 5550 5551 
886 948 947 950 5552 4852 5553 
887 701 774 4012 4402 5554 5555 
888 1803 1556 3010 5556 4452 5079 
889 1558 3009 3010 5557 5558 4451 
890 627 623 628 5559 4488 5560 
891 2429 2430 3988 4233 5561 5562 
892 2699 2120 3414 5563 4848 5564 
893 495 496 2670 518 5565 4844 
894 269 268 2449 370 5566 5567 
895 2527 733 2762 5568 5569 5570 
896 3421 1004 3745 5571 5572 5573 
897 904 897 3390 4511 5574 5575 
898 1128 1124 3324 4430 5576 5577 
899 1696 2625 3908 5175 5578 5579 
900 2378 561 3691 4500 5580 5581 
901 1261 2303 2674 4991 5582 5583 
902 702 706 710 5584 5585 4169 
903 1174 1187 2115 4823 5586 4789 
904 3106 1823 3347 5587 5588 5589 
905 951 950 958 5590 4543 5591 
906 2925 2220 3807 4076 5592 5593 
907 979 975 2292 5460 5266 5594 
908 1095 1097 2615 5595 4951 4505 
909 2793 2791 2797 5596 5324 5597 
910 3526 1425 3969 5598 5599 5600 
911 1045 3151 3626 4826 5601 5602 
912 2527 2762 2763 5570 5603 5604 
913 1184 1160 3190 4791 4754 5605 
914 3418 249 3553 5606 5607 5608 
915 1080 3111 3568 4093 5609 5610 
916 1911 882 3512 4587 5611 5612 
917 2763 2764 3361 5613 5614 5330 
918 895 896 897 5615 5616 4510 
919 1219 1228 2362 5617 5618 5619 
920 1162 1186 1849 4804 5620 4781 
921 908 3201 3662 5621 5622 5514 
922 1245 1246 2476 4555 5623 5200 
923 1495 1449 2342 5624 5625 5626 
924 1913 845 2263 5627 5628 5629 
925 2439 1911 3512 4406 5612 5630 
926 3332 921 3738 5631 5632 5633 
927 2615 1111 3776 4950 5437 5634 
928 2241 984 3885 4750 5635 5636 
929 2983 2276 3823 5637 5638 4503 
930 2102 3153 3459 5639 5640 5641 
931 1125 1129 4067 5642 5643 5644 
932 1318 3040 3960 5645 5646 5647 
933 929 49 2503 5648 4428 5649 
934 2158 1134 3635 4639 5650 5651 
935 1217 1219 2362 5652 5619 4461 
936 643 219 2474 5653 4707 5654 
937 2026 2028 3957 5655 5656 4701 
938 2356 1493 2590 4920 5657 5658 
939 218 783 2474 5659 5660 4706 
940 1216 1217 1220 5661 5662 4548 
941 1213 1214 1216 5663 5664 4648 
942 1057 1090 2287 5024 5665 5666 
943 2958 2392 3694 4146 5667 5668 
944 2470 643 2474 5075 5654 5669 
945 3225 2462 3934 5670 5671 5072 
946 3650 2714 3702 5672 5673 5471 
947 1373 1374 2485 5674 5281 5415 
948 1211 1212 1213 5675 5676 4552 
949 3237 2078 3722 5677 5678 4115 
950 960 957 970 5679 4602 5680 
951 1463 2213 3473 5681 5682 5683 
952 1829 1830 2725 5684 5685 5686 
953 2861 2909 3012 5687 5688 5689 
954 907 908 3939 5690 5691 5692 
955 1240 1215 1241 5034 5693 5694 
956 1120 1119 1121 4369 5695 4662 
957 3090 2054 3560 5402 5696 5697 
958 2644 1742 3025 5698 5699 5442 
959 616 613 3866 5700 5701 5702 
960 2035 878 2048 5703 4533 5704 
961 2314 1939 2455 4246 5705 5343 
962 2522 588 3002 5339 5706 5707 
963 1074 2573 2574 5708 5709 5162 
964 2007 3402 3778 5710 5711 5712 
965 572 2695 3536 5713 5714 5715 
966 1946 1945 3965 4524 5716 5717 
967 1184 3190 3191 5605 5718 4313 
968 1012 1013 1016 5719 5720 5721 
969 2654 2675 3759 5099 5722 5723 
970 1208 1209 1211 5724 5725 4743 
971 2472 2925 3587 4077 5726 5727 
972 2710 675 3070 4475 5728 5729 
973 569 494 3078 5730 4179 5731 
974 2191 1249 3720 5732 5733 5734 
975 2448 3065 3215 5735 5736 5737 
976 1322 1736 3631 5738 5739 5740 
977 2925 2903 3587 5741 5742 5726 
978 2798 2797 2808 5743 5744 5745 
979 1098 1048 3281 4127 5746 5747 
980 983 982 1106 4629 5748 5749 
981 3484 3485 3486 5750 5751 5752 
982 1538 2585 2586 5753 5754 5755 
983 1425 1421 3088 5756 4614 5757 
984 239 633 2424 5758 5759 4866 
985 880 886 889 5760 5761 5255 
986 1188 1249 2191 4659 5732 5762 
987 2430 2935 3231 5763 5411 5764 
988 714 715 716 5765 5766 4675 
989 670 674 3070 5767 5513 4326 
990 3164 2099 3241 5768 5769 5770 
991 2353 2470 2474 5771 5669 5772 
992 1168 2445 2498 5081 5773 5774 
993 1197 2134 2436 5775 5776 5777 
994 1016 3363 3627 5778 5779 5780 
995 2332 939 3197 5491 5781 5782 
996 947 966 2632 4472 5783 5045 
997 1084 1088 3071 5784 5785 5786 
998 690 2519 2921 4266 5787 5788 
999 2284 1910 3330 4957 5789 5790 
1000 1224 1245 1248 4119 5473 5791 
1001 2308 731 2321 5792 5793 5794 
1002 722 3112 3195 5795 5796 5797 
1003 1495 2342 2344 5626 5798 5799 
1004 1352 1358 2510 5800 5801 5169 
1005 967 1077 3506 4812 5802 5803 
1006 984 3149 3885 5804 5805 5635 
1007 2941 1303 2974 5497 5806 5807 
1008 852 858 3153 5005 5808 5809 
1009 1143 2183 2184 4712 4635 4734 
1010 897 901 3714 5810 5811 5812 
1011 1377 2349 2433 5466 5813 5814 
1012 688 686 690 5815 4264 5816 
1013 3135 1966 3243 5817 5818 5819 
1014 1158 1184 3502 4792 5820 5821 
1015 1664 2323 3841 5822 5823 5824 
1016 1830 2394 2725 5825 5826 5685 
1017 621 616 3403 5827 5828 5829 
1018 1166 1185 3402 4815 5830 5831 
1019 990 993 3396 5271 4493 5832 
1020 2685 2686 3481 5833 5834 5835 
1021 1351 2302 2459 5836 4371 5837 
1022 1206 1251 3739 5838 5839 5840 
1023 660 657 661 5841 5842 5843 
1024 2336 2337 2537 4396 5844 4130 
1025 915 913 916 4085 5845 4740 
1026 1719 2099 3164 5846 5768 4772 
1027 2213 1463 3577 5681 5847 5848 
1028 2325 3421 3745 5849 5573 5850 
1029 847 848 852 5851 5852 5356 
1030 711 712 4053 5853 5854 5855 
1031 1229 1231 1232 5856 5857 5139 
1032 2048 2089 3267 4535 5858 5859 
1033 2601 2600 3420 5860 5861 5862 
1034 1653 2078 3237 5863 5677 5864 
1035 3460 1080 3727 5141 5865 5866 
1036 662 661 663 5867 4520 5868 
1037 993 992 994 5270 5869 4651 
1038 1852 1869 3917 5870 5871 5872 
1039 3662 3661 3663 5873 4120 5515 
1040 2710 2164 3581 5874 5875 4476 
1041 942 919 944 4079 5876 5374 
1042 1028 1047 2320 5309 5877 5244 
1043 623 621 3438 5878 5879 4685 
1044 2523 2522 3002 5880 5707 5881 
1045 2808 2940 3821 5882 5883 5884 
1046 3781 2808 3821 5885 5884 5886 
1047 582 2313 3698 5367 5887 5888 
1048 3465 2394 3563 5889 5890 5480 
1049 774 2571 3901 5366 5262 5891 
1050 907 883 908 4167 5892 5690 
1051 1048 1043 3859 4679 5893 5894 
1052 2244 930 3660 5520 5895 5896 
1053 3166 666 3265 5897 5898 4967 
1054 2631 2372 2634 5899 5900 5901 
1055 2279 2087 3104 5902 5903 5904 
1056 864 869 1854 5905 5906 5084 
1057 2152 698 2284 4204 4958 5907 
1058 2940 2924 3927 5539 5908 5909 
1059 933 931 956 5910 5165 5911 
1060 2224 1103 3586 5294 5912 5913 
1061 1385 2281 3840 5914 4390 5915 
1062 2836 2931 2932 5148 5916 5917 
1063 741 754 2764 5918 5919 5106 
1064 2089 878 3039 4534 5920 5921 
1065 1132 2158 2159 4640 5922 4724 
1066 240 2424 2630 4867 5214 5923 
1067 1974 2618 3398 5924 5925 5926 
1068 1497 1384 2564 5927 5928 5929 
1069 1042 1040 1043 5350 5930 4678 
1070 1869 2482 3917 5276 5931 5871 
1071 1023 1024 2316 5932 5933 5934 
1072 1097 1110 1111 5935 5936 4949 
1073 1522 2686 3407 4965 5937 5938 
1074 2209 3332 3738 5939 5633 5940 
1075 1378 1381 2349 5941 5942 5465 
1076 1862 2450 3920 5943 5944 5945 
1077 2157 2156 3485 5143 5946 5947 
1078 915 961 3740 4742 5948 5949 
1079 2568 1809 4027 4561 5950 5951 
1080 3483 2704 3809 5952 5953 5954 
1081 696 699 701 4074 4400 5955 
1082 2601 3420 4021 5862 5956 5957 
1083 1036 1038 3226 5958 4420 5959 
1084 3488 1117 3912 5960 5961 5962 
1085 856 852 3642 5357 5963 5964 
1086 1113 1116 4064 5965 4593 5966 
1087 1111 1112 1113 5967 5968 5435 
1088 633 2423 2424 4732 5969 5759 
1089 1562 1588 2731 5970 5971 5972 
1090 934 925 3154 4539 5973 5974 
1091 627 628 629 5560 5311 5975 
1092 583 2517 3717 5976 5977 5978 
1093 3659 1564 3934 5979 5980 5981 
1094 2152 2284 3489 5907 5360 5982 
1095 3284 777 4043 5983 5984 5985 
1096 2190 2749 3360 5986 5987 5988 
1097 905 902 1325 4164 5989 5990 
1098 1009 1011 1012 5991 5992 5993 
1099 2462 3659 3934 5994 5981 5671 
1100 718 719 720 5995 5996 5282 
1101 1853 1275 3061 5997 5998 5999 
1102 1912 2998 3211 6000 6001 5040 
1103 2226 904 3499 5156 6002 6003 
1104 605 625 2567 6004 6005 5216 
1105 1486 3180 3519 6006 6007 6008 
1106 1255 2443 3172 5047 6009 6010 
1107 1538 2584 2585 6011 6012 5753 
1108 1730 3171 3579 6013 6014 6015 
1109 1242 1236 1263 4769 6016 6017 
1110 2958 2957 3307 6018 4153 4147 
1111 1325 3103 3792 6019 4933 6020 
1112 1202 1203 1210 6021 6022 4633 
1113 2571 1747 3617 6023 6024 5260 
1114 2407 2424 3805 5212 6025 6026 
1115 956 2244 3264 5167 6027 6028 
1116 2603 2708 3015 6029 4764 6030 
1117 3037 1812 3350 6031 6032 6033 
1118 961 916 962 4741 6034 4816 
1119 1474 1476 2584 6035 6036 6037 
1120 967 962 968 4817 6038 4810 
1121 2686 2005 3481 4243 6039 5834 
1122 684 780 3214 5211 6040 6041 
1123 2661 1915 3808 6042 6043 6044 
1124 2047 2132 3310 4342 6045 6046 
1125 1991 2694 2709 5137 6047 6048 
1126 1099 1267 1269 4739 6049 6050 
1127 578 2315 3417 6051 6052 6053 
1128 2406 1490 2624 6054 6055 6056 
1129 1754 3420 3435 6057 6058 6059 
1130 2919 2902 3828 6060 6061 6062 
1131 892 894 895 6063 6064 6065 
1132 1503 1439 2400 6066 6067 6068 
1133 2287 1090 2616 5665 6069 6070 
1134 2329 2496 2669 6071 6072 4516 
1135 1496 3189 3374 5036 6073 6074 
1136 2252 2044 2520 6075 5161 4704 
1137 1182 2698 3937 6076 6077 6078 
1138 2185 2490 2491 5362 6079 6080 
1139 2497 1168 3598 5082 6081 6082 
1140 2618 1974 3858 5924 6083 6084 
1141 2628 2422 2629 6085 6086 6087 
1142 1816 2734 3275 4151 6088 6089 
1143 1003 994 3682 4652 4496 6090 
1144 2794 2893 2982 6091 4784 6092 
1145 989 988 990 5377 6093 6094 
1146 2735 1855 3017 6095 6096 6097 
1147 1219 1227 1228 6098 6099 5617 
1148 2409 1481 3243 4352 6100 6101 
1149 1408 2555 2556 6102 6103 6104 
1150 1709 1562 2731 6105 5972 4442 
1151 1170 1172 4054 6106 6107 6108 
1152 1878 3199 3322 6109 6110 5534 
1153 2891 2928 3276 4177 6111 6112 
1154 2427 2245 3998 6113 5463 6114 
1155 1088 1280 1282 6115 6116 6117 
1156 978 983 984 4630 6118 4749 
1157 2108 2234 2636 6119 6120 4819 
1158 688 690 3724 5816 6121 6122 
1159 1875 1315 3800 6123 6124 4346 
1160 1021 1262 2627 5231 6125 6126 
1161 2176 1815 3695 5127 6127 6128 
1162 1210 1203 2489 6022 4929 6129 
1163 1074 2245 3450 5401 6130 6131 
1164 2412 3418 3553 6132 5608 6133 
1165 955 989 4039 5378 6134 6135 
1166 1134 1183 3635 4672 6136 5650 
1167 1132 1133 1134 6137 6138 4638 
1168 2035 2048 3295 5704 4467 6139 
1169 3312 1502 3338 6140 5496 6141 
1170 3458 3271 3459 6142 6143 6144 
1171 3214 780 3640 6040 6145 6146 
1172 855 860 861 6147 6148 5224 
1173 1708 2559 2560 6149 6150 6151 
1174 2093 1920 3477 4681 6152 6153 
1175 655 653 2622 6154 6155 6156 
1176 3063 2583 3447 6157 6158 6159 
1177 2329 571 3141 4515 6160 5177 
1178 1325 2570 4026 4889 6161 6162 
1179 2954 583 3717 6163 5978 5304 
1180 954 944 955 4403 6164 4883 
1181 2120 3491 3528 6165 6166 6167 
1182 807 689 3699 6168 6169 4484 
1183 716 717 718 6170 6171 4936 
1184 1427 1482 2416 6172 6173 6174 
1185 2184 2185 2493 4637 6175 6176 
1186 2818 3533 3851 5383 6177 6178 
1187 2393 927 3563 6179 6180 6181 
1188 1915 2661 2662 6042 6182 6183 
1189 1023 934 1024 4138 6184 5932 
1190 1231 1234 3292 6185 6186 6187 
1191 897 899 901 6188 6189 5810 
1192 2902 2919 3353 6060 6190 6191 
1193 3491 1149 3528 6192 6193 6166 
1194 2702 3273 3520 6194 6195 6196 
1195 690 2921 3253 5788 6197 6198 
1196 3104 2087 3394 5903 6199 6200 
1197 2519 2123 2921 6201 6202 5787 
1198 2489 1946 3045 6203 6204 4997 
1199 3411 935 3492 6205 6206 6207 
1200 416 573 2635 6208 6209 4977 
1201 590 415 2635 6210 4978 4575 
1202 1101 1023 1108 4881 6211 6212 
1203 2078 1646 3723 4893 6213 6214 
1204 3171 1730 3565 6013 6215 6216 
1205 3119 1862 3920 6217 5945 6218 
1206 2283 2304 3256 6219 6220 6221 
1207 2697 570 3430 6222 5104 6223 
1208 698 661 1910 4521 6224 4956 
1209 1124 1125 4067 6225 5644 6226 
1210 2134 3091 3313 6227 6228 6229 
1211 2247 1802 2311 4832 6230 6231 
1212 1085 1081 3634 4952 4674 6232 
1213 1655 2679 3974 6233 5203 6234 
1214 784 2355 3669 6235 6236 6237 
1215 1012 1016 3024 5721 6238 6239 
1216 1188 1189 1190 6240 6241 4657 
1217 1503 2400 2401 6068 6242 6243 
1218 2620 2124 2621 6244 6245 6246 
1219 969 3426 3740 6247 6248 6249 
1220 212 1351 2459 6250 5837 6251 
1221 1770 3191 3362 6252 4945 6253 
1222 874 875 4028 6254 5220 6255 
1223 612 611 613 6256 4849 6257 
1224 1710 1527 3123 6258 6259 6260 
1225 3582 1276 3685 6261 6262 6263 
1226 2222 2511 3682 4531 5242 4495 
1227 691 688 3724 6264 6122 6265 
1228 637 2151 3422 5363 6266 6267 
1229 1180 3564 3625 6268 6269 6270 
1230 811 2238 3595 4384 6271 6272 
1231 1737 2175 3487 6273 6274 6275 
1232 2159 2158 3312 5922 6276 6277 
1233 2350 2354 2433 6278 6279 6280 
1234 1501 3283 3684 6281 6282 6283 
1235 966 945 4019 4471 6284 6285 
1236 2090 2152 3217 4205 6286 6287 
1237 1328 3460 3727 6288 5866 6289 
1238 2957 2959 3258 6290 6291 4103 
1239 1211 1221 1945 4553 4974 4744 
1240 50 929 2550 6292 4358 5245 
1241 850 51 2550 6293 5246 6294 
1242 3009 2721 3010 4709 6295 5558 
1243 2793 2797 2798 5597 5743 6296 
1244 1464 1600 3135 6297 6298 6299 
1245 1267 1098 1268 4738 6300 6301 
1246 2660 1624 3832 4192 6302 6303 
1247 580 2523 3002 6304 5881 6305 
1248 3064 1769 3496 6306 4220 6307 
1249 2227 861 3478 5225 6308 6309 
1250 2509 3371 3514 6310 6311 6312 
1251 2351 2564 3178 6313 6314 6315 
1252 1652 1655 2296 6316 6317 6318 
1253 1122 1121 1123 4663 6319 5077 
1254 2888 2882 2944 6320 6321 6322 
1255 2391 816 3694 5547 6323 6324 
1256 1134 1135 1136 6325 6326 4670 
1257 2281 1385 3632 5914 6327 6328 
1258 3225 2434 3391 6329 6330 5300 
1259 2304 1261 2451 4992 6331 6332 
1260 1222 2171 3504 4713 6333 6334 
1261 2383 3681 3726 6335 6336 6337 
1262 3340 1595 3655 6338 6339 6340 
1263 2413 888 3213 6341 6342 6343 
1264 971 978 2241 5009 4751 6344 
1265 977 979 980 5461 4922 6345 
1266 2279 800 3545 6346 6347 6348 
1267 2334 2038 2545 6349 6350 5157 
1268 1408 1409 2555 6351 6352 6102 
1269 1194 1195 1215 6353 6354 5033 
1270 1910 661 3997 6224 6355 6356 
1271 2416 1482 2417 6173 6357 6358 
1272 1190 1191 1192 6359 6360 6361 
1273 1615 1330 1642 6362 4807 6363 
1274 2161 2390 3363 4199 6364 6365 
1275 1192 1193 1194 6366 6367 4478 
1276 630 629 3964 5364 5313 6368 
1277 1022 1021 1257 6369 6370 6371 
1278 1729 2708 3467 4762 6372 6373 
1279 686 684 3214 6374 6041 4435 
1280 2730 2731 3219 4443 4836 6375 
1281 2469 2526 2626 6376 6377 5507 
1282 701 1317 3164 6378 4773 6379 
1283 2355 784 3705 6235 6380 6381 
1284 2053 2286 3819 5428 6382 6383 
1285 772 2081 3199 5070 6384 6385 
1286 1186 1164 3279 4803 6386 6387 
1287 2762 739 2764 6388 5107 6389 
1288 3675 3576 3716 6390 4902 6391 
1289 2501 568 2774 6392 6393 6394 
1290 707 2432 2448 6395 6396 6397 
1291 2093 2091 3573 6398 6399 4682 
1292 3256 2304 3607 6220 6400 6401 
1293 2364 3546 3547 6402 6403 6404 
1294 1495 2345 2590 6405 6406 6407 
1295 852 848 853 5852 6408 5004 
1296 2974 1308 3587 6409 5504 6410 
1297 1655 1654 2679 6411 6412 6233 
1298 1067 2126 3893 5421 6413 6414 
1299 2351 1497 2564 6415 5929 6313 
1300 787 2526 2642 6416 6417 6418 
1301 2288 2054 2500 6419 6420 6421 
1302 1143 1144 1145 6422 6423 4710 
1303 2041 3507 3508 6424 6425 6426 
1304 1854 869 3295 5906 6427 6428 
1305 3371 3049 3514 6429 6430 6311 
1306 2362 1228 3812 5618 4330 6431 
1307 2140 2317 3417 5109 6432 6433 
1308 1812 3037 3938 6031 6434 6435 
1309 3578 3250 3579 6436 6437 6438 
1310 1708 2560 2561 6151 6439 6440 
1311 694 1894 3378 6441 6442 6443 
1312 2337 1326 2338 5063 6444 6445 
1313 3250 1730 3579 6446 6015 6437 
1314 1708 1406 2559 6447 6448 6149 
1315 2450 1862 3387 5943 6449 6450 
1316 3564 2587 3625 6451 6452 6269 
1317 1643 1642 1644 6453 6454 6455 
1318 731 2308 3744 5792 6456 6457 
1319 1409 1413 2555 6458 6459 6352 
1320 1205 1207 1208 6460 6461 6462 
1321 800 2279 3850 6346 6463 6464 
1322 1039 2464 3531 5227 6465 6466 
1323 1145 1147 1150 6467 6468 4718 
1324 921 2662 2671 6469 6470 6471 
1325 1849 1186 3188 5620 6472 6473 
1326 3150 2033 4011 6474 6475 6476 
1327 3194 1613 3339 6477 6478 6479 
1328 2133 2209 3166 6480 6481 4966 
1329 3134 2237 3384 4454 6482 6483 
1330 2420 3125 3710 6484 6485 5440 
1331 1747 2571 3200 6023 4626 6486 
1332 2375 2372 2631 6487 5899 5347 
1333 1006 1002 1007 5522 6488 5006 
1334 2115 1187 3246 5586 6489 6490 
1335 2359 955 4039 4884 6135 6491 
1336 2711 3467 3567 6492 6493 6494 
1337 1136 1137 1140 6495 6496 6497 
1338 496 571 2670 6498 6499 5565 
1339 646 647 648 5483 5027 6500 
1340 2704 3407 3809 6501 6502 5953 
1341 710 711 4053 6503 5855 6504 
1342 1235 1242 1260 4770 6505 6506 
1343 1183 2247 2248 4833 6507 6508 
1344 3125 791 3710 6509 6510 6485 
1345 1853 2632 3905 6511 6512 6513 
1346 895 904 2088 4512 5155 6514 
1347 2572 1086 3771 4287 6515 6516 
1348 696 701 3164 5955 6379 6517 
1349 211 210 2150 312 6518 6519 
1350 2492 3855 3914 6520 4241 6521 
1351 2342 2343 2344 6522 6523 5798 
1352 2523 580 3077 6304 6524 6525 
1353 2756 570 3588 5102 6526 6527 
1354 3292 1234 3583 6186 6528 6529 
1355 968 1026 2408 6530 6531 6532 
1356 876 875 877 5218 6533 5018 
1357 1150 1151 1152 6534 6535 6536 
1358 1742 2644 3215 5698 6537 6538 
1359 2444 778 3381 5395 4876 6539 
1360 2212 1716 2535 6540 6541 6542 
1361 1262 1859 2627 6543 6544 6125 
1362 1289 909 2380 6545 6546 6547 
1363 2340 1728 2483 6548 5206 6549 
1364 1975 3704 3826 6550 6551 6552 
1365 640 636 4032 6553 5543 6554 
1366 1592 2606 2607 6555 6556 6557 
1367 1913 2263 3244 5629 6558 6559 
1368 652 650 653 6560 6561 6562 
1369 2320 1047 4036 5877 4879 6563 
1370 618 607 2567 6564 5217 6565 
1371 561 2377 3825 4499 6566 6567 
1372 1275 1020 3061 6568 6569 5998 
1373 3077 580 3165 6524 6570 6571 
1374 612 613 616 6257 5700 6572 
1375 1449 1451 2342 6573 6574 5625 
1376 3402 2589 3778 6575 6576 5711 
1377 960 970 971 5680 5008 6577 
1378 2885 2873 2937 6578 6579 6580 
1379 2749 2190 3415 5986 6581 6582 
1380 2632 1853 3061 6511 5999 5046 
1381 1152 1153 1154 6583 6584 4755 
1382 2130 2232 3385 4995 6585 6586 
1383 980 1681 1696 4923 5173 6587 
1384 3630 1322 3631 6588 5740 6589 
1385 269 2449 2643 5567 6590 6591 
1386 2243 889 3709 5256 6592 6593 
1387 2425 2422 2628 6594 6085 5517 
1388 3040 3126 3960 6595 6596 5646 
1389 1538 1474 2584 6597 6037 6011 
1390 1202 1224 3303 4634 6598 5038 
1391 620 616 621 6599 5827 6600 
1392 889 886 890 5761 6601 5053 
1393 1228 1229 2397 6602 5140 6603 
1394 913 907 2176 4091 6604 6605 
1395 1154 1155 1156 6606 6607 6608 
1396 888 2413 3919 6341 6609 6610 
1397 631 629 632 6611 4693 6612 
1398 268 707 2449 6613 6614 5566 
1399 919 905 3343 4088 6615 6616 
1400 1127 1131 1132 6617 6618 4723 
1401 2746 939 3802 6619 5493 5258 
1402 602 604 2773 6620 6621 6622 
1403 576 2471 3000 6623 6624 6625 
1404 2483 785 3266 5292 6626 6627 
1405 2426 237 4056 4308 6628 6629 
1406 3267 3127 3751 6630 6631 6632 
1407 2507 574 3915 6633 6634 6635 
1408 2549 2165 3366 6636 6637 4627 
1409 2368 1489 2634 6638 6639 6640 
1410 1077 968 2408 4811 6532 6641 
1411 2232 3544 3950 4748 5249 6642 
1412 1246 1247 1252 6643 6644 6645 
1413 2349 2350 2433 6646 6280 5813 
1414 2695 572 3513 5713 6647 6648 
1415 1156 1157 1158 6649 6650 6651 
1416 2693 2003 3913 4132 6652 6653 
1417 3256 2572 3771 6654 6516 6655 
1418 2034 3106 3347 6656 5589 6657 
1419 1076 1064 3126 6658 5274 6659 
1420 1815 3663 3700 5129 4122 6660 
1421 1018 1019 1277 5096 6661 6662 
1422 2037 3077 3165 6663 6571 6664 
1423 2296 1655 2297 6317 6665 4100 
1424 1408 2556 2559 6104 6666 6667 
1425 2661 2659 2662 6668 6669 6182 
1426 1205 1208 3643 6462 6670 6671 
1427 1158 1159 1160 6672 6673 4790 
1428 1476 2582 2584 6674 6675 6036 
1429 2596 40 3923 6676 6677 6678 
1430 2561 2639 2719 6679 6680 6681 
1431 1644 1642 3136 6454 6682 6683 
1432 1769 2297 3968 4101 6684 5345 
1433 429 430 2757 452 6685 6686 
1434 1223 1206 3739 6687 5840 5285 
1435 2999 3304 4020 6688 6689 6690 
1436 2252 2672 3140 4828 6691 6692 
1437 1469 1472 2605 6693 6694 6695 
1438 871 873 874 6696 6697 6698 
1439 1377 2433 2485 5814 6699 5280 
1440 677 673 678 6700 4698 6701 
1441 2534 3100 3156 6702 6703 6704 
1442 861 860 862 6148 6705 5055 
1443 1160 1161 1162 6706 6707 4780 
1444 1775 1514 2486 6708 6709 6710 
1445 2588 1867 3463 6711 5391 6712 
1446 2617 1980 3398 6713 6714 6715 
1447 2298 3582 3685 6716 6263 6717 
1448 793 2534 2604 6718 6719 6720 
1449 1015 1924 2536 6721 6722 6723 
1450 1503 2402 2624 6724 6725 6726 
1451 3192 3191 3978 4314 6727 6728 
1452 3704 2706 3826 6729 6730 6551 
1453 1162 1163 1164 6731 6732 4802 
1454 1745 2660 2661 4729 6733 6734 
1455 2289 2291 4049 4143 6735 6736 
1456 2408 3203 3752 5003 6737 6738 
1457 898 106 3101 6739 6740 6741 
1458 1009 1012 3406 5993 6742 6743 
1459 1592 2605 2606 6744 6745 6555 
1460 724 726 771 6746 6747 6748 
1461 851 2599 2600 6749 6750 6751 
1462 1457 1459 1464 6752 6753 6754 
1463 1164 1165 1166 6755 6756 6757 
1464 2649 566 3667 4577 6758 6759 
1465 722 724 3112 6760 6761 5795 
1466 3699 3697 3775 6762 6763 6764 
1467 2361 2442 2965 5172 6765 6766 
1468 1197 1199 2134 6767 5015 5775 
1469 2343 2410 2411 4583 6768 6769 
1470 3221 809 3222 6770 6771 4250 
1471 1166 1167 1170 6772 6773 4813 
1472 642 640 3311 6774 6775 5016 
1473 1966 2409 3243 6776 6101 5818 
1474 2921 2123 3448 6202 6777 6778 
1475 771 3719 3779 6779 6780 6781 
1476 3492 1831 3953 6782 6783 6784 
1477 973 971 2241 6785 6344 6786 
1478 2913 2888 2944 6787 6322 6788 
1479 1240 1241 1290 5694 6789 6790 
1480 1170 1171 1172 6791 6792 6106 
1481 3153 858 3459 5808 6793 5640 
1482 2449 2448 3215 6794 5737 6795 
1483 1199 1201 1202 6796 6797 5013 
1484 2418 1482 2629 6798 6799 6800 
1485 654 653 655 6801 6154 6802 
1486 1805 1806 3244 6803 6804 5425 
1487 1955 2312 3538 6805 4863 6806 
1488 1172 1173 1174 6807 6808 4788 
1489 621 2278 3438 6809 6810 5879 
1490 40 2596 3500 6676 6811 6812 
1491 614 2429 3988 6813 5562 6814 
1492 1174 1175 1178 6815 6816 4821 
1493 2941 2900 3678 6817 6818 5498 
1494 2665 1885 3020 6819 6820 6821 
1495 2266 2927 3245 6822 6823 6824 
1496 1154 1156 3783 6608 6825 6826 
1497 2248 2247 3383 6507 6827 6828 
1498 905 1325 4026 5990 6162 6829 
1499 1391 1575 2465 6830 6831 6832 
1500 1084 3071 3300 5786 6833 4316 
1501 883 862 3746 5056 4643 6834 
1502 1915 2473 3808 6835 6836 6043 
1503 2873 2866 2937 6837 6838 6579 
1504 2505 3492 3953 6839 6784 6840 
1505 2326 1129 3338 5392 6841 5495 
1506 3681 1705 3726 6842 4449 6336 
1507 2295 2079 3867 4858 6843 6844 
1508 2404 2401 2544 6845 6846 4334 
1509 2672 923 3140 6847 6848 6691 
1510 3360 2749 3394 5987 6849 5380 
1511 2223 1875 3984 6850 6851 6852 
1512 2436 3409 4070 5180 6853 6854 
1513 1649 1650 1651 5506 5341 6855 
1514 958 1021 1022 4417 6369 6856 
1515 1384 1387 2564 6857 6858 5928 
1516 693 3164 3241 6859 5770 6860 
1517 679 678 680 6861 4829 6862 
1518 2066 1877 2445 6863 6864 6865 
1519 1653 1650 2078 4457 4894 5863 
1520 3217 2204 3284 6866 6867 6868 
1521 2054 821 3560 6869 6870 5696 
1522 2319 639 3058 6871 6872 6873 
1523 2398 929 2503 4231 5649 6874 
1524 2502 1827 2773 6875 6876 6877 
1525 1136 1140 3886 6497 6878 6879 
1526 809 3221 3337 6770 6880 6881 
1527 2432 707 2687 6395 6882 6883 
1528 574 2507 3995 6633 6884 6885 
1529 2526 787 2626 6416 6886 6377 
1530 3233 966 3653 4775 6887 6888 
1531 1683 1685 1688 5551 6889 6890 
1532 2171 3503 3504 6891 6892 6333 
1533 2717 3053 3882 6893 6894 6895 
1534 1981 2616 3456 6896 6897 6898 
1535 2333 776 3372 6899 6900 6901 
1536 1260 1242 2545 6505 6902 6903 
1537 1190 1192 3920 6361 6904 6905 
1538 2640 1959 3346 6906 6907 6908 
1539 2364 3548 4008 6909 6910 6911 
1540 2401 2400 2544 6242 6912 6846 
1541 1381 1384 1497 6913 5927 6914 
1542 1248 1265 1266 5474 6915 6916 
1543 2823 2820 2926 5530 4907 6917 
1544 2363 881 2364 4391 6918 6919 
1545 3600 1148 3644 6920 6921 6922 
1546 2316 1024 2619 5933 6923 6924 
1547 3046 2258 3123 6925 6926 6927 
1548 1267 1268 1517 6301 6928 6929 
1549 2215 2280 4015 4361 6930 6931 
1550 2247 3334 3383 6932 4223 6827 
1551 3070 675 4002 5728 6933 6934 
1552 2201 3252 3405 6935 6936 6937 
1553 1439 1441 2400 6938 6939 6067 
1554 2618 2617 3398 6940 6715 5925 
1555 2532 3242 3278 6941 6942 6943 
1556 3049 1892 3261 6944 6945 6946 
1557 1194 1240 3118 5035 6947 6948 
1558 1678 2077 2563 6949 6950 6951 
1559 969 2395 3043 4399 6952 6953 
1560 3628 232 3721 6954 6955 6956 
1561 2257 587 3468 4212 6957 6958 
1562 2549 2960 3299 4321 6959 6960 
1563 2594 2593 3158 6961 4292 6962 
1564 986 1101 1334 4882 6963 6964 
1565 1633 2310 2484 6965 4304 6966 
1566 3420 2600 3435 5861 6967 6058 
1567 2660 2659 2661 6968 6668 6733 
1568 3810 2494 3914 6969 6970 4438 
1569 2293 1854 2294 5130 6971 6972 
1570 2417 2420 2554 6973 5439 6974 
1571 2885 2937 2942 6580 6975 6976 
1572 664 663 665 6977 6978 6979 
1573 1716 1912 2535 6980 5012 6541 
1574 1005 1273 1274 5197 6981 6982 
1575 973 2241 3160 6786 6983 4422 
1576 3172 2173 3645 6984 6985 5164 
1577 2072 2365 3487 6986 6987 6988 
1578 2872 2866 2873 6989 6837 6990 
1579 2037 3165 3239 6664 6991 6992 
1580 2496 1572 2667 6993 6994 6995 
1581 3199 1878 3671 6109 6996 6997 
1582 2188 2157 4063 6998 6999 7000 
1583 914 917 918 4258 5417 7001 
1584 920 945 946 4228 5431 7002 
1585 2552 2461 3391 7003 5301 7004 
1586 1072 2617 2618 7005 6940 7006 
1587 728 731 2521 7007 7008 7009 
1588 430 582 2757 7010 7011 6685 
1589 1827 2502 2774 6875 7012 7013 
1590 1657 1658 1660 5278 7014 7015 
1591 1424 1427 2416 7016 6174 7017 
1592 653 650 3599 6561 7018 7019 
1593 1663 1662 2563 7020 7021 4934 
1594 2465 1575 2466 6831 7022 7023 
1595 1150 1152 3937 6536 7024 7025 
1596 1246 1333 2476 7026 7027 5623 
1597 1911 2440 3039 4408 7028 7029 
1598 1090 1059 3457 5023 4572 7030 
1599 874 873 875 6697 7031 6254 
1600 2416 2417 2554 6358 6974 7032 
1601 2344 2343 3869 6523 7033 7034 
1602 903 906 1637 4272 7035 7036 
1603 2515 800 3251 7037 7038 4601 
1604 1334 1101 1335 6963 7039 7040 
1605 1113 1114 1116 7041 7042 5965 
1606 1681 1683 2625 4466 7043 5174 
1607 2616 1981 4033 6896 7044 7045 
1608 3053 2717 3571 6893 7046 7047 
1609 957 956 3209 7048 7049 7050 
1610 2585 2583 3063 7051 6157 7052 
1611 3242 792 3278 7053 7054 6942 
1612 2443 2173 3172 7055 6984 6009 
1613 884 909 1289 4283 6545 7056 
1614 1457 1464 3135 6754 6299 7057 
1615 2359 3121 3122 7058 7059 5049 
1616 933 956 957 5911 7048 7060 
1617 2442 1047 3836 5171 7061 5449 
1618 661 657 3997 5842 7062 6355 
1619 1674 1805 3232 7063 7064 4609 
1620 2117 3195 3779 7065 7066 7067 
1621 842 3016 3622 4182 7068 7069 
1622 3100 708 3156 7070 7071 6703 
1623 1139 1142 1143 7072 7073 4733 
1624 1120 2125 3590 4843 7074 5351 
1625 1476 1478 2582 7075 7076 6674 
1626 1451 1453 1481 7077 7078 7079 
1627 1574 2594 3837 7080 7081 7082 
1628 3409 1215 4070 7083 7084 6853 
1629 1082 1083 1084 7085 7086 4800 
1630 2502 2501 2774 7087 6394 7012 
1631 902 890 3103 5054 7088 7089 
1632 1216 1235 3098 4549 7090 7091 
1633 2175 1529 2753 7092 7093 7094 
1634 2353 2474 3816 5772 7095 7096 
1635 1652 1654 1655 4268 6411 6316 
1636 2250 2052 3101 7097 7098 7099 
1637 1708 2561 2719 6440 6681 7100 
1638 958 1022 3223 6856 7101 7102 
1639 2381 2380 3789 7103 7104 7105 
1640 1124 1123 1125 5078 7106 6225 
1641 3378 1894 3379 6442 7107 7108 
1642 1156 1158 3502 6651 5821 7109 
1643 3624 2036 3728 7110 7111 7112 
1644 1122 1128 2125 4431 7113 4842 
1645 1680 1672 1769 7114 5088 7115 
1646 2345 2356 2590 7116 5658 6406 
1647 1022 1858 3223 7117 4274 7101 
1648 953 3223 3464 7118 4263 7119 
1649 2399 3677 4065 5456 7120 7121 
1650 2501 2037 3239 7122 6992 7123 
1651 2445 1636 2498 7124 7125 5773 
1652 775 701 4012 7126 5555 7127 
1653 2704 1522 3407 7128 5938 6501 
1654 1015 1922 1924 7129 7130 6721 
1655 2695 2111 3536 7131 7132 5714 
1656 1492 3621 3891 7133 7134 7135 
1657 938 2458 3729 4795 7136 7137 
1658 2302 3234 3659 7138 7139 4481 
1659 3272 2162 3330 7140 5298 7141 
1660 1406 1408 2559 7142 6667 6448 
1661 989 990 3396 6094 5832 7143 
1662 1164 1166 3904 6757 7144 7145 
1663 3431 1729 3467 7146 6373 7147 
1664 3137 3534 3743 7148 7149 7150 
1665 2433 2354 2434 6279 7151 7152 
1666 2109 3747 3777 7153 7154 7155 
1667 1186 2358 3475 7156 7157 7158 
1668 1068 2674 3036 7159 7160 7161 
1669 3151 1052 3469 4825 7162 7163 
1670 895 2088 3987 6514 7164 7165 
1671 2414 2105 3863 4962 4727 7166 
1672 3625 2587 3774 6452 7167 7168 
1673 1413 1415 2366 7169 7170 7171 
1674 1680 1769 3064 7115 6306 7172 
1675 702 697 706 4248 7173 5584 
1676 2980 2309 3683 7174 7175 7176 
1677 1301 1303 2945 7177 7178 7179 
1678 2594 1574 3584 7080 7180 7181 
1679 1683 1721 2625 7182 7183 7043 
1680 2662 2659 2671 6669 7184 6470 
1681 2261 3761 3775 7185 7186 7187 
1682 3502 2051 3783 7188 7189 7190 
1683 1565 808 3815 7191 7192 7193 
1684 2294 2464 3351 7194 7195 7196 
1685 692 2929 2982 7197 7198 4783 
1686 2861 2907 2909 7199 7200 5687 
1687 635 632 636 7201 4908 7202 
1688 1662 1678 2563 7203 6951 7021 
1689 2442 1850 3742 4606 7204 7205 
1690 2322 2527 3575 7206 7207 7208 
1691 2674 2303 3036 5582 7209 7160 
1692 3273 2040 3520 7210 7211 6195 
1693 2308 3604 3744 7212 7213 6456 
1694 3179 2295 3187 5135 7214 7215 
1695 2640 3346 4016 6908 7216 7217 
1696 777 665 4043 5327 7218 5984 
1697 1659 1656 3237 7219 7220 7221 
1698 983 1106 1276 5749 7222 7223 
1699 2891 3276 3533 6112 7224 5382 
1700 2684 2357 4042 7225 7226 7227 
1701 1273 1003 1516 5196 7228 7229 
1702 71 70 2672 172 7230 7231 
1703 595 3257 4062 7232 5066 7233 
1704 2539 3340 3655 7234 6340 7235 
1705 1415 1489 2366 7236 7237 7170 
1706 2285 569 3924 7238 7239 7240 
1707 1053 1072 3424 4985 7241 7242 
1708 2366 1489 2367 7237 7243 7244 
1709 2928 2276 3276 7245 7246 6111 
1710 2217 3289 3976 7247 7248 7249 
1711 1168 2498 3862 5774 7250 7251 
1712 771 2521 3495 7252 7253 7254 
1713 1084 1087 1088 7255 7256 5784 
1714 3151 3469 3556 7163 7257 7258 
1715 3507 2690 3508 7259 7260 6425 
1716 2353 2351 3178 7261 6315 7262 
1717 2109 2107 3747 7263 7264 7153 
1718 1532 2579 2580 7265 7266 7267 
1719 624 2518 2772 7268 7269 7270 
1720 2255 2256 3726 7271 7272 4448 
1721 1924 1927 1932 7273 7274 7275 
1722 3393 3188 3475 5253 7276 7277 
1723 1088 1279 1280 7278 7279 6115 
1724 2029 2619 2620 4940 7280 7281 
1725 1415 1418 1489 7282 7283 7236 
1726 2250 3101 3736 7099 7284 7285 
1727 1349 2510 3686 5170 7286 7287 
1728 458 459 2525 473 7288 7289 
1729 459 588 2525 7290 5234 7288 
1730 1447 1449 1495 7291 5624 7292 
1731 1266 1265 1527 6915 7293 7294 
1732 2647 2649 3093 7295 7296 7297 
1733 569 2285 3754 7238 7298 7299 
1734 2527 2763 3575 5604 7300 7207 
1735 3467 2708 3567 6372 7301 6493 
1736 3575 2977 3683 7302 7303 7304 
1737 3408 567 3447 7305 7306 7307 
1738 562 2597 3923 7308 7309 7310 
1739 1527 1700 3123 7311 7312 6259 
1740 2632 966 2633 5783 4774 7313 
1741 1532 2578 2579 7314 7315 7265 
1742 1246 1225 1247 4554 7316 6643 
1743 567 3063 3447 7317 6159 7306 
1744 1228 1227 1229 6099 7318 6602 
1745 2452 1068 3036 7319 7161 7320 
1746 3121 2359 3549 7058 7321 7322 
1747 1262 1020 1275 5230 6568 7323 
1748 2186 2399 4065 4226 7121 7324 
1749 694 647 1894 4551 4971 6441 
1750 3308 1342 4018 4759 7325 7326 
1751 2293 2294 3351 6972 7196 7327 
1752 2451 564 2520 7328 4705 7329 
1753 3448 2123 3689 6777 7330 4135 
1754 1246 1252 1333 6645 7331 7026 
1755 2373 3628 3721 7332 6956 7333 
1756 3323 2081 3633 7334 7335 7336 
1757 2587 3063 3774 7337 7338 7167 
1758 3040 1318 3127 5645 7339 7340 
1759 1447 1495 2590 7292 6407 7341 
1760 700 2461 2552 7342 7003 7343 
1761 2079 3206 3867 7344 7345 6843 
1762 1381 1383 1384 7346 7347 6913 
1763 3351 2464 3711 7195 5229 7348 
1764 2822 2823 2824 5531 7349 7350 
1765 892 895 3987 6065 7165 7351 
1766 2526 2467 2642 7352 7353 6417 
1767 2315 578 3772 6051 7354 7355 
1768 1243 1906 2005 7356 7357 4986 
1769 2467 2540 2541 7358 7359 7360 
1770 1658 1656 1659 5277 7219 7361 
1771 1644 3136 3723 6683 4324 7362 
1772 2499 888 3919 7363 6610 7364 
1773 918 925 926 5419 5487 7365 
1774 2156 2072 3487 4355 6988 7366 
1775 2305 799 4000 7367 7368 7369 
1776 3748 2923 3788 7370 7371 7372 
1777 2150 210 3686 6518 7373 7374 
1778 2468 2466 2469 7375 7376 7377 
1779 102 888 2499 7378 7363 7379 
1780 926 930 931 5488 5519 7380 
1781 1389 1391 2465 7381 6832 7382 
1782 3717 2517 3777 5977 7383 7384 
1783 3065 1742 3215 7385 6538 5736 
1784 1947 3319 3320 7386 7387 7388 
1785 1441 1445 1493 7389 7390 7391 
1786 1493 1445 2590 7390 7392 5657 
1787 724 771 3112 6748 7393 6761 
1788 2402 2406 2624 7394 6056 6725 
1789 2382 1950 3681 7395 7396 7397 
1790 3056 615 3128 7398 7399 5123 
1791 2927 2266 3849 6822 7400 7401 
1792 1489 1418 2634 7283 7402 6639 
1793 1410 2307 3287 7403 7404 7405 
1794 3199 2081 3323 6384 7334 7406 
1795 2811 2914 4037 7407 7408 7409 
1796 75 74 2674 176 7410 7411 
1797 1282 1280 1283 6116 7412 7413 
1798 2480 2111 3161 7414 7415 7416 
1799 1445 1447 2590 7417 7341 7392 
1800 2903 2941 3587 7418 7419 5742 
1801 2372 2368 2634 7420 6640 5900 
1802 673 671 3445 7421 7422 4595 
1803 3331 1934 3670 7423 7424 7425 
1804 718 717 719 6171 7426 5995 
1805 793 2604 2687 6720 7427 7428 
1806 895 894 896 6064 7429 5615 
1807 946 947 948 5432 5552 7430 
1808 1779 1941 3414 7431 7432 4847 
1809 1422 1424 1513 7433 7434 7435 
1810 800 2515 3545 7037 7436 6347 
1811 2999 585 3304 7437 7438 6688 
1812 1592 1469 2605 7439 6695 6744 
1813 2534 793 3100 6718 7440 6702 
1814 2422 2418 2629 7441 6800 6086 
1815 1107 998 3620 5268 7442 7443 
1816 2436 2134 3313 5776 6229 7444 
1817 1592 2607 3086 6557 7445 7446 
1818 2521 731 3744 7008 6457 7447 
1819 2941 2974 3587 5807 6410 7419 
1820 2727 1276 3163 7448 7449 7450 
1821 3252 1017 3405 7451 7452 6936 
1822 3337 3221 3768 6880 7453 7454 
1823 1053 1054 1055 7455 7456 4983 
1824 1516 2511 3999 5240 7457 7458 
1825 2709 2694 3162 6047 7459 7460 
1826 2914 3823 4037 4504 7461 7408 
1827 2581 3408 3447 7462 7307 7463 
1828 1437 1439 1503 7464 6066 7465 
1829 3288 1410 3301 7466 7467 7468 
1830 874 878 2035 7469 5703 5319 
1831 1221 2414 2415 4963 7470 4975 
1832 871 874 3873 6698 5321 7471 
1833 948 950 951 5553 5590 7472 
1834 214 700 2552 7473 7343 7474 
1835 1257 1021 2627 6370 6126 7475 
1836 609 618 2428 7476 7477 7478 
1837 2465 2466 2468 7023 7375 7479 
1838 2239 1638 2240 4580 7480 7481 
1839 1427 1429 1482 7482 7483 6172 
1840 1378 1380 1381 7484 7485 5941 
1841 2608 3600 3644 7486 6922 7487 
1842 3319 1634 3320 7488 7489 7387 
1843 1949 2223 3845 7490 7491 7492 
1844 664 3070 4002 4327 6934 7493 
1845 1152 1182 3937 4757 6078 7024 
1846 2357 2684 3616 7225 7494 4187 
1847 1827 602 2773 7495 6622 6876 
1848 604 624 2773 7496 7497 6621 
1849 1422 1513 2631 7435 5348 7498 
1850 2496 2667 2669 6995 7499 6072 
1851 1418 1420 2634 7500 7501 7402 
1852 2259 2074 3804 4425 7502 7503 
1853 1685 1682 1686 5550 7504 7505 
1854 1433 1435 1490 7506 7507 7508 
1855 1387 1389 1531 7509 7510 7511 
1856 927 2393 3929 6179 7512 7513 
1857 2824 2823 2825 7349 7514 7515 
1858 591 2677 3806 7516 7517 7518 
1859 2613 1640 3293 7519 5113 7520 
1860 2697 3430 3433 6223 7521 7522 
1861 1106 982 1339 5748 7523 7524 
1862 3430 1845 3433 7525 7526 7521 
1863 2266 1301 2945 7527 7179 7528 
1864 3182 2140 4046 5110 7529 7530 
1865 1068 2452 3185 7319 7531 7532 
1866 1437 1503 2624 7465 6726 7533 
1867 1472 1538 2605 7534 7535 6694 
1868 1685 1686 1687 7505 7536 7537 
1869 1924 1932 3860 7275 7538 7539 
1870 720 721 722 7540 7541 7542 
1871 1645 1644 1646 7543 7544 7545 
1872 1012 1011 1013 5992 7546 5719 
1873 660 661 662 5843 5867 7547 
1874 1420 2631 2634 7548 5901 7501 
1875 1892 3049 3371 6944 6429 7549 
1876 1481 1453 3243 7078 7550 6100 
1877 3385 1488 3386 7551 7552 7553 
1878 718 786 3296 5284 7554 7555 
1879 3291 3380 3983 7556 7557 7558 
1880 1420 1422 2631 7559 7498 7548 
1881 1180 2608 3564 7560 7561 6268 
1882 2355 783 3669 7562 7563 6236 
1883 1589 3212 3596 7564 7565 5208 
1884 2926 2818 3851 4906 6178 7566 
1885 1490 1435 2624 7507 7567 6055 
1886 1258 1257 1294 7568 7569 7570 
1887 2097 915 3740 4082 5949 7571 
1888 2278 621 3403 6809 5829 7572 
1889 2327 1501 3684 7573 6283 7574 
1890 3177 1090 3457 5451 7030 7575 
1891 571 2669 2670 4517 7576 6499 
1892 1203 1205 3643 7577 6671 4930 
1893 2520 2128 3607 5160 7578 7579 
1894 2476 1333 2477 7027 7580 4913 
1895 665 663 4043 6978 7581 7218 
1896 1482 1429 2629 7483 7582 6799 
1897 2050 1154 3783 4864 6826 7583 
1898 1384 1386 1387 7584 7585 6857 
1899 1433 1490 2628 7508 5509 7586 
1900 707 2448 2449 6397 6794 6614 
1901 3211 2998 3720 6001 7587 7588 
1902 1182 2488 2698 7589 4695 6076 
1903 979 2292 3769 5594 7590 7591 
1904 2328 714 3880 4840 7592 7593 
1905 1055 1056 1057 7594 7595 7596 
1906 2258 1710 3123 7597 6260 6926 
1907 2564 1531 3178 7598 7599 6314 
1908 2228 2293 3201 5131 7600 7601 
1909 1480 1484 2578 7602 7603 7604 
1910 799 2305 4005 7367 7605 7606 
1911 2235 2237 3985 7607 5338 7608 
1912 1906 1907 2438 7609 7610 7611 
1913 2876 2916 2938 4779 5147 7612 
1914 3268 720 3658 5333 7613 7614 
1915 2505 3411 3492 7615 6207 6839 
1916 2607 1941 3086 7616 7617 7445 
1917 1242 1263 1288 6017 5302 7618 
1918 2518 624 2978 7268 7619 7620 
1919 1928 2217 2761 7621 7622 7623 
1920 2087 3186 3394 7624 5381 6199 
1921 1216 1214 1217 5664 7625 5661 
1922 3091 2134 3303 6227 5039 7626 
1923 1435 1437 2624 7627 7533 7567 
1924 808 807 3815 7628 7629 7192 
1925 692 3253 3753 7630 5469 7631 
1926 1046 1036 3226 5336 5959 7632 
1927 1057 1058 1059 7633 7634 5022 
1928 1262 1275 1331 7323 7635 7636 
1929 2929 692 3753 7197 7631 7637 
1930 1252 1253 1292 7638 7639 7640 
1931 1213 1212 1214 5676 7641 5663 
1932 1600 1966 3135 7642 5817 6298 
1933 1950 2382 3876 7395 7643 7644 
1934 1022 1257 1258 6371 7568 7645 
1935 2839 2835 2840 7646 7647 7648 
1936 1885 2665 3285 6819 7649 7650 
1937 3304 2163 4020 7651 7652 6689 
1938 1490 2406 3835 6054 7653 5510 
1939 1431 1433 2628 7654 7586 7655 
1940 708 2532 3156 7656 7657 7071 
1941 2280 2563 3367 4935 7658 7659 
1942 2028 2235 3957 7660 7661 5656 
1943 1429 1431 2629 7662 7663 7582 
1944 1211 1209 1212 5725 7664 5675 
1945 1059 1060 1061 7665 7666 4855 
1946 1431 2628 2629 7655 6087 7663 
1947 1984 1986 2709 7667 7668 7669 
1948 2811 2809 2914 7670 7671 7407 
1949 1099 1269 1270 6050 7672 7673 
1950 1875 2964 3984 4514 7674 6851 
1951 1061 1062 1063 7675 7676 5042 
1952 2712 3431 3467 7677 7147 7678 
1953 681 680 682 7679 4911 7680 
1954 2808 2797 2940 5744 5540 5882 
1955 1455 1457 3135 7681 7057 7682 
1956 3957 2235 3985 7661 7608 7683 
1957 1651 1652 2296 5342 6318 7684 
1958 940 2747 3094 7685 7686 7687 
1959 1634 1635 3321 7688 5355 7689 
1960 1532 1480 2578 7690 7604 7314 
1961 3314 1801 3429 7691 7692 7693 
1962 3363 1016 3364 5778 7694 7695 
1963 2677 591 3794 7516 7696 7697 
1964 3548 2170 4008 7698 7699 6910 
1965 2813 2811 4037 7700 7409 7701 
1966 2806 2917 3439 7702 7703 7704 
1967 1177 1634 3319 7705 7488 7706 
1968 1063 1064 1065 7707 7708 4959 
1969 1007 1009 3405 7709 7710 7711 
1970 2635 573 2636 6209 7712 7713 
1971 1936 1931 2057 7714 7715 4393 
1972 877 879 4031 7716 7717 7718 
1973 3106 2034 3107 6656 7719 7720 
1974 1658 1659 1661 7361 7721 7722 
1975 930 986 3660 4296 7723 5895 
1976 2604 2432 2687 7724 6883 7427 
1977 787 2642 3051 6418 7725 7726 
1978 1315 1312 3173 7727 7728 7729 
1979 2467 1575 2540 7730 7731 7358 
1980 1576 1506 2528 7732 7733 7734 
1981 1671 1659 3237 7735 7221 7736 
1982 1252 1247 1253 6644 7737 7638 
1983 2467 2541 2642 7360 7738 7353 
1984 2358 2069 3475 7739 7740 7157 
1985 3191 1770 3978 6252 7741 6727 
1986 1065 1066 1067 7742 7743 7744 
1987 2517 2109 3777 7745 7155 7383 
1988 1111 1110 1112 5936 7746 5967 
1989 2053 3209 3903 7747 7748 5429 
1990 1413 1414 1415 7749 7750 7169 
1991 2190 2189 3415 7751 7752 6581 
1992 3519 3180 3673 6007 7753 7754 
1993 1925 1354 2553 7755 7756 7757 
1994 1802 1136 3886 4745 6879 7758 
1995 2198 2568 3412 4567 7759 7760 
1996 2358 1186 3279 7156 6387 7761 
1997 1249 2450 3980 5413 7762 7763 
1998 845 846 847 7764 7765 7766 
1999 2320 3152 3401 7767 7768 4445 
2000 1106 1339 1340 7524 7769 7770 
2001 1987 2709 3162 7771 7460 7772 
2002 624 2772 2773 7270 7773 7497 
2003 2475 3713 3847 7774 7775 7776 
2004 2173 2066 3645 7777 7778 6985 
2005 2066 2445 2497 6865 5083 7779 
2006 1415 1416 1418 7780 7781 7282 
2007 2524 593 3400 7782 7783 7784 
2008 1166 3402 3904 5831 7785 7144 
2009 1453 1454 1455 7786 7787 7788 
2010 1357 2233 2575 7789 4797 7790 
2011 1067 1069 1070 7791 7792 5059 
2012 710 706 711 5585 7793 6503 
2013 267 266 2687 368 7794 7795 
2014 1387 1388 1389 7796 7797 7509 
2015 1455 1456 1457 7798 7799 7681 
2016 2678 2376 3710 7800 4768 7801 
2017 2798 2808 2809 5745 7802 7803 
2018 1263 1236 1264 6016 7804 7805 
2019 2123 2121 3689 7806 7807 7330 
2020 3375 2918 3505 5235 7808 7809 
2021 2076 2168 2454 7810 7811 7812 
2022 2847 3389 3521 7813 7814 7815 
2023 2731 1588 3183 5971 7816 4834 
2024 1270 1269 1271 7672 7817 7818 
2025 2095 2194 2195 7819 4374 7820 
2026 1182 2487 2488 5501 7821 7589 
2027 2395 967 3506 4398 5803 7822 
2028 1418 1419 1420 7823 7824 7500 
2029 1576 2528 2530 7734 7825 7826 
2030 2315 2140 3417 7827 6433 6052 
2031 1451 1452 1453 7828 7829 7077 
2032 2789 2787 2796 7830 7831 4206 
2033 3485 2156 3486 5946 7832 5751 
2034 1855 2735 3537 6095 7833 7834 
2035 783 2355 3816 7562 7835 7836 
2036 1042 1049 1792 4761 5314 5121 
2037 3372 774 3901 7837 5891 7838 
2038 1208 1207 1209 6461 7839 5724 
2039 1529 1093 2753 7840 7841 7093 
2040 2849 2942 3032 7842 7843 7844 
2041 2942 2937 3032 6975 7845 7843 
2042 714 713 715 5478 7846 5765 
2043 780 2259 3095 4426 7847 7848 
2044 1630 1633 2484 7849 6966 7850 
2045 2874 2873 2875 7851 7852 7853 
2046 938 2446 3230 7854 7855 7856 
2047 598 600 2775 7857 7858 7859 
2048 1457 1458 1459 7860 7861 6752 
2049 1420 1421 1422 7862 7863 7559 
2050 70 923 2672 7864 6847 7230 
2051 2533 1919 2604 7865 7866 7867 
2052 564 71 2672 7868 7231 4827 
2053 1931 1925 2553 7869 7757 7870 
2054 2389 3113 3942 7871 7872 7873 
2055 1449 1450 1451 7874 7875 6573 
2056 1919 2533 2641 7865 7876 7877 
2057 2322 3575 3683 7208 7304 7878 
2058 628 3143 3144 7879 7880 7881 
2059 1055 1057 3994 7596 7882 7883 
2060 936 2595 2598 7884 7885 7886 
2061 2521 1964 3495 7887 7888 7253 
2062 2851 2931 3030 7889 5150 7890 
2063 998 1000 3262 7891 5371 7892 
2064 2415 2414 3911 7470 7893 7894 
2065 1455 3135 3243 7682 5819 7895 
2066 3112 771 3779 7393 6781 7896 
2067 3338 1129 3440 6841 7897 7898 
2068 1678 2076 2077 7899 7900 6949 
2069 2095 2195 3331 7820 7901 7902 
2070 3739 1251 3773 5839 7903 7904 
2071 2396 796 4003 4108 7905 7906 
2072 2479 2477 2646 5423 7907 7908 
2073 1478 1532 2582 7909 7910 7076 
2074 1617 2224 3248 5295 7911 7912 
2075 702 778 3200 4171 7913 4497 
2076 2503 849 2504 5448 7914 7915 
2077 1072 1055 3994 4984 7883 7916 
2078 2586 2585 2587 5754 7917 7918 
2079 1538 2586 2605 5755 7919 7535 
2080 1422 1423 1424 7920 7921 7433 
2081 1447 1448 1449 7922 7923 7291 
2082 100 1004 2548 7924 7925 7926 
2083 639 2319 3916 6871 7927 7928 
2084 1495 2344 2345 5799 7929 6405 
2085 898 3101 3510 6741 7930 7931 
2086 847 846 848 7765 7932 5851 
2087 2486 1514 3559 6709 7933 7934 
2088 1823 2190 3347 7935 7936 5588 
2089 3505 2918 3676 7808 7937 7938 
2090 1445 1446 1447 7939 7940 7417 
2091 1424 1426 1427 7941 7942 7016 
2092 850 2550 2551 6294 7943 7944 
2093 712 711 713 5853 7945 5477 
2094 1980 2617 4034 6713 7946 7947 
2095 1389 1390 1391 7948 7949 7381 
2096 714 772 3880 4677 7950 7592 
2097 2072 2071 3523 4433 7951 7952 
2098 1065 1067 3893 7744 6414 7953 
2099 1441 1444 1445 7954 7955 7389 
2100 1427 1428 1429 7956 7957 7482 
2101 3460 1328 3665 6288 7958 7959 
2102 1043 1044 1045 7960 7961 7962 
2103 2254 3211 3980 5041 7963 7964 
2104 1646 1644 3723 7544 7362 6213 
2105 74 1261 2674 7965 5583 7410 
2106 1068 75 2674 7966 7411 7159 
2107 888 2548 3213 7967 7968 6342 
2108 1429 1430 1431 7969 7970 7662 
2109 2033 3615 4011 7971 7972 6475 
2110 1439 1440 1441 7973 7974 6938 
2111 897 896 899 5616 7975 6188 
2112 1047 1030 3836 5308 7976 7061 
2113 1391 1393 1575 7977 7978 6830 
2114 2627 1859 3069 6544 7979 7980 
2115 1425 3087 3969 7981 7982 5599 
2116 1572 2496 3169 6993 7983 7984 
2117 2567 625 2568 6005 7985 7986 
2118 2536 3860 3892 7987 7988 7989 
2119 2247 2311 3334 6231 7990 6932 
2120 1242 1288 2545 7618 5158 6902 
2121 2532 708 3242 7656 7991 6941 
2122 939 2744 3197 7992 7993 5781 
2123 1431 1432 1433 7994 7995 7654 
2124 1437 1438 1439 7996 7997 7464 
2125 614 2428 2429 7998 7999 6813 
2126 1433 1434 1435 8000 8001 7506 
2127 1435 1436 1437 8002 8003 7627 
2128 2300 1954 3427 8004 8005 8006 
2129 693 696 3164 4142 6517 6859 
2130 1293 1344 1345 8007 8008 8009 
2131 1269 1267 3115 6049 8010 8011 
2132 712 2328 3618 4841 8012 8013 
2133 3408 2581 3416 7462 8014 8015 
2134 213 212 2459 314 6251 8016 
2135 776 2333 2685 6899 8017 8018 
2136 813 3378 3379 8019 7108 8020 
2137 2759 2518 2978 8021 7620 8022 
2138 994 995 996 8023 8024 4927 
2139 2388 1089 2389 8025 8026 8027 
2140 936 2598 2599 7886 8028 8029 
2141 2212 2535 3220 6542 8030 8031 
2142 1108 1023 2316 6211 5934 8032 
2143 2470 2353 3178 5771 7262 8033 
2144 2452 2453 3185 8034 8035 7531 
2145 2581 2602 3416 8036 8037 8014 
2146 1697 2447 3702 8038 8039 8040 
2147 2157 2188 2363 6998 8041 8042 
2148 1236 1220 3146 4340 8043 8044 
2149 2458 21 3318 5138 8045 8046 
2150 961 969 3740 4622 6249 5948 
2151 786 2207 3296 4722 8047 7554 
2152 2774 568 3138 6393 8048 8049 
2153 2394 2393 3563 8050 6181 5890 
2154 656 655 657 8051 8052 8053 
2155 1932 3680 3860 8054 8055 7538 
2156 3057 2871 3392 8056 8057 8058 
2157 2534 2533 2604 8059 7867 6719 
2158 2528 2529 2530 8060 8061 7825 
2159 2488 2487 3675 7821 8062 8063 
2160 2067 2066 2173 8064 7777 8065 
2161 2121 1956 2300 8066 8067 8068 
2162 1512 1536 1547 8069 8070 8071 
2163 2597 562 3404 7308 8072 8073 
2164 1488 3385 3532 7551 8074 8075 
2165 1503 2401 2402 6243 8076 6724 
2166 3386 1488 3524 7552 8077 8078 
2167 1282 1283 1525 7413 8079 8080 
2168 845 847 2263 7766 8081 5628 
2169 1020 950 3061 4544 4854 6569 
2170 2185 2491 2492 6080 8082 8083 
2171 420 2441 3468 8084 8085 8086 
2172 1464 1459 1465 6753 8087 8088 
2173 1506 1508 2528 8089 8090 7733 
2174 1673 1664 3841 8091 5824 8092 
2175 1512 1547 2641 8071 8093 8094 
2176 1391 1392 1393 8095 8096 7977 
2177 3291 1771 3380 8097 8098 7556 
2178 2238 2239 3182 4581 8099 8100 
2179 1045 1050 1051 8101 8102 5154 
2180 1365 1367 1369 8103 8104 8105 
2181 1657 1666 2679 8106 8107 8108 
2182 1277 1019 1286 6661 8109 8110 
2183 2735 3017 3692 6097 8111 8112 
2184 1576 2531 2576 8113 8114 8115 
2185 2417 1482 2418 6357 6798 8116 
2186 2579 2577 2602 8117 8118 8119 
2187 650 648 3241 8120 8121 8122 
2188 3188 1733 3857 5252 8123 8124 
2189 2323 1664 3613 5822 8125 8126 
2190 2794 2982 3623 6092 8127 8128 
2191 1274 1273 1574 6981 8129 8130 
2192 909 914 3899 4259 8131 8132 
2193 1575 1393 2540 7978 8133 7731 
2194 95 943 2612 8134 8135 8136 
2195 2029 2620 2621 7281 6246 8137 
2196 1263 1264 1326 7805 8138 5062 
2197 2276 2928 3823 7245 8139 5638 
2198 2842 3202 3274 8140 8141 8142 
2199 3113 1325 3792 4890 6020 8143 
2200 1510 1512 2641 8144 8094 8145 
2201 3033 3492 3943 8146 8147 8148 
2202 2821 2820 2822 8149 5529 8150 
2203 3534 789 3743 8151 8152 7149 
2204 2715 3066 3476 8153 8154 8155 
2205 1073 3127 3638 8156 8157 8158 
2206 2337 2338 2537 6445 8159 5844 
2207 1409 1412 1413 8160 8161 6458 
2208 2506 1916 2507 8162 8163 8164 
2209 1909 2284 3330 5318 5790 5297 
2210 3788 2923 3864 7371 8165 8166 
2211 2285 2768 3551 8167 8168 8169 
2212 2258 3046 4052 6925 8170 8171 
2213 3093 2649 3667 7296 6759 8172 
2214 1018 1277 1717 6662 8173 8174 
2215 1932 1933 1937 8175 8176 8177 
2216 568 2501 3239 6392 7123 8178 
2217 2872 2873 2874 6990 7851 8179 
2218 776 2685 3861 8018 8180 8181 
2219 1267 1517 3115 6929 8182 8010 
2220 1987 1984 2709 8183 7669 7771 
2221 1986 1991 2709 8184 6048 7668 
2222 1567 1510 2641 8185 8145 8186 
2223 98 668 2591 8187 8188 8189 
2224 2408 1026 3401 6531 4446 8190 
2225 2428 618 2475 7477 8191 8192 
2226 2429 3168 3925 8193 8194 4234 
2227 2866 2863 2937 8195 8196 6838 
2228 1393 1395 2540 8197 8198 8133 
2229 2237 2251 3384 8199 8200 6482 
2230 2591 668 2592 8188 8201 8202 
2231 2525 2524 3400 5233 7784 8203 
2232 3415 2189 3762 7752 8204 8205 
2233 2597 2596 3923 8206 6678 7309 
2234 1220 1217 3945 5662 4463 8207 
2235 2608 2606 3564 8208 8209 7561 
2236 1280 1281 3139 8210 8211 8212 
2237 2307 1410 3288 7403 7466 8213 
2238 2616 1090 3456 6069 5453 6897 
2239 1043 1045 3626 7962 5602 8214 
2240 2602 2577 3278 8118 8215 8216 
2241 1005 1274 1581 6982 8217 8218 
2242 1547 1919 2641 8219 7877 8093 
2243 2542 2637 2638 8220 8221 8222 
2244 3000 2471 3790 6624 8223 8224 
2245 720 719 721 5996 8225 7540 
2246 1185 2295 2589 4859 5134 8226 
2247 683 682 684 8227 5210 8228 
2248 1369 1370 1371 8229 8230 8231 
2249 3312 2158 3474 6276 8232 8233 
2250 2614 2664 2665 8234 8235 8236 
2251 1453 1455 3243 7788 7895 7550 
2252 707 267 2687 8237 7795 6882 
2253 266 793 2687 8238 7428 7794 
2254 2934 2935 3788 8239 8240 8241 
2255 2760 729 3089 8242 8243 8244 
2256 2556 2558 2559 8245 8246 6666 
2257 2576 2531 2577 8114 8247 8248 
2258 1508 1510 1567 8249 8185 8250 
2259 1188 1178 1189 4925 8251 6240 
2260 1654 1657 2679 4285 8108 6412 
2261 1892 2255 3261 8252 8253 6945 
2262 1947 3320 3963 7388 8254 8255 
2263 2610 949 2656 8256 8257 8258 
2264 1393 1394 1395 8259 8260 8197 
2265 851 2600 2601 6751 5860 8261 
2266 2617 1072 3994 7005 7916 8262 
2267 1932 1937 3842 8177 8263 8264 
2268 2474 783 3816 5660 7836 7095 
2269 2411 2410 2412 6768 8265 8266 
2270 1944 3399 3672 8267 8268 8269 
2271 2055 2054 2288 8270 6419 8271 
2272 906 920 2385 4229 8272 8273 
2273 97 96 2611 198 8274 8275 
2274 1240 1290 1291 6790 8276 8277 
2275 1290 1241 1324 6789 8278 8279 
2276 906 2385 3784 8273 8280 8281 
2277 3185 2453 3280 8035 8282 8283 
2278 2343 2411 3869 6769 8284 7033 
2279 2438 1907 3785 7610 8285 8286 
2280 2589 1821 3778 4458 8287 6576 
2281 2875 2873 2885 7852 6578 8288 
2282 977 980 3329 6345 8289 8290 
2283 2392 2391 3694 8291 6324 5667 
2284 103 102 2499 204 7379 8292 
2285 2533 1567 2641 8293 8186 7876 
2286 2612 943 2613 8135 8294 8295 
2287 2775 2774 3138 8296 8049 8297 
2288 2603 563 2708 4999 8298 6029 
2289 3728 2036 3949 7111 8299 8300 
2290 1334 1335 1336 7040 8301 8302 
2291 2611 96 2612 8274 8303 8304 
2292 2934 3788 3864 8241 8166 8305 
2293 2553 1354 3044 7756 8306 8307 
2294 2905 2919 3828 8308 6062 8309 
2295 1683 1688 1721 6890 8310 7182 
2296 1374 1376 1377 8311 8312 5279 
2297 1381 1497 2349 6914 8313 5942 
2298 1175 1177 2348 8314 8315 8316 
2299 1517 1268 1518 6928 8317 8318 
2300 716 715 717 5766 8319 6170 
2301 2947 3042 3085 8320 8321 8322 
2302 2804 2806 3114 8323 8324 8325 
2303 980 2202 3329 8326 8327 8289 
2304 598 2775 2776 7859 8328 8329 
2305 2466 2467 2526 8330 7352 8331 
2306 2390 2057 3606 4394 8332 8333 
2307 1484 2576 2578 8334 8335 7603 
2308 600 1827 2775 8336 8337 7858 
2309 1395 1504 2540 8338 8339 8198 
2310 990 991 992 8340 8341 5269 
2311 2938 2939 3392 8342 8343 8344 
2312 1278 3170 3585 8345 4948 8346 
2313 2498 1636 4051 7125 8347 8348 
2314 2563 2077 3367 6950 8349 7658 
2315 1633 1825 2310 8350 8351 6965 
2316 2379 2378 2728 8352 8353 8354 
2317 1202 1201 1203 6797 8355 6021 
2318 1657 1660 1666 7015 8356 8106 
2319 1615 1642 1643 6363 6453 8357 
2320 1656 1653 3237 4106 5864 7220 
2321 2466 1575 2467 7022 7730 8330 
2322 670 665 671 8358 5326 8359 
2323 2986 2391 3412 5548 8360 8361 
2324 2321 731 3597 5793 8362 8363 
2325 3289 2217 3817 7247 8364 8365 
2326 641 640 642 8366 6774 8367 
2327 787 221 2626 8368 8369 6886 
2328 949 2610 2654 8256 8370 8371 
2329 1132 1131 1133 6618 8372 6137 
2330 2540 1504 2541 8339 8373 7359 
2331 1451 1481 2342 7079 8374 6574 
2332 968 1025 1026 8375 8376 6530 
2333 3387 2254 3980 8377 7964 8378 
2334 889 903 3709 4590 8379 6592 
2335 1365 1369 2751 8105 8380 8381 
2336 996 997 998 8382 8383 5267 
2337 954 3122 3150 5050 8384 8385 
2338 2542 1504 2637 8386 8387 8220 
2339 2309 2980 4047 7174 8388 8389 
2340 2712 2136 3431 4688 8390 7677 
2341 2885 2942 2943 6976 8391 8392 
2342 1395 1397 1504 8393 8394 8338 
2343 2685 3481 3861 5835 8395 8180 
2344 2607 2606 2608 6556 8208 8396 
2345 1369 1367 1370 8104 8397 8229 
2346 1517 1917 3115 8398 8399 8182 
2347 2433 2434 2485 7152 8400 6699 
2348 1613 3194 3979 6477 8401 8402 
2349 1413 2366 2555 7171 8403 6459 
2350 691 3697 3699 8404 6762 8405 
2351 2839 2840 2841 7648 8406 8407 
2352 1499 1506 1576 8408 7732 8409 
2353 1395 1396 1397 8410 8411 8393 
2354 2550 2221 2551 4357 5533 7943 
2355 3389 2911 3521 8412 8413 7814 
2356 2366 2367 2369 7244 8414 8415 
2357 2367 1489 2368 7243 6638 8416 
2358 2763 2762 2764 5603 6389 5613 
2359 3342 1200 3963 8417 8418 8419 
2360 2559 2558 2560 8246 8420 6150 
2361 1628 1916 2506 8421 8162 8422 
2362 1532 2580 2582 7267 8423 7910 
2363 2580 2579 2581 7266 8424 8425 
2364 2309 2322 3683 8426 7878 7175 
2365 2366 2369 2555 8415 8427 8403 
2366 2662 921 3332 6469 5631 8428 
2367 1266 1527 1577 7294 8429 8430 
2368 1527 1265 1700 7293 4886 7311 
2369 1499 1576 2576 8409 8115 8431 
2370 2555 2369 2556 8427 8432 6103 
2371 215 214 2552 316 7474 8433 
2372 861 884 3478 4632 8434 6308 
2373 2471 576 3501 6623 8435 8436 
2374 96 95 2612 197 8136 8303 
2375 1700 2479 3123 5424 8437 7312 
2376 1687 1686 1694 7536 8438 8439 
2377 818 823 2766 8440 8441 8442 
2378 1512 1535 1536 8443 8444 8069 
2379 3370 856 3690 8445 8446 8447 
2380 2643 2449 3215 6590 6795 8448 
2381 1531 2468 3178 8449 8450 7599 
2382 241 240 2630 342 5923 8451 
2383 1179 241 2630 8452 8451 8453 
2384 2468 2469 2470 7377 5076 8454 
2385 2469 2466 2526 7376 8331 6376 
2386 3602 1259 3631 8455 8456 8457 
2387 1484 1499 2576 8458 8431 8334 
2388 1441 1493 2400 7391 8459 6939 
2389 617 2759 2978 8460 8022 8461 
2390 2632 2633 3905 7313 8462 6512 
2391 792 2602 3278 8463 8216 7054 
2392 1513 1424 2416 7434 7017 8464 
2393 1464 1465 1599 8088 8465 8466 
2394 1052 3097 3469 8467 8468 7162 
2395 1088 1282 3071 6117 8469 5785 
2396 566 2651 3277 4982 8470 8471 
2397 1928 2178 2217 8472 8473 7621 
2398 2667 2668 2669 8474 8475 7499 
2399 1510 1511 1512 8476 8477 8144 
2400 2239 2240 2257 7481 4486 8478 
2401 1637 906 3784 7035 8281 8479 
2402 2841 2840 2842 8406 8480 8481 
2403 2800 2804 2948 8482 8483 8484 
2404 1504 1397 2637 8394 8485 8387 
2405 1531 1389 2465 7510 7382 8486 
2406 1387 1531 2564 7511 7598 6858 
2407 2824 2825 2826 7515 8487 8488 
2408 1866 1258 3336 8489 8490 4717 
2409 1581 1274 1582 8217 8491 8492 
2410 2642 2543 3051 8493 8494 7725 
2411 982 970 3208 4619 8495 8496 
2412 1095 1096 1097 8497 8498 5595 
2413 1077 2408 3752 6641 6738 8499 
2414 1026 1027 1028 8500 8501 5243 
2415 2725 2394 3465 5826 5889 8502 
2416 1397 1398 1399 8503 8504 8505 
2417 1294 1257 1295 7569 8506 8507 
2418 101 100 2548 202 7926 8508 
2419 2477 1333 2478 7580 8509 8510 
2420 2297 1655 3974 6665 6234 8511 
2421 2657 2658 2663 8512 8513 8514 
2422 1089 2388 3707 8025 8515 8516 
2423 270 269 2643 371 6591 8517 
2424 709 270 2643 8518 8517 8519 
2425 3323 2387 3739 8520 5286 8521 
2426 2614 943 2664 8522 8523 8234 
2427 2326 1501 2327 8524 7573 8525 
2428 1134 1133 1135 6138 8526 6325 
2429 706 697 3378 7173 8527 8528 
2430 2644 2643 3215 8529 8448 6537 
2431 879 880 4031 8530 8531 7717 
2432 911 1095 3884 8532 8533 8534 
2433 1262 1331 1859 7636 8535 6543 
2434 1331 1275 1332 7635 8536 8537 
2435 1292 1253 1293 7639 8538 8539 
2436 911 1094 1095 8540 8541 8532 
2437 776 3861 4012 8181 8542 8543 
2438 1508 1509 1510 8544 8545 8249 
2439 1028 1029 1030 8546 8547 5307 
2440 1369 1564 2751 8548 8549 8380 
2441 3824 2680 3834 8550 8551 8552 
2442 1255 3172 3933 6010 8553 8554 
2443 1397 1399 2637 8505 8555 8485 
2444 2796 2947 3085 8556 8322 5443 
2445 2599 851 3993 6749 8557 8558 
2446 1640 2613 3712 7519 8559 8560 
2447 2066 2497 3645 7779 8561 7778 
2448 622 621 623 8562 5878 8563 
2449 1478 1480 1532 8564 7690 7909 
2450 1494 226 2653 8565 8566 8567 
2451 1006 1018 3204 4565 8568 4215 
2452 882 877 3798 5019 8569 8570 
2453 2057 1931 2553 7715 7870 8571 
2454 1661 1659 1662 7721 8572 8573 
2455 3012 2909 3395 5688 8574 8575 
2456 1030 1031 1032 8576 8577 8578 
2457 983 1276 3582 7223 6261 8579 
2458 1340 1339 1726 7769 8580 8581 
2459 1506 1507 1508 8582 8583 8089 
2460 90 922 2657 8584 8585 8586 
2461 2365 1737 3487 8587 6275 6987 
2462 722 723 724 8588 8589 6760 
2463 1717 1277 1718 8173 8590 8591 
2464 2657 922 2658 8585 8592 8512 
2465 2477 2478 2646 8510 8593 7907 
2466 2075 2760 3089 8594 8244 8595 
2467 1270 1271 1272 7818 8596 8597 
2468 1271 1269 1597 7817 8598 8599 
2469 1576 2530 2531 7826 8600 8113 
2470 2075 3089 3090 8595 8601 8602 
2471 644 228 2666 8603 8604 8605 
2472 1032 1033 1034 8606 8607 8608 
2473 2669 2668 2670 8475 8609 7576 
2474 1335 1101 3134 7039 8610 8611 
2475 1868 2114 2566 8612 4189 8613 
2476 1078 1085 2126 4953 8614 5420 
2477 1336 1335 1337 8301 8615 8616 
2478 2447 2009 3702 8617 5472 8039 
2479 88 921 2671 8618 6471 8619 
2480 2541 2543 2642 8620 8493 7738 
2481 2875 2885 3461 8288 8621 8622 
2482 2504 849 2505 7914 8623 8624 
2483 2605 2586 2606 7919 8625 6745 
2484 1499 1505 1506 8626 8627 8408 
2485 2285 3551 3754 8169 8628 7298 
2486 2345 2344 2346 7929 8629 8630 
2487 1225 1210 2437 4509 8631 8632 
2488 2065 1877 2066 8633 6863 8634 
2489 2264 1949 3845 8635 7492 8636 
2490 1687 1694 1695 8439 8637 8638 
2491 99 98 2591 200 8189 8639 
2492 1034 1035 1036 8640 8641 5335 
2493 1399 1400 1401 8642 8643 8644 
2494 789 230 2673 8645 8646 8647 
2495 1327 1594 1595 8648 8649 8650 
2496 2119 1631 2676 8651 8652 8653 
2497 1472 1474 1538 8654 6597 7534 
2498 3254 2312 4071 4616 8655 8656 
2499 771 726 2521 6747 8657 7252 
2500 1990 3177 3457 8658 7575 8659 
2501 1484 1498 1499 8660 8661 8458 
2502 668 97 2611 8662 8275 8663 
2503 3713 1797 3847 8664 8665 7775 
2504 1345 1344 1346 8008 8666 8667 
2505 3201 2293 3664 7600 8668 8669 
2506 2772 2502 2773 8670 6877 7773 
2507 1399 1627 2637 8671 8672 8555 
2508 1894 3311 3379 5017 4307 7107 
2509 1829 2725 3608 5686 8673 8674 
2510 2075 817 2760 8675 8676 8594 
2511 2441 420 4050 8084 8677 8678 
2512 1036 1037 1038 8679 8680 5958 
2513 1467 1469 1592 8681 7439 8682 
2514 2111 1807 3161 8683 8684 7415 
2515 3113 3792 3942 8143 8685 7872 
2516 2234 2635 2636 4576 7713 6120 
2517 2796 2787 2946 7831 8686 8687 
2518 2917 2921 3448 8688 6778 8689 
2519 2381 3789 3926 7105 8690 8691 
2520 1190 1189 1191 6241 8692 6359 
2521 2833 3074 3105 8693 8694 8695 
2522 1547 1536 1548 8070 8696 8697 
2523 2402 2401 2403 8076 8698 8699 
2524 2637 1627 2638 8672 8700 8221 
2525 685 684 686 8701 6374 8702 
2526 1282 1525 1526 8080 8703 8704 
2527 1525 1283 1530 8079 8705 8706 
2528 2333 3372 3603 6901 8707 8708 
2529 2380 909 3899 6546 8132 8709 
2530 1480 1483 1484 8710 8711 7602 
2531 998 999 1000 8712 8713 7891 
2532 1465 1466 1467 8714 8715 8716 
2533 955 987 988 8717 8718 5376 
2534 1776 2165 2549 8719 6636 8720 
2535 1286 1019 1287 8109 8721 8722 
2536 2417 2418 2419 8116 8723 8724 
2537 1129 1125 3440 5642 8725 7897 
2538 1101 1108 3134 6212 4455 8610 
2539 1399 1401 1627 8644 8726 8671 
2540 1935 1931 1936 8727 7714 8728 
2541 1800 2196 2681 8729 8730 8731 
2542 107 898 3733 8732 8733 8734 
2543 2387 3677 4013 8735 8736 5152 
2544 2119 2676 2677 8653 8737 8738 
2545 1194 1193 1195 6367 8739 6353 
2546 1326 1264 1327 8138 8740 8741 
2547 221 220 2626 322 8742 8369 
2548 709 2643 2644 8519 8529 8743 
2549 2537 2338 2538 8159 8744 5181 
2550 2057 2553 3148 8571 8745 8746 
2551 2812 2811 2813 8747 7700 8748 
2552 3492 935 3943 6206 8749 8147 
2553 1192 1191 1193 6360 8750 6366 
2554 791 235 2678 8751 8752 8753 
2555 1038 1039 1040 8754 8755 5349 
2556 1478 1479 1480 8756 8757 8564 
2557 2664 2652 2665 8758 8759 8235 
2558 2701 1987 3162 8760 7772 8761 
2559 2646 2478 2647 8593 8762 8763 
2560 3571 2539 3655 8764 7235 8765 
2561 2592 668 2593 8201 8766 8767 
2562 2310 2710 3070 8768 5729 5512 
2563 2529 2534 3156 8769 6704 8770 
2564 1785 1783 1786 8771 8772 8773 
2565 2475 618 2495 8191 8774 8775 
2566 1019 1017 3252 5095 7451 8776 
2567 729 727 3089 8777 8778 8243 
2568 1032 1034 3286 8608 5067 8779 
2569 1369 1371 1564 8231 8780 8548 
2570 1371 1370 1372 8230 8781 8782 
2571 2542 2638 3249 8222 8783 8784 
2572 652 653 654 6562 6801 8785 
2573 1476 1477 1478 8786 8787 7075 
2574 2576 2577 2578 8248 8788 8335 
2575 2387 2206 3677 8789 8790 8735 
2576 1508 1567 2528 8250 8791 8090 
2577 3073 804 3076 8792 8793 8794 
2578 1291 1290 1579 8276 8795 8796 
2579 1324 1241 2034 8278 8797 8798 
2580 1401 1402 1404 8799 8800 8801 
2581 2479 3046 3123 8802 6927 8437 
2582 3489 3488 3912 8803 5962 8804 
2583 2613 943 2614 8294 8522 8805 
2584 3087 1425 4023 7981 8806 8807 
2585 2446 938 3729 7854 7137 8808 
2586 1474 1475 1476 8809 8810 6035 
2587 1467 1468 1469 8811 8812 8681 
2588 2942 2849 3124 7842 8813 8814 
2589 1721 1688 1804 8310 8815 8816 
2590 1472 1473 1474 8817 8818 8654 
2591 2349 1497 2350 8313 8819 6646 
2592 2923 3060 3864 8820 8821 8165 
2593 1518 1268 1519 8317 8822 8823 
2594 1517 1518 1741 8318 8824 8825 
2595 65 865 2692 8826 8827 8828 
2596 1469 1471 1472 8829 8830 6693 
2597 1666 1660 1667 8356 8831 8832 
2598 2541 1504 2542 8373 8386 8833 
2599 2342 1481 2343 8374 4351 6522 
2600 2092 2095 4030 8834 8835 8836 
2601 1401 1404 2719 8801 8837 8838 
2602 943 94 2664 8839 8840 8523 
2603 1596 1739 1740 8841 8842 8843 
2604 2667 1799 2668 8844 8845 8474 
2605 3094 2747 3622 7686 8846 8847 
2606 1910 3272 3330 8848 7141 5789 
2607 1146 243 2683 8849 8850 8851 
2608 3222 809 3647 6771 8852 8853 
2609 2692 865 2693 8827 8854 8855 
2610 2367 2368 2370 8416 8856 8857 
2611 3473 2213 3474 5682 8858 8859 
2612 2581 2579 2602 8424 8119 8036 
2613 2582 2580 2583 8423 8860 8861 
2614 93 2652 2664 8862 8758 8863 
2615 1915 2662 3332 6183 8428 8864 
2616 222 787 3051 8865 7726 8866 
2617 2840 2835 3105 7647 8867 8868 
2618 1577 1527 1710 8429 6258 8869 
2619 1266 1577 1578 8430 8870 8871 
2620 2556 2369 2557 8432 8872 8873 
2621 2937 2863 3032 8196 8874 7845 
2622 244 1146 2684 8875 8876 8877 
2623 662 663 664 5868 6977 8878 
2624 2491 2490 3087 6079 4379 8879 
2625 226 225 2653 327 8880 8566 
2626 1030 1032 3674 8578 8881 8882 
2627 1631 1629 2676 8883 8884 8652 
2628 92 667 2652 8885 8886 8887 
2629 57 563 2707 8888 5000 8889 
2630 2659 922 2671 8890 8891 7184 
2631 2069 2358 3419 7739 8892 8893 
2632 1289 2380 2381 6547 7103 8894 
2633 2400 1493 2544 8459 4921 6912 
2634 1404 1708 2719 8895 7100 8837 
2635 246 1443 2688 8896 8897 8898 
2636 1799 1800 2681 8899 8731 8900 
2637 91 90 2657 192 8586 8901 
2638 1513 2416 2554 8464 7032 4282 
2639 2587 2585 3063 7917 7052 7337 
2640 1464 1599 1600 8466 8902 6297 
2641 2530 2529 3156 8061 8770 8903 
2642 228 227 2666 329 8904 8604 
2643 2239 2257 2317 8478 8905 8906 
2644 2841 2842 2843 8481 8907 8908 
2645 1401 1400 1402 8643 8909 8799 
2646 1531 2465 2468 8486 7479 8449 
2647 2824 2826 2828 8488 8910 8911 
2648 2826 2825 2827 8487 8912 8913 
2649 565 2729 2730 8914 8915 8916 
2650 1581 1582 1583 8492 8917 8918 
2651 1294 1295 1812 8507 8919 8920 
2652 1295 1257 2627 8506 7475 8921 
2653 89 88 2671 190 8619 8922 
2654 2383 2382 3681 8923 7397 6335 
2655 1136 1135 1137 6326 8924 6495 
2656 2625 1721 3367 7183 8925 8926 
2657 1331 1332 1533 8537 8927 8928 
2658 858 3458 3459 4474 6144 6793 
2659 230 229 2673 331 8929 8646 
2660 2089 3127 3267 8930 6630 5858 
2661 2694 865 2703 8931 8932 8933 
2662 1661 1662 1663 8573 7020 8934 
2663 2723 2718 2726 8935 8936 8937 
2664 2204 3217 3631 6866 8938 8939 
2665 1467 1592 3086 8682 7446 8940 
2666 1340 1726 1727 8581 8941 8942 
2667 1717 1718 1879 8591 8943 8944 
2668 1573 1799 2667 8945 8844 8946 
2669 2658 922 2659 8592 8890 8947 
2670 2944 2882 3909 6321 8948 8949 
2671 671 777 3445 5328 8950 7422 
2672 1272 1271 1523 8596 8951 8952 
2673 3042 770 3085 8953 8954 8321 
2674 2531 2530 2532 8600 8955 8956 
2675 1145 1144 1147 6423 8957 6467 
2676 66 65 2692 167 8828 8958 
2677 1336 1337 1338 8616 8959 8960 
2678 1337 1335 1772 8615 8961 8962 
2679 84 83 2675 185 8963 8964 
2680 1332 1275 1853 8536 5997 8965 
2681 2345 2346 2347 8630 8966 8967 
2682 235 234 2678 336 8968 8752 
2683 1687 1695 1699 8638 8969 8970 
2684 1695 1694 1886 8637 8971 8972 
2685 2713 2714 2715 8973 8974 8975 
2686 1595 1594 1596 8649 8976 8977 
2687 3051 2543 3181 8494 8978 8979 
2688 1566 1565 3167 8980 4955 8981 
2689 1345 1346 1568 8667 8982 8983 
2690 972 971 973 8984 6785 8985 
2691 1404 1402 1405 8800 8986 8987 
2692 1697 2 3371 8988 8989 8990 
2693 2 1892 3371 8991 7549 8989 
2694 467 579 2776 8992 8993 8994 
2695 58 57 2707 159 8889 8995 
2696 1548 1536 1549 8696 8996 8997 
2697 1547 1548 1918 8697 8998 8999 
2698 1357 2575 3148 7790 9000 9001 
2699 2402 2403 2405 8699 9002 9003 
2700 2403 2401 2404 8698 6845 9004 
2701 2638 1627 2639 8700 9005 9006 
2702 1530 1283 1590 8705 9007 9008 
2703 1526 1525 1777 8703 9009 9010 
2704 1627 1401 2719 8726 8838 9011 
2705 2713 1684 2714 9012 9013 8973 
2706 1286 1287 1711 8722 9014 9015 
2707 7 1684 2713 9016 9012 9017 
2708 2419 2418 2421 8723 9018 9019 
2709 2417 2419 2420 8724 9020 6973 
2710 2447 1697 3946 8038 9021 9022 
2711 79 669 2680 9023 9024 9025 
2712 2689 866 2690 9026 9027 9028 
2713 9 781 2716 9029 9030 9031 
2714 709 2644 2645 8743 5441 9032 
2715 2538 2338 2539 8744 9033 9034 
2716 2691 66 2692 9035 8958 9036 
2717 2647 2478 2648 8762 9037 9038 
2718 12 2718 2723 9039 8935 9040 
2719 2593 668 2611 8766 8663 9041 
2720 2592 2593 2594 8767 6961 9042 
2721 657 655 3997 8052 9043 7062 
2722 565 275 2729 9044 9045 8914 
2723 1785 1786 1787 8773 9046 9047 
2724 243 242 2683 344 9048 8850 
2725 2495 618 2567 8774 6565 9049 
2726 1404 1405 1406 8987 9050 9051 
2727 1371 1372 1373 8782 9052 9053 
2728 2578 2577 2579 8788 8117 7315 
2729 2528 1567 2529 8791 9054 8060 
2730 2742 844 2743 9055 9056 9057 
2731 279 799 2737 9058 9059 9060 
2732 1291 1579 1580 8796 9061 9062 
2733 2748 703 2749 9063 9064 9065 
2734 245 244 2684 346 8877 9066 
2735 25 843 2744 9067 9068 9069 
2736 2700 867 2701 9070 9071 9072 
2737 286 703 2748 9073 9063 9074 
2738 1721 1804 2280 8816 9075 9076 
2739 1804 1688 2009 8815 9077 9078 
2740 2350 1497 2351 8819 6415 9079 
2741 1518 1519 1520 8823 9080 9081 
2742 1517 1741 1917 8825 9082 8398 
2743 1143 1142 1144 7073 9083 6422 
2744 247 246 2688 348 8898 9084 
2745 2732 2733 2735 9085 9086 9087 
2746 1667 1660 1689 8831 9088 9089 
2747 1666 1667 1668 8832 9090 9091 
2748 2705 58 2707 9092 8995 9093 
2749 2785 2802 2946 9094 9095 9096 
2750 2787 2785 2946 9097 9096 8686 
2751 2541 2542 2543 8833 9098 8620 
2752 1740 1739 2382 8842 9099 9100 
2753 2668 1799 2681 8845 8900 9101 
2754 2073 2157 2170 5144 9102 9103 
2755 2256 1677 2752 9104 9105 9106 
2756 1348 1357 3044 9107 9108 9109 
2757 67 66 2691 168 9035 9110 
2758 2693 865 2694 8854 8931 5136 
2759 2370 2368 2371 8856 9111 9112 
2760 1682 979 3769 4611 7591 9113 
2761 923 69 2689 9114 9115 9116 
2762 2582 2583 2584 8861 9117 6675 
2763 1647 1646 1649 9118 5505 9119 
2764 1399 1398 1400 8504 9120 8642 
2765 1577 1710 1823 8869 9121 9122 
2766 2556 2557 2558 8873 9123 8245 
2767 68 866 2689 9124 9026 9125 
2768 2711 928 2712 9126 4942 9127 
2769 1362 1365 2751 9128 8381 9129 
2770 1833 1362 2751 9130 9129 9131 
2771 253 252 2699 354 9132 9133 
2772 1465 1459 1466 8087 9134 8714 
2773 579 598 2776 9135 8329 8993 
2774 466 467 2776 481 8994 9136 
2775 1808 2111 2695 9137 7131 9138 
2776 1600 1599 1779 8902 9139 9140 
2777 865 64 2703 9141 9142 8932 
2778 2317 2257 2441 8905 9143 9144 
2779 2843 2842 2844 8907 9145 9146 
2780 2464 2294 3750 7194 9147 9148 
2781 2827 2825 2880 8912 9149 9150 
2782 2828 2826 2829 8910 9151 9152 
2783 59 58 2705 160 9092 9153 
2784 1583 1582 1584 8917 9154 9155 
2785 1827 2774 2775 7013 8296 8337 
2786 63 2700 2703 9156 9157 9158 
2787 1812 1295 1820 8919 9159 9160 
2788 62 867 2700 9161 9070 9162 
2789 1533 1332 1534 8927 9163 9164 
2790 867 61 2702 9165 9166 9167 
2791 2720 795 2721 9168 9169 9170 
2792 2729 2722 2730 9171 4378 8915 
2793 60 924 2702 9172 9173 9174 
2794 1661 1663 2070 8934 9175 9176 
2795 1377 1376 1378 8312 9177 5464 
2796 797 2732 2735 9178 9087 9179 
2797 1340 1727 1829 8942 9180 9181 
2798 2732 798 2733 9182 9183 9085 
2799 1879 1718 1880 8943 9184 9185 
2800 2658 2659 2660 8947 6968 9186 
2801 2740 844 2741 9187 9188 9189 
2802 1272 1523 1524 8952 9190 9191 
2803 2845 2846 3032 9192 9193 9194 
2804 2796 2946 2947 8687 9195 8556 
2805 1337 1772 1773 8962 9196 9197 
2806 1336 1338 1893 8960 9198 9199 
2807 8 7 2713 109 9017 9200 
2808 54 928 2711 9201 9126 9202 
2809 2345 2347 2356 8967 9203 7116 
2810 10 9 2716 111 9031 9204 
2811 1695 1886 1887 8972 9205 9206 
2812 13 12 2723 114 9040 9207 
2813 275 274 2729 376 9208 9045 
2814 1345 1568 1724 8983 9209 9210 
2815 1568 1346 1569 8982 9211 9212 
2816 297 296 2736 398 9213 9214 
2817 280 279 2737 381 9060 9215 
2818 2720 2722 2729 9216 9171 9217 
2819 1677 310 2752 9218 9219 9105 
2820 309 794 2752 9220 9221 9222 
2821 1547 1918 1919 8999 9223 8219 
2822 1548 1549 1550 8997 9224 9225 
2823 26 25 2744 127 9069 9226 
2824 2402 2405 2406 9003 9227 7394 
2825 287 286 2748 388 9074 9228 
2826 2639 1627 2719 9005 9011 6680 
2827 1526 1777 1811 9010 9229 9230 
2828 1530 1590 1591 9008 9231 9232 
2829 2482 2340 2483 5275 6549 5100 
2830 794 308 2717 9233 9234 9235 
2831 1286 1711 1822 9015 9236 9237 
2832 1711 1287 1712 9014 9238 9239 
2833 307 638 2717 9240 9241 9242 
2834 2419 2421 2426 9019 4880 9243 
2835 2421 2418 2422 9018 7441 9244 
2836 11 985 2718 9245 9246 9247 
2837 2734 798 2736 9248 9249 9250 
2838 273 795 2720 9251 9168 9252 
2839 2647 2648 2649 9038 9253 7295 
2840 1228 2397 3429 6603 9254 4668 
2841 1787 1786 1788 9046 9255 9256 
2842 2948 965 2997 9257 9258 9259 
2843 2800 2948 2997 8484 9259 9260 
2844 1404 1406 1708 9051 6447 8895 
2845 1406 1405 1407 9050 9261 9262 
2846 17 927 2728 9263 9264 9265 
2847 1373 1372 1374 9052 9266 5674 
2848 797 299 2732 9267 9268 9178 
2849 298 798 2732 9269 9182 9270 
2850 2529 1567 2533 9054 8293 9271 
2851 562 38 2739 9272 9273 9274 
2852 37 2738 2739 9275 9276 9277 
2853 1291 1580 1860 9062 9278 9279 
2854 1580 1579 2086 9061 9280 9281 
2855 36 937 2738 9282 9283 9284 
2856 937 35 2740 9285 9286 9287 
2857 1930 1925 1931 9288 7869 9289 
2858 34 844 2740 9290 9187 9291 
2859 844 33 2743 9292 9293 9056 
2860 32 940 2743 9294 9295 9296 
2861 801 291 2745 9297 9298 9299 
2862 940 31 2747 9300 9301 7685 
2863 27 939 2746 9302 6619 9303 
2864 290 705 2745 9304 9305 9306 
2865 30 842 2747 9307 9308 9309 
2866 705 289 2750 9310 9311 9312 
2867 288 802 2750 9313 9314 9315 
2868 1804 2009 2447 9078 8617 9316 
2869 2350 2351 2352 9079 9317 9318 
2870 1917 1741 2221 9082 5532 9319 
2871 1520 1519 1542 9080 9320 9321 
2872 1668 1667 1669 9090 9322 9323 
2873 1740 2382 2383 9100 8923 9324 
2874 2863 2845 3032 9325 9194 8874 
2875 3749 2261 3966 9326 9327 9328 
2876 2370 2371 2373 9112 9329 9330 
2877 2371 2368 2372 9111 7420 9331 
2878 2584 2583 2585 9117 7051 6012 
2879 1823 1710 2189 9121 9332 9333 
2880 2846 2849 3032 9334 7844 9193 
2881 1600 1779 1965 9140 9335 9336 
2882 1779 1599 1941 9139 9337 7431 
2883 2843 2844 2845 9146 9338 9339 
2884 2827 2880 2881 9150 9340 9341 
2885 2828 2829 2830 9152 9342 9343 
2886 1583 1584 1585 9155 9344 9345 
2887 1812 1820 2610 9160 9346 9347 
2888 1533 1534 1914 9164 9348 9349 
2889 2720 2721 2722 9170 4708 9216 
2890 2070 1663 2215 9175 4359 9350 
2891 2947 3073 3076 9351 8794 9352 
2892 1829 1727 1830 9180 9353 5684 
2893 2733 798 2734 9183 9248 4150 
2894 1879 1880 1881 9185 9354 9355 
2895 1880 1718 1959 9184 9356 9357 
2896 735 732 2760 9358 9359 9360 
2897 2741 844 2742 9188 9055 4556 
2898 1524 1523 1570 9190 9361 9362 
2899 1893 1338 2230 9198 9363 9364 
2900 1773 1772 2377 9196 9365 9366 
2901 2356 2347 2357 9203 9367 4871 
2902 1887 1886 2145 9205 9368 9369 
2903 2471 1824 2758 9370 9371 9372 
2904 1568 1569 1816 9212 9373 9374 
2905 1919 1918 2432 9223 9375 9376 
2906 1550 1549 1551 9224 9377 9378 
2907 2406 2405 2407 9227 9379 9380 
2908 1530 1591 2154 9232 9381 9382 
2909 1811 1777 2452 9229 9383 9384 
2910 1526 1811 1895 9230 9385 9386 
2911 1591 1590 2169 9231 9387 9388 
2912 1252 1292 3157 7640 9389 9390 
2913 1822 1711 2052 9236 9391 9392 
2914 1712 1287 1793 9238 9393 9394 
2915 2421 2422 2423 9244 9395 4731 
2916 817 735 2760 9396 9360 8676 
2917 2649 2648 2650 9253 9397 4578 
2918 1788 1786 1832 9255 9398 9399 
2919 1787 1788 1789 9256 9400 9401 
2920 1406 1407 1408 9262 9402 7142 
2921 2529 2533 2534 9271 8059 8769 
2922 1860 1580 1861 9278 9403 9404 
2923 2086 1579 2087 9280 9405 9406 
2924 2352 2351 2353 9317 7261 9407 
2925 2350 2352 2354 9318 9408 6278 
2926 1917 2221 2398 9319 4232 9409 
2927 1520 1542 1543 9321 9410 9411 
2928 1668 1669 1675 9323 9412 9413 
2929 732 729 2760 9414 8242 9359 
2930 1740 2383 2384 9324 9415 9416 
2931 3322 3199 3323 6110 7406 9417 
2932 2371 2372 2374 9331 9418 9419 
2933 1823 2189 2190 9333 7751 7935 
2934 2189 1710 2258 9332 7597 9420 
2935 965 2948 3034 9257 9421 9422 
2936 1824 1632 2758 9423 9424 9371 
2937 1965 1779 2120 9335 4846 9425 
2938 1600 1965 1966 9336 9426 7642 
2939 2845 2844 2846 9338 9427 9192 
2940 2843 2845 2862 9339 9428 9429 
2941 1786 1783 3050 8772 9430 9431 
2942 2827 2881 2890 9341 9432 9433 
2943 2881 2880 2882 9340 9434 9435 
2944 2830 2829 2832 9342 9436 9437 
2945 1585 1584 1603 9344 9438 9439 
2946 2610 1820 2654 9346 9440 8370 
2947 1914 1534 1915 9348 9441 9442 
2948 1533 1914 2133 9349 9443 9444 
2949 1837 1845 2754 9445 9446 9447 
2950 2070 2215 2509 9350 9448 9449 
2951 1830 1727 2030 9353 9450 9451 
2952 1881 1880 1882 9354 9452 9453 
2953 1524 1570 1571 9362 9454 9455 
2954 1570 1523 1831 9361 9456 9457 
2955 1773 2377 2378 9366 4501 9458 
2956 1887 2145 2146 9369 9459 9460 
2957 878 874 4028 7469 6255 9461 
2958 1816 1569 1817 9373 9462 9463 
2959 2432 1918 2448 9375 9464 6396 
2960 1550 1551 1552 9378 9465 9466 
2961 1919 2432 2604 9376 7724 7866 
2962 1841 1847 2767 9467 9468 9469 
2963 2169 1590 2562 9387 9470 4331 
2964 2452 1777 2453 9383 9471 8034 
2965 1895 1811 1896 9385 9472 9473 
2966 2154 1591 2155 9381 9474 9475 
2967 1712 1793 1794 9394 9476 9477 
2968 1822 2052 2250 9392 7097 9478 
2969 2423 2422 2425 9395 6594 9479 
2970 1789 1788 1790 9400 9480 9481 
2971 1408 1407 1409 9402 9482 6351 
2972 2086 2087 2279 9406 5902 9483 
2973 1860 1861 1862 9404 9484 9485 
2974 2354 2352 2355 9408 9486 9487 
2975 1520 1543 1618 9411 9488 9489 
2976 1675 1669 1676 9412 9490 9491 
2977 1847 2759 2767 9492 9493 9468 
2978 2374 2372 2375 9418 6487 9494 
2979 1966 1965 1967 9426 9495 9496 
2980 2862 2845 2863 9428 9325 9497 
2981 2846 2844 2847 9427 9498 9499 
2982 2881 2882 2887 9435 9500 9501 
2983 2832 2829 2833 9436 9502 9503 
2984 2830 2832 2836 9437 9504 9505 
2985 1603 1584 1640 9438 9506 9507 
2986 1585 1603 1604 9439 9508 9509 
2987 2654 1820 2655 9440 9510 5097 
2988 2133 1914 2209 9443 9511 6480 
2989 1915 1534 2473 9441 9512 6835 
2990 1838 1841 2767 9513 9469 9514 
2991 1830 2030 2393 9451 9515 9516 
2992 1881 1882 1883 9453 9517 9518 
2993 1571 1570 1750 9454 9519 9520 
2994 1773 2378 2379 9458 8352 9521 
2995 2146 2145 2298 9459 9522 9523 
2996 1887 2146 2147 9460 9524 9525 
2997 1817 1569 1818 9462 9526 9527 
2998 1844 1840 2765 9528 9529 9530 
2999 1552 1551 1553 9465 9531 9532 
3000 1550 1552 1742 9466 9533 9534 
3001 1895 1896 2282 9473 9535 9536 
3002 1712 1794 1795 9477 9537 9538 
3003 1794 1793 2200 9476 9539 9540 
3004 1353 1355 2761 9541 9542 9543 
3005 1789 1790 1791 9481 9544 9545 
3006 1862 1861 1863 9484 9546 9547 
3007 2313 1844 2765 9548 9530 9549 
3008 1618 1543 1619 9488 9550 9551 
3009 1676 1669 1701 9490 9552 9553 
3010 2374 2375 2376 9494 4275 9554 
3011 1966 1967 2409 9496 9555 6776 
3012 2846 2847 2848 9499 9556 9557 
3013 2832 2833 2834 9503 9558 9559 
3014 2887 2882 2888 9500 6320 9560 
3015 1604 1603 1605 9508 9561 9562 
3016 1840 1839 2765 9563 9564 9529 
3017 1830 2393 2394 9516 8050 5825 
3018 1883 1882 1884 9517 9565 9566 
3019 1571 1750 1751 9520 9567 9568 
3020 2146 2298 2299 9523 9569 9570 
3021 1817 1818 1819 9527 9571 9572 
3022 734 739 2762 9573 6388 9574 
3023 1552 1553 1554 9532 9575 9576 
3024 2282 1896 2283 9535 9577 9578 
3025 1795 1794 1796 9537 9579 9580 
3026 1789 1791 2386 9545 9581 9582 
3027 1791 1790 1813 9544 9583 9584 
3028 1863 1861 1864 9546 9585 9586 
3029 1619 1543 1620 9550 9587 9588 
3030 1618 1619 2136 9551 9589 9590 
3031 1676 1701 1702 9553 9591 9592 
3032 2409 1967 2410 9555 9593 4582 
3033 2846 2848 2849 9557 9594 9334 
3034 2834 2833 2835 9558 9595 9596 
3035 2887 2888 2911 9560 9597 9598 
3036 1604 1605 1606 9562 9599 9600 
3037 1883 1884 2218 9566 9601 9602 
3038 1884 1882 2413 9565 9603 9604 
3039 1571 1751 1752 9568 9605 9606 
3040 1817 1819 1855 9572 9607 9608 
3041 1554 1553 1555 9575 9609 9610 
3042 2283 1896 2303 9577 9611 9612 
3043 1795 1796 1902 9580 9613 9614 
3044 2766 2058 2771 9615 9616 9617 
3045 1813 1790 2214 9583 9618 9619 
3046 1791 1813 1814 9584 9620 9621 
3047 1863 1864 1865 9586 9622 9623 
3048 1619 1620 1621 9588 9624 9625 
3049 1618 2136 2137 9590 9626 9627 
3050 1676 1702 1703 9592 9628 9629 
3051 740 2771 2952 9630 9631 9632 
3052 2849 2848 2850 9594 9633 9634 
3053 2911 2888 2912 9597 9635 9636 
3054 1604 1606 1607 9600 9637 9638 
3055 2771 2058 2952 9616 9639 9631 
3056 2218 1884 2219 9601 9640 9641 
3057 1883 2218 2511 9602 9642 9643 
3058 1752 1751 1753 9605 9644 9645 
3059 740 738 2771 9646 9647 9630 
3060 1855 1819 1856 9607 9648 9649 
3061 1846 2523 2769 9650 9651 9652 
3062 1554 1555 1556 9610 9653 9654 
3063 2283 2303 2304 9612 4993 6219 
3064 1902 1796 1903 9613 9655 9656 
3065 1795 1902 2508 9614 5433 9657 
3066 1814 1813 2010 9620 9658 9659 
3067 1865 1864 2514 9622 9660 9661 
3068 1863 1865 2254 9623 9662 9663 
3069 1621 1620 1622 9624 9664 9665 
3070 2137 2136 2682 9626 4687 9666 
3071 1842 1846 2769 9667 9652 9668 
3072 1703 1702 1704 9628 9669 9670 
3073 2850 2848 2852 9633 9671 9672 
3074 2912 2888 2913 9635 6787 9673 
3075 1607 1606 1608 9637 9674 9675 
3076 2197 2199 2768 9676 9677 9678 
3077 2218 2219 2324 9641 9679 9680 
3078 1753 1751 1754 9644 9681 9682 
3079 1856 1819 1857 9648 9683 9684 
3080 743 2766 2771 9685 9617 9686 
3081 1554 1556 1803 9654 5556 9687 
3082 1556 1555 1557 9653 9688 9689 
3083 1903 1796 2129 9655 9690 9691 
3084 1902 1903 2575 9656 9692 4796 
3085 1814 2010 2011 9659 9693 9694 
3086 2514 1864 2515 9660 9695 4600 
3087 2254 1865 2535 9662 9696 5011 
3088 1621 1622 1623 9665 9697 9698 
3089 1704 1702 1705 9669 9699 9700 
3090 1703 1704 1778 9670 9701 9702 
3091 2850 2852 2853 9672 9703 9704 
3092 2912 2913 2918 9673 9705 9706 
3093 1608 1606 1609 9674 9707 9708 
3094 2324 2219 2325 9679 9709 9710 
3095 1753 1754 1755 9682 9711 9712 
3096 1856 1857 1890 9684 9713 9714 
3097 1556 1557 1558 9689 9715 4450 
3098 1903 2129 2390 9691 9716 9717 
3099 1843 1842 2769 9718 9668 9719 
3100 1814 2011 2012 9694 9720 9721 
3101 1621 1623 1729 9698 9722 9723 
3102 1623 1622 1731 9697 9724 9725 
3103 1778 1704 1950 9701 9726 9727 
3104 2850 2853 2854 9704 9728 9729 
3105 1623 1732 3015 9730 9731 9732 
3106 1608 1609 1610 9708 9733 9734 
3107 1753 1755 1756 9712 9735 9736 
3108 1890 1857 2193 9713 9737 9738 
3109 1856 1890 1891 9714 9739 9740 
3110 1558 1557 1559 9715 9741 9742 
3111 1872 2502 2772 9743 8670 9744 
3112 804 2969 2973 9745 9746 9747 
3113 1758 1755 3013 9748 9749 9750 
3114 1755 1754 3013 9711 9751 9749 
3115 2969 2949 2973 9752 9753 9746 
3116 2012 2011 2013 9720 9754 9755 
3117 2949 773 2973 9756 9757 9753 
3118 1623 1731 1732 9725 9758 9730 
3119 2777 773 2949 9759 9756 9760 
3120 773 2777 2951 9759 9761 9762 
3121 2854 2853 2855 9728 9763 9764 
3122 1610 1609 1611 9733 9765 9766 
3123 1848 1872 2772 9767 9744 9768 
3124 2777 2059 2951 9769 9770 9761 
3125 1756 1755 1757 9735 9771 9772 
3126 1891 1890 2038 9739 9773 9774 
3127 2059 2950 2951 9775 9776 9770 
3128 1558 1559 1560 9742 9777 9778 
3129 1729 1623 3015 9722 9732 4763 
3130 2013 2011 2014 9754 9779 9780 
3131 2012 2013 2045 9755 9781 9782 
3132 1732 1731 1969 9758 9783 9784 
3133 2059 825 2950 9785 9786 9775 
3134 742 740 2952 9787 9632 9788 
3135 2855 2853 2856 9763 9789 9790 
3136 1610 1611 1612 9766 9791 9792 
3137 1611 1609 1885 9765 9793 9794 
3138 1757 1755 1758 9771 9748 9795 
3139 825 744 2950 9796 9797 9786 
3140 1891 2038 2182 9774 9798 9799 
3141 1560 1559 1561 9777 9800 9801 
3142 2013 2014 2015 9780 9802 9803 
3143 1732 1969 1970 9784 9804 9805 
3144 750 773 2951 9806 9762 9807 
3145 2855 2856 2857 9790 9808 9809 
3146 2950 748 2951 9810 9811 9776 
3147 1612 1611 1624 9791 9812 9813 
3148 748 750 2951 9814 9807 9811 
3149 1757 1758 1759 9795 9815 9816 
3150 2182 2038 2334 9798 6349 9817 
3151 1891 2182 2319 9799 9818 9819 
3152 745 748 2950 9820 9810 9821 
3153 1560 1561 1562 9801 9822 9823 
3154 2015 2014 2016 9802 9824 9825 
3155 1732 1970 1972 9805 9826 9827 
3156 2058 1722 2952 9828 9829 9639 
3157 2857 2856 2868 9808 9830 9831 
3158 2855 2857 2858 9809 9832 9833 
3159 1612 1624 1625 9813 4191 9834 
3160 2061 2953 3173 9835 9836 9837 
3161 803 2963 2994 9838 9839 9840 
3162 1759 1758 1760 9815 9841 9842 
3163 2953 2061 2963 9835 9843 9844 
3164 2182 2334 2335 9817 9845 9846 
3165 803 2961 2963 9847 9848 9838 
3166 1722 746 2952 9849 9850 9829 
3167 1560 1562 1709 9823 6105 9851 
3168 1562 1561 1587 9822 9852 9853 
3169 2016 2014 2249 9824 9854 9855 
3170 2015 2016 2017 9825 9856 9857 
3171 2963 2061 2994 9843 9858 9839 
3172 470 471 2959 485 9859 9860 
3173 1972 1970 1973 9826 9861 9862 
3174 803 749 2961 9863 9864 9847 
3175 1311 2061 3173 9865 9837 9866 
3176 542 583 2954 9867 6163 9868 
3177 544 595 2955 9869 9870 9871 
3178 579 468 596 9872 9873 9874 
3179 579 596 597 9874 9875 9876 
3180 2868 2856 2877 9830 9877 9878 
3181 2858 2857 2859 9832 9879 9880 
3182 1612 1625 1626 9834 9881 9882 
3183 2779 2781 2997 9883 9884 9885 
3184 539 540 2960 554 9886 9887 
3185 589 470 2959 9888 9860 9889 
3186 1760 1758 2031 9841 9890 9891 
3187 584 539 2960 9892 9887 4320 
3188 1759 1760 1761 9842 9893 9894 
3189 596 589 2956 9895 9896 9897 
3190 540 575 2960 9898 9899 9886 
3191 575 541 2954 9900 9901 5303 
3192 583 543 2955 9902 9903 9904 
3193 469 589 596 9905 9895 9906 
3194 749 747 2961 9907 9908 9864 
3195 2962 2779 2997 9909 9885 9910 
3196 2335 2334 2336 9845 4312 9911 
3197 1562 1587 1588 9853 9912 5970 
3198 540 541 575 555 9900 9898 
3199 542 543 583 557 9902 9867 
3200 544 545 595 559 9913 9869 
3201 467 468 579 482 9872 8992 
3202 469 470 589 484 9888 9905 
3203 1764 3005 3006 9914 9915 9916 
3204 2956 589 2957 9896 9917 9918 
3205 2015 2017 2018 9857 9919 9920 
3206 2017 2016 2332 9856 9921 9922 
3207 2781 2800 2997 9923 9260 9884 
3208 2060 2779 2962 9924 9909 9925 
3209 1972 1973 2004 9862 9926 9927 
3210 1973 1970 1974 9861 9928 9929 
3211 2019 2017 3004 9930 9931 9932 
3212 468 469 596 483 9906 9873 
3213 541 542 2954 556 9868 9901 
3214 543 544 2955 558 9871 9903 
3215 579 597 598 9876 9933 9135 
3216 597 596 2956 9875 9897 9934 
3217 2868 2877 2878 9878 9935 9936 
3218 827 2060 2962 9937 9925 9938 
3219 1626 1625 1744 9881 9939 9940 
3220 2961 1826 2963 9941 9942 9848 
3221 1826 2953 2963 9943 9844 9942 
3222 1760 2031 2032 9891 9944 9945 
3223 1759 1761 1762 9894 9946 9947 
3224 2335 2336 2396 9911 4129 9948 
3225 779 1826 2961 9949 9941 9950 
3226 1588 1587 1706 9912 9951 9952 
3227 464 465 568 479 9953 9954 
3228 538 539 584 553 9892 9955 
3229 2018 2017 2019 9919 9930 9956 
3230 2957 589 2959 9917 9889 6290 
3231 2956 2957 2958 9918 6018 9957 
3232 1972 2004 2603 9927 4690 9958 
3233 1973 1974 1975 9929 9959 9960 
3234 2017 2332 3004 9922 9961 9931 
3235 2868 2878 2879 9936 9962 9963 
3236 598 597 599 9933 9964 9965 
3237 1744 1625 1745 9939 4728 9966 
3238 1762 1761 1763 9946 9967 9968 
3239 2032 2031 2595 9944 9969 9970 
3240 2018 2019 2020 9956 9971 9972 
3241 1588 1706 1707 9952 9973 9974 
3242 1975 1974 1976 9959 9975 9976 
3243 828 827 2962 9977 9938 9978 
3244 2028 2106 2235 9979 9980 7660 
3245 2274 2271 2967 9981 9982 9983 
3246 2879 2878 2886 9962 9984 9985 
3247 1723 1948 2964 9986 9987 9988 
3248 598 599 600 9965 9989 7857 
3249 1744 1745 1746 9966 9990 9991 
3250 1715 1716 2210 9992 9993 9994 
3251 1304 1300 2990 9995 9996 9997 
3252 1715 2210 2211 9994 9998 9999 
3253 2032 2595 2596 9970 10000 10001 
3254 2271 2269 2967 10002 10003 9982 
3255 2026 2025 2027 10004 10005 10006 
3256 2020 2019 2021 9971 10007 10008 
3257 1763 1761 1764 9967 10009 10010 
3258 2024 2023 2025 10011 10012 10013 
3259 2237 2236 2251 10014 10015 8199 
3260 2025 2023 2056 10012 10016 10017 
3261 2802 2968 2969 10018 10019 10020 
3262 1707 1713 1714 10021 10022 10023 
3263 751 803 2966 10024 10025 10026 
3264 1309 1306 2975 10027 10028 10029 
3265 1828 1309 2975 10030 10029 10031 
3266 765 764 2971 10032 10033 10034 
3267 1300 1298 2990 10035 10036 9996 
3268 2783 2780 2968 10037 10038 10039 
3269 2886 2878 2889 9984 10040 10041 
3270 1992 1994 2003 10042 10043 4131 
3271 2595 2031 2598 9969 10044 7885 
3272 2802 2783 2968 10045 10039 10018 
3273 758 767 2985 10046 10047 10048 
3274 2062 1296 2987 10049 10050 10051 
3275 1984 1983 1985 10052 10053 10054 
3276 2021 2019 2023 10007 10055 10056 
3277 1707 1706 1713 9973 10057 10021 
3278 2042 2043 2044 10058 10059 10060 
3279 755 804 2973 10061 9747 10062 
3280 2895 2894 2896 10063 10064 10065 
3281 2446 2027 2970 10066 10067 10068 
3282 2062 2985 2995 10069 10070 10071 
3283 600 599 601 9989 10072 10073 
3284 2211 2210 2305 9998 10074 5523 
3285 2879 2894 2895 10075 10063 10076 
3286 1977 1978 1979 10077 10078 10079 
3287 1765 1764 1766 10080 10081 10082 
3288 2898 2896 2945 10083 10084 10085 
3289 1992 1989 1993 10086 10087 10088 
3290 834 964 2976 10089 10090 10091 
3291 1767 1781 1782 10092 10093 10094 
3292 1992 1993 1994 10088 10095 10042 
3293 2246 1993 2984 10096 10097 10098 
3294 1975 1976 1977 9976 10099 10100 
3295 836 834 2976 10101 10091 10102 
3296 1767 1780 1781 10103 10104 10092 
3297 1998 1999 2000 10105 10106 10107 
3298 2897 2896 2898 10108 10083 10109 
3299 2063 1304 2990 10110 9997 10111 
3300 1994 1996 2972 10112 10113 10114 
3301 1977 1979 2040 10079 10115 10116 
3302 2128 2127 2572 10117 10118 10119 
3303 1296 766 2987 10120 10121 10050 
3304 2042 2044 2252 10060 6075 10122 
3305 1763 1764 1765 10010 10080 10123 
3306 1994 1995 1996 10124 10125 10112 
3307 2779 2780 2781 10126 10127 9883 
3308 2975 2063 2993 10128 10129 10130 
3309 763 764 765 10131 10032 10132 
3310 2269 2277 2967 10133 10134 10003 
3311 752 755 2973 10135 10062 10136 
3312 768 2267 2268 10137 10138 10139 
3313 764 768 2971 10140 10141 10033 
3314 1301 1300 1302 10142 10143 10144 
3315 2275 2819 2892 10145 10146 10147 
3316 757 758 759 10148 10149 10150 
3317 1303 1302 2974 10151 10152 5806 
3318 1828 2992 2994 10153 10154 10155 
3319 756 753 2989 10156 10157 10158 
3320 759 760 761 10159 10160 10161 
3321 833 835 1102 10162 10163 10164 
3322 1984 1985 1986 10054 10165 7667 
3323 2272 2271 2273 10166 10167 10168 
3324 1982 1983 1984 10169 10052 10170 
3325 2966 803 2994 10025 9840 10171 
3326 601 599 816 10072 10172 10173 
3327 1102 835 2979 10163 10174 10175 
3328 963 836 2976 10176 10102 10177 
3329 2318 1723 2964 10178 9988 4513 
3330 2780 2778 2968 10179 10180 10038 
3331 2270 2269 2271 10181 10002 10182 
3332 608 617 2978 10183 8461 10184 
3333 1311 1828 2061 10185 10186 9865 
3334 1977 1976 1978 10099 10187 10077 
3335 1982 1981 1983 10188 10189 10169 
3336 2027 2025 2970 10005 10190 10067 
3337 2781 2782 2799 10191 10192 10193 
3338 2060 2778 2779 10194 10195 9924 
3339 1781 1780 2080 10104 10196 10197 
3340 1991 1989 1992 10198 10086 4297 
3341 2778 2949 2968 10199 10200 10180 
3342 600 601 602 10073 10201 10202 
3343 1989 1988 2984 10203 10204 10205 
3344 768 766 769 10206 10207 10208 
3345 1993 1989 2984 10087 10205 10097 
3346 768 769 2267 10208 10209 10137 
3347 2879 2886 2894 9985 10210 10075 
3348 1305 1307 1308 10211 10212 10213 
3349 2782 2780 2783 10214 10037 10215 
3350 1306 2063 2975 10216 10128 10028 
3351 1782 1781 1783 10093 10217 10218 
3352 2785 2783 2802 10219 10045 9094 
3353 608 610 617 10220 10221 10183 
3354 753 751 2966 10222 10026 10223 
3355 764 766 768 10224 10206 10140 
3356 833 832 834 10225 10226 10227 
3357 1305 1308 2974 10213 6409 10228 
3358 833 834 835 10227 10229 10162 
3359 600 602 1827 10202 7495 8336 
3360 606 608 2978 10230 10184 10231 
3361 1986 1988 1989 10232 10203 10233 
3362 2275 2273 2819 10234 10235 10145 
3363 605 603 625 10236 10237 6004 
3364 769 1296 1297 10238 10239 10240 
3365 831 830 832 10241 10242 10243 
3366 1297 1298 1299 10244 10245 10246 
3367 835 837 2979 10247 10248 10174 
3368 2781 2780 2782 10127 10214 10191 
3369 604 603 605 10249 10236 10250 
3370 604 606 624 10251 10252 7496 
3371 606 607 608 10253 10254 10230 
3372 608 607 609 10254 10255 10256 
3373 608 609 610 10256 10257 10220 
3374 610 611 612 10258 6256 10259 
3375 752 751 753 10260 10222 10261 
3376 758 756 767 10262 10263 10046 
3377 2985 767 2995 10047 10264 10070 
3378 838 836 963 10265 10176 10266 
3379 837 839 840 10267 10268 10269 
3380 857 841 3131 10270 10271 10272 
3381 1301 1302 1303 10144 10151 7177 
3382 2268 2267 2269 10138 10273 10274 
3383 2273 2271 2274 10167 9981 10275 
3384 831 832 833 10243 10225 10276 
3385 1598 831 2977 10277 10278 10279 
3386 834 832 964 10226 10280 10089 
3387 837 840 2979 10269 10281 10248 
3388 1310 1309 1311 10282 10283 10284 
3389 2779 2778 2780 10195 10179 10126 
3390 2060 2777 2778 10285 10286 10194 
3391 2784 2783 2785 10287 10219 10288 
3392 2778 2777 2949 10286 9760 10199 
3393 609 607 618 10255 6564 7476 
3394 763 762 764 10289 10290 10131 
3395 1307 1306 1309 10291 10027 10292 
3396 1765 1766 1767 10082 10293 10294 
3397 2782 2783 2784 10215 10287 10295 
3398 829 831 1598 10296 10277 10297 
3399 835 836 837 10298 10299 10247 
3400 840 839 841 10268 10300 10301 
3401 840 1913 2979 10302 10303 10281 
3402 610 609 611 10257 10304 10258 
3403 2781 2799 2800 10193 10305 9923 
3404 2892 2819 2920 10146 10306 10307 
3405 606 605 607 10308 5215 10253 
3406 835 834 836 10229 10101 10298 
3407 840 845 1913 10309 5627 10302 
3408 846 841 857 10310 10270 10311 
3409 1311 1309 1828 10283 10030 10185 
3410 2003 1994 2972 10043 10114 10312 
3411 2042 2000 2043 10313 10314 10058 
3412 2786 2785 2787 10315 9097 10316 
3413 1998 2000 2041 10107 10317 10318 
3414 2270 2272 2276 10319 10320 10321 
3415 750 752 773 10322 10323 9806 
3416 755 757 804 10324 10325 10061 
3417 837 838 839 10326 10327 10267 
3418 845 841 846 10328 10310 7764 
3419 1305 1306 1307 10329 10291 10211 
3420 2968 2949 2969 10200 9752 10019 
3421 602 603 604 10330 10249 6620 
3422 604 605 606 10250 10308 10251 
3423 624 606 2978 10252 10231 7619 
3424 1299 1300 1301 10331 10142 10332 
3425 1302 1300 1304 10143 9995 10333 
3426 2268 2269 2270 10274 10181 10334 
3427 833 1102 2977 10164 10335 10336 
3428 837 836 838 10299 10265 10326 
3429 602 601 603 10201 10337 10330 
3430 965 828 2962 10338 9978 10339 
3431 841 839 3131 10300 10340 10271 
3432 759 758 760 10149 10341 10159 
3433 1302 1304 1305 10333 10342 10343 
3434 2272 2273 2275 10168 10234 10344 
3435 755 753 756 10345 10156 10346 
3436 1102 2979 2980 10175 10347 10348 
3437 1305 1304 1306 10342 10349 10329 
3438 2270 2271 2272 10182 10166 10319 
3439 761 763 770 10350 10351 10352 
3440 1299 1298 1300 10245 10035 10331 
3441 1306 1304 2063 10349 10110 10216 
3442 753 2966 2989 10223 10353 10157 
3443 755 756 757 10346 10354 10324 
3444 761 762 763 10355 10289 10350 
3445 764 762 766 10290 10356 10224 
3446 769 766 1296 10207 10120 10238 
3447 1298 1296 2062 10357 10049 10358 
3448 1996 1997 1998 10359 10360 10361 
3449 2269 2267 2277 10273 10362 10133 
3450 2894 2886 2927 10210 10363 10364 
3451 760 758 2985 10341 10048 10365 
3452 840 841 845 10301 10328 10309 
3453 1297 1296 1298 10239 10357 10244 
3454 2920 2819 2944 10306 10366 10367 
3455 752 753 755 10261 10345 10135 
3456 831 833 2977 10276 10336 10278 
3457 1826 2318 2953 10368 10369 9943 
3458 829 830 831 10370 10241 10296 
3459 603 601 2986 10337 10371 10372 
3460 1707 1714 1715 10023 10373 10374 
3461 750 751 752 10375 10260 10322 
3462 773 752 2973 10323 10136 9757 
3463 1986 1985 1988 10165 10376 10232 
3464 2041 2000 2042 10317 10313 10377 
3465 601 816 2986 10173 5549 10371 
3466 757 756 758 10354 10262 10148 
3467 2025 2056 2970 10017 10378 10190 
3468 761 760 762 10160 10379 10355 
3469 1299 1301 2266 10332 7527 10380 
3470 1826 1723 2318 10381 10178 10368 
3471 1995 1993 2246 10382 10096 10383 
3472 1978 1976 1980 10187 10384 10385 
3473 625 603 2986 10237 10372 10386 
3474 830 828 965 10387 10338 10388 
3475 1979 1978 1981 10078 10389 10390 
3476 2028 2027 2106 10391 10392 9979 
3477 1302 1305 2974 10343 10228 10152 
3478 1298 2062 2990 10358 10393 10036 
3479 2979 1913 2980 10303 10394 10347 
3480 1986 1989 1991 10233 10198 8184 
3481 1996 1995 1997 10125 10395 10359 
3482 769 1297 2991 10240 10396 10397 
3483 1994 1993 1995 10095 10382 10124 
3484 2235 2236 2237 10398 10014 7607 
3485 2992 2966 2994 10399 10171 10154 
3486 1948 1722 2058 10400 9828 10401 
3487 2044 2043 2127 10059 10402 10403 
3488 2895 2896 2897 10065 10108 10404 
3489 751 749 803 10405 9863 10024 
3490 768 2268 2971 10139 10406 10141 
3491 2784 2785 2786 10288 10315 10407 
3492 1982 1984 1987 10170 8183 10408 
3493 767 756 2989 10263 10158 10409 
3494 1307 1309 1310 10292 10282 10410 
3495 2044 2127 2128 10403 10117 5159 
3496 2990 2062 2995 10393 10071 10411 
3497 1828 2975 2992 10031 10412 10153 
3498 2985 2062 2987 10069 10051 10413 
3499 2026 2027 2028 10006 10391 5655 
3500 1998 1997 1999 10360 10414 10105 
3501 1780 1766 1968 10415 10416 10417 
3502 2993 2063 2995 10129 10418 10419 
3503 1767 1766 1780 10293 10415 10103 
3504 2024 2025 2026 10013 10004 10420 
3505 2270 2276 2983 10321 5637 10421 
3506 766 762 2987 10356 10422 10121 
3507 1979 1981 1982 10390 10188 10423 
3508 2061 1828 2994 10186 10155 9858 
3509 779 1723 1826 10424 10381 9949 
3510 2000 1999 2996 10106 10425 10426 
3511 2024 2026 2029 10420 4939 10427 
3512 2032 2596 2597 10001 8206 10428 
3513 2060 2059 2777 10429 9769 10285 
3514 829 828 830 10430 10387 10370 
3515 762 760 2987 10379 10431 10422 
3516 750 749 751 10432 10405 10375 
3517 1723 1722 1948 10433 10400 9986 
3518 1715 1714 1716 10373 10434 9992 
3519 760 2985 2987 10365 10413 10431 
3520 2989 2966 2992 10353 10399 10435 
3521 2971 2268 2983 10406 10436 10437 
3522 2210 1716 2212 9993 6540 10438 
3523 2267 769 2991 10209 10397 10439 
3524 2251 2236 2458 10015 10440 10441 
3525 1716 1714 1912 10434 10442 6980 
3526 2063 2990 2995 10111 10411 10418 
3527 2268 2270 2983 10334 10421 10436 
3528 2106 2027 2446 10392 10066 10443 
3529 2277 2267 2991 10362 10439 10444 
3530 2021 2023 2024 10056 10011 10445 
3531 2043 2000 2996 10314 10426 10446 
3532 2992 2975 2993 10412 10130 10447 
3533 767 2993 2995 10448 10419 10264 
3534 767 2989 2993 10409 10449 10448 
3535 2989 2992 2993 10435 10447 10449 
3536 827 2059 2060 10450 10429 9937 
3537 1765 1767 2965 10294 10451 10452 
3538 779 1722 1723 10453 10433 10424 
3539 965 2962 2997 10339 9910 9258 
3540 826 828 829 10454 10430 10455 
3541 2235 2106 2236 9980 10456 10398 
3542 1767 1782 2965 10094 10457 10451 
3543 748 749 750 10458 10432 9814 
3544 1995 2246 3079 10383 10459 10460 
3545 1997 1995 3079 10395 10460 10461 
3546 1714 1713 2998 10022 10462 10463 
3547 779 746 1722 10464 9849 10453 
3548 1912 1714 2998 10442 10463 6000 
3549 826 827 828 10465 9977 10454 
3550 748 747 749 10466 9907 10458 
3551 827 825 2059 10467 9785 10450 
3552 597 2956 3003 9934 10468 10469 
3553 747 779 2961 10470 9950 9908 
3554 599 597 3003 9964 10469 10471 
3555 2023 2019 3004 10055 9932 10472 
3556 2956 2958 3003 9957 10473 10468 
3557 1761 1760 3005 9893 10474 10475 
3558 816 599 3003 10172 10471 10476 
3559 538 584 3001 9955 10477 10478 
3560 826 825 827 10479 10467 10465 
3561 745 747 748 10480 10466 9820 
3562 747 746 779 10481 10464 10470 
3563 460 461 3002 475 10482 10483 
3564 461 462 580 476 10484 10485 
3565 459 460 588 474 10486 7290 
3566 533 534 2999 548 10487 10488 
3567 537 538 3001 552 10478 10489 
3568 532 533 594 547 10490 10491 
3569 534 535 585 549 10492 10493 
3570 535 536 3000 550 10494 10495 
3571 536 537 576 551 10496 10497 
3572 2056 2023 3004 10016 10472 10498 
3573 1760 2032 3005 9945 10499 10474 
3574 1872 2501 2502 10500 7087 9743 
3575 3005 2597 3006 10501 10502 9915 
3576 588 460 3002 10486 10483 5706 
3577 461 580 3002 10485 6305 10482 
3578 534 585 2999 10493 7437 10487 
3579 594 533 2999 10490 10488 10503 
3580 536 576 3000 10497 6625 10494 
3581 576 537 3001 10496 10489 10504 
3582 585 535 3000 10492 10495 10505 
3583 1764 1761 3005 10009 10475 9914 
3584 3007 2895 3008 10506 10507 10508 
3585 2032 2597 3005 10428 10501 10499 
3586 1766 1764 3006 10081 9916 10509 
3587 746 742 2952 10510 9788 9850 
3588 745 746 747 10511 10481 10480 
3589 754 825 826 10512 10479 10513 
3590 1968 1766 3006 10416 10509 10514 
3591 1872 2037 2501 10515 7122 10500 
3592 2879 2895 3007 10076 10506 10516 
3593 2857 2868 3007 9831 10517 10518 
3594 2859 3007 3008 10519 10508 10520 
3595 2859 2857 3007 9879 10518 10519 
3596 2868 2879 3007 9963 10516 10517 
3597 745 742 746 10521 10510 10511 
3598 754 744 825 10522 9796 10512 
3599 744 745 2950 10523 9821 9797 
3600 2895 2897 3008 10404 10524 10507 
3601 1872 1871 2037 10525 10526 10515 
3602 744 742 745 10527 10521 10523 
3603 741 744 754 10528 10522 5918 
3604 2853 2852 3014 9703 10529 10530 
3605 1847 2518 2759 10531 8021 9492 
3606 1846 2522 2523 10532 5880 9650 
3607 1871 1843 2769 10533 9719 10534 
3608 1848 1871 1872 10535 10525 9767 
3609 2522 2148 2524 10536 10537 5340 
3610 2518 1848 2772 10538 9768 7269 
3611 2011 2010 3016 9693 10539 10540 
3612 1558 1560 3009 9778 10541 5557 
3613 2045 2013 3011 9781 10542 10543 
3614 2013 2015 3011 9803 10544 10542 
3615 1560 1709 3009 9851 4569 10541 
3616 1362 1364 1365 10545 10546 9128 
3617 741 742 744 10547 10527 10528 
3618 2854 2855 3012 9764 10548 10549 
3619 2015 2018 3011 9920 10550 10544 
3620 2199 2391 2392 10551 8291 10552 
3621 2855 2858 3012 9833 10553 10548 
3622 1610 1612 3120 9792 10554 10555 
3623 1847 1848 2518 10556 10538 10531 
3624 1848 1843 1871 10557 10533 10535 
3625 2148 1844 2313 10558 9548 10559 
3626 1846 2148 2522 10560 10536 10532 
3627 1855 1856 3017 9649 10561 6096 
3628 1612 1626 3120 9882 10562 10554 
3629 1360 1362 1833 10563 9130 10564 
3630 1362 1361 1364 10565 10566 10545 
3631 741 740 742 10567 9787 10547 
3632 743 818 2766 10568 8442 9685 
3633 2031 1758 3013 9890 9750 10569 
3634 2199 2198 2391 10570 10571 10551 
3635 2856 2853 3014 9789 10530 10572 
3636 1847 1843 1848 10573 10557 10556 
3637 1846 1844 2148 10574 10558 10560 
3638 2598 2031 3013 10044 10569 10575 
3639 1732 1972 3015 9827 10576 9731 
3640 2014 2011 3016 9779 10540 10577 
3641 2877 2856 3014 9877 10572 10578 
3642 1361 1359 1363 10579 10580 10581 
3643 1360 1361 1362 10582 10565 10563 
3644 1606 1605 3020 9599 10583 10584 
3645 739 740 741 10585 10567 5105 
3646 743 817 818 10586 10587 10568 
3647 1972 2603 3015 9958 6030 10576 
3648 2249 2014 3016 9854 10577 4181 
3649 2285 2197 2768 10588 9678 8167 
3650 2197 2198 2199 10589 10570 9676 
3651 1842 1844 1846 10590 10574 9667 
3652 1841 1843 1847 10591 10573 9467 
3653 1360 1359 1361 10592 10579 10582 
3654 1856 1891 3017 9740 10593 10561 
3655 739 738 740 10594 9646 10585 
3656 738 743 2771 10595 9686 9647 
3657 743 735 817 10596 9396 10586 
3658 2197 1810 2198 10597 4566 10589 
3659 2196 2197 2285 10598 10588 10599 
3660 1842 1840 1844 10600 9528 10590 
3661 2755 2756 2757 10601 10602 10603 
3662 1841 1842 1843 10604 9718 10591 
3663 1891 2319 3017 9819 10605 10593 
3664 1358 1359 1360 10606 10592 10607 
3665 738 735 743 10608 10596 10595 
3666 734 738 739 10609 10594 9573 
3667 2196 1810 2197 10610 10597 10598 
3668 1609 1606 3020 9707 10584 10611 
3669 1839 2755 2765 10612 10613 9564 
3670 1841 1840 1842 10614 10600 10604 
3671 2755 2754 2756 10615 10616 10601 
3672 2049 1824 2471 10617 9370 10618 
3673 1885 1609 3020 9793 10611 6820 
3674 1355 1354 1925 10619 7755 10620 
3675 1358 1356 1359 10621 10622 10606 
3676 734 735 738 10623 10608 10609 
3677 1800 1810 2196 10624 10610 8729 
3678 1838 1840 1841 10625 10614 9513 
3679 1839 2754 2755 10626 10615 10612 
3680 1825 1824 2049 10627 10617 10628 
3681 2234 2110 2306 10629 10630 4201 
3682 2386 1791 3021 9581 10631 10632 
3683 1791 1814 3021 9621 10633 10631 
3684 1352 1356 1358 10634 10621 5800 
3685 1356 1353 2761 10635 9543 10636 
3686 1353 1354 1355 10637 10619 9541 
3687 734 732 735 10638 9358 10623 
3688 733 734 2762 10639 9574 5569 
3689 1814 2012 3021 9721 10640 10633 
3690 1800 1809 1810 10641 4560 10624 
3691 1839 1837 2754 10642 9447 10626 
3692 1838 1839 1840 10643 9563 10625 
3693 1889 2119 2163 10644 10645 10646 
3694 1633 1824 1825 10647 10627 8350 
3695 2110 2109 2517 10648 7745 10649 
3696 2108 2110 2234 10650 10629 6119 
3697 2142 2696 2697 10651 10652 10653 
3698 1794 2200 3023 9540 10654 10655 
3699 1742 1552 3025 9533 10656 5699 
3700 1796 1794 3023 9579 10655 10657 
3701 1881 1883 3022 9518 10658 10659 
3702 1353 1350 1354 10660 10661 10637 
3703 1352 1353 1356 10662 10635 10634 
3704 1552 1554 3025 9576 10663 10656 
3705 2724 2726 2727 10664 5223 10665 
3706 733 732 734 10666 10638 10639 
3707 1883 2511 3022 9643 4532 10658 
3708 1800 1798 1809 10667 10668 10641 
3709 1675 1676 3026 9491 10669 10670 
3710 2129 1796 3023 9690 10657 10671 
3711 1838 1837 1839 10672 10642 10643 
3712 1836 1838 2767 10673 9514 10674 
3713 1554 1803 3025 9687 5290 10663 
3714 1889 1631 2119 10675 8651 10644 
3715 1632 1889 2758 10676 10677 9424 
3716 1633 1632 1824 10678 9423 10647 
3717 2108 2109 2110 10679 10648 10650 
3718 2142 2695 2696 10680 10681 10651 
3719 1676 1703 3026 9629 10682 10669 
3720 2461 2460 2462 10683 10684 10685 
3721 1524 1571 3028 9455 10686 10687 
3722 1352 1350 1353 10688 10660 10662 
3723 2147 2146 3027 9524 10689 10690 
3724 782 2724 2725 10691 10692 10693 
3725 2724 2723 2726 10694 8937 10664 
3726 2255 1677 2256 10695 9104 7271 
3727 2146 2299 3027 9570 10696 10689 
3728 730 732 733 10697 10666 10698 
3729 1571 1752 3028 9606 10699 10686 
3730 1799 1798 1800 10700 10667 8899 
3731 1836 1837 1838 10701 10672 10673 
3732 1837 1835 1845 10702 10703 9445 
3733 1632 1631 1889 10704 10675 10676 
3734 2339 2340 2341 10705 4542 10706 
3735 1630 1632 1633 10707 10678 7849 
3736 2108 2107 2109 10708 7263 10679 
3737 2142 1808 2695 10709 9138 10680 
3738 700 2460 2461 10710 10683 7342 
3739 830 965 3034 10388 9422 10711 
3740 964 832 3034 10280 10712 10713 
3741 1811 2452 3036 9384 7320 10714 
3742 1896 1811 3036 9472 10714 10715 
3743 1349 1350 1352 10716 10688 5168 
3744 782 2723 2724 10717 10694 10691 
3745 781 2713 2715 10718 8975 10719 
3746 924 2705 2706 10720 10721 10722 
3747 1892 1677 2255 10723 10695 8252 
3748 667 2657 2663 10724 8514 10725 
3749 310 309 2752 411 9222 9219 
3750 11 10 985 112 10726 9245 
3751 307 306 638 408 10727 9240 
3752 17 16 927 118 10728 9263 
3753 292 291 801 393 9297 10729 
3754 299 298 2732 400 9270 9268 
3755 35 34 2740 136 9291 9286 
3756 283 282 800 384 10730 10731 
3757 31 30 2747 132 9309 9301 
3758 20 19 561 121 10732 10733 
3759 298 297 798 399 10734 9269 
3760 42 41 936 143 10735 10736 
3761 28 27 2746 129 9303 10737 
3762 276 275 565 377 9044 10738 
3763 290 289 705 391 9310 9304 
3764 33 32 2743 134 9296 9293 
3765 46 45 935 147 10739 10740 
3766 14 13 782 115 10741 10742 
3767 36 35 937 137 9285 9282 
3768 34 33 844 135 9292 9290 
3769 39 38 562 140 9272 10743 
3770 289 288 2750 390 9315 9311 
3771 23 22 938 124 4793 10744 
3772 279 278 799 380 10745 9058 
3773 295 294 566 396 10746 10747 
3774 30 29 842 131 10748 9307 
3775 305 304 796 406 10749 10750 
3776 302 301 639 403 10751 10752 
3777 288 287 802 389 10753 9313 
3778 37 36 2738 138 9284 9275 
3779 38 37 2739 139 9277 9273 
3780 273 272 795 374 10754 9251 
3781 281 280 704 382 10755 10756 
3782 32 31 940 133 9300 9294 
3783 286 285 703 387 10757 9073 
3784 271 270 709 372 8518 10758 
3785 44 43 851 145 10759 10760 
3786 274 273 2720 375 9252 10761 
3787 50 49 929 151 5648 6292 
3788 9 8 781 110 10762 9029 
3789 52 51 850 153 6293 10763 
3790 268 267 707 369 8237 6613 
3791 309 308 794 410 9233 9220 
3792 308 307 2717 409 9242 9234 
3793 266 265 793 367 10764 8238 
3794 25 24 843 126 10765 9067 
3795 54 53 928 155 10766 9201 
3796 18 17 2728 119 9265 10767 
3797 48 47 849 149 10768 5447 
3798 264 263 708 365 10769 10770 
3799 300 299 797 401 9267 10771 
3800 27 26 939 128 10772 9302 
3801 55 54 2711 156 9202 10773 
3802 291 290 2745 392 9306 9298 
3803 12 11 2718 113 9247 9039 
3804 262 261 792 363 10774 10775 
3805 57 56 563 158 10776 8888 
3806 259 258 567 360 10777 10778 
3807 60 59 924 161 10779 9172 
3808 256 255 1180 357 10780 10781 
3809 62 61 867 163 9165 9161 
3810 61 60 2702 162 9174 9166 
3811 63 62 2700 164 9162 9156 
3812 254 253 1148 355 10782 10783 
3813 64 63 2703 165 9158 9142 
3814 65 64 865 166 9141 8826 
3815 251 250 1149 352 10784 10785 
3816 68 67 866 169 10786 9124 
3817 69 68 2689 170 9125 9115 
3818 246 245 1443 347 10787 8896 
3819 72 71 564 173 7868 10788 
3820 248 247 634 349 10789 10790 
3821 70 69 923 171 9114 7864 
3822 242 241 1179 343 8452 10791 
3823 76 75 1068 177 7966 10792 
3824 244 243 1146 345 8849 8875 
3825 74 73 1261 175 10793 7965 
3826 7 2 1684 108 10794 9016 
3827 2 310 1677 412 9218 10795 
3828 80 79 2680 181 9025 10796 
3829 239 238 633 340 4660 5758 
3830 79 78 669 180 10797 9023 
3831 236 235 791 337 8751 10798 
3832 82 81 949 183 10799 10800 
3833 234 233 790 335 10801 10802 
3834 85 84 666 186 10803 10804 
3835 231 230 789 332 8645 10805 
3836 88 87 921 189 10806 8618 
3837 229 228 644 330 8603 10807 
3838 90 89 922 191 10808 8584 
3839 227 226 1494 328 8565 10809 
3840 92 91 667 193 10810 8885 
3841 225 224 788 326 10811 10812 
3842 93 92 2652 194 8887 8862 
3843 94 93 2664 195 8863 8840 
3844 95 94 943 196 8839 8134 
3845 222 221 787 323 8368 8865 
3846 1570 1831 3033 9457 10813 10814 
3847 220 219 643 321 5653 10815 
3848 98 97 668 199 8662 8187 
3849 1750 1570 3033 9519 10814 10816 
3850 730 729 732 10817 9414 10697 
3851 728 730 731 10818 10819 7007 
3852 218 217 783 319 10820 5659 
3853 100 99 1004 201 10821 7924 
3854 2329 1870 2496 10822 10823 6071 
3855 216 215 784 317 10824 10825 
3856 102 101 888 203 10826 7378 
3857 802 287 2748 10753 9228 10827 
3858 985 10 2716 10726 9204 10828 
3859 704 280 2737 10755 9215 10829 
3860 798 297 2736 10734 9214 9249 
3861 274 2720 2729 10761 9217 9208 
3862 781 8 2713 10762 9200 10718 
3863 782 13 2723 10741 9207 10717 
3864 939 26 2744 10772 9226 7992 
3865 924 59 2705 10779 9153 10720 
3866 1148 253 2699 10782 9133 10830 
3867 866 67 2691 10786 9110 10831 
3868 634 247 2688 10789 9084 10832 
3869 1443 245 2684 10787 9066 10833 
3870 242 1179 2683 10791 10834 9048 
3871 1684 2 1697 10794 8988 10835 
3872 2 1677 1892 10795 10723 8991 
3873 234 790 2678 10802 10836 8968 
3874 666 84 2675 10803 8964 10837 
3875 229 644 2673 10807 10838 8929 
3876 922 89 2671 10808 8922 8891 
3877 227 1494 2666 10809 10839 8904 
3878 667 91 2657 10810 8901 10724 
3879 225 788 2653 10812 10840 8880 
3880 832 830 3034 10242 10711 10712 
3881 220 643 2626 10815 5508 8742 
3882 2890 2881 3035 9432 10841 10842 
3883 1004 99 2591 10821 8639 10843 
3884 2881 2887 3035 9501 10844 10841 
3885 2532 2530 3156 8955 8903 7657 
3886 1573 1798 1799 10845 10700 8945 
3887 2736 3277 3388 10846 10847 10848 
3888 214 213 700 315 10849 7473 
3889 104 103 887 205 10850 10851 
3890 3074 2890 3105 10852 10853 8694 
3891 784 215 2552 10824 8433 10854 
3892 888 101 2548 10826 8508 7967 
3893 1836 1835 1837 10855 10702 10701 
3894 2303 1896 3036 9611 10715 7209 
3895 887 2499 2640 10856 10857 10858 
3896 2480 2315 2513 10859 10860 10861 
3897 2339 1728 2340 10862 6548 10705 
3898 1630 1631 1632 10863 10704 10707 
3899 2083 2107 2108 10864 10708 4818 
3900 2141 1808 2142 10865 10709 10866 
3901 1580 2086 3038 9281 10867 10868 
3902 700 2459 2460 10869 4373 10710 
3903 2515 1864 3038 9695 10870 10871 
3904 700 213 2459 10849 8016 10869 
3905 212 211 1351 313 10872 6250 
3906 1861 1580 3038 9403 10868 10873 
3907 887 103 2499 10850 8292 10856 
3908 1591 2169 3037 9388 10874 10875 
3909 2155 1591 3037 9474 10875 10876 
3910 1357 1347 2233 10877 10878 7789 
3911 1349 1348 1350 10879 10880 10716 
3912 1351 2301 2302 10881 10882 5836 
3913 2301 2150 2510 10883 10884 10885 
3914 1795 2508 3041 9657 10886 10887 
3915 759 761 3042 10161 10888 10889 
3916 1354 1350 3044 10661 10890 8306 
3917 728 729 730 10891 10817 10818 
3918 1711 1712 3041 9239 10892 10893 
3919 2114 1870 2329 10894 10822 5176 
3920 2052 1711 3041 9391 10893 10895 
3921 1864 1861 3038 9585 10873 10870 
3922 1879 1881 3147 9355 10896 10897 
3923 1573 1797 1798 10898 10899 10845 
3924 648 693 3241 5028 6860 8121 
3925 1113 1112 1114 5968 10900 7041 
3926 1834 1835 1836 10901 10855 10902 
3927 3281 1048 3871 5746 10903 10904 
3928 2139 2315 2480 10905 10859 10906 
3929 1712 1795 3041 9538 10887 10892 
3930 639 301 3058 10751 10907 6872 
3931 300 797 3058 10771 10908 10909 
3932 1667 1689 3048 9089 10910 10911 
3933 1629 2506 2676 10912 10913 8884 
3934 1630 1629 1631 10914 8883 10863 
3935 1916 1728 2339 10915 10862 10916 
3936 2083 2082 2107 10917 10918 10864 
3937 1639 2083 2118 10919 5537 10920 
3938 3010 2721 3269 6295 10921 5080 
3939 1323 1808 2141 10922 10865 10923 
3940 1808 1807 2111 10924 8683 9137 
3941 107 106 898 208 6739 8732 
3942 1465 1467 3086 8716 8940 10925 
3943 761 770 3042 10352 8953 10888 
3944 709 2645 3067 9032 10926 10927 
3945 2971 2983 3047 10437 5058 10928 
3946 2364 3547 3548 6404 10929 6909 
3947 1669 1667 3048 9322 10911 10930 
3948 1881 3022 3147 10659 10931 10896 
3949 1832 1786 3050 9398 9431 10932 
3950 1150 1147 1151 6468 10933 6534 
3951 2407 3805 3835 6026 10934 10935 
3952 1781 2080 3050 10197 10936 10937 
3953 2612 2613 3293 8295 7520 10938 
3954 1596 1740 3052 8843 10939 10940 
3955 953 951 3223 10941 10942 7118 
3956 1351 211 2150 10872 6519 10943 
3957 271 709 3067 10758 10927 10944 
3958 1350 1348 3044 10880 9109 10890 
3959 795 272 3067 10754 10945 10946 
3960 3384 2251 3825 8200 10947 10948 
3961 2745 705 3046 9305 10949 10950 
3962 1834 1836 3062 10902 10951 10952 
3963 862 863 864 10953 10954 5108 
3964 1397 1396 1398 8411 10955 8503 
3965 2768 581 3551 10956 10957 8168 
3966 2759 617 3062 8460 10958 10959 
3967 956 3264 3903 6028 10960 10961 
3968 2767 2759 3062 9493 10959 10962 
3969 3048 1689 3049 10910 10963 10964 
3970 2913 2944 3282 6788 10965 10966 
3971 1699 1695 3066 8969 10967 10968 
3972 900 1348 1349 10969 10879 10970 
3973 1348 1347 1357 10971 10877 9107 
3974 1351 2150 2301 10943 10883 10881 
3975 2018 2020 2216 9972 10972 10973 
3976 2018 2216 3011 10973 10974 10550 
3977 1338 1337 3068 8959 10975 10976 
3978 2145 1886 3149 9368 10977 10978 
3979 1569 1346 3227 9211 10979 10980 
3980 2943 2942 3124 8391 8814 10981 
3981 1695 1887 3066 9206 10982 10967 
3982 765 2971 3047 10034 10928 10983 
3983 3052 2384 3053 10984 10985 10986 
3984 728 727 729 10987 8777 10891 
3985 1701 1669 3048 9552 10930 10988 
3986 677 678 679 6701 6861 10989 
3987 1337 1773 3068 9197 10990 10975 
3988 1962 1961 2208 10991 10992 10993 
3989 1740 2384 3052 9416 10984 10939 
3990 2885 2943 3461 8392 10994 8621 
3991 1918 1548 3065 8998 10995 10996 
3992 3261 2255 3550 8253 4624 10997 
3993 812 2139 3161 10998 10999 11000 
3994 1868 1870 2114 11001 10894 8612 
3995 1869 1868 2566 11002 8613 5031 
3996 1596 1738 1739 11003 11004 8841 
3997 1595 1596 3052 8977 10940 11005 
3998 1543 1542 3031 9410 11006 11007 
3999 2480 2513 3536 10861 11008 11009 
4000 1620 1543 3031 9587 11007 11010 
4001 1295 2627 3069 8921 7980 11011 
4002 1783 1781 3050 10217 10937 9430 
4003 1548 1550 3065 9225 11012 10995 
4004 223 222 3051 324 8866 11013 
4005 2174 2173 2443 11014 7055 11015 
4006 1534 1332 3072 9163 11016 11017 
4007 1572 1573 2667 11018 8946 6994 
4008 1573 1566 1797 11019 11020 10898 
4009 301 300 3058 402 10909 10907 
4010 3820 2936 3879 11021 11022 11023 
4011 3022 1107 3147 4290 11024 10931 
4012 1820 1295 3069 9159 11011 11025 
4013 984 983 3582 6118 8579 11026 
4014 864 868 869 11027 11028 5905 
4015 2157 3485 4063 5947 11029 6999 
4016 2495 1809 3713 11030 11031 11032 
4017 2946 2802 3073 9095 11033 11034 
4018 2969 804 3073 9745 8792 11035 
4019 759 3042 3076 10889 11036 11037 
4020 1834 810 1835 11038 11039 10901 
4021 1550 1742 3065 9534 7385 11012 
4022 2593 2611 3293 9041 11040 4293 
4023 1836 2767 3062 10674 10962 10951 
4024 1784 1783 1785 11041 8771 11042 
4025 1332 1853 3072 8965 11043 11016 
4026 1599 1465 3086 8465 10925 11044 
4027 2947 2946 3073 9195 11034 9351 
4028 1818 1569 3227 9526 10980 11045 
4029 2139 2140 2315 11046 7827 10905 
4030 804 757 3076 10325 11047 8793 
4031 3042 2947 3076 8320 9352 11036 
4032 2769 2523 3077 9651 6525 11048 
4033 2037 1871 3077 10526 11049 6663 
4034 974 973 975 11050 5265 11051 
4035 1541 1629 1630 11052 10914 11053 
4036 1628 1728 1916 11054 10915 8421 
4037 1629 1628 2506 11055 8422 10912 
4038 1741 1518 3092 8824 11056 4195 
4039 1639 2082 2083 11057 10917 10919 
4040 2448 1918 3065 9464 10996 5735 
4041 3201 908 3746 5621 11058 11059 
4042 1323 1807 1808 11060 10924 10922 
4043 1887 2147 3066 9525 11061 10982 
4044 1539 2484 3797 11062 5195 11063 
4045 272 271 3067 373 10944 10945 
4046 292 801 3093 10729 11064 11065 
4047 1327 1593 1594 11066 11067 8648 
4048 2826 2827 3074 8913 11068 11069 
4049 1773 2379 3068 9521 11070 10990 
4050 2369 2367 3137 8414 11071 11072 
4051 2322 2321 2527 11073 11074 7206 
4052 3405 1009 3406 7710 6743 11075 
4053 1618 2137 3092 9627 5126 11076 
4054 1282 1526 3071 8704 11077 8469 
4055 937 2740 3102 9287 11078 11079 
4056 593 2524 3646 7782 11080 11081 
4057 1333 1252 3157 7331 9390 11082 
4058 1518 1520 3092 9081 11083 11056 
4059 2012 2045 2262 9782 11084 11085 
4060 2829 2826 3074 9151 11069 11086 
4061 2012 2262 3021 11085 11087 10640 
4062 1688 1685 3198 6889 11088 11089 
4063 1152 1151 1153 6535 11090 6583 
4064 720 722 3658 7542 11091 7613 
4065 1813 2214 3094 9619 11092 11093 
4066 2835 2833 3105 9595 8695 8867 
4067 1317 775 1528 11094 4988 11095 
4068 3202 3035 3274 11096 11097 8141 
4069 264 708 3100 10770 7070 11098 
4070 793 265 3100 10764 11099 7440 
4071 1395 1394 1396 8260 11100 8410 
4072 2473 1534 3072 9512 11017 11101 
4073 2668 2681 3078 9101 11102 11103 
4074 2893 691 3724 11104 6265 5029 
4075 2239 2317 3182 8906 5111 8099 
4076 1730 1747 3565 11105 11106 6215 
4077 2670 2668 3078 8609 11103 4845 
4078 1293 1345 3116 8009 11107 11108 
4079 1467 1466 1468 8715 11109 8811 
4080 2655 1820 3069 9510 11025 11110 
4081 976 975 977 11111 5459 11112 
4082 2833 2829 3074 9502 11086 8693 
4083 1526 1895 3071 9386 11113 11077 
4084 645 642 646 11114 5482 11115 
4085 285 284 3104 386 11116 11117 
4086 819 817 2075 11118 8675 11119 
4087 1590 1283 3139 9007 11120 11121 
4088 3603 3372 3901 8707 7838 11122 
4089 3089 736 3090 11123 11124 8601 
4090 2810 2809 2811 11125 7670 11126 
4091 2802 2969 3073 10020 11035 11033 
4092 1941 1599 3086 9337 11044 7617 
4093 2823 2926 3155 6917 11127 11128 
4094 1537 2264 3845 11129 8636 11130 
4095 1901 2408 3401 5001 8190 11131 
4096 1963 2494 3810 11132 6969 11133 
4097 3652 2261 3775 11134 7187 11135 
4098 2827 2890 3074 9433 10852 11068 
4099 2455 2180 3817 11136 11137 5344 
4100 2945 1303 3678 7178 5499 11138 
4101 900 1347 1348 11139 10971 10969 
4102 2367 2370 3137 8857 11140 11071 
4103 1469 1468 1471 8812 11141 8829 
4104 853 854 855 11142 11143 5332 
4105 1271 1597 3117 8599 11144 11145 
4106 1232 1231 3292 5857 6187 11146 
4107 669 3280 3377 11147 11148 11149 
4108 2694 2703 3162 8933 11150 7459 
4109 619 1834 3145 11151 11152 11153 
4110 1780 1968 3109 10417 11154 11155 
4111 1602 1565 3787 4954 11156 11157 
4112 1772 1335 3134 8961 8611 11158 
4113 757 759 3076 10150 11037 11047 
4114 210 1 900 311 11159 11160 
4115 2475 2495 3713 8775 11032 7774 
4116 1871 2769 3077 10534 11048 11049 
4117 2940 770 3821 11161 11162 5883 
4118 1086 1082 3688 5184 4801 11163 
4119 1472 1471 1473 8830 11164 8817 
4120 1057 2287 3994 5666 11165 7882 
4121 1287 1019 3252 8721 8776 11166 
4122 685 687 3516 11167 11168 11169 
4123 2639 2561 3368 6679 11170 11171 
4124 2825 2823 3155 7514 11128 11172 
4125 1154 1153 1155 6584 11173 6606 
4126 3459 3271 3460 6143 11174 11175 
4127 2948 2804 3114 8483 8325 11176 
4128 2174 2444 3381 11177 6539 11178 
4129 1944 2117 3196 11179 11180 11181 
4130 2903 2900 2941 11182 6817 7418 
4131 3034 2948 3114 9421 11176 11183 
4132 2651 2650 3566 4981 11184 11185 
4133 1283 1280 3139 7412 8212 11120 
4134 1859 1331 3130 8535 11186 11187 
4135 727 725 736 11188 11189 11190 
4136 726 727 728 11191 10987 11192 
4137 1525 1530 3108 8706 11193 11194 
4138 2562 1590 3139 9470 11121 11195 
4139 2304 2451 3607 6332 11196 6400 
4140 1474 1473 1475 8818 11197 8809 
4141 2608 1180 3600 7560 11198 7486 
4142 1520 1618 3092 9489 11076 11083 
4143 1523 1271 3117 8951 11145 11199 
4144 1546 1961 1962 11200 10991 11201 
4145 1961 1776 2549 11202 8720 11203 
4146 3044 1357 3148 9108 9001 11204 
4147 1000 1001 1002 11205 11206 5521 
4148 1787 1789 3203 9401 11207 11208 
4149 2175 2753 3975 7094 11209 11210 
4150 2849 2850 3124 9634 11211 8813 
4151 293 292 3093 394 11065 11212 
4152 1852 1868 1869 11213 11002 5870 
4153 1868 1319 1870 11214 11215 11001 
4154 1789 2386 3203 9582 11216 11207 
4155 1393 1392 1394 8096 11217 8259 
4156 900 1 1347 11159 11218 11139 
4157 3039 2440 3040 7028 11219 11220 
4158 1596 1594 1738 8976 11221 11003 
4159 1777 1525 3108 9009 11194 11222 
4160 727 736 3089 11190 11123 8778 
4161 2800 2803 2804 11223 11224 8482 
4162 1476 1475 1477 8810 11225 8786 
4163 2500 2054 3737 6420 5404 11226 
4164 3193 3357 3502 11227 11228 11229 
4165 2764 754 3361 5919 11230 5614 
4166 2010 1813 3094 9658 11093 11231 
4167 1156 1155 1157 6607 11232 6649 
4168 788 224 3181 10811 11233 11234 
4169 3101 105 3736 11235 11236 7284 
4170 3216 2486 3559 11237 7934 11238 
4171 1331 1533 3130 8928 11239 11186 
4172 631 632 635 6612 7201 11240 
4173 2799 2782 2981 10192 11241 11242 
4174 2782 2784 2981 10295 11243 11241 
4175 568 465 3138 9953 11244 8048 
4176 223 3051 3181 11013 8979 11245 
4177 86 85 3166 187 11246 11247 
4178 1478 1477 1479 8787 11248 8756 
4179 2042 2252 3140 10122 6692 11249 
4180 2700 2701 3162 9072 8761 11250 
4181 3107 2436 3313 5178 7444 11251 
4182 2496 1870 3169 10823 11252 7983 
4183 1572 1566 1573 11253 11019 11018 
4184 2485 2434 3225 8400 6329 5416 
4185 1999 1997 2001 10414 11254 11255 
4186 2001 1997 3079 11254 10461 11256 
4187 498 499 3080 521 11257 11258 
4188 424 425 572 447 11259 11260 
4189 499 500 577 522 11261 11262 
4190 501 502 586 524 11263 11264 
4191 500 501 3081 523 11265 11266 
4192 504 505 574 527 11267 11268 
4193 427 428 570 450 11269 11270 
4194 430 431 582 453 11271 7010 
4195 431 432 3082 454 11272 11273 
4196 506 507 591 529 11274 11275 
4197 432 433 593 455 11276 11277 
4198 414 415 590 437 6210 11278 
4199 496 497 571 519 11279 6498 
4200 493 494 569 516 5730 11280 
4201 488 489 592 511 11281 11282 
4202 490 491 581 513 11283 11284 
4203 489 490 3083 512 11285 11286 
4204 416 417 573 439 11287 6208 
4205 421 422 578 444 11288 11289 
4206 417 418 3084 440 11290 11291 
4207 418 419 587 441 11292 11293 
4208 2420 2419 3125 9020 11294 6484 
4209 2553 3044 3148 8307 11204 8745 
4210 3374 3189 3857 6073 11295 11296 
4211 3193 3192 3194 11297 11298 11299 
4212 1158 1157 1159 6650 11300 6672 
4213 265 264 3100 366 11098 11099 
4214 2453 1777 3108 9471 11222 11301 
4215 106 105 3101 207 11235 6740 
4216 2508 898 3510 11302 7931 11303 
4217 2865 2863 2866 11304 8195 11305 
4218 2776 2775 3138 8328 8297 11306 
4219 466 2776 3138 9136 11306 11307 
4220 2311 1802 3811 6230 11308 11309 
4221 813 706 3378 11310 8528 8019 
4222 1345 1724 3116 9210 11311 11107 
4223 3544 2488 3716 4696 11312 11313 
4224 1355 1928 2761 11314 7623 9542 
4225 1240 1291 3118 8277 11315 6947 
4226 2740 2741 3102 9189 11316 11078 
4227 1793 1287 3252 9393 11166 11317 
4228 619 810 1834 11318 11038 11151 
4229 2493 2492 2494 11319 11320 11321 
4230 1578 1577 3106 8870 11322 11323 
4231 1480 1479 1483 8757 11324 8710 
4232 2007 2008 3402 11325 11326 5710 
4233 1577 1823 3106 9122 5587 11322 
4234 1782 1783 1784 10218 11041 11327 
4235 1276 1106 3163 7222 11328 7449 
4236 703 285 3104 10757 11117 11329 
4237 1391 1390 1392 7949 11330 8095 
4238 2457 1032 3286 11331 8779 11332 
4239 1160 1159 1161 6673 11333 6706 
4240 1290 1324 3186 8279 11334 11335 
4241 806 808 3169 11336 11337 11338 
4242 3347 2190 3360 7936 5988 11339 
4243 2281 2330 3224 11340 11341 5192 
4244 638 3397 3961 11342 11343 11344 
4245 277 276 3174 378 11345 11346 
4246 1584 1582 3158 9154 11347 11348 
4247 2980 1913 4047 10394 11349 8388 
4248 1597 1269 3115 8598 8011 11350 
4249 564 2451 4024 7328 11351 11352 
4250 2294 3295 3750 11353 4469 9147 
4251 1292 1293 3116 8539 11108 11354 
4252 2858 2861 3012 11355 5689 10553 
4253 580 462 3165 10484 11356 6570 
4254 1293 1343 1344 11357 11358 8007 
4255 2139 2138 2140 11359 11360 11046 
4256 1530 2154 3108 9382 11361 11193 
4257 76 1068 3185 10792 7532 11362 
4258 890 891 892 11363 11364 11365 
4259 1484 1483 1498 8711 11366 8660 
4260 871 872 873 11367 11368 6696 
4261 2125 1128 3732 7113 11369 11370 
4262 855 859 860 11371 11372 6147 
4263 2080 1780 3109 10196 11155 11373 
4264 1905 2033 3150 11374 6474 11375 
4265 1162 1161 1163 6707 11376 6731 
4266 1541 1628 1629 11377 11055 11052 
4267 1628 1540 1728 11378 5204 11054 
4268 2104 3286 3554 11379 5068 11380 
4269 1639 815 2082 11381 11382 11057 
4270 3066 2715 4029 8153 11383 11384 
4271 2509 1697 3371 11385 8990 6310 
4272 859 1952 1953 11386 11387 11388 
4273 1323 626 1807 11389 11390 11060 
4274 2478 1333 3157 8509 11082 11391 
4275 964 3034 3114 10713 11183 11392 
4276 1715 2211 3183 9999 5372 11393 
4277 1588 1707 3183 9974 11394 7816 
4278 617 610 3145 10221 11395 11396 
4279 1164 1163 1165 6732 11397 6755 
4280 620 621 622 6600 8562 11398 
4281 2256 2752 3218 9106 11399 11400 
4282 1327 1264 1593 8740 11401 11066 
4283 2707 2004 4006 4691 11402 11403 
4284 880 885 886 11404 11405 5760 
4285 1937 1938 1939 11406 11407 4245 
4286 1007 1008 1009 11408 11409 7709 
4287 1831 1523 3117 9456 11199 11410 
4288 1166 1165 1167 6756 11411 6772 
4289 2056 3004 3197 10498 11412 11413 
4290 1499 1498 1505 8661 11414 8626 
4291 2309 2321 2322 11415 11073 8426 
4292 1322 1093 1529 11416 7840 11417 
4293 1987 2701 3335 8760 11418 11419 
4294 1291 1860 3118 9279 11420 11315 
4295 1579 1290 3186 8795 11335 11421 
4296 1622 1620 1904 9664 11422 11423 
4297 634 2688 3870 10832 11424 11425 
4298 791 2678 3710 8753 7801 6510 
4299 2120 2699 3491 5563 11426 6165 
4300 1330 981 3329 11427 11428 11429 
4301 3062 617 3145 10958 11396 11430 
4302 1170 1167 1171 6773 11431 6791 
4303 1106 1340 3163 7770 11432 11328 
4304 1672 1651 2296 11433 7684 5089 
4305 3107 2034 3409 7719 11434 5179 
4306 772 3199 3671 6385 6997 11435 
4307 3217 3602 3631 11436 8457 8938 
4308 1082 1079 1083 5198 11437 7085 
4309 2127 3352 3634 11438 11439 11440 
4310 3423 1492 3891 11441 7135 11442 
4311 2788 2787 2789 11443 7830 11444 
4312 3649 3554 4009 11445 11446 11447 
4313 2850 2854 3124 9729 11448 11211 
4314 1355 1925 1926 10620 11449 11450 
4315 1172 1171 1173 6792 11451 6807 
4316 3155 2920 3909 11452 11453 11454 
4317 1389 1388 1390 7797 11455 7948 
4318 2076 2454 3511 7812 11456 11457 
4319 2177 1368 2770 11458 11459 11460 
4320 2665 2652 3285 8759 11461 7649 
4321 1685 1687 3198 7537 11462 11088 
4322 1506 1505 1507 8627 11463 8582 
4323 2219 1884 3213 9640 11464 11465 
4324 1174 1173 1175 6808 11466 6815 
4325 610 612 3145 10259 11467 11395 
4326 2419 2426 3125 9243 11468 11294 
4327 1017 1007 3405 5007 7711 7452 
4328 2451 2520 3607 7329 7579 11196 
4329 1934 3331 3503 7423 11469 11470 
4330 2880 2825 3155 9149 11172 11471 
4331 1860 1862 3119 9485 6217 11472 
4332 3249 2638 3328 8783 11473 11474 
4333 1904 1620 3031 11422 11010 11475 
4334 1533 2133 3130 9444 11476 11239 
4335 2535 1865 3220 9696 11477 8030 
4336 3331 3670 4030 7425 11478 11479 
4337 808 1565 1566 7191 8980 11480 
4338 23 938 3230 10744 7856 11481 
4339 843 24 3230 10765 11482 11483 
4340 2194 2615 3776 11484 5634 4375 
4341 1032 2457 3674 11331 11485 8881 
4342 1541 1630 2484 11053 7850 11486 
4343 2600 2599 3435 6750 11487 6967 
4344 1508 1507 1509 8583 11488 8544 
4345 2557 2369 3137 8872 11072 11489 
4346 808 1572 3169 11490 7984 11337 
4347 1757 1759 3229 9816 11491 11492 
4348 1759 1762 3229 9947 11493 11491 
4349 2439 1076 2440 11494 11495 4407 
4350 2317 2441 3417 9144 11496 6432 
4351 1776 2164 2165 11497 11498 8719 
4352 2602 792 3416 8463 11499 8037 
4353 465 466 3138 480 11307 11244 
4354 1277 1286 3210 8110 11500 11501 
4355 2009 1688 3198 9077 11089 11502 
4356 2041 2042 3140 10377 11249 11503 
4357 1834 3062 3145 10952 11430 11152 
4358 302 639 3238 10752 11504 11505 
4359 262 792 3242 10775 7053 11506 
4360 708 263 3242 10769 11507 7991 
4361 2517 583 3540 5976 11508 11509 
4362 3224 2330 4067 11341 11510 11511 
4363 577 500 3081 11261 11266 11512 
4364 501 586 3081 11264 11513 11265 
4365 499 577 3080 11262 4174 11257 
4366 582 431 3082 11271 11273 5368 
4367 432 593 3082 11277 11514 11272 
4368 490 581 3083 11284 11515 11285 
4369 592 489 3083 11281 11286 11516 
4370 418 587 3084 11293 11517 11290 
4371 573 417 3084 11287 11291 11518 
4372 869 870 871 11519 11520 11521 
4373 1924 1922 1927 7130 11522 7273 
4374 2208 1961 3299 10992 11523 4805 
4375 1355 1926 1928 11450 11524 11314 
4376 3071 1895 3300 11113 11525 6833 
4377 847 856 2263 5358 11526 8081 
4378 464 568 3239 9954 8178 11527 
4379 722 721 723 7541 11528 8588 
4380 1049 1099 3247 4530 11529 5315 
4381 959 957 960 11530 5679 11531 
4382 1387 1386 1388 7585 11532 7796 
4383 2842 2840 3202 8480 11533 8140 
4384 1812 2610 3350 9347 11534 6032 
4385 3154 925 3906 5973 5486 11535 
4386 1510 1509 1511 8545 11536 8476 
4387 1515 1775 3617 11537 11538 11539 
4388 2414 3410 3911 11540 11541 7893 
4389 2613 2614 3712 8805 11542 8559 
4390 818 817 819 10587 11118 11543 
4391 2039 1150 3937 4799 7025 11544 
4392 3709 1637 3895 11545 11546 11547 
4393 2991 1297 3245 10396 11548 11549 
4394 1299 2266 3245 10380 6824 11550 
4395 2003 2972 3730 10312 11551 11552 
4396 2721 795 3269 9169 11553 10921 
4397 1857 1819 3410 9683 11554 11555 
4398 917 2124 3906 4257 11556 5485 
4399 3870 2688 3947 11424 11557 11558 
4400 281 704 3251 10756 4387 11559 
4401 800 282 3251 10730 11560 7038 
4402 2696 2695 3513 10681 6648 5527 
4403 667 2663 3285 10725 11561 11562 
4404 1877 1636 2445 11563 7124 6864 
4405 1660 1658 3236 7014 11564 11565 
4406 28 2746 3255 10737 5186 11566 
4407 842 29 3255 10748 11567 4903 
4408 1718 1277 3210 8590 11501 11568 
4409 3464 2588 3470 11569 11570 11571 
4410 663 2090 4043 4644 11572 7581 
4411 3328 2639 3368 11573 11171 11574 
4412 2648 2478 3157 9037 11391 11575 
4413 1512 1511 1535 8477 11576 8443 
4414 659 657 660 11577 5841 11578 
4415 1608 1610 1873 9734 11579 11580 
4416 1873 1610 3120 11579 10555 11581 
4417 1340 1829 3163 9181 11582 11432 
4418 2702 924 3273 9173 11583 6194 
4419 497 498 3141 520 11584 11585 
4420 1072 2618 3297 7006 11586 11587 
4421 104 887 3736 10851 11588 11589 
4422 724 725 726 11590 11591 6746 
4423 2073 2170 2623 9103 11592 11593 
4424 3190 3189 3191 11594 5037 5718 
4425 1944 3196 3399 11181 11595 8267 
4426 1578 3106 3107 11323 7720 11596 
4427 2703 2700 3162 9157 11250 11150 
4428 1381 1380 1383 7485 11597 7346 
4429 2690 2972 3508 11598 11599 7260 
4430 1999 2002 2996 11600 11601 10425 
4431 2389 1089 3542 8026 11602 11603 
4432 2531 2532 3278 8956 6943 11604 
4433 2736 296 3277 9213 11605 10846 
4434 3326 857 3427 11606 11607 11608 
4435 1070 1071 3609 11609 11610 11611 
4436 669 78 3280 10797 11612 11147 
4437 2058 2766 3373 9615 11613 11614 
4438 1640 1584 3158 9506 11348 5112 
4439 2468 2470 3178 8454 8033 8450 
4440 1752 1753 3018 9645 11615 11616 
4441 1753 1756 3018 9736 11617 11615 
4442 2263 856 3370 11526 8445 11618 
4443 1833 2751 3234 9131 11619 11620 
4444 2139 2480 3161 10906 7416 10999 
4445 1643 1644 1645 6455 7543 11621 
4446 2335 2396 3238 9948 11622 11623 
4447 1384 1383 1386 7347 11624 7584 
4448 2126 1085 3522 8614 11625 11626 
4449 462 463 3165 477 11627 11356 
4450 1528 2331 2438 4990 11628 11629 
4451 2047 2046 3848 11630 11631 11632 
4452 85 666 3166 10804 5897 11246 
4453 1687 1699 3198 8970 11633 11462 
4454 295 566 3277 10747 8471 11634 
4455 1197 2436 4070 5777 6854 11635 
4456 3512 882 3967 5611 11636 11637 
4457 2844 2842 3274 9145 8142 11638 
4458 1776 1545 2164 11639 11640 11497 
4459 2131 2490 3619 4918 11641 11642 
4460 2102 3459 3665 5641 11643 11644 
4461 649 648 650 11645 8120 11646 
4462 2365 2072 3523 6986 7952 11647 
4463 3118 1860 3119 11420 11472 11648 
4464 2276 2272 3276 10320 11649 7246 
4465 2127 2043 3352 10402 11650 11438 
4466 788 3181 3249 11234 11651 11652 
4467 1858 1258 1866 11653 8489 11654 
4468 3127 1318 3638 7339 11655 8157 
4469 276 565 3174 10738 11656 11345 
4470 3528 1149 3535 6193 11657 11658 
4471 2595 936 3500 7884 11659 11660 
4472 887 2640 4016 10858 7217 11661 
4473 1604 1607 3493 9638 11662 11663 
4474 1985 1983 3177 10053 11664 11665 
4475 1568 1816 3275 9374 6089 11666 
4476 2273 2274 3282 10275 11667 11668 
4477 2944 2819 3282 10366 11669 10965 
4478 1013 1015 3921 11670 11671 11672 
4479 2376 2678 3874 7800 11673 11674 
4480 498 3080 3141 11258 5133 11584 
4481 571 497 3141 11279 11585 6160 
4482 1746 2473 3703 11675 11676 4896 
4483 1737 1529 2175 11677 7092 6273 
4484 3157 1292 3290 9389 11678 11679 
4485 1862 1863 3387 9547 11680 6449 
4486 1731 1622 3096 9724 11681 11682 
4487 1959 1718 3210 9356 11568 11683 
4488 839 838 941 10327 11684 11685 
4489 839 941 3131 11685 11686 10340 
4490 1870 1319 3169 11215 11687 11252 
4491 1184 3192 3193 4315 11297 11688 
4492 3048 3049 3261 10964 6946 11689 
4493 993 1005 3240 4766 11690 4491 
4494 1356 2761 3354 10636 11691 11692 
4495 1363 1359 3354 10580 11693 11694 
4496 2751 1564 3234 8549 11695 11619 
4497 3547 2259 3548 11696 11697 10929 
4498 1797 1566 3167 11020 8981 11698 
4499 3372 776 4012 6900 8543 11699 
4500 3207 3327 3596 11700 11701 11702 
4501 2886 2889 3294 10041 11703 11704 
4502 736 725 3175 11189 11705 11706 
4503 2688 1443 3947 8897 11707 11557 
4504 3277 2651 3388 8470 11708 10847 
4505 3314 3429 3958 7693 11709 11710 
4506 224 223 3181 325 11245 11233 
4507 687 686 688 11711 5815 11712 
4508 2492 2491 3855 8082 11713 6520 
4509 3288 3301 3479 7468 11714 11715 
4510 2545 2038 3369 6350 11716 11717 
4511 3174 565 3219 11656 11718 5541 
4512 2259 3547 3731 11696 11719 11720 
4513 1913 3244 4047 6559 11721 11349 
4514 1707 1715 3183 10374 11393 11394 
4515 998 3262 3620 7892 11722 7442 
4516 1487 3386 3524 11723 8078 11724 
4517 2758 1889 3304 10677 11725 11726 
4518 2473 1746 3808 11675 11727 6836 
4519 2105 1213 3755 4349 4650 11728 
4520 1886 1694 1888 8971 11729 11730 
4521 627 631 3305 11731 11732 11733 
4522 2024 2029 3494 10427 11734 11735 
4523 726 725 727 11591 11188 11191 
4524 77 76 3185 178 11362 11736 
4525 2087 1579 3186 9405 11421 7624 
4526 2189 2258 3762 9420 11737 8204 
4527 1004 2591 3745 10843 11738 5572 
4528 3570 2082 3651 11739 11740 11741 
4529 1717 1879 2006 8944 11742 11743 
4530 2093 3477 3561 6153 11744 11745 
4531 1319 806 3169 11746 11338 11687 
4532 3829 3081 4048 11747 11748 11749 
4533 2841 2843 3054 8908 11750 11751 
4534 2599 2598 3435 8028 11752 11487 
4535 423 2513 3772 11753 11754 11755 
4536 1747 1515 3617 11756 11539 6024 
4537 1999 2001 2002 11255 11757 11600 
4538 1546 1776 1961 11758 11202 11200 
4539 1085 3352 3522 11759 11760 11625 
4540 3004 2332 3197 9961 5782 11412 
4541 3356 3357 4040 11761 11762 11763 
4542 2843 2862 3054 9429 11764 11750 
4543 2006 1879 3147 11742 10897 11765 
4544 2656 3824 3834 11766 8552 11767 
4545 1886 1888 3149 11730 11768 10977 
4546 2735 2733 3537 9086 5094 7833 
4547 2638 2639 3328 9006 11573 11473 
4548 2814 2813 2815 11769 4573 11770 
4549 2406 2407 3835 9380 10935 7653 
4550 2152 3489 3912 5982 8804 11771 
4551 3067 2645 3269 10926 4737 11772 
4552 2757 582 3698 7011 5888 11773 
4553 612 619 3145 11774 11153 11467 
4554 1852 1319 1868 11775 11214 11213 
4555 2858 2860 2861 11776 11777 11355 
4556 2897 2902 3008 11778 11779 10524 
4557 3066 2147 3476 11061 11780 8154 
4558 2858 2859 2860 9880 11781 11776 
4559 2471 2758 3790 9372 11782 8223 
4560 1658 1661 3236 7722 11783 11564 
4561 2890 3035 3202 10842 11096 11784 
4562 3088 1419 3883 4613 11785 11786 
4563 726 728 2521 11192 7009 8657 
4564 1583 1585 3315 9345 11787 11788 
4565 3733 898 3878 8733 11789 11790 
4566 824 2073 2623 4798 11593 5310 
4567 1893 2230 2286 9364 11791 11792 
4568 2124 2620 3154 6244 11793 11794 
4569 1914 1915 3332 9442 8864 11795 
4570 1982 1987 3335 10408 11419 11796 
4571 2040 1979 3335 10115 11797 11798 
4572 892 893 894 11799 11800 6063 
4573 1286 1822 3210 9237 11801 11500 
4574 3407 1238 3809 11802 11803 6502 
4575 1241 1215 3409 5693 7083 11804 
4576 672 671 673 11805 7421 11806 
4577 1427 1426 1428 7942 11807 7956 
4578 1429 1428 1430 7957 11808 7969 
4579 2206 2186 4065 11809 7324 11810 
4580 1424 1423 1426 7921 11811 7941 
4581 502 503 3298 525 11812 11813 
4582 1431 1430 1432 7970 11814 7994 
4583 570 2697 3734 6222 11815 11816 
4584 2111 2480 3536 7414 11009 7132 
4585 1422 1421 1423 7863 11817 7920 
4586 1097 1109 1110 11818 11819 5935 
4587 3212 3207 3596 11820 11702 7565 
4588 565 2730 3219 8916 6375 11718 
4589 1015 2536 3921 6723 11821 11671 
4590 1736 2204 3631 11822 8939 5739 
4591 1433 1432 1434 7995 11823 8000 
4592 697 694 3378 4260 6443 8527 
4593 1661 2070 3236 9176 11824 11783 
4594 2838 2835 2839 11825 7646 11826 
4595 2513 423 3856 11753 11827 11828 
4596 2507 1916 3996 8163 11829 11830 
4597 951 958 3223 5591 7102 10942 
4598 1884 2413 3213 9604 6343 11464 
4599 21 20 3318 122 11831 8045 
4600 1420 1419 1421 7824 4612 7862 
4601 3165 463 3239 11627 11832 6991 
4602 754 826 3361 10513 11833 11230 
4603 829 1598 3361 10297 5331 11834 
4604 3720 2998 3898 7587 11835 11836 
4605 964 3114 3439 11392 11837 11838 
4606 3125 2426 4056 11468 6629 11839 
4607 2242 3381 4053 11840 11841 11842 
4608 2752 794 3218 9221 11843 11399 
4609 2232 2039 2698 4994 11844 4747 
4610 1959 2640 3497 6906 11845 11846 
4611 1084 1083 1087 7086 11847 7255 
4612 1117 3488 3612 5960 11848 11849 
4613 1435 1434 1436 8001 11850 8002 
4614 2506 2507 3915 8164 6635 11851 
4615 2972 2690 3730 11598 11852 11551 
4616 1053 1051 1054 5386 11853 7455 
4617 2837 3060 3260 11854 11855 11856 
4618 2200 1793 2201 9539 11857 11858 
4619 2003 3730 3913 11552 11859 6652 
4620 1524 3028 3358 10687 11860 11861 
4621 2928 2813 4037 4176 7701 11862 
4622 1941 2607 3644 7616 11863 11864 
4623 2217 2178 3817 8473 4870 8364 
4624 1418 1416 1419 7781 11865 7823 
4625 1546 1962 2435 11201 11866 11867 
4626 86 3166 3738 11247 11868 11869 
4627 1229 1230 1231 11870 11871 5856 
4628 626 623 627 11872 5559 11873 
4629 1668 1675 1691 9413 11874 11875 
4630 650 3241 3599 8122 11876 7018 
4631 2312 3547 4071 11877 11878 8655 
4632 3280 2453 3377 8282 11879 11148 
4633 724 723 725 8589 11880 11590 
4634 2761 2217 3354 7622 11881 11691 
4635 2840 3105 3202 8868 11882 11533 
4636 3105 2890 3202 10853 11784 11882 
4637 619 616 620 11883 6599 11884 
4638 1437 1436 1438 8003 11885 7996 
4639 812 3161 3305 11000 11886 11887 
4640 1088 1087 1279 7256 11888 7278 
4641 2800 2799 2803 10305 11889 11223 
4642 1865 2514 3220 9661 11890 11477 
4643 2685 1725 2686 11891 11892 5833 
4644 2878 2877 3375 9935 5187 11893 
4645 1983 1981 3456 10189 6898 11894 
4646 3947 1443 4042 11707 11895 11896 
4647 1329 981 1330 11897 11427 11898 
4648 2435 658 3701 11899 11900 11901 
4649 2180 2177 3289 11902 11903 11904 
4650 1415 1414 1416 7750 11905 7780 
4651 429 2757 3588 6686 11906 11907 
4652 1895 2282 3300 9536 11908 11525 
4653 3432 2141 3454 11909 11910 11911 
4654 2461 2462 3225 10685 5670 5299 
4655 1976 1974 3398 9975 5926 11912 
4656 1280 1279 1281 7279 11913 8210 
4657 3397 2538 3961 5545 11914 11343 
4658 1439 1438 1440 7997 11915 7973 
4659 851 2601 3446 8261 11916 11917 
4660 846 857 3326 10311 11606 11918 
4661 2505 849 3411 8623 11919 7615 
4662 1926 1925 1930 11449 9288 11920 
4663 1536 1535 3184 8444 11921 11922 
4664 1689 1660 3236 9088 11565 11923 
4665 638 306 3397 10727 11924 11342 
4666 305 796 3397 10750 5546 11925 
4667 1720 1528 2438 11926 11629 11927 
4668 3357 2051 3502 11928 7188 11228 
4669 2748 2749 3415 9065 6582 11929 
4670 24 23 3230 125 11481 11482 
4671 2240 1638 4060 7480 11930 11931 
4672 1093 910 2753 11932 11933 7841 
4673 2049 2471 3501 10618 8436 11934 
4674 1281 2588 3463 11935 6712 11936 
4675 2790 2789 2791 11937 5190 11938 
4676 2854 3012 3395 10549 8575 11939 
4677 805 1319 1852 11940 11775 11941 
4678 259 567 3408 10778 7305 11942 
4679 1272 1524 3358 9191 11861 11943 
4680 1703 1778 1900 9702 11944 11945 
4681 808 1566 1572 11480 11253 11490 
4682 1703 1900 3026 11945 11946 10682 
4683 250 249 3418 351 5606 11947 
4684 1441 1440 1444 7974 11948 7954 
4685 1312 1311 3173 11949 9866 7728 
4686 1310 1311 1312 10284 11949 11950 
4687 1744 1746 3233 9991 5239 11951 
4688 2155 3350 3834 11952 11953 11954 
4689 2020 2021 2022 10008 11955 11956 
4690 792 261 3416 10774 11957 11499 
4691 849 47 3411 10768 11958 11919 
4692 46 935 3411 10740 6205 11959 
4693 3006 2597 3404 10502 8073 11960 
4694 2338 1326 3340 6444 11961 11962 
4695 2510 1358 3425 5801 11963 11964 
4696 2824 2828 3059 8911 11965 11966 
4697 2728 2378 3691 8353 5581 11967 
4698 2742 2214 3517 11968 11969 4557 
4699 1969 1731 1971 9783 11970 11971 
4700 2510 2150 3686 10884 7374 7286 
4701 2201 1793 3252 11857 11317 6935 
4702 679 680 681 6862 7679 11972 
4703 574 2677 3915 11973 11974 6634 
4704 614 611 2428 5051 11975 7998 
4705 1754 1751 3420 9681 11976 6057 
4706 890 892 3987 11365 7351 11977 
4707 77 3185 3280 11736 8283 11978 
4708 591 507 3259 11274 11979 11980 
4709 414 590 3257 11278 4585 11981 
4710 488 592 3258 11282 4104 11982 
4711 871 870 872 11520 11983 11367 
4712 1774 3311 4032 5251 11984 11985 
4713 611 609 2428 10304 7478 11975 
4714 3616 1146 3831 11986 11987 11988 
4715 1445 1444 1446 7955 11989 7939 
4716 2045 3011 3043 10543 11990 11991 
4717 581 2768 4045 10956 11992 11993 
4718 932 931 933 11994 5910 11995 
4719 1622 1904 3096 11423 11996 11681 
4720 2699 252 3491 9132 11997 11426 
4721 1988 1985 1990 10376 11998 11999 
4722 1666 1668 3263 9091 12000 12001 
4723 801 2745 3453 9299 12002 12003 
4724 1549 1536 3184 8996 11922 12004 
4725 1748 1673 1960 12005 12006 12007 
4726 216 784 3669 10825 6237 12008 
4727 2451 1261 4024 6331 12009 11351 
4728 2754 1845 3430 9446 7525 12010 
4729 2142 2697 3433 10653 7522 12011 
4730 1621 1729 3431 9723 7146 12012 
4731 2136 1619 3431 9589 12013 8390 
4732 2665 3020 4061 6821 12014 12015 
4733 935 45 3446 10739 12016 12017 
4734 44 851 3446 10760 11917 12018 
4735 2648 3157 3290 11575 11679 12019 
4736 3013 1754 3435 9751 6059 12020 
4737 778 3171 3565 5397 6216 12021 
4738 1726 1339 2053 8580 12022 12023 
4739 1988 2573 2984 12024 12025 10204 
4740 1845 1835 3454 10703 12026 12027 
4741 1551 1549 1821 9377 12028 12029 
4742 2716 781 3476 9030 12030 12031 
4743 3449 3709 3895 12032 11547 12033 
4744 2155 3037 3350 10876 6033 11952 
4745 2898 2945 3678 10085 11138 12034 
4746 658 3570 3651 12035 11741 12036 
4747 2160 1936 2161 12037 4197 12038 
4748 856 3642 3922 5964 12039 12040 
4749 3011 2216 3043 10974 12041 11990 
4750 923 2689 3507 9116 12042 12043 
4751 1009 1010 1011 12044 12045 5991 
4752 654 655 656 6802 8051 12046 
4753 3195 3112 3779 5796 7896 7066 
4754 15 14 3465 116 12047 5479 
4755 2038 1890 3369 9773 12048 11716 
4756 303 302 3238 404 11505 12049 
4757 1071 1321 2512 12050 12051 12052 
4758 3270 2381 3271 12053 12054 12055 
4759 3664 2293 3827 8668 12056 12057 
4760 2494 2492 3914 11320 6521 6970 
4761 463 464 3239 478 11527 11832 
4762 1447 1446 1448 7940 12058 7922 
4763 1539 1541 2484 12059 11486 11062 
4764 2341 3829 4048 5476 11749 12060 
4765 782 2725 3465 10693 8502 12061 
4766 1413 1412 1414 8161 12062 7749 
4767 1313 2472 2988 12063 12064 12065 
4768 251 1149 3491 10785 6192 12066 
4769 263 262 3242 364 11506 11507 
4770 2393 2030 3451 9515 12067 12068 
4771 783 217 3669 10820 12069 7563 
4772 3302 2097 3426 12070 12071 12072 
4773 1365 1366 1367 12073 12074 8103 
4774 619 620 810 11884 12075 11318 
4775 1874 1368 2177 12076 11458 12077 
4776 2816 2815 2817 12078 4979 12079 
4777 2561 2560 3629 6439 12080 12081 
4778 1119 1116 1522 5414 12082 12083 
4779 433 434 3400 456 12084 12085 
4780 867 2702 3520 9167 6196 12086 
4781 1553 1551 3179 9531 12087 12088 
4782 1327 1595 3340 8650 6338 12089 
4783 3712 2614 4061 11542 12090 12091 
4784 1662 1671 1678 12092 12093 7203 
4785 703 3104 3394 11329 6200 12094 
4786 901 3436 3561 12095 12096 12097 
4787 2862 2863 2865 9497 11304 12098 
4788 1692 1675 3026 12099 10670 12100 
4789 2708 563 3567 8298 12101 7301 
4790 2686 1725 3407 11892 12102 5937 
4791 2413 1882 3497 9603 12103 12104 
4792 3690 856 3922 8446 12040 12105 
4793 3181 2543 3249 8978 12106 11651 
4794 1449 1448 1450 7923 12107 7874 
4795 869 868 870 11028 12108 11519 
4796 1880 1959 3497 9357 11846 12109 
4797 1266 1578 3091 8871 12110 12111 
4798 277 3174 4000 11346 12112 12113 
4799 1857 3410 3863 11555 12114 12115 
4800 3584 2325 3745 12116 5850 12117 
4801 1297 1299 3245 10246 11550 11548 
4802 1959 3210 3346 11683 12118 6907 
4803 1316 1315 1875 12119 6123 12120 
4804 2029 2621 3494 8137 4441 11734 
4805 936 41 3500 10735 12121 11659 
4806 1555 1553 3187 9609 12122 12123 
4807 1819 1818 3410 9571 12124 11554 
4808 1361 1363 2770 10581 12125 12126 
4809 1364 1361 2770 10566 12126 12127 
4810 2697 2696 3734 10652 5536 11815 
4811 2972 1996 3508 10113 12128 11599 
4812 1998 2041 3508 10318 6426 12129 
4813 1782 2361 2965 12130 6766 10457 
4814 952 951 953 12131 10941 12132 
4815 1785 1787 1901 9047 12133 12134 
4816 2543 2542 3249 9098 8784 12106 
4817 2214 1790 3517 9618 12135 11969 
4818 3762 2258 4052 11737 8171 12136 
4819 1788 1832 3517 9399 4414 12137 
4820 2848 2847 3521 9556 7815 12138 
4821 2309 2308 2321 12139 5794 11415 
4822 2907 2930 3341 12140 12141 12142 
4823 3656 850 3822 12143 12144 12145 
4824 1965 2120 3528 9425 6167 12146 
4825 2040 3335 3520 11798 12147 7211 
4826 282 281 3251 383 11559 11560 
4827 1178 1175 2348 6816 8316 12148 
4828 725 723 3175 11880 12149 11705 
4829 249 248 3553 350 12150 5607 
4830 1816 1817 3537 9463 12151 5093 
4831 2202 1696 2454 12152 12153 12154 
4832 2107 2082 3570 10918 11739 12155 
4833 3319 1947 3525 7386 12156 12157 
4834 3295 869 3873 6427 12158 12159 
4835 3173 2953 3800 9836 12160 12161 
4836 2619 1024 2620 6923 12162 7280 
4837 1451 1450 1452 7875 12163 7828 
4838 2859 3008 3353 10520 12164 12165 
4839 2390 2129 3363 9716 12166 6364 
4840 627 629 631 5975 6611 11731 
4841 1557 1555 1563 9688 12167 12168 
4842 3103 890 3987 7088 11977 12169 
4843 1949 1875 2223 12170 6850 7490 
4844 3271 2381 3830 12054 12171 12172 
4845 2306 2110 3540 10630 12173 12174 
4846 812 2138 2139 12175 11359 10998 
4847 2266 2945 3849 7528 12176 7400 
4848 1809 2495 4027 11030 12177 5950 
4849 2906 2919 4010 12178 12179 12180 
4850 2939 3866 3956 12181 12182 12183 
4851 29 28 3255 130 11566 11567 
4852 1374 1375 1376 12184 12185 8311 
4853 1705 1702 3550 9699 12186 4623 
4854 2261 2936 4055 12187 12188 12189 
4855 1254 1944 3672 12190 8269 12191 
4856 631 812 3305 12192 11887 11732 
4857 1607 1608 3121 9675 12193 12194 
4858 1765 2965 3742 10452 12195 12196 
4859 16 15 3563 117 5481 12197 
4860 2086 2279 3545 9483 6348 12198 
4861 419 420 3468 442 8086 12199 
4862 1285 2399 3480 5454 12200 12201 
4863 563 56 3567 10776 12202 12101 
4864 55 2711 3567 10773 6494 12203 
4865 1443 2684 4042 10833 7227 11895 
4866 2128 2572 3256 10119 6654 12204 
4867 3166 2209 3738 6481 5940 11868 
4868 1323 2141 3432 10923 11909 12205 
4869 2046 953 3464 12206 7119 12207 
4870 612 616 619 6572 11883 11774 
4871 2515 3038 3545 10871 12208 7436 
4872 1149 3418 3535 12209 12210 11657 
4873 1217 1218 1219 12211 12212 5652 
4874 1775 2486 3603 6710 12213 12214 
4875 1346 1344 1698 8666 12215 12216 
4876 2179 2177 2180 12217 11902 12218 
4877 1055 1054 1056 7456 12219 7594 
4878 1690 2547 3654 12220 12221 12222 
4879 2658 2660 3832 9186 6303 12223 
4880 254 1148 3600 10783 6920 12224 
4881 2682 928 3656 4941 12225 12226 
4882 1180 255 3600 10780 12227 11198 
4883 1076 2439 3648 11494 12228 12229 
4884 2675 83 3759 8963 12230 5722 
4885 233 232 3628 334 6954 12231 
4886 2577 2531 3278 8247 11604 8215 
4887 876 1911 3687 4588 12232 12233 
4888 2310 1825 2710 8351 12234 8768 
4889 2677 2676 3915 8737 12235 11974 
4890 1701 3048 3261 10988 11689 12236 
4891 1541 1540 1628 12237 11378 11377 
4892 1662 1659 1671 8572 7735 12092 
4893 1559 1557 3205 9741 12238 12239 
4894 2242 2174 3381 12240 11178 11840 
4895 1638 815 1639 12241 11381 12242 
4896 1195 1197 4070 12243 11635 12244 
4897 3210 1822 3346 11801 12245 12118 
4898 2836 2832 3030 9504 12246 5149 
4899 2832 2834 3030 9559 12247 12246 
4900 3029 3557 4018 12248 12249 12250 
4901 3390 897 3714 5574 5812 12251 
4902 3298 503 3995 11812 12252 12253 
4903 1453 1452 1454 7829 12254 7786 
4904 731 730 3597 10819 12255 8362 
4905 1341 821 2054 12256 6869 12257 
4906 2230 1338 3555 9363 12258 12259 
4907 2920 3155 3973 11452 12260 12261 
4908 1948 2058 3373 10401 11614 12262 
4909 2325 2219 3421 9709 12263 5849 
4910 859 854 1952 12264 12265 11386 
4911 1057 1056 1058 7595 12266 7633 
4912 3930 3220 3932 12267 12268 12269 
4913 1624 1611 3611 9812 12270 12271 
4914 664 665 670 6979 8358 4325 
4915 1235 1260 3098 6506 12272 7090 
4916 1360 1833 3425 10564 12273 12274 
4917 2450 1190 3920 5412 6905 5944 
4918 256 1180 3625 10781 6270 12275 
4919 1735 1680 3064 12276 7172 12277 
4920 795 3067 3269 10946 11772 11553 
4921 636 640 641 6553 8366 12278 
4922 622 626 1323 12279 11389 12280 
4923 949 2654 3759 8371 5723 12281 
4924 2652 667 3285 8886 11562 11461 
4925 1105 953 2046 12282 12206 12283 
4926 3315 1585 3493 11787 12284 12285 
4927 2463 2048 3267 12286 5859 12287 
4928 2214 2742 4007 11968 12288 12289 
4929 1638 1639 4060 12242 12290 11930 
4930 1059 1058 1060 7634 12291 7665 
4931 425 426 3513 448 5528 12292 
4932 2186 1250 3574 12293 12294 4536 
4933 985 3027 3725 12295 12296 12297 
4934 2636 573 3795 7712 12298 12299 
4935 1782 1784 2361 11327 12300 12130 
4936 3040 2440 3126 11219 12301 6595 
4937 1293 1253 1343 8538 12302 11357 
4938 413 414 3257 436 11981 12303 
4939 487 488 3258 510 11982 12304 
4940 507 508 3259 530 12305 11979 
4941 3158 1582 3837 11347 12306 12307 
4942 2718 985 3725 9246 12297 12308 
4943 2274 2967 3505 9983 12309 12310 
4944 994 992 995 5869 12311 8023 
4945 1762 1763 1850 9968 12312 12313 
4946 1346 1698 3227 12216 12314 10979 
4947 797 2735 3692 9179 8112 12315 
4948 1581 1583 2143 8918 12316 12317 
4949 3140 923 3507 6848 12043 12318 
4950 1561 1559 3212 9800 12319 12320 
4951 2738 937 3971 9283 12321 12322 
4952 928 53 3656 10766 12323 12225 
4953 3439 2917 3897 7703 12324 12325 
4954 52 850 3656 10763 12143 12326 
4955 1898 1771 3291 12327 8097 12328 
4956 924 2706 3273 10722 12329 11583 
4957 1932 1927 1933 7274 12330 8175 
4958 1670 1651 1672 12331 11433 12332 
4959 2907 2908 2930 12333 12334 12140 
4960 2463 2464 3750 12335 9148 12336 
4961 1901 1787 3203 12133 11208 5002 
4962 1061 1060 1062 7666 12337 7675 
4963 3115 1917 3359 8399 12338 12339 
4964 2524 2148 3646 10537 12340 11080 
4965 3227 3887 3911 12341 12342 12343 
4966 3104 284 3850 11116 12344 12345 
4967 1314 1312 1315 12346 7727 12347 
4968 806 689 807 12348 6168 12349 
4969 566 294 3667 10746 12350 6758 
4970 1930 1931 1935 9289 8727 12351 
4971 1043 1040 1044 5930 12352 7960 
4972 2847 2844 3274 9498 11638 12353 
4973 2277 2991 3936 10444 12354 12355 
4974 1374 1372 1375 9266 12356 12184 
4975 2611 2612 3293 8304 10938 11040 
4976 1724 1568 3275 9209 11666 12357 
4977 2920 2944 3909 10367 8949 11453 
4978 1219 1226 1227 12358 12359 6098 
4979 3811 1802 3886 11308 7758 12360 
4980 2887 2911 3389 9598 8412 12361 
4981 3180 1486 3969 6006 12362 12363 
4982 3078 2681 3924 11102 12364 12365 
4983 1727 1726 3666 8941 12366 12367 
4984 2656 949 3824 8257 12368 11766 
4985 1455 1454 1456 7787 12369 7798 
4986 3417 2441 4050 11496 8678 12370 
4987 2272 2275 3276 10344 12371 11649 
4988 1063 1062 1064 7676 5272 7707 
4989 921 87 3738 10806 12372 5632 
4990 2043 2996 3352 10446 12373 11650 
4991 3285 2663 3611 11561 12374 12375 
4992 2573 1074 3758 5708 12376 12377 
4993 1774 2290 4049 12378 12379 12380 
4994 296 295 3277 397 11634 11605 
4995 3259 594 3515 12381 12382 12383 
4996 2205 2186 2206 12384 11809 12385 
4997 788 3249 3328 11652 11474 12386 
4998 3386 1487 3673 11723 12387 12388 
4999 1953 1952 1954 11387 12389 12390 
5000 1614 1330 1615 12391 6362 12392 
5001 2454 2168 3136 7811 4322 12393 
5002 18 2728 3691 10767 11967 12394 
5003 2679 1666 3263 8107 12001 5405 
5004 561 19 3691 10732 12395 5580 
5005 1950 1704 3681 9726 12396 7396 
5006 1334 1336 3099 8302 12397 12398 
5007 2434 2354 3705 7151 12399 12400 
5008 78 77 3280 179 11978 11612 
5009 1585 1604 3493 9509 11663 12284 
5010 1 107 3733 209 8734 12401 
5011 2977 1102 3683 10335 12402 7303 
5012 2154 2155 3509 9475 12403 12404 
5013 1336 1893 3099 9199 12405 12397 
5014 1125 1126 1127 12406 12407 12408 
5015 1684 1697 3702 10835 8040 12409 
5016 2690 866 3730 9027 12410 11852 
5017 3003 2958 3694 10473 5668 12411 
5018 1752 3019 3028 12412 12413 10699 
5019 1065 1064 1066 7708 12414 7742 
5020 2692 2693 3913 8855 6653 12415 
5021 2819 2273 3282 10235 11668 11669 
5022 2313 2765 3698 9549 12416 5887 
5023 2755 2757 3698 10603 11773 12417 
5024 569 3078 3924 5731 12365 7239 
5025 2976 964 3439 10090 11838 12418 
5026 868 863 1091 12419 12420 12421 
5027 3174 2305 4000 5524 7369 12112 
5028 936 2599 3993 8029 8558 12422 
5029 3014 2852 3657 10529 12423 12424 
5030 1809 1798 3713 10668 12425 11031 
5031 1977 2040 3704 10116 12426 12427 
5032 82 949 3759 10800 12281 12428 
5033 2207 2206 2387 12429 8789 12430 
5034 1587 1561 1589 9852 12431 12432 
5035 1603 1640 3712 9507 8560 12433 
5036 1863 2254 3387 9663 8377 11680 
5037 2122 2121 2123 12434 7806 12435 
5038 2458 2236 3729 10440 12436 7136 
5039 2106 2446 3729 10443 8808 12437 
5040 2548 1004 3421 7925 5571 12438 
5041 1067 1066 1069 7743 12439 7791 
5042 1756 1757 1768 9772 12440 12441 
5043 2614 2665 4061 8236 12015 12090 
5044 2149 1113 4064 12442 5966 12443 
5045 3023 2200 3024 10654 12444 12445 
5046 2650 2648 3290 9397 12019 12446 
5047 3536 2513 3856 11008 11828 12447 
5048 1359 1356 3354 10622 11692 11693 
5049 3787 3748 3788 12448 7372 12449 
5050 3866 3801 3956 12450 12451 12182 
5051 3451 2030 3555 12067 12452 12453 
5052 3381 710 4053 4875 6504 11841 
5053 1574 3889 3955 12454 12455 12456 
5054 2010 3094 3622 11231 8847 12457 
5055 2115 3246 3596 6490 5490 12458 
5056 3505 2967 3991 12309 12459 12460 
5057 2742 2743 4007 9057 12461 12288 
5058 567 258 3774 10777 12462 12463 
5059 3493 1607 3549 11662 12464 12465 
5060 2653 3328 3368 12466 11574 12467 
5061 1156 3502 3783 7109 7190 6825 
5062 3226 1792 3308 4419 5026 12468 
5063 2580 2581 3447 8425 7463 12469 
5064 583 2955 3540 9904 12470 11508 
5065 1070 1069 1071 7792 12471 11609 
5066 2429 2428 2475 7999 8192 12472 
5067 2927 2886 3294 10363 11704 12473 
5068 2621 2124 3637 6245 4559 4300 
5069 949 81 3824 10799 12474 12368 
5070 2822 2824 3059 7350 11966 12475 
5071 80 2680 3824 10796 8550 12476 
5072 1772 3134 3384 11158 6483 12477 
5073 916 2176 3695 12478 6128 12479 
5074 3298 2507 3996 12480 11830 12481 
5075 293 3093 3667 11212 8172 12482 
5076 1457 1456 1458 7799 12483 7860 
5077 1258 1294 3336 7570 12484 8490 
5078 1347 1 3733 11218 12401 12485 
5079 236 791 4056 10798 12486 12487 
5080 2404 3616 3831 4335 11988 12488 
5081 2897 2898 2899 10109 12489 12490 
5082 813 3379 3760 8020 12491 12492 
5083 3244 2263 3370 6558 11618 5426 
5084 1961 2549 3299 11203 6960 11523 
5085 2164 2710 3452 5874 12493 12494 
5086 1706 1587 3228 9951 12495 12496 
5087 3109 2738 3971 12497 12322 12498 
5088 1739 1738 1801 11004 12499 12500 
5089 1960 1673 3841 12006 8092 12501 
5090 3496 2231 3583 4219 12502 12503 
5091 2798 2809 2810 7803 11125 12504 
5092 1326 1327 3340 8741 12089 11961 
5093 3063 567 3774 7317 12463 7338 
5094 1626 1744 1851 9940 12505 12506 
5095 859 1953 3316 11388 12507 12508 
5096 818 820 823 12509 12510 8440 
5097 2279 3104 3850 5904 12345 6463 
5098 2016 2249 3802 9855 5259 12511 
5099 3433 1845 3454 7526 12027 12512 
5100 2960 575 3299 9899 4806 6959 
5101 2095 3331 4030 7902 11479 8835 
5102 2184 2493 3962 6176 12513 12514 
5103 1261 73 4024 10793 12515 12009 
5104 2675 2655 3803 5098 12516 12517 
5105 72 564 4024 10788 11352 12518 
5106 1597 3115 3359 11350 12339 12519 
5107 1721 2280 3367 9076 7659 8925 
5108 1237 2486 3216 12520 11237 12521 
5109 3518 912 3975 12522 12523 12524 
5110 2128 3256 3607 12204 6401 7578 
5111 2355 2352 3816 9486 12525 7835 
5112 770 763 3821 10351 12526 11162 
5113 3041 2508 3510 10886 11303 12527 
5114 2727 3163 3608 7450 12528 12529 
5115 2373 2371 3818 9329 12530 12531 
5116 2424 2423 3805 5969 12532 6025 
5117 2568 625 3412 7985 12533 7759 
5118 1889 2163 3304 10646 7651 11725 
5119 1973 1975 3826 9960 6552 12534 
5120 1231 1233 1234 12535 12536 6185 
5121 2988 2472 3587 12064 5727 5503 
5122 2167 2385 3471 12537 12538 12539 
5123 2290 3422 3766 12540 12541 12542 
5124 1260 2545 3369 6903 11717 12543 
5125 3629 2560 3708 12080 12544 12545 
5126 2877 3014 3765 10578 12546 5188 
5127 1738 1594 3365 11221 12547 12548 
5128 1595 3052 3655 11005 12549 6339 
5129 283 800 3850 10731 6464 12550 
5130 3046 705 4052 10949 12551 8170 
5131 3130 2133 3265 11476 4968 12552 
5132 2199 2392 4045 10552 12553 12554 
5133 1974 1970 3858 9928 12555 6083 
5134 1942 1250 2186 12556 12293 12557 
5135 2021 2024 3494 10445 11735 12558 
5136 1697 2509 3946 11385 12559 9021 
5137 2196 2285 3924 10599 7240 12560 
5138 796 304 4003 10749 12561 7905 
5139 2945 2896 3849 10084 12562 12176 
5140 2894 2927 3849 10364 7401 12563 
5141 799 278 4000 10745 12564 7368 
5142 851 43 3993 10759 12565 8557 
5143 1626 1905 3120 12566 12567 10562 
5144 42 936 3993 10736 12422 12568 
5145 2291 1774 4049 5250 12380 6735 
5146 2970 2056 3610 10378 12569 12570 
5147 40 39 3923 141 12571 6677 
5148 3350 2656 3834 12572 11767 11953 
5149 2511 2218 3999 9642 12573 7457 
5150 855 854 859 11143 12264 11371 
5151 2677 574 3806 11973 12574 7517 
5152 2348 1177 3319 8315 7706 12575 
5153 2248 3780 4058 12576 12577 12578 
5154 2319 2182 3916 9818 12579 7927 
5155 20 561 3318 10733 12580 11831 
5156 2278 3437 3438 5323 12581 6810 
5157 1981 1978 4033 10389 12582 7044 
5158 1713 1706 2253 10057 12583 12584 
5159 894 893 912 11800 12585 12586 
5160 2033 3653 4019 12587 12588 12589 
5161 2089 3039 3040 5921 11220 12590 
5162 1307 1310 2988 10410 12591 12592 
5163 1308 1307 2988 10212 12592 5502 
5164 2280 1804 4015 9075 12593 6930 
5165 990 988 991 6093 12594 8340 
5166 1365 1364 1366 10546 12595 12073 
5167 1971 1731 3096 11970 11682 12596 
5168 864 863 868 10954 12419 11027 
5169 916 913 2176 5845 6605 12478 
5170 1807 626 3305 11390 12597 12598 
5171 3341 3461 3799 12599 12600 12601 
5172 794 2717 3882 9235 6895 12602 
5173 3168 2429 3847 8193 12603 12604 
5174 651 650 652 12605 6560 12606 
5175 1574 1273 3889 8129 12607 12454 
5176 2118 2636 3795 5538 12299 12608 
5177 2594 3158 3837 6962 12307 7081 
5178 1544 1546 2435 12609 11867 12610 
5179 1988 1990 2573 11999 12611 12024 
5180 2454 1696 3511 12153 12612 11456 
5181 210 900 3686 11160 12613 7373 
5182 3441 2118 3795 12614 12608 12615 
5183 1691 1675 1692 11874 12099 12616 
5184 3114 2806 3439 8324 7704 11837 
5185 3357 3194 4040 12617 12618 11762 
5186 1641 3662 3664 12619 12620 12621 
5187 1990 1985 3177 11998 11665 8658 
5188 3320 3342 3963 12622 8419 8254 
5189 806 807 808 12349 7628 11336 
5190 2219 3213 3421 11465 12623 12263 
5191 2497 3541 3645 12624 12625 8561 
5192 770 2940 3927 11161 5909 12626 
5193 1542 2101 3031 12627 12628 11006 
5194 426 427 3734 449 12629 5535 
5195 3752 2386 3764 12630 12631 12632 
5196 3039 878 3687 5920 12633 12634 
5197 1095 1094 1096 8541 12635 8497 
5198 2897 2899 2902 12490 12636 11778 
5199 2251 2458 3318 10441 8046 12637 
5200 968 962 1025 6038 12638 8375 
5201 2513 2315 3772 10860 7355 11754 
5202 3050 2080 3833 10936 12639 12640 
5203 2022 2021 3494 11955 12558 4440 
5204 581 491 3551 11283 12641 10957 
5205 1956 1954 2300 12642 8004 8067 
5206 1248 1266 3091 6916 12111 12643 
5207 2867 2866 2872 12644 6989 12645 
5208 1292 3116 3290 11354 12646 11678 
5209 1121 1119 2704 5695 12647 12648 
5210 791 3125 4056 6509 11839 12486 
5211 4 458 3839 472 12649 12650 
5212 681 682 683 7680 8227 12651 
5213 3284 2204 3639 6867 12652 12653 
5214 2809 2808 4038 7802 12654 12655 
5215 1958 1956 2121 12656 8066 12657 
5216 1952 3326 3427 12658 11608 12659 
5217 1013 1014 1015 12660 12661 11670 
5218 422 423 3772 445 11755 12662 
5219 586 502 3298 11263 11813 12663 
5220 1494 2653 3368 8567 12467 12664 
5221 1181 2131 3619 5467 11642 4598 
5222 1254 1943 1944 12665 12666 12190 
5223 2089 3040 3127 12590 7340 8930 
5224 2181 2455 2456 12667 12668 12669 
5225 562 2739 3404 9274 12670 8072 
5226 2630 2407 3944 5213 12671 12672 
5227 434 4 3839 457 12650 12673 
5228 1270 1272 1342 8597 12674 12675 
5229 2610 2656 3350 8258 12572 11534 
5230 1594 1593 3365 11067 12676 12547 
5231 3861 775 4012 5305 7127 8542 
5232 2766 823 3373 8441 12677 11613 
5233 3035 2887 3389 10844 12361 12678 
5234 625 2986 3412 10386 8361 12533 
5235 3236 2070 3514 11824 12679 12680 
5236 2653 788 3328 10840 12386 12466 
5237 570 428 3588 11269 12681 6526 
5238 3486 2156 3487 7832 7366 12682 
5239 2212 3220 3930 8031 12267 12683 
5240 3402 2008 3904 11326 12684 7785 
5241 3547 2312 3731 11877 12685 11719 
5242 2230 3555 3666 12259 12686 12687 
5243 3161 1807 3305 8684 12598 11886 
5244 2786 2787 2788 10316 11443 12688 
5245 1203 1204 1205 12689 12690 7577 
5246 3069 1859 3344 7979 12691 12692 
5247 2943 3124 3395 10981 12693 12694 
5248 1564 1371 3934 8780 12695 5980 
5249 1546 1545 1776 12696 11639 11758 
5250 1752 3018 3019 11616 12697 12412 
5251 1045 1044 1050 7961 12698 8101 
5252 626 627 3305 11873 11733 12597 
5253 2209 1914 3332 9511 11795 5939 
5254 3343 905 4026 6615 6829 12699 
5255 3108 2154 3377 11361 12700 12701 
5256 2067 2173 2174 8065 11014 12702 
5257 2055 2288 2289 8271 12703 12704 
5258 1979 1982 3335 10423 11796 11797 
5259 1608 1873 3121 11580 12705 12193 
5260 231 789 3721 10805 12706 12707 
5261 812 635 2138 12708 12709 12175 
5262 2804 2805 2806 12710 12711 8323 
5263 3126 1062 3960 5273 12712 6596 
5264 3186 1324 3360 11334 12713 5379 
5265 2440 1076 3126 11495 6659 12301 
5266 2655 3069 3344 11110 12692 12714 
5267 423 424 3856 446 12715 11827 
5268 3666 1726 3819 12366 12716 12717 
5269 2065 2066 2067 8634 8064 12718 
5270 2539 2338 3340 9033 11962 7234 
5271 1690 2546 2547 12719 12720 12220 
5272 1668 1691 3263 11875 12721 12000 
5273 3194 3339 4040 6479 12722 12618 
5274 2326 2327 3224 8525 5193 5393 
5275 1274 1574 3837 8130 7082 12723 
5276 1645 1646 1647 7545 9118 12724 
5277 1268 1098 3281 6300 5747 12725 
5278 2294 1854 3295 6971 6428 11353 
5279 2560 2558 3708 8420 12726 12544 
5280 1324 2034 3347 8798 6657 12727 
5281 2725 2724 3608 10692 12728 8673 
5282 1890 2193 3369 9738 12729 12048 
5283 676 673 677 12730 6700 12731 
5284 3525 1947 3558 12156 12732 12733 
5285 2566 577 3829 4172 12734 5475 
5286 2792 2791 2793 12735 5596 12736 
5287 2289 2288 3221 12703 12737 4144 
5288 3499 904 3693 6002 12738 12739 
5289 2080 3102 3833 12740 12741 12639 
5290 420 421 4050 443 12742 8677 
5291 3352 1085 3634 11759 6232 11439 
5292 2181 2180 2455 12743 11136 12667 
5293 2964 1948 3317 9987 12744 12745 
5294 2379 2728 3929 8354 12746 12747 
5295 1822 2250 3346 9478 12748 12245 
5296 3736 887 4016 11588 11661 12749 
5297 1022 1258 1858 7645 11653 7117 
5298 3532 3385 3950 8074 12750 12751 
5299 1114 1243 2516 12752 4987 12753 
5300 2970 3610 4022 12570 12754 12755 
5301 3127 1073 3751 8156 12756 6631 
5302 615 3056 3057 7398 12757 12758 
5303 2313 3082 3646 5369 12759 12760 
5304 2386 3021 3764 10632 12761 12631 
5305 471 5 3853 486 12762 12763 
5306 545 3 3854 560 12764 12765 
5307 6 532 3852 546 12766 12767 
5308 3083 581 3306 11515 12768 12769 
5309 2711 2712 3467 9127 7678 6492 
5310 3083 3306 3307 12769 5092 12770 
5311 1205 1206 1207 12771 12772 6460 
5312 592 3083 3307 11516 12770 4152 
5313 1945 3428 3965 5484 12773 5716 
5314 622 623 626 8563 11872 12279 
5315 3708 2558 3741 12726 12774 12775 
5316 3137 2370 3534 11140 12776 7148 
5317 955 944 987 6164 12777 8717 
5318 2444 2443 3170 12778 5048 12779 
5319 1917 2398 3359 9409 12780 12338 
5320 2164 1545 3581 11640 12781 5875 
5321 3541 1169 3645 12782 4238 12625 
5322 1955 1957 2312 12783 12784 6805 
5323 2617 2287 4034 12785 12786 7946 
5324 826 829 3361 10455 11834 11833 
5325 996 995 997 8024 12787 8382 
5326 1535 2007 3184 12788 12789 11921 
5327 1768 1757 3229 12440 11492 12790 
5328 2140 2138 4046 11360 12791 7529 
5329 5 487 3853 509 12792 12762 
5330 3 413 3854 435 12793 12764 
5331 508 6 3852 531 12767 12794 
5332 1325 902 3103 5989 7089 6019 
5333 1264 1236 3146 7804 8044 12795 
5334 1519 1268 3281 8822 12725 12796 
5335 1694 1686 3159 8438 12797 12798 
5336 3680 1932 3842 8054 8264 12799 
5337 2081 716 3941 5069 4938 12800 
5338 3037 2169 3938 10874 12801 6434 
5339 2391 2198 3412 10571 7760 8360 
5340 2935 2430 3925 5763 4235 12802 
5341 1689 3236 3514 11923 12680 12803 
5342 853 848 854 6408 12804 11142 
5343 2747 842 3622 9308 7069 8846 
5344 3238 2396 4003 11622 7906 12805 
5345 1018 1717 3204 8174 12806 8568 
5346 3741 2557 3743 12807 12808 12809 
5347 1127 1130 1131 12810 12811 6617 
5348 493 569 3754 11280 7299 12812 
5349 2216 2020 3176 10972 12813 12814 
5350 1699 3066 4029 10968 11384 12815 
5351 3001 584 3366 10477 4628 12816 
5352 1276 2727 3685 7448 5408 6262 
5353 2116 3268 3658 12817 7614 12818 
5354 898 2508 3878 11302 5434 11789 
5355 3436 2112 3561 12819 12820 12096 
5356 2622 653 3972 6155 12821 12822 
5357 1485 1899 2281 12823 12824 12825 
5358 2514 704 3932 4385 12826 12827 
5359 2388 1521 3707 12828 12829 8515 
5360 1137 1139 3527 12830 4647 12831 
5361 3368 2561 3629 11170 12081 12832 
5362 2167 1105 3591 12833 12834 12835 
5363 1091 863 3316 12420 12836 12837 
5364 848 846 3326 7932 11918 12838 
5365 2507 3298 3995 12480 12253 6884 
5366 2482 695 3917 4209 12839 5931 
5367 2728 927 3929 9264 7513 12746 
5368 2262 2045 2395 11084 12840 12841 
5369 2536 1924 3860 6722 7539 7987 
5370 3786 3325 3841 12842 12843 12844 
5371 2574 1990 3457 12845 8659 4571 
5372 2710 1825 3452 12234 12846 12493 
5373 1105 2047 3591 12847 12848 12834 
5374 2229 3680 3842 12849 12799 12850 
5375 574 505 3806 11267 12851 12574 
5376 506 591 3806 11275 7518 12852 
5377 810 3432 3454 12853 11911 12854 
5378 3027 985 3951 12295 12855 12856 
5379 1372 1370 3235 8781 12857 12858 
5380 2943 3395 3799 12694 12859 12860 
5381 2586 2587 3564 7918 6451 12861 
5382 3294 2277 3936 12862 12355 12863 
5383 1701 3261 3550 12236 10997 12864 
5384 2143 1583 3315 12316 11788 12865 
5385 1821 1549 3184 12028 12004 12866 
5386 2229 2481 3434 12867 12868 12869 
5387 2889 2878 3375 10040 11893 12870 
5388 985 2716 3951 10828 12871 12855 
5389 733 2527 3597 5568 12872 12873 
5390 658 2435 3570 11899 12874 12035 
5391 683 684 685 8228 8701 12875 
5392 1778 1950 1951 9727 12876 12877 
5393 1952 854 3326 12265 12878 12658 
5394 868 1091 3254 12421 4617 12879 
5395 1485 2281 3632 12825 6328 12880 
5396 960 971 972 6577 8984 12881 
5397 3276 2275 3533 12371 12882 7224 
5398 1784 1785 3152 11042 12883 12884 
5399 862 860 863 6705 12885 10953 
5400 504 574 3995 11268 6885 12886 
5401 2462 2460 3659 10684 4482 5994 
5402 3363 2129 3627 12166 12887 5779 
5403 2377 1772 3384 9365 12477 12888 
5404 1980 1976 3398 10384 11912 6714 
5405 1859 3130 3344 11187 12889 12691 
5406 2909 2907 3341 7200 12142 12890 
5407 2757 2756 3588 10602 6527 11906 
5408 3014 3657 3765 12424 12891 12546 
5409 2539 3571 3961 8764 12892 12893 
5410 2884 2875 3461 12894 8622 12895 
5411 1551 1821 3179 12029 4460 12087 
5412 1542 1519 2100 9320 12896 12897 
5413 1054 1051 3498 11853 12898 12899 
5414 1026 1025 1027 8376 12900 8500 
5415 622 1323 3432 12280 12205 12901 
5416 2162 1720 3785 12902 12903 5388 
5417 2734 2736 3388 9250 10848 12904 
5418 3379 2291 3760 4306 12905 12491 
5419 1593 1264 3146 11401 12795 12906 
5420 3784 3591 3895 12907 12908 12909 
5421 2996 2002 3522 11601 12910 12911 
5422 998 997 999 8383 12912 8712 
5423 877 875 879 6533 12913 7716 
5424 1358 1360 3425 10607 12274 11963 
5425 2082 815 3651 11382 12914 11740 
5426 3079 2246 3450 10459 12915 12916 
5427 1818 3227 3911 11045 12343 12917 
5428 1119 1522 2704 12083 7128 12647 
5429 784 2552 3391 10854 7004 12918 
5430 1195 1196 1197 12919 12920 12243 
5431 3749 2816 3872 12921 12922 12923 
5432 2040 3273 3704 7210 12924 12426 
5433 1344 1343 2609 11358 12925 12926 
5434 1028 1027 1029 8501 12927 8546 
5435 2163 2119 3794 10645 12928 12929 
5436 2041 3140 3507 11503 12318 6424 
5437 2899 2898 2900 12489 12930 12931 
5438 1007 1002 1008 6488 12932 11408 
5439 2749 703 3394 9064 12094 6849 
5440 1849 3188 3189 6473 12933 12934 
5441 1030 1029 1031 8547 12935 8576 
5442 3213 2548 3421 7968 12438 12623 
5443 2741 1832 3833 4412 12936 12937 
5444 2075 3090 3560 8602 5697 12938 
5445 3053 2384 3882 10985 12939 6894 
5446 2185 2492 2493 8083 11319 6175 
5447 2488 3675 3716 8063 6391 11312 
5448 2299 2726 3725 5221 12940 12941 
5449 2558 2557 3741 9123 12807 12774 
5450 2880 3155 3909 11471 11454 12942 
5451 655 2622 3272 6156 12943 12944 
5452 1032 1031 1033 8577 12945 8606 
5453 1944 2116 2117 12946 12947 11179 
5454 306 305 3397 407 11925 11924 
5455 2104 2457 3286 12948 11332 11379 
5456 2175 3486 3487 12949 12682 6274 
5457 1294 1812 3938 8920 6435 12950 
5458 2851 2910 2931 12951 12952 7889 
5459 3335 2701 3520 11418 12953 12147 
5460 2213 3312 3474 12954 8233 8858 
5461 2453 3108 3377 11301 12701 11879 
5462 890 886 891 6601 12955 11363 
5463 1935 1936 2160 8728 12037 12956 
5464 1553 3179 3187 12088 7215 12122 
5465 1034 1033 1035 8607 12957 8640 
5466 1125 1127 3440 12408 4185 8725 
5467 2684 1146 3616 8876 11986 7494 
5468 3530 1963 3886 12958 12959 12960 
5469 646 648 649 6500 11645 12961 
5470 2034 1241 3409 8797 11804 11434 
5471 3662 3201 3664 5622 8669 12620 
5472 1116 1114 2516 7042 12753 12962 
5473 2500 3175 3592 12963 12964 12965 
5474 2816 3749 3966 12921 9328 12966 
5475 2392 3306 4045 5091 12967 12553 
5476 1239 1730 3250 12968 6446 12969 
5477 2170 3548 3804 7698 12970 12971 
5478 3170 1278 3579 8345 12972 12973 
5479 2079 1170 4054 4915 6108 12974 
5480 1005 1581 3240 8218 12975 11690 
5481 1036 1035 1037 8641 12976 8679 
5482 1197 1198 1199 12977 12978 6767 
5483 1937 1933 1938 8176 12979 11406 
5484 3238 639 3916 11504 7928 12980 
5485 899 911 3436 12981 12982 12983 
5486 3668 3539 3814 12984 12985 12986 
5487 2441 2257 3468 9143 6958 8085 
5488 1679 1672 1680 12987 7114 12988 
5489 1968 3006 3404 10514 11960 12989 
5490 2860 2859 3353 11781 12165 12990 
5491 1339 982 3208 7523 8496 12991 
5492 260 3408 3416 12992 8015 12993 
5493 1038 1037 1039 8680 12994 8754 
5494 2129 3023 3627 10671 12995 12887 
5495 1024 934 3154 6184 5974 12996 
5496 2965 2442 3742 6765 7205 12195 
5497 260 259 3408 361 11942 12992 
5498 3053 3571 3655 7047 8765 12997 
5499 1199 1200 1201 12998 12999 6796 
5500 1237 1616 2486 13000 13001 12520 
5501 656 657 659 8053 11577 13002 
5502 2387 3323 3633 8520 7336 13003 
5503 2828 2830 3260 9343 13004 13005 
5504 2494 1963 3530 11132 12958 13006 
5505 1747 3200 3565 6486 13007 11106 
5506 1409 1407 1411 9482 13008 13009 
5507 47 46 3411 148 11959 11958 
5508 2575 1903 3606 9692 13010 13011 
5509 1762 1940 3229 13012 13013 11493 
5510 1253 1247 3444 7737 13014 13015 
5511 2834 2835 2838 9596 11825 13016 
5512 3425 1833 3982 12273 13017 13018 
5513 3395 2909 3799 8574 13019 12859 
5514 1148 2699 3414 10830 5564 13020 
5515 1071 2512 3949 12052 13021 13022 
5516 261 260 3416 362 12993 11957 
5517 802 2748 3415 10827 11929 13023 
5518 1370 1367 1385 8397 13024 13025 
5519 899 910 911 13026 13027 12981 
5520 2753 3518 3975 13028 12524 11209 
5521 641 642 645 8367 11114 13029 
5522 1149 250 3418 10784 11947 12209 
5523 687 805 3516 13030 13031 11168 
5524 880 879 885 8530 13032 11404 
5525 1867 2588 3464 6711 11569 4262 
5526 1751 1750 3420 9567 13033 11976 
5527 1563 1555 3187 12167 12123 13034 
5528 2479 2646 3453 7908 13035 13036 
5529 3001 3366 3501 12816 13037 13038 
5530 3217 2152 3602 6286 13039 11436 
5531 1137 1138 1139 13040 13041 12830 
5532 2412 2410 3535 8265 13042 13043 
5533 1234 3496 3583 13044 12503 6528 
5534 801 3453 3952 12003 13045 13046 
5535 2831 2822 3059 13047 12475 13048 
5536 3414 1941 3644 7432 11864 13049 
5537 1459 1458 3355 7861 13050 13051 
5538 860 859 3316 11372 12508 13052 
5539 3297 1971 3424 13053 13054 13055 
5540 1885 3285 3611 7650 12375 13056 
5541 2174 2443 2444 11015 12778 11177 
5542 3130 3265 3344 12552 13057 12889 
5543 1015 1921 1922 13058 13059 7129 
5544 1407 1405 3287 9261 13060 13061 
5545 2909 3341 3799 12890 12601 13019 
5546 3177 1983 3456 11664 11894 5452 
5547 303 3238 4003 12049 12805 13062 
5548 1624 3611 3832 12271 13063 6302 
5549 1016 1013 3921 5720 11672 13064 
5550 2301 2510 3425 10885 11964 13065 
5551 1000 999 1001 8713 13066 11205 
5552 630 2925 3807 13067 5593 13068 
5553 3609 1071 3949 11610 13022 13069 
5554 1720 2438 3785 11927 8286 12903 
5555 2817 2820 2821 5438 8149 13070 
5556 2756 2754 3430 10616 12010 5103 
5557 593 433 3400 11276 12085 7783 
5558 1619 1621 3431 9625 12012 12013 
5559 2225 1521 2388 13071 12828 13072 
5560 2141 2142 3433 10866 12011 13073 
5561 1903 2390 3606 9717 8333 13010 
5562 3124 2854 3395 11448 11939 12693 
5563 2598 3013 3435 10575 12020 11752 
5564 3369 2193 3910 12729 5021 13074 
5565 2583 2580 3447 8860 12469 6158 
5566 2090 3217 3284 6287 6868 13075 
5567 1382 2213 3577 13076 5848 13077 
5568 3317 1948 3373 12744 12262 13078 
5569 2437 1210 2489 8631 6129 4996 
5570 1405 1402 1410 8986 13079 13080 
5571 1851 1744 3233 12505 11951 13081 
5572 3195 2116 3658 13082 12818 13083 
5573 1626 1851 1905 12506 13084 12566 
5574 870 868 3254 12108 12879 13085 
5575 892 891 893 11364 13086 11799 
5576 2172 1617 3248 13087 7912 13088 
5577 1557 1563 3205 12168 13089 12238 
5578 45 44 3446 146 12018 12016 
5579 1691 2431 3263 13090 5406 12721 
5580 972 973 974 8985 11050 13091 
5581 1046 3226 3557 7632 13092 13093 
5582 685 686 687 8702 11711 11167 
5583 1825 2049 3452 10628 13094 12846 
5584 2410 1967 3535 9593 13095 13042 
5585 1208 1946 3643 4525 13096 6670 
5586 1234 3399 3496 13097 13098 13044 
5587 670 671 672 8359 11805 13099 
5588 3216 3559 3580 11238 13100 13101 
5589 1494 3368 3629 12664 12832 13102 
5590 1674 1749 1805 13103 13104 7063 
5591 2938 2278 2939 5146 13105 8342 
5592 2889 3505 3991 13106 12460 13107 
5593 974 975 976 11051 11111 13108 
5594 2172 3248 3390 13088 13109 13110 
5595 2483 3266 3679 6627 13111 5101 
5596 3404 2739 3888 12670 13112 13113 
5597 1756 2103 3018 13114 13115 11617 
5598 2745 3046 3453 10950 13116 12002 
5599 3046 2479 3453 8802 13036 13116 
5600 2487 2050 3423 5500 13117 13118 
5601 805 806 1319 13119 11746 11940 
5602 1835 810 3454 11039 12854 12026 
5603 1719 1528 1720 13120 11926 13121 
5604 933 957 959 7060 11530 13122 
5605 1139 1141 1142 13123 13124 7072 
5606 1097 1096 1109 8498 13125 11818 
5607 3357 3356 3539 11761 13126 13127 
5608 873 872 881 11368 13128 13129 
5609 1099 1270 3247 7673 13130 11529 
5610 3788 2935 4059 8240 13131 13132 
5611 852 3153 3642 5809 13133 5963 
5612 14 782 3465 10742 12061 12047 
5613 3068 2379 3451 11070 13134 13135 
5614 2052 3041 3510 10895 12527 13136 
5615 3274 3035 3389 11097 12678 13137 
5616 1378 1379 1380 13138 13139 7484 
5617 1888 1694 3159 11729 12798 13140 
5618 3008 2902 3353 11779 6191 12164 
5619 1905 3150 3490 11375 13141 13142 
5620 1402 1400 3301 8909 13143 13144 
5621 1260 3369 3910 12543 13074 13145 
5622 1539 1540 1541 13146 12237 12059 
5623 819 2075 3560 11119 12938 13147 
5624 976 977 981 11112 13148 13149 
5625 2546 1690 3696 12719 13150 13151 
5626 1850 1763 3742 12312 13152 7204 
5627 2360 3549 4039 13153 13154 13155 
5628 3539 3668 4041 12984 13156 13157 
5629 980 1696 2202 6587 12152 8326 
5630 3663 2176 3939 5128 13158 13159 
5631 880 2243 4031 5257 13160 8531 
5632 2092 2094 2095 13161 13162 8834 
5633 2784 2786 3623 10407 13163 13164 
5634 3352 2996 3522 12373 12911 11760 
5635 1559 3205 3212 12239 13165 12319 
5636 1849 3189 3190 12934 11594 4753 
5637 1175 1176 1177 13166 13167 8314 
5638 781 2715 3476 10719 8155 12030 
5639 2070 2509 3514 9449 6312 12679 
5640 2623 2170 3804 11592 12971 13168 
5641 1641 3664 3706 12621 13169 13170 
5642 2165 2164 3452 11498 12494 13171 
5643 2565 630 3807 5365 13068 13172 
5644 3329 2202 3890 8327 13173 13174 
5645 1129 3224 4067 5394 11511 5643 
5646 636 641 3589 12278 13175 13176 
5647 2438 2331 3482 11628 13177 13178 
5648 1400 1398 1403 9120 13179 13180 
5649 1239 1515 1730 13181 13182 12968 
5650 3175 723 3592 12149 13183 12964 
5651 701 775 1317 7126 11094 6378 
5652 1762 1850 1940 12313 13184 13012 
5653 1083 1079 3609 11437 13185 13186 
5654 2298 2145 3970 9522 13187 13188 
5655 3148 2575 3606 9000 13011 13189 
5656 2893 2794 3918 6091 13190 13191 
5657 2046 3464 3470 12207 11571 13192 
5658 252 251 3491 353 12066 11997 
5659 2763 1598 3575 5329 13193 7300 
5660 3033 1831 3492 10813 6782 8146 
5661 2305 2210 4005 10074 13194 7605 
5662 3232 1805 3370 7064 5427 13195 
5663 3523 3445 3791 13196 13197 13198 
5664 3143 628 3529 7879 4490 13199 
5665 2057 3148 3606 8746 13189 8332 
5666 1128 3324 3614 5577 13200 13201 
5667 810 620 3432 12075 13202 12853 
5668 2981 2784 3623 11243 13164 13203 
5669 1717 2006 3204 11743 13204 12806 
5670 2384 3218 3882 13205 13206 12939 
5671 677 679 3266 10989 13207 13208 
5672 1273 1516 3889 7229 13209 12607 
5673 1468 1466 1470 11109 13210 13211 
5674 3189 3188 3857 12933 8124 11295 
5675 1342 1272 3358 12674 11943 13212 
5676 1177 1256 1634 13213 13214 7705 
5677 2170 2157 4008 9102 13215 7699 
5678 1831 3117 3953 11410 13216 6783 
5679 1939 2085 2456 13217 13218 13219 
5680 2551 2137 3822 5125 13220 13221 
5681 2287 2616 4034 6070 13222 12786 
5682 2167 3591 3784 12835 12907 13223 
5683 1128 3614 3757 13201 13224 13225 
5684 1409 1411 1412 13009 13226 8160 
5685 1649 1651 1670 6855 12331 13227 
5686 901 899 3436 6189 12983 12095 
5687 41 40 3500 142 6812 12121 
5688 1473 1471 1613 11164 13228 13229 
5689 1044 1040 3531 12352 13230 13231 
5690 3618 2242 4053 13232 11842 13233 
5691 891 886 3466 12955 13234 13235 
5692 1882 1880 3497 9452 12109 12103 
5693 2316 2619 3957 6924 4702 13236 
5694 3023 3024 3627 12445 13237 12995 
5695 1806 2308 2309 13238 12139 13239 
5696 1635 1876 1878 13240 13241 5353 
5697 1247 1225 2437 7316 8632 13242 
5698 2680 669 3509 9024 13243 13244 
5699 1229 1227 1230 7318 13245 11870 
5700 631 635 812 11240 12708 12192 
5701 2596 2595 3500 10000 11660 6811 
5702 911 1093 1094 13246 13247 8540 
5703 576 3001 3501 10504 13038 8435 
5704 1589 1561 3212 12431 12320 7564 
5705 995 992 3542 12311 13248 13249 
5706 3033 3943 4021 8148 13250 13251 
5707 2098 1720 2162 13252 12902 13253 
5708 2056 3197 3610 11413 13254 12569 
5709 2105 3098 3910 13255 13256 5020 
5710 3101 2052 3510 7098 13136 7930 
5711 2008 3279 3904 13257 13258 12684 
5712 3427 857 4001 11607 13259 13260 
5713 811 815 1638 13261 12241 4382 
5714 1477 1475 1770 11225 13262 13263 
5715 1691 1693 2431 13264 13265 13090 
5716 736 3175 3737 11706 13266 13267 
5717 3084 587 3441 11517 4214 13268 
5718 814 2238 3182 13269 8100 13270 
5719 1739 1801 3876 12500 13271 13272 
5720 1756 1768 2103 12441 13273 13114 
5721 2839 2841 2864 8407 13274 13275 
5722 863 860 3316 12885 13052 12836 
5723 2689 2690 3507 9028 7259 12042 
5724 3805 2425 3835 13276 5518 10934 
5725 1378 1376 1379 9177 13277 13138 
5726 587 419 3468 11292 12199 6957 
5727 1996 1998 3508 10361 12129 12128 
5728 3275 2734 3388 6088 12904 13278 
5729 3935 2248 4058 13279 12578 13280 
5730 1851 3233 3653 13081 6888 13281 
5731 2512 1321 3309 12051 13282 13283 
5732 1140 1137 3527 6496 12831 13284 
5733 1648 1665 2546 13285 4278 13286 
5734 838 963 3133 10266 13287 13288 
5735 1928 1926 1929 11524 13289 13290 
5736 920 946 2385 7002 13291 8272 
5737 850 2551 3822 7944 13221 12144 
5738 1678 1743 2076 13292 13293 7899 
5739 2830 2836 2837 9505 13294 13295 
5740 2557 3137 3743 11489 7150 12808 
5741 712 3618 4053 8013 13233 5854 
5742 3503 2171 3735 6891 13296 13297 
5743 1542 2100 2101 12897 13298 12627 
5744 2169 3336 3938 4333 13299 12801 
5745 3028 3029 3358 13300 13301 11860 
5746 2806 2807 2917 13302 13303 7702 
5747 1483 1479 1496 11324 13304 13305 
5748 1963 3811 3886 13306 12360 12959 
5749 2457 2104 3605 12948 13307 13308 
5750 911 910 1093 13027 11932 13246 
5751 3049 1689 3514 10963 12803 6430 
5752 2020 2022 3176 11956 13309 12813 
5753 1790 1788 3517 9480 12137 12135 
5754 2701 867 3520 9071 12086 12953 
5755 3445 777 3791 8950 13310 13197 
5756 666 2675 3803 10837 12517 13311 
5757 2208 3717 3777 4159 7384 13312 
5758 2852 2848 3521 9671 12138 13313 
5759 1396 1394 1461 11100 13314 13315 
5760 2463 1075 2464 13316 13317 12335 
5761 1734 1680 1735 13318 12276 13319 
5762 2724 2727 3608 10665 12529 12728 
5763 894 912 3518 12586 12522 13320 
5764 854 848 3326 12804 12838 12878 
5765 1471 1468 3339 11141 13321 13322 
5766 1967 1965 3528 9495 12146 13323 
5767 2159 3312 3338 6277 6141 13324 
5768 1951 1950 3314 12876 13325 13326 
5769 926 931 932 7380 11994 13327 
5770 1587 1589 3228 12432 5207 12495 
5771 3327 2115 3596 4786 12458 11701 
5772 1321 2132 3309 13328 4344 13282 
5773 2077 2076 3511 7900 11457 13329 
5774 2395 2045 3043 12840 11991 6952 
5775 2275 2892 3533 10147 13330 12882 
5776 2370 2373 3534 9330 13331 12776 
5777 1125 1123 1126 7106 13332 12406 
5778 2810 2811 2812 11126 8747 13333 
5779 3554 1046 4009 4655 13334 11446 
5780 2053 1339 3208 12022 12991 13335 
5781 3291 1232 3292 13336 11146 13337 
5782 2870 2871 3056 13338 13339 13340 
5783 1466 1459 3355 9134 13051 13341 
5784 1817 1855 3537 9608 7834 12151 
5785 3094 2214 4007 11092 12289 13342 
5786 2335 3238 3916 11623 12980 13343 
5787 3194 3192 3979 11298 13344 8401 
5788 2377 3384 3825 12888 10948 6566 
5789 1505 1498 1733 11414 13345 13346 
5790 3068 3451 3555 13135 12453 13347 
5791 1382 1502 2213 13348 13349 13076 
5792 1578 3107 3313 11596 11251 13350 
5793 2095 2096 2194 13351 13352 7819 
5794 1009 1008 1010 11409 13353 12044 
5795 2325 3584 3955 12116 13354 13355 
5796 3028 3019 3029 12413 13356 13300 
5797 3377 2154 3509 12700 12404 13357 
5798 1726 2053 3819 12023 6383 12716 
5799 1785 1901 3152 12134 13358 12883 
5800 2048 2463 3750 12286 12336 4468 
5801 1114 1115 1243 13359 13360 12752 
5802 2953 2318 3800 10369 4347 12160 
5803 586 3996 4048 13361 13362 13363 
5804 2118 3441 4060 12614 13364 13365 
5805 1475 1473 3349 11197 13366 13367 
5806 1969 1971 3297 11971 13053 13368 
5807 1906 2438 3482 7611 13178 13369 
5808 2562 3139 3463 11195 13370 5263 
5809 3391 2434 3705 6330 12400 13371 
5810 2110 2517 3540 10649 11509 12173 
5811 2201 3405 3406 6937 11075 13372 
5812 1281 1284 2588 13373 13374 11935 
5813 1939 1938 2085 11407 13375 13217 
5814 948 951 952 7472 12131 13376 
5815 1735 3064 3196 12277 13377 13378 
5816 1968 3404 3888 12989 13113 13379 
5817 3322 3739 3773 13380 7904 5399 
5818 1398 1396 3333 10955 13381 13382 
5819 1954 1952 3427 12389 12659 8005 
5820 3318 561 3825 12580 6567 13383 
5821 885 879 2187 13032 13384 13385 
5822 723 721 3592 11528 13386 13183 
5823 1343 1253 3444 12302 13015 13387 
5824 2002 2001 2427 11757 13388 13389 
5825 2929 2799 2981 13390 11242 13391 
5826 2682 3656 3822 12226 12145 13392 
5827 3038 2086 3545 10867 12198 12208 
5828 1702 1701 3550 9591 12864 12186 
5829 2847 3274 3389 12353 13137 7813 
5830 1324 3347 3360 12727 11339 12713 
5831 2455 1939 2456 5705 13219 12668 
5832 2107 3570 3747 12155 13393 7264 
5833 2606 2586 3564 8625 12861 8209 
5834 2121 3132 3689 13394 13395 7807 
5835 1763 1765 3742 10123 12196 13152 
5836 3615 2033 4019 7971 12589 13396 
5837 886 885 3466 11405 13397 13234 
5838 1736 1529 1737 13398 11677 13399 
5839 248 634 3553 10790 13400 12150 
5840 802 3415 3762 13023 8205 13401 
5841 2008 1586 2358 13402 13403 13404 
5842 2572 2127 3634 10118 11440 4673 
5843 2901 2905 3828 13405 8309 13406 
5844 2411 2412 4017 8266 13407 13408 
5845 3139 1281 3463 8211 11936 13370 
5846 2253 1706 3228 12583 12496 13409 
5847 3024 1016 3627 6238 5780 13237 
5848 1217 1214 1218 7625 13410 12211 
5849 893 891 1100 13086 13411 13412 
5850 988 987 2569 8718 13413 13414 
5851 458 2525 3839 7289 13415 12649 
5852 3594 2360 4039 13416 13155 13417 
5853 1509 1507 2069 11488 13418 13419 
5854 3761 2260 3775 13420 13421 7186 
5855 3129 2430 3986 13422 13423 13424 
5856 1946 2489 3643 6203 4931 13096 
5857 1341 2054 2055 12257 8270 13425 
5858 1366 1364 1368 12595 13426 13427 
5859 572 425 3513 11259 12292 6647 
5860 927 16 3563 10728 12197 6180 
5861 1212 1209 1285 7664 13428 13429 
5862 2068 1320 2439 13430 13431 13432 
5863 940 3094 4007 7687 13342 13433 
5864 3515 594 4020 12382 13434 13435 
5865 3830 2381 3926 12171 8691 13436 
5866 1118 1222 3931 4874 13437 13438 
5867 1858 1866 1867 11654 5390 4273 
5868 578 3417 4050 6053 12370 13439 
5869 1329 1330 1614 11898 12391 13440 
5870 2717 638 3571 9241 13441 7046 
5871 3282 2274 3676 11667 13442 13443 
5872 2251 3318 3825 12637 13383 10947 
5873 1289 2381 3270 8894 12053 13444 
5874 1479 1477 3362 11248 13445 13446 
5875 1338 3068 3555 10976 13347 12258 
5876 2047 3310 3591 6046 13447 12848 
5877 1013 1011 1014 7546 13448 12660 
5878 56 55 3567 157 12203 12202 
5879 2333 1725 2685 13449 11891 8017 
5880 2121 2300 3132 8068 13450 13394 
5881 2705 2707 4006 9093 11403 13451 
5882 3628 2373 3818 7332 12531 13452 
5883 2314 1929 2481 13453 13454 4252 
5884 2911 2912 3657 9636 13455 13456 
5885 2622 2162 3272 13457 7140 12943 
5886 1598 2977 3575 10279 7302 13193 
5887 2650 3290 3566 12446 13458 11184 
5888 2141 3433 3454 13073 12512 11910 
5889 3314 1950 3876 13325 7644 13459 
5890 1698 1344 2609 12215 12926 13460 
5891 1934 3503 3735 11470 13297 13461 
5892 3290 3116 3566 12646 13462 13458 
5893 491 492 3551 514 13463 12641 
5894 3610 843 4022 13464 13465 12754 
5895 2592 2594 3584 9042 7181 13466 
5896 1244 1115 3488 13467 13468 13469 
5897 1874 2177 2179 12077 12217 13470 
5898 2932 2931 2933 5916 13471 13472 
5899 2666 3629 3708 13473 12545 13474 
5900 591 3259 3515 11980 12383 13475 
5901 1392 1390 1462 11330 13476 13477 
5902 1544 2435 3701 12610 11901 13478 
5903 1460 1411 2307 13479 13480 4916 
5904 869 871 3873 11521 7471 12158 
5905 1928 1929 2178 13290 13481 8472 
5906 1748 1960 1964 12007 13482 13483 
5907 1893 2286 3264 11792 13484 13485 
5908 1535 1586 2007 13486 13487 12788 
5909 3474 3635 3935 13488 13489 13490 
5910 660 662 675 7547 13491 13492 
5911 2625 3367 3908 8926 13493 5578 
5912 2282 2283 3771 9578 13494 13495 
5913 730 733 3597 10698 12873 12255 
5914 1678 1671 1743 12093 13496 13292 
5915 1535 1511 1586 11576 13497 13486 
5916 711 706 813 7793 11310 13498 
5917 649 650 651 11646 12605 13499 
5918 875 873 3562 7031 13500 13501 
5919 1231 1230 1233 11871 13502 12535 
5920 255 254 3600 356 12224 12227 
5921 2567 2568 4027 7986 5951 13503 
5922 1368 1364 2770 13426 12127 11459 
5923 1516 1003 3682 7228 6090 5241 
5924 3422 2290 3977 12540 13504 13505 
5925 3200 778 3565 7913 12021 13007 
5926 2744 843 3610 9068 13464 13506 
5927 3988 3129 3990 13507 13508 13509 
5928 2527 2321 3597 11074 8363 12872 
5929 1376 1375 3283 12185 13510 13511 
5930 3719 2153 3779 13512 13513 6780 
5931 687 688 689 11712 13514 13515 
5932 3097 1052 4066 8467 5119 13516 
5933 3017 2319 3692 10605 13517 8111 
5934 2245 2427 3959 6113 13518 13519 
5935 1648 2546 3696 13286 13151 13520 
5936 1544 1545 1546 13521 12696 12609 
5937 1907 1244 1908 13522 13523 13524 
5938 1498 1483 3374 11366 13525 13526 
5939 3167 3168 3847 4125 12604 13527 
5940 932 933 3110 11995 13528 13529 
5941 2202 3641 3890 13530 13531 13173 
5942 1611 1885 3611 9794 13056 12270 
5943 3205 3206 3207 13532 13533 13534 
5944 2803 2799 2929 11889 13390 13535 
5945 3420 1750 4021 13033 13536 5956 
5946 713 711 3413 7945 13537 13538 
5947 2872 2874 2876 8179 13539 13540 
5948 3197 2744 3610 7993 13506 13254 
5949 2385 2167 3784 12537 13223 8280 
5950 2319 3058 3692 6873 13541 13517 
5951 428 429 3588 451 11907 12681 
5952 1079 1070 3609 5422 11611 13185 
5953 3093 801 3952 11064 13046 13542 
5954 620 622 3432 11398 12901 13202 
5955 3310 2132 3345 6045 13543 13544 
5956 2301 3425 3982 13065 13018 13545 
5957 2473 3072 3703 11101 13546 11676 
5958 2491 3087 4023 8879 8807 13547 
5959 807 2260 4068 4483 13548 13549 
5960 3196 3064 3399 13377 13550 11595 
5961 2228 3201 3746 7601 11059 4642 
5962 1367 1366 3632 12074 13551 13552 
5963 672 673 676 11806 12730 13553 
5964 1110 1109 1117 11819 13554 13555 
5965 1100 891 3466 13411 13235 13556 
5966 1801 1738 2192 12499 13557 13558 
5967 2607 2608 3644 8396 7487 11863 
5968 1746 1745 3808 9990 13559 11727 
5969 2306 3540 4062 12174 13560 5065 
5970 3548 2259 3804 11697 7503 12970 
5971 1898 3291 3292 12328 13337 13561 
5972 3016 2010 3622 10539 12457 7068 
5973 1224 1248 3303 5791 13562 6598 
5974 2299 2298 3685 9569 6717 5407 
5975 2191 3720 3898 5734 11836 13563 
5976 1375 1372 3235 12356 12858 13564 
5977 789 3534 3721 8151 13565 12706 
5978 3060 3059 3260 13566 13567 11855 
5979 1745 2661 3808 6734 6044 13559 
5980 3341 2884 3461 13568 12895 12599 
5981 3116 1724 3566 11311 13569 13462 
5982 872 870 1092 11983 13570 13571 
5983 257 256 3625 358 12275 13572 
5984 3541 2497 3598 12624 6082 13573 
5985 1969 3297 3858 13368 13574 13575 
5986 1730 1515 1747 13182 11756 11105 
5987 2398 2503 4004 6874 13576 13577 
5988 790 233 3628 10801 12231 13578 
5989 1071 1320 1321 13579 13580 12050 
5990 2172 3390 3714 13110 12251 13581 
5991 2666 1494 3629 10839 13102 13473 
5992 2831 3059 3060 13048 13566 13582 
5993 952 953 1105 12132 12282 13583 
5994 2138 635 3589 12709 13584 13585 
5995 2876 2938 3392 7612 8344 13586 
5996 3288 3479 3811 11715 13587 13588 
5997 3150 3122 3490 8384 13589 13141 
5998 3205 3207 3212 13534 11820 13165 
5999 805 1852 3516 11941 13590 13031 
6000 1183 2248 3635 6508 13591 6136 
6001 941 838 3133 11684 13288 13592 
6002 2864 2841 3054 13274 11751 13593 
6003 1203 1201 1204 8355 13594 12689 
6004 2444 3170 3171 12779 13595 5396 
6005 644 2666 3708 8605 13474 13596 
6006 2788 2789 2790 11444 11937 13597 
6007 2005 1906 3482 7357 13369 13598 
6008 1243 1244 1906 13599 13600 7356 
6009 1219 1218 1226 12212 13601 12358 
6010 933 959 3110 13122 13602 13528 
6011 3309 2047 3848 4343 11632 13603 
6012 1105 2046 2047 12283 11630 12847 
6013 899 896 910 7975 13604 13026 
6014 969 3043 3846 6953 13605 13606 
6015 2804 2803 2805 11224 13607 12710 
6016 1121 2704 3483 12648 5952 13608 
6017 3664 1041 3706 13609 13610 13169 
6018 2495 2567 4027 9049 13503 12177 
6019 2716 3476 3951 12031 13611 12871 
6020 1321 2068 2132 13612 13613 13328 
6021 3241 2099 3599 5769 13614 11876 
6022 3747 1962 3777 13615 13616 7154 
6023 818 819 820 11543 13617 12509 
6024 3021 2262 3764 11087 13618 12761 
6025 2148 2313 3646 10559 12760 12340 
6026 1581 2143 3240 12317 13619 12975 
6027 1315 3173 3800 7729 12161 6124 
6028 1942 2186 2205 12557 12384 13620 
6029 2647 3093 3952 7297 13542 13621 
6030 2205 2206 2207 12385 12429 4721 
6031 721 719 737 8225 13622 13623 
6032 2384 2383 3992 9415 13624 13625 
6033 1133 1131 3216 8372 13626 13627 
6034 3102 2741 3833 11316 12937 12741 
6035 1507 1505 3393 11463 13628 13629 
6036 2865 2866 2867 11305 12644 13630 
6037 2179 2180 2181 12218 12743 13631 
6038 1008 1002 3586 12932 13632 13633 
6039 53 52 3656 154 12326 12323 
6040 3052 3053 3655 10986 12997 12549 
6041 646 649 3595 12961 13634 13635 
6042 669 3377 3509 11149 13357 13243 
6043 3209 956 3903 7049 10961 7748 
6044 873 881 3562 13129 4162 13500 
6045 232 231 3721 333 12707 6955 
6046 2030 1727 3666 9450 12367 13636 
6047 1967 3528 3535 13323 11658 13095 
6048 294 293 3667 395 12482 12350 
6049 1215 1195 4070 6354 12244 7084 
6050 981 977 3329 13148 8290 11428 
6051 3273 2706 3704 12329 6729 12924 
6052 2936 2261 3652 12187 11134 13637 
6053 217 216 3669 318 12008 12069 
6054 1394 1392 3382 11217 13638 13639 
6055 635 636 3589 7202 13176 13584 
6056 2673 3741 3743 13640 12809 13641 
6057 3279 1164 3904 6386 7145 13258 
6058 1691 1692 1693 12616 13642 13264 
6059 2976 3439 3897 12418 12325 13643 
6060 1930 1935 2229 12351 13644 13645 
6061 1382 1379 1501 13646 13647 13648 
6062 1313 2220 2472 13649 4075 12063 
6063 3297 2618 3858 11586 6084 13574 
6064 1322 1529 1736 11417 13398 5738 
6065 3090 736 3737 11124 13267 5403 
6066 960 972 3568 12881 13650 13651 
6067 3557 3308 4018 13652 7326 12249 
6068 2547 3690 3922 13653 12105 13654 
6069 2439 1320 3648 13431 13655 12228 
6070 3027 2299 3725 10696 12941 12296 
6071 1189 1178 2348 8251 12148 13656 
6072 3509 2155 3834 12403 11954 13657 
6073 3084 3441 3795 13268 12615 13658 
6074 1050 1075 2084 13659 13660 13661 
6075 2360 3315 3493 13662 12285 13663 
6076 2413 3497 3919 12104 13664 6609 
6077 2918 2913 3676 9705 13665 7937 
6078 1615 1643 1690 8357 13666 13667 
6079 3555 2030 3666 12452 13636 12686 
6080 986 1334 3660 6964 13668 7723 
6081 3410 2414 3863 11540 7166 12114 
6082 2246 2984 3758 10098 13669 13670 
6083 1971 3097 3424 13671 13672 13054 
6084 3059 2828 3260 11965 13005 13567 
6085 2651 3566 3989 11185 13673 13674 
6086 1334 3099 3660 12398 13675 13668 
6087 2348 3319 3525 12575 12157 13676 
6088 2609 1343 3045 12925 13677 13678 
6089 1900 1778 3348 11944 13679 13680 
6090 789 2673 3743 8647 13641 8152 
6091 3081 586 4048 11513 13363 11748 
6092 3426 2097 3740 12071 7571 6248 
6093 1971 3096 3097 12596 13681 13671 
6094 2573 1990 2574 12611 12845 5709 
6095 3320 1634 3321 7489 7689 13682 
6096 659 660 3581 11578 13683 13684 
6097 2101 2113 3151 13685 13686 13687 
6098 3131 941 3132 11686 13688 13689 
6099 2837 2932 3864 13690 13691 13692 
6100 1734 2153 3325 13693 13694 13695 
6101 1704 1705 3681 9700 6842 12396 
6102 1432 1430 1487 11814 13696 13697 
6103 3110 959 3111 13602 13698 13699 
6104 2084 2463 3267 13700 12287 13701 
6105 1195 1193 1196 8739 13702 12919 
6106 1428 1426 1486 11807 13703 13704 
6107 1127 1126 1130 12407 13705 12810 
6108 3058 797 3692 10908 12315 13541 
6109 2119 2677 3794 8738 7697 12928 
6110 1102 2980 3683 10348 7176 12402 
6111 1436 1434 1488 11850 13706 13707 
6112 257 3625 3774 13572 7168 13708 
6113 944 919 3343 5876 6616 13709 
6114 717 715 809 8319 13710 13711 
6115 1502 1501 2326 13712 8524 5494 
6116 644 3708 3741 13596 12775 13713 
6117 1944 1943 2116 12666 13714 12946 
6118 900 1349 3686 10970 7287 12613 
6119 19 18 3691 120 12394 12395 
6120 1635 1256 1636 13715 13716 13717 
6121 1670 1672 1679 12332 12987 13718 
6122 3121 1873 3122 12705 13719 7059 
6123 1011 1010 3572 12045 13720 13721 
6124 816 3003 3694 10476 12411 6323 
6125 1144 1142 3250 9083 13722 13723 
6126 1423 1421 1425 11817 5756 13724 
6127 3869 2411 3870 8284 13725 13726 
6128 655 3272 3997 12944 13727 9043 
6129 3889 2324 3955 13728 13729 12455 
6130 3082 593 3646 11514 11081 12759 
6131 2591 2592 3745 8202 13730 11738 
6132 2765 2755 3698 10613 12417 12416 
6133 3317 2223 3984 13731 6852 13732 
6134 1137 1135 1138 8924 13733 13040 
6135 1386 1383 1463 11624 13734 13735 
6136 2714 1684 3702 9013 12409 5673 
6137 1440 1438 1442 11915 13736 13737 
6138 2663 2658 3832 8513 12223 13738 
6139 3549 2359 4039 7321 6491 13154 
6140 3099 1893 3264 12405 13485 13739 
6141 2176 907 3939 6604 5692 13158 
6142 2726 2718 3725 8936 12308 12940 
6143 2900 2898 3678 12930 12034 6818 
6144 2569 2570 3113 13740 4891 13741 
6145 652 654 658 8785 13742 13743 
6146 1975 1977 3704 10100 12427 6550 
6147 2151 2264 4044 13744 13745 13746 
6148 885 2187 2188 13385 13747 13748 
6149 2354 2355 3705 9487 6381 12399 
6150 2435 1962 3747 11866 13615 13749 
6151 1051 1050 3498 8102 13750 12898 
6152 3102 2080 3971 12740 13751 13752 
6153 3146 1220 3945 8043 8207 13753 
6154 1151 1147 1278 10933 13754 13755 
6155 3160 2241 3885 6983 5636 13756 
6156 1876 1636 1877 13757 11563 13758 
6157 1605 1603 3712 9561 12433 13759 
6158 3163 1829 3608 11582 8674 12528 
6159 2592 3584 3745 13466 12117 13730 
6160 2364 881 3546 6918 13760 6402 
6161 1798 1797 3713 10899 8664 12425 
6162 2620 1024 3154 12162 12996 11793 
6163 2290 1774 3977 12378 13761 13504 
6164 2808 3781 4038 5885 13762 12654 
6165 1205 1204 1206 12690 13763 12771 
6166 1492 3423 4041 11441 13764 13765 
6167 2064 1877 2065 13766 8633 13767 
6168 3515 2163 3794 13768 12929 13769 
6169 3265 666 3803 5898 13311 13770 
6170 1511 1509 3419 11536 13771 13772 
6171 1073 1054 3498 13773 12899 13774 
6172 1239 1141 1514 13775 13776 13777 
6173 2080 3109 3971 11373 12498 13751 
6174 1693 1692 1771 13642 13778 13779 
6175 2512 3728 3949 13780 8300 13021 
6176 2330 3324 4067 13781 13782 11510 
6177 1207 1206 1223 12772 6687 13783 
6178 2503 2504 4004 7915 13784 13576 
6179 2358 1586 3419 13403 13785 8892 
6180 2403 3831 3875 13786 13787 13788 
6181 2753 910 3518 11933 13789 13028 
6182 2281 1899 2330 12824 13790 11340 
6183 1155 1153 1255 11173 13791 13792 
6184 3155 2926 3973 11127 13793 12260 
6185 1248 3091 3303 12643 7626 13562 
6186 1446 1444 1491 11989 13794 13795 
6187 1270 1342 3247 12675 4758 13130 
6188 3055 3056 3075 13796 5122 13797 
6189 2236 2106 3729 10456 12437 12436 
6190 689 688 3699 13514 13798 6169 
6191 1015 1014 1921 12661 13799 13058 
6192 1908 1244 3488 13523 13469 13800 
6193 1416 1414 1417 11905 13801 13802 
6194 2264 2151 2565 13744 4411 13803 
6195 1114 1112 1115 10900 13804 13359 
6196 2181 2456 3732 12669 13805 13806 
6197 3551 492 3754 13463 13807 8628 
6198 3322 3323 3739 9417 8521 13380 
6199 3310 3345 3449 13544 13808 13809 
6200 866 2691 3730 10831 13810 12410 
6201 3865 3359 4004 13811 13812 13813 
6202 1370 1385 3235 13025 13814 12857 
6203 1161 1159 1169 11333 13815 13816 
6204 2096 2094 2112 13817 13818 13819 
6205 3026 1900 3380 11946 13820 13821 
6206 3096 1904 3469 11996 13822 13823 
6207 1648 1647 1664 13824 13825 13826 
6208 2403 2404 3831 9004 12488 13786 
6209 3810 3288 3811 13827 13588 13828 
6210 1923 1921 2091 13829 13830 13831 
6211 105 104 3736 206 11589 11236 
6212 2464 1075 3531 13317 13832 6465 
6213 3870 2411 4017 13725 13408 13833 
6214 2930 2884 3341 13834 13568 12141 
6215 1167 1165 1168 11411 13835 13836 
6216 2084 3267 3751 13701 6632 13837 
6217 2812 2813 2814 8748 11769 13838 
6218 2919 2860 3353 13839 12990 6190 
6219 676 677 785 12731 13840 13841 
6220 87 86 3738 188 11869 12372 
6221 962 916 3695 6034 12479 13842 
6222 2101 3151 3556 13687 7258 13843 
6223 2192 1738 3365 13557 12548 13844 
6224 1175 1173 1176 11466 13845 13166 
6225 1131 1130 1237 12811 13846 13847 
6226 2673 644 3741 10838 13713 13640 
6227 3449 3345 3798 13808 13848 13849 
6228 3533 2892 3851 13330 13850 6177 
6229 2758 3304 3790 11726 13851 11782 
6230 1806 1749 2308 13852 13853 13238 
6231 2203 2365 3791 13854 13855 13856 
6232 1515 1514 1775 13857 6708 11537 
6233 3324 1124 4067 5576 6226 13782 
6234 2715 2714 4029 8974 13858 11383 
6235 2233 1347 3733 10878 12485 13859 
6236 1198 1196 1947 13860 13861 13862 
6237 2821 2822 2831 8150 13047 13863 
6238 3198 1699 3650 11633 13864 13865 
6239 2100 1519 3281 12896 12796 13866 
6240 1317 1528 1719 11095 13120 4771 
6241 3453 2646 3952 13035 13867 13045 
6242 3459 3460 3665 11175 7959 11643 
6243 2300 3427 4001 8006 13260 13868 
6244 1926 1930 3434 11920 13869 13870 
6245 879 875 3562 12913 13501 13871 
6246 805 689 806 13872 12348 13119 
6247 586 3298 3996 12663 12481 13361 
6248 2750 802 3762 9314 13401 13873 
6249 1649 1670 3613 13227 13874 13875 
6250 992 991 3542 8341 13876 13248 
6251 814 645 2238 13877 13878 13269 
6252 1597 3359 3865 12519 13811 13879 
6253 3400 434 3839 12084 12673 13880 
6254 3392 2939 3956 8343 12183 13881 
6255 1310 1312 1313 11950 13882 13883 
6256 83 82 3759 184 12428 12230 
6257 1197 1196 1198 12920 13860 12977 
6258 1141 1138 3559 13884 13885 13886 
6259 3171 3170 3579 13595 12973 6014 
6260 1647 1649 3613 9119 13875 13887 
6261 2067 2174 2242 12702 12240 13888 
6262 1001 1521 2224 13889 13890 13891 
6263 1801 3314 3876 7691 13459 13271 
6264 1539 785 1540 13892 5291 13146 
6265 2912 2918 3765 9706 5236 13893 
6266 1452 1450 1500 12163 13894 13895 
6267 1199 1198 1200 12978 13896 12998 
6268 2382 1739 3876 9099 13272 7643 
6269 2200 2201 3900 11858 13897 13898 
6270 1040 1039 3531 8755 6466 13230 
6271 2288 2500 3838 6421 13899 13900 
6272 1888 3159 3160 13140 13901 13902 
6273 1237 1130 1238 13846 13903 13904 
6274 2230 3666 3819 12687 12717 13905 
6275 3270 3271 3458 12055 6142 13906 
6276 2837 2836 2932 13294 5917 13690 
6277 3501 3366 3928 13037 13907 13908 
6278 2207 2387 3633 12430 13003 13909 
6279 676 785 1539 13841 13892 13910 
6280 3091 1578 3313 12110 13350 6228 
6281 1713 2253 3898 12584 13911 13912 
6282 3149 984 3970 5804 13913 13914 
6283 258 257 3774 359 13708 12462 
6284 786 3268 3636 5334 13915 4972 
6285 3320 3321 3342 13682 13916 12622 
6286 719 717 3337 7426 13917 13918 
6287 3057 3392 3956 8058 13881 13919 
6288 2117 2116 3195 12947 13082 7065 
6289 1087 1083 2036 11847 13920 13921 
6290 1665 1664 1673 13922 8091 13923 
6291 1194 3118 3894 6948 13924 4479 
6292 2225 2388 3499 13072 13925 13926 
6293 2092 2091 2093 13927 6398 13928 
6294 2224 2225 3248 13929 13930 7911 
6295 1607 3121 3549 12194 7322 12464 
6296 1962 2208 3777 10993 13312 13616 
6297 1544 659 1545 13931 13932 13521 
6298 2490 2183 3619 5361 4924 11641 
6299 1206 1204 1251 13763 13933 5838 
6300 1905 1851 2033 13084 13934 11374 
6301 1775 3603 3901 12214 11122 13935 
6302 1537 3766 4044 13936 13937 13938 
6303 1281 1279 1284 11913 13939 13373 
6304 645 646 3595 11115 13635 13940 
6305 585 3000 3790 10505 8224 13941 
6306 1679 1680 1734 12988 13318 13942 
6307 1940 1850 2166 13184 4605 13943 
6308 1897 1771 1898 13944 12327 13945 
6309 1139 1138 1141 13041 13884 13123 
6310 2446 2970 4022 10068 12755 13946 
6311 2053 3208 3209 13335 13947 7747 
6312 2009 3198 3650 11502 13865 5470 
6313 492 493 3754 515 12812 13807 
6314 963 2976 3897 10177 13643 13948 
6315 1216 3098 3755 7091 13949 4649 
6316 2330 1899 3324 13790 13950 13781 
6317 1719 2098 2099 13951 13952 5846 
6318 1328 981 1329 13953 11897 13954 
6319 1940 2166 2457 13943 13955 13956 
6320 2481 2229 3842 12867 12850 13957 
6321 3306 581 4045 12768 11993 12967 
6322 765 3047 3781 10983 13958 13959 
6323 774 3372 4012 7837 11699 5554 
6324 1805 1749 1806 13104 13852 6803 
6325 3504 2149 3931 4837 13960 13961 
6326 1873 3120 3490 11581 13962 13963 
6327 2036 1083 3609 13920 13186 13964 
6328 3316 1953 3538 12507 13965 13966 
6329 1922 1921 1923 13059 13829 13967 
6330 2161 3363 3364 6365 7695 13968 
6331 3204 2006 3262 13204 13969 4216 
6332 3054 2862 3715 11764 13970 13971 
6333 1002 1001 3586 11206 13972 13632 
6334 1073 3498 3751 13774 13973 12756 
6335 1670 1679 2323 13718 13974 13975 
6336 3221 2288 3768 12737 13976 7453 
6337 1230 1227 3574 13245 13977 13978 
6338 1259 3602 3793 8455 13979 13980 
6339 1698 2609 3428 13460 13981 13982 
6340 577 3081 3829 11512 11747 12734 
6341 3730 2691 3913 13810 13983 11859 
6342 2984 2573 3758 12025 12377 13669 
6343 2283 3256 3771 6221 6655 13494 
6344 1146 2683 3831 8851 13984 11987 
6345 427 570 3734 11270 11816 12629 
6346 2908 2906 4010 13985 12180 13986 
6347 3205 1563 3206 13089 13987 13532 
6348 2307 1411 3287 13480 13988 7404 
6349 1522 1116 2516 12082 12962 4964 
6350 2332 2016 3802 9921 12511 5492 
6351 2914 2809 4038 7671 12655 13989 
6352 1674 1673 1748 13990 12005 13991 
6353 1142 1141 1239 13124 13775 13992 
6354 3218 2384 3992 13205 13625 13993 
6355 2095 2094 2096 13162 13817 13351 
6356 765 3781 3821 13959 5886 13994 
6357 2116 1943 3268 13714 13995 12817 
6358 857 3131 4001 10272 13996 13259 
6359 2405 2403 3875 9002 13788 13997 
6360 2103 1768 2104 13273 13998 13999 
6361 2889 3375 3505 12870 7809 13106 
6362 2423 2425 3805 9479 13276 12532 
6363 1456 1454 1492 12369 14000 14001 
6364 1056 1054 1073 12219 13773 14002 
6365 2922 3749 3872 14003 12923 14004 
6366 811 651 815 14005 14006 13261 
6367 1191 1189 3525 8692 14007 14008 
6368 2547 2546 3232 12720 4280 14009 
6369 2481 1929 3434 13454 14010 12868 
6370 2874 2875 2883 7853 14011 14012 
6371 2130 3385 3386 6586 7553 14013 
6372 2910 2869 3128 14014 14015 14016 
6373 3831 2683 3875 13984 14017 13787 
6374 1390 1388 3443 11455 14018 14019 
6375 1060 1058 1318 12291 14020 14021 
6376 1616 1238 1725 14022 14023 14024 
6377 1801 2192 3429 13558 4669 7692 
6378 1933 1927 1934 12330 14025 14026 
6379 1953 1954 1955 12390 14027 14028 
6380 2913 3282 3676 10966 13443 13665 
6381 3461 2943 3799 10994 12860 12600 
6382 1605 3712 4061 13759 12091 14029 
6383 1958 2121 2122 12657 12434 14030 
6384 1177 1176 1256 13167 14031 13213 
6385 1833 3234 3982 11620 14032 13017 
6386 2569 987 2570 13413 14033 13740 
6387 1066 1064 1076 12414 6658 14034 
6388 1108 2316 3985 8032 14035 5337 
6389 3539 3356 3814 13126 14036 12985 
6390 2739 2738 3888 9276 14037 13112 
6391 2706 2705 4006 10721 13451 14038 
6392 2187 879 3562 13384 13871 4161 
6393 3132 2300 4001 13450 13868 14039 
6394 3732 2456 3770 13805 14040 14041 
6395 2193 1857 3863 9737 12115 4726 
6396 1582 1274 3837 8491 12723 12306 
6397 1226 1218 2399 13601 14042 4225 
6398 2055 2289 2290 12704 14043 14044 
6399 3367 2077 3908 8349 14045 13493 
6400 2068 2439 3512 13432 5630 14046 
6401 2352 2353 3816 9407 7096 12525 
6402 2959 471 3853 9859 12763 14047 
6403 595 545 3854 9913 12765 14048 
6404 532 594 3852 10491 14049 12766 
6405 2371 2374 3818 9419 14050 12530 
6406 1071 1069 1320 12471 14051 13579 
6407 1634 1256 1635 13214 13715 7688 
6408 1797 3167 3847 11698 13527 8665 
6409 1964 2521 3744 7887 7447 14052 
6410 952 1105 2167 13583 12833 14053 
6411 2098 2162 2622 13253 13457 14054 
6412 2905 3143 4010 14055 14056 14057 
6413 1227 1226 3574 12359 4537 13977 
6414 1686 1682 3769 7504 9113 14058 
6415 1050 2084 3498 13661 14059 13750 
6416 2919 2905 4010 8308 14057 12179 
6417 1485 1368 1874 14060 12076 14061 
6418 2504 2505 3953 8624 6840 14062 
6419 763 765 3821 10132 13994 12526 
6420 2137 2682 3822 9666 13392 13220 
6421 3176 2022 3302 13309 5384 14063 
6422 687 689 805 13515 13872 13030 
6423 959 960 3568 11531 13651 14064 
6424 3325 1960 3841 14065 12501 12843 
6425 991 988 2569 12594 13414 14066 
6426 81 80 3824 182 12476 12474 
6427 3128 615 3129 7399 14067 14068 
6428 649 651 811 13499 14005 14069 
6429 681 683 695 12651 14070 14071 
6430 3327 3207 3907 11700 14072 14073 
6431 1645 1647 1648 12724 13824 14074 
6432 1380 1379 1382 13139 13646 14075 
6433 1904 3031 3556 11475 14076 14077 
6434 1179 2630 3944 8453 12672 14078 
6435 1010 1103 1104 14079 14080 14081 
6436 1233 1230 1250 13502 14082 14083 
6437 2244 3099 3264 14084 13739 6027 
6438 1366 1368 1485 13427 14060 14085 
6439 2004 1973 3826 9926 12534 14086 
6440 987 944 3343 12777 13709 14087 
6441 1050 1044 1075 12698 14088 13659 
6442 1953 1955 3538 14028 6806 13965 
6443 1412 1411 1460 13226 13479 14089 
6444 3188 1186 3475 6472 7158 7276 
6445 2750 3762 4052 13873 12136 14090 
6446 2360 3493 3549 13663 12465 13153 
6447 1736 2203 2204 14091 14092 11822 
6448 997 995 1089 12787 14093 14094 
6449 1329 1614 2102 13440 14095 14096 
6450 2085 1938 2171 13375 14097 14098 
6451 656 659 1544 13002 13931 14099 
6452 3399 1234 3672 13097 14100 8268 
6453 3234 1564 3659 11695 5979 7139 
6454 2071 3445 3523 4596 13196 7951 
6455 670 672 674 13099 14101 5767 
6456 2261 3749 3761 9326 14102 7185 
6457 3703 3072 3905 13546 14103 14104 
6458 1010 1008 1103 13353 14105 14079 
6459 1109 1096 1259 13125 14106 14107 
6460 1692 3026 3380 12100 13821 14108 
6461 2967 2277 3991 10134 14109 12459 
6462 2213 1502 3312 13349 6140 12954 
6463 1734 1735 2153 13319 14110 13693 
6464 908 883 3746 5892 6834 11058 
6465 578 422 3772 11288 12662 7354 
6466 1027 1025 1815 12900 14111 14112 
6467 2102 1614 2144 14095 14113 14114 
6468 594 2999 4020 10503 6690 13434 
6469 3272 1910 3997 8848 6356 13727 
6470 3043 2216 3846 12041 14115 13605 
6471 3203 2386 3752 11216 12630 6737 
6472 641 645 814 13029 13877 14116 
6473 505 506 3806 528 12852 12851 
6474 2101 2100 2113 13298 14117 13685 
6475 1104 1617 1920 14118 14119 14120 
6476 1033 1031 1641 12945 14121 14122 
6477 1092 870 3254 13570 13085 14123 
6478 1001 999 1521 13066 14124 13889 
6479 1037 1035 1041 12976 14125 14126 
6480 1094 1093 1322 13247 11416 14127 
6481 2194 2096 2615 13352 14128 11484 
6482 972 974 1080 13091 14129 14130 
6483 2122 2123 2519 12435 6201 14131 
6484 935 3446 3943 12017 14132 8749 
6485 2076 1743 2168 13293 14133 7810 
6486 976 981 1328 13149 13953 14134 
6487 1920 2172 3477 14135 14136 6152 
6488 3311 640 4032 6775 6554 11984 
6489 1725 1238 3407 14023 11802 12102 
6490 1970 1969 3858 9804 13575 12555 
6491 2346 2344 3869 8629 7034 14137 
6492 2405 3875 3944 13997 14138 14139 
6493 2008 2358 3279 13404 7761 13257 
6494 1243 1115 1244 13360 13467 13599 
6495 2588 1284 3470 13374 14140 11570 
6496 1233 1250 1254 14083 14141 14142 
6497 2256 3218 3992 11400 13993 14143 
6498 1832 3050 3833 10932 12640 12936 
6499 3590 2125 3770 7074 14144 14145 
6500 2407 2405 3944 9379 14139 12671 
6501 2681 2196 3924 8730 12560 12364 
6502 2896 2894 3849 10064 12563 12562 
6503 284 283 3850 385 12550 12344 
6504 2145 3149 3970 10978 13914 13187 
6505 641 814 3589 14116 14146 13175 
6506 2862 2865 3715 12098 14147 13970 
6507 3450 2246 3758 12915 13670 14148 
6508 3657 2912 3765 13455 13893 12891 
6509 3193 3194 3357 11299 12617 11227 
6510 3152 1901 3401 13358 11131 7768 
6511 3522 2002 3763 12910 14149 14150 
6512 3582 2298 3970 6716 13188 14151 
6513 3206 2079 3907 7344 14152 14153 
6514 1254 1942 1943 14154 14155 12665 
6515 3488 1115 3612 13468 14156 11848 
6516 2374 2376 3874 9554 11674 14157 
6517 3300 2282 3688 11908 14158 4317 
6518 2991 3245 3936 11549 14159 12354 
6519 2798 2810 3820 12504 14160 14161 
6520 1123 1121 3483 6319 13608 14162 
6521 1960 3325 3495 14065 14163 14164 
6522 1907 1908 1909 13524 5316 14165 
6523 3085 770 3927 8954 12626 14166 
6524 2901 2904 2905 14167 14168 13405 
6525 3697 2801 3775 14169 14170 6763 
6526 1075 1044 3531 14088 13231 13832 
6527 1247 2437 3444 13242 5446 13014 
6528 1089 995 3542 14093 13249 11602 
6529 2210 2212 4005 10438 14171 13194 
6530 2678 790 3874 10836 14172 11673 
6531 1254 1250 1942 14141 12556 14154 
6532 2683 1179 3875 10834 14173 14017 
6533 3087 3180 3969 4381 12363 7982 
6534 790 3818 3874 14174 14175 14172 
6535 2122 2519 3214 14131 4436 14176 
6536 2178 1929 2314 13481 13453 4868 
6537 1200 3342 3868 8417 14177 14178 
6538 3220 2514 3932 11890 12827 12268 
6539 2007 1586 2008 13487 13402 11325 
6540 2923 2831 3060 14179 13582 8820 
6541 3344 3265 3803 13057 13770 14180 
6542 3818 2374 3874 14050 14157 14175 
6543 2253 3228 3246 13409 5489 14181 
6544 2260 3699 3775 4485 6764 13421 
6545 1411 1407 3287 13008 13061 13988 
6546 2102 2144 3153 14114 14182 5639 
6547 1906 1244 1907 13600 13522 7609 
6548 3109 1968 3888 11154 13379 14183 
6549 1321 1320 2068 13580 13430 13612 
6550 3296 2207 3633 8047 13909 14184 
6551 3399 3064 3496 13550 6307 13098 
6552 2538 2539 3961 9034 12893 11914 
6553 1920 1617 2172 14119 13087 14135 
6554 1104 1103 1617 14080 5293 14118 
6555 2346 3870 3947 14185 11558 14186 
6556 2870 3055 3715 14187 14188 14189 
6557 903 1637 3709 7036 11545 8379 
6558 1110 1117 3612 13555 11849 14190 
6559 3056 2871 3057 13339 8056 12757 
6560 1616 1725 2333 14024 13449 14191 
6561 3639 2203 3791 14192 13856 14193 
6562 1485 1874 1899 14061 14194 12823 
6563 660 675 3581 13492 4477 13683 
6564 3418 2412 3535 6132 13043 12210 
6565 2737 3930 3932 14195 12269 14196 
6566 1382 1501 1502 13648 13712 13348 
6567 785 677 3266 13840 13208 6626 
6568 2737 799 3930 9059 14197 14195 
6569 1693 1771 1897 13779 13944 14198 
6570 2084 1075 2463 13660 13316 13700 
6571 2738 3109 3888 12497 14183 14037 
6572 2691 2692 3913 9036 12415 13983 
6573 3436 911 3884 12982 8534 14199 
6574 573 3084 3795 11518 13658 12298 
6575 1237 1238 1616 13904 14022 13000 
6576 2882 2880 3909 9434 12942 8948 
6577 1771 1692 3380 13778 14108 8098 
6578 1923 2091 2092 13831 13927 14200 
6579 1648 1664 1665 13826 13922 13285 
6580 2932 2933 2934 13472 14201 14202 
6581 3060 2837 3864 11854 13692 8821 
6582 1674 1748 1749 13991 14203 13103 
6583 1635 1636 1876 13717 13757 13240 
6584 1388 1386 3472 11532 14204 14205 
6585 2182 2335 3916 9846 13343 12579 
6586 3136 1642 3641 6682 14206 14207 
6587 1239 1514 1515 13777 13857 13181 
6588 1897 1898 2231 13945 14208 14209 
6589 1665 1673 1674 13923 13990 4608 
6590 2092 2093 2094 13928 14210 13161 
6591 2676 2506 3915 10913 11851 12235 
6592 1876 1877 2064 13758 13766 14211 
6593 2224 1521 2225 13890 13071 13929 
6594 2640 2499 3919 10857 7364 14212 
6595 2064 2065 2328 13767 14213 14214 
6596 2262 2395 3506 12841 7822 14215 
6597 1072 3297 3424 11587 13055 7241 
6598 784 3391 3705 12918 13371 6380 
6599 39 562 3923 10743 7310 12571 
6600 2646 2647 3952 8763 13621 13867 
6601 957 3209 4035 7050 14216 4603 
6602 1371 1373 3934 9053 5073 12695 
6603 1719 1720 2098 13121 13252 13951 
6604 1778 1951 3348 12877 14217 13679 
6605 1014 1011 3572 13448 13721 14218 
6606 2103 2104 3554 13999 11380 14219 
6607 2834 2851 3030 14220 7890 12247 
6608 2910 3128 3986 14016 14221 14222 
6609 2347 2346 3947 8966 14186 14223 
6610 704 2737 3932 10829 14196 12826 
6611 3187 2295 3867 7214 6844 14224 
6612 1185 2589 3402 8226 6575 5830 
6613 1405 1410 3287 13080 7405 13060 
6614 3159 1686 3769 12797 14058 14225 
6615 688 691 3699 6264 8405 13798 
6616 2509 2215 3946 9448 14226 12559 
6617 3240 2143 3396 13619 14227 4492 
6618 2223 3843 3844 14228 14229 14230 
6619 3875 1179 3944 14173 14078 14138 
6620 1163 1161 3541 11376 14231 14232 
6621 2033 1851 3653 13934 13281 12587 
6622 937 3102 3971 11079 13752 12321 
6623 3442 3146 3945 14233 13753 14234 
6624 3294 2889 3991 11703 13107 14235 
6625 2883 2875 2884 14011 12894 14236 
6626 3315 2360 3594 13662 13416 14237 
6627 2569 3113 3718 13741 14238 14239 
6628 2262 3506 3764 14215 14240 13618 
6629 2147 3027 3951 10690 12856 14241 
6630 1978 1980 4033 10385 14242 12582 
6631 2324 2325 3955 9710 13355 13729 
6632 3611 2663 3832 12374 13738 13063 
6633 1148 3414 3644 13020 13049 6921 
6634 1363 3354 3976 11694 14243 14244 
6635 2834 2838 2851 13016 14245 14220 
6636 1430 1428 3519 11808 14246 14247 
6637 1908 3488 3489 13800 8803 5359 
6638 1434 1432 3524 11823 14248 14249 
6639 1207 1223 3462 13783 14250 14251 
6640 1131 1237 3216 13847 12521 13626 
6641 2274 3505 3676 12310 7938 13442 
6642 843 3230 4022 11483 14252 13465 
6643 2143 3315 3594 12865 14237 14253 
6644 2892 2920 3973 10307 12261 14254 
6645 2861 2906 2907 14255 14256 7199 
6646 2930 2908 3142 12334 14257 14258 
6647 1410 1402 3301 13079 13144 7467 
6648 2743 940 4007 9295 13433 12461 
6649 2302 2301 3982 10882 13545 14259 
6650 3047 2914 4038 5057 13989 14260 
6651 2347 3947 4042 14223 11896 14261 
6652 3801 3057 3956 14262 13919 12451 
6653 2159 3338 3440 13324 7898 4184 
6654 1426 1423 3526 11811 14263 14264 
6655 2286 2230 3819 11791 13905 6382 
6656 2998 1713 3898 10462 13912 11835 
6657 424 572 3856 11260 14265 12715 
6658 3072 1853 3905 11043 6513 14103 
6659 43 42 3993 144 12568 12565 
6660 918 926 3455 7365 14266 14267 
6661 2218 2324 3999 9680 14268 12573 
6662 705 2750 4052 9312 14090 12551 
6663 278 277 4000 379 12113 12564 
6664 3996 2339 4048 14269 14270 13362 
6665 304 303 4003 405 13062 12561 
6666 1916 2339 3996 10916 14269 11829 
6667 1379 1376 3283 13277 13511 14271 
6668 1804 2447 4015 9316 14272 12593 
6669 2861 2860 2906 11777 14273 14255 
6670 1750 3033 4021 10816 13251 13536 
6671 73 72 4024 174 12518 12515 
6672 2357 2347 4042 9367 14261 7226 
6673 2768 2199 4045 9677 12554 11992 
6674 1438 1436 3532 11885 14274 14275 
6675 2339 2341 4048 10706 12060 14270 
6676 1636 1256 4051 13716 14276 8347 
6677 3020 1605 4061 10583 14029 12014 
6678 884 1289 3478 7056 14277 8434 
6679 2955 595 4062 9870 7233 14278 
6680 2924 3085 3927 5444 14166 5908 
6681 237 236 4056 338 12487 6628 
6682 1514 1141 3559 13776 13886 7933 
6683 1639 2118 4060 10920 13365 12290 
6684 2393 3451 3929 12068 14279 7512 
6685 3602 2152 3912 13039 11771 14280 
6686 3345 882 3798 14281 8570 13848 
6687 1614 1615 3654 12392 14282 14283 
6688 3887 2415 3911 5115 7894 12342 
6689 3117 1597 3865 11144 13879 14284 
6690 2290 2289 4049 14043 6736 12379 
6691 3131 3132 4001 13689 14039 13996 
6692 3196 2117 3796 11180 14285 14286 
6693 3151 2113 3626 13686 14287 5601 
6694 946 948 3471 7430 14288 14289 
6695 2655 3344 3803 12714 14180 12516 
6696 1400 1403 3301 13180 14290 13143 
6697 3234 2302 3982 7138 14259 14032 
6698 1957 1958 3095 14291 14292 14293 
6699 2790 2791 2792 11938 12735 14294 
6700 2786 2788 2794 12688 14295 14296 
6701 1209 1207 3462 7839 14251 14297 
6702 2264 1537 4044 11129 13938 13745 
6703 2814 2815 2816 11770 12078 14298 
6704 2830 2837 3260 13295 11856 13004 
6705 885 2188 3466 13748 14299 13397 
6706 2293 3351 3827 7327 14300 12056 
6707 1091 3316 3538 12837 13966 4862 
6708 1310 1313 2988 13883 12065 12591 
6709 2006 3147 3620 11765 14301 14302 
6710 912 893 3484 12585 14303 14304 
6711 1501 1379 3283 13647 14271 6281 
6712 989 3396 3594 7143 14305 14306 
6713 882 3345 3967 14281 14307 11636 
6714 2486 1616 3603 13001 14308 12213 
6715 1214 1212 3480 7641 14309 14310 
6716 1806 2309 4047 13239 8389 14311 
6717 1201 1200 3868 12999 14178 14312 
6718 896 894 3518 7429 13320 14313 
6719 1734 3325 3786 13695 12842 14314 
6720 3479 2311 3811 14315 11309 13587 
6721 2936 3652 3879 13637 14316 11022 
6722 1314 1315 1316 12347 12119 14317 
6723 3142 2908 3143 14257 14318 14319 
6724 2883 2915 2916 14320 14321 4778 
6725 2512 3309 3848 13283 13603 14322 
6726 1234 1233 3672 12536 14323 14100 
6727 3503 2195 3504 14324 4838 6892 
6728 2793 2798 3820 6296 14161 14325 
6729 3230 2446 4022 7855 13946 14252 
6730 1444 1440 3543 11948 14326 14327 
6731 2385 946 3471 13291 14289 12538 
6732 503 504 3995 526 12886 12252 
6733 1316 1875 1949 12120 12170 14328 
6734 2389 3542 3718 11603 14329 14330 
6735 2316 3957 3985 13236 7683 14035 
6736 2253 3246 3881 14181 14331 14332 
6737 3232 3370 3690 13195 8447 14333 
6738 2112 2094 3561 13818 14334 12820 
6739 1192 3119 3920 14335 6218 6904 
6740 3119 1192 3894 14335 4480 14336 
6741 3176 3302 3426 14063 12072 14337 
6742 3766 3422 4044 12541 14338 13937 
6743 1328 1329 3665 13954 14339 7958 
6744 1403 1398 3333 13179 13382 14340 
6745 2069 3393 3475 14341 7277 7740 
6746 2906 2860 2919 14273 13839 12178 
6747 3365 1593 3442 12676 14342 14343 
6748 2161 3364 3892 13968 14344 14345 
6749 3153 2144 3642 14182 14346 13133 
6750 649 811 3595 14069 6272 13634 
6751 1468 1470 3339 13211 14347 13321 
6752 3113 2389 3718 7871 14330 14238 
6753 3142 3143 3529 14319 13199 14348 
6754 3098 1260 3910 12272 13145 13256 
6755 1142 1239 3250 13992 12969 13722 
6756 721 737 3592 13623 14349 13386 
6757 1613 1471 3339 13228 13322 6478 
6758 2074 2623 3804 4271 13168 7502 
6759 2097 3302 3637 12070 5385 4558 
6760 2188 2187 2363 13747 4392 8041 
6761 2430 3231 3986 5764 14350 13423 
6762 651 652 3651 12606 14351 14352 
6763 3045 1343 3444 13677 13387 5445 
6764 2491 3088 3855 14353 14354 11713 
6765 1473 1613 3349 13229 14355 13366 
6766 1724 3275 3989 12357 14356 14357 
6767 1103 1008 3586 14105 13633 5912 
6768 771 3495 3719 7254 14358 6779 
6769 1470 1466 3355 13210 13341 14359 
6770 3143 2905 3144 14055 14360 7880 
6771 711 813 3413 13498 14361 13537 
6772 2094 2093 3561 14210 11745 14334 
6773 1770 1475 3349 13262 13367 14362 
6774 1385 1367 3632 13024 13552 6327 
6775 1396 1461 3333 13315 14363 13381 
6776 1212 1285 3480 13429 12201 14309 
6777 1615 1690 3654 13667 12222 14282 
6778 3473 3935 4058 14364 13280 14365 
6779 2412 3553 4017 6133 14366 13407 
6780 3521 2911 3657 8413 13456 14367 
6781 1414 1412 3552 12062 14368 14369 
6782 2457 2166 3674 13955 14370 11485 
6783 3413 3222 3647 14371 8853 14372 
6784 3477 901 3561 14373 12097 11744 
6785 3474 2158 3635 8232 5651 13488 
6786 3143 2908 4010 14318 13986 14056 
6787 2380 3455 3789 14374 14375 7104 
6788 1477 1770 3362 13263 6253 13445 
6789 1664 1647 3613 13825 13887 8125 
6790 2227 3270 3458 14376 13906 4112 
6791 1448 1446 3569 12058 14377 14378 
6792 3331 2195 3503 7901 14324 11469 
6793 1012 3024 3900 6239 14379 14380 
6794 1593 3146 3442 12906 14233 14342 
6795 1249 3211 3720 14381 7588 5733 
6796 2238 645 3595 13878 13940 6271 
6797 1496 1479 3362 13304 13446 4944 
6798 2915 2884 2930 14382 13834 14383 
6799 3410 1818 3911 12124 12917 11541 
6800 2493 2494 3530 11321 13006 14384 
6801 3055 2870 3056 14187 13340 13796 
6802 3792 2226 3942 4097 14385 8685 
6803 421 578 4050 11289 13439 12742 
6804 2157 2363 4008 8042 14386 13215 
6805 1425 3088 4023 5757 14387 8806 
6806 972 1080 3568 14130 5610 13650 
6807 1670 2323 3613 13975 8126 13874 
6808 3348 1951 3376 14217 14388 14389 
6809 3673 3180 3954 7753 14390 14391 
6810 1140 3530 3886 14392 12960 6878 
6811 1001 2224 3586 13891 5913 13972 
6812 2201 3406 3900 13372 14393 13897 
6813 2308 1749 3604 13853 14394 7212 
6814 3079 3450 3959 12916 14395 14396 
6815 3654 2547 3922 12221 13654 14397 
6816 2223 3317 3843 13731 14398 14228 
6817 2901 2900 2903 14399 11182 14400 
6818 1483 1496 3374 13305 6074 13525 
6819 1964 1960 3495 13482 14164 7888 
6820 3159 2292 3160 14401 4423 13901 
6821 1545 659 3581 13932 13684 12781 
6822 3304 585 3790 7438 13941 13851 
6823 2248 3383 3780 6828 14402 12576 
6824 3095 2259 3731 7847 11720 14403 
6825 1733 1498 3374 13345 13526 14404 
6826 2253 3881 3898 14332 14405 13911 
6827 2135 2565 3807 14406 13172 14407 
6828 2450 3387 3980 6450 8378 7762 
6829 1937 2481 3842 4253 13957 8263 
6830 2365 3523 3791 11647 13198 13855 
6831 3133 963 3448 13287 14408 4134 
6832 2203 1737 2365 14409 8587 13854 
6833 691 2893 3697 11104 14410 8404 
6834 1112 1110 3612 7746 14190 14411 
6835 3688 2282 3771 14158 13495 14412 
6836 1086 3688 3771 11163 14412 6515 
6837 1461 1394 3382 13314 13639 14413 
6838 3111 959 3568 13698 14064 5609 
6839 2312 1957 3731 12784 14414 12685 
6840 2806 2805 2807 12711 4545 13302 
6841 652 658 3651 13743 12036 14351 
6842 1450 1448 3576 12107 14415 14416 
6843 3111 3830 3926 4095 13436 14417 
6844 2633 3703 3905 4897 14104 8462 
6845 3218 794 3882 11843 12602 13206 
6846 3460 3271 3830 11174 12172 5142 
6847 823 820 3844 12510 14418 14419 
6848 3275 3388 3989 13278 14420 14356 
6849 1330 3329 3890 11429 13174 4808 
6850 1940 2457 3605 13956 13308 14421 
6851 3449 2243 3709 14422 6593 12032 
6852 572 3536 3856 5715 12447 14265 
6853 3301 1403 3479 14290 14423 11714 
6854 2091 1921 3813 13830 14424 14425 
6855 737 719 3337 13622 13918 14426 
6856 1383 1380 3577 11597 14427 14428 
6857 1193 1191 3558 8750 14429 14430 
6858 3149 1888 3885 11768 14431 5805 
6859 1077 3752 3764 8499 12632 14432 
6860 3118 3119 3894 11648 14336 13924 
6861 1505 1733 3393 13346 5254 13628 
6862 1363 3976 4057 14244 14433 14434 
6863 3244 1806 4047 6804 14311 11721 
6864 3559 1138 3580 13885 14435 13100 
6865 912 3484 3486 14304 5752 14436 
6866 3441 2240 4060 4487 11931 13364 
6867 1135 1133 3580 8526 14437 14438 
6868 2680 3509 3834 13244 13657 8551 
6869 1010 1104 3572 14081 14439 13720 
6870 1392 1462 3382 13477 14440 13638 
6871 1104 1920 3573 14120 4683 14441 
6872 2069 1507 3393 13418 13629 14341 
6873 1947 1196 3558 13861 14442 12732 
6874 2429 2475 3847 12472 7776 12603 
6875 2925 630 4014 13067 14443 14444 
6876 1147 1144 3578 8957 14445 14446 
6877 3943 2601 4021 14447 5957 13250 
6878 3477 2172 3714 14136 13581 14448 
6879 2001 3079 3959 11256 14396 14449 
6880 1366 1485 3632 14085 12880 13551 
6881 2307 3288 3810 8213 13827 4917 
6882 1126 1123 3483 13332 14162 14450 
6883 3147 1107 3620 11024 7443 14301 
6884 675 662 4002 13491 14451 6933 
6885 1929 1926 3434 13289 13870 14010 
6886 1250 1230 3574 14082 13978 12294 
6887 3120 1905 3490 12567 13142 13962 
6888 1153 1151 3585 11090 14452 14453 
6889 3333 1461 3334 14363 4221 14454 
6890 2867 2872 3902 12645 14455 14456 
6891 3222 3413 3760 14371 14457 14458 
6892 3175 2500 3737 12963 11226 13266 
6893 2904 2903 2925 14459 5741 14460 
6894 2929 2981 2982 13391 14461 7198 
6895 1470 3355 3356 14359 14462 14463 
6896 1159 1157 3593 11300 14464 14465 
6897 893 1100 3484 13412 14466 14303 
6898 1165 1163 3598 11397 14467 14468 
6899 926 932 3455 13327 14469 14266 
6900 1930 2229 3434 13645 12869 13869 
6901 1173 1171 3601 11451 14470 14471 
6902 1509 2069 3419 13419 8893 13771 
6903 2899 2900 2901 12931 14399 14472 
6904 3324 1899 3614 13950 14473 13200 
6905 1232 3291 4069 13336 14474 14475 
6906 2922 3748 3749 14476 14477 14003 
6907 2714 3650 4029 5672 14478 13858 
6908 713 3413 3647 13538 14372 14479 
6909 3403 616 3866 5828 5702 14480 
6910 3245 2927 3936 6823 14481 14159 
6911 3258 2959 3853 6291 14047 14482 
6912 3257 595 3854 7232 14048 14483 
6913 594 3259 3852 12381 14484 14049 
6914 3289 2177 4057 11903 14485 14486 
6915 1878 1876 3671 13241 14487 6996 
6916 2852 3521 3657 13313 14367 12423 
6917 1031 1029 3661 12935 14488 14489 
6918 2931 2910 3231 12952 14490 14491 
6919 3476 2147 3951 11780 14241 13611 
6920 1911 3039 3687 7029 12634 12232 
6921 615 3057 3801 12758 14262 14492 
6922 1454 1452 3621 12254 14493 14494 
6923 3498 2084 3751 14059 13837 13973 
6924 2795 2893 3918 14495 13191 14496 
6925 1586 1511 3419 13497 13772 13785 
6926 3152 2320 4036 7767 6563 14497 
6927 2265 3142 3529 14498 14348 5544 
6928 2046 3470 3848 13192 14499 11631 
6929 820 819 821 13617 14500 14501 
6930 718 3296 3941 7555 14502 4937 
6931 3099 2244 3660 14084 5896 13675 
6932 2570 987 3343 14033 14087 14503 
6933 3211 1249 3980 14381 7763 7963 
6934 2065 2067 3618 12718 14504 14505 
6935 3382 1462 3383 14440 14506 14507 
6936 1957 3095 3731 14293 14403 14414 
6937 780 3095 3640 7848 14508 6145 
6938 2839 2864 3877 13275 14509 14510 
6939 1279 1087 3624 11888 14511 14512 
6940 1768 3229 3605 12790 14513 14514 
6941 1074 3450 3758 6131 14148 12376 
6942 948 952 3471 13376 14515 14288 
6943 3540 2955 4062 12470 14278 13560 
6944 1289 3270 3478 13444 14516 14277 
6945 1922 1923 3670 13967 14517 14518 
6946 2427 2001 3959 13388 14449 13518 
6947 2277 3294 3991 12862 14235 14109 
6948 3355 1458 3814 13050 14519 14520 
6949 2792 2793 3879 12736 14521 14522 
6950 1285 1209 3462 13428 14297 14523 
6951 3098 2105 3755 13255 11728 13949 
6952 1637 3784 3895 8479 12909 11546 
6953 413 3257 3854 12303 14483 12793 
6954 487 3258 3853 12304 14482 12792 
6955 3259 508 3852 12305 12794 14484 
6956 2456 2085 3770 13218 14524 14040 
6957 685 3516 3948 11169 14525 14526 
6958 2204 2203 3639 14092 14192 12652 
6959 1927 1922 3670 11522 14518 14527 
6960 2202 2454 3641 12154 14528 13530 
6961 2177 2770 4057 11460 14529 14485 
6962 1462 1390 3443 13476 14019 14530 
6963 1238 1130 3809 13903 14531 11803 
6964 1888 3160 3885 13902 13756 14431 
6965 3122 1873 3490 13719 13963 13589 
6966 2525 3400 3839 8203 13880 13415 
6967 1058 1056 3638 12266 14532 14533 
6968 3045 1946 3965 6204 5717 14534 
6969 914 918 3899 7001 14535 8131 
6970 1218 1214 3480 13410 14310 14536 
6971 1329 2102 3665 14096 11644 14339 
6972 3572 1104 3573 14439 14441 14537 
6973 3268 1943 3636 13995 14538 13915 
6974 3516 1852 3917 13590 5872 14539 
6975 1784 3152 4036 12884 14497 14540 
6976 2932 2934 3864 14202 8305 13691 
6977 2168 1743 3722 14133 4116 5287 
6978 3142 2265 4025 14498 14541 14542 
6979 2838 2839 3877 11826 14510 14543 
6980 2287 2617 3994 12785 8262 11165 
6981 3617 1775 3901 11538 13935 5261 
6982 2103 3554 3649 14219 11445 14544 
6983 2547 3232 3690 14009 14333 13653 
6984 3097 3096 3469 13681 13823 8468 
6985 1025 962 3695 12638 13842 14545 
6986 679 681 3679 11972 14546 14547 
6987 717 809 3337 13711 6881 13917 
6988 1189 2348 3525 13656 13676 14007 
6989 2504 3865 4004 14548 13813 13784 
6990 1643 1645 3696 11621 14549 14550 
6991 1698 3428 3887 13982 5116 14551 
6992 1251 1204 3868 13933 14552 14553 
6993 654 656 3701 12046 14554 14555 
6994 3019 3018 3649 12697 14556 14557 
6995 3024 2200 3900 12444 13898 14379 
6996 2864 3054 3055 13593 14558 14559 
6997 2865 2867 2870 13630 14560 14561 
6998 1133 3216 3580 13627 13101 14437 
6999 1313 1312 1314 13882 12346 14562 
7000 2181 3732 3757 13806 14563 14564 
7001 3262 2006 3620 13969 14302 11722 
7002 2216 3176 3846 12814 14565 14115 
7003 1069 1066 3648 12439 14566 14567 
7004 3497 2640 3919 11845 14212 13664 
7005 1285 3462 3677 14523 14568 5455 
7006 3266 679 3679 13207 14547 13111 
7007 3472 1463 3473 14569 5683 14570 
7008 676 1539 3797 13910 11063 14571 
7009 989 3594 4039 14306 13417 6134 
7010 1380 1382 3577 14075 13077 14427 
7011 3448 963 3897 14408 13948 14572 
7012 910 896 3518 13604 14313 13789 
7013 2786 2794 3623 14296 8128 13163 
7014 3413 813 3760 14361 12492 14457 
7015 1957 1956 1958 14573 12656 14291 
7016 1458 1456 3668 12483 14574 14575 
7017 1278 3578 3579 14576 6438 12972 
7018 3128 3129 3986 14068 13424 14221 
7019 3469 1904 3556 13822 14077 7257 
7020 3767 2297 3974 14577 8511 14578 
7021 2876 3392 3902 13586 14579 14580 
7022 3722 2078 3723 5678 6214 5288 
7023 715 713 3647 7846 14479 14581 
7024 2122 3214 3640 14176 6146 14582 
7025 2933 2931 3231 13471 14491 5410 
7026 2917 2807 2921 13303 14583 8688 
7027 2051 3357 3539 11928 13127 14584 
7028 2869 3075 3128 14585 5124 14015 
7029 3823 2928 4037 8139 11862 7461 
7030 3534 2373 3721 13331 7333 13565 
7031 1736 1737 2203 13399 14409 14091 
7032 1386 1463 3472 13735 14569 14204 
7033 3782 3539 4041 14586 13157 14587 
7034 2291 3222 3760 4251 14458 12905 
7035 2922 2831 2923 14588 14179 14589 
7036 821 819 3560 14500 13147 6870 
7037 2430 3129 3988 13422 13507 5561 
7038 3481 2005 3482 6039 13598 14590 
7039 1096 1094 3630 12635 14591 14592 
7040 1955 1954 1956 14027 12642 14593 
7041 3511 1696 3908 12612 5579 14594 
7042 3031 2101 3556 12628 13843 14076 
7043 1144 3250 3578 13723 6436 14445 
7044 3325 2153 3719 13694 13512 14595 
7045 1417 3855 3883 4239 14596 14597 
7046 815 651 3651 14006 14352 12914 
7047 628 3144 3964 7881 14598 5312 
7048 2982 2981 3623 14461 13203 8127 
7049 1491 3543 3544 14599 5458 14600 
7050 2144 1614 3654 14113 14283 14601 
7051 2153 1735 3796 14110 14602 14603 
7052 722 3195 3658 5797 13083 11091 
7053 1923 2092 4030 14200 8836 14604 
7054 2810 2812 2936 13333 14605 14606 
7055 1412 1460 3552 14089 14607 14368 
7056 912 3486 3975 14436 14608 12523 
7057 3770 2085 3896 14524 14609 14610 
7058 1161 1169 3541 13816 12782 14231 
7059 2927 3294 3936 12473 12863 14481 
7060 3437 2265 3438 14611 4686 12581 
7061 1428 1486 3519 13704 6008 14246 
7062 2399 1218 3480 14042 14536 12200 
7063 1487 1430 3519 13696 14247 14612 
7064 1432 1487 3524 13697 11724 14248 
7065 3385 2232 3950 6585 6642 12750 
7066 1488 1434 3524 13706 14249 8077 
7067 1898 3292 3583 13561 6529 14613 
7068 1500 3576 3675 14614 6390 14615 
7069 814 3182 4046 13270 7530 14616 
7070 2454 3136 3641 12393 14207 14528 
7071 3342 1251 3868 14617 14553 14177 
7072 1821 3184 3778 12866 14618 8287 
7073 3180 2131 3954 4919 4528 14390 
7074 3390 3248 3693 13109 14619 14620 
7075 1486 1426 3526 13703 14264 14621 
7076 1423 1425 3526 13724 5598 14263 
7077 1041 3664 3827 13609 12057 14622 
7078 1233 1254 3672 14142 12191 14323 
7079 1602 3787 3788 11157 12449 14623 
7080 952 2167 3471 14053 12539 14515 
7081 2077 3511 3908 13329 14594 14045 
7082 1171 1167 3862 11431 14624 14625 
7083 1151 1278 3585 13755 8346 14452 
7084 2233 3733 3878 13859 11790 4363 
7085 1065 3893 3998 7953 14626 5462 
7086 1436 1488 3532 13707 8075 14274 
7087 2921 2807 3253 14583 5468 6197 
7088 1442 1438 3532 13736 14275 14627 
7089 2049 3501 3928 11934 13908 14628 
7090 3484 1100 3485 14466 14629 5750 
7091 1616 2333 3603 14191 8708 14308 
7092 3732 1128 3757 11369 13225 14563 
7093 1907 1909 3785 14165 5389 8285 
7094 1259 3630 3631 14630 6589 8456 
7095 3226 3308 3557 12468 13652 13092 
7096 2160 2161 3892 12038 14345 14631 
7097 1748 1964 3604 13483 14632 14633 
7098 3443 1388 3472 14018 14205 14634 
7099 3310 3449 3895 13809 12033 14635 
7100 3270 2227 3478 14376 6309 14516 
7101 2250 3736 4016 7285 12749 14636 
7102 1641 3661 3662 14637 5873 12619 
7103 2331 3481 3482 14638 14590 13177 
7104 1690 1643 3696 13666 14550 13150 
7105 1440 1442 3543 13737 5457 14326 
7106 2388 2389 3942 8027 7873 14639 
7107 3227 1698 3887 12314 14551 12341 
7108 2893 2795 3697 14495 14640 14410 
7109 3566 1724 3989 13569 14357 13673 
7110 1419 1416 3883 11865 14641 11785 
7111 1491 1444 3543 13794 14327 14599 
7112 3129 615 3990 14067 14642 13508 
7113 2328 2065 3618 14213 14505 8012 
7114 1735 3196 3796 13378 14286 14602 
7115 1191 3525 3558 14008 12733 14429 
7116 2431 1693 3767 13265 14643 14644 
7117 3570 2435 3747 12874 13749 13393 
7118 3396 2143 3594 14227 14253 14305 
7119 1417 1414 3552 13801 14369 4898 
7120 2002 2427 3763 13389 14645 14149 
7121 3642 2144 3922 14346 14646 12039 
7122 591 3515 3794 13475 13769 7696 
7123 1874 2179 3614 13470 14647 14648 
7124 3473 3474 3935 8859 13490 14364 
7125 3246 1187 3881 6489 5238 14331 
7126 3229 1940 3605 13013 14421 14513 
7127 1196 1193 3558 13702 14430 14442 
7128 3176 3426 3846 14337 14649 14565 
7129 1955 1956 1957 14593 14573 12783 
7130 3336 1294 3938 12484 12950 13299 
7131 3354 2217 3976 11881 7249 14243 
7132 1115 1112 3612 13804 14411 14156 
7133 2223 3844 3845 14230 14650 7491 
7134 1446 1491 3569 13795 14651 14377 
7135 2770 1363 4057 12125 14434 14529 
7136 1155 1255 3933 13792 8554 14652 
7137 2104 1768 3605 13998 14514 13307 
7138 3253 692 3724 7630 5030 14653 
7139 1138 1135 3580 13733 14438 14435 
7140 2851 2838 2869 14245 14654 14655 
7141 2851 2869 2910 14655 14014 12951 
7142 1463 1383 3577 13734 14428 5847 
7143 999 997 3707 12912 14656 14657 
7144 908 3663 3939 5516 13159 5691 
7145 1487 3519 3673 14612 7754 12387 
7146 1278 1147 3578 13754 14446 14576 
7147 658 654 3701 13742 14555 11900 
7148 1029 1027 3700 12927 14658 14659 
7149 1167 1168 3862 13836 7251 14624 
7150 1935 2160 3680 12956 14660 14661 
7151 2067 2242 3618 13888 13232 14504 
7152 3728 2512 3848 13780 14322 14662 
7153 3366 2165 3928 6637 14663 13907 
7154 3481 2331 3861 14638 5306 8395 
7155 2790 2792 2795 14294 14664 14665 
7156 2135 1949 2264 14666 8635 14667 
7157 3356 3355 3814 14462 14520 14036 
7158 2231 1898 3583 14208 14613 12502 
7159 2864 3055 3075 14559 13797 14668 
7160 1035 1033 3706 12957 14669 14670 
7161 1255 1153 3585 13791 14453 4947 
7162 3208 970 4035 8495 4604 14671 
7163 2939 2278 3403 13105 7572 14672 
7164 777 3284 3639 5983 12653 14673 
7165 1500 1450 3576 13894 14416 14614 
7166 1375 3235 3684 13564 14674 14675 
7167 2361 1784 4036 12300 14540 4878 
7168 1157 1155 3933 11232 14652 14676 
7169 3264 2286 3903 13484 5430 10960 
7170 1039 1037 3711 12994 14677 5228 
7171 1749 1748 3604 14203 14633 14394 
7172 1169 1159 3593 13815 14465 4236 
7173 1938 1933 3735 12979 14678 14679 
7174 822 821 1341 14680 12256 14681 
7175 3807 2220 3981 5592 14682 14683 
7176 1168 1165 3598 13835 14468 6081 
7177 2088 3103 3987 4932 12169 7164 
7178 1176 1173 3601 13845 14471 14684 
7179 2905 2904 3144 14168 14685 14360 
7180 3452 2049 3928 13094 14628 14686 
7181 2171 1938 3735 14097 14679 13296 
7182 901 3477 3714 14373 14448 5811 
7183 2165 3452 3928 13171 14686 14663 
7184 1087 2036 3624 13921 7110 14511 
7185 2130 3386 3954 14013 14687 4527 
7186 1416 1417 3883 13802 14597 14641 
7187 1251 3342 3773 14617 14688 7903 
7188 3075 2869 3877 14585 14689 14690 
7189 1563 3187 3867 13034 14224 14691 
7190 3386 3673 3954 12388 14391 14687 
7191 2795 2792 2801 14664 14692 14693 
7192 1316 1949 2135 14328 14666 14694 
7193 3455 2380 3899 14374 8709 14695 
7194 1899 1874 3614 14194 14648 14473 
7195 1259 1096 3630 14106 14592 14630 
7196 1641 1031 3661 14121 14489 14637 
7197 1942 2205 3636 13620 4973 14696 
7198 3495 3325 3719 14163 14595 14358 
7199 1452 1500 3621 13895 14697 14493 
7200 2870 2867 2871 14560 14698 13338 
7201 820 821 822 14501 14680 14699 
7202 1492 1454 3621 14000 14494 7133 
7203 2934 2933 2935 14201 5409 8239 
7204 3018 2103 3649 13115 14544 14556 
7205 737 3337 3768 14426 7454 14700 
7206 1313 1314 2220 14562 14701 13649 
7207 1284 1279 3624 13939 14512 14702 
7208 1934 1927 3670 14025 14527 7424 
7209 2125 3732 3770 11370 14041 14144 
7210 3248 2225 3693 13930 14703 14619 
7211 2035 3295 3873 6139 12159 5320 
7212 2363 2364 4008 6919 6911 14386 
7213 974 976 3727 13108 14704 14705 
7214 656 1544 3701 14099 13478 14554 
7215 1204 1201 3868 13594 14312 14552 
7216 918 3455 3899 14267 14695 14535 
7217 881 872 3546 13128 14706 13760 
7218 3546 1092 3547 14707 14708 6403 
7219 3095 1958 3640 14292 14709 14508 
7220 1163 3541 3598 14232 13573 14467 
7221 1943 1942 3636 14155 14696 14538 
7222 2821 2831 2922 13863 14588 14710 
7223 2916 2915 3437 14321 14711 5322 
7224 976 1328 3727 14134 6289 14704 
7225 3029 3019 4009 13356 14712 14713 
7226 2902 2899 3828 12636 14714 6061 
7227 2487 3423 3891 13118 11442 14715 
7228 1318 1058 3638 14020 14533 11655 
7229 3635 2248 3935 13591 13279 13489 
7230 1876 2064 3671 14211 14716 14487 
7231 1056 1073 3638 14002 8158 14532 
7232 3359 2398 4004 12780 13577 13812 
7233 3346 2250 4016 12748 14636 7216 
7234 1645 1648 3696 14074 13520 14549 
7235 1521 999 3707 14124 14657 12829 
7236 822 1341 1537 14681 14717 14718 
7237 2795 2801 3697 14693 14169 14640 
7238 2907 2906 2908 14256 13985 12333 
7239 2883 2884 2915 14236 14382 14320 
7240 1320 1069 3648 14051 14567 13655 
7241 3334 2311 3940 7990 14719 14720 
7242 681 695 3679 14071 4211 14546 
7243 809 715 3647 13710 14581 8852 
7244 2135 2264 2565 14667 13803 14406 
7245 2229 1935 3680 13644 14661 12849 
7246 1815 1025 3695 14111 14545 6127 
7247 1897 2231 3968 14209 5346 14721 
7248 1041 1035 3706 14125 14670 13610 
7249 3442 2362 3812 14722 6431 14723 
7250 1066 1076 3648 14034 12229 14566 
7251 2500 3592 3838 12965 14724 13899 
7252 3283 1375 3684 13510 14675 6282 
7253 2362 3442 3945 14722 14234 4462 
7254 2096 2112 3756 13819 14725 14726 
7255 2126 3522 3763 11626 14150 14727 
7256 3557 3029 4009 12248 14713 14728 
7257 3110 3111 3926 13699 14417 14729 
7258 2901 2903 2904 14400 14459 14167 
7259 1456 1492 3668 14001 14730 14574 
7260 1963 3810 3811 11133 13828 13306 
7261 637 3422 3977 6267 13505 14731 
7262 3184 2007 3778 12789 5712 14618 
7263 3451 2379 3929 13134 12747 14279 
7264 1951 3314 3958 13326 11710 14732 
7265 3506 1077 3764 5802 14432 14240 
7266 3388 2651 3989 11708 13674 14420 
7267 3206 1563 3867 13987 14691 7345 
7268 2922 2923 3748 14589 7370 14476 
7269 790 3628 3818 13578 13452 14174 
7270 3446 2601 3943 11916 14447 14132 
7271 1140 3527 3962 13284 14733 14734 
7272 2609 3045 3965 13678 14534 14735 
7273 1094 1322 3630 14127 6588 14591 
7274 3789 3110 3926 14736 14729 8690 
7275 2180 3289 3817 11904 8365 11137 
7276 1900 3348 3983 13680 14737 14738 
7277 2865 2870 3715 14561 14189 14147 
7278 2872 2876 3902 13540 14580 14455 
7279 2055 2290 3766 14044 12542 14739 
7280 3573 2091 3813 6399 14425 14740 
7281 2225 3499 3693 13926 12739 14703 
7282 1341 2055 3766 13425 14739 14741 
7283 1448 3569 3576 14378 4900 14415 
7284 3499 2388 3942 13925 14639 14742 
7285 1693 1897 3767 14198 14743 14643 
7286 3798 877 4031 8569 7718 14744 
7287 2064 2328 3880 14214 7593 14745 
7288 2698 2039 3937 11844 11544 6077 
7289 1062 1060 3960 12337 14746 12712 
7290 3423 2050 3782 13117 14747 14748 
7291 1060 1318 3960 14021 5647 14746 
7292 3207 3206 3907 13533 14153 14072 
7293 2939 3403 3866 14672 14480 12181 
7294 1933 1934 3735 14026 13461 14678 
7295 2864 3075 3877 14668 14690 14509 
7296 683 685 3948 12875 14526 14749 
7297 1222 3504 3931 6334 13961 13437 
7298 997 1089 3707 14094 8516 14656 
7299 2292 3159 3769 14401 14225 7590 
7300 2817 2821 3872 13070 14750 14751 
7301 3674 2166 3836 14370 5450 14752 
7302 772 3671 3880 11435 14753 7950 
7303 872 1092 3546 13571 14707 14706 
7304 1027 1815 3700 14112 6660 14658 
7305 1958 2122 3640 14030 14582 14709 
7306 1033 1641 3706 14122 13170 14669 
7307 1117 1109 3793 13554 14754 14755 
7308 1037 1041 3711 14126 14756 14677 
7309 672 676 3797 13553 14571 14757 
7310 1342 3358 4018 13212 14758 7325 
7311 2323 1679 3786 13974 14759 14760 
7312 3855 3088 3883 14354 11786 14596 
7313 991 2569 3718 14066 14239 14761 
7314 3542 991 3718 13876 14761 14329 
7315 2100 3281 3871 13866 10904 14762 
7316 1198 1947 3963 13862 8255 14763 
7317 2615 2096 3756 14128 14726 4506 
7318 2098 2622 3972 14054 12822 14764 
7319 2138 3589 4046 13585 14765 12791 
7320 3572 3573 3813 14537 14740 14766 
7321 3055 3054 3715 14558 13971 14188 
7322 3428 2609 3965 13981 14735 12773 
7323 1080 974 3727 14129 14705 5865 
7324 3364 2536 3892 14767 7989 14344 
7325 662 664 4002 8878 7493 14451 
7326 2179 2181 3757 13631 14564 14768 
7327 3470 1284 3728 14140 14769 14770 
7328 2323 3786 3841 14760 12844 5823 
7329 3779 2153 3796 13513 14603 14771 
7330 2801 3652 3775 14772 11135 14170 
7331 695 683 3948 14070 14749 14773 
7332 2081 3296 3633 14774 14184 7335 
7333 3364 1016 3921 7694 13064 14775 
7334 3317 3373 3843 13078 14776 14398 
7335 2816 2817 3872 12079 14751 12922 
7336 2068 3512 3967 14046 11637 14777 
7337 2085 2171 3896 14098 4715 14609 
7338 1679 1734 3786 13942 14314 14759 
7339 3680 2160 3860 14660 14778 8055 
7340 3429 2397 3958 9254 14779 11709 
7341 3599 2099 3972 13614 14780 14781 
7342 1030 3674 3836 8882 14752 7976 
7343 2090 3284 4043 13075 5985 11572 
7344 932 3110 3789 13529 14736 14782 
7345 2793 3820 3879 14325 11023 14521 
7346 1109 1259 3793 14107 13980 14754 
7347 674 672 3797 14101 14757 5194 
7348 1200 1198 3963 13896 14763 8418 
7349 2113 2100 3871 14117 14762 14783 
7350 2124 3154 3906 11794 11535 11556 
7351 904 3390 3693 5575 14620 12738 
7352 3376 1951 3958 14388 14732 14784 
7353 3584 1574 3955 7180 12456 13354 
7354 1046 3557 4009 13093 14728 13334 
7355 3380 1900 3983 13820 14738 7557 
7356 3859 2113 3871 14785 14783 14786 
7357 3601 1171 3862 14470 14625 14787 
7358 1921 1014 3813 13799 14788 14424 
7359 3345 2132 3967 13543 14789 14307 
7360 1130 1126 3809 13705 14790 14531 
7361 3590 3770 3896 14145 14610 14791 
7362 1500 3675 3891 14615 14792 14793 
7363 3793 3602 3912 13979 14280 14794 
7364 3826 2706 4006 6730 14038 14795 
7365 3569 1491 3716 14651 14796 4901 
7366 2099 2098 3972 13952 14764 14780 
7367 3527 2184 3962 4646 12514 14733 
7368 3661 1029 3700 14488 14659 4121 
7369 1491 3544 3716 14600 11313 14796 
7370 3604 1964 3744 14632 14052 7213 
7371 3593 1157 3933 14464 14676 14797 
7372 3626 2113 3859 14287 14785 14798 
7373 1733 3374 3857 14404 11296 8123 
7374 3976 3289 4057 7248 14486 14433 
7375 3571 638 3961 13441 11344 12892 
7376 3881 2191 3898 14799 13563 14405 
7377 2132 2068 3967 13613 14777 14789 
7378 954 3150 4011 8385 6476 4404 
7379 1014 3572 3813 14218 14766 14788 
7380 3553 634 4017 13400 14800 14366 
7381 3470 3728 3848 14770 14662 14499 
7382 2810 2936 3820 14606 11021 14160 
7383 2801 2792 3879 14692 14522 14801 
7384 3552 1460 3914 14607 4439 4899 
7385 3406 1012 3900 6742 14380 14393 
7386 3422 2151 4044 6266 13746 14338 
7387 2163 3515 4020 13768 13435 7652 
7388 653 3599 3972 7019 14781 12821 
7389 1043 3626 3859 8214 14798 5893 
7390 614 3988 3990 6814 13509 5052 
7391 1284 3624 3728 14702 7112 14769 
7392 941 3133 3689 13592 4136 14802 
7393 3373 823 3843 12677 14803 14776 
7394 984 3582 3970 11026 14151 13913 
7395 3231 2910 3986 14490 14222 14350 
7396 2243 3449 3798 14422 13849 14804 
7397 3843 823 3844 14803 14419 14229 
7398 3787 1565 3815 11156 7193 14805 
7399 3801 613 3990 14806 4851 14807 
7400 3726 2256 3992 7272 14143 14808 
7401 3591 3310 3895 13447 14635 12908 
7402 1222 3590 3896 5352 14791 4714 
7403 3358 3029 4018 13301 12250 14758 
7404 3782 2050 3783 14747 7583 14809 
7405 3383 1462 3780 14506 14810 14402 
7406 2051 3539 3782 14584 14586 14811 
7407 1462 3443 3780 14530 14812 14810 
7408 3235 1385 3840 13814 5915 14813 
7409 3621 1500 3891 14697 14793 7134 
7410 2260 3761 4068 13420 14814 13548 
7411 2814 2816 3966 14298 12966 14815 
7412 2803 2929 3753 13535 7637 14816 
7413 1053 3424 4066 7242 14817 5387 
7414 3865 2504 3953 14548 14062 14818 
7415 2265 3437 4025 14611 14819 14541 
7416 1601 3787 3815 14820 14805 14821 
7417 2112 3436 3884 12819 14199 14822 
7418 2051 3782 3783 14811 14809 7189 
7419 3132 941 3689 13688 14802 13395 
7420 1048 3859 3871 5894 14786 10903 
7421 2964 3317 3984 12745 13732 7674 
7422 3860 2160 3892 14778 14631 7988 
7423 3530 1140 3962 14392 14734 14823 
7424 3348 3376 4069 14389 14824 14825 
7425 2346 3869 3870 14137 13726 14185 
7426 3589 814 4046 14146 14616 14765 
7427 3351 3711 3827 7348 14826 14300 
7428 3296 2081 3941 14774 12800 14502 
7429 1126 3483 3809 14450 5954 14790 
7430 2126 3763 3893 14727 14827 6413 
7431 3455 932 3789 14469 14782 14375 
7432 3426 969 3846 6247 13606 14649 
7433 1458 3668 3814 14575 12986 14519 
7434 3907 2079 4054 14152 12974 14828 
7435 2926 3851 3973 7566 14829 13793 
7436 3851 2892 3973 13850 14254 14829 
7437 3486 2175 3975 12949 11210 14608 
7438 3479 1403 3940 14423 14830 14831 
7439 820 822 3844 14699 14832 14418 
7440 2192 3365 3812 13844 14833 4329 
7441 3614 2179 3757 14647 14768 13224 
7442 3547 1092 4071 14708 14834 11878 
7443 1770 3349 3978 14362 14835 7741 
7444 3376 1232 4069 4666 14475 14824 
7445 2493 3530 3962 14384 14823 12513 
7446 1470 3356 4040 14463 11763 14836 
7447 3088 2491 4023 14353 13547 14387 
7448 2536 3364 3921 14767 14775 11821 
7449 3342 3321 3773 13916 5400 14688 
7450 3485 1100 4063 14629 14837 11029 
7451 3450 2245 3959 6130 13519 14395 
7452 1256 1176 4051 14031 14838 14276 
7453 2871 2867 3902 14698 14456 14839 
7454 1602 3788 4059 14623 13132 4254 
7455 3748 1601 3749 14840 14841 14477 
7456 3365 3442 3812 14343 14723 14833 
7457 3641 1642 3890 14206 4809 13531 
7458 2805 2803 3753 13607 14816 4546 
7459 2935 3925 4059 12802 14842 13131 
7460 3650 1699 4029 13864 12815 14478 
7461 3333 3334 3940 14454 14720 14843 
7462 615 3801 3990 14492 14807 14642 
7463 2297 3767 3968 14577 14844 6684 
7464 3677 2206 4065 8790 11810 7120 
7465 2821 2922 3872 14710 14004 14750 
7466 1403 3333 3940 14340 14843 14830 
7467 2383 3726 3992 6337 14808 13624 
7468 2117 3779 3796 7067 14771 14285 
7469 2212 3930 4005 12683 14845 14171 
7470 3462 1223 4013 14250 5153 14846 
7471 1176 3601 4051 14684 14847 14838 
7472 822 1537 3845 14718 11130 14848 
7473 3670 1923 4030 14517 14604 11478 
7474 2790 2795 3918 14665 14496 14849 
7475 3209 3208 4035 13947 14671 14216 
7476 3327 3907 4054 14073 14828 14850 
7477 3653 966 4019 6887 6285 12588 
7478 3424 3097 4066 13672 13516 14817 
7479 1486 3526 3969 14621 5600 12362 
7480 1442 3532 3950 14627 12751 5248 
7481 1117 3793 3912 14755 14794 5961 
7482 1537 1341 3766 14717 14741 13936 
7483 3019 3649 4009 14557 11447 14712 
7484 3711 1041 3827 14756 14622 14826 
7485 945 3615 4019 4519 13396 6284 
7486 3339 1470 4040 14347 14836 12722 
7487 2135 3807 3981 14407 14683 14851 
7488 3615 942 4011 4518 5375 7972 
7489 2869 2838 3877 14654 14543 14689 
7490 3472 3473 4058 14570 14365 14852 
7491 2036 3609 3949 13964 13069 8299 
7492 3117 3865 3953 14284 14818 13216 
7493 3749 1601 3761 14841 14853 14102 
7494 2311 3479 3940 14315 14831 14719 
7495 3983 3348 4069 14737 14825 14854 
7496 634 3870 4017 11425 13833 14800 
7497 1092 3254 4071 14123 8656 14834 
7498 690 3253 3724 6198 14653 6121 
7499 1316 2135 3981 14694 14851 14855 
7500 3349 1613 3979 14355 8402 14856 
7501 3781 3047 4038 13958 14260 13762 
7502 3917 695 3948 12839 14773 14857 
7503 2397 3376 3958 4667 14784 14779 
7504 3844 822 3845 14832 14848 14650 
7505 737 3768 3838 14700 14858 14859 
7506 3684 3235 3840 14674 14813 14860 
7507 3392 2871 3902 8057 14839 14579 
7508 2004 3826 4006 14086 14795 11402 
7509 3592 737 3838 14349 14859 14724 
7510 2930 3142 4025 14258 14542 14861 
7511 3761 1601 4068 14853 14862 14814 
7512 2570 3343 4026 14503 12699 6161 
7513 3423 3782 4041 14748 14587 13764 
7514 777 3639 3791 14673 14193 13310 
7515 2917 3448 3897 8689 14572 12324 
7516 1095 3756 3884 4507 14863 8533 
7517 3889 1516 3999 13209 7458 14864 
7518 2324 3889 3999 13728 14864 14268 
7519 2788 2790 3918 13597 14849 14865 
7520 613 3801 3866 14806 12450 5701 
7521 2447 3946 4015 9022 14866 14272 
7522 3946 2215 4015 14226 6931 14866 
7523 3677 3462 4013 14568 14846 8736 
7524 2899 2901 3828 14472 13406 14714 
7525 3756 2112 3884 14725 14822 14863 
7526 3671 2064 3880 14716 14745 14753 
7527 1601 3748 3787 14840 12448 14820 
7528 3977 1774 4032 13761 11985 14867 
7529 3930 799 4005 14197 7606 14845 
7530 2144 3654 3922 14601 14397 14646 
7531 2915 2930 4025 14383 14861 14868 
7532 1172 3327 4054 4787 14850 6107 
7533 3763 2427 3998 14645 6114 14869 
7534 3668 1492 4041 14730 13765 13156 
7535 1100 3466 4063 13556 14870 14837 
7536 630 3964 4014 6368 14871 14443 
7537 2794 2788 3918 14295 14865 13190 
7538 2904 2925 4014 14460 14444 14872 
7539 3964 3144 4014 14598 14873 14871 
7540 3443 3472 4058 14634 14852 14874 
7541 3966 2261 4055 9327 12189 14875 
7542 4033 1980 4034 14242 7947 14876 
7543 3768 2288 3838 13976 13900 14858 
7544 1601 3815 4068 14821 14877 14862 
7545 2431 3767 3974 14644 14578 5202 
7546 3652 2801 3879 14772 14801 14316 
7547 2226 3499 3942 6003 14742 14385 
7548 2243 3798 4031 14804 14744 13160 
7549 3893 3763 3998 14827 14869 14626 
7550 3767 1897 3968 14743 14721 14844 
7551 3601 2498 4051 14878 8348 14847 
7552 1118 3931 4064 13438 14879 4592 
7553 1314 1316 3981 14317 14855 14880 
7554 2812 2814 4055 13838 14881 14882 
7555 3978 3349 3979 14835 14856 14883 
7556 2498 3601 3862 14878 14787 7250 
7557 3516 3917 3948 14539 14857 14525 
7558 3172 3593 3933 5163 14797 8553 
7559 3466 2188 4063 14299 7000 14870 
7560 876 3687 4028 12233 14884 5219 
7561 3780 3443 4058 14812 14874 12577 
7562 2814 3966 4055 14815 14875 14881 
7563 3687 878 4028 12633 9461 14884 
7564 3675 2487 3891 8062 14715 14792 
7565 3437 2915 4025 14711 14868 14819 
7566 2220 1314 3981 14701 14880 14682 
7567 2327 3684 3840 7574 14860 4389 
7568 2616 4033 4034 7045 14876 13222 
7569 3144 2904 4014 14685 14872 14873 
7570 2936 2812 4055 14605 14882 12188 
7571 3925 3168 4059 8194 4255 14842 
7572 637 3977 4032 14731 14867 5542 
7573 3291 3983 4069 7558 14854 14474 
7574 3931 2149 4064 13960 12443 14879 
7575 3192 3978 3979 6728 14883 13344 
7576 3815 807 4068 7629 13549 14877 
7577 1113 2149 3776 12442 4367 5436 
7578 1184 3193 3502 11688 11229 5820 
7579 1188 2191 3881 5762 14799 5237 
7580 1461 3382 3383 14413 14507 4222 
7581 1743 1671 3237 13496 7736 4114 
7582 2876 2874 2883 13539 14012 4777 
$EndElements
