$MeshFormat
4.1 0 8
$EndMeshFormat
$PhysicalNames
5
1 1 "inlet"
1 2 "outlet"
1 3 "walls"
1 4 "cylinder"
2 5 "fluid"
$EndPhysicalNames
$Entities
9 8 1 0
1 0 0 0 0 
2 2.2 0 0 0 
3 2.2 0.41 0 0 
4 0 0.41 0 0 
5 0.2 0.2 0 0 
6 0.25 0.2 0 0 
7 0.2 0.25 0 0 
8 0.15 0.2 0 0 
9 0.2 0.15 0 0 
1 0 0 0 2.2 0 0 1 3 2 1 -2 
2 2.2 0 0 2.2 0.41 0 1 2 2 2 -3 
3 0 0.41 0 2.2 0.41 0 1 3 2 3 -4 
4 0 0 0 0 0.41 0 1 1 2 4 -1 
5 0.2 0.2 0 0.25 0.25 0 1 4 2 6 -7 
6 0.15 0.2 0 0.2 0.25 0 1 4 2 7 -8 
7 0.15 0.15 0 0.2 0.2 0 1 4 2 8 -9 
8 0.2 0.15 0 0.25 0.2 0 1 4 2 9 -6 
1 0 0 0 2.2 0.41 0 1 5 8 1 2 3 4 -8 -7 -6 -5 
$EndEntities
$Nodes
17 10285 1 10285
0 1 0 1
1
0 0 0
0 2 0 1
2
2.2 0 0
0 3 0 1
3
2.2 0.41 0
0 4 0 1
4
0 0.41 0
0 6 0 1
5
0.25 0.2 0
0 7 0 1
6
0.2 0.25 0
0 8 0 1
7
0.15 0.2 0
0 9 0 1
8
0.2 0.15 0
1 1 0 117
9
10
11
12
13
14
15
16
17
18
19
20
21
22
23
24
25
26
27
28
29
30
31
32
33
34
35
36
37
38
39
40
41
42
43
44
45
46
47
48
49
50
51
52
53
54
55
56
57
58
59
60
61
62
63
64
65
66
67
68
69
70
71
72
73
74
75
76
77
78
79
80
81
82
83
84
85
86
87
88
89
90
91
92
93
94
95
96
97
98
99
100
101
102
103
104
105
106
107
108
109
110
111
112
113
114
115
116
117
118
119
120
121
122
123
124
125
0.02412186525671426 0 0
0.0468025498325451 0 0
0.06823256349446781 0 0
0.08859049801636332 0 0
0.1080449931607427 0 0
0.1267560368430761 0 0
0.1448764396296452 0 0
0.1625532823956816 0 0
0.1799292922520651 0 0
0.1971442295358075 0 0
0.2143362674459596 0 0
0.2316433247141788 0 0
0.2492044872413852 0 0
0.2671613434063633 0 0
0.2856593697251635 0 0
0.304849324307092 0 0
0.3248886439198495 0 0
0.3459429052997683 0 0
0.3681872644434066 0 0
0.3918080888578346 0 0
0.417004467772553 0 0
0.443989973847795 0 0
0.4729944890716446 0 0
0.5042661407707639 0 0
0.5380734161207436 0 0
0.5747074434155711 0 0
0.6144844734902365 0 0
0.6577485639441748 0 0
0.7048745405548172 0 0
0.7546645944751433 0 0
0.8045037463895801 0 0
0.8543428983039735 0 0
0.9041820502184109 0 0
0.9540212021328482 0 0
1.003860354047294 0 0
1.053699505961758 0 0
1.103538657876243 0 0
1.153377809790936 0 0
1.203216961705664 0 0
1.253056113620391 0 0
1.302895265535084 0 0
1.352734417449816 0 0
1.402573569364505 0 0
1.452412721279237 0 0
1.502251873193943 0 0
1.552091025108657 0 0
1.60193017702339 0 0
1.651769328938078 0 0
1.701608480852767 0 0
1.751447632767499 0 0
1.801286784682222 0 0
1.851125936596919 0 0
1.900965088511651 0 0
1.95080424042634 0 0
2.000643392341055 0 0
2.050482544255644 0 0
2.100321696170528 0 0
2.150160848085195 0 0
0.01206093262835706 0 0
0.03546220754462949 0 0
0.05751755666350666 0 0
0.07841153075541561 0 0
0.09831774558855275 0 0
0.1174005150019094 0 0
0.1358162382363581 0 0
0.1537148610126634 0 0
0.1712412873238731 0 0
0.1885367608939366 0 0
0.2057402484908839 0 0
0.2229897960800696 0 0
0.240423905977782 0 0
0.2581829153238736 0 0
0.2764103565657686 0 0
0.2952543470161278 0 0
0.3148689841134707 0 0
0.3354157746098089 0 0
0.3570650848715874 0 0
0.3799976766506206 0 0
0.4044062783151937 0 0
0.430497220810174 0 0
0.4584922314597198 0 0
0.4886303149212043 0 0
0.5211697784457537 0 0
0.5563904297681573 0 0
0.5945959584529037 0 0
0.6361165187172056 0 0
0.6813115522494959 0 0
0.7297695675149803 0 0
0.7795841704323617 0 0
0.8294233223467767 0 0
0.8792624742611921 0 0
0.9291016261756295 0 0
0.9789407780900746 0 0
1.028779930004534 0 0
1.078619081918992 0 0
1.12845823383359 0 0
1.178297385748298 0 0
1.228136537663044 0 0
1.277975689577738 0 0
1.32781484149245 0 0
1.377653993407163 0 0
1.427493145321871 0 0
1.477332297236572 0 0
1.5271714491513 0 0
1.577010601066033 0 0
1.626849752980702 0 0
1.676688904895439 0 0
1.726528056810142 0 0
1.776367208724841 0 0
1.826206360639575 0 0
1.876045512554285 0 0
1.925884664469007 0 0
1.975723816383707 0 0
2.025562968298333 0 0
2.075402120213121 0 0
2.125241272127846 0 0
2.175080424042606 0 0
1 2 0 17
126
127
128
129
130
131
132
133
134
135
136
137
138
139
140
141
142
2.2 0.04555555555547456 0
2.2 0.09111111111091008 0
2.2 0.1366666666663298 0
2.2 0.1822222222217697 0
2.2 0.2277777777773205 0
2.2 0.273333333332957 0
2.2 0.318888888888644 0
2.2 0.3644444444443057 0
2.2 0.02277777777773219 0
2.2 0.06833333333319977 0
2.2 0.1138888888886199 0
2.2 0.1594444444440539 0
2.2 0.2049999999994791 0
2.2 0.2505555555551359 0
2.2 0.2961111111108134 0
2.2 0.3416666666664778 0
2.2 0.3872222222221632 0
1 3 0 115
143
144
145
146
147
148
149
150
151
152
153
154
155
156
157
158
159
160
161
162
163
164
165
166
167
168
169
170
171
172
173
174
175
176
177
178
179
180
181
182
183
184
185
186
187
188
189
190
191
192
193
194
195
196
197
198
199
200
201
202
203
204
205
206
207
208
209
210
211
212
213
214
215
216
217
218
219
220
221
222
223
224
225
226
227
228
229
230
231
232
233
234
235
236
237
238
239
240
241
242
243
244
245
246
247
248
249
250
251
252
253
254
255
256
257
2.150141359796991 0.41 0
2.100282719593983 0.41 0
2.050424079391147 0.41 0
2.000565439188138 0.41 0
1.950706798985129 0.41 0
1.900848158782225 0.41 0
1.850989518579298 0.41 0
1.801130878376415 0.41 0
1.751272238173488 0.41 0
1.701413597970605 0.41 0
1.651554957767758 0.41 0
1.601696317564934 0.41 0
1.551837677362117 0.41 0
1.501979037159203 0.41 0
1.452120396956406 0.41 0
1.402261756753498 0.41 0
1.35240311655067 0.41 0
1.3025444763478 0.41 0
1.252685836144831 0.41 0
1.20282719594199 0.41 0
1.152968555739065 0.41 0
1.103109915536139 0.41 0
1.053251275333019 0.41 0
1.003392635129841 0.41 0
0.9535339949266837 0.41 0
0.9036753547235279 0.41 0
0.8538167145203497 0.41 0
0.8039580743172146 0.41 0
0.7540994341140366 0.41 0
0.7042552288155082 0.41 0
0.6568111404052592 0.41 0
0.6132248648333249 0.41 0
0.5731186695860147 0.41 0
0.5361455693932011 0.41 0
0.5019863704595144 0.41 0
0.4703469279022401 0.41 0
0.4409556626659838 0.41 0
0.413561236050944 0.41 0
0.3879304070267389 0.41 0
0.363846074003193 0.41 0
0.3411056733092774 0.41 0
0.3195178763046 0.41 0
0.2989041670104338 0.41 0
0.2790939427540151 0.41 0
0.2599246462749913 0.41 0
0.2412399229430908 0.41 0
0.2228881477689575 0.41 0
0.2047209647166535 0.41 0
0.1865918298269005 0.41 0
0.1683546009205119 0.41 0
0.1498620430608617 0.41 0
0.1309644156733438 0.41 0
0.1115080111049735 0.41 0
0.09133368770097183 0.41 0
0.07027538838833403 0.41 0
0.04815860030162433 0.41 0
0.02479884546845179 0.41 0
2.175070679898522 0.41 0
2.125212039695482 0.41 0
2.075353399492569 0.41 0
2.025494759289647 0.41 0
1.975636119086637 0.41 0
1.925777478883667 0.41 0
1.875918838680734 0.41 0
1.826060198477863 0.41 0
1.77620155827497 0.41 0
1.726342918072015 0.41 0
1.676484277869217 0.41 0
1.626625637666372 0.41 0
1.576766997463538 0.41 0
1.526908357260671 0.41 0
1.477049717057773 0.41 0
1.427191076854968 0.41 0
1.377332436652083 0.41 0
1.327473796449233 0.41 0
1.277615156246318 0.41 0
1.227756516043411 0.41 0
1.177897875840547 0.41 0
1.128039235637606 0.41 0
1.0781805954346 0.41 0
1.028321955231432 0.41 0
0.97846331502824 0.41 0
0.9286046748251151 0.41 0
0.8787460346219498 0.41 0
0.8288873944188151 0.41 0
0.7790287542156256 0.41 0
0.7291773314647829 0.41 0
0.6805331846103693 0.41 0
0.6350180026192804 0.41 0
0.5931717672096717 0.41 0
0.5546321194896027 0.41 0
0.5190659699263422 0.41 0
0.4861666491808867 0.41 0
0.4556512952841174 0.41 0
0.4272584493584588 0.41 0
0.4007458215388424 0.41 0
0.3758882405149793 0.41 0
0.352475873656233 0.41 0
0.330311774806944 0.41 0
0.3092110216575052 0.41 0
0.288999054882219 0.41 0
0.2695092945145032 0.41 0
0.2505822846090395 0.41 0
0.2320640353560239 0.41 0
0.2138045562428086 0.41 0
0.195656397271764 0.41 0
0.177473215373714 0.41 0
0.1591083219906735 0.41 0
0.1404132293671165 0.41 0
0.1212362133891656 0.41 0
0.1014208494029685 0.41 0
0.08080453804463961 0.41 0
0.05921699434497318 0.41 0
0.03647872288504583 0.41 0
0.01239942273422834 0.41 0
1 4 0 41
258
259
260
261
262
263
264
265
266
267
268
269
270
271
272
273
274
275
276
277
278
279
280
281
282
283
284
285
286
287
288
289
290
291
292
293
294
295
296
297
298
0 0.3855612619900158 0
0 0.3626061733790871 0
0 0.3409465160764746 0
0 0.3204057806040411 0
0 0.3008177196285103 0
0 0.282024886107239 0
0 0.2638772628715696 0
0 0.2462309241183823 0
0 0.2289467108725586 0
0 0.2118889376722631 0
0 0.194924090494272 0
0 0.1779195784155556 0
0 0.1607424036958595 0
0 0.1432579083754466 0
0 0.1253284851558285 0
0 0.1068122757511105 0
0 0.08756186733457488 0
0 0.06742295775260065 0
0 0.0462329628000438 0
0 0.02381980440552212 0
0 0.3977806309950004 0
0 0.3740837176845501 0
0 0.3517763447277693 0
0 0.3306761483402579 0
0 0.3106117501162713 0
0 0.2914213028678747 0
0 0.2729510744894033 0
0 0.2550540934949782 0
0 0.237588817495469 0
0 0.220417824272413 0
0 0.203406514083289 0
0 0.186421834454916 0
0 0.1693309910557069 0
0 0.1520001560356597 0
0 0.1342931967656427 0
0 0.1160703804534638 0
0 0.09718707154284273 0
0 0.07749241254358774 0
0 0.05682796027631948 0
0 0.0350263836027751 0
0 0.01190990220276245 0
1 5 0 27
299
300
301
302
303
304
305
306
307
308
309
310
311
312
313
314
315
316
317
318
319
320
321
322
323
324
325
0.2496856104926626 0.2055982238229121 0
0.2487463956010961 0.2111260467328445 0
0.2471941664995968 0.2165139531429739 0
0.2450484433618435 0.2216941870249793 0
0.2423362099254731 0.2266016038829667 0
0.2390915740631157 0.2311744901685328 0
0.2353553389791891 0.2353553391394657 0
0.2311744900305952 0.2390915741731172 0
0.2266016037658391 0.2423362099990693 0
0.2216941869215746 0.2450484434116406 0
0.2165139530762513 0.247194166522944 0
0.2111260466772312 0.2487463956137895 0
0.2055982238019705 0.2496856104950221 0
0.249921340750228 0.2028035223736624 0
0.2492935509210436 0.2083753111938889 0
0.2480458660840799 0.2138417756169741 0
0.2461939766015983 0.2191341716761135 0
0.2437611710603849 0.2241859444186853 0
0.240778043398229 0.2289335648790838 0
0.2372821081728639 0.2333173289773787 0
0.2333173288320872 0.2372821083027043 0
0.2289335647513993 0.240778043488826 0
0.2241859443077965 0.2437611711216709 0
0.219134171592436 0.2461939766362587 0
0.2138417755471865 0.2480458661041854 0
0.2083753111525634 0.2492935509280651 0
0.2028035223601984 0.2499213407509841 0
1 6 0 27
326
327
328
329
330
331
332
333
334
335
336
337
338
339
340
341
342
343
344
345
346
347
348
349
350
351
352
0.194401776177088 0.2496856104926626 0
0.1888739532671555 0.2487463956010961 0
0.1834860468570261 0.2471941664995968 0
0.1783058129750207 0.2450484433618435 0
0.1733983961170333 0.2423362099254731 0
0.1688255098314673 0.2390915740631157 0
0.1646446608605344 0.2353553389791891 0
0.1609084258268829 0.2311744900305952 0
0.1576637900009307 0.2266016037658391 0
0.1549515565883594 0.2216941869215746 0
0.152805833477056 0.2165139530762513 0
0.1512536043862105 0.2111260466772312 0
0.1503143895049779 0.2055982238019705 0
0.1971964776263377 0.249921340750228 0
0.1916246888061111 0.2492935509210436 0
0.186158224383026 0.2480458660840799 0
0.1808658283238865 0.2461939766015983 0
0.1758140555813147 0.2437611710603849 0
0.1710664351209162 0.240778043398229 0
0.1666826710226214 0.2372821081728639 0
0.1627178916972957 0.2333173288320872 0
0.159221956511174 0.2289335647513993 0
0.1562388288783291 0.2241859443077965 0
0.1538060233637413 0.219134171592436 0
0.1519541338958146 0.2138417755471865 0
0.1507064490719349 0.2083753111525634 0
0.1500786592490159 0.2028035223601984 0
1 7 0 27
353
354
355
356
357
358
359
360
361
362
363
364
365
366
367
368
369
370
371
372
373
374
375
376
377
378
379
0.1503143895068709 0.1944017761812283 0
0.1512536043939741 0.1888739532887545 0
0.152805833499593 0.1834860468593416 0
0.1549515566202262 0.1783058130122533 0
0.1576637900757368 0.1733983961151077 0
0.1609084259351563 0.1688255098336342 0
0.1646446610239802 0.164644660857365 0
0.1688255099822921 0.1609084258166055 0
0.1733983962392195 0.1576637899977522 0
0.1783058131309779 0.1549515565630515 0
0.1834860469556388 0.1528058334658972 0
0.1888739533490645 0.1512536043802087 0
0.1944017762069981 0.1503143895039674 0
0.1500786592492665 0.1971964776353391 0
0.1507064490776965 0.1916246888135265 0
0.1519541339108819 0.186158224400514 0
0.1538060233882984 0.180865828348278 0
0.1562388289330681 0.1758140555931607 0
0.1592219565999971 0.1710664351234162 0
0.1627178918230739 0.1666826710271669 0
0.1666826711887793 0.1627178916786483 0
0.1710664352680143 0.1592219564973993 0
0.1758140557226764 0.1562388288614873 0
0.1808658284472824 0.1538060233472894 0
0.1861582244794576 0.1519541338881386 0
0.191624688875466 0.1507064490671725 0
0.197196477648738 0.150078659248514 0
1 8 0 27
380
381
382
383
384
385
386
387
388
389
390
391
392
393
394
395
396
397
398
399
400
401
402
403
404
405
406
0.2055982238187718 0.1503143895068709 0
0.2111260467112455 0.1512536043939741 0
0.2165139531406584 0.152805833499593 0
0.2216941869877467 0.1549515566202262 0
0.2266016038848924 0.1576637900757368 0
0.2311744901663658 0.1609084259351563 0
0.235355339142635 0.1646446610239802 0
0.2390915741833945 0.1688255099822921 0
0.2423362100022478 0.1733983962392195 0
0.2450484434369485 0.1783058131309779 0
0.2471941665341029 0.1834860469556388 0
0.2487463956197913 0.1888739533490645 0
0.2496856104960327 0.1944017762069981 0
0.2028035223646609 0.1500786592492665 0
0.2083753111864735 0.1507064490776965 0
0.213841775599486 0.1519541339108819 0
0.219134171651722 0.1538060233882984 0
0.2241859444068394 0.1562388289330681 0
0.2289335648765838 0.1592219565999971 0
0.2333173289728331 0.1627178918230739 0
0.2372821083213517 0.1666826711887793 0
0.2407780435026007 0.1710664352680143 0
0.2437611711385127 0.1758140557226764 0
0.2461939766527106 0.1808658284472824 0
0.2480458661118615 0.1861582244794576 0
0.2492935509328275 0.191624688875466 0
0.249921340751486 0.197196477648738 0
2 1 0 9879
407
408
409
410
411
412
413
414
415
416
417
418
419
420
421
422
423
424
425
426
427
428
429
430
431
432
433
434
435
436
437
438
439
440
441
442
443
444
445
446
447
448
449
450
451
452
453
454
455
456
457
458
459
460
461
462
463
464
465
466
467
468
469
470
471
472
473
474
475
476
477
478
479
480
481
482
483
484
485
486
487
488
489
490
491
492
493
494
495
496
497
498
499
500
501
502
503
504
505
506
507
508
509
510
511
512
513
514
515
516
517
518
519
520
521
522
523
524
525
526
527
528
529
530
531
532
533
534
535
536
537
538
539
540
541
542
543
544
545
546
547
548
549
550
551
552
553
554
555
556
557
558
559
560
561
562
563
564
565
566
567
568
569
570
571
572
573
574
575
576
577
578
579
580
581
582
583
584
585
586
587
588
589
590
591
592
593
594
595
596
597
598
599
600
601
602
603
604
605
606
607
608
609
610
611
612
613
614
615
616
617
618
619
620
621
622
623
624
625
626
627
628
629
630
631
632
633
634
635
636
637
638
639
640
641
642
643
644
645
646
647
648
649
650
651
652
653
654
655
656
657
658
659
660
661
662
663
664
665
666
667
668
669
670
671
672
673
674
675
676
677
678
679
680
681
682
683
684
685
686
687
688
689
690
691
692
693
694
695
696
697
698
699
700
701
702
703
704
705
706
707
708
709
710
711
712
713
714
715
716
717
718
719
720
721
722
723
724
725
726
727
728
729
730
731
732
733
734
735
736
737
738
739
740
741
742
743
744
745
746
747
748
749
750
751
752
753
754
755
756
757
758
759
760
761
762
763
764
765
766
767
768
769
770
771
772
773
774
775
776
777
778
779
780
781
782
783
784
785
786
787
788
789
790
791
792
793
794
795
796
797
798
799
800
801
802
803
804
805
806
807
808
809
810
811
812
813
814
815
816
817
818
819
820
821
822
823
824
825
826
827
828
829
830
831
832
833
834
835
836
837
838
839
840
841
842
843
844
845
846
847
848
849
850
851
852
853
854
855
856
857
858
859
860
861
862
863
864
865
866
867
868
869
870
871
872
873
874
875
876
877
878
879
880
881
882
883
884
885
886
887
888
889
890
891
892
893
894
895
896
897
898
899
900
901
902
903
904
905
906
907
908
909
910
911
912
913
914
915
916
917
918
919
920
921
922
923
924
925
926
927
928
929
930
931
932
933
934
935
936
937
938
939
940
941
942
943
944
945
946
947
948
949
950
951
952
953
954
955
956
957
958
959
960
961
962
963
964
965
966
967
968
969
970
971
972
973
974
975
976
977
978
979
980
981
982
983
984
985
986
987
988
989
990
991
992
993
994
995
996
997
998
999
1000
1001
1002
1003
1004
1005
1006
1007
1008
1009
1010
1011
1012
1013
1014
1015
1016
1017
1018
1019
1020
1021
1022
1023
1024
1025
1026
1027
1028
1029
1030
1031
1032
1033
1034
1035
1036
1037
1038
1039
1040
1041
1042
1043
1044
1045
1046
1047
1048
1049
1050
1051
1052
1053
1054
1055
1056
1057
1058
1059
1060
1061
1062
1063
1064
1065
1066
1067
1068
1069
1070
1071
1072
1073
1074
1075
1076
1077
1078
1079
1080
1081
1082
1083
1084
1085
1086
1087
1088
1089
1090
1091
1092
1093
1094
1095
1096
1097
1098
1099
1100
1101
1102
1103
1104
1105
1106
1107
1108
1109
1110
1111
1112
1113
1114
1115
1116
1117
1118
1119
1120
1121
1122
1123
1124
1125
1126
1127
1128
1129
1130
1131
1132
1133
1134
1135
1136
1137
1138
1139
1140
1141
1142
1143
1144
1145
1146
1147
1148
1149
1150
1151
1152
1153
1154
1155
1156
1157
1158
1159
1160
1161
1162
1163
1164
1165
1166
1167
1168
1169
1170
1171
1172
1173
1174
1175
1176
1177
1178
1179
1180
1181
1182
1183
1184
1185
1186
1187
1188
1189
1190
1191
1192
1193
1194
1195
1196
1197
1198
1199
1200
1201
1202
1203
1204
1205
1206
1207
1208
1209
1210
1211
1212
1213
1214
1215
1216
1217
1218
1219
1220
1221
1222
1223
1224
1225
1226
1227
1228
1229
1230
1231
1232
1233
1234
1235
1236
1237
1238
1239
1240
1241
1242
1243
1244
1245
1246
1247
1248
1249
1250
1251
1252
1253
1254
1255
1256
1257
1258
1259
1260
1261
1262
1263
1264
1265
1266
1267
1268
1269
1270
1271
1272
1273
1274
1275
1276
1277
1278
1279
1280
1281
1282
1283
1284
1285
1286
1287
1288
1289
1290
1291
1292
1293
1294
1295
1296
1297
1298
1299
1300
1301
1302
1303
1304
1305
1306
1307
1308
1309
1310
1311
1312
1313
1314
1315
1316
1317
1318
1319
1320
1321
1322
1323
1324
1325
1326
1327
1328
1329
1330
1331
1332
1333
1334
1335
1336
1337
1338
1339
1340
1341
1342
1343
1344
1345
1346
1347
1348
1349
1350
1351
1352
1353
1354
1355
1356
1357
1358
1359
1360
1361
1362
1363
1364
1365
1366
1367
1368
1369
1370
1371
1372
1373
1374
1375
1376
1377
1378
1379
1380
1381
1382
1383
1384
1385
1386
1387
1388
1389
1390
1391
1392
1393
1394
1395
1396
1397
1398
1399
1400
1401
1402
1403
1404
1405
1406
1407
1408
1409
1410
1411
1412
1413
1414
1415
1416
1417
1418
1419
1420
1421
1422
1423
1424
1425
1426
1427
1428
1429
1430
1431
1432
1433
1434
1435
1436
1437
1438
1439
1440
1441
1442
1443
1444
1445
1446
1447
1448
1449
1450
1451
1452
1453
1454
1455
1456
1457
1458
1459
1460
1461
1462
1463
1464
1465
1466
1467
1468
1469
1470
1471
1472
1473
1474
1475
1476
1477
1478
1479
1480
1481
1482
1483
1484
1485
1486
1487
1488
1489
1490
1491
1492
1493
1494
1495
1496
1497
1498
1499
1500
1501
1502
1503
1504
1505
1506
1507
1508
1509
1510
1511
1512
1513
1514
1515
1516
1517
1518
1519
1520
1521
1522
1523
1524
1525
1526
1527
1528
1529
1530
1531
1532
1533
1534
1535
1536
1537
1538
1539
1540
1541
1542
1543
1544
1545
1546
1547
1548
1549
1550
1551
1552
1553
1554
1555
1556
1557
1558
1559
1560
1561
1562
1563
1564
1565
1566
1567
1568
1569
1570
1571
1572
1573
1574
1575
1576
1577
1578
1579
1580
1581
1582
1583
1584
1585
1586
1587
1588
1589
1590
1591
1592
1593
1594
1595
1596
1597
1598
1599
1600
1601
1602
1603
1604
1605
1606
1607
1608
1609
1610
1611
1612
1613
1614
1615
1616
1617
1618
1619
1620
1621
1622
1623
1624
1625
1626
1627
1628
1629
1630
1631
1632
1633
1634
1635
1636
1637
1638
1639
1640
1641
1642
1643
1644
1645
1646
1647
1648
1649
1650
1651
1652
1653
1654
1655
1656
1657
1658
1659
1660
1661
1662
1663
1664
1665
1666
1667
1668
1669
1670
1671
1672
1673
1674
1675
1676
1677
1678
1679
1680
1681
1682
1683
1684
1685
1686
1687
1688
1689
1690
1691
1692
1693
1694
1695
1696
1697
1698
1699
1700
1701
1702
1703
1704
1705
1706
1707
1708
1709
1710
1711
1712
1713
1714
1715
1716
1717
1718
1719
1720
1721
1722
1723
1724
1725
1726
1727
1728
1729
1730
1731
1732
1733
1734
1735
1736
1737
1738
1739
1740
1741
1742
1743
1744
1745
1746
1747
1748
1749
1750
1751
1752
1753
1754
1755
1756
1757
1758
1759
1760
1761
1762
1763
1764
1765
1766
1767
1768
1769
1770
1771
1772
1773
1774
1775
1776
1777
1778
1779
1780
1781
1782
1783
1784
1785
1786
1787
1788
1789
1790
1791
1792
1793
1794
1795
1796
1797
1798
1799
1800
1801
1802
1803
1804
1805
1806
1807
1808
1809
1810
1811
1812
1813
1814
1815
1816
1817
1818
1819
1820
1821
1822
1823
1824
1825
1826
1827
1828
1829
1830
1831
1832
1833
1834
1835
1836
1837
1838
1839
1840
1841
1842
1843
1844
1845
1846
1847
1848
1849
1850
1851
1852
1853
1854
1855
1856
1857
1858
1859
1860
1861
1862
1863
1864
1865
1866
1867
1868
1869
1870
1871
1872
1873
1874
1875
1876
1877
1878
1879
1880
1881
1882
1883
1884
1885
1886
1887
1888
1889
1890
1891
1892
1893
1894
1895
1896
1897
1898
1899
1900
1901
1902
1903
1904
1905
1906
1907
1908
1909
1910
1911
1912
1913
1914
1915
1916
1917
1918
1919
1920
1921
1922
1923
1924
1925
1926
1927
1928
1929
1930
1931
1932
1933
1934
1935
1936
1937
1938
1939
1940
1941
1942
1943
1944
1945
1946
1947
1948
1949
1950
1951
1952
1953
1954
1955
1956
1957
1958
1959
1960
1961
1962
1963
1964
1965
1966
1967
1968
1969
1970
1971
1972
1973
1974
1975
1976
1977
1978
1979
1980
1981
1982
1983
1984
1985
1986
1987
1988
1989
1990
1991
1992
1993
1994
1995
1996
1997
1998
1999
2000
2001
2002
2003
2004
2005
2006
2007
2008
2009
2010
2011
2012
2013
2014
2015
2016
2017
2018
2019
2020
2021
2022
2023
2024
2025
2026
2027
2028
2029
2030
2031
2032
2033
2034
2035
2036
2037
2038
2039
2040
2041
2042
2043
2044
2045
2046
2047
2048
2049
2050
2051
2052
2053
2054
2055
2056
2057
2058
2059
2060
2061
2062
2063
2064
2065
2066
2067
2068
2069
2070
2071
2072
2073
2074
2075
2076
2077
2078
2079
2080
2081
2082
2083
2084
2085
2086
2087
2088
2089
2090
2091
2092
2093
2094
2095
2096
2097
2098
2099
2100
2101
2102
2103
2104
2105
2106
2107
2108
2109
2110
2111
2112
2113
2114
2115
2116
2117
2118
2119
2120
2121
2122
2123
2124
2125
2126
2127
2128
2129
2130
2131
2132
2133
2134
2135
2136
2137
2138
2139
2140
2141
2142
2143
2144
2145
2146
2147
2148
2149
2150
2151
2152
2153
2154
2155
2156
2157
2158
2159
2160
2161
2162
2163
2164
2165
2166
2167
2168
2169
2170
2171
2172
2173
2174
2175
2176
2177
2178
2179
2180
2181
2182
2183
2184
2185
2186
2187
2188
2189
2190
2191
2192
2193
2194
2195
2196
2197
2198
2199
2200
2201
2202
2203
2204
2205
2206
2207
2208
2209
2210
2211
2212
2213
2214
2215
2216
2217
2218
2219
2220
2221
2222
2223
2224
2225
2226
2227
2228
2229
2230
2231
2232
2233
2234
2235
2236
2237
2238
2239
2240
2241
2242
2243
2244
2245
2246
2247
2248
2249
2250
2251
2252
2253
2254
2255
2256
2257
2258
2259
2260
2261
2262
2263
2264
2265
2266
2267
2268
2269
2270
2271
2272
2273
2274
2275
2276
2277
2278
2279
2280
2281
2282
2283
2284
2285
2286
2287
2288
2289
2290
2291
2292
2293
2294
2295
2296
2297
2298
2299
2300
2301
2302
2303
2304
2305
2306
2307
2308
2309
2310
2311
2312
2313
2314
2315
2316
2317
2318
2319
2320
2321
2322
2323
2324
2325
2326
2327
2328
2329
2330
2331
2332
2333
2334
2335
2336
2337
2338
2339
2340
2341
2342
2343
2344
2345
2346
2347
2348
2349
2350
2351
2352
2353
2354
2355
2356
2357
2358
2359
2360
2361
2362
2363
2364
2365
2366
2367
2368
2369
2370
2371
2372
2373
2374
2375
2376
2377
2378
2379
2380
2381
2382
2383
2384
2385
2386
2387
2388
2389
2390
2391
2392
2393
2394
2395
2396
2397
2398
2399
2400
2401
2402
2403
2404
2405
2406
2407
2408
2409
2410
2411
2412
2413
2414
2415
2416
2417
2418
2419
2420
2421
2422
2423
2424
2425
2426
2427
2428
2429
2430
2431
2432
2433
2434
2435
2436
2437
2438
2439
2440
2441
2442
2443
2444
2445
2446
2447
2448
2449
2450
2451
2452
2453
2454
2455
2456
2457
2458
2459
2460
2461
2462
2463
2464
2465
2466
2467
2468
2469
2470
2471
2472
2473
2474
2475
2476
2477
2478
2479
2480
2481
2482
2483
2484
2485
2486
2487
2488
2489
2490
2491
2492
2493
2494
2495
2496
2497
2498
2499
2500
2501
2502
2503
2504
2505
2506
2507
2508
2509
2510
2511
2512
2513
2514
2515
2516
2517
2518
2519
2520
2521
2522
2523
2524
2525
2526
2527
2528
2529
2530
2531
2532
2533
2534
2535
2536
2537
2538
2539
2540
2541
2542
2543
2544
2545
2546
2547
2548
2549
2550
2551
2552
2553
2554
2555
2556
2557
2558
2559
2560
2561
2562
2563
2564
2565
2566
2567
2568
2569
2570
2571
2572
2573
2574
2575
2576
2577
2578
2579
2580
2581
2582
2583
2584
2585
2586
2587
2588
2589
2590
2591
2592
2593
2594
2595
2596
2597
2598
2599
2600
2601
2602
2603
2604
2605
2606
2607
2608
2609
2610
2611
2612
2613
2614
2615
2616
2617
2618
2619
2620
2621
2622
2623
2624
2625
2626
2627
2628
2629
2630
2631
2632
2633
2634
2635
2636
2637
2638
2639
2640
2641
2642
2643
2644
2645
2646
2647
2648
2649
2650
2651
2652
2653
2654
2655
2656
2657
2658
2659
2660
2661
2662
2663
2664
2665
2666
2667
2668
2669
2670
2671
2672
2673
2674
2675
2676
2677
2678
2679
2680
2681
2682
2683
2684
2685
2686
2687
2688
2689
2690
2691
2692
2693
2694
2695
2696
2697
2698
2699
2700
2701
2702
2703
2704
2705
2706
2707
2708
2709
2710
2711
2712
2713
2714
2715
2716
2717
2718
2719
2720
2721
2722
2723
2724
2725
2726
2727
2728
2729
2730
2731
2732
2733
2734
2735
2736
2737
2738
2739
2740
2741
2742
2743
2744
2745
2746
2747
2748
2749
2750
2751
2752
2753
2754
2755
2756
2757
2758
2759
2760
2761
2762
2763
2764
2765
2766
2767
2768
2769
2770
2771
2772
2773
2774
2775
2776
2777
2778
2779
2780
2781
2782
2783
2784
2785
2786
2787
2788
2789
2790
2791
2792
2793
2794
2795
2796
2797
2798
2799
2800
2801
2802
2803
2804
2805
2806
2807
2808
2809
2810
2811
2812
2813
2814
2815
2816
2817
2818
2819
2820
2821
2822
2823
2824
2825
2826
2827
2828
2829
2830
2831
2832
2833
2834
2835
2836
2837
2838
2839
2840
2841
2842
2843
2844
2845
2846
2847
2848
2849
2850
2851
2852
2853
2854
2855
2856
2857
2858
2859
2860
2861
2862
2863
2864
2865
2866
2867
2868
2869
2870
2871
2872
2873
2874
2875
2876
2877
2878
2879
2880
2881
2882
2883
2884
2885
2886
2887
2888
2889
2890
2891
2892
2893
2894
2895
2896
2897
2898
2899
2900
2901
2902
2903
2904
2905
2906
2907
2908
2909
2910
2911
2912
2913
2914
2915
2916
2917
2918
2919
2920
2921
2922
2923
2924
2925
2926
2927
2928
2929
2930
2931
2932
2933
2934
2935
2936
2937
2938
2939
2940
2941
2942
2943
2944
2945
2946
2947
2948
2949
2950
2951
2952
2953
2954
2955
2956
2957
2958
2959
2960
2961
2962
2963
2964
2965
2966
2967
2968
2969
2970
2971
2972
2973
2974
2975
2976
2977
2978
2979
2980
2981
2982
2983
2984
2985
2986
2987
2988
2989
2990
2991
2992
2993
2994
2995
2996
2997
2998
2999
3000
3001
3002
3003
3004
3005
3006
3007
3008
3009
3010
3011
3012
3013
3014
3015
3016
3017
3018
3019
3020
3021
3022
3023
3024
3025
3026
3027
3028
3029
3030
3031
3032
3033
3034
3035
3036
3037
3038
3039
3040
3041
3042
3043
3044
3045
3046
3047
3048
3049
3050
3051
3052
3053
3054
3055
3056
3057
3058
3059
3060
3061
3062
3063
3064
3065
3066
3067
3068
3069
3070
3071
3072
3073
3074
3075
3076
3077
3078
3079
3080
3081
3082
3083
3084
3085
3086
3087
3088
3089
3090
3091
3092
3093
3094
3095
3096
3097
3098
3099
3100
3101
3102
3103
3104
3105
3106
3107
3108
3109
3110
3111
3112
3113
3114
3115
3116
3117
3118
3119
3120
3121
3122
3123
3124
3125
3126
3127
3128
3129
3130
3131
3132
3133
3134
3135
3136
3137
3138
3139
3140
3141
3142
3143
3144
3145
3146
3147
3148
3149
3150
3151
3152
3153
3154
3155
3156
3157
3158
3159
3160
3161
3162
3163
3164
3165
3166
3167
3168
3169
3170
3171
3172
3173
3174
3175
3176
3177
3178
3179
3180
3181
3182
3183
3184
3185
3186
3187
3188
3189
3190
3191
3192
3193
3194
3195
3196
3197
3198
3199
3200
3201
3202
3203
3204
3205
3206
3207
3208
3209
3210
3211
3212
3213
3214
3215
3216
3217
3218
3219
3220
3221
3222
3223
3224
3225
3226
3227
3228
3229
3230
3231
3232
3233
3234
3235
3236
3237
3238
3239
3240
3241
3242
3243
3244
3245
3246
3247
3248
3249
3250
3251
3252
3253
3254
3255
3256
3257
3258
3259
3260
3261
3262
3263
3264
3265
3266
3267
3268
3269
3270
3271
3272
3273
3274
3275
3276
3277
3278
3279
3280
3281
3282
3283
3284
3285
3286
3287
3288
3289
3290
3291
3292
3293
3294
3295
3296
3297
3298
3299
3300
3301
3302
3303
3304
3305
3306
3307
3308
3309
3310
3311
3312
3313
3314
3315
3316
3317
3318
3319
3320
3321
3322
3323
3324
3325
3326
3327
3328
3329
3330
3331
3332
3333
3334
3335
3336
3337
3338
3339
3340
3341
3342
3343
3344
3345
3346
3347
3348
3349
3350
3351
3352
3353
3354
3355
3356
3357
3358
3359
3360
3361
3362
3363
3364
3365
3366
3367
3368
3369
3370
3371
3372
3373
3374
3375
3376
3377
3378
3379
3380
3381
3382
3383
3384
3385
3386
3387
3388
3389
3390
3391
3392
3393
3394
3395
3396
3397
3398
3399
3400
3401
3402
3403
3404
3405
3406
3407
3408
3409
3410
3411
3412
3413
3414
3415
3416
3417
3418
3419
3420
3421
3422
3423
3424
3425
3426
3427
3428
3429
3430
3431
3432
3433
3434
3435
3436
3437
3438
3439
3440
3441
3442
3443
3444
3445
3446
3447
3448
3449
3450
3451
3452
3453
3454
3455
3456
3457
3458
3459
3460
3461
3462
3463
3464
3465
3466
3467
3468
3469
3470
3471
3472
3473
3474
3475
3476
3477
3478
3479
3480
3481
3482
3483
3484
3485
3486
3487
3488
3489
3490
3491
3492
3493
3494
3495
3496
3497
3498
3499
3500
3501
3502
3503
3504
3505
3506
3507
3508
3509
3510
3511
3512
3513
3514
3515
3516
3517
3518
3519
3520
3521
3522
3523
3524
3525
3526
3527
3528
3529
3530
3531
3532
3533
3534
3535
3536
3537
3538
3539
3540
3541
3542
3543
3544
3545
3546
3547
3548
3549
3550
3551
3552
3553
3554
3555
3556
3557
3558
3559
3560
3561
3562
3563
3564
3565
3566
3567
3568
3569
3570
3571
3572
3573
3574
3575
3576
3577
3578
3579
3580
3581
3582
3583
3584
3585
3586
3587
3588
3589
3590
3591
3592
3593
3594
3595
3596
3597
3598
3599
3600
3601
3602
3603
3604
3605
3606
3607
3608
3609
3610
3611
3612
3613
3614
3615
3616
3617
3618
3619
3620
3621
3622
3623
3624
3625
3626
3627
3628
3629
3630
3631
3632
3633
3634
3635
3636
3637
3638
3639
3640
3641
3642
3643
3644
3645
3646
3647
3648
3649
3650
3651
3652
3653
3654
3655
3656
3657
3658
3659
3660
3661
3662
3663
3664
3665
3666
3667
3668
3669
3670
3671
3672
3673
3674
3675
3676
3677
3678
3679
3680
3681
3682
3683
3684
3685
3686
3687
3688
3689
3690
3691
3692
3693
3694
3695
3696
3697
3698
3699
3700
3701
3702
3703
3704
3705
3706
3707
3708
3709
3710
3711
3712
3713
3714
3715
3716
3717
3718
3719
3720
3721
3722
3723
3724
3725
3726
3727
3728
3729
3730
3731
3732
3733
3734
3735
3736
3737
3738
3739
3740
3741
3742
3743
3744
3745
3746
3747
3748
3749
3750
3751
3752
3753
3754
3755
3756
3757
3758
3759
3760
3761
3762
3763
3764
3765
3766
3767
3768
3769
3770
3771
3772
3773
3774
3775
3776
3777
3778
3779
3780
3781
3782
3783
3784
3785
3786
3787
3788
3789
3790
3791
3792
3793
3794
3795
3796
3797
3798
3799
3800
3801
3802
3803
3804
3805
3806
3807
3808
3809
3810
3811
3812
3813
3814
3815
3816
3817
3818
3819
3820
3821
3822
3823
3824
3825
3826
3827
3828
3829
3830
3831
3832
3833
3834
3835
3836
3837
3838
3839
3840
3841
3842
3843
3844
3845
3846
3847
3848
3849
3850
3851
3852
3853
3854
3855
3856
3857
3858
3859
3860
3861
3862
3863
3864
3865
3866
3867
3868
3869
3870
3871
3872
3873
3874
3875
3876
3877
3878
3879
3880
3881
3882
3883
3884
3885
3886
3887
3888
3889
3890
3891
3892
3893
3894
3895
3896
3897
3898
3899
3900
3901
3902
3903
3904
3905
3906
3907
3908
3909
3910
3911
3912
3913
3914
3915
3916
3917
3918
3919
3920
3921
3922
3923
3924
3925
3926
3927
3928
3929
3930
3931
3932
3933
3934
3935
3936
3937
3938
3939
3940
3941
3942
3943
3944
3945
3946
3947
3948
3949
3950
3951
3952
3953
3954
3955
3956
3957
3958
3959
3960
3961
3962
3963
3964
3965
3966
3967
3968
3969
3970
3971
3972
3973
3974
3975
3976
3977
3978
3979
3980
3981
3982
3983
3984
3985
3986
3987
3988
3989
3990
3991
3992
3993
3994
3995
3996
3997
3998
3999
4000
4001
4002
4003
4004
4005
4006
4007
4008
4009
4010
4011
4012
4013
4014
4015
4016
4017
4018
4019
4020
4021
4022
4023
4024
4025
4026
4027
4028
4029
4030
4031
4032
4033
4034
4035
4036
4037
4038
4039
4040
4041
4042
4043
4044
4045
4046
4047
4048
4049
4050
4051
4052
4053
4054
4055
4056
4057
4058
4059
4060
4061
4062
4063
4064
4065
4066
4067
4068
4069
4070
4071
4072
4073
4074
4075
4076
4077
4078
4079
4080
4081
4082
4083
4084
4085
4086
4087
4088
4089
4090
4091
4092
4093
4094
4095
4096
4097
4098
4099
4100
4101
4102
4103
4104
4105
4106
4107
4108
4109
4110
4111
4112
4113
4114
4115
4116
4117
4118
4119
4120
4121
4122
4123
4124
4125
4126
4127
4128
4129
4130
4131
4132
4133
4134
4135
4136
4137
4138
4139
4140
4141
4142
4143
4144
4145
4146
4147
4148
4149
4150
4151
4152
4153
4154
4155
4156
4157
4158
4159
4160
4161
4162
4163
4164
4165
4166
4167
4168
4169
4170
4171
4172
4173
4174
4175
4176
4177
4178
4179
4180
4181
4182
4183
4184
4185
4186
4187
4188
4189
4190
4191
4192
4193
4194
4195
4196
4197
4198
4199
4200
4201
4202
4203
4204
4205
4206
4207
4208
4209
4210
4211
4212
4213
4214
4215
4216
4217
4218
4219
4220
4221
4222
4223
4224
4225
4226
4227
4228
4229
4230
4231
4232
4233
4234
4235
4236
4237
4238
4239
4240
4241
4242
4243
4244
4245
4246
4247
4248
4249
4250
4251
4252
4253
4254
4255
4256
4257
4258
4259
4260
4261
4262
4263
4264
4265
4266
4267
4268
4269
4270
4271
4272
4273
4274
4275
4276
4277
4278
4279
4280
4281
4282
4283
4284
4285
4286
4287
4288
4289
4290
4291
4292
4293
4294
4295
4296
4297
4298
4299
4300
4301
4302
4303
4304
4305
4306
4307
4308
4309
4310
4311
4312
4313
4314
4315
4316
4317
4318
4319
4320
4321
4322
4323
4324
4325
4326
4327
4328
4329
4330
4331
4332
4333
4334
4335
4336
4337
4338
4339
4340
4341
4342
4343
4344
4345
4346
4347
4348
4349
4350
4351
4352
4353
4354
4355
4356
4357
4358
4359
4360
4361
4362
4363
4364
4365
4366
4367
4368
4369
4370
4371
4372
4373
4374
4375
4376
4377
4378
4379
4380
4381
4382
4383
4384
4385
4386
4387
4388
4389
4390
4391
4392
4393
4394
4395
4396
4397
4398
4399
4400
4401
4402
4403
4404
4405
4406
4407
4408
4409
4410
4411
4412
4413
4414
4415
4416
4417
4418
4419
4420
4421
4422
4423
4424
4425
4426
4427
4428
4429
4430
4431
4432
4433
4434
4435
4436
4437
4438
4439
4440
4441
4442
4443
4444
4445
4446
4447
4448
4449
4450
4451
4452
4453
4454
4455
4456
4457
4458
4459
4460
4461
4462
4463
4464
4465
4466
4467
4468
4469
4470
4471
4472
4473
4474
4475
4476
4477
4478
4479
4480
4481
4482
4483
4484
4485
4486
4487
4488
4489
4490
4491
4492
4493
4494
4495
4496
4497
4498
4499
4500
4501
4502
4503
4504
4505
4506
4507
4508
4509
4510
4511
4512
4513
4514
4515
4516
4517
4518
4519
4520
4521
4522
4523
4524
4525
4526
4527
4528
4529
4530
4531
4532
4533
4534
4535
4536
4537
4538
4539
4540
4541
4542
4543
4544
4545
4546
4547
4548
4549
4550
4551
4552
4553
4554
4555
4556
4557
4558
4559
4560
4561
4562
4563
4564
4565
4566
4567
4568
4569
4570
4571
4572
4573
4574
4575
4576
4577
4578
4579
4580
4581
4582
4583
4584
4585
4586
4587
4588
4589
4590
4591
4592
4593
4594
4595
4596
4597
4598
4599
4600
4601
4602
4603
4604
4605
4606
4607
4608
4609
4610
4611
4612
4613
4614
4615
4616
4617
4618
4619
4620
4621
4622
4623
4624
4625
4626
4627
4628
4629
4630
4631
4632
4633
4634
4635
4636
4637
4638
4639
4640
4641
4642
4643
4644
4645
4646
4647
4648
4649
4650
4651
4652
4653
4654
4655
4656
4657
4658
4659
4660
4661
4662
4663
4664
4665
4666
4667
4668
4669
4670
4671
4672
4673
4674
4675
4676
4677
4678
4679
4680
4681
4682
4683
4684
4685
4686
4687
4688
4689
4690
4691
4692
4693
4694
4695
4696
4697
4698
4699
4700
4701
4702
4703
4704
4705
4706
4707
4708
4709
4710
4711
4712
4713
4714
4715
4716
4717
4718
4719
4720
4721
4722
4723
4724
4725
4726
4727
4728
4729
4730
4731
4732
4733
4734
4735
4736
4737
4738
4739
4740
4741
4742
4743
4744
4745
4746
4747
4748
4749
4750
4751
4752
4753
4754
4755
4756
4757
4758
4759
4760
4761
4762
4763
4764
4765
4766
4767
4768
4769
4770
4771
4772
4773
4774
4775
4776
4777
4778
4779
4780
4781
4782
4783
4784
4785
4786
4787
4788
4789
4790
4791
4792
4793
4794
4795
4796
4797
4798
4799
4800
4801
4802
4803
4804
4805
4806
4807
4808
4809
4810
4811
4812
4813
4814
4815
4816
4817
4818
4819
4820
4821
4822
4823
4824
4825
4826
4827
4828
4829
4830
4831
4832
4833
4834
4835
4836
4837
4838
4839
4840
4841
4842
4843
4844
4845
4846
4847
4848
4849
4850
4851
4852
4853
4854
4855
4856
4857
4858
4859
4860
4861
4862
4863
4864
4865
4866
4867
4868
4869
4870
4871
4872
4873
4874
4875
4876
4877
4878
4879
4880
4881
4882
4883
4884
4885
4886
4887
4888
4889
4890
4891
4892
4893
4894
4895
4896
4897
4898
4899
4900
4901
4902
4903
4904
4905
4906
4907
4908
4909
4910
4911
4912
4913
4914
4915
4916
4917
4918
4919
4920
4921
4922
4923
4924
4925
4926
4927
4928
4929
4930
4931
4932
4933
4934
4935
4936
4937
4938
4939
4940
4941
4942
4943
4944
4945
4946
4947
4948
4949
4950
4951
4952
4953
4954
4955
4956
4957
4958
4959
4960
4961
4962
4963
4964
4965
4966
4967
4968
4969
4970
4971
4972
4973
4974
4975
4976
4977
4978
4979
4980
4981
4982
4983
4984
4985
4986
4987
4988
4989
4990
4991
4992
4993
4994
4995
4996
4997
4998
4999
5000
5001
5002
5003
5004
5005
5006
5007
5008
5009
5010
5011
5012
5013
5014
5015
5016
5017
5018
5019
5020
5021
5022
5023
5024
5025
5026
5027
5028
5029
5030
5031
5032
5033
5034
5035
5036
5037
5038
5039
5040
5041
5042
5043
5044
5045
5046
5047
5048
5049
5050
5051
5052
5053
5054
5055
5056
5057
5058
5059
5060
5061
5062
5063
5064
5065
5066
5067
5068
5069
5070
5071
5072
5073
5074
5075
5076
5077
5078
5079
5080
5081
5082
5083
5084
5085
5086
5087
5088
5089
5090
5091
5092
5093
5094
5095
5096
5097
5098
5099
5100
5101
5102
5103
5104
5105
5106
5107
5108
5109
5110
5111
5112
5113
5114
5115
5116
5117
5118
5119
5120
5121
5122
5123
5124
5125
5126
5127
5128
5129
5130
5131
5132
5133
5134
5135
5136
5137
5138
5139
5140
5141
5142
5143
5144
5145
5146
5147
5148
5149
5150
5151
5152
5153
5154
5155
5156
5157
5158
5159
5160
5161
5162
5163
5164
5165
5166
5167
5168
5169
5170
5171
5172
5173
5174
5175
5176
5177
5178
5179
5180
5181
5182
5183
5184
5185
5186
5187
5188
5189
5190
5191
5192
5193
5194
5195
5196
5197
5198
5199
5200
5201
5202
5203
5204
5205
5206
5207
5208
5209
5210
5211
5212
5213
5214
5215
5216
5217
5218
5219
5220
5221
5222
5223
5224
5225
5226
5227
5228
5229
5230
5231
5232
5233
5234
5235
5236
5237
5238
5239
5240
5241
5242
5243
5244
5245
5246
5247
5248
5249
5250
5251
5252
5253
5254
5255
5256
5257
5258
5259
5260
5261
5262
5263
5264
5265
5266
5267
5268
5269
5270
5271
5272
5273
5274
5275
5276
5277
5278
5279
5280
5281
5282
5283
5284
5285
5286
5287
5288
5289
5290
5291
5292
5293
5294
5295
5296
5297
5298
5299
5300
5301
5302
5303
5304
5305
5306
5307
5308
5309
5310
5311
5312
5313
5314
5315
5316
5317
5318
5319
5320
5321
5322
5323
5324
5325
5326
5327
5328
5329
5330
5331
5332
5333
5334
5335
5336
5337
5338
5339
5340
5341
5342
5343
5344
5345
5346
5347
5348
5349
5350
5351
5352
5353
5354
5355
5356
5357
5358
5359
5360
5361
5362
5363
5364
5365
5366
5367
5368
5369
5370
5371
5372
5373
5374
5375
5376
5377
5378
5379
5380
5381
5382
5383
5384
5385
5386
5387
5388
5389
5390
5391
5392
5393
5394
5395
5396
5397
5398
5399
5400
5401
5402
5403
5404
5405
5406
5407
5408
5409
5410
5411
5412
5413
5414
5415
5416
5417
5418
5419
5420
5421
5422
5423
5424
5425
5426
5427
5428
5429
5430
5431
5432
5433
5434
5435
5436
5437
5438
5439
5440
5441
5442
5443
5444
5445
5446
5447
5448
5449
5450
5451
5452
5453
5454
5455
5456
5457
5458
5459
5460
5461
5462
5463
5464
5465
5466
5467
5468
5469
5470
5471
5472
5473
5474
5475
5476
5477
5478
5479
5480
5481
5482
5483
5484
5485
5486
5487
5488
5489
5490
5491
5492
5493
5494
5495
5496
5497
5498
5499
5500
5501
5502
5503
5504
5505
5506
5507
5508
5509
5510
5511
5512
5513
5514
5515
5516
5517
5518
5519
5520
5521
5522
5523
5524
5525
5526
5527
5528
5529
5530
5531
5532
5533
5534
5535
5536
5537
5538
5539
5540
5541
5542
5543
5544
5545
5546
5547
5548
5549
5550
5551
5552
5553
5554
5555
5556
5557
5558
5559
5560
5561
5562
5563
5564
5565
5566
5567
5568
5569
5570
5571
5572
5573
5574
5575
5576
5577
5578
5579
5580
5581
5582
5583
5584
5585
5586
5587
5588
5589
5590
5591
5592
5593
5594
5595
5596
5597
5598
5599
5600
5601
5602
5603
5604
5605
5606
5607
5608
5609
5610
5611
5612
5613
5614
5615
5616
5617
5618
5619
5620
5621
5622
5623
5624
5625
5626
5627
5628
5629
5630
5631
5632
5633
5634
5635
5636
5637
5638
5639
5640
5641
5642
5643
5644
5645
5646
5647
5648
5649
5650
5651
5652
5653
5654
5655
5656
5657
5658
5659
5660
5661
5662
5663
5664
5665
5666
5667
5668
5669
5670
5671
5672
5673
5674
5675
5676
5677
5678
5679
5680
5681
5682
5683
5684
5685
5686
5687
5688
5689
5690
5691
5692
5693
5694
5695
5696
5697
5698
5699
5700
5701
5702
5703
5704
5705
5706
5707
5708
5709
5710
5711
5712
5713
5714
5715
5716
5717
5718
5719
5720
5721
5722
5723
5724
5725
5726
5727
5728
5729
5730
5731
5732
5733
5734
5735
5736
5737
5738
5739
5740
5741
5742
5743
5744
5745
5746
5747
5748
5749
5750
5751
5752
5753
5754
5755
5756
5757
5758
5759
5760
5761
5762
5763
5764
5765
5766
5767
5768
5769
5770
5771
5772
5773
5774
5775
5776
5777
5778
5779
5780
5781
5782
5783
5784
5785
5786
5787
5788
5789
5790
5791
5792
5793
5794
5795
5796
5797
5798
5799
5800
5801
5802
5803
5804
5805
5806
5807
5808
5809
5810
5811
5812
5813
5814
5815
5816
5817
5818
5819
5820
5821
5822
5823
5824
5825
5826
5827
5828
5829
5830
5831
5832
5833
5834
5835
5836
5837
5838
5839
5840
5841
5842
5843
5844
5845
5846
5847
5848
5849
5850
5851
5852
5853
5854
5855
5856
5857
5858
5859
5860
5861
5862
5863
5864
5865
5866
5867
5868
5869
5870
5871
5872
5873
5874
5875
5876
5877
5878
5879
5880
5881
5882
5883
5884
5885
5886
5887
5888
5889
5890
5891
5892
5893
5894
5895
5896
5897
5898
5899
5900
5901
5902
5903
5904
5905
5906
5907
5908
5909
5910
5911
5912
5913
5914
5915
5916
5917
5918
5919
5920
5921
5922
5923
5924
5925
5926
5927
5928
5929
5930
5931
5932
5933
5934
5935
5936
5937
5938
5939
5940
5941
5942
5943
5944
5945
5946
5947
5948
5949
5950
5951
5952
5953
5954
5955
5956
5957
5958
5959
5960
5961
5962
5963
5964
5965
5966
5967
5968
5969
5970
5971
5972
5973
5974
5975
5976
5977
5978
5979
5980
5981
5982
5983
5984
5985
5986
5987
5988
5989
5990
5991
5992
5993
5994
5995
5996
5997
5998
5999
6000
6001
6002
6003
6004
6005
6006
6007
6008
6009
6010
6011
6012
6013
6014
6015
6016
6017
6018
6019
6020
6021
6022
6023
6024
6025
6026
6027
6028
6029
6030
6031
6032
6033
6034
6035
6036
6037
6038
6039
6040
6041
6042
6043
6044
6045
6046
6047
6048
6049
6050
6051
6052
6053
6054
6055
6056
6057
6058
6059
6060
6061
6062
6063
6064
6065
6066
6067
6068
6069
6070
6071
6072
6073
6074
6075
6076
6077
6078
6079
6080
6081
6082
6083
6084
6085
6086
6087
6088
6089
6090
6091
6092
6093
6094
6095
6096
6097
6098
6099
6100
6101
6102
6103
6104
6105
6106
6107
6108
6109
6110
6111
6112
6113
6114
6115
6116
6117
6118
6119
6120
6121
6122
6123
6124
6125
6126
6127
6128
6129
6130
6131
6132
6133
6134
6135
6136
6137
6138
6139
6140
6141
6142
6143
6144
6145
6146
6147
6148
6149
6150
6151
6152
6153
6154
6155
6156
6157
6158
6159
6160
6161
6162
6163
6164
6165
6166
6167
6168
6169
6170
6171
6172
6173
6174
6175
6176
6177
6178
6179
6180
6181
6182
6183
6184
6185
6186
6187
6188
6189
6190
6191
6192
6193
6194
6195
6196
6197
6198
6199
6200
6201
6202
6203
6204
6205
6206
6207
6208
6209
6210
6211
6212
6213
6214
6215
6216
6217
6218
6219
6220
6221
6222
6223
6224
6225
6226
6227
6228
6229
6230
6231
6232
6233
6234
6235
6236
6237
6238
6239
6240
6241
6242
6243
6244
6245
6246
6247
6248
6249
6250
6251
6252
6253
6254
6255
6256
6257
6258
6259
6260
6261
6262
6263
6264
6265
6266
6267
6268
6269
6270
6271
6272
6273
6274
6275
6276
6277
6278
6279
6280
6281
6282
6283
6284
6285
6286
6287
6288
6289
6290
6291
6292
6293
6294
6295
6296
6297
6298
6299
6300
6301
6302
6303
6304
6305
6306
6307
6308
6309
6310
6311
6312
6313
6314
6315
6316
6317
6318
6319
6320
6321
6322
6323
6324
6325
6326
6327
6328
6329
6330
6331
6332
6333
6334
6335
6336
6337
6338
6339
6340
6341
6342
6343
6344
6345
6346
6347
6348
6349
6350
6351
6352
6353
6354
6355
6356
6357
6358
6359
6360
6361
6362
6363
6364
6365
6366
6367
6368
6369
6370
6371
6372
6373
6374
6375
6376
6377
6378
6379
6380
6381
6382
6383
6384
6385
6386
6387
6388
6389
6390
6391
6392
6393
6394
6395
6396
6397
6398
6399
6400
6401
6402
6403
6404
6405
6406
6407
6408
6409
6410
6411
6412
6413
6414
6415
6416
6417
6418
6419
6420
6421
6422
6423
6424
6425
6426
6427
6428
6429
6430
6431
6432
6433
6434
6435
6436
6437
6438
6439
6440
6441
6442
6443
6444
6445
6446
6447
6448
6449
6450
6451
6452
6453
6454
6455
6456
6457
6458
6459
6460
6461
6462
6463
6464
6465
6466
6467
6468
6469
6470
6471
6472
6473
6474
6475
6476
6477
6478
6479
6480
6481
6482
6483
6484
6485
6486
6487
6488
6489
6490
6491
6492
6493
6494
6495
6496
6497
6498
6499
6500
6501
6502
6503
6504
6505
6506
6507
6508
6509
6510
6511
6512
6513
6514
6515
6516
6517
6518
6519
6520
6521
6522
6523
6524
6525
6526
6527
6528
6529
6530
6531
6532
6533
6534
6535
6536
6537
6538
6539
6540
6541
6542
6543
6544
6545
6546
6547
6548
6549
6550
6551
6552
6553
6554
6555
6556
6557
6558
6559
6560
6561
6562
6563
6564
6565
6566
6567
6568
6569
6570
6571
6572
6573
6574
6575
6576
6577
6578
6579
6580
6581
6582
6583
6584
6585
6586
6587
6588
6589
6590
6591
6592
6593
6594
6595
6596
6597
6598
6599
6600
6601
6602
6603
6604
6605
6606
6607
6608
6609
6610
6611
6612
6613
6614
6615
6616
6617
6618
6619
6620
6621
6622
6623
6624
6625
6626
6627
6628
6629
6630
6631
6632
6633
6634
6635
6636
6637
6638
6639
6640
6641
6642
6643
6644
6645
6646
6647
6648
6649
6650
6651
6652
6653
6654
6655
6656
6657
6658
6659
6660
6661
6662
6663
6664
6665
6666
6667
6668
6669
6670
6671
6672
6673
6674
6675
6676
6677
6678
6679
6680
6681
6682
6683
6684
6685
6686
6687
6688
6689
6690
6691
6692
6693
6694
6695
6696
6697
6698
6699
6700
6701
6702
6703
6704
6705
6706
6707
6708
6709
6710
6711
6712
6713
6714
6715
6716
6717
6718
6719
6720
6721
6722
6723
6724
6725
6726
6727
6728
6729
6730
6731
6732
6733
6734
6735
6736
6737
6738
6739
6740
6741
6742
6743
6744
6745
6746
6747
6748
6749
6750
6751
6752
6753
6754
6755
6756
6757
6758
6759
6760
6761
6762
6763
6764
6765
6766
6767
6768
6769
6770
6771
6772
6773
6774
6775
6776
6777
6778
6779
6780
6781
6782
6783
6784
6785
6786
6787
6788
6789
6790
6791
6792
6793
6794
6795
6796
6797
6798
6799
6800
6801
6802
6803
6804
6805
6806
6807
6808
6809
6810
6811
6812
6813
6814
6815
6816
6817
6818
6819
6820
6821
6822
6823
6824
6825
6826
6827
6828
6829
6830
6831
6832
6833
6834
6835
6836
6837
6838
6839
6840
6841
6842
6843
6844
6845
6846
6847
6848
6849
6850
6851
6852
6853
6854
6855
6856
6857
6858
6859
6860
6861
6862
6863
6864
6865
6866
6867
6868
6869
6870
6871
6872
6873
6874
6875
6876
6877
6878
6879
6880
6881
6882
6883
6884
6885
6886
6887
6888
6889
6890
6891
6892
6893
6894
6895
6896
6897
6898
6899
6900
6901
6902
6903
6904
6905
6906
6907
6908
6909
6910
6911
6912
6913
6914
6915
6916
6917
6918
6919
6920
6921
6922
6923
6924
6925
6926
6927
6928
6929
6930
6931
6932
6933
6934
6935
6936
6937
6938
6939
6940
6941
6942
6943
6944
6945
6946
6947
6948
6949
6950
6951
6952
6953
6954
6955
6956
6957
6958
6959
6960
6961
6962
6963
6964
6965
6966
6967
6968
6969
6970
6971
6972
6973
6974
6975
6976
6977
6978
6979
6980
6981
6982
6983
6984
6985
6986
6987
6988
6989
6990
6991
6992
6993
6994
6995
6996
6997
6998
6999
7000
7001
7002
7003
7004
7005
7006
7007
7008
7009
7010
7011
7012
7013
7014
7015
7016
7017
7018
7019
7020
7021
7022
7023
7024
7025
7026
7027
7028
7029
7030
7031
7032
7033
7034
7035
7036
7037
7038
7039
7040
7041
7042
7043
7044
7045
7046
7047
7048
7049
7050
7051
7052
7053
7054
7055
7056
7057
7058
7059
7060
7061
7062
7063
7064
7065
7066
7067
7068
7069
7070
7071
7072
7073
7074
7075
7076
7077
7078
7079
7080
7081
7082
7083
7084
7085
7086
7087
7088
7089
7090
7091
7092
7093
7094
7095
7096
7097
7098
7099
7100
7101
7102
7103
7104
7105
7106
7107
7108
7109
7110
7111
7112
7113
7114
7115
7116
7117
7118
7119
7120
7121
7122
7123
7124
7125
7126
7127
7128
7129
7130
7131
7132
7133
7134
7135
7136
7137
7138
7139
7140
7141
7142
7143
7144
7145
7146
7147
7148
7149
7150
7151
7152
7153
7154
7155
7156
7157
7158
7159
7160
7161
7162
7163
7164
7165
7166
7167
7168
7169
7170
7171
7172
7173
7174
7175
7176
7177
7178
7179
7180
7181
7182
7183
7184
7185
7186
7187
7188
7189
7190
7191
7192
7193
7194
7195
7196
7197
7198
7199
7200
7201
7202
7203
7204
7205
7206
7207
7208
7209
7210
7211
7212
7213
7214
7215
7216
7217
7218
7219
7220
7221
7222
7223
7224
7225
7226
7227
7228
7229
7230
7231
7232
7233
7234
7235
7236
7237
7238
7239
7240
7241
7242
7243
7244
7245
7246
7247
7248
7249
7250
7251
7252
7253
7254
7255
7256
7257
7258
7259
7260
7261
7262
7263
7264
7265
7266
7267
7268
7269
7270
7271
7272
7273
7274
7275
7276
7277
7278
7279
7280
7281
7282
7283
7284
7285
7286
7287
7288
7289
7290
7291
7292
7293
7294
7295
7296
7297
7298
7299
7300
7301
7302
7303
7304
7305
7306
7307
7308
7309
7310
7311
7312
7313
7314
7315
7316
7317
7318
7319
7320
7321
7322
7323
7324
7325
7326
7327
7328
7329
7330
7331
7332
7333
7334
7335
7336
7337
7338
7339
7340
7341
7342
7343
7344
7345
7346
7347
7348
7349
7350
7351
7352
7353
7354
7355
7356
7357
7358
7359
7360
7361
7362
7363
7364
7365
7366
7367
7368
7369
7370
7371
7372
7373
7374
7375
7376
7377
7378
7379
7380
7381
7382
7383
7384
7385
7386
7387
7388
7389
7390
7391
7392
7393
7394
7395
7396
7397
7398
7399
7400
7401
7402
7403
7404
7405
7406
7407
7408
7409
7410
7411
7412
7413
7414
7415
7416
7417
7418
7419
7420
7421
7422
7423
7424
7425
7426
7427
7428
7429
7430
7431
7432
7433
7434
7435
7436
7437
7438
7439
7440
7441
7442
7443
7444
7445
7446
7447
7448
7449
7450
7451
7452
7453
7454
7455
7456
7457
7458
7459
7460
7461
7462
7463
7464
7465
7466
7467
7468
7469
7470
7471
7472
7473
7474
7475
7476
7477
7478
7479
7480
7481
7482
7483
7484
7485
7486
7487
7488
7489
7490
7491
7492
7493
7494
7495
7496
7497
7498
7499
7500
7501
7502
7503
7504
7505
7506
7507
7508
7509
7510
7511
7512
7513
7514
7515
7516
7517
7518
7519
7520
7521
7522
7523
7524
7525
7526
7527
7528
7529
7530
7531
7532
7533
7534
7535
7536
7537
7538
7539
7540
7541
7542
7543
7544
7545
7546
7547
7548
7549
7550
7551
7552
7553
7554
7555
7556
7557
7558
7559
7560
7561
7562
7563
7564
7565
7566
7567
7568
7569
7570
7571
7572
7573
7574
7575
7576
7577
7578
7579
7580
7581
7582
7583
7584
7585
7586
7587
7588
7589
7590
7591
7592
7593
7594
7595
7596
7597
7598
7599
7600
7601
7602
7603
7604
7605
7606
7607
7608
7609
7610
7611
7612
7613
7614
7615
7616
7617
7618
7619
7620
7621
7622
7623
7624
7625
7626
7627
7628
7629
7630
7631
7632
7633
7634
7635
7636
7637
7638
7639
7640
7641
7642
7643
7644
7645
7646
7647
7648
7649
7650
7651
7652
7653
7654
7655
7656
7657
7658
7659
7660
7661
7662
7663
7664
7665
7666
7667
7668
7669
7670
7671
7672
7673
7674
7675
7676
7677
7678
7679
7680
7681
7682
7683
7684
7685
7686
7687
7688
7689
7690
7691
7692
7693
7694
7695
7696
7697
7698
7699
7700
7701
7702
7703
7704
7705
7706
7707
7708
7709
7710
7711
7712
7713
7714
7715
7716
7717
7718
7719
7720
7721
7722
7723
7724
7725
7726
7727
7728
7729
7730
7731
7732
7733
7734
7735
7736
7737
7738
7739
7740
7741
7742
7743
7744
7745
7746
7747
7748
7749
7750
7751
7752
7753
7754
7755
7756
7757
7758
7759
7760
7761
7762
7763
7764
7765
7766
7767
7768
7769
7770
7771
7772
7773
7774
7775
7776
7777
7778
7779
7780
7781
7782
7783
7784
7785
7786
7787
7788
7789
7790
7791
7792
7793
7794
7795
7796
7797
7798
7799
7800
7801
7802
7803
7804
7805
7806
7807
7808
7809
7810
7811
7812
7813
7814
7815
7816
7817
7818
7819
7820
7821
7822
7823
7824
7825
7826
7827
7828
7829
7830
7831
7832
7833
7834
7835
7836
7837
7838
7839
7840
7841
7842
7843
7844
7845
7846
7847
7848
7849
7850
7851
7852
7853
7854
7855
7856
7857
7858
7859
7860
7861
7862
7863
7864
7865
7866
7867
7868
7869
7870
7871
7872
7873
7874
7875
7876
7877
7878
7879
7880
7881
7882
7883
7884
7885
7886
7887
7888
7889
7890
7891
7892
7893
7894
7895
7896
7897
7898
7899
7900
7901
7902
7903
7904
7905
7906
7907
7908
7909
7910
7911
7912
7913
7914
7915
7916
7917
7918
7919
7920
7921
7922
7923
7924
7925
7926
7927
7928
7929
7930
7931
7932
7933
7934
7935
7936
7937
7938
7939
7940
7941
7942
7943
7944
7945
7946
7947
7948
7949
7950
7951
7952
7953
7954
7955
7956
7957
7958
7959
7960
7961
7962
7963
7964
7965
7966
7967
7968
7969
7970
7971
7972
7973
7974
7975
7976
7977
7978
7979
7980
7981
7982
7983
7984
7985
7986
7987
7988
7989
7990
7991
7992
7993
7994
7995
7996
7997
7998
7999
8000
8001
8002
8003
8004
8005
8006
8007
8008
8009
8010
8011
8012
8013
8014
8015
8016
8017
8018
8019
8020
8021
8022
8023
8024
8025
8026
8027
8028
8029
8030
8031
8032
8033
8034
8035
8036
8037
8038
8039
8040
8041
8042
8043
8044
8045
8046
8047
8048
8049
8050
8051
8052
8053
8054
8055
8056
8057
8058
8059
8060
8061
8062
8063
8064
8065
8066
8067
8068
8069
8070
8071
8072
8073
8074
8075
8076
8077
8078
8079
8080
8081
8082
8083
8084
8085
8086
8087
8088
8089
8090
8091
8092
8093
8094
8095
8096
8097
8098
8099
8100
8101
8102
8103
8104
8105
8106
8107
8108
8109
8110
8111
8112
8113
8114
8115
8116
8117
8118
8119
8120
8121
8122
8123
8124
8125
8126
8127
8128
8129
8130
8131
8132
8133
8134
8135
8136
8137
8138
8139
8140
8141
8142
8143
8144
8145
8146
8147
8148
8149
8150
8151
8152
8153
8154
8155
8156
8157
8158
8159
8160
8161
8162
8163
8164
8165
8166
8167
8168
8169
8170
8171
8172
8173
8174
8175
8176
8177
8178
8179
8180
8181
8182
8183
8184
8185
8186
8187
8188
8189
8190
8191
8192
8193
8194
8195
8196
8197
8198
8199
8200
8201
8202
8203
8204
8205
8206
8207
8208
8209
8210
8211
8212
8213
8214
8215
8216
8217
8218
8219
8220
8221
8222
8223
8224
8225
8226
8227
8228
8229
8230
8231
8232
8233
8234
8235
8236
8237
8238
8239
8240
8241
8242
8243
8244
8245
8246
8247
8248
8249
8250
8251
8252
8253
8254
8255
8256
8257
8258
8259
8260
8261
8262
8263
8264
8265
8266
8267
8268
8269
8270
8271
8272
8273
8274
8275
8276
8277
8278
8279
8280
8281
8282
8283
8284
8285
8286
8287
8288
8289
8290
8291
8292
8293
8294
8295
8296
8297
8298
8299
8300
8301
8302
8303
8304
8305
8306
8307
8308
8309
8310
8311
8312
8313
8314
8315
8316
8317
8318
8319
8320
8321
8322
8323
8324
8325
8326
8327
8328
8329
8330
8331
8332
8333
8334
8335
8336
8337
8338
8339
8340
8341
8342
8343
8344
8345
8346
8347
8348
8349
8350
8351
8352
8353
8354
8355
8356
8357
8358
8359
8360
8361
8362
8363
8364
8365
8366
8367
8368
8369
8370
8371
8372
8373
8374
8375
8376
8377
8378
8379
8380
8381
8382
8383
8384
8385
8386
8387
8388
8389
8390
8391
8392
8393
8394
8395
8396
8397
8398
8399
8400
8401
8402
8403
8404
8405
8406
8407
8408
8409
8410
8411
8412
8413
8414
8415
8416
8417
8418
8419
8420
8421
8422
8423
8424
8425
8426
8427
8428
8429
8430
8431
8432
8433
8434
8435
8436
8437
8438
8439
8440
8441
8442
8443
8444
8445
8446
8447
8448
8449
8450
8451
8452
8453
8454
8455
8456
8457
8458
8459
8460
8461
8462
8463
8464
8465
8466
8467
8468
8469
8470
8471
8472
8473
8474
8475
8476
8477
8478
8479
8480
8481
8482
8483
8484
8485
8486
8487
8488
8489
8490
8491
8492
8493
8494
8495
8496
8497
8498
8499
8500
8501
8502
8503
8504
8505
8506
8507
8508
8509
8510
8511
8512
8513
8514
8515
8516
8517
8518
8519
8520
8521
8522
8523
8524
8525
8526
8527
8528
8529
8530
8531
8532
8533
8534
8535
8536
8537
8538
8539
8540
8541
8542
8543
8544
8545
8546
8547
8548
8549
8550
8551
8552
8553
8554
8555
8556
8557
8558
8559
8560
8561
8562
8563
8564
8565
8566
8567
8568
8569
8570
8571
8572
8573
8574
8575
8576
8577
8578
8579
8580
8581
8582
8583
8584
8585
8586
8587
8588
8589
8590
8591
8592
8593
8594
8595
8596
8597
8598
8599
8600
8601
8602
8603
8604
8605
8606
8607
8608
8609
8610
8611
8612
8613
8614
8615
8616
8617
8618
8619
8620
8621
8622
8623
8624
8625
8626
8627
8628
8629
8630
8631
8632
8633
8634
8635
8636
8637
8638
8639
8640
8641
8642
8643
8644
8645
8646
8647
8648
8649
8650
8651
8652
8653
8654
8655
8656
8657
8658
8659
8660
8661
8662
8663
8664
8665
8666
8667
8668
8669
8670
8671
8672
8673
8674
8675
8676
8677
8678
8679
8680
8681
8682
8683
8684
8685
8686
8687
8688
8689
8690
8691
8692
8693
8694
8695
8696
8697
8698
8699
8700
8701
8702
8703
8704
8705
8706
8707
8708
8709
8710
8711
8712
8713
8714
8715
8716
8717
8718
8719
8720
8721
8722
8723
8724
8725
8726
8727
8728
8729
8730
8731
8732
8733
8734
8735
8736
8737
8738
8739
8740
8741
8742
8743
8744
8745
8746
8747
8748
8749
8750
8751
8752
8753
8754
8755
8756
8757
8758
8759
8760
8761
8762
8763
8764
8765
8766
8767
8768
8769
8770
8771
8772
8773
8774
8775
8776
8777
8778
8779
8780
8781
8782
8783
8784
8785
8786
8787
8788
8789
8790
8791
8792
8793
8794
8795
8796
8797
8798
8799
8800
8801
8802
8803
8804
8805
8806
8807
8808
8809
8810
8811
8812
8813
8814
8815
8816
8817
8818
8819
8820
8821
8822
8823
8824
8825
8826
8827
8828
8829
8830
8831
8832
8833
8834
8835
8836
8837
8838
8839
8840
8841
8842
8843
8844
8845
8846
8847
8848
8849
8850
8851
8852
8853
8854
8855
8856
8857
8858
8859
8860
8861
8862
8863
8864
8865
8866
8867
8868
8869
8870
8871
8872
8873
8874
8875
8876
8877
8878
8879
8880
8881
8882
8883
8884
8885
8886
8887
8888
8889
8890
8891
8892
8893
8894
8895
8896
8897
8898
8899
8900
8901
8902
8903
8904
8905
8906
8907
8908
8909
8910
8911
8912
8913
8914
8915
8916
8917
8918
8919
8920
8921
8922
8923
8924
8925
8926
8927
8928
8929
8930
8931
8932
8933
8934
8935
8936
8937
8938
8939
8940
8941
8942
8943
8944
8945
8946
8947
8948
8949
8950
8951
8952
8953
8954
8955
8956
8957
8958
8959
8960
8961
8962
8963
8964
8965
8966
8967
8968
8969
8970
8971
8972
8973
8974
8975
8976
8977
8978
8979
8980
8981
8982
8983
8984
8985
8986
8987
8988
8989
8990
8991
8992
8993
8994
8995
8996
8997
8998
8999
9000
9001
9002
9003
9004
9005
9006
9007
9008
9009
9010
9011
9012
9013
9014
9015
9016
9017
9018
9019
9020
9021
9022
9023
9024
9025
9026
9027
9028
9029
9030
9031
9032
9033
9034
9035
9036
9037
9038
9039
9040
9041
9042
9043
9044
9045
9046
9047
9048
9049
9050
9051
9052
9053
9054
9055
9056
9057
9058
9059
9060
9061
9062
9063
9064
9065
9066
9067
9068
9069
9070
9071
9072
9073
9074
9075
9076
9077
9078
9079
9080
9081
9082
9083
9084
9085
9086
9087
9088
9089
9090
9091
9092
9093
9094
9095
9096
9097
9098
9099
9100
9101
9102
9103
9104
9105
9106
9107
9108
9109
9110
9111
9112
9113
9114
9115
9116
9117
9118
9119
9120
9121
9122
9123
9124
9125
9126
9127
9128
9129
9130
9131
9132
9133
9134
9135
9136
9137
9138
9139
9140
9141
9142
9143
9144
9145
9146
9147
9148
9149
9150
9151
9152
9153
9154
9155
9156
9157
9158
9159
9160
9161
9162
9163
9164
9165
9166
9167
9168
9169
9170
9171
9172
9173
9174
9175
9176
9177
9178
9179
9180
9181
9182
9183
9184
9185
9186
9187
9188
9189
9190
9191
9192
9193
9194
9195
9196
9197
9198
9199
9200
9201
9202
9203
9204
9205
9206
9207
9208
9209
9210
9211
9212
9213
9214
9215
9216
9217
9218
9219
9220
9221
9222
9223
9224
9225
9226
9227
9228
9229
9230
9231
9232
9233
9234
9235
9236
9237
9238
9239
9240
9241
9242
9243
9244
9245
9246
9247
9248
9249
9250
9251
9252
9253
9254
9255
9256
9257
9258
9259
9260
9261
9262
9263
9264
9265
9266
9267
9268
9269
9270
9271
9272
9273
9274
9275
9276
9277
9278
9279
9280
9281
9282
9283
9284
9285
9286
9287
9288
9289
9290
9291
9292
9293
9294
9295
9296
9297
9298
9299
9300
9301
9302
9303
9304
9305
9306
9307
9308
9309
9310
9311
9312
9313
9314
9315
9316
9317
9318
9319
9320
9321
9322
9323
9324
9325
9326
9327
9328
9329
9330
9331
9332
9333
9334
9335
9336
9337
9338
9339
9340
9341
9342
9343
9344
9345
9346
9347
9348
9349
9350
9351
9352
9353
9354
9355
9356
9357
9358
9359
9360
9361
9362
9363
9364
9365
9366
9367
9368
9369
9370
9371
9372
9373
9374
9375
9376
9377
9378
9379
9380
9381
9382
9383
9384
9385
9386
9387
9388
9389
9390
9391
9392
9393
9394
9395
9396
9397
9398
9399
9400
9401
9402
9403
9404
9405
9406
9407
9408
9409
9410
9411
9412
9413
9414
9415
9416
9417
9418
9419
9420
9421
9422
9423
9424
9425
9426
9427
9428
9429
9430
9431
9432
9433
9434
9435
9436
9437
9438
9439
9440
9441
9442
9443
9444
9445
9446
9447
9448
9449
9450
9451
9452
9453
9454
9455
9456
9457
9458
9459
9460
9461
9462
9463
9464
9465
9466
9467
9468
9469
9470
9471
9472
9473
9474
9475
9476
9477
9478
9479
9480
9481
9482
9483
9484
9485
9486
9487
9488
9489
9490
9491
9492
9493
9494
9495
9496
9497
9498
9499
9500
9501
9502
9503
9504
9505
9506
9507
9508
9509
9510
9511
9512
9513
9514
9515
9516
9517
9518
9519
9520
9521
9522
9523
9524
9525
9526
9527
9528
9529
9530
9531
9532
9533
9534
9535
9536
9537
9538
9539
9540
9541
9542
9543
9544
9545
9546
9547
9548
9549
9550
9551
9552
9553
9554
9555
9556
9557
9558
9559
9560
9561
9562
9563
9564
9565
9566
9567
9568
9569
9570
9571
9572
9573
9574
9575
9576
9577
9578
9579
9580
9581
9582
9583
9584
9585
9586
9587
9588
9589
9590
9591
9592
9593
9594
9595
9596
9597
9598
9599
9600
9601
9602
9603
9604
9605
9606
9607
9608
9609
9610
9611
9612
9613
9614
9615
9616
9617
9618
9619
9620
9621
9622
9623
9624
9625
9626
9627
9628
9629
9630
9631
9632
9633
9634
9635
9636
9637
9638
9639
9640
9641
9642
9643
9644
9645
9646
9647
9648
9649
9650
9651
9652
9653
9654
9655
9656
9657
9658
9659
9660
9661
9662
9663
9664
9665
9666
9667
9668
9669
9670
9671
9672
9673
9674
9675
9676
9677
9678
9679
9680
9681
9682
9683
9684
9685
9686
9687
9688
9689
9690
9691
9692
9693
9694
9695
9696
9697
9698
9699
9700
9701
9702
9703
9704
9705
9706
9707
9708
9709
9710
9711
9712
9713
9714
9715
9716
9717
9718
9719
9720
9721
9722
9723
9724
9725
9726
9727
9728
9729
9730
9731
9732
9733
9734
9735
9736
9737
9738
9739
9740
9741
9742
9743
9744
9745
9746
9747
9748
9749
9750
9751
9752
9753
9754
9755
9756
9757
9758
9759
9760
9761
9762
9763
9764
9765
9766
9767
9768
9769
9770
9771
9772
9773
9774
9775
9776
9777
9778
9779
9780
9781
9782
9783
9784
9785
9786
9787
9788
9789
9790
9791
9792
9793
9794
9795
9796
9797
9798
9799
9800
9801
9802
9803
9804
9805
9806
9807
9808
9809
9810
9811
9812
9813
9814
9815
9816
9817
9818
9819
9820
9821
9822
9823
9824
9825
9826
9827
9828
9829
9830
9831
9832
9833
9834
9835
9836
9837
9838
9839
9840
9841
9842
9843
9844
9845
9846
9847
9848
9849
9850
9851
9852
9853
9854
9855
9856
9857
9858
9859
9860
9861
9862
9863
9864
9865
9866
9867
9868
9869
9870
9871
9872
9873
9874
9875
9876
9877
9878
9879
9880
9881
9882
9883
9884
9885
9886
9887
9888
9889
9890
9891
9892
9893
9894
9895
9896
9897
9898
9899
9900
9901
9902
9903
9904
9905
9906
9907
9908
9909
9910
9911
9912
9913
9914
9915
9916
9917
9918
9919
9920
9921
9922
9923
9924
9925
9926
9927
9928
9929
9930
9931
9932
9933
9934
9935
9936
9937
9938
9939
9940
9941
9942
9943
9944
9945
9946
9947
9948
9949
9950
9951
9952
9953
9954
9955
9956
9957
9958
9959
9960
9961
9962
9963
9964
9965
9966
9967
9968
9969
9970
9971
9972
9973
9974
9975
9976
9977
9978
9979
9980
9981
9982
9983
9984
9985
9986
9987
9988
9989
9990
9991
9992
9993
9994
9995
9996
9997
9998
9999
10000
10001
10002
10003
10004
10005
10006
10007
10008
10009
10010
10011
10012
10013
10014
10015
10016
10017
10018
10019
10020
10021
10022
10023
10024
10025
10026
10027
10028
10029
10030
10031
10032
10033
10034
10035
10036
10037
10038
10039
10040
10041
10042
10043
10044
10045
10046
10047
10048
10049
10050
10051
10052
10053
10054
10055
10056
10057
10058
10059
10060
10061
10062
10063
10064
10065
10066
10067
10068
10069
10070
10071
10072
10073
10074
10075
10076
10077
10078
10079
10080
10081
10082
10083
10084
10085
10086
10087
10088
10089
10090
10091
10092
10093
10094
10095
10096
10097
10098
10099
10100
10101
10102
10103
10104
10105
10106
10107
10108
10109
10110
10111
10112
10113
10114
10115
10116
10117
10118
10119
10120
10121
10122
10123
10124
10125
10126
10127
10128
10129
10130
10131
10132
10133
10134
10135
10136
10137
10138
10139
10140
10141
10142
10143
10144
10145
10146
10147
10148
10149
10150
10151
10152
10153
10154
10155
10156
10157
10158
10159
10160
10161
10162
10163
10164
10165
10166
10167
10168
10169
10170
10171
10172
10173
10174
10175
10176
10177
10178
10179
10180
10181
10182
10183
10184
10185
10186
10187
10188
10189
10190
10191
10192
10193
10194
10195
10196
10197
10198
10199
10200
10201
10202
10203
10204
10205
10206
10207
10208
10209
10210
10211
10212
10213
10214
10215
10216
10217
10218
10219
10220
10221
10222
10223
10224
10225
10226
10227
10228
10229
10230
10231
10232
10233
10234
10235
10236
10237
10238
10239
10240
10241
10242
10243
10244
10245
10246
10247
10248
10249
10250
10251
10252
10253
10254
10255
10256
10257
10258
10259
10260
10261
10262
10263
10264
10265
10266
10267
10268
10269
10270
10271
10272
10273
10274
10275
10276
10277
10278
10279
10280
10281
10282
10283
10284
10285
0.1633675866805961 0.2408014695535697 0
0.4327887587851538 0.02212449398876197 0
0.1592055461952379 0.1634600380691389 0
0.4299322441197423 0.3870350088377136 0
0.1517269115495809 0.2263509672699962 0
0.1790376791782999 0.2506075190482115 0
0.1736070088318948 0.15199775062593 0
0.1498248931981546 0.1786422954704094 0
0.2082351620063247 0.2547019231610281 0
0.2150304941246969 0.1474970961995664 0
0.1458930611452874 0.2089035864903656 0
0.190824480835594 0.1459967619194972 0
0.3564033303843092 0.01823121768519137 0
0.3516087101449469 0.3909572196112361 0
0.01579076568852738 0.312767949458307 0
0.2968220507961602 0.01773853435048963 0
0.2889990548822244 0.3931213724078821 0
0.01630830612490634 0.0976250981520487 0
0.5195867772515288 0.02421574556912615 0
0.5140615893913286 0.3839943833192955 0
0.1212965007570656 0.3945092448115904 0
0.1159568885278583 0.01368464277186455 0
0.01425872989003465 0.2530184092098787 0
0.0159854422840424 0.1502103209873295 0
0.1774732153737062 0.3942529025546372 0
0.231028149225214 0.3944310507231244 0
0.2394976486882603 0.01329850223327116 0
0.01374877787020455 0.2031391911895798 0
0.1712412873238733 0.01497831948215684 0
0.6364588565768785 0.3771388000608635 0
0.6361165187172058 0.03595785996824812 0
2.15679326745597 0.2048508252360345 0
0.7803990803382584 0.04689874000715895 0
1.919514343581349 0.0420281640323279 0
1.769881082107327 0.03801247934471338 0
1.629048216808389 0.03922809750395569 0
1.486476153638403 0.04916040942151337 0
1.329523756022867 0.04620603495308068 0
1.179028696860705 0.04270352391245769 0
1.028810024382516 0.04077135123500183 0
0.922439022264722 0.3596118135361125 0
0.1459967618979191 0.1908244807831474 0
0.1908337998553595 0.2532141578385176 0
0.2209113875138675 0.250186135142198 0
0.2032530907403212 0.1453809244671471 0
1.123682212237876 0.3703251320117811 0
1.274330691460304 0.3690956673107764 0
1.432398294093272 0.3650437185181692 0
1.582473975122346 0.3680482344391964 0
1.731240604928602 0.3717142753915363 0
1.881322748536243 0.375473194220805 0
0.7754857073826184 0.3681933567683451 0
2.025494759289645 0.3668211509861211 0
0.05906383363502693 0.02043418697614777 0
0.05691833115706805 0.3897187516317187 0
0.2057402484908835 0.01488874157301688 0
0.8783628722358912 0.04800265103388968 0
1.023582099008405 0.3692505573427925 0
2.02556296829835 0.04316197166110581 0
2.162002746912107 0.2958274189852871 0
2.160547731605493 0.1138888888886199 0
0.01827330609643554 0.3517763447277807 0
0.01733963229784014 0.05487751675971025 0
2.129742020464543 0.03899375784963714 0
2.125316700958361 0.3627366818351531 0
0.1678888164867895 0.2446156264407182 0
0.1621976135847689 0.2465653001552648 0
0.1577444879068507 0.2424641746955496 0
0.1563793339500947 0.2483214302707302 0
0.1608776460764734 0.2524241030829099 0
0.154965730313427 0.2541719660722335 0
0.1593282603851515 0.2582911441873303 0
0.153579654157271 0.260009646970298 0
0.1492154848070674 0.2558050541687207 0
0.1478314499289103 0.261768029960402 0
0.1579422324942217 0.2641288528042662 0
0.1433783571783505 0.2574630788000088 0
0.1419890264104756 0.2635335182146188 0
0.1372083577542496 0.2590695038958291 0
0.1357688778370907 0.2656284474650107 0
0.1306453532595725 0.2608183023281298 0
0.1291035187392679 0.267926727966393 0
0.1345121865934034 0.2727797566690485 0
0.1274711513747521 0.2752590096350653 0
0.133368232832163 0.2807449104583828 0
0.1238749010476963 0.2628141620273549 0
0.1252187963034332 0.2831986521932408 0
0.1319124486363528 0.2891892055827214 0
0.1233323083456932 0.2919894222628536 0
0.1163396831571881 0.2856042517106582 0
0.1254946010511209 0.2556823555698917 0
0.1184690275070497 0.2576594899806566 0
0.1203388428501275 0.2506522786102936 0
0.1129983807386621 0.2524808333182557 0
0.1149568398704509 0.2452835159239125 0
0.1074812964742055 0.2470710814951434 0
0.1095038715824974 0.2399951230877837 0
0.1016672873047101 0.2415976332567706 0
0.1050622356482923 0.2335662800603427 0
0.09856907334964306 0.2497278340426408 0
0.130313132899909 0.2980788483394826 0
0.1142313694733416 0.2951041767355765 0
0.1386508983424569 0.2954887603219579 0
0.1373548951572056 0.3043364236934794 0
0.145922622707141 0.3015313948165172 0
0.09576378146616674 0.2358480311164569 0
0.09803323482854789 0.2276637317051134 0
0.1447268512406808 0.3103215089986128 0
0.1537671146599885 0.3070647015540857 0
0.08943192851759932 0.2299023919683948 0
0.09183540847376997 0.2215687308627101 0
0.1364178034715974 0.3138101054079535 0
0.1067852326788344 0.2881835490872036 0
0.1044167032737723 0.2984636164214663 0
0.09647645556531299 0.2911162238919289 0
0.100000119471681 0.2194566871705094 0
0.09419655338482595 0.2134264447072605 0
0.1021627540299377 0.2114118801683083 0
0.09648501008028101 0.2054291917080039 0
0.08826088137808766 0.2073821355253764 0
0.09085748415304308 0.1992494506610046 0
0.09908834142493272 0.197449880966159 0
0.09351197402839581 0.1912811721637082 0
0.101572439883572 0.1895535188156604 0
0.09614847488917068 0.1834913600049718 0
0.1039292234826736 0.1819100944202985 0
0.09866528988585301 0.1759033481294455 0
0.1063524614772818 0.1744953307259454 0
0.1011188348454276 0.1683806410336866 0
0.1088186420668311 0.1669061949954921 0
0.1033704443724691 0.1603519803184466 0
0.1111971561332039 0.1592123213202059 0
0.1059516012313614 0.1525456744563103 0
0.1147806793354799 0.1519367618753902 0
0.1087512065648808 0.1453762499107167 0
0.1164717512326157 0.1439548228465491 0
0.1110431345584707 0.1377644745220221 0
0.118698898581119 0.1364069655495823 0
0.1134353292053724 0.1298749962016089 0
0.1226126632507916 0.129236855577578 0
0.1160785877669709 0.1216451167546996 0
0.1248473229588284 0.1198816307907468 0
0.1028664117492779 0.1389625204940539 0
0.09550081796245591 0.1618088848437907 0
0.0879208866940107 0.1850245231478649 0
0.1187694842189718 0.1130306864924929 0
0.1275246257109468 0.11116411743977 0
0.1093138128244837 0.1148754481794453 0
0.1118787959296871 0.1059320875330908 0
0.1334284352179725 0.1178615432882841 0
0.1361797278700062 0.1094066016208628 0
0.1419640682229201 0.1161101010081324 0
0.144878370382257 0.1080064380254861 0
0.1385873952551616 0.1001523504242847 0
0.1481271871036452 0.09988475311550708 0
0.1535403236639764 0.1067326295977413 0
0.1567041054570513 0.09870581906034558 0
0.1620079735846917 0.1053495671064914 0
0.1650991978489899 0.09753631212781971 0
0.1703373679755273 0.1040191891943725 0
0.1733570286202662 0.09650962777479291 0
0.1788081800135746 0.1025100426556844 0
0.1815469730977484 0.09540581490717642 0
0.1868688277028887 0.1015895303049883 0
0.1895956088107182 0.09407625769770123 0
0.1945608311053028 0.100363678152708 0
0.1976333423514335 0.09299565654636952 0
0.2024439488981241 0.09926120265882098 0
0.2057407589050579 0.0918157005018448 0
0.2107099243453527 0.09813707491889796 0
0.2139856371866784 0.09035318187094993 0
0.2190976792025527 0.09685536263827998 0
0.2224398480846402 0.08898186919364502 0
0.2278412333661801 0.09691267621406011 0
0.2318337612163558 0.1553535525285475 0
0.2311804199119644 0.08770454277649979 0
0.2367462239276302 0.09460995306753125 0
0.2402362424723874 0.0860709345074455 0
0.2458897619231076 0.09337558909370997 0
0.1513905282277087 0.09162173598036709 0
0.2423672691530071 0.1010915393125438 0
0.2515203453653789 0.1007130866689071 0
0.2550678095990993 0.09233344556700418 0
0.2605869790009039 0.09980924235549711 0
0.256943409045071 0.108146422639236 0
0.2657571667905424 0.1073679978867657 0
0.2447889305884308 0.1688622455533097 0
0.2699156843509902 0.09900270081066335 0
0.2752137421477639 0.1068827785601106 0
0.2796855020792648 0.09803183027832149 0
0.2852886280960154 0.1064251972237747 0
0.2806315011182826 0.1151082130979025 0
0.29057540304457 0.1147680148317766 0
0.2861176560652213 0.1234642914749503 0
0.295810254214398 0.1230255482225165 0
0.2912331296022925 0.13150553657101 0
0.3009365455584403 0.1312098984007504 0
0.2534762524687904 0.1850454223242432 0
0.2965330931537229 0.1397178293160416 0
0.3061444789072587 0.1392354148196614 0
0.3015209175412308 0.1475540629874383 0
0.3113109618081118 0.1472623880227057 0
0.3068900588536836 0.1557020634614764 0
0.3165225065540033 0.1554359689481725 0
0.3108566112550204 0.1647610945996254 0
0.3217737581727354 0.1637745736322259 0
0.3173598540537275 0.1725118525763824 0
0.2479299703684555 0.2266347810964342 0
0.3275001818890392 0.1720966172733473 0
0.322827086929891 0.1806641519055235 0
0.3331333018123317 0.1807394019017279 0
0.3283343157341069 0.1901461459455044 0
0.3392187348439634 0.1897192722758664 0
0.3338755069475435 0.1996473317420152 0
0.3455429234449555 0.1991846023486271 0
0.3507384028732538 0.1886812544308809 0
0.3273174553584992 0.1555263280019492 0
0.3577368731041444 0.1991074209085181 0
0.3400256846898931 0.2091987613925509 0
0.3635472233500879 0.1870596601301031 0
0.3711000923867661 0.1989451925517299 0
0.3776492022221621 0.186145469847455 0
0.3856093447352742 0.1983646812919507 0
0.2538723983771759 0.2087029491248635 0
0.378555813431887 0.21141196483851 0
0.3933683168781424 0.2110103096237265 0
0.4004660699229858 0.1977932733986193 0
0.408334455577353 0.2105510796648229 0
0.4154423012582287 0.1973045050253912 0
0.4233465751542139 0.2100542369801129 0
0.4304339315301032 0.1968289363067206 0
0.4225259967145585 0.1840825259466169 0
0.4383421629346156 0.2095749220478973 0
0.4454267872668917 0.1963523813274416 0
0.4533353002540209 0.2090981721519767 0
0.4604194409018388 0.1958761217165547 0
0.4683279950068303 0.2086218881828377 0
0.4754119610753016 0.1953999776449414 0
0.4675034490067264 0.1826541755943846 0
0.4824959061277912 0.1821780838159265 0
0.4904044274623541 0.194923878334985 0
0.3055261641704717 0.1221188677956827 0
0.4612439757681943 0.2218438220618549 0
0.4157226071952194 0.2227431263601648 0
0.3286481401424513 0.2095933313800692 0
0.3346013986647204 0.2189736594803875 0
0.3238400125650085 0.2191975880015386 0
0.3291527343043844 0.2282648250765193 0
0.2365005889585438 0.2408441780551591 0
0.3188991085827425 0.2285679512429138 0
0.323849438551956 0.2373069271457372 0
0.3140286605091484 0.2377108385128375 0
0.3191340431543364 0.246419094452237 0
0.3095484779097236 0.2468472480232709 0
0.3141474241024735 0.2552057797661856 0
0.3239904652041347 0.2562891941010185 0
0.3047656607571124 0.2558159591452537 0
0.309277843367455 0.2639881008829413 0
0.2997560357344316 0.2643929167779833 0
0.3048045115905158 0.2729577006969341 0
0.2948840064309612 0.2732607556229298 0
0.3003338487136861 0.2822995409357356 0
0.2899413833574714 0.2823243318128569 0
0.310448618287352 0.2817219584857709 0
0.4974883553932104 0.1817019985577587 0
0.505396875418229 0.1944477941639267 0
0.5124808002775224 0.1812259169099449 0
0.5203893195719653 0.193971713117673 0
0.5133053955869937 0.2071935896530023 0
0.5282978389167319 0.2067175092841515 0
0.5353817628933101 0.193495632755693 0
0.5432902819272547 0.2062414291777303 0
0.5503742059623212 0.1930195526011847 0
0.5582827249578309 0.2057653490548214 0
0.565366648992619 0.192543472478505 0
0.5574581300084819 0.1797976760155183 0
0.5732751679780553 0.2052892689404233 0
0.5661912439415879 0.21851114551812 0
0.5212139148284618 0.2199393859044351 0
0.5811836869621284 0.218035065403462 0
0.588267610998865 0.2048131888255439 0
0.5961761299827412 0.2175589852887451 0
0.6032600540194683 0.2043371087108345 0
0.6111685730032886 0.2170829051740814 0
0.6182524970400263 0.2038610285961623 0
0.6261610160238396 0.2166068250594151 0
0.6332449400605773 0.2033849484814959 0
0.6103439780562153 0.191115232132907 0
0.2952012275028515 0.2908521144798306 0
0.2849794599108918 0.2910285519937663 0
0.313177448742226 0.1807866851563781 0
0.6411534590443895 0.2161307449447498 0
0.6482373830811278 0.202908868366831 0
0.6561459020649387 0.2156546648300852 0
0.6632298261016787 0.2024327882521653 0
0.6553213071178676 0.1896869917889095 0
0.290107733834309 0.09720420793777484 0
0.6711383450854883 0.2151785847154203 0
0.6782222691222276 0.2019567081375002 0
0.4745873921525841 0.1694322832350617 0
0.28046738987785 0.2818109897838293 0
0.2753959533933822 0.2907186278206622 0
0.2799710255584706 0.2993744836348463 0
0.2700849500407378 0.2993048811215067 0
0.2656458035621109 0.2898998810386246 0
0.2606592144043707 0.299093436781562 0
0.6861307881060379 0.2147025046007555 0
0.6932147121427771 0.2014806280228337 0
0.7008106875261033 0.2136802049316418 0
0.7082071551633257 0.201004547908172 0
0.7000532099495174 0.1884110336506312 0
0.7160877842358333 0.2154592632290659 0
0.7231042463563564 0.2005411019294869 0
0.7311081171676866 0.21327426425676 0
0.7379926417307834 0.1997587427630698 0
0.7460623713413197 0.2125931843571405 0
0.7531487392481214 0.1996145390005243 0
0.7445840088398643 0.1860627867220389 0
0.7610738506876552 0.2119762867958482 0
0.7681716307391003 0.1991703020367741 0
0.7760718357670977 0.2114997763715907 0
0.2648873925192626 0.3077168553658353 0
0.2551601491542074 0.3070172528617094 0
0.2511951919098867 0.2992556156129466 0
0.2457680148564833 0.3063708164636592 0
0.2417130311816089 0.2987723292648414 0
0.2367578859101677 0.3054914036706478 0
0.7831662191046296 0.1985781185091926 0
0.7910750956459369 0.2113045644036277 0
0.232963311856078 0.297935461178103 0
0.2281578366083233 0.3045450970229385 0
0.2244972779298675 0.2973913048107983 0
0.2198131984583373 0.3041112527711092 0
0.2161784751705915 0.2971099770261121 0
0.2116906735384636 0.3035593076504192 0
0.2154112892834579 0.3112025935868938 0
0.2081362551934327 0.2966859106329853 0
0.7976226559494513 0.1984634210638197 0
0.8059800071135804 0.210935526091628 0
0.8127250179459155 0.1981799824200453 0
0.8209761813712981 0.210509393189222 0
0.8282745692115844 0.197410411872244 0
0.8360620976388955 0.2099927225377439 0
0.84313914234827 0.196719826876183 0
0.8510488078866425 0.2094741265200434 0
0.8581317764612464 0.1962451639582858 0
0.8660403272937962 0.2089911966210001 0
0.873124063596307 0.1957679277516983 0
0.8810325903978647 0.2085137821936176 0
0.8851179984521326 0.1953869185927904 0
0.8963534790381473 0.2045972796526921 0
0.3093022884098039 0.2286884032989136 0
0.2546910092586374 0.1969286188069523 0
0.2597933781064561 0.3159414259144325 0
0.2952341959574932 0.2566213638378633 0
0.6938979443738813 0.2254333863621652 0
0.2975087797926323 0.1561325606256171 0
0.2817618841221333 0.1315240802683088 0
0.1922408835082907 0.08678986135552923 0
0.1024801193950314 0.1076163337570064 0
0.1522446272161541 0.3165440173670614 0
0.1050646664047149 0.09761028838361419 0
0.5740997629254345 0.2312569419813452 0
0.2381011431930554 0.2904738582823135 0
0.2037088023512365 0.3030473290517715 0
0.2002426198457622 0.2960666485809332 0
0.09380714116926943 0.302161108125437 0
0.8589564085651815 0.2222131125654963 0
0.8139493647414892 0.2236618721514629 0
0.2152594753469969 0.1044239518780169 0
0.2160442456339911 0.08205448694369891 0
0.09400836067373888 0.09989276405931036 0
0.09782606270342357 0.0884590504604669 0
0.6488620063765921 0.2286893594958071 0
0.1237615666210583 0.142732743001218 0
0.1177258182962552 0.2383009973283476 0
0.167676326959415 0.1117251491382863 0
0.2839500648809237 0.08814338375767616 0
0.2955731805358226 0.08725411232483131 0
0.1919158010052512 0.1075800237202108 0
0.8352507004420298 0.1824084698481949 0
0.1090056318591552 0.1876725836806857 0
0.08518411614345134 0.2941742496889564 0
0.1960901373870365 0.3024598019106062 0
0.1926978769369147 0.2954694784250154 0
0.1967610950521058 0.2894391817872282 0
0.1896824392484708 0.2888412218765873 0
0.7400415610602129 0.226782300830724 0
0.3692998615444177 0.174345830779893 0
0.1163411930615314 0.1652180383668397 0
0.08233983306166412 0.3060767400222366 0
0.09189663570299214 0.3145605999869385 0
0.08584665503366051 0.09087183016480473 0
0.08199913110700625 0.1030713868890834 0
0.7892746972775905 0.1859262396747946 0
0.22098914613735 0.2905925683178381 0
0.8797082128009648 0.1825617222631744 0
0.8985856732162337 0.1822459107689248 0
0.1544081040553545 0.299060994571974 0
0.1109386101832801 0.08754077315478004 0
0.1020051304025836 0.07685072173929848 0
0.1148002246887356 0.07445732904948554 0
0.1274665830812824 0.2486536023294515 0
0.08308360401960235 0.2239492318602313 0
0.08071745318247099 0.2328134458429426 0
0.07362721934011239 0.2261209490893006 0
0.07121748620319235 0.2365140918712323 0
0.3396190640043045 0.2279164117078119 0
0.3861284577431366 0.2241079542794037 0
0.1936025802509844 0.2832791449527021 0
0.186920396912008 0.2827499544379085 0
0.07965750681215568 0.319010594125946 0
0.08995799277172147 0.3282430220105494 0
0.08216495612804503 0.2010053377627221 0
0.5045722814294923 0.1684801203333816 0
0.7846117017650724 0.2238320188582768 0
0.8874250688940507 0.2180221434288603 0
0.6042613912395978 0.230753704359564 0
0.1520421067305397 0.2441704325844041 0
0.2886053398608499 0.0775194528805271 0
0.3009284616601302 0.07607034983050515 0
0.3081928667042115 0.08681305056738775 0
0.3140613959956877 0.07482980916092589 0
0.3209985227927915 0.08589521778232377 0
0.8848704954876194 0.169457556115726 0
0.06318224070649016 0.2290067564382065 0
0.2410461366923241 0.3138753691471112 0
0.1613603137433052 0.313309934772089 0
0.1596368473634547 0.3232711686069173 0
0.1637277386161803 0.2624096208952138 0
0.1623109711195683 0.2682479324072924 0
0.1680634532866096 0.2665388695461757 0
0.1666618108098562 0.2723775732706347 0
0.07307787454781478 0.297415662759253 0
0.07682308062418455 0.2840813467646776 0
0.06376219864455487 0.2883645284078716 0
0.2697988298312202 0.3166681979690066 0
0.2643958131895509 0.325935014762594 0
0.2758916282885738 0.3263534570589007 0
0.2693359931769382 0.3366527274338109 0
0.2817421225398493 0.3373486772899799 0
0.2575553135001087 0.3357763279250078 0
0.1692007200695013 0.3197206673237903 0
0.1674551868592559 0.3300086370537132 0
0.1578863371249076 0.3331628343876296 0
0.1772409064325971 0.3262485432256237 0
0.1755259539379288 0.3370454091419553 0
0.1861648380321906 0.3332271826716596 0
0.1840433546239056 0.34437943900912 0
0.1952159514933796 0.3404338722858494 0
0.2628123616441505 0.3471973300779891 0
0.2496962695425496 0.3463168109788921 0
0.327827880682135 0.07375162815176577 0
0.3350110062990594 0.08851255770918193 0
0.1829479132726475 0.287917850299701 0
0.1691205565333389 0.08973567036200572 0
0.07309690775302981 0.09366664125943512 0
0.0697167216753498 0.1064404574332775 0
0.07705353743161671 0.08068271448130575 0
0.2001342576751988 0.2834834506377453 0
0.1971983744544183 0.2779147734931849 0
0.2033038728515288 0.2781567985011921 0
0.07627801339645546 0.3328288233905874 0
0.08707160668012444 0.3425462881761729 0
0.1563678387981274 0.2698568014109054 0
0.1734255903103853 0.3486909259795288 0
0.06034543007171896 0.2396407928160295 0
0.2342994483180662 0.07864902702495823 0
0.2442327496069456 0.07686798780380531 0
0.2373406311847722 0.06861407602942628 0
0.2484092679288272 0.06705348184147623 0
0.3159546532137265 0.1386118789314229 0
0.1391278188267974 0.1238875867642787 0
0.1075943380708593 0.2171712987137369 0
0.1116106030168165 0.2606850859722367 0
0.192952993129664 0.3522116826873815 0
0.3181915728916207 0.2102481884820595 0
0.1011033845564875 0.3375600074203561 0
0.3428562419397848 0.07270914154339649 0
0.3518302018039117 0.08654967414014671 0
0.3591302224719606 0.07103708920468828 0
0.3683395985462362 0.08488649796809844 0
0.360362652315882 0.09979848115565168 0
0.3767020272578022 0.09885346398663286 0
0.3857483801213917 0.08402429844418628 0
0.3940257017454978 0.1017304289644322 0
0.3678183778033359 0.1128091354299102 0
0.2884869898046809 0.3262991835604634 0
0.294833583912185 0.3378586343896898 0
0.3018824511738187 0.3261641879859421 0
0.3086369629073087 0.3383984122624568 0
0.3160037796519578 0.3260416119923719 0
0.3232488558133926 0.3389636390120793 0
0.331105494898159 0.3267213540861176 0
0.1469005496476041 0.1222246624291851 0
0.1446092105245233 0.1294116444770984 0
0.1514270782601712 0.1280374120611667 0
0.149425970584586 0.1343430662388238 0
0.1556166971556007 0.1331518638985643 0
0.1536554180778179 0.1390127483815941 0
0.1476939880932127 0.1403945077177593 0
0.1095003884800048 0.209804182702104 0
0.1146302697043938 0.2148345688519969 0
0.1163766347498073 0.2084452605795494 0
0.1209598354518157 0.2128857719581374 0
0.1225904414544813 0.2069971633293377 0
0.2042524481130139 0.34809301567949 0
0.2004428774369781 0.2728219598327389 0
0.2064255005470242 0.2733161086051785 0
0.1944812747463943 0.2724164229846484 0
0.0519291500894253 0.2314364450090186 0
0.05509766741208875 0.219840005301401 0
0.2617720670530501 0.1152723299469687 0
0.2537181050428642 0.1160855754508252 0
0.2581006502136081 0.1224999850772993 0
0.2507553676623463 0.1233231538275922 0
0.2547258476138676 0.1291466758671279 0
0.2478965094067903 0.129819789517365 0
0.2517856381803938 0.1352844865517503 0
0.2438624336505235 0.1243530567092594 0
0.2413119116752603 0.1304855429224138 0
0.2374021043707895 0.125416985420948 0
0.2349931056924043 0.1311714922315569 0
0.2312522226100671 0.1263370710666306 0
0.2583878946252267 0.1348180634629425 0
0.2554721787246689 0.1406561831118982 0
0.2618697968152648 0.1403148830879589 0
0.2590180269982723 0.1459520091743953 0
0.2652811723256968 0.1456382558348739 0
0.2624795673418938 0.1511800342812634 0
0.2687062203716277 0.1508611286278566 0
0.2659476145169118 0.156432045586347 0
0.2531791042566872 0.1466083696123382 0
0.2721227436814106 0.1560703432582828 0
0.2693640356770502 0.1616357702595367 0
0.2755437417099422 0.1612630512785135 0
0.2727133633927873 0.1668376951722117 0
0.2789676657123004 0.1664718706225436 0
0.27619791962903 0.1721222603692596 0
0.2824885032320555 0.1717241010643407 0
0.2796641519308408 0.1774874999146533 0
0.266692783710703 0.1673210925606869 0
0.2860013231493407 0.1770689117363476 0
0.2830643646102162 0.1828061632180297 0
0.2768019374865719 0.1831439887118146 0
0.2800987363329338 0.1885308444313887 0
0.2864997742132958 0.1881997220092007 0
0.2833958155636534 0.1940073732063224 0
0.2899114940789227 0.193736343477055 0
0.2866863588250648 0.1994414715399504 0
0.280331708790079 0.199642689948115 0
0.2834853330113436 0.2049732879419618 0
0.2772989924242456 0.2050917118463138 0
0.2803716251841839 0.2104688510247172 0
0.2865021342514771 0.210520094742572 0
0.2834895924759567 0.2159261390694236 0
0.2772428163445358 0.2158694759317774 0
0.280257237308922 0.2212556036879312 0
0.2741725315302659 0.2210966556202353 0
0.2770466076773293 0.226478429313813 0
0.2710751884580832 0.2263048097755147 0
0.2738003505503098 0.2317482952222206 0
0.2800894345093363 0.2318652557514538 0
0.2767510953227968 0.2372072979715507 0
0.2705059336944913 0.2370251375010805 0
0.273402116086208 0.2425101207389762 0
0.267175575107758 0.2422883028146633 0
0.2700422092282747 0.2477595417110657 0
0.2638304715637039 0.2475385043086741 0
0.2667142500009082 0.2530291324362432 0
0.2604637944911611 0.252796367743517 0
0.2632316791600978 0.2582360682834555 0
0.2570292767275811 0.2580774162800595 0
0.2597672270216136 0.2635102921009145 0
0.2536208799659268 0.2632814723083829 0
0.2578743819536395 0.2474504753242839 0
0.2508199002984883 0.2577967028023435 0
0.2474314004164232 0.2629625911226151 0
0.2502329268380853 0.2685213396067657 0
0.2440061352200575 0.2680402327057109 0
0.2413652450175563 0.26256089524595 0
0.2379220952072515 0.2675184040134526 0
0.2700412751482895 0.2591735266542898 0
0.2394003276221253 0.1360203634584436 0
0.1060844930631603 0.06445330267913991 0
0.1189491216939762 0.06207130449548908 0
0.1595919398214241 0.1378248203837663 0
0.1616705139593925 0.1321682073690174 0
0.3388030172882244 0.3397656350593176 0
0.3471851175040697 0.3266584241081908 0
0.355453529630288 0.3405355053966181 0
0.3638918505246566 0.3256768251047703 0
0.3529921872814486 0.3107767720484482 0
0.3723969661181565 0.3105482666858705 0
0.3636878266380522 0.295889714383047 0
0.3806824415575746 0.2960659406174035 0
0.3889931448735436 0.3106130575547754 0
0.3975717605091211 0.2958350954775985 0
0.4060347681036082 0.310454391980572 0
0.4142469048516311 0.2955671187388942 0
0.4233437375411552 0.3099717448592296 0
0.4327248233373914 0.2943570119605893 0
0.4416997556915154 0.3103743808876839 0
0.4499841040615714 0.294700122143547 0
0.4422836650083837 0.2815138975813881 0
0.4571122236333214 0.2806183488308073 0
0.4660028313164311 0.2928602243610099 0
0.4722322323019675 0.2764417829373563 0
0.4814675015598348 0.2898705762975639 0
0.4871074379274067 0.275970065135006 0
0.4963254703953944 0.2878038150731971 0
0.4753354001224402 0.3044574417723561 0
0.5019816848355544 0.2740263229802932 0
0.5111848739204672 0.2857590057849131 0
0.5168420213723561 0.2719846559880058 0
0.5260429066256325 0.2837009909727258 0
0.3720275859449736 0.2829498647130101 0
0.4048792366386195 0.2819972937051976 0
0.5316829311719387 0.2698028780286715 0
0.5408974769875406 0.281617429575782 0
0.5342728052483388 0.2962802312996223 0
0.5501134112891244 0.2934419875476247 0
0.5438397310895572 0.3114258534368797 0
0.555753505932942 0.2795442071715659 0
0.5649972439709171 0.2913111884570188 0
0.5707226994610599 0.2782420530471931 0
0.5795947896126283 0.2899303004872441 0
0.4927475469568192 0.2620707958300569 0
0.2739545625634373 0.1887634257067264 0
0.5855552386737151 0.2764179478875752 0
0.5946847833689488 0.2872457958989513 0
0.3960543508786648 0.3264112338921247 0
0.6003401971964289 0.2735207587289731 0
0.6095014367067861 0.2851593104671599 0
0.6151785485242246 0.2713132148199592 0
0.6236964751855776 0.2847377002116099 0
0.228898614900335 0.1314784104462554 0
0.2251874406981877 0.1269499970559313 0
0.5889770688152398 0.3081050486977104 0
0.2930059146103138 0.1995142302215521 0
0.1518523976233219 0.144777961477327 0
0.1458478384025374 0.1465377739704633 0
0.06314004245285272 0.08373624294908304 0
0.3837738947063089 0.172855165320323 0
0.404641210910598 0.08339131528596717 0
0.4141224039179298 0.1004771818174894 0
0.4060032925730989 0.1162381148249744 0
0.4231117788038069 0.1147481915853518 0
0.4318958151288719 0.1010794442359033 0
0.4390536575030165 0.1150897174183794 0
0.4460364368238512 0.1051317017757469 0
0.4538112174899829 0.1167732135996259 0
0.4600947307346996 0.1044044907967848 0
0.4685753974031467 0.1176352558895532 0
0.4772613307437776 0.1057157634465829 0
0.4690535033552954 0.08864026467351351 0
0.4458917965503959 0.1301171825371658 0
0.4838373763660302 0.1190841306045471 0
0.492731051782632 0.1072241966294889 0
0.4989457906991621 0.1202090426480867 0
0.505914936119492 0.1110103311624975 0
0.5137965978290125 0.122073879292624 0
0.5197992469821032 0.1102815697331735 0
0.5287591687443666 0.1238667718498597 0
0.5352026499749716 0.1141370923442294 0
0.5433033355721728 0.1257372020745658 0
0.5494998773002646 0.1133951842869052 0
0.5580610127225908 0.1269162556445279 0
0.5667808340322243 0.114706750054312 0
0.5734885785133781 0.1283316258400172 0
0.5577682546546306 0.09682517320656546 0
0.5330772839601344 0.09632511089406234 0
0.5821830325785475 0.1161522059245199 0
0.588438151431669 0.129815038474394 0
0.5971924392818588 0.117631317218325 0
0.6033900046927519 0.131299020912901 0
0.6121367607351413 0.1191161327167571 0
0.6183155667394287 0.1327855252046755 0
0.6270658527776847 0.1206023192248381 0
0.6331847253970534 0.1334975356840026 0
0.6419830060202629 0.1219596519324527 0
0.6485572035953402 0.1364759406053895 0
0.6569188931545088 0.1235751552972391 0
0.5914136009504259 0.104848464142754 0
0.6191398337338445 0.1093693118900256 0
0.654480954337283 0.1076438240508938 0
0.6676520044037623 0.113673539938175 0
0.6721902803000789 0.1252936001512847 0
0.6793109587217023 0.1158177520122684 0
0.6866146827721311 0.1270766144262633 0
0.6927937476831461 0.1146950851411986 0
0.7012166594702638 0.1281776388699617 0
0.6780208406368784 0.1387312699857503 0
0.4154461730896958 0.1288556323500298 0
0.7099130146170963 0.1159301862487786 0
0.716561881744 0.1295344403849786 0
0.7016619523423122 0.09777041150202391 0
0.6763496461370813 0.1004084670058471 0
0.5946724581146914 0.1431307476345777 0
0.7252745409442606 0.1173531365622578 0
0.7315228810941958 0.1310122181860172 0
0.7227993422033548 0.143190619429461 0
0.7402790733497039 0.1188275577910567 0
0.746475896287461 0.1324938541846584 0
0.7345334330818635 0.1008481220910931 0
0.7552227760753724 0.1203112005386764 0
0.7614014789583919 0.1339803975681265 0
0.7701517684340227 0.1217971981035705 0
0.7644050730100905 0.1038187224469752 0
0.7763281229733232 0.1354667710529647 0
0.785078485955503 0.1232835598215711 0
0.7912543693662384 0.1369532081886404 0
0.8000047580671186 0.1247699928402293 0
0.7942580791747941 0.1067915145958985 0
0.806180565042764 0.138439653442932 0
0.8149309474910255 0.1262564390954316 0
0.8211067314904211 0.1399261033761438 0
0.82985711826217 0.1277428883365445 0
0.8244392800772672 0.1096158439597277 0
0.8357020294230999 0.1411749113880813 0
0.8446588954555501 0.1287400978470293 0
0.1655184390752488 0.1367919393593674 0
0.1676070771261156 0.1311626728961048 0
0.1714333673035454 0.1357610261671964 0
0.173525474949754 0.1301544296314995 0
0.3200720165406706 0.06192256554747925 0
0.5065597948402666 0.09421678128526408 0
0.1268844754798683 0.2112410654362013 0
0.1254699621590985 0.2170910520720453 0
0.1284698669968898 0.205440865746856 0
0.1241075035862582 0.2012351322931723 0
0.3533467329152836 0.1141130743493325 0
0.5074672686250213 0.3015008389082879 0
0.4489797099646394 0.2692490531826804 0
0.5329034329733577 0.1383197775873727 0
0.3606616881694081 0.1266314706204559 0
0.2707263280421697 0.1835527000353338 0
0.2024093756825074 0.3605805587117453 0
0.2934547386082544 0.06546085120859242 0
0.2275162528581452 0.1214860126063034 0
0.2214352587852154 0.1223744776484909 0
0.2192243880488445 0.1278616529249035 0
0.2154542358659226 0.1233308699510797 0
0.2133110931757166 0.1289595187294458 0
0.2095280032196912 0.1243286644990889 0
0.2643242168960224 0.2369639844518242 0
0.1725860015553467 0.2708970357960718 0
0.4595949483702845 0.1699083639811551 0
0.4762365458654468 0.2213676552625381 0
0.5591073199048925 0.2317330220960055 0
0.06898473370270966 0.2476632854878634 0
0.05751994071761336 0.2510257624588032 0
0.2598357143627853 0.1567226178056144 0
0.2413640991490257 0.05794862854544557 0
0.2530391233441833 0.05720666156593884 0
0.2296440425077367 0.0599487827534908 0
0.3566794556539291 0.2822608173767207 0
0.3649537228634429 0.2697259089648398 0
0.624491952175122 0.1464551356014123 0
0.3154887781434241 0.3510159170665457 0
0.2865726743727887 0.2214700619307199 0
0.6299212752002525 0.2694914660788998 0
0.6391194574463367 0.281366022384256 0
0.7675777284015532 0.1476499873411816 0
0.06013481693083515 0.3015169843157957 0
0.07854313604563214 0.1155041151854255 0
0.0665070758675588 0.1189537012873973 0
0.07545369066071592 0.1277392700129445 0
0.06345558192105989 0.131161327010235 0
0.07221399269483517 0.1397394476409091 0
0.06040407943509132 0.1430997452681794 0
0.06899457526882979 0.151530634562246 0
0.05735094558819472 0.1548490259097926 0
0.05338147031165209 0.1351834346397301 0
0.255762772753416 0.3583455847232311 0
0.2832807375210047 0.2375261748554321 0
0.8718125800088989 0.1698249227421728 0
0.8793833574790282 0.1565781170277597 0
0.8982433706843197 0.1549994945049932 0
0.8846014982580747 0.1430080767647072 0
0.2712564061247777 0.2157782465081896 0
0.3943724181986808 0.06635373528378644 0
0.1300863846305705 0.1996835434211451 0
0.1257153258012364 0.1954249599929667 0
0.2353572683192524 0.2620790069977196 0
0.2319213446732679 0.267004781378931 0
0.06586840332206595 0.1632002725526391 0
0.05428501205928916 0.166498349569455 0
0.06276930327598136 0.1748313513164481 0
0.05121565490831548 0.1781499283507533 0
0.4468708482844046 0.08857071884824663 0
0.06737426447796142 0.06946356137764095 0
0.2420510669957587 0.3572002774586777 0
0.1990263991176842 0.3105765547862026 0
0.6448536427074211 0.267248963506883 0
0.6540834317586951 0.2790533941737465 0
0.6597411156950462 0.2651128435658477 0
0.6689634223263959 0.276935004671208 0
0.6644511372790582 0.2880553625711184 0
0.6765669279101412 0.2858366488326132 0
0.6322883122316649 0.298178330388816 0
0.6835562433219345 0.2743700935432402 0
0.6902532539501776 0.2864650223200989 0
0.6981741838455678 0.2726704057925451 0
0.7073515683995856 0.2845653055962956 0
0.6998131017575485 0.3030216867217591 0
0.6725477764175144 0.3026521034876881 0
0.7134773441348629 0.2707120334040605 0
0.7226565635404063 0.2825453592669668 0
0.7283710842815022 0.2686535889725985 0
0.7375944354393537 0.2804886959962211 0
0.7323639593242121 0.2991412734978839 0
0.7432560236345069 0.266591823739734 0
0.7524696533323828 0.2784253597683393 0
0.7581125445321804 0.264526357824212 0
0.7673296924818711 0.276360294600493 0
0.7628176312031933 0.2874797526343058 0
0.7749294763043661 0.2852715237895216 0
0.7819177081672241 0.2738078309780672 0
0.7886139179104329 0.2859048343391832 0
0.7965345337334974 0.2721110406553274 0
0.8057117324612861 0.2840064233637379 0
0.8118244805694419 0.2708501014920893 0
0.8211190166830722 0.2819981313284849 0
0.8267588922384577 0.2680987858863509 0
0.8359165890059332 0.2795043578946784 0
0.8339849380207918 0.2962607006938782 0
0.8003572992371191 0.3034342223612447 0
0.8470391885244468 0.2893868622346093 0
0.8510714209724811 0.2769709279584151 0
0.85862385462911 0.2866792496691343 0
0.8654972771517084 0.2751846317592643 0
0.8717997198008419 0.2904324812109335 0
0.8800023133945722 0.2741355228390916 0
0.9054491929071069 0.2279291639611352 0
0.8884751230349244 0.2924767692376967 0
0.8541988051288302 0.300896593531778 0
0.1874458709951834 0.3021830977982367 0
0.2750288878286046 0.1504574741527762 0
0.1773494280558738 0.1347540253453116 0
0.1794415996473677 0.1291487692224967 0
0.3998336975847448 0.1308733113533451 0
0.5724505730306022 0.1793215958995613 0
0.1312281194891138 0.2154010794120199 0
0.1298233054480064 0.2212246959543046 0
0.1355774976291867 0.2195234825592906 0
0.1341735477652283 0.2253547056978074 0
0.246688075788814 0.2736910582905952 0
0.4088060559620317 0.1429449016024288 0
0.2073907713480087 0.1299421270520897 0
0.2036049627475164 0.1252940910926455 0
0.2014352681028752 0.1306931240496041 0
0.1976760844244186 0.1262158789157388 0
0.2056421998996226 0.1196886724208773 0
0.09868606805794802 0.3517200239055234 0
0.1122505343298063 0.3466718856042836 0
0.337729143018664 0.1704598149301585 0
0.8123563452127841 0.1521093183366462 0
0.23555956410773 0.3449524818238838 0
0.8556261014443856 0.2624283579974975 0
0.04996046192857478 0.2916582327900282 0
0.2533194749017725 0.2742904121307658 0
0.2344754017143513 0.2724598935829037 0
0.2284128596152061 0.2720090345482941 0
0.2259321240850136 0.2664942543844708 0
0.2387656736732911 0.2571402421821466 0
0.1711462384569204 0.2768704309513983 0
0.1651000166330095 0.2783940560255121 0
0.7191662766746162 0.2568209032710126 0
0.2226125561952095 0.2713804806383573 0
0.05985896398226018 0.1866912652005215 0
0.1273943477601235 0.07192562032674997 0
0.1317179360531683 0.0600745874392561 0
0.2881285156241016 0.3490087876533092 0
0.05683743894466591 0.1101518637122161 0
0.04849633114341179 0.1900088167333706 0
0.09945051481200928 0.2810044042880532 0
0.2200934164680063 0.2658948659589302 0
0.1499952781040073 0.1505524886634647 0
0.1442378815849252 0.152144868536029 0
0.1555815069779556 0.1490817814292536 0
0.1122949117511826 0.3050733153273474 0
0.197731372718713 0.2674572530904906 0
0.03997084774769119 0.1812674755131056 0
0.4899983369668596 0.1331034830751758 0
0.07247329392729004 0.347782767686824 0
0.06166984203861078 0.3375701662208188 0
0.4691526270230507 0.2345895269467467 0
0.1413573454479012 0.1425040886026529 0
0.19533682201692 0.1312891557750354 0
0.14019144404293 0.2780688383007315 0
0.5648006819614736 0.1407057761360882 0
0.2763964431080492 0.2481160255264912 0
0.293084247764055 0.1878254969261503 0
0.1914860641560679 0.2671372233725729 0
0.1738349007255031 0.2648634305186719 0
0.3250643781956268 0.3130598876045096 0
0.1314356552225405 0.1938281701662466 0
0.1274957665586125 0.1895858762833182 0
0.1330534530232586 0.1880322528186308 0
0.1291583493359625 0.1837998570467836 0
0.1349807647249531 0.1823361069720893 0
0.1308528688857728 0.17803930552299 0
0.1250578405701081 0.1795059604201536 0
0.1366806096922844 0.1765797975613035 0
0.1325148027323382 0.1722729687771769 0
0.1383371125688142 0.1708124965868487 0
0.1341640819234312 0.1665038358810808 0
0.4543552752058943 0.2349445797093096 0
0.2679807201615473 0.1889574031101634 0
0.1698741492231929 0.282903548149137 0
0.1240778365511858 0.2229272247395199 0
0.2093169649612512 0.2783661941776975 0
0.2063069705921006 0.3363275759932546 0
0.4666788769350445 0.1566864836643923 0
0.8039173104907876 0.2586226886788487 0
0.2495273305477499 0.2799903108567446 0
0.5219329604742202 0.2580029988232668 0
0.2769629615407824 0.08002283241337378 0
0.2338255411476687 0.0485348120876562 0
0.2216591410400478 0.05076622748456699 0
0.3740213768780937 0.1605976891673929 0
0.04311926403840901 0.2227982131855264 0
0.3463642383470303 0.1268754724459237 0
0.3390531223698637 0.1150231998319611 0
0.4330084417269368 0.2705855027605668 0
0.1352819173067993 0.1980812733252755 0
0.110268929623632 0.05134251972811536 0
0.09691044152769637 0.05355715666400276 0
0.2397541554456367 0.1192108321223996 0
0.5195647247846035 0.1680040399449332 0
0.4607364568506701 0.06756083705207437 0
0.1395941443844469 0.06979192548821614 0
0.1440923378352386 0.05817099037199689 0
0.1517655905907797 0.06767202998973527 0
0.1563040449709761 0.05632849656407789 0
0.1486539672250188 0.04734077752140835 0
0.1637736332211105 0.06559824629661049 0
0.168180119714782 0.05441165466602268 0
0.1756318766544812 0.06360449199068646 0
0.1799997174662092 0.05243010784739107 0
0.1874495097045351 0.06162723547561453 0
0.1918610186217926 0.05059141143267546 0
0.1401582385517746 0.1647867703818512 0
0.1360034483757308 0.1604439493240486 0
0.1755889671733272 0.1245219596050531 0
0.1815781088506579 0.1235195762400774 0
0.1478912234085418 0.1551429339335028 0
0.1638456750768205 0.1268949152734293 0
0.05689701607637812 0.3529538557107531 0
0.2651802214427961 0.1341565103653163 0
0.5891114227464272 0.2608072935651681 0
0.2891554136247941 0.1710789135487526 0
0.3700761466681518 0.2244183676781003 0
0.3794581510571137 0.2366831891664011 0
0.1781646678078139 0.2689302111455781 0
0.1793928139732563 0.2632310395061538 0
0.2172827081704639 0.1338544797103231 0
0.4331013939633571 0.3292163030883597 0
0.2305083664643975 0.2778802555353606 0
0.3537152145597253 0.1390383675300111 0
0.1114791135442565 0.2030684227784722 0
0.6893371110977311 0.2608539123854279 0
0.5629787309154304 0.2661333822026923 0
0.1388133458154226 0.2528595747527332 0
0.4524763239732684 0.1575857665499123 0
0.1299885676560352 0.1621711778856751 0
0.1316880593062616 0.1562897432311031 0
0.06621373108089547 0.2585018959153474 0
0.05467643337316264 0.2627704968770176 0
0.6928313464203519 0.336120959146895 0
0.07760136006106716 0.2554021520384009 0
0.1143545116140112 0.3326832386540876 0
0.1253137997095896 0.3414966453848249 0
0.1233365624418302 0.3556334917193864 0
0.1364530203285425 0.3502656016954298 0
0.1347175130148148 0.3643899218869442 0
0.2741942926580776 0.1996945227263767 0
0.2327918503077092 0.2566560013212918 0
0.2816052105207074 0.1609944476298281 0
0.5116562058782668 0.1552582434167071 0
0.1703760083842695 0.3098506835875133 0
0.6208633023598729 0.2569322375377581 0
0.3799681068932453 0.2702166211729294 0
0.1372758415673792 0.1313062245106489 0
0.4841451043760051 0.2341134228659514 0
0.1908755737720482 0.3650558944252598 0
0.2002448579353351 0.3740799229389367 0
0.2126926050995944 0.3694950555377067 0
0.1776046505480512 0.118715492952734 0
0.3144709582709368 0.09774294472830679 0
0.3503469902063738 0.2690795174837513 0
0.3421495353085995 0.280754373207897 0
0.358062793236393 0.2570657831727314 0
0.2236107181697579 0.1164097576149661 0
0.1832689287339955 0.1337693693962562 0
0.1811428766043601 0.1391885043763157 0
0.2712286611158455 0.2051504819156059 0
0.2682193847397048 0.1997168334355716 0
0.2000245066459802 0.05934381034309355 0
0.8643097722195791 0.1570583519985101 0
0.3935366598232402 0.2367540950849848 0
0.225832525353662 0.03866941458658992 0
0.05248193445776437 0.07359631268910123 0
0.05450272669355547 0.05660290778587823 0
0.04533825488245445 0.1574738970408696 0
0.03952561093444321 0.2349712402949238 0
0.2647096635675834 0.1839331618494271 0
0.1130598133360998 0.221761667908128 0
0.4147317811086323 0.06559493278029831 0
0.5374126240797999 0.2556426426381891 0
0.1476866702463989 0.3588217109186255 0
0.1461845066814398 0.3733253487184681 0
0.2662252838671654 0.1222071525402208 0
0.08047225826294623 0.1477730364878556 0
0.3504225318978469 0.0545087978749546 0
0.1595379160888697 0.3678212889989703 0
0.1403241461362214 0.2241739321096979 0
0.1383493660214669 0.2298264097834893 0
0.1327407835965823 0.2312443911766215 0
0.1370857079686612 0.2353862362591055 0
0.1436586157733258 0.2345067054772808 0
0.1418458192983453 0.240608304331894 0
0.08867730815172249 0.1238969139909424 0
0.1540778978091485 0.1214166329831064 0
0.1843140989104997 0.04072507138310048 0
0.1634808024321633 0.284569149431947 0
0.1679929792515521 0.2891122137356108 0
0.1439854846157005 0.1692515560249223 0
0.1008838128684831 0.0398185578148374 0
0.08376262465031735 0.04330482624226566 0
0.8814702620359943 0.3185298731925836 0
0.9236741968105908 0.2036809730663663 0
0.9443751376030022 0.2408717575672729 0
0.9670679219588393 0.1951182152408967 0
0.9937478907326854 0.243184786825137 0
1.021483803372267 0.2014558293491674 0
1.04439975713006 0.2468127971684017 0
1.072285768897581 0.2052043098462451 0
1.094674444027203 0.2501086091002237 0
1.122443145843272 0.2085051196134451 0
1.144680276132771 0.253313065370493 0
1.172386622994731 0.2116848747446465 0
1.100194305064599 0.1636849167143784 0
1.194605691746266 0.2564816615719069 0
1.222295504896475 0.2148481334228592 0
1.2000789412078 0.1700503149968325 0
1.249980236718296 0.1732109468925224 0
1.272196795187066 0.2180056714859172 0
1.299881166928361 0.1763696422260848 0
1.322097319197763 0.2211630816873895 0
1.349781562776263 0.1795270327984461 0
1.371997626684774 0.2243202491783053 0
1.399681848263711 0.1826839317136238 0
1.421897884672696 0.2274772950071463 0
1.449582092319291 0.1858409621551695 0
1.471798116025651 0.2306343540746725 0
1.499482325030401 0.1889980167242249 0
1.521698346846016 0.233791412664981 0
1.549382555762001 0.1921550752349959 0
1.571598577247695 0.2369484718327044 0
1.5992827860939 0.1953121344989553 0
1.621498807512977 0.2401055312221948 0
1.649183016336449 0.1984691939254082 0
1.671399037740635 0.2432625906757296 0
1.699083246557835 0.2016262533896166 0
1.721299267958495 0.2464196501462302 0
1.748983476774063 0.204783312862945 0
1.771199498173863 0.2495767096210789 0
1.798883706989015 0.2079403723385185 0
1.821099728388601 0.2527337690970276 0
1.84878393720365 0.2110974318146502 0
1.826567915804139 0.1663040350560075 0
1.876468146018698 0.1694610945322721 0
1.898684167418208 0.2142544912909161 0
1.926368376233227 0.17261815400859 0
1.948584397632742 0.2174115507672242 0
1.976268606447757 0.1757752134849057 0
1.998484627847271 0.2205686102435385 0
2.026168836662286 0.1789322729612235 0
1.676867225158685 0.1568328566303523 0
2.048384858061798 0.2237256697198562 0
1.344313430670909 0.2659565607153824 0
1.970800419032259 0.2622049475258544 0
1.527166534379311 0.1473616784517526 0
1.494014138286488 0.275427749521325 0
1.854252124619182 0.1246676977736399 0
1.000334930187564 0.1575330820081021 0
1.643714828930071 0.2848989279502726 0
1.427366070725037 0.1410475661349292 0
1.793415519573658 0.2943701063792194 0
1.277665655482716 0.1315754912019717 0
0.0285140557591405 0.2245055449012021 0
0.7720827439058491 0.3012557461716388 0
0.2652665346459127 0.2052136097804037 0
0.1313656478032994 0.2370210789149543 0
0.1534845347186768 0.2384602126698911 0
0.6931995003909177 0.07150651736474217 0
0.120979697681174 0.1909792657776303 0
0.1878831276185366 0.2721801295403889 0
0.1638102630176919 0.1425951102660534 0
0.2478397525045233 0.3697882107594399 0
0.2626533634241438 0.3709773958581205 0
0.2110537932626869 0.04082140867939305 0
0.2369371087707471 0.2781480145055432 0
0.1466028151298795 0.2678952988974564 0
0.1257739385671924 0.1578740296518899 0
0.4234994929537286 0.1412142060678245 0
0.4174608358928634 0.1551158522817224 0
0.2939107262471979 0.3130540302853569 0
0.0461357724037758 0.3058115534092306 0
0.0739902887568555 0.1709036296970074 0
0.1350287664817474 0.08108606049137942 0
0.2674063389896359 0.1784301383286776 0
0.2617113600240458 0.1787235047015077 0
0.7488976085444407 0.2527054859184989 0
0.7637532075873912 0.2506292375685616 0
0.1845004069276979 0.1171593563018092 0
2.075304026236364 0.1815853041555224 0
2.053723905003697 0.1372377531001137 0
1.954015002803108 0.1315758386945571 0
0.3476415907641816 0.3557727373730766 0
0.3641987890640106 0.355735506132122 0
0.2544834123124107 0.07544164106111276 0
0.1270548425721477 0.2328528215876514 0
0.9704206491211803 0.2845811247877422 0
0.04861670595670424 0.08759905334646016 0
0.3606851891935942 0.1623975576691843 0
0.2357313562022495 0.2514722414868145 0
0.2414550794219776 0.2520808040917276 0
0.2234231278280258 0.2611299427420196 0
0.1915133780206885 0.1271025080703294 0
0.1938802115616601 0.1219042978165352 0
0.1586560987971973 0.279941223303515 0
0.2929881755519054 0.1766822400638191 0
0.2963007448147656 0.170433793240387 0
0.187703719293853 0.3211701357491503 0
0.9024497962824622 0.2768638101275654 0
0.8886250543241463 0.2599667180009297 0
0.05607351425821651 0.1981073768049886 0
0.229902381267448 0.1155413426750881 0
0.2260009336183141 0.1104633170682942 0
0.2623745479373333 0.189065722282499 0
0.04341337586424917 0.2016389021073016 0
0.4028447978888972 0.04599790474692313 0
0.3823449374376804 0.04979194724687237 0
1.804259584729444 0.1229696776591555 0
0.07946048960084542 0.2096312031783813 0
0.4410242320161962 0.2575743152861394 0
0.4252389354630046 0.2564994490107642 0
0.432547572346262 0.2447497679648752 0
0.2174393911776571 0.2605014673078734 0
0.2139892047050562 0.2654102590852968 0
0.4816857635137329 0.1566652721280797 0
0.5644429735586131 0.1667314377486433 0
0.5496782022696446 0.1667719120144809 0
0.5793215960947781 0.1663699965823815 0
0.2151248852070802 0.3433030310557013 0
0.2167289377730116 0.3321702639018188 0
0.4451136686563962 0.1705099262054743 0
0.5062214717993182 0.2204154660261556 0
0.5141215348723175 0.2328949724348719 0
0.5291107308367426 0.2323166374749409 0
0.587407532556194 0.1788905619946329 0
0.8576522317363926 0.1705166114701314 0
1.0671171828874 0.2910221751763447 0
0.2870601225786901 0.2317650666396873 0
0.2902157917109826 0.2377312074338568 0
0.2938165162731086 0.2316311282952467 0
0.2864206586463199 0.2439394044274918 0
0.2184920211125288 0.06183176102149184 0
0.04521663992415573 0.2547004049822475 0
0.04258685211031682 0.2678793114530725 0
0.1367262200915257 0.2139685413194269 0
0.2044910114905063 0.1351926536632695 0
0.2565112180692671 0.2804420170407532 0
0.2601544736722534 0.274642660364377 0
0.46229979171657 0.2476680156132928 0
0.5943000813380805 0.1662431558314847 0
0.180469883018809 0.2820044792880255 0
0.2081501381633812 0.3250342218190235 0
0.8317908544752901 0.3247969252657154 0
0.4544478449167726 0.3295988760042515 0
0.4026998251205041 0.156619437721849 0
0.3325851838257167 0.1270060869081842 0
0.1380527380796118 0.3367775178783401 0
0.1823005528795795 0.07222101145229601 0
0.1752762850413998 0.2590445490001038 0
0.4443800330332667 0.3498784100738013 0
0.4683897837619875 0.3496945630017919 0
0.4218943471324612 0.3479573275373323 0
0.6505692154358428 0.2535768830317604 0
0.6654354372681677 0.2515076500260776 0
0.2934479192400652 0.2439175583507097 0
0.3260935024825488 0.1163140590646577 0
0.3689584561255987 0.1377099708211148 0
1.167043195519837 0.2961957274151171 0
1.217001348935215 0.2985127771673631 0
0.2110780486968291 0.3830975313423206 0
0.03528044353602448 0.2951091920985807 0
0.07010828336715286 0.3642598755162715 0
0.254556242017308 0.3831553033773853 0
0.2298954006072489 0.2513768227774456 0
0.4164851433609605 0.2455930272253061 0
0.4102825927571372 0.2576432715231374 0
1.843456265357532 0.2953061879765221 0
0.1952999097920396 0.2622157026178984 0
0.2020695022268939 0.2625322880920033 0
0.2388551824005141 0.03653057875296509 0
0.3447513544110409 0.2561527075148203 0
0.3515599471438203 0.2454498735670932 0
0.1592834781663065 0.07581825546009226 0
0.03704856082584258 0.07701829967188348 0
0.07457221315092963 0.2669510784446519 0
0.08599781453380936 0.2627893288008838 0
0.232884451400331 0.1094179824437966 0
0.07289605178459897 0.2030105514372229 0
0.07620697870229998 0.1934804087481342 0
0.09030358807835306 0.02784354942825841 0
0.04447624407140561 0.3374317058884423 0
0.3003713461001144 0.1759584414741203 0
0.07016405746338258 0.2117523184522703 0
0.1568026279083505 0.2865455486514766 0
0.1519565640102509 0.2816461014355476 0
0.1891480939249392 0.2623153473251347 0
0.1868562362674481 0.1376027526454684 0
0.1412943693498598 0.1815741525754426 0
0.1579034020135316 0.3826926844028819 0
1.837380321821766 0.08173133841104926 0
0.1252102942766269 0.2384091343241647 0
0.228732139057415 0.3566112114582287 0
0.1209482605407273 0.3696449424173407 0
0.9132146698408545 0.3083213547731807 0
0.1492552714772045 0.2876306798622345 0
0.5675902225764096 0.2440022930961965 0
1.811873286174414 0.3348900193803373 0
0.1706142746884709 0.1193316330579287 0
0.1272810259079565 0.1517958304468427 0
0.1335439721279583 0.1504302489638545 0
0.3901068324667194 0.1193746580132589 0
0.2525126810459201 0.2861936173689316 0
0.3854420334484879 0.2489788159122714 0
2.107447069937765 0.2260308922140833 0
2.071897637041394 0.2682240063443008 0
0.2127998237234911 0.2739942650800624 0
0.2155117327302413 0.2792771102163824 0
0.2121704392951218 0.2836005767856355 0
0.4741561372642382 0.1428341547514837 0
0.4574054857631155 0.3728845037774315 0
0.8493984714379291 0.1575302772570981 0
0.7545357747452733 0.2387931328554656 0
0.1793226467513437 0.1134342563461185 0
0.7197427528408277 0.3208329958365432 0
0.7216646218946909 0.08165250934150592 0
0.1465908377911123 0.3899390575904435 0
0.1157027346250263 0.03842184853238675 0
1.195285987578192 0.3337496358543015 0
0.6117604410585843 0.3084253132141851 0
0.5912036055551146 0.3349720189040526 0
0.6400136860050306 0.3162144213912444 0
0.9278776667949917 0.1702880726142292 0
0.9179111222417654 0.1368276554534693 0
0.9011908869665788 0.1090213165305133 0
0.519150459431315 0.07188953529662291 0
0.5481445174448993 0.07356705766848405 0
0.5742844683465826 0.07649142465273655 0
0.5820808170815228 0.2445829365822945 0
0.2626731651703773 0.1998371546923376 0
0.3395925124446862 0.2458838460763837 0
0.4313620292450727 0.1512895538829412 0
0.1453613470470227 0.1639288429897348 0
0.1494942011466723 0.1672749232920094 0
0.8590872255935273 0.1458675882171189 0
0.7516251095265271 0.08078809396060427 0
0.331553148832589 0.1043335806553328 0
0.5266512410058669 0.1542922531220007 0
0.3911817978965905 0.02951392696726327 0
0.5667448269792696 0.05027422901845709 0
0.4125133938332141 0.1698150735847998 0
0.1975136280839924 0.3881577968194962 0
0.05702074833888397 0.3158255698756624 0
0.196861124416758 0.03876452623198064 0
0.1885797567310357 0.02826684841815438 0
0.03699249376234877 0.3574505661311275 0
0.6520779341819276 0.08130843105057953 0
0.7801533262604565 0.0891074730779054 0
0.8113297782462233 0.08673389357631224 0
0.8431551587975487 0.08881539610170365 0
0.7680455747289407 0.2368093412975142 0
0.7798692622009915 0.247525732127984 0
0.2640212024888865 0.280929082241148 0
0.267411676715812 0.2739277796439522 0
0.09948838741495539 0.1176905742611092 0
0.488368964975948 0.07269063673602914 0
0.4748545668128773 0.04637519876345996 0
0.1992642596537726 0.2576811370726977 0
2.11106822589265 0.1371565670214464 0
2.079251870448526 0.1000543042911545 0
0.04310935599160823 0.3201790995264163 0
0.173469878888312 0.2488386959163586 0
0.2923978727262733 0.1634399526212077 0
0.3394060037842613 0.1386388339560267 0
0.347000611465612 0.148363208588118 0
0.3137339488963056 0.2195939394109588 0
0.3043142410685628 0.2204263831055071 0
0.3085494604554952 0.2117474548146228 0
0.3119893340233932 0.2028998387402032 0
0.2983806458928626 0.2129310143381019 0
0.3030666548294328 0.2048531395852757 0
0.3053467969858798 0.1959362860142653 0
0.3145017466377778 0.1945915035406725 0
0.2955647951796576 0.2201840848435397 0
0.3363466226104859 0.2669805415808842 0
0.3293945527063868 0.2795571126197103 0
0.334082817989955 0.2917843796506119 0
0.1476402295843439 0.07995895102336922 0
0.2293155495035603 0.2904997290991833 0
0.2250398201877075 0.2840446884085352 0
0.08547906623070381 0.1366514563617381 0
0.09148918205189682 0.1462345086569521 0
0.5520233958681681 0.2449548986739155 0
0.5237103209200474 0.3140068776535518 0
0.5416234872379111 0.3347287952996315 0
0.5144876473443579 0.3407159647396085 0
0.0884799525478234 0.2526521044491301 0
0.1709842473450493 0.07358525742090383 0
0.176673832913992 0.08212517364304571 0
0.0260325551812934 0.2402794611595359 0
0.07872069560250544 0.1597668730857979 0
0.08458562500877538 0.1695772034015486 0
0.322473053650366 0.2000214242341579 0
0.08158536478644507 0.06723082380636322 0
0.5168190336590096 0.1420530025760539 0
0.1807828074238504 0.2571177287707327 0
0.5422970802652852 0.1522012666540959 0
0.1233000531215471 0.08355190130620821 0
0.1313584819676608 0.09185332212231849 0
0.1217435245353184 0.09454487023464231 0
0.1970534476413213 0.3291128453010833 0
0.2169602382588771 0.02719264201615052 0
0.4204610298541214 0.2807644138010096 0
0.272626946299743 0.3844042292856201 0
0.2782719624214668 0.3708546245282284 0
0.1479800746289767 0.3460208275325606 0
1.887159287931372 0.08399828252625909 0
0.1720805028977815 0.3770094944068414 0
0.03475830053953211 0.2117683388525449 0
0.08096134765873424 0.2438590694289611 0
0.2270421068938589 0.1519642608854709 0
0.2323905041919205 0.149375818232925 0
0.2372419176674825 0.1530518564572188 0
0.2272920391466292 0.1460248381576092 0
0.2379147777263436 0.1470590674527411 0
0.2426872482605696 0.150770952644945 0
0.241936051488527 0.1568420047877851 0
0.2471990718929433 0.1544080618365289 0
0.243282010600939 0.1448954836720028 0
0.2468547164105672 0.1602053318678582 0
0.2529262029298424 0.1572291210493525 0
0.2518830468779878 0.1634001472442984 0
0.2211361407299572 0.148635381931941 0
0.2224024209078084 0.1426228227626602 0
0.2272853372207251 0.140139912034831 0
0.2479422743775101 0.1735032416502751 0
0.178860641348884 0.14955029484076 0
0.1740928550232697 0.1459953076278842 0
0.1685822137614998 0.1486092723275837 0
0.1634168168675692 0.1592273954251321 0
0.1581365822461021 0.1576197951713433 0
0.1624746301973913 0.1539596635732239 0
0.1541379752217921 0.1620033808362825 0
0.1471117650857852 0.1843214966266915 0
0.2505789192508689 0.221321978446903 0
0.2536955233088574 0.2264865658061963 0
0.250657981825227 0.2310705736473485 0
0.2565422510596352 0.2211300954342832 0
0.259343672115864 0.2263837471922501 0
0.2624675430621392 0.2210294571461033 0
0.2596846726050979 0.2160935746402125 0
0.253481128585456 0.2152542570785581 0
0.1452867280747078 0.1962640574837314 0
0.1413502561404269 0.1919708043952314 0
0.1445288402328456 0.2023766252306237 0
0.1405411631214701 0.2065202980628791 0
0.2093583641968876 0.1461021525663859 0
0.2138393732982456 0.1426243694036892 0
0.2545880321457795 0.2029919037218141 0
0.2508016802438116 0.1790743113808981 0
0.2536734823518811 0.1735921800495877 0
0.146555856398034 0.2155857011483241 0
0.1493113093743452 0.2213123873726389 0
0.215044345450588 0.2535294786925372 0
0.1544522032800406 0.2323694861353862 0
0.231984118927698 0.2455819464605151 0
0.1842869566770299 0.1477203803562034 0
0.2540184522242678 0.191358518182254 0
0.2417123886269042 0.2365148415263037 0
0.2423147571982244 0.2424798814421442 0
0.2463564363958347 0.2398578252367005 0
0.2477704228204113 0.2447716733372601 0
0.2520850098960374 0.2405947186981109 0
0.1969676124817743 0.1453097654821027 0
0.2009416490986119 0.1402926428731792 0
0.1945604733576292 0.1403868353030657 0
0.1427798331288712 0.158318020631129 0
0.08412841781252563 0.2740283732157639 0
0.2472890550608641 0.108991681818372 0
0.3845627790908323 0.1342239657464055 0
0.1683020160661309 0.1553258722408114 0
0.3053702019685478 0.237868689100638 0
0.2640932735966855 0.1735620819886981 0
0.111262394217238 0.1804968955124922 0
0.1148011646879961 0.1733397785627727 0
0.1219772914028882 0.1699920429439269 0
0.1234956339534428 0.1635524446473285 0
0.1161622192909105 0.1860628303706944 0
0.1141249500783545 0.1925263162347171 0
0.1191671132950158 0.1970079143478591 0
0.2332208763245369 0.2840770236961109 0
0.347924325093782 0.2944438194364389 0
0.3376543780279891 0.304731198893272 0
0.1587946655160056 0.1143494123276271 0
0.1624814705968869 0.3042976122327662 0
0.1713837647069689 0.3013066390206426 0
0.1788010277937927 0.3062246065184811 0
0.1793296901965514 0.2983614625370068 0
0.1860292590727421 0.311332075577137 0
0.1782252735077926 0.3157577853302826 0
0.2416795371085472 0.1633162325047411 0
0.2751227636849256 0.1240607219856756 0
0.2732575131748218 0.1319829210690855 0
0.2765170060919874 0.1389019187821373 0
0.2855173790513362 0.1405293847283284 0
0.2921719769580456 0.1481963553184547 0
0.2893702287589639 0.1557225512515634 0
0.01755374108707472 0.2933398814424189 0
0.07117693014152163 0.1826212081796046 0
0.1036901749899651 0.3221517463945724 0
0.1167586060245726 0.32056029371069 0
0.1265129921011636 0.328172333717357 0
0.4850698118181511 0.3710585571189932 0
0.2047077757512741 0.2895897957941925 0
0.2327287272108874 0.1435007593894192 0
0.224915003616857 0.3782220969733685 0
0.2449046457833224 0.2859513159603602 0
0.1939168324008509 0.07158923610548475 0
0.2054058980892737 0.06963542540966311 0
0.2017621302926156 0.07820431237348292 0
0.2902978314215986 0.2648302731752766 0
0.2862859881281387 0.2571911106047615 0
0.2816285583705138 0.264168362978084 0
0.2855894640305627 0.2729184052367471 0
0.1989699628673985 0.1065219997420143 0
0.1965092869531702 0.1126779974054158 0
0.2065413037681516 0.1063641974147806 0
0.2125876158568286 0.1117666418300106 0
0.1755670249961364 0.286995819760843 0
0.107558679903137 0.1960097154311519 0
0.1646574161915307 0.1180724115842838 0
0.245441150023766 0.1354504185220849 0
0.2181853608747617 0.3213912301277168 0
0.2265699771883578 0.3278222092473322 0
0.2271948426537094 0.319001454162081 0
0.2486247544218779 0.1416888597634625 0
0.1461471880171392 0.2257030221829076 0
0.1181870951890086 0.1794256862413585 0
0.2832233651365561 0.1502465448286428 0
0.1060456841940925 0.2248145915219691 0
0.1120620522107432 0.2283563153950549 0
0.1846609370287749 0.2668586471160752 0
0.1671137480573848 0.2506833060396458 0
0.1309668153489925 0.1261327551319781 0
0.1304037042245175 0.1335029706263746 0
0.301083928678477 0.1634102171770068 0
0.4007844629545497 0.3884188612930866 0
0.374652706464614 0.3869308189136016 0
0.3891533916082497 0.3691869618360822 0
0.01377237483173562 0.2211566003516364 0
0.277187547621557 0.1940865151116329 0
0.5015731450191744 0.1437741043105216 0
0.5933241771241747 0.3730800769768526 0
0.05446534314710048 0.2765666950735926 0
0.3358000356921942 0.0179200413073025 0
0.3454634127779647 0.03588948584893816 0
0.3260341652338343 0.03611914899767289 0
0.3160579557893222 0.01791138769694175 0
0.3061152890552741 0.03349553830456339 0
0.2886445525340238 0.03354162877647441 0
0.2789807501098235 0.02019440993236824 0
0.2723693021870421 0.03514089863969066 0
0.2809345589583065 0.04735304299332516 0
0.2629162320632041 0.02392232920251328 0
0.2562066098861055 0.03713973715505464 0
0.2679939358253077 0.04775698137158326 0
0.2752404016771464 0.06110481033034083 0
0.08855304494847088 0.1549175251681649 0
0.3302339723936407 0.3916785743193153 0
0.3097362776957152 0.3922817044251024 0
0.3184228840300638 0.3762075929478371 0
0.3012686614956144 0.3777522206718374 0
0.08015403136251496 0.392963806441153 0
0.1029137333459625 0.3916092459167781 0
0.08848855848920031 0.375436867625133 0
0.1844095265169813 0.2771022808080675 0
0.1776966023772838 0.2755272962351106 0
0.3644310927668937 0.2456442311375732 0
0.3584387393561051 0.2328985695648774 0
0.2449978115034183 0.3329023500167457 0
0.2544497134304751 0.2526844370713895 0
0.4481535389149545 0.04503765492298346 0
0.2564918217070779 0.1515870367967971 0
0.01587008672558126 0.2733220351440511 0
0.2763176147249811 0.271115718047506 0
0.574030352311213 0.2566591796504555 0
0.5978234318538437 0.2462603679672773 0
0.1340165255409993 0.01757973031077485 0
0.1528794533044967 0.01560379971095194 0
0.1625375260348889 0.02929862329179152 0
0.1457773121272856 0.02917968972078716 0
0.3089018296673506 0.313821974681446 0
0.3152440521703737 0.301892288537753 0
0.3013447180921213 0.3025909140060186 0
0.01586503742024377 0.115683107902295 0
0.03093123954486961 0.1080446477950127 0
0.02949751096848139 0.1243649218216668 0
0.01567060046796798 0.1331609394494224 0
0.03015070015993697 0.1408816722171995 0
0.2613109697424782 0.2422984054276294 0
0.2579221946195555 0.23736285801261 0
0.2360863453361938 0.3229217517076698 0
0.2456356248021489 0.3218388164194993 0
0.2065566472567493 0.1141363598815734 0
0.09600034522064733 0.2590167281513316 0
0.09417378892009717 0.2685307991551892 0
0.07469824276841741 0.02998751563687654 0
0.2707870874436216 0.1151498656696073 0
0.3212630541633187 0.1279857305588742 0
0.01671726842262776 0.331446907457096 0
0.3208299279070555 0.2895499227660346 0
0.2632954296544748 0.1620426187080335 0
0.2610210094118814 0.1673918846950798 0
0.03040863817267391 0.1568339457445119 0
0.01729723082486128 0.169506432201936 0
0.01468955765926949 0.1874646672424997 0
0.02833564304153375 0.1980184539072004 0
0.211658893479061 0.259946821661991 0
0.2080129750031623 0.2648767049518488 0
0.3369440027519874 0.3716710958713559 0
0.2777918080147861 0.2565790403824781 0
0.03402026602812661 0.3919053458513173 0
0.2253409087991704 0.3382774499778234 0
0.03692735089517762 0.01940024761092086 0
0.04717512129508206 0.03649659325766046 0
0.1500248089013226 0.1146883320562119 0
0.1606685146764677 0.3523599498476569 0
0.2677639889258316 0.2316822466866277 0
0.1041159354710759 0.2037746875444323 0
0.2449112119523689 0.231123781029336 0
0.5522900203531488 0.3815764985905338 0
0.2812681881796889 0.3162328951657271 0
0.1185463531409939 0.158093998294908 0
0.01913069459179707 0.07740130225864499 0
0.02805081764662288 0.03704978230420228 0
0.2653511554296003 0.1943119247723801 0
0.02062625347156025 0.3738470425529946 0
0.6789588854694663 0.375175868500087 0
0.3561098804728292 0.1762798446846732 0
0.2245057841420187 0.2768557659120516 0
0.2263691827796723 0.07062163288907232 0
0.132235059554393 0.2539197947873246 0
0.1340925011304091 0.2475485874994443 0
0.1403591253272589 0.2466041920944078 0
0.1448092301305796 0.2514190556543411 0
0.03645915090311799 0.05258758238308255 0
0.02993584260915398 0.258364553959712 0
0.09445866981408704 0.1327760343918437 0
0.2742572949372104 0.2104979837436294 0
0.2101126816117537 0.05361209914475248 0
0.3883219228239164 0.2824071575174047 0
0.3965994408357509 0.2675100850116724 0
0.3245323053552192 0.2686914780857961 0
0.165411559061915 0.2564319629267151 0
0.1480625498179243 0.2307007444198695 0
0.1476437296895866 0.2400802787373519 0
0.1591003165455969 0.2367708620106968 0
0.2365368494649855 0.1590194555395715 0
0.184842171829019 0.2524144935423621 0
0.1723567104760655 0.3622665663945359 0
0.2682555851316346 0.2104457951932496 0
0.2626820130978021 0.210781209957205 0
0.1524156060394348 0.1732200127891383 0
0.1094601819751034 0.2790952039738823 0
0.1891951856217678 0.1322513838411565 0
0.1907812279282827 0.1138961013247342 0
0.1876283156580445 0.1225930525664575 0
0.222330514458715 0.1371416990071808 0
0.2178219439770905 0.2847262828239286 0
0.3642074927230259 0.2102049808403723 0
0.3020527212142804 0.09731014421449739 0
0.3076792689465149 0.108965686513261 0
0.2700702033574784 0.1725137895952091 0
1.017315042166009 0.2868252901988825 0
0.9939473684493759 0.3288176610572043 0
0.2734778132392878 0.1778750628258246 0
0.1365158189031245 0.1379327648326007 0
0.2325800876723222 0.1367704945554678 0
0.4006485882673804 0.2234700226776819 0
1.050083742555534 0.1604061439624357 0
1.077939596187799 0.119993306527083 0
1.127891041098033 0.1228631865667898 0
1.104639724235978 0.08039820863140563 0
1.028080491061322 0.1163708214926098 0
0.9781704669242256 0.1126350232517865 0
0.4075335657824837 0.1845588480711937 0
0.4296639565626456 0.1677781464796169 0
1.762097817472584 0.3322407679352571 0
0.4314006507947633 0.2220772545837394 0
1.117180229007775 0.2920880669680493 0
1.150142537541927 0.1670054873932026 0
1.17778544087237 0.1263510830559583 0
1.227731342107238 0.1289431073539991 0
1.253714528143292 0.08700791433234083 0
1.303616036663142 0.08922630550080519 0
0.4376125615103597 0.1831136922522877 0
1.244540258187727 0.2591806071271764 0
1.266823797011082 0.3029344771650195 0
0.4466561652411279 0.2219638412392713 0
1.294433476203248 0.2624722198725794 0
1.3168246430952 0.304502777651971 0
1.365304242861066 0.313174061846469 0
1.338845298449573 0.3523863078877231 0
0.4991361384037506 0.2335929609339867 0
0.5094896635377096 0.2460657346208829 0
0.4912287871957696 0.2208841540382976 0
0.492438814054405 0.2472715274442308 0
0.4770769342675155 0.2465647526415187 0
0.4705519733048792 0.2603036216171815 0
0.4526118092854161 0.1830691101795496 0
0.4895822435988063 0.1690320135830944 0
0.4833204449135503 0.2081445371628428 0
0.4963185914245536 0.15648791485328 0
0.4587703579481072 0.1439406872030784 0
1.377466020867609 0.1378909109374928 0
1.404821493652466 0.09641750299758216 0
1.455112772139616 0.09908702101825949 0
0.5346883632142103 0.1670488440177983 0
0.7974301733789481 0.1506228692656471 0
0.8036518675289812 0.1638315297880819 0
0.7887621270554859 0.161979300428568 0
0.8186192277102362 0.1649043471958166 0
0.8110207842732875 0.1748624492626328 0
0.5274951096219694 0.1806699838123925 0
0.7825176908731551 0.1489986283373524 0
0.7737983826350485 0.1608699289675732 0
0.7588348974084528 0.1597582362139557 0
0.7663941305772725 0.1731435007182361 0
0.7504542711518458 0.1721389728024443 0
0.7433580803312559 0.1587267873936882 0
0.7355010849863791 0.1724637709678462 0
0.7292452631658657 0.1859523472320128 0
0.7203017591818004 0.1738153642260017 0
0.7258695896447496 0.1584986032874987 0
0.7108484022578972 0.1628606593533342 0
0.7371129110236707 0.1450142669233208 0
0.602391735364709 0.1784801961422184 0
0.6092998476045218 0.1661578888992073 0
0.6173840255575679 0.1780802039349923 0
0.6248347938502231 0.162923316147472 0
0.6324668603110277 0.177157056365388 0
0.6395042691502407 0.1641953988623968 0
0.6474205406669746 0.1768978254798322 0
0.6544980042596111 0.163712090440096 0
0.6465881931869787 0.1509735222844769 0
0.662011233953761 0.1496227363449938 0
0.6695715550968896 0.1634243357044117 0
0.6253364210767657 0.1906391520182403 0
0.6403379087190567 0.1901124737501161 0
0.6624052311546058 0.1764651152109922 0
0.6774114074927471 0.1760192179415424 0
0.6860142609288734 0.1622444082178969 0
0.6923344341625605 0.176046325483932 0
0.84396511298388 0.2226977024218653 0
0.8518725236021287 0.2354352789251634 0
0.8368800870938597 0.2359114073367875 0
0.8668647818950841 0.2349578288171705 0
0.8451821666212816 0.2488141552100149 0
0.8292771394470044 0.2518309933741545 0
0.8218012296849297 0.2368362356648869 0
0.8386075060221443 0.1155596731387521 0
0.8553578095374832 0.1124279393318066 0
0.8730396221965301 0.09385201512407763 0
0.9099718522303986 0.07476796731625236 0
0.818592768175512 0.2980992806026122 0
0.70787040375315 0.1408503242595451 0
0.7731349684473061 0.2622075141985496 0
0.5440998537362073 0.231736001843052 0
0.8714748384952111 0.1438323205645044 0
0.8779399205711391 0.1300889158538137 0
0.8949711979158111 0.1297531245375569 0
0.8606178244568792 0.1310430369509328 0
0.8691193552417271 0.1165139296780259 0
0.7491666386888497 0.1054108064758704 0
0.7042044328429067 0.2588502168459034 0
0.7104750175311675 0.2451988720895466 0
0.725038548509363 0.243877887458306 0
0.7167532375808602 0.2315450895378941 0
0.6957515923531093 0.2477702406825353 0
0.6804597348195804 0.2501168549519023 0
0.7990689301134238 0.2239888558448122 0
0.7927709870172689 0.237790632891602 0
0.8077985438706784 0.2365241066363201 0
1.693699986807111 0.2867136275553873 0
1.662149332985418 0.3278805361652288 0
1.612515364432993 0.3257277868776301 0
0.6356765054641671 0.2554437530470967 0
0.6271743518904457 0.2426651894118256 0
0.6095936732145483 0.1446874427944264 0
1.444071948335715 0.2729339192328528 0
1.466329929471474 0.3170640868036412 0
1.515243105105098 0.3205599909644035 0
1.483401757938807 0.3654374639086127 0
1.416177943011503 0.317886410312732 0
0.774566709976198 0.18619270836723 0
0.5362047345868426 0.2194121854141108 0
1.871023377864739 0.2555206655934191 0
1.893792863125276 0.2978285180113567 0
1.626966994938027 0.1536757971649211 0
1.654502838236221 0.1143845134943727 0
1.704526706387805 0.1155873616162521 0
1.604498405732917 0.1116577130731019 0
1.680164745955513 0.06989833167331917 0
1.73618904506747 0.07668396909031272 0
0.6703160390246827 0.1892159421484459 0
0.5803531780986672 0.1920749000643729 0
0.6190770919871014 0.2298287016373348 0
1.904979001297253 0.128678936552111 0
0.678807581292587 0.2268774665353079 0
0.8736960532277052 0.2211965332962366 0
0.8827483086213636 0.2327067434848836 0
0.8747732182835221 0.247703012729196 0
1.543780429896512 0.2781580875866321 0
0.5511960265091025 0.2188998555173066 0
0.6340695350076513 0.2293526215226676 0
1.577024670039694 0.1509812898899117 0
1.554722158189868 0.106304401892061 0
1.505563107430357 0.1011750122770742 0
1.538833595568881 0.06235239730910726 0
0.8266828711984413 0.1530088868257112 0
0.8341349245323834 0.1653361886833332 0
0.8602055953104981 0.2483237276663668 0
0.8410327629835921 0.2638803319305609 0
0.6351694343873696 0.1064704954202326 0
0.8289390122523919 0.2232682222169947 0
0.5953373481823531 0.1916185313117516 0
0.6637733260196247 0.2277453594906142 0
0.6059646112944888 0.1054461409795882 0
0.6167434897125337 0.09296337181825631 0
1.776652300643648 0.1633901488068281 0
1.921000239215079 0.2585102429994903 0
1.943638077551954 0.3030728534480863 0
1.990602082741482 0.305207121859248 0
1.958960746418188 0.3432087514375842 0
0.6934905252460868 0.1397348052005228 0
1.477378817004003 0.1439183761269016 0
0.8652155094055585 0.1830218701835999 0
0.6745902064602287 0.2631122706724996 0
0.6504173001897168 0.2942532723994782 0
1.743008789418409 0.2890193477642426 0
1.593236970199746 0.2810529729219762 0
0.7340698419365552 0.2549310556427556 0
0.7524601654017975 0.1462705882708218 0
2.003923394442789 0.1342540049023827 0
1.981736793863249 0.08934547944395731 0
1.726760769952026 0.1600955853545018 0
0.5425126289949896 0.1801339335361779 0
0.7511018933308604 0.2946047928716035 0
0.5892708700075446 0.2314080002637813 0
0.4983129003960358 0.2076682365632016 0
0.7163855891725159 0.2980213241838897 0
0.7788093465669733 0.1089596936091841 0
1.754995070289052 0.1206997033727785 0
0.7186095125760448 0.1027108731491319 0
0.8089925686112858 0.1108335368135199 0
0.7882116010386061 0.2606423028405979 0
2.020514382561749 0.2650142932422642 0
0.8502230663850081 0.1834979502982666 0
0.6852586786490852 0.1888549758974809 0
2.039557658620354 0.3181732892152916 0
2.093624958700716 0.3177458663082418 0
0.5797443239767027 0.1416134964900749 0
0.5780076392071267 0.09859390553695696 0
0.1281404213333067 0.1680380234573849 0
0.1420533424235193 0.1750758629284985 0
0.1267012678874619 0.1739544366119664 0
0.5468940793825046 0.2683137530344739 0
0.1357566206388388 0.2414114708626883 0
0.1383657788854937 0.1871556130830221 0
1.393960512706111 0.2702914160488146 0
0.1853599877285488 0.1281477451621361 0
0.1038602150294809 0.2642979618964583 0
0.5204687998953172 0.2968976771503907 0
0.1228401614376294 0.184893246023323 0
1.327276918090519 0.1346145520642796 0
1.354273038833225 0.09263607411956493 0
1.379131298202386 0.04847597717252608 0
0.1408830708124722 0.2179095795217979 0
0.6007716925591299 0.05647020758096601 0
0.1284236228283617 0.2270599951548366 0
0.1347771658073871 0.2043694232134178 0
0.2593936444938173 0.184162313223272 0
0.2173129846662195 0.1172425012980676 0
2.075353399492566 0.3668211509861961 0
1.072240874434664 0.3685970796124363 0
0.1228464123867718 0.2287346834332747 0
2.077346600110113 0.05213218049641649 0
1.228736307315005 0.04302280538574491 0
0.9810533122916018 0.03947563987991246 0
0.2108082693242914 0.134316806250529 0
0.06716717637499628 0.2761862738525788 0
0.1697803550210321 0.1416722313586267 0
0.140464530071702 0.2867131930909118 0
0.8148345653349227 0.2495880243702887 0
0.60590650726095 0.2588220881206266 0
0.7249508988318543 0.3630230156304432 0
0.1998832822641799 0.1212190496920357 0
2.031627221876639 0.09265747172953907 0
0.2900481065951464 0.299940043095293 0
0.3068983260505813 0.2925259863519816 0
0.2293787397390156 0.2615880254466095 0
0.3655895440067807 0.03701527414944643 0
0.2446639152719083 0.2574936248978042 0
0.2478888288286151 0.2514169385783954 0
0.2111802811275056 0.1184156183134496 0
0.2191280000235689 0.1108332533856956 0
0.2574410330313738 0.1622770206602922 0
0.3451928107560983 0.1013884279736011 0
0.7394285593212093 0.2412970092950794 0
0.1631676913309359 0.2956965062315478 0
0.1908657673494778 0.2775414450568488 0
0.1966308860502246 0.3191718278923583 0
0.1197582065276603 0.2188058850872182 0
0.3920773795318738 0.1849050199031332 0
0.2269268807575285 0.2564783343668821 0
0.2961461573802631 0.05017325757487232 0
0.1506407246330896 0.2499342400089858 0
0.8744606090017887 0.3664253142021367 0
1.278590334549964 0.04424384336199527 0
0.169713236970727 0.2605538942988908 0
0.5498219609000218 0.1390969367216243 0
1.589276327764745 0.07139881385388459 0
0.1697012978066994 0.1255375397259277 0
0.2230838367700307 0.01366677666869498 0
0.2124436978701774 0.2907448015419739 0
0.1521936034182388 0.2658473649515254 0
0.1609187914243856 0.274085767770036 0
0.2226825967234474 0.1041646786282666 0
0.08204927759571276 0.1773299056221058 0
0.8713600969938845 0.2621171911017925 0
0.2043724107374396 0.2574670450563709 0
0.1428130291867878 0.1359820493965973 0
0.135391349711777 0.1443277394617532 0
0.1236281860706539 0.04967924984123277 0
0.1313249178281754 0.03574434153358019 0
0.1579273324555333 0.1435413229283842 0
0.1578933477749534 0.1275452082519491 0
0.1184858381152071 0.2767254529243008 0
0.112288484456723 0.2698318344222816 0
0.1324932467945856 0.2099771395236944 0
0.141662344023379 0.09029130481078894 0
0.1297575412864204 0.1016635908399354 0
0.2157290844420255 0.3559422658197358 0
0.3734609777579792 0.2571044117963771 0
0.137399271325682 0.1550171329602092 0
0.1712606537217733 0.2550162069789779 0
0.1753928782202606 0.1402600350231795 0
0.04024989726614905 0.281346193906753 0
0.9376093802204837 0.1100751621438694 0
0.3941225729142032 0.1447694920162141 0
0.4440377510778118 0.1468287631619697 0
0.1294166674341108 0.2429111865377949 0
0.3082467133054874 0.1743651360977734 0
0.2645295757349809 0.09140738163780213 0
0.2061806207494266 0.2834115340501092 0
0.2711479438623207 0.1942551041438085 0
0.828682255718579 0.04507511345317741 0
0.2461312942601353 0.1174094180509936 0
0.2414421009345395 0.1127410094297359 0
0.2899713729199143 0.2159507385082492 0
0.09773513543947145 0.1537203809947011 0
2.121004137799008 0.279691034457295 0
0.6421183787080939 0.2417324775204174 0
0.7146938256842998 0.1878065861805745 0
0.08897979834261523 0.2834569627554819 0
0.1385121124359595 0.3252381236886538 0
2.158638306899726 0.2510529303970606 0
2.158298046367128 0.1595012320426586 0
1.973794494850397 0.04208921905221794 0
0.6122492389774152 0.2433742192770184 0
0.2405512243792474 0.2731304651715848 0
0.5718332834943171 0.1540052547543982 0
0.462081037074592 0.1300156616445381 0
1.203734599467868 0.08535186828226488 0
0.3275393675077796 0.1378097011091004 0
0.3762979080890224 0.06939117575220013 0
1.430088001379435 0.04885681843498018 0
0.8832521965783573 0.1158458603447975 0
0.1464324618668294 0.245717501303485 0
0.5570025095896285 0.1536130390157514 0
0.09249774363478891 0.24413983983143 0
0.08572798221440014 0.3577404471731258 0
0.04277309677243134 0.11664569927567 0
0.759553248422067 0.1860538016078746 0
0.5067873266258109 0.2603108228040025 0
1.223833378212171 0.3723996536298764 0
0.2654361343785503 0.2157487748692076 0
0.2957509049625198 0.2059293185633129 0
0.155637590769005 0.1680303768225518 0
0.09033567140533039 0.1115102976783878 0
0.9319359186100216 0.2738630243615274 0
1.911644463186531 0.3383268913044328 0
0.424187267048612 0.04422504829190347 0
0.2958380833375198 0.1063511211301433 0
0.07217191295858187 0.0550553990514599 0
0.2703109450110275 0.3589642475164841 0
0.2576637130288464 0.06658349791084342 0
0.184021989412556 0.109209244454951 0
1.56552016602317 0.3213740526953527 0
0.08560353344253535 0.2156506443375146 0
0.6995834361214774 0.1531077621470777 0
0.6635396903281134 0.1347397404769315 0
0.1209193534777187 0.1493905338171439 0
0.122608357674208 0.2444232452960661 0
0.1866027213510013 0.3782018595089822 0
0.3454901277598211 0.2186606050077984 0
0.2618206090805285 0.2316511793894347 0
0.4365858222515109 0.06593531661911865 0
0.7546226264725362 0.224719326934447 0
0.2336204353502244 0.1204565233380323 0
0.6775646988992559 0.03640706276254781 0
0.2344129156165651 0.3681229187032939 0
0.2616096470927459 0.1286609048707395 0
0.1885367608939362 0.01282293733266949 0
2.164016263509829 0.3398756543516118 0
2.162281932183268 0.06842082099063206 0
0.2689311750481883 0.1393896619333683 0
0.3484947192298373 0.1665790639502731 0
0.249623378524609 0.08469190541411056 0
0.09076763104926787 0.1774584280667567 0
0.2721843061420781 0.1450895746696511 0
0.2683020942230844 0.221011688907777 0
0.4597372616496376 0.02227964158475787 0
0.08499483165363481 0.192591859863858 0
0.1099720523009465 0.3608131901217929 0
0.1063155802837926 0.3739832476723978 0
0.2565643461690861 0.2689169866375422 0
0.1602741912246956 0.04450306247260841 0
0.7920266487095049 0.3305343553499065 0
0.279878600355773 0.2431992775450577 0
0.2782789670332096 0.1557448397011939 0
0.1363650783291046 0.04858771659887653 0
0.05464680597199346 0.1225476631980302 0
0.1183034026055684 0.2247788004864037 0
0.3517572941132999 0.2089285661469648 0
0.2397646165890146 0.3816423648914963 0
0.2751232423161875 0.3076988635020131 0
0.2674595348149442 0.07235407232470541 0
0.16062516147331 0.09052285376499979 0
1.935364939613544 0.08727643387703157 0
0.2831460207715207 0.2266443317590247 0
0.2052170553448135 0.3165490370864139 0
1.077762093057075 0.04092256986413863 0
0.1067254086128638 0.1236731936362499 0
0.2896692881201856 0.1824847735117753 0
1.15485242963824 0.08355702562031364 0
0.2345372050592633 0.1024021409988757 0
0.2990858347426949 0.115045847698676 0
0.2716517530276569 0.2814026165242248 0
0.2697612624421457 0.2666059719455272 0
0.1178741922817385 0.2024627485543879 0
0.2592440504661445 0.1942841538111252 0
0.0899033335552354 0.07906656391723393 0
0.04842596686177712 0.2430619243497378 0
0.04908371127838704 0.1454854017851169 0
0.2081785153294632 0.1401870058895969 0
0.06005160684388101 0.09701044986450881 0
0.09319504123813668 0.1691948396009189 0
0.5657898744161802 0.3146299946400621 0
0.3130317921453613 0.04907097561652133 0
0.4886303149212042 0.02259776024882694 0
0.1718989959824335 0.04206336595011757 0
0.1732175899693413 0.2939727750389997 0
0.1286511462855404 0.3073870484701915 0
0.3104777919998635 0.1307877101027878 0
0.2381468484330533 0.2464960200074645 0
0.04282038044543958 0.1697159518494941 0
0.3143479040459387 0.2717860353185017 0
0.2038553998592303 0.2682853465806669 0
0.2467178896608684 0.04739743844421729 0
0.1500937872768201 0.325442816647788 0
0.2081756513041103 0.08403723047879567 0
0.3975516515069387 0.170058632490915 0
0.1742349469012269 0.1143003864052358 0
0.7061837040470725 0.1756885759191435 0
0.1392997905973636 0.1493430363196922 0
0.2996202560030382 0.2288412648121262 0
0.3149453262061584 0.1182099208996865 0
0.1296530018827408 0.145594549720598 0
0.04551743995752075 0.1019650990367563 0
0.3212443229131284 0.1469591837780134 0
0.1854456678397254 0.2942236410099069 0
0.3062824270550611 0.06292130148981605 0
0.03292549116694009 0.09160891671013437 0
0.07956748807973754 0.0145437648386721 0
0.8253341836954893 0.3696332362688555 0
0.372008298173111 0.3401618353665825 0
0.1022963597623543 0.3088688055676795 0
0.05485646368607421 0.3699028467673974 0
0.06998158782556625 0.3105078272341076 0
0.1218147234195632 0.2698049635150832 0
0.1214955523271616 0.3011976862203699 0
0.2851868506307002 0.1660365200695505 0
0.1620765697074961 0.1486839188474546 0
0.1050866523049092 0.2555465874793443 0
0.6568269769535562 0.2405068682131461 0
0.1760883225435255 0.03101167603979127 0
0.2260530045009659 0.2477517219940381 0
0.1070698569057504 0.02669660090228019 0
0.3306767922523634 0.1638263101749066 0
0.2651288493109217 0.2263438548496179 0
0.1316364297950601 0.3815370359028214 0
0.3667570287806582 0.05634885684563235 0
0.4310010037494894 0.1274287196808075 0
0.259373609785419 0.2055555539401605 0
1.629854256683555 0.3697431071227957 0
0.2213088655121292 0.2557783795002653 0
0.2255991086617437 0.0809416149723818 0
0.2381985371576663 0.1413928530088974 0
0.3887588508706273 0.1585821045078277 0
0.3344276569675877 0.06004581109265609 0
0.3442373637084798 0.1787431086955966 0
0.2158289195439346 0.07186609285796501 0
0.4773131459090967 0.3234087860237688 0
0.1655823340684796 0.3401995150102148 0
0.3015271144465807 0.3502469262368595 0
0.3307924908229555 0.3531901435148933 0
0.2966848719031198 0.1937005208984781 0
0.3002995753320598 0.1873967165088966 0
0.3091372392014918 0.1881374346759517 0
0.2320210023285023 0.02596279437512074 0
0.3578150979240709 0.3730958478873173 0
0.2477474172976672 0.148366966064516 0
0.8190787365632979 0.1857421451650854 0
1.381450463392734 0.3691986948334059 0
0.1539586343742847 0.2756755416189038 0
0.1470737464143075 0.2752135861974548 0
0.3797374289899225 0.1469705360494148 0
0.2739600160394871 0.0903518357263504 0
1.131376759095313 0.04087103290461763 0
0.2432073993877114 0.2789588385605005 0
1.872007210620585 0.03990295977151537 0
0.5866014379180413 0.1542592419817745 0
0.5248366717977656 0.2446473179042421 0
0.2721971971000616 0.2529314533421135 0
0.06626910936652468 0.1958193217650804 0
0.4757296570149734 0.1285345371930596 0
0.1205157826504755 0.1040232779329226 0
0.4248079802669913 0.0841748182645039 0
0.5044105449640176 0.04802542174228029 0
2.121379053248656 0.1822222222217516 0
0.06331891934614857 0.0416022918915021 0
0.1410230160713477 0.2705199076240534 0
0.8932958277211722 0.2441709261414748 0
0.9129131893531899 0.2532608500969207 0
0.2898558525214304 0.2504694111041989 0
0.2830205514502592 0.2498966417504046 0
0.2471439756706536 0.02489619763967333 0
0.7809728585163043 0.1735279647836021 0
0.3992906291137151 0.2504432562783503 0
0.2502003479917548 0.1684852668672353 0
0.2924784708740902 0.3643488993980985 0
0.7696397540881857 0.2235521187914943 0
0.2168110426974897 0.2704206424759654 0
0.2754517116770278 0.3479707641780071 0
0.2526305095475329 0.2469000848873687 0
0.3801268326074574 0.3253571689402564 0
0.289587590253452 0.2052094684612081 0
0.5006894343768966 0.3212360262776594 0
1.682092232810114 0.3690221906046405 0
0.1839248873118441 0.08802900031036304 0
0.2025752244812384 0.02840960479520672 0
0.03171172962671898 0.3097961731637872 0
1.53340928645179 0.3659032903345941 0
0.05362221722695858 0.2087734539718168 0
0.7262845922970872 0.04532184620522273 0
0.300196909116869 0.2475975143716453 0
0.1045398150311183 0.1314772446329353 0
0.2561973805849213 0.231401764768851 0
0.2337109213869741 0.333375248554691 0
0.6766999093843629 0.1526523612571774 0
0.9740634385280523 0.3680432947048342 0
0.250430468392758 0.3148610300520012 0
1.054246567294931 0.07996181521790248 0
0.0307169088347846 0.1721079767349648 0
0.4121179358644578 0.3681197743751034 0
0.4001016403342097 0.3470475373775509 0
0.1221032872637718 0.2337838432074674 0
0.01173570098519628 0.2375888174954705 0
1.818877225130457 0.04085304253948313 0
0.1261812558142962 0.3168979905496694 0
0.6719332637117669 0.2391498397839164 0
0.06341571860178724 0.2052160637202468 0
0.3746340051177844 0.01695208376038022 0
0.4112724482873389 0.2709471225401858 0
0.07930671021601426 0.1855102666997141 0
0.03025165275596828 0.27290466666108 0
0.1824250067395354 0.3570830252388554 0
0.1795156506631864 0.1441935152292827 0
0.1604784327227435 0.1220635668831985 0
0.3612370782122314 0.1498987943626424 0
0.406801032387191 0.2356535710529887 0
0.297253435398485 0.2377069633496384 0
0.2138045562428054 0.3979441356011666 0
0.1412455007452531 0.2120549280928397 0
0.2914444696293333 0.2258834888714256 0
0.2392742346918746 0.2835218102009657 0
0.1532641286519447 0.1552202319451872 0
0.09825555212813422 0.01379475965684587 0
0.1607363138288129 0.3963708969992564 0
0.1556306131647514 0.08391621032032866 0
2.120039730117432 0.08510775325631774 0
0.33448229589362 0.1480333896990876 0
0.2230502943927871 0.131976153843476 0
0.9310001663164285 0.03998689659063012 0
1.712381460737039 0.3294317909027153 0
0.2563504956768979 0.1788339550747886 0
1.041984941670636 0.3269286988190439 0
0.2589708520433554 0.1726031105782653 0
0.4408416138642773 0.2341831977102888 0
0.5374966552637368 0.241859499706868 0
0.1869463317265974 0.08003136828508642 0
1.005264272304253 0.07920179512899547 0
0.2596625803128418 0.08350571885421512 0
0.30460169435228 0.1814950868383707 0
0.08723070427908726 0.2378285664817288 0
0.2560570430888721 0.2922081283848523 0
0.2470272752789472 0.3961467589058958 0
0.2234325509634402 0.3119122835144202 0
0.4097173352856204 0.01967775641539206 0
0.3755382185260475 0.1236081827339706 0
0.3288698482745095 0.2460176322136337 0
0.1824011606492859 0.272092306034789 0
0.6017606843655803 0.1549252784566795 0
0.2469178671237883 0.2925183393935244 0
0.2188362945217326 0.2753377026660042 0
0.07669908262106521 0.2179508292675436 0
0.1135243470606122 0.1980225979979369 0
1.78693038819092 0.0801583684029154 0
0.1872929041830993 0.257463699926847 0
0.1749507796144685 0.2808603148769028 0
0.09371243614381984 0.0664357137581202 0
0.2074561745812507 0.3098309697556653 0
0.2751081037401432 0.263528524001577 0
0.2785362420890414 0.1451147020764749 0
0.2181359677241168 0.1399448906811937 0
0.5910712289702869 0.02669735059918076 0
0.145788311203279 0.281854479777376 0
0.4887463948377118 0.1465729858237081 0
0.3263099081922919 0.05008816198865022 0
0.1391144042254226 0.2017262826274099 0
0.3196032958073733 0.1071747624973226 0
0.2968357212034333 0.1819737925538554 0
0.2993386160018222 0.1994737655329697 0
0.7955487934590717 0.1741177915249476 0
0.1174595412372904 0.2642631854078808 0
0.449129454600695 0.2466950404212693 0
0.1512393276269676 0.2708977186152491 0
0.03731066776820513 0.2463673408315666 0
0.3267253508186581 0.3005029581892251 0
1.777809045759989 0.3751423405474969 0
0.2360365530205898 0.1140414790631871 0
0.4239664366581122 0.2341666574828938 0
0.7269006376140668 0.2244869883188556 0
0.687466071444699 0.2373002121114404 0
1.092629670972278 0.3287394946114886 0
0.255531628618039 0.1679582683491264 0
0.8453318789067485 0.1718578995114048 0
0.01673762711400616 0.01935463647596931 0
0.1769246556954379 0.09036105739947677 0
0.2681361498637096 0.1284701576241122 0
0.06661018846324489 0.3236900855461302 0
0.2814981586913411 0.06948886061717453 0
0.5351757445086411 0.049651307647913 0
0.5542265728743401 0.02513977213911282 0
0.1759568355588535 0.1082954005311113 0
0.7938270694159379 0.2503720750867801 0
1.719329981941 0.03593542706063939 0
0.017335808839269 0.3927715067046473 0
0.1471173810003179 0.1733143678008617 0
0.413421706325576 0.3285097564558614 0
0.1982668308382581 0.1355751972769779 0
0.9573626203018728 0.1482767696715794 0
0.4593662318499211 0.3101647017184896 0
0.4567404641643776 0.2589355616904176 0
0.4328880586879171 0.365736723102448 0
0.2551795067449281 0.324122499505596 0
0.2610144507043317 0.3957973811694798 0
0.3340617920970721 0.2550701656305421 0
0.2435151873404563 0.2474490634913984 0
0.1023467883865404 0.2732825903071682 0
0.9499983683510116 0.3234082905147087 0
0.2631793180669497 0.2684845626302995 0
0.5647265623385204 0.3518795362549755 0
0.5525374094448138 0.25797724378162 0
0.6989928475035762 0.1659895462242768 0
0.3086357681943827 0.3635872321713604 0
0.1660659191894014 0.08187848437088333 0
0.07036818618626457 0.3797283318061629 0
0.1842737037456958 0.2616131580286369 0
1.831583390338368 0.3724167082480986 0
0.4814174406099013 0.2659950225056095 0
0.7024966072467447 0.234956079387261 0
0.2687957477932564 0.08326329067001077 0
0.6348985913655478 0.1535685062259137 0
1.145619861859414 0.3335408084170246 0
0.3343429063094498 0.237100761901119 0
0.1443990363282424 0.3182713144220139 0
0.4865552039730748 0.09355632328325035 0
0.2318327779020516 0.3112220734157817 0
0.9571782417145652 0.07602374738524104 0
0.1175405523469383 0.2314497117505183 0
0.3178930583330528 0.187077707840075 0
0.1194397401256573 0.3106898381240555 0
0.04068276162103558 0.3765649105869111 0
0.1306662370651201 0.1398285199982705 0
0.356686211822524 0.2204481055262441 0
0.6150249662884969 0.1550510603237253 0
0.4897663701647806 0.3047129140588055 0
0.2001647303540035 0.0857778205978431 0
0.185427995934722 0.1427361371061541 0
0.2099701356738191 0.2693867522140913 0
0.04170533197481516 0.1332826998525443 0
1.676384150899149 0.02901237124758285 0
0.09877791780494941 0.1259027921826161 0
0.3456167732621844 0.2361378344561061 0
0.2387399551978554 0.1072021759207299 0
0.06676805289127127 0.2203419207247007 0
0.2557667760181858 0.01237231040854267 0
0.1215013974754264 0.1755544728388751 0
0.1516615147591478 0.03798997283763538 0
0.8035846258126615 0.1864194478249367 0
0.5065157154035056 0.1316949737626179 0
0.2017698722820989 0.04818087602075673 0
0.02791355739516952 0.1839047444592731 0
0.1004244800989277 0.1460775608878685 0
0.2840642577793382 0.3072600631366473 0
0.2651961523678193 0.2632020843228973 0
0.2533239149098325 0.2352411735606764 0
0.5311204588652249 0.3592597669567205 0
0.6197026885084176 0.3454098632282778 0
0.2595716015623511 0.2859102741696562 0
0.06181354271909768 0.2131847524340872 0
0.3501474703147406 0.2275775439193518 0
0.2515123143529864 0.1518300688578187 0
1.862278836119728 0.3357069198569254 0
0.2015432874315979 0.1163060043333408 0
0.3383324680916977 0.0479786556866993 0
1.174036198594784 0.3716692049854972 0
0.2920385296560452 0.2101081269226888 0
0.1931433658757584 0.2576553328401859 0
0.319701975943837 0.279375606949313 0
0.1925642545297034 0.3083756610487376 0
0.4616223226389373 0.2693018716540979 0
0.2872004155027964 0.3785552918133944 0
0.03849893943216495 0.1496644424269123 0
0.8385210045790741 0.1513761462636909 0
0.1765792143109013 0.2545448336921532 0
0.3811211775003908 0.1108998957726786 0
0.339063422822879 0.1572742170368519 0
0.09783804826925753 0.3639387552995945 0
0.2855813714647013 0.0581238174330276 0
0.2432852921133803 0.14011094952531 0
0.02913647145250841 0.3414017498809767 0
0.1213587064669179 0.02662800759281858 0
0.2026973002561253 0.2535176741904964 0
0.2816180299961434 0.3591890406467032 0
0.161198781835058 0.2895763166132684 0
0.2577490967047207 0.2118912020278261 0
0.1461847261702323 0.2940730179578853 0
0.02839190123199239 0.2844684092618963 0
0.2234514182383261 0.3654530978612648 0
0.2563646131518487 0.2429213084700006 0
0.1926622160701914 0.1359150179261379 0
0.1791235229763992 0.2922103093435721 0
1.631544989222396 0.08131638484814514 0
0.4347251339860909 0.1383666417494614 0
0.1484725761170881 0.3355762661138479 0
0.656455227535137 0.3467466011981812 0
0.1444639418792414 0.2211123810468828 0
0.2871903966824465 0.1608870031459772 0
0.4569613939263918 0.3948386659108892 0
2.133192961576004 0.3191753311875177 0
0.688010297421507 0.1505640213158423 0
0.8178409178076085 0.2602797996639218 0
0.1404429346586111 0.1972837933048534 0
0.3809136535315374 0.353257255346893 0
0.3387616088873194 0.3170708196834267 0
0.04500226655509788 0.2128600172970334 0
1.929853172499158 0.376754135126643 0
0.4908960275671173 0.345625205424866 0
0.3858409551049961 0.3384470061846815 0
1.242306141224768 0.3331723558678352 0
0.08481506240695449 0.05568473498750404 0
0.7139295959668343 0.1513445182821877 0
0.1362738297791942 0.1923442066975944 0
0.7800695891090845 0.2348974525052141 0
0.2729554756666175 0.3982520488253394 0
0.750468591031761 0.3224893260790655 0
0.324966335367731 0.09588744593370829 0
0.1494871718074196 0.2354372041853655 0
0.2287892840335072 0.1046721590706586 0
0.08831725085817735 0.1625571306454686 0
0.2240973163226842 0.3478172880270746 0
0.03015697254223272 0.3255039308958376 0
0.209443368972785 0.07715950961272112 0
0.1248739295144838 0.1365179542650172 0
0.112248302558218 0.234636918572139 0
0.7068578534817729 0.2238302381361254 0
0.1451147375828667 0.178799930949735 0
0.2251230529985369 0.2521509295727508 0
2.168436960146601 0.03059402687914875 0
2.167894864853037 0.377411356126214 0
0.02315980059170133 0.2117560094807019 0
0.2117259902551114 0.317315879447703 0
0.5767884372128451 0.2680799672501378 0
0.3175395506859963 0.262820631920515 0
0.1105190602083504 0.3135941305530368 0
1.574187646902836 0.03150902481971418 0
0.3727969068292893 0.3684095354641535 0
0.4217084314400392 0.267327583953918 0
0.1902370779637433 0.1187927423075066 0
0.05399430877215897 0.3271196176386574 0
0.1968085057913 0.2534588806974533 0
0.03762595103841108 0.1909676785440503 0
0.03014120818794618 0.06533541302534174 0
0.06300135158784961 0.2678746613715199 0
0.3210777480422097 0.1929776052239537 0
0.8251846094412452 0.1746618356631695 0
0.4321194899817082 0.2818052065258884 0
0.2471539246156979 0.1647677423286695 0
0.5974344812963546 0.08433072476977206 0
0.1430567192747041 0.1871418341581422 0
0.2266045841853869 0.1355747975829555 0
0.4842735299009621 0.3928849204676541 0
0.1947151492793654 0.08013402288283057 0
0.1489077971771021 0.1604169124658605 0
0.5204960135513477 0.1311574564580761 0
0.3031369076301198 0.1698446228023382 0
0.5622737921531954 0.2542014403032198 0
0.3861646608111531 0.2604182595354856 0
0.2139086474516197 0.1379609337058984 0
0.2095951122662107 0.06224993116298797 0
0.2088756334165 0.2868366770429777 0
1.290950468570549 0.336150174189976 0
0.1956563972717771 0.4010531360661779 0
1.977634227455847 0.3747661459003564 0
0.1899741844764785 0.1414058162916201 0
0.2577975224879177 0.1999999999980282 0
0.1806751822913669 0.02124966071684787 0
0.4408356911740563 0.1594005925692161 0
0.2836533699625176 0.1560290355897123 0
0.180885717878111 0.3691756127104803 0
0.1548659947542785 0.2920290896580922 0
0.1923909036128414 0.3141252510107172 0
0.2202064394454264 0.388423703659995 0
0.1349026413845688 0.3972241476982671 0
0.2203431151117581 0.2800483100053804 0
0.1583066835561779 0.1529130781932925 0
0.1218372681583137 0.1542374558149582 0
0.3220567847885627 0.3631343963143984 0
0.3685688003776881 0.2352724232672964 0
0.1254037369723686 0.1473784142464507 0
0.507127106997236 0.3601307755118968 0
0.1963579976492734 0.02109703302976187 0
0.1958911857182333 0.1176478677699695 0
0.2478524704410637 0.2350034301878631 0
0.1431734367098019 0.2290737690032512 0
0.1660111166197849 0.1225063666281342 0
0.4833041049014838 0.25608334486507 0
0.201656605498287 0.1113965261786874 0
0.2696912013430339 0.01153181661357439 0
0.2573862870474385 0.04798331913976105 0
0.623787823670727 0.06889985275539857 0
0.8473555267393127 0.1412547235365579 0
0.2181373819827196 0.1442500186269438 0
0.01242561541169383 0.03626694054908954 0
1.528107676174221 0.026393280421647 0
0.6382933324849878 0.1437538163187229 0
0.2577656526365079 0.1885950417412581 0
0.3299356869165758 0.2618526196294609 0
0.8037333542962792 0.2470240942002251 0
0.2071379224105341 0.2604642672781739 0
0.019968163703549 0.2304684707503568 0
0.3751667816399654 0.2465066817948047 0
0.3531755924949887 0.156665637533591 0
0.0422423472637077 0.06527598645813983 0
0.09265695607835323 0.2766844935627563 0
0.1567770871624852 0.3419859969612287 0
0.09554255077041704 0.1397599295400117 0
1.312033302251189 0.3757357244677916 0
1.998449894905103 0.3416352918797202 0
0.1134207242215088 0.09780431505760448 0
0.1670483585284581 0.3875814945909042 0
0.1166221009445216 0.3822567433441857 0
0.264631949534161 0.05880590622343194 0
0.1419278327297157 0.03969954202896721 0
0.7306652597761407 0.2341477459341289 0
0.07567272199065903 0.275311768069418 0
0.1655956056916405 0.1517497087617841 0
0.1369767766379022 0.2094186127533871 0
0.1468382807720935 0.2715544425474556 0
0.1440483812428276 0.2728667469107541 0
0.1438129156006136 0.2692076032607549 0
0.2948004479942588 0.05781705439173237 0
0.3012142922176621 0.05654727953234418 0
0.2998685828316577 0.06419107634920423 0
0.1436025919252193 0.1445209312865581 0
0.1425738144999505 0.1479404051450777 0
0.1403285680226324 0.1459235624611726 0
0.0264170923115496 0.2942245367704998 0
0.03349608658137174 0.302452682631184 0
0.02463273535689686 0.3015680273031031 0
0.2277740933260525 0.2809624719719478 0
0.2318646213944672 0.2809786396157357 0
0.2291303482561222 0.2840608560523231 0
2.132120168696868 0.2154408587250589 0
2.157715787177848 0.2279518778165476 0
2.133042688418746 0.238541911305572 0
0.1564362816625771 0.1178830226553668 0
0.1596365491193745 0.1182064896054128 0
0.157278165265946 0.1217400999331525 0
0.02290296466736762 0.2658432945518815 0
0.03009374768256113 0.265634610310396 0
0.02306086974077477 0.2731133509025656 0
0.2995148486669316 0.1518433118065277 0
0.2948403783753389 0.1521644579720359 0
0.2968464472496382 0.1478752091529465 0
0.2328133784047492 0.2514245321321301 0
0.2309397597674734 0.2484793846189804 0
0.2338577375649737 0.2485270939736648 0
0.121468056286441 0.2383550658262562 0
0.1239093259754175 0.2414161898101154 0
0.1201670879852316 0.2413621213122069 0
0.2783925023014155 0.2764633539156677 0
0.2760595714527534 0.281606803154027 0
0.273984683876319 0.2762591672858654 0
0.1903170790405035 0.2647262853488538 0
0.1880735005924214 0.266997935244324 0
0.186904515476857 0.2645869972206049 0
0.3010158344444998 0.1948184034563717 0
0.2984922236175898 0.1905486187036873 0
0.3028231861589697 0.1916665012615809 0
0.2247728021648631 0.2804502271602934 0
0.2275070753032081 0.2773680107237061 0
0.2748872596334046 0.1354424199256114 0
0.2727240905700878 0.1391457903577528 0
0.271094344111505 0.1356862915012269 0
0.2162418683141225 0.2570154730002053 0
0.214549142328359 0.2602241444849322 0
0.2133516194648245 0.2567381501772641 0
0.1411024723128021 0.2436062482131509 0
0.1441391405825873 0.2431629028176895 0
0.1433957935970441 0.2461608466989464 0
0.03908583820189064 0.2067036204799232 0
0.03154697179053292 0.2048933963798727 0
0.03587450945289146 0.199828678007251 0
0.2563809586463138 0.1569758694274834 0
0.2547090123184601 0.1544080789230748 0
0.2581637680349316 0.1541548273012057 0
0.4925931805056121 0.2546711616371438 0
0.499613070340108 0.2537911751241166 0
0.4997674367913151 0.2611908093170297 0
0.03298079703997242 0.1944930662256254 0
0.04051966345133012 0.1963032903256759 0
0.5009642387960573 0.2466686310325568 0
0.5081384950817602 0.2531882787124427 0
0.169145300823943 0.1155283910981075 0
0.1676358454400008 0.1187020223211062 0
0.1661668715754729 0.114898780361285 0
0.01506440830780796 0.2631702221769649 0
0.02209728624959432 0.2556914815847953 0
0.3332820775658242 0.09642306918225738 0
0.3401019085275788 0.09495049284139152 0
0.3383729797943437 0.102861004314467 0
0.1661962383895958 0.1456021912968185 0
0.166795309019362 0.14213367081234 0
0.169181284391266 0.1451407518431052 0
0.1520513533552356 0.1180524825196591 0
0.1544097372086641 0.1145188721919195 0
0.1095188967236968 0.1995390691048121 0
0.1077975245076662 0.2034215551614522 0
0.1058373076871065 0.1998922014877921 0
0.2350654836803756 0.2460389832339898 0
0.2369391023176514 0.2489841307471395 0
0.2843703720939461 0.1453879647784856 0
0.2808798036127987 0.1476806234525588 0
0.2820268105701887 0.1428220434024016 0
0.3768794029340081 0.1537841126084039 0
0.3676292275451625 0.1552482417650176 0
0.3704872536010769 0.1484346652060286 0
0.1728971947236654 0.08593042200252572 0
0.176799244304715 0.08624311552126124 0
0.1730226061143884 0.09004836388074124 0
0.2934395042757981 0.1559275559385903 0
0.2907711028585047 0.1519594532850091 0
0.206099423578186 0.1169125161512253 0
0.2088684641921275 0.1162759890975115 0
0.2084112405135641 0.1190521453671634 0
0.1380808434637527 0.1626153598529499 0
0.139391640752301 0.1593809849775888 0
0.1414690358403229 0.1615523955064901 0
0.3479429723379058 0.04519914186194638 0
0.3555264783923727 0.0364523799991923 0
0.3580060379523138 0.04576203601220052 0
0.2941760094063884 0.2144408764231755 0
0.2910049512879797 0.213029432715469 0
0.2952095877744538 0.2115195706303953 0
0.165580335291244 0.2924043599835793 0
0.1706052846104467 0.2915424943873052 0
0.1681926406501386 0.2948346406352737 0
0.5575553276300207 0.2923765880023217 0
0.5653935591935486 0.3029705915485404 0
0.5579516428526523 0.3040359910938434 0
0.008648615412430642 0.1737130053087458 0
0.01599339424206539 0.1784855497222178 0
0.007344778829634743 0.1826921228290276 0
0.4645741170449975 0.09652237773514913 0
0.4534827895095521 0.09648760482251569 0
0.45796217581985 0.08860549176088008 0
0.1868664891832976 0.3162511056631437 0
0.1829644964008228 0.3184639605397164 0
0.1821272662902674 0.3135449304537098 0
0.2542848620673961 0.2892008728768919 0
0.2514874551063302 0.2923632338891883 0
0.2497152740848542 0.289355978381228 0
1.47079446288901 0.07412371521988642 0
1.49601963053438 0.07516771084929376 0
1.480337939784987 0.1001310166476668 0
0.1672757280189524 0.2985015726260952 0
0.1723006773381551 0.2976397070298212 0
0.2888446780046909 0.1443628700233916 0
0.2876976710473008 0.1492214500735487 0
0.5722960167917728 0.2906207444721314 0
0.5726923320144043 0.3022801475636531 0
0.07929842092817659 0.3698483715707022 0
0.0779181327907765 0.3610001613446986 0
0.08710827035180023 0.3665886573991293 0
0.1753753346815803 0.2699136234708249 0
0.1779306350925488 0.2722287536903443 0
0.1751413019663152 0.2732121660155912 0
0.1155711788747637 0.1692789084648062 0
0.1191592422322098 0.1676050406553833 0
0.1183892280454421 0.1716659107533498 0
0.828018015842731 0.2599648896302527 0
0.8351549512152983 0.2578556626523578 0
0.8338958276110249 0.2659895589084559 0
0.02014564253566403 0.2466489351847073 0
0.02798419889522369 0.249322007559624 0
0.2648335030254987 0.2854144816398863 0
0.2678364777582717 0.2811658493826864 0
0.2686487782948839 0.2856512487814247 0
0.07796726880444961 0.04918011264686278 0
0.06774541615236522 0.048328845471481 0
0.07354077199823296 0.04245355906688388 0
0.008648615412430642 0.1651244179488977 0
0.7346138349880027 0.1586126953405935 0
0.7314912503342101 0.1517564351054098 0
0.7402354956774633 0.1518705271585045 0
0.1398969188341425 0.023379710015781 0
0.1385511149777305 0.03246201562718367 0
0.1326707216845874 0.02666203592217752 0
0.3064318507620289 0.216086918960065 0
0.3013474434807126 0.2166786987218045 0
0.3034650531741789 0.2123392345763624 0
2.032526208954999 0.3424972201007063 0
2.05745552905646 0.3424972201007438 0
2.050424079391105 0.3668211509861586 0
0.2706740237760455 0.1231339372629482 0
0.2685061856553935 0.118678509104914 0
0.2729549255642736 0.1196052938276414 0
0.585596119913975 0.2526951150737313 0
0.5899521244676833 0.2454216522747859 0
0.5934674273001355 0.2535338307662227 0
0.1675932378613701 0.08580707736644452 0
0.1713698760516967 0.08200182900696452 0
0.209572131556789 0.112951500855792 0
0.2118839484921671 0.1150911300717301 0
1.449364111782373 0.3410539026609052 0
1.47486584370514 0.341250775356127 0
1.45790002601604 0.365240591213391 0
1.512654874603642 0.05575640336531031 0
1.522198351499619 0.08176370479309071 0
0.3980779956064373 0.3367293856348378 0
0.4047380286021204 0.3274604951739931 0
0.4067616733298928 0.3377786469167062 0
0.4523310772492515 0.1370289348701221 0
0.4514040545129595 0.145384725182524 0
0.4449647738141039 0.1384729728495677 0
0.1227364626781655 0.1667722437956277 0
0.1258180276433747 0.1657952340523567 0
0.1250588563680974 0.1690150332006559 0
0.2830284269542063 0.2773646975102882 0
0.2809535393777719 0.2720170616421265 0
0.2194055450572203 0.2876594255708834 0
0.2167164220037637 0.290668684929906 0
0.215132820923634 0.2877355421829512 0
2.103544310287328 0.04556296917302682 0
2.124890875290987 0.06205075555297744 0
2.098693165113772 0.06861996687636711 0
0.2916518858807478 0.2471934847274543 0
0.2968224141784671 0.2457575363611775 0
0.2950263808191497 0.2490334627379221 0
2.078299235279319 0.07609324239378551 0
2.099645800282979 0.09258102877373613 0
0.2969727205362601 0.2165575495908208 0
0.2927680840497859 0.2180674116758945 0
0.9019546421503581 0.3390708433643481 0
0.8984498156332553 0.3630185638691246 0
0.8779654355188915 0.3424775936973601 0
0.2149961916361062 0.2841634298047821 0
0.2123070685826496 0.2871726891638047 0
0.2949533262594528 0.1597862566234124 0
0.2992963542355547 0.1597713889013119 0
0.2967409007023751 0.1634250848991072 0
0.2109003895575742 0.1053940746463987 0
0.2139235456019127 0.1080952968540137 0
0.2095644598124901 0.1090654196223956 0
0.2716294567743176 0.1262654398048939 0
0.2671807168654375 0.1253386550821665 0
0.2718646457203965 0.2725217488457291 0
0.2695317148717344 0.2776651980840885 0
0.8973424659384244 0.3134256139828822 0
0.9178268460527883 0.3339665841546466 0
0.4109979937333355 0.3475024324574416 0
0.4176580267290186 0.3382335419965969 0
0.1433572911794034 0.1000185517698959 0
0.1401248696392703 0.09522182761753682 0
0.1448947655635121 0.09508802896314801 0
0.1105415134818746 0.1970161567145444 0
0.1125017303024344 0.2005455103882045 0
0.1185709584860423 0.1885210480741623 0
0.1175523238797642 0.1917527910061737 0
0.1151435846846325 0.1892945733027057 0
0.01667225338780105 0.303053915450363 0
0.02375124765762318 0.3112820613110471 0
0.1380578729830488 0.2440078314785481 0
0.138801219968592 0.2410098875972911 0
0.2459533825114085 0.1432921717177326 0
0.2481860858597726 0.1450279129139892 0
0.2455147139493031 0.1466312248682594 0
0.5815708875288201 0.2587332366078118 0
0.578055584696368 0.250621058116375 0
0.1896845958873022 0.2696586764564809 0
0.1862720323236557 0.269519388328232 0
0.1171746572399596 0.1827442583060264 0
0.120513628313319 0.1821594661323408 0
0.1195011903642699 0.1854780381970087 0
0.1427522175358355 0.2375575049045874 0
0.1456511727314562 0.2372934921073164 0
0.1447447744939659 0.2403442915346229 0
0.2743506561170327 0.1419957467258942 0
0.2705577405951332 0.1422396183015097 0
0.2326544074416048 0.1401356269724435 0
0.2353893124149943 0.1390816737821826 0
0.2354636321842769 0.1424468061991583 0
0.3014686699257171 0.02561703632752651 0
0.2973799207946489 0.0335185835405189 0
0.292733301665092 0.02564008156348202 0
0.1436325952286187 0.2766412122490932 0
0.1406072300571389 0.2742943729623925 0
0.4135160324687546 0.0451114765194133 0
0.4062810665872588 0.03283783058115759 0
0.4169523011671162 0.03195140235364776 0
0.2859631948960561 0.2644993180766803 0
0.2879436477260806 0.2688743392060118 0
0.2836090112005382 0.2685433841074156 0
0.453986416812494 0.130066422090852 0
0.4604256975113496 0.1369781744238082 0
0.6700160372953197 0.144177003165372 0
0.6627754621409372 0.1421812384109626 0
0.6707802654824959 0.1367355052313409 0
0.2705208784777466 0.2903092544296433 0
0.2735238532105196 0.2860606221724435 0
2.066591308660535 0.3179595777617667 0
2.084489179096641 0.342283508647219 0
0.1125799175641812 0.1660621166811659 0
0.1118099033774136 0.1701229867791324 0
0.170955636930321 0.1130127677717611 0
0.1724246107948489 0.1168160097315823 0
0.6773603750106206 0.1456918156214639 0
0.669355571669062 0.1511375488010856 0
0.2020973699194666 0.1428367836701632 0
0.2045600822140375 0.1402398243813881 0
0.2057158030348922 0.142783965178372 0
0.1495153789060263 0.08579034350186816 0
0.1465264361255438 0.09095652039557801 0
0.1446512868038615 0.08512512791707909 0
0.7472886679027431 0.2327877168430948 0
0.7469821670332413 0.2400450710752725 0
0.7397350601907111 0.2340396550629017 0
0.0736919544219108 0.1880508084638694 0
0.07123804403441233 0.1946498652566073 0
0.06872301975402315 0.1892202649723425 0
0.2271776848456339 0.2872722087538592 0
0.2312682129140486 0.2872883763976471 0
0.1465728937903727 0.2349719548313231 0
0.1485654507485031 0.2377587414613587 0
0.2925450242394618 0.2535453874710311 0
0.2977155525371811 0.2521094391047543 0
0.2713499682460453 0.06672944132752312 0
0.2783692801842437 0.06529683547375768 0
0.2744788467531426 0.07092146647093997 0
0.2027163302945591 0.1377426482682244 0
0.2063347634099847 0.1376898297764332 0
0.2976277221696596 0.3078224721456878 0
0.2919794164211722 0.306497036690325 0
0.2956964123436339 0.3012654785506558 0
0.2889874920132681 0.3101570467110021 0
0.2870561821872423 0.3036000531159702 0
0.1364529234729158 0.2502040811260887 0
0.137225813228834 0.2470763897969261 0
0.1395862355713408 0.2497318834235705 0
2.055439546162583 0.09635588801034679 0
2.054486910993376 0.07239482611297778 0
0.03167161147474926 0.2433234009955512 0
0.03362325518867956 0.2523659473956393 0
0.7473320937663746 0.2257508138825855 0
0.7545792006089047 0.2317562298949563 0
0.1653293917344979 0.1486465955875191 0
0.162943416362594 0.145639514556754 0
0.3661732863937195 0.04668206549753939 0
0.3585897803392525 0.05542882736029348 0
0.2453167181527836 0.3273705832181225 0
0.2504075657735385 0.3229806579625477 0
0.2500886591241732 0.3285124247611709 0
1.390741092936284 0.3155302360796005 0
1.398814203202118 0.343542552573069 0
1.3733773531269 0.3411863783399374 0
1.441250361329336 0.02442840921749009 0
1.41633078537197 0.02442840921749009 0
0.6475726983911594 0.1437247314449332 0
0.6552842187745507 0.1430493384751916 0
0.6542997135703699 0.1502981293147353 0
0.147038095778208 0.2428988900204185 0
0.2778771324016041 0.119584467541789 0
0.2757092942809521 0.1151290393837549 0
0.4234858640945113 0.2949620653497417 0
0.4173539673528762 0.2881657662699519 0
0.4265929265957564 0.2875607128807995 0
0.7400425469131218 0.1792632788449425 0
0.736914636002865 0.1860075669770258 0
0.7323731740761223 0.1792080590999295 0
0.1199184135074871 0.1643852415070841 0
0.1427597927993987 0.164357806685793 0
0.1440705900879469 0.161123431810432 0
1.442259345524839 0.3875218592590845 0
1.467761077447606 0.3877187319543063 0
0.3027835555427084 0.2427331017361417 0
0.298725172257677 0.2426522388606419 0
0.3013118186835164 0.2377878262251382 0
0.4034410167964441 0.2625766782674049 0
0.397945034974733 0.2589766706450114 0
0.4047866109354262 0.2540432639007439 0
0.2536261174993794 0.2957318719988994 0
0.2490565295168375 0.2958869775032355 0
0.5297773369896124 0.1463060153546867 0
0.5376002566193214 0.1452605221207343 0
0.5344741606355761 0.1532467598880483 0
0.2509019293392826 0.1441486146879003 0
0.2504632607771772 0.1474876678384271 0
0.269218867308809 0.1330697157172009 0
0.2670556982454922 0.1367730861493423 0
0.1199145527800135 0.2360424202679075 0
0.1236567907701993 0.236096488765816 0
0.03787344652756418 0.1571539213926908 0
0.04407931766394702 0.1635949244451819 0
0.03661450930905674 0.163274948797003 0
0.04379280003150691 0.3288054027074293 0
0.03731660830681917 0.33146781839214 0
0.03663316426692047 0.3228415152111269 0
0.2908840507426186 0.1595812519363855 0
0.3064400032927412 0.01782496102371569 0
0.3110866224222981 0.02570346300075257 0
0.2581134618323666 0.2186118350372478 0
0.2550116898225456 0.2181921762564207 0
0.2565829005952769 0.2156739158593853 0
0.1263418121475466 0.03118617456319939 0
0.1276876160039586 0.02210386895179671 0
2.114225603868387 0.2528609633356891 0
2.139821222349367 0.2653719824271778 0
0.6560484469617268 0.1356078405411605 0
0.2770941255614177 0.2523475329544846 0
0.2797084972791542 0.2490063336384479 0
0.2804061797325226 0.2532378410664413 0
0.09408284778333895 0.1207937441260258 0
0.08950648977852643 0.1177036058346651 0
0.09491202941014289 0.1146004359697485 0
0.1383743475798391 0.1434159140322031 0
0.1373455701545703 0.1468353878907227 0
0.1349729386114112 0.0960028362733016 0
0.1365104129955199 0.09107231346655371 0
0.2359902076472237 0.1363954290069557 0
0.2387994323898958 0.1387066082336705 0
2.051454784204231 0.04764707607876115 0
2.028595095087494 0.06790972169532243 0
0.183123449394488 0.3042038521583589 0
0.1790653589951721 0.302293034527744 0
0.1833877805958674 0.3002722801676218 0
0.4000144971592984 0.1089842718947033 0
0.3980550625199091 0.1178063864191167 0
0.3920662671061086 0.1105525434888456 0
0.3434206040514856 0.08753111592466432 0
0.348511506280005 0.09396905105687392 0
0.05588739742157113 0.379810799199558 0
0.04880054638905182 0.3831418311093148 0
0.04776961265355489 0.3732338786771542 0
0.3115181186530547 0.2241411713549362 0
0.3068082647391833 0.2245573932022104 0
0.3090240949824342 0.2200101612582329 0
0.8500083524965166 0.1205840185894179 0
0.8579878169971812 0.1217354881413697 0
0.8526383599562146 0.129891567398981 0
1.828128773476112 0.0612921904752662 0
1.812155355006343 0.08094485340698233 0
1.802903806660688 0.06050570547119927 0
0.1718661200061335 0.2738837333737351 0
0.1744214204171021 0.2761988635932545 0
0.5217351373324383 0.1481726278490273 0
0.5248612333161837 0.1401863900817133 0
0.08297566224682501 0.1422122464247968 0
0.08848412414130032 0.1414429825093451 0
0.08598072015742153 0.1470037725724038 0
1.794379153618892 0.03943276094209826 0
1.778405735149123 0.0590854238738144 0
0.3243918452104541 0.1423844424435569 0
0.3310108317006998 0.142921545404094 0
0.3278633094033742 0.1474962867385505 0
0.4413544636994814 0.2945285670520681 0
0.4375042441728876 0.2879354547709888 0
0.4461338845349775 0.2881070098624676 0
0.2251523478204552 0.2905461487085106 0
0.2230144831625288 0.2873186283631866 0
0.2129846998461747 0.1012805133984574 0
0.2086256140567521 0.1022506361668393 0
0.09943563116746253 0.1610804325811187 0
0.09661797670096367 0.1577646329192459 0
0.1005527899059703 0.1570361806565738 0
0.2181766054813586 0.2546539290964013 0
0.2193741283448932 0.2581399234040694 0
0.2590309278504718 0.1787787298881482 0
0.2576606738601266 0.175718532826527 0
0.2603411060337006 0.1756633076398865 0
0.8159018772546067 0.1919610637925653 0
0.8081548218792884 0.192299715122491 0
0.8113316811879797 0.1860807964950111 0
0.02763289992939215 0.3546134554294542 0
0.02880937361695451 0.365648804342061 0
0.01944977978399789 0.3628116936403876 0
0.07942837233773245 0.3775825997156479 0
0.07023823477670871 0.3719941036612173 0
0.3045889747628122 0.04962211659569683 0
0.3096571096002112 0.05599613855316869 0
0.3111417046759004 0.2156706971127908 0
0.2722112481778632 0.07618845236903959 0
0.2792305601160617 0.07475584651527416 0
0.1055539599211924 0.2291904357911559 0
0.1090538682024178 0.226585453458512 0
0.1085621439295177 0.2309612977276988 0
0.1216224678795584 0.179465823330756 0
0.1239490010038687 0.1821996032217383 0
0.1766424001123144 0.07290313443659992 0
0.1794871928967857 0.07717309254767087 0
0.1738290401295207 0.07785521553197476 0
0.1617260408537681 0.1162109119559554 0
0.1625679244571371 0.1200679892337412 0
0.8150497604182927 0.1803022972138591 0
0.8073027050429745 0.1806409485437847 0
0.07635549217968046 0.1653352513914026 0
0.0816531603056404 0.1646720382436733 0
0.07928795688281544 0.170240416549278 0
0.4175196952738863 0.1769487997657083 0
0.4210886751979298 0.1687966100322083 0
0.426094976638602 0.1759303362131169 0
0.06688103820172217 0.02521085130651216 0
0.069008581057283 0.03579490376418932 0
0.06119137649058775 0.03101823943382494 0
0.07923043370936739 0.0366461709395711 0
0.3254036846922365 0.1950837850898312 0
0.3217754008462879 0.1964995147290558 0
0.3247060318881583 0.1915618755847291 0
0.1267897392998921 0.127684805354778 0
0.130685259786755 0.1298178628791763 0
0.1265081837376546 0.1313699131019763 0
0.2910252361025295 0.140123607022185 0
0.2943525350558842 0.1439570923172482 0
2.135807978749072 0.1255227279550331 0
2.159422888986311 0.1366950604656393 0
2.134683136129889 0.1483288995320525 0
0.2023905121068029 0.3221030248556909 0
0.200923970697519 0.3178604324893861 0
0.2066835967540974 0.3207916294527187 0
0.2385662410142589 0.3183985604273905 0
0.2339595616191227 0.3170719125617258 0
0.2364394572971878 0.3125487212814465 0
2.11441306159321 0.2041265572179174 0
2.139086160352313 0.193536523728893 0
0.8504041340328337 0.2556212566037562 0
0.8526938809658899 0.2485689414381908 0
0.8579158483774418 0.2553760428319321 0
0.1814150847130653 0.1058596435553177 0
0.1799894124857048 0.1087523224930311 0
0.1773825077862141 0.1054027215933978 0
0.1219099295594017 0.1879362559004767 0
0.2512765625017636 0.3343393389708768 0
0.2563674101225184 0.3299494137153019 0
0.3743479425577606 0.1423402534352648 0
0.3650977671689151 0.1438043825918786 0
0.2895180550364778 0.06179233432081001 0
0.2908637644224822 0.05414853750394995 0
0.116341329083353 0.2417922566261301 0
0.1187825987723295 0.2448533806099893 0
0.182472312863225 0.3237093394873871 0
0.1777330899701948 0.3210031642779532 0
0.1200734054880949 0.1939935900627447 0
0.1166460316866851 0.1947671152912881 0
0.2925909189262799 0.2690455143991032 0
0.290236735230762 0.2730895804298384 0
0.01582802137600519 0.1416856302183759 0
0.02291065031395247 0.1370213058333109 0
0.02306807122198969 0.1455459966022645 0
0.1869342786630218 0.327198659210405 0
0.1923785834675872 0.3251414905251168 0
0.191609142836756 0.3311700139863715 0
1.977765644356823 0.06571734924808761 0
1.958550866738396 0.08831095666049445 0
1.95457971723197 0.06468282646462475 0
0.1355242026849078 0.2533896847700289 0
0.1331637803424011 0.2507341911433844 0
0.6010424115467208 0.2385070361634206 0
0.5935471509306942 0.2388341841155293 0
0.5967661306235712 0.2310808523116726 0
0.8539866755980959 0.1361488802437454 0
0.8460072110974314 0.1349974106917936 0
0.1670470524934265 0.3505254379135929 0
0.1728911503932254 0.3554787461870323 0
0.1665126125762666 0.3573132581210964 0
0.1274208446103843 0.1709962300346757 0
0.124339279645175 0.1719732397779466 0
0.3763550137512741 0.2895079026652068 0
0.380174754384445 0.2826785111152074 0
0.3845021821907455 0.2892365490674041 0
0.3312618235449974 0.2046203315610422 0
0.3255605968964086 0.2048073778071135 0
0.3281742802989548 0.1998343779880866 0
2.109470829829539 0.3402412740716974 0
2.100335050225464 0.3647789164106746 0
0.2316405939949516 0.3209616029348754 0
0.2295138102778805 0.3151117637889314 0
0.6532794442596053 0.09447612755073666 0
0.6448251943623263 0.1070571597355632 0
0.6436236842846486 0.09388946323540605 0
1.946654419215873 0.04205869154227292 0
1.927439641597446 0.06465229895467973 0
0.2586383736970795 0.1594998192329533 0
0.2551836179806081 0.1597530708548223 0
0.7612906747371071 0.23780123707649 0
0.7613341006007385 0.2307643341159806 0
0.09993028012506414 0.2616573450238949 0
0.1005434987627783 0.257281657815338 0
0.1044734336671951 0.2599222746879013 0
0.2953506773192751 0.240812260850174 0
0.3311049113408252 0.1948967388437598 0
0.3431119311242506 0.1685194394402158 0
0.3463660414691585 0.1726610863229348 0
0.3409832533635719 0.1746014618128776 0
0.2113502433748803 0.0210406917945837 0
0.2144120426304572 0.01427775912085593 0
0.2200220375144539 0.02042970934242275 0
0.5454227693073825 0.09657514205031391 0
0.5406109007025168 0.08494608428127319 0
0.552956386049765 0.08519611543752476 0
0.6271546340606071 0.1079199036551291 0
0.6179416617231891 0.1011663418541409 0
0.6259564620499516 0.09971693361924443 0
0.1816723180819498 0.1113217504005348 0
0.1776397411550986 0.1108648284386149 0
0.1121551773844806 0.2314966169835969 0
0.1086552691032551 0.2341015993162408 0
0.2943493087705195 0.1669368729307973 0
0.2986923367466213 0.1669220052086969 0
0.05083892399431876 0.04654975052176934 0
0.04548093879833673 0.05459524508448039 0
0.04181713609910002 0.04454208782037151 0
0.2975925255913479 0.2245126748278329 0
0.2955323628161857 0.2273623768417759 0
0.2935046324044954 0.2230337868574827 0
0.0655179470618909 0.184656236690063 0
0.06306403667439242 0.1912552934828009 0
0.7243344659240523 0.1508446113584799 0
0.7299561266135128 0.144102443176391 0
0.32825974210016 0.1001105132945206 0
0.3299886708333952 0.09220000182144511 0
0.8483294322139888 0.2631543449640292 0
0.8431074648024368 0.2563472435702879 0
0.167562398016321 0.258492928612803 0
0.1683361063918442 0.2557240849528465 0
0.1704869453462502 0.2577850506389344 0
0.302342706493851 0.1977050257736175 0
0.298011743952471 0.1965871432157239 0
0.4262902599179148 0.281284810163449 0
0.4324221566595499 0.2880811092432389 0
0.7621311902803609 0.2241357228629706 0
0.7688426644085633 0.2301807300445043 0
0.1276388168695006 0.1350104624456959 0
0.1237432963826377 0.1328774049212976 0
0.7475191399958551 0.1791008797622416 0
0.7429776780691124 0.1723013718851452 0
0.2951338581889194 0.3854367965398598 0
0.2880997351925104 0.3858383321106383 0
0.2942345384992054 0.3781537562426159 0
0.03676864464011209 0.1709119642922295 0
0.03056277350372926 0.1644709612397383 0
0.2227432120336088 0.2939919365643182 0
0.2269064137167139 0.2939455169549908 0
0.240542078419806 0.3279120508622078 0
0.2408609850691713 0.3223802840635845 0
0.3141006984962732 0.2286281772709137 0
0.316316528739524 0.2240809453269363 0
0.006874388935102273 0.1990316408419259 0
0.007344778829634743 0.1911943788683858 0
0.01421916776473702 0.1953019292160398 0
0.4150297812485211 0.1843206870089053 0
0.4100234798078489 0.1771869608279967 0
0.391382050823452 0.263964172273579 0
0.3927276449624341 0.255430757906918 0
0.1567544197167445 0.1463115521788189 0
0.1600019510815147 0.1461126208879194 0
0.1588290383427258 0.1488828501383541 0
0.2993676662889698 0.3927015384164923 0
0.3055024695956648 0.3850169625484699 0
0.2660457421745526 0.06557998927406868 0
0.2699361756056537 0.05995535827688638 0
0.2550119890143895 0.1762130675621882 0
0.2563221671976182 0.1730976453139265 0
0.6279923937086213 0.2914580153002129 0
0.6220243766451246 0.3033018218015006 0
0.617728458122081 0.2965815067128975 0
0.6165989559461819 0.2849485053393849 0
0.6106309388826852 0.2967923118406725 0
0.8974695761271905 0.1934215952108085 0
0.9111299350134123 0.1929634419176456 0
0.9100138379243691 0.2041391263595292 0
0.1555245343785431 0.07174514272491377 0
0.1534618538753252 0.07788860324173073 0
0.1497029100875618 0.07381549050655224 0
0.07634312547889069 0.1437562420643823 0
0.07884652946276949 0.1381954520013236 0
0.1874934217288493 0.3912053496870667 0
0.1820379683623538 0.3862273810318097 0
0.1920581747174969 0.3831798281642392 0
0.134924560884624 0.2444800291810663 0
0.1876408174279903 0.1155277288132717 0
0.184261198170127 0.1131843003783801 0
0.1874016086704193 0.1115526728898426 0
0.2026017929023513 0.3270735335600534 0
0.1968421668457729 0.3241423365967208 0
0.2116397537284564 0.2541157009267827 0
0.2099470277426929 0.2573243724115095 0
0.3047184072667758 0.1877670755924241 0
0.3072420180936858 0.1920368603451085 0
0.1046610228019153 0.1564488273873785 0
0.1018433683354164 0.1531330277255057 0
0.3583400069597504 0.3033332432157476 0
0.3504582561876153 0.3026102957424435 0
0.3558060758659171 0.2951667669097429 0
0.2535605851552521 0.2212260369405931 0
0.2520300239181624 0.2182881177627306 0
0.02151260035040162 0.1927415605748501 0
0.02104221045586915 0.2005788225483901 0
0.4664632476061727 0.143387420977281 0
0.4681185871694151 0.1364249081980109 0
0.6133849048104114 0.2578771628291923 0
0.6090778731191826 0.2510981536988225 0
0.616556270668644 0.2501532284073882 0
0.1882204990540192 0.2598895236259908 0
0.1902181350294289 0.2575595163835164 0
0.1911457299003488 0.2599853400826603 0
0.1890633520192294 0.2553389288826823 0
0.1919885828655589 0.2554347453393517 0
0.2337083463483078 0.2904867936907484 0
0.2356610097587961 0.2872754409892121 0
0.4145575356884529 0.1154931532051631 0
0.4192789759467513 0.1218019119676908 0
0.4107247328313973 0.1225468735875021 0
0.07596746969283166 0.2346637688570874 0
0.08083940042060261 0.2383362576359518 0
0.0760894169309633 0.2401865806500967 0
1.390852433783445 0.02423798858626304 0
1.404609649790911 0.04866639780375313 0
0.1171193316524136 0.08554633723049412 0
0.1225217888284327 0.08904838577042526 0
0.1163410673592992 0.09104282169471117 0
0.482077237115549 0.1379688189133298 0
0.4749428971396058 0.1356843459722716 0
0.4828639969909165 0.1308190101341177 0
0.2990270053474768 0.1436359461517399 0
0.6020931100378675 0.2862025531830556 0
0.6032226122137665 0.2978355545565682 0
0.5157113120059649 0.2520343667220749 0
0.5143601435500156 0.2591569108136346 0
0.1828385038582317 0.1020497864803363 0
0.1854454085577224 0.1053993873799696 0
0.3914949433772126 0.01475696348363163 0
0.3829079015071875 0.02323300536382174 0
0.3832210469878095 0.008476041880190108 0
0.4373888126095209 0.1691440363425456 0
0.441363115083378 0.176811809228881 0
0.4336382590365027 0.1754459193659523 0
0.05311947746505449 0.02846539011690412 0
0.05524702032061531 0.03904944257458128 0
0.2154001237012729 0.2679154507806311 0
0.2133905891856544 0.2699036973450283 0
0.2119796701894376 0.267398505649694 0
0.0487099513722124 0.1195966812368501 0
0.04817606897340431 0.1279151815252872 0
0.04223921437362325 0.1249641995641072 0
0.4007627120717275 0.009838878207696028 0
0.4004495665911054 0.02459584169132766 0
2.0036498810808 0.06625372555253155 0
2.006682007869944 0.09100147558674819 0
0.1718165812591343 0.1100102748346988 0
0.1750958912300402 0.1112978934681735 0
0.0991331526099524 0.1217966832218626 0
0.09372761297833596 0.1248998530867792 0
0.4893723659022857 0.139838234449442 0
0.481451266050975 0.1447035702875959 0
0.2478296258245132 0.2480943059578277 0
0.2502004661839721 0.2458358791123144 0
0.250259669188074 0.2491585117328821 0
0.1382018301970883 0.1275969056374638 0
0.1341213284581858 0.1287194898213135 0
0.1350473170878949 0.1250101709481284 0
0.160191626631837 0.1507984985203736 0
0.1569440952670668 0.1509974298112731 0
0.1789662147670303 0.06791275172149124 0
0.1733080619997652 0.06859487470579514 0
0.06992934603946072 0.1670519511248233 0
0.0722945494622857 0.1614835728192185 0
0.1103270757034795 0.2194664833109325 0
0.1095527487650961 0.2232881297150485 0
0.1068200111324759 0.220992945117853 0
0.09352451294873323 0.2511899692458854 0
0.0972847092851452 0.2543722810969862 0
0.09224014888423537 0.2558344163002308 0
0.4689053470447827 0.1292750994187988 0
0.1541574190810872 0.02923915650628934 0
0.1570995203970184 0.03364429806471345 0
0.1487194134432167 0.03358483127921127 0
0.1316832688946007 0.3391370816315825 0
0.1259133959053766 0.3348344895510909 0
0.1322828650903877 0.3324749257978486 0
0.2443655779977018 0.110866345624054 0
0.2400910280661975 0.1099715926752329 0
0.2430145051293598 0.108096928869551 0
0.1844673203872353 0.264235902572356 0
0.1867108988353175 0.2619642526768858 0
0.1577084896696928 0.02245121150137173 0
0.1493283827158912 0.02239174471586955 0
0.8984145219502767 0.168622702636959 0
0.9130605187396557 0.1626437835596112 0
0.9132316700056127 0.176266991691577 0
1.424288118552388 0.3414650644154506 0
1.441253936241488 0.3174752485581866 0
0.2938831113780077 0.1356116829435258 0
0.2883752543268143 0.1360174606496692 0
0.1856649617144946 0.279926117622988 0
0.1876376469332295 0.2773218629324581 0
0.1888930821307429 0.2801456997473786 0
0.05401413814182278 0.1288655489188801 0
0.04754340114323363 0.1342330672461372 0
0.02400706982982295 0.1708072044684504 0
0.02931523311497706 0.178006360597119 0
0.0226053941100154 0.1767055883306045 0
0.1601032153826687 0.3600906194233136 0
0.1659473132824676 0.365043927696753 0
0.3242808891358138 0.1512427558899813 0
0.3308998756260596 0.1517798588505184 0
0.8566305582556422 0.3216633992291495 0
0.8531257317385395 0.3456111197339261 0
0.2897941347043599 0.1621634778835924 0
0.2882803127207052 0.1583047771987703 0
0.3338682467874715 0.3624306196931246 0
0.3295003937702751 0.3674027460928772 0
0.3264246378057591 0.3581622699146458 0
0.5171631676677376 0.2453565262625625 0
0.5233848161359929 0.2513251583637544 0
0.4100628482455143 0.1083576483212319 0
0.4186170913608683 0.1076126867014206 0
0.1497588576656769 0.09575324454793709 0
0.6361509991183478 0.3071963758900302 0
0.6413528062106908 0.2962158013941471 0
0.6452154930973737 0.3052338468953613 0
1.999678731574374 0.04262559535666188 0
0.2457020080845357 0.2494330010348969 0
0.2456428050804338 0.2461103684143292 0
0.3453232826547189 0.3077539854708601 0
0.3427893515608856 0.2995875091648555 0
0.1174437731012627 0.1616560183308739 0
0.1210209935472183 0.1608232214711182 0
0.1622755999524437 0.1513217912103393 0
0.1603906568767846 0.1534363708832582 0
0.307527994426413 0.2038764891627395 0
0.3042067259076563 0.2003947127997705 0
0.3086680655046365 0.1994180623772343 0
0.5856758435445337 0.2379954684230379 0
0.02808962770881983 0.07720980096526424 0
0.03498702599639134 0.08431360819100893 0
0.02602809287936858 0.08450510948438968 0
0.302495228985793 0.2333549769563821 0
0.2984368457007616 0.2332741140808823 0
0.1435088573568982 0.155231444583579 0
0.1400895522272766 0.1566675767956691 0
0.1408185764553036 0.1535810007481191 0
0.3422927967580845 0.3637219166222163 0
0.3392170407935685 0.3544814404439849 0
0.2653930286536942 0.1704415872746925 0
0.2625571415042834 0.170476983341889 0
0.2638568965612922 0.1673564886278834 0
0.3642574430121285 0.2286584686214888 0
0.3575624755893145 0.2266733375455608 0
0.3633811792453379 0.2224332366021722 0
0.1450428599937313 0.1493413212532461 0
0.1417688360911444 0.1507439524278606 0
0.5296727922770101 0.2568228207307279 0
0.5311246479387828 0.2501449802712156 0
1.134651037048645 0.3519329702144028 0
1.159828030227099 0.3526050067012609 0
1.14885920541633 0.3709971684986391 0
0.3008356875516261 0.008869267175244817 0
0.3104536400482071 0.008955693848470876 0
1.170452924718803 0.3336452221356631 0
1.184661093086488 0.3527094204198993 0
0.1713375343923847 0.1473022899777339 0
0.1719366050221509 0.1438337694932554 0
0.2148054332104904 0.2722074537780139 0
0.2113849796986551 0.2716905086470768 0
0.1516354213745477 0.08193758067184893 0
0.1535105706962301 0.08776897315034787 0
0.1443029498563898 0.3253404701682209 0
0.1492831816969541 0.330509541380818 0
0.1434923442765238 0.3304071949012509 0
0.136278127022385 0.1208745650262814 0
0.1321976252834825 0.1219971492101311 0
0.4107775205222381 0.2642951970316615 0
0.4039359445615449 0.2692286037759291 0
0.1537010519368684 0.1586118063907348 0
0.1515228861994471 0.1612101466510715 0
0.1510859629145234 0.1578185722055238 0
0.176253779033306 0.249723107482285 0
0.1778084467446006 0.2525761763701824 0
0.1750245465996066 0.2516917648042559 0
0.2208216771478674 0.08149805095804034 0
0.2159365825889629 0.07696028990083197 0
0.2207140141028391 0.0764038539151734 0
0.8222999050230331 0.2641892927751363 0
0.8235590286273065 0.2560553965190381 0
1.341129086736342 0.02310301747654034 0
1.365932857826101 0.02423798858626304 0
1.354327527112627 0.04734100606280338 0
0.02895905056561672 0.2117621741666234 0
0.02574772181661754 0.2048872316939511 0
0.1037972287712701 0.2183139929421231 0
0.1030229018328867 0.2221356393462392 0
0.5311666635307513 0.243253408805555 0
0.5374546396717683 0.2487510711725285 0
0.3867633676671355 0.03965293710706781 0
0.3739672407222305 0.04340361069815939 0
0.3783856709516856 0.03326460055835485 0
0.1892100813427918 0.3127286632939271 0
0.1900473114533472 0.3176476933799338 0
0.3156392730972037 0.2856359406259028 0
0.3138641269788184 0.2910379545590081 0
0.3086734721689667 0.2871239724188763 0
0.4275037969663394 0.1079138179106275 0
0.4354747363159442 0.1080845808271414 0
0.4310827181534117 0.1149189545018656 0
0.01771950035835171 0.08751320020534685 0
0.02461689864592322 0.09461700743109154 0
0.2749945025574239 0.2547552468622958 0
0.2742968201040554 0.2505237394343023 0
0.2167983250791098 0.3162969118573053 0
0.219421920123449 0.311557438550657 0
0.220808955919101 0.3166517568210685 0
0.0204297461853602 0.009677318237984655 0
0.008368813557003078 0.009677318237984655 0
0.2625616239218953 0.06946878511777442 0
0.2611478312815038 0.06269470206713768 0
0.2448281621069356 0.1050416105654579 0
0.2405536121754313 0.1041468576166369 0
0.03680635776195701 0.3394167278847095 0
0.02964672199737057 0.3334528403884071 0
0.03027966916630544 0.1488578089808557 0
0.02319704022835815 0.1535221333659207 0
0.8434940049892072 0.2782376429265467 0
0.8384746759947627 0.2716923449126197 0
0.8460520919780365 0.270425629944488 0
0.0079927211420212 0.146734114681388 0
0.007835300233983988 0.1382094239124345 0
0.1984476763636523 0.2864613162124867 0
0.2024210167132365 0.2865366232159689 0
0.20073443540169 0.2895144887907103 0
0.3523022998513332 0.1714294543174731 0
0.3501736220906545 0.1775114766901349 0
2.115553978005041 0.1111321601388821 0
2.140293730861463 0.09949832107246882 0
0.8498973963486389 0.3680292752354961 0
0.8285625190853897 0.3472150807672854 0
0.1614058586297922 0.03690084288219997 0
0.1672182610086612 0.03568099462095455 0
0.1660865936035645 0.04328321421136299 0
0.8657828461521913 0.2552204593840796 0
0.863493099219135 0.262272774549645 0
0.4007393387371851 0.274753689358435 0
0.4080758424629792 0.2764722081226917 0
0.5459876412674649 0.1594865893342884 0
0.5421832827419275 0.1669103780161396 0
0.5384927217397477 0.1596250553359471 0
0.1249114146937473 0.1983300461430695 0
0.121637308440637 0.1991215233205157 0
0.1224412195481261 0.1962164371704129 0
0.1233475117412052 0.1932021128852985 0
0.04546929859259733 0.3908120487415179 0
0.0373515138245811 0.3842351282191142 0
0.323419856517036 0.2099207599310643 0
0.3203323132709934 0.2051348063581087 0
0.1115652909687549 0.1900994499577014 0
0.1108418149907458 0.1942680158329345 0
0.1082821558811461 0.1918411495559188 0
0.7394295826588175 0.1655952791807672 0
0.7306853373155644 0.1654811871276724 0
0.1367013598507064 0.1577305411421289 0
1.821728338256391 0.353653363814218 0
1.837076061147071 0.3352984696186314 0
1.846931113229048 0.354061814052512 0
0.3080019780851676 0.1264532889492352 0
0.3102357451883151 0.1201643943476846 0
0.312711559103011 0.1244988155012372 0
0.2851030716751054 0.229204699199356 0
0.287295245200427 0.2262639103152252 0
0.2892522961040117 0.2288242777555565 0
0.1861463270677589 0.2746412051742282 0
0.1893744474840072 0.2748607872986188 0
0.1819115268395208 0.1152968063239639 0
0.2149503002615241 0.1145045715640391 0
0.2142466328968626 0.1178290598057586 0
0.1374649579537784 0.3195241145483037 0
0.1323466841251278 0.3210680571191616 0
0.1312995296429468 0.3153540479788114 0
0.2141557782268662 0.2766356876482224 0
0.2158180591226118 0.2746659838730333 0
0.2171740136259869 0.2773074064411933 0
0.1077354090231487 0.2624915239343474 0
0.1119495437367697 0.2652584601972591 0
0.108074349743102 0.26706489815937 0
0.1489210713784235 0.2693965087563527 0
0.1491565370206375 0.2730556524063519 0
0.2967183861380733 0.2302361965536864 0
0.2955349758357968 0.2346690458224426 0
0.2741901384298737 0.1280218215273806 0
0.2706968315192657 0.1302265393465989 0
0.3891271010333479 0.295950518047501 0
0.3929468416665187 0.2891211264975016 0
1.856453069437305 0.3739449512344518 0
1.871800792327985 0.3555900570388652 0
0.162060370314185 0.01529105959655439 0
0.1668894066793811 0.02213847138697418 0
0.2443953839495471 0.1585236683278216 0
0.2442671267595572 0.1617607821862997 0
0.2418077942985371 0.1600791186462631 0
0.2178236686096111 0.2728791725709848 0
0.3186088536885225 0.1332988047451485 0
0.3244012108355492 0.1328977158339873 0
0.321747010360753 0.1382107900202616 0
0.05891082301985202 0.04910259983869016 0
0.1690068474674712 0.1078721691663294 0
0.1731471017671904 0.1061572948627419 0
0.0977934053464786 0.3183561731907554 0
0.09709649773267325 0.311714702777309 0
0.1029932673761597 0.315510275981126 0
0.148226440425987 0.3999695287952217 0
0.1536635758099626 0.3931549772948499 0
0.1552991784448373 0.4031854484996281 0
0.1383495309615228 0.1521800846399507 0
0.1867375650339628 0.3067575866876869 0
0.1824151434332674 0.308778341047809 0
0.1423823422227153 0.4036120738491335 0
0.1407467395878405 0.3935816026443553 0
0.252704462402935 0.2379179461293937 0
0.2499687401685505 0.237799074442987 0
0.2505881926754481 0.2351223018742698 0
0.070101109952951 0.2420886886795479 0
0.07497304068072194 0.2457611774584123 0
0.8598525250252033 0.1384553125840259 0
0.85322137616642 0.1435611558768384 0
0.1689335642373725 0.2860078809423739 0
0.1727205871096646 0.28494968395499 0
0.1717800021238443 0.2880540167482269 0
0.7550037597869563 0.1790963872051594 0
0.7520686286309657 0.1860582941649567 0
0.3998054726571787 0.1847319339871634 0
0.3948145155194063 0.1774818261970241 0
0.4025426086447112 0.1773087402810543 0
0.1217393444391573 0.172773257891401 0
0.1181512810817112 0.1744471257008239 0
0.2910687347762232 0.2208270733871298 0
0.2882720236463515 0.2187104002194846 0
0.1540876093576715 0.3030628480630298 0
0.1584447873261207 0.3016793034023701 0
0.1581242926284377 0.305681156893426 0
0.837229653034143 0.2503225742920847 0
0.4300692791124591 0.1835981090994523 0
0.3856140049835551 0.1151372768929687 0
0.3875734396229443 0.1063151623685554 0
0.134172468270791 0.1009079706321101 0
0.1305580116270406 0.09675845648112695 0
0.2157722236326777 0.1501514648495796 0
0.2180833174273271 0.1480662390657537 0
0.2188250469353078 0.150720607715767 0
0.1786717460766603 0.2478279812050275 0
0.1758878459316663 0.246943569639101 0
0.1481037253251327 0.207250905146168 0
0.1452109506890665 0.2056401058604947 0
0.1474216148689118 0.2039874245162971 0
0.1533392340689702 0.2240225770957854 0
0.150519110461963 0.2238316773213176 0
0.1521314329813523 0.2215032871471067 0
0.2789730865477474 0.267642040512795 0
0.1128694174360079 0.08099905110213279 0
0.1190501389051414 0.07900461517784688 0
0.0213015575272195 0.1856847058508864 0
0.1083486276608628 0.2581158367257905 0
0.2039574588397224 0.03979296745568685 0
0.1997181744489982 0.03358706551359368 0
0.2068145088719626 0.03461550673729989 0
0.4436688649414289 0.3799597563075726 0
0.4314101514038297 0.3763858659700808 0
0.4451467722255163 0.3693106134399398 0
0.6440972264495667 0.05863314550941383 0
0.6568406088082308 0.03618246136539797 0
0.6648213165405917 0.05885774690656367 0
0.3102693972394442 0.207323646777413 0
0.305808057642464 0.2083002971999493 0
0.190690394762785 0.3368305274787545 0
0.1961346995673504 0.3347733587934663 0
0.1669326176519279 0.3028021256267044 0
0.1628245809639114 0.299997059232157 0
0.1380108517848361 0.2559645393242811 0
0.1347217086543213 0.2564946493415769 0
0.3759978464191094 0.2765832429429698 0
0.3841450148585808 0.2763118893451671 0
0.1368958302352518 0.1346194946716248 0
0.1400444353770835 0.1336441369536231 0
0.1396644240449562 0.136957407114599 0
0.3120729409188622 0.3078571316095995 0
0.305123273879736 0.3082064443437323 0
0.3082943851312475 0.3022416012718858 0
1.672120782897766 0.3484513633849347 0
1.687265396861229 0.3286561635339721 0
1.697236846773576 0.349226990753678 0
1.540381635564134 0.3209670218298781 0
1.54946472623748 0.3436386715149733 0
1.524326195778444 0.3432316406494988 0
0.2784423239035295 0.1277924011269922 0
0.2775096986484776 0.1317535006686971 0
0.4538036525675374 0.07806577795016049 0
0.4648949801029827 0.07810055086279394 0
0.1539683689993587 0.2354148494026387 0
0.1567762599128187 0.2345701740730415 0
0.1562924256321368 0.237615537340294 0
0.2100382579684216 0.007444370786508442 0
0.2187100521079952 0.00683338833434749 0
0.2522192586414144 0.1545295949535856 0
0.2540020680300322 0.1517085528273079 0
0.1505776760302432 0.1551815829393449 0
0.148399510292822 0.1577799231996816 0
0.4194728330217122 0.1350349192089272 0
0.4232235884195926 0.1281421760154187 0
0.427250248351609 0.134321462874316 0
0.1747768591357439 0.3856311984807393 0
0.1793416121243914 0.3776056769579118 0
0.1632354962377103 0.1130372807329567 0
0.156167494589991 0.1105410209626842 0
0.1517825662826495 0.1107104808269766 0
0.246943807259193 0.1009023129907255 0
0.2494047002131215 0.1048523842436396 0
0.5306698021100387 0.1606705485698995 0
0.2094933923268773 0.137251906070063 0
0.2123584583879556 0.1361388699782137 0
0.2110435813905414 0.1390739697977477 0
0.2912407102606619 0.008869267175244817 0
0.2879014004529918 0.01896647214142894 0
0.2823200599174935 0.01009720496618412 0
0.3059702699667487 0.1640856558883161 0
0.3069967594425701 0.1673028587009818 0
0.3021104181542984 0.1666274199896725 0
0.2999395181241102 0.2203052339745234 0
0.1723652663050426 0.2519274514476682 0
0.1739199340163373 0.2547805203355656 0
1.706666418869358 0.3703682329980884 0
1.721811032832821 0.3505730331471258 0
0.2403561196486927 0.1332529531904287 0
0.2433765308495132 0.1329679807222494 0
0.2424207388229457 0.1357353909902642 0
0.4059093326803761 0.2957011071082463 0
0.4012254985738703 0.288916194591398 0
0.4095630707451253 0.2887822062220459 0
0.3673532830358439 0.1614976234182886 0
0.3609611337029128 0.1561481760159134 0
0.1164941299385023 0.1763827324020656 0
0.1198442463322175 0.1774900795401168 0
1.341898397428046 0.0694210545363228 0
1.366702168517806 0.0705560256460455 0
0.01299721543761547 0.2453036133526746 0
0.01888412808324484 0.2389341393275032 0
0.1339268555069111 0.2599439031119795 0
0.1314402064069828 0.2573690485577272 0
1.406924378743003 0.3671212066757876 0
0.1033235106640349 0.1967297981986555 0
0.1016021384480043 0.2006122842552956 0
0.3966005797312679 0.2822022256113012 0
0.3924606818298336 0.2749586212645386 0
0.2385932178121136 0.251776522789271 0
0.2398009639275155 0.249288412049596 0
1.492690397549005 0.3877187319543063 0
0.1668972848597775 0.007489159741078419 0
0.1577163678500892 0.00780189985547597 0
0.1965850126778848 0.3946054664428371 0
0.1865648063227416 0.3976530193104076 0
0.07959647693272584 0.1537699547868267 0
0.08451265160570856 0.1513452808280102 0
0.08363687027548816 0.1573421991269814 0
0.249220723145936 0.2402262719674057 0
0.2471044534184492 0.2374306277122818 0
0.8812707094146068 0.1365484963092604 0
0.8864555592434751 0.1299210201956853 0
0.8897863480869429 0.136380600651132 0
0.2687382711735572 0.1754719639619433 0
0.2717740082983831 0.1751944262105169 0
0.2704420761144618 0.1781526005772511 0
0.0079927211420212 0.1554763623415945 0
0.01664133655445184 0.1598583765946327 0
0.4050325226700764 0.1699368530378574 0
0.5847106200787764 0.1017211848398555 0
0.5877210602517406 0.09146231515336452 0
0.5944240411233903 0.09458959445626301 0
0.3074593399391357 0.2423579685619544 0
0.3048726935132963 0.2472223811974581 0
0.1448599007744532 0.2871719364765732 0
0.1477199988237184 0.2908518489100599 0
0.1433246281209671 0.2903931055243985 0
0.1432171121333788 0.2077119422766223 0
0.1425350016771578 0.2044484616467514 0
0.14893704978336 0.2260269947264519 0
0.1477292486957422 0.2235077047777733 0
0.1685250832672253 0.07773187089589358 0
0.0453945216266011 0.1393840508188306 0
0.043791325355276 0.1475749221060146 0
0.04010213570349005 0.1414735711397283 0
0.9095510046041722 0.1229244859919913 0
0.9064411600787883 0.1332903899955131 0
0.8980810424411949 0.1193872205340351 0
2.113408960138361 0.3184605987478797 0
2.129254831267183 0.3409560065113355 0
0.3392480789595427 0.2738674573943906 0
0.3357720440074932 0.2801557429138037 0
0.3328705876584364 0.2732688271002973 0
0.293951610946329 0.401560686203941 0
0.3043202223530744 0.4011408522125511 0
0.8417666979851562 0.1614332329702157 0
0.8473651751723388 0.1646940883842515 0
0.8397334017195659 0.168597044097369 0
0.2712068386988912 0.1997056780809742 0
0.2696836643010128 0.1969859687896901 0
0.2726711182601991 0.1969748134350926 0
0.1648421502720534 0.1085373581223889 0
0.1604013195503486 0.1098494897170593 0
0.2743359757264287 0.01586311327297131 0
0.2776752855340987 0.005765908306787196 0
0.225984145720708 0.07578162393072706 0
0.2210990511618035 0.07124386287351867 0
0.86748940679701 0.2480133701977814 0
0.8730666576387033 0.2549101019154943 0
0.08472065010327881 0.2482555869390456 0
0.08672954564676158 0.2439994546301956 0
0.09048884809130615 0.2483959721402801 0
0.2839397700936773 0.1274941858716295 0
0.2806202098750735 0.1237625067303129 0
0.09824424003438513 0.1037545489081584 0
0.09640789540018088 0.1095633157176971 0
0.09217201603953463 0.1057015308688491 0
0.1246347862603176 0.1607132371496092 0
0.1221601458540932 0.157984013973399 0
0.3701117745622826 0.02698367895491332 0
0.2770266494481856 0.1886471350690575 0
0.2786431419772454 0.1913086797715108 0
0.2755710550924971 0.1914249704091796 0
0.2779226216330232 0.1109954958290066 0
0.2730004147956928 0.111016322114859 0
0.03883762769169218 0.3670077383590193 0
0.03065450754629791 0.3752059765699528 0
0.3577273920740699 0.4004786098056179 0
0.3631307083047804 0.3889440192624189 0
0.3692493902339035 0.3984654094568008 0
0.1075855517720565 0.1707007628607188 0
0.1105768130826389 0.173917554644359 0
0.8801374214178832 0.2914546252243151 0
0.8849726925354593 0.3055033212151402 0
0.8766349909184181 0.3044811772017585 0
0.8328878962480409 0.3105288129797968 0
0.8251918113254011 0.3114481029341638 0
0.8262888530981518 0.2971799906482452 0
0.1518160881842322 0.1646391520641459 0
0.1548877829953986 0.1650168788294172 0
0.1525658959578386 0.1676526500572806 0
0.2475308961433098 0.03683515795400987 0
0.251462249773487 0.04226858779963596 0
0.2427865360306912 0.04196400859859119 0
0.1985018574489341 0.2927529151840807 0
0.2024751977985182 0.2928282221875628 0
0.8363279645557287 0.1583561674735121 0
0.8439597380085015 0.1544532117603945 0
0.1018278628272761 0.2526372107609925 0
0.2415028944881888 0.2882125871213368 0
0.2459112564535553 0.2892348276769423 0
0.2425095051584218 0.2914960988379189 0
0.8622385823896052 0.1144709345049162 0
0.8648685898493031 0.1237784833144793 0
0.09092731423735681 0.3214018109987439 0
0.09682408388084326 0.3251973842025609 0
0.2982729727974864 0.2967215142429246 0
0.3010497767767164 0.291689050415906 0
0.3041215220713513 0.2975584501790001 0
0.4040740528317138 0.1011038053909608 0
0.1052890358713636 0.1886130512481731 0
0.1045655598933545 0.1927816171234062 0
0.7584242008645592 0.1726412367603402 0
0.7629736894996697 0.1795986511630553 0
0.9080772464630426 0.1459135749792312 0
0.8966072843000654 0.142376309521275 0
0.1492009991618872 0.163845917878935 0
0.0920269314554634 0.1583632050059778 0
0.09314409019397116 0.154318953081433 0
1.442600386759526 0.07397191972661983 0
1.458282077508919 0.04900861392824677 0
0.3014062779572743 0.3134380024834015 0
0.3066027165584933 0.1155422771544719 0
0.3023059994565833 0.1185823577471794 0
0.3033825518446049 0.1120057671059685 0
0.2110089443138544 0.1414056876466431 0
0.2138740103749326 0.1402926515547938 0
0.2050412386150281 0.263704496521926 0
0.2059341874311963 0.2665810257662579 0
0.2029624510430622 0.2654088173363351 0
0.3158704230815911 0.129386720330831 0
0.3181041901847386 0.1230978257292804 0
0.3095516622802539 0.1695631153486994 0
0.3056918104678036 0.1721048794500558 0
0.1504892237283763 0.1218206477061458 0
0.1484626792744633 0.1184564972426985 0
0.2683814935340907 0.169917441077948 0
0.2670817384770819 0.1730379357919536 0
0.1581278873190307 0.08721953204266422 0
0.1608482661770764 0.08289734734560598 0
0.1633455403313557 0.08620066906794156 0
0.1662626535596499 0.2535576344831804 0
0.1691872008895791 0.2528497565093118 0
0.2408310178867548 0.2469725417494314 0
0.242485133381217 0.249764933791563 0
0.235152640959132 0.148217442842833 0
0.232559615701404 0.1464382888111721 0
0.2353217524686155 0.1452799134210802 0
0.1125609327734215 0.2250589916515914 0
0.5573113214307477 0.1399013564288562 0
0.560901595775551 0.1471594075759198 0
0.5534122352448252 0.1463549878686878 0
0.7305484440435699 0.2001499223462783 0
0.726174754761111 0.1932467245807498 0
0.7336189524483245 0.1928555449975413 0
0.7412883252853238 0.1929107647425543 0
0.2158578079401987 0.1112999476078531 0
0.2182204923448942 0.1140378773418816 0
0.2848593475721547 0.2240571968448723 0
0.289008572001061 0.2236767754010728 0
0.008368813557003078 0.02158722044074571 0
0.3107120810238567 0.1775759106270758 0
0.308889571547253 0.1811408859973744 0
0.3064242038288837 0.1779301114680721 0
0.1325125522685616 0.3267052287030054 0
0.1382824252577857 0.331007820783497 0
0.07258360944918857 0.176762418938306 0
0.07801978317628414 0.1741167676595566 0
0.07661310386861719 0.1799755569008552 0
0.1724947610060634 0.2597992216494973 0
0.1732684693815865 0.2570303779895408 0
0.1389365821755129 0.1402184267176268 0
0.1420851873173445 0.1392430689996251 0
1.654606481381951 0.05456321458863744 0
1.652716183853769 0.03412023437576927 0
1.678274448427331 0.04945535146045101 0
0.8891116972470843 0.1227994924411772 0
0.892221541772468 0.1124335884376554 0
0.8805960585747482 0.1229673880993056 0
0.3180369900387146 0.2957211056518939 0
0.3110711891104775 0.2972091374448673 0
0.6018649695573968 0.2525412280439519 0
0.6050363354156294 0.2448172936221479 0
0.2255127079052078 0.2716947575933257 0
0.2264593218786124 0.2744324002301728 0
0.2235591701686141 0.2741181232752045 0
0.1104897510121307 0.2064363027402881 0
0.1068081619755403 0.2067894351232682 0
1.655854867588954 0.07560735826073216 0
1.630296603015393 0.06027224117605042 0
0.1338397728959483 0.1324045975685118 0
0.2446042105410253 0.1301526662198894 0
0.2466688297152782 0.132635104019725 0
0.157457045665529 0.07986723289021046 0
0.2393543664451962 0.3331387992857184 0
0.2348986333615839 0.3281485001311804 0
0.4571834398447536 0.3838615848441604 0
0.4708395078320388 0.3828847121225428 0
0.4706174619136769 0.3938617931892717 0
0.2642879560365738 0.03614031789737265 0
0.2701816190061749 0.04144894000563696 0
0.2621002728557066 0.04244835926331895 0
0.14326265709835 0.336176891996094 0
0.2926304929512209 0.2287573085833362 0
0.2287302948929728 0.2976633829944507 0
0.2311394306798192 0.2942175951386432 0
0.2550036022577964 0.2389787883553604 0
0.2571434038857021 0.2401420832413053 0
0.2542248115239431 0.2417580135840557 0
0.1921673026720388 0.3201709818207543 0
0.2546025554849601 0.1707752241993571 0
0.2572512403306972 0.1702806894636959 0
0.2978965887105083 0.3196091091356495 0
0.3053921404205847 0.319993081333694 0
0.3204732998545858 0.008955693848470876 0
0.3465606091719933 0.1388386007430189 0
0.3503579130126686 0.1437007880590646 0
0.3432033076249366 0.1435010212720723 0
0.3019672485358005 0.2246338239588166 0
1.862269804876569 0.08286481046865417 0
1.854693766221176 0.06081714909128232 0
1.879583249275979 0.06195062114888723 0
0.4284880129168829 0.03317477114033272 0
0.4212530470353871 0.02090112520207701 0
0.1009842534049934 0.1126534540090578 0
0.4230091095234009 0.1007783130266964 0
0.26479229900318 0.2316667130380312 0
0.2634747291957251 0.2289975171195263 0
0.2664464191183767 0.2290130507681228 0
0.08767662802902162 0.1735178157341526 0
0.08889033312345604 0.1693860215012337 0
0.09198133614370227 0.1733266338338378 0
0.3043090297028009 0.1751617887859469 0
0.3024865202261972 0.1787267641562455 0
0.2391081932867664 0.1611678440221563 0
0.2392364504767563 0.1579307301636783 0
0.04863164274173973 0.265324904165045 0
0.05457088826013156 0.2696685959753051 0
0.04852609762870864 0.2722230032633325 0
0.544718009973984 0.2502987706560523 0
0.5447600255659524 0.2434071991903917 0
0.6858951159449092 0.355648413823491 0
0.7088911226261031 0.3495719873886691 0
0.7019548921506602 0.3690994420652651 0
0.1164022559310196 0.4022546224057952 0
0.107210872225468 0.400804622958389 0
0.112105117051514 0.3930592453641843 0
0.2225644668209415 0.1106482852269949 0
0.2209052983735081 0.1074989660069811 0
0.2243417651708808 0.1073139978482804 0
0.3213695605738755 0.2238827696222262 0
0.318786980730657 0.2193957637062487 0
0.3970132978927439 0.0377559158570932 0
1.46944443745882 0.02458020471075668 0
0.4244114325689681 0.1532027030823318 0
0.4305129929038591 0.1595338501812791 0
0.4235623962277545 0.1614469993806697 0
0.4149871148630387 0.1624654629332611 0
0.1088074278472599 0.1774961131192188 0
0.113031779452617 0.1769183370376324 0
0.08843514790332412 0.1587373279068167 0
0.0835189732303414 0.1611620018656333 0
0.1802829142285499 0.2705112585901835 0
0.1800488815132849 0.2738098011349497 0
0.3923663312811015 0.2497110360953109 0
0.3858033471298205 0.2546985377238785 0
0.08409602596891075 0.240843817955345 0
0.08986422395693808 0.2409842031565794 0
0.09553340849221598 0.2469338369370354 0
0.7502183031072363 0.3656081861993941 0
0.7377097449318076 0.3427561708547543 0
0.7629771492071897 0.3453413414237053 0
1.352074770655319 0.332780184867096 0
1.360147880921153 0.3607925013605645 0
0.1431264206374905 0.2842838364341439 0
0.1475217913402417 0.2847425798198053 0
0.443446819023067 0.3909368373743015 0
0.3462482627574867 0.2749169453458242 0
0.3433468064084298 0.2680300295323177 0
0.2817472759482936 0.1912691088188556 0
0.2802916815926052 0.1940469441589776 0
0.1799102433010752 0.2538626239094721 0
0.1819399255036594 0.2515110062952868 0
0.1828124896264347 0.2547661111565474 0
0.6853820996450868 0.053956790063645 0
0.7019246455981716 0.04086445448388527 0
0.7097420463440025 0.05841418178498246 0
0.2977675381082688 0.2865758277077831 0
0.3036160873821336 0.2874127636438586 0
1.845442217875521 0.04037800115549925 0
0.292624667048999 0.2953960787875618 0
0.3073362451891758 0.2332785461997758 0
0.3044612722064211 0.2287648340555199 0
0.2065489755124505 0.110250278648177 0
0.2041066263775182 0.1127664430301304 0
0.2040989546332193 0.108880361796734 0
0.5522804026564909 0.2514660712277678 0
0.5449750167623069 0.2568099432099045 0
0.6344107119472306 0.08713590143441792 0
0.1456798674876133 0.0687319777389757 0
0.1436171869843954 0.07487543825579268 0
0.3248759243491204 0.4008392871596576 0
0.3146270770001576 0.4011408522125511 0
0.3199851250446779 0.3919801393722088 0
0.07383384167777554 0.1337393588269268 0
0.08046637844570986 0.1321953631873413 0
0.3560964270598969 0.09317407764789919 0
0.3527777315359901 0.1005934545646264 0
0.09866254078168248 0.1358692774429488 0
0.09949924242260269 0.1321266395123895 0
0.1037031133901981 0.1352198825634946 0
0.254325641490678 0.1436322763621182 0
0.2520484665732734 0.1411725214376804 0
0.08331745130224408 0.1734535545118272 0
0.08640845432249031 0.1773941668444312 0
1.316569896343005 0.06771617022694293 0
1.328944537748183 0.09093118981018507 0
0.3007236503611477 0.2088920769616888 0
0.2808130005909837 0.3887628008467511 0
0.2799136809012697 0.3814797605495072 0
0.3943574349906443 0.3992094306465432 0
0.3812915567456764 0.3984654094568008 0
0.3877185847095819 0.3876748401033441 0
0.007835300233983988 0.1292447123026254 0
0.2433118002896365 0.2338193112778198 0
0.2463818411967163 0.2330636056085995 0
0.2447824295339839 0.2357591358570834 0
0.8313377406221955 0.2738015718905146 0
0.8533487612084334 0.2696996429779563 0
0.1615376298306211 0.2494947016190874 0
0.1646556808210768 0.2486243030974553 0
0.1639956970669291 0.2515537045612778 0
0.1147247447031233 0.1799612908769253 0
0.1265510032514896 0.09319909617848039 0
0.1257505329108694 0.09810423053728885 0
0.2065769366217384 0.09869913878885947 0
0.2044926263331379 0.1028127000368008 0
0.1561372787339471 0.1598115880038129 0
0.1557003554490234 0.1564200135582652 0
0.1444323089352621 0.1191673817186588 0
0.1459944385621213 0.1153992165321722 0
0.1263471239577299 0.3225351621335132 0
0.2064118327723929 0.04450114235007489 0
0.1993154983494284 0.04347270112636869 0
1.903336815756361 0.06301322327929348 0
1.911262113772458 0.08563735820164532 0
0.4366945931052696 0.239466482837582 0
0.4449855342324861 0.240439119065779 0
0.4408385134734785 0.2457224041930723 0
0.252740607638107 0.1262349148473601 0
0.251311178510329 0.1294832326922465 0
0.2493259385345683 0.1265714716724786 0
0.1902614885814962 0.2830145496953053 0
0.1922341738002311 0.2804102950047755 0
0.6246633730126725 0.1546892258744422 0
0.6296952717703349 0.150011820913663 0
0.6298666926078855 0.1582459111866929 0
0.2226901017642355 0.3201963421448989 0
0.2253136968085748 0.3154568688382506 0
0.1155034522271005 0.2116399147157731 0
0.1186682351008115 0.2106655162688434 0
0.1177950525781047 0.2138601704050672 0
0.2559093776282362 0.1192927802640622 0
0.2544280089379772 0.1229115694524458 0
0.2522367363526052 0.1197043646392087 0
0.2027556333177751 0.1064430985783974 0
0.2003132841828428 0.1089592629603508 0
0.8692788725140091 0.1305659764023732 0
0.8735296379064331 0.1233014227659198 0
0.1480181443923472 0.1287245282691326 0
0.1504265244223786 0.1311902391499952 0
0.1470175905545547 0.1318773553579611 0
0.3159627608939631 0.2149210639465091 0
0.313370516673558 0.2109978216483412 0
0.06931566085738224 0.01748897590740994 0
0.07713286542407748 0.02226564023777432 0
0.3113122975763367 0.1135878037064738 0
0.3406317242350795 0.02690476357812033 0
0.3357487890058995 0.03600431742330552 0
0.3309171004630143 0.0270195951524877 0
0.108547363275432 0.2134877407079205 0
0.1120653290921993 0.2123193757770505 0
0.1111123038876265 0.2160029337828669 0
0.1058315712549712 0.2106080314352061 0
0.1031393447505068 0.2075932838563703 0
0.1430141842372007 0.1230561245967319 0
0.1457548800860637 0.1258181534531418 0
0.1418685146756603 0.1266496156206886 0
0.1101340130381966 0.1840847395965889 0
0.1137123067540742 0.1832798629415933 0
0.1125839255750329 0.18686770702569 0
0.1409425260459513 0.1303589344938737 0
0.1437111198556555 0.1326968469368479 0
0.3500397264533778 0.1329569199879674 0
0.3428851210656458 0.1327571532009752 0
0.3547119040345089 0.3820265337492767 0
0.3662339021943424 0.3800133334004595 0
0.1996613652450623 0.07061233075757394 0
0.2035840141909446 0.07391986889157302 0
0.1978394813467332 0.07489677423948383 0
0.156671760708515 0.1627317094527107 0
0.1574215684821215 0.1657452074458454 0
0.1442030672178225 0.182947824601067 0
0.1450842421802447 0.1857316653924168 0
0.142175544312282 0.1843579933667924 0
0.311788569209436 0.2422790432680542 0
0.3096994312388481 0.2377897638067377 0
0.007895382844263688 0.316586865031174 0
0.01625401705557757 0.3221074284577015 0
0.00835863421131388 0.3259263440305685 0
0.1587878976931452 0.2973787504017609 0
0.1664287394905782 0.3070741479101398 0
0.1708798865456192 0.305578661304078 0
0.2185838106539708 0.2938512726719751 0
0.2143110865203844 0.293927389284043 0
0.1090223433019881 0.32741749252433 0
0.1102243905072688 0.3213560200526312 0
0.1155565588192919 0.3266217661823888 0
0.86075901551672 0.06840902356779666 0
0.8359187072580638 0.06694525477744052 0
0.853522563977235 0.04653888224353354 0
0.345876898084384 0.3139237958659374 0
0.3382079934576543 0.3109010092883494 0
0.204603712318714 0.2614982776850886 0
0.2075754487068482 0.2626704861150114 0
0.4367859021812291 0.2511620416255073 0
0.4450768433084455 0.2521346778537044 0
0.1437194636052531 0.216747640335061 0
0.1455098991386377 0.2183490410976034 0
0.1426735063458568 0.2195109802843403 0
0.3140795808628895 0.3842446486864697 0
0.3098457727628391 0.3769799068098372 0
0.1823876790181384 0.2962925517734569 0
0.1864457694174544 0.2982033694040718 0
0.007129364945017327 0.2584478360407241 0
0.007935043362790632 0.2685996490078103 0
0.3828225254963834 0.1214914203736148 0
0.3783296980132191 0.1172540392533246 0
0.1491638139538876 0.1251310372451759 0
0.1535218877078859 0.1305946379798655 0
0.1525213338700934 0.133747465068694 0
0.1932217671502883 0.2891402018319078 0
0.1916425097497276 0.2860601834146447 0
0.1951818376515451 0.2863591633699651 0
0.3383962829207715 0.1638670159835052 0
0.3437790710263582 0.1619266404935625 0
0.4712376487906333 0.3719715304482124 0
0.4846716708595566 0.3819717387933236 0
0.3048659950803977 0.1031379153638792 0
0.3017586761420173 0.1076584038217022 0
0.2989454022759001 0.1018306326723204 0
0.1413344980330457 0.08052250575737432 0
0.1383455552525631 0.08568868265108419 0
0.143447989422748 0.01659176501086339 0
0.6916088318989042 0.2425352263969878 0
0.6949813393457218 0.2361281457493507 0
0.6991240997999271 0.2413631600348981 0
0.112938511614906 0.2091247216408267 0
0.3601836411459907 0.2890752658798838 0
0.3523018903738556 0.2883523184065798 0
0.4071728495027468 0.3992094306465432 0
0.09002111350018385 0.1505760169125585 0
0.1198341556618004 0.3370899420194562 0
0.1204337518575874 0.3304277861857223 0
0.364090515059609 0.1063038082927809 0
0.3605825553593098 0.1134611048896213 0
0.3568546926155828 0.1069557777524921 0
0.342708680358447 0.1209493361389424 0
0.3394747110863735 0.1269407796770539 0
0.3358191530977902 0.1210146433700727 0
0.2820388980714624 0.2568850754936198 0
0.2846532697891989 0.2535438761775831 0
0.2731340614932543 0.1723180249822343 0
0.2748378664341589 0.1749986615975421 0
0.255623054764694 0.2363020157866432 0
0.280506927360533 0.03434126370808253 0
0.2847895557461652 0.04044733588489979 0
0.2766519305726743 0.0412469708165079 0
0.02339813848255669 0.1118638778486539 0
0.0302143752566755 0.1162047848083397 0
0.02268127419436258 0.1200240148619809 0
0.1291378790884005 0.1188715870395155 0
0.1279070691539104 0.1230071929613624 0
0.2667852700846526 0.1970143791039759 0
0.2682495496459605 0.1942835144580943 0
0.2171937376852829 0.1076286026318563 0
0.2189710360352221 0.1042943152531417 0
1.090650375466659 0.02046128493206932 0
1.117457708485778 0.02043551645230881 0
1.104569426076194 0.04089680138437813 0
0.09901667715011445 0.2235602094378114 0
0.1020394595113202 0.2262391616135412 0
0.1051408424799777 0.1782027125731219 0
0.1075958088499558 0.1812034949663953 0
0.2294606130398018 0.2749446450418273 0
0.2927660136895459 0.2607258185065699 0
0.2882919097748686 0.2610106918900191 0
0.2907600920428159 0.2569062372213124 0
0.1405459435248587 0.1199988438862056 0
0.221415163858852 0.1517934692760836 0
0.1734341375026727 0.2455874529209158 0
0.1472644201164228 0.2011883126153118 0
0.1510585714257006 0.2189131702244451 0
1.345624207500121 0.3811931539438615 0
1.366926789971702 0.3895993474167029 0
0.1954428819363249 0.1070510117311125 0
0.1977396249102844 0.109599998573715 0
0.1942125439792107 0.1101290105628133 0
0.2355322275245667 0.2942046597302083 0
0.1048785460503985 0.2142915894410226 0
1.895760777100967 0.04096556190192163 0
0.0804757492183551 0.2790548599902208 0
0.08655410807757043 0.2787426679856229 0
0.0829014394833999 0.2837691547600797 0
0.6684994568482863 0.2953537330294032 0
0.6614825383036156 0.2984526879435832 0
0.6574342187343876 0.2911543174852983 0
0.695033177853863 0.294743354520929 0
0.6861804390875315 0.3028368951047236 0
0.681400515183846 0.2945585629038935 0
0.6834100909301594 0.2861508355763561 0
0.6745573521638277 0.2942443761601506 0
0.1693129242892072 0.0301551496657914 0
0.1739936592629795 0.03653752099495441 0
0.01608667177257506 0.1066541030271719 0
0.02361977283488798 0.1028348729735307 0
0.2064220154723534 0.2931378532135889 0
0.2085757368107258 0.2901672986680832 0
0.2102899765318051 0.2937153560874796 0
0.2564132489137378 0.1258233304722136 0
0.2532557428971307 0.1322155812094391 0
0.2498410737935921 0.1325521380345577 0
0.3461016830382517 0.01807562949624694 0
0.3509333715811369 0.02706035176706477 0
0.4372122895144535 0.3023656964241366 0
0.4458419298765434 0.3025372515156154 0
0.2373381715188435 0.2983538952214722 0
0.2399070871873322 0.2946230937735774 0
0.1732208132510492 0.322984605274707 0
0.173712996788647 0.3177392263270364 0
0.3210157927283146 0.2147228882417991 0
0.891272461227151 0.02400132551694484 0
0.9175911082674197 0.01999344829531506 0
0.9046815192761598 0.04399477381225989 0
0.1010814367508093 0.2154342836694088 0
0.1376962517204463 0.1169858221482083 0
0.08179958729743826 0.2590957404196424 0
0.08304065630444528 0.2540271282437655 0
0.08723888354081638 0.257720716625007 0
0.3262440763537299 0.2143954596908039 0
0.2593577380490605 0.1117093762931023 0
0.2577450860479572 0.1156789526988969 0
0.2553307570439676 0.1121159990450306 0
0.2179778664822278 0.2518578069173676 0
0.2211101265129984 0.2529822573212316 0
0.3243284282118523 0.3839430836335762 0
0.1697027549377959 0.06460136914364847 0
0.1673789402830799 0.06959175185875716 0
0.1334942460722852 0.07085877290748306 0
0.1373114554330971 0.07543899298979778 0
0.1312115571209354 0.0765058404090647 0
0.61992988006936 0.1589871882355987 0
0.6197584592318095 0.1507530979625688 0
0.07699841335317403 0.121621692599185 0
0.08361022209867731 0.1197005145881839 0
0.08206549940621921 0.1258180920019434 0
0.2599363586333291 0.118886157512134 0
0.2203378765502295 0.2972506409184552 0
0.2115179541825561 0.3342489199475366 0
0.2072285543777409 0.330680898906139 0
0.2124395379681964 0.3286022428604211 0
0.06743148929544787 0.1573654535574426 0
0.07385763543566762 0.155648753824022 0
0.1577741486243341 0.1060410983521164 0
0.4270563912766481 0.1210884556330797 0
0.6610664793705227 0.1106586819945344 0
0.6654153002371821 0.1040261455283705 0
0.6720008252704217 0.1070410034720111 0
0.6972278500127291 0.1062327483216113 0
0.6845716969101137 0.1075517760735229 0
0.6890057992396967 0.09908943925393551 0
0.6860523532024242 0.1152564185767335 0
0.6778303024293918 0.1081131095090578 0
0.04799559226510228 0.01991721729353432 0
0.04205123609512984 0.02794842043429066 0
0.3164638845459454 0.2331393948778756 0
0.3116654744594761 0.2331996209058756 0
0.1608687977366126 0.1430682165972188 0
0.3053912335005191 0.2820107497107533 0
0.2657498062931607 0.1759961101586879 0
0.2486133941020799 0.1353674525369176 0
0.2252619150448137 0.1005386774211633 0
0.2283152586998436 0.1007924176423594 0
0.2257359403784773 0.1044184188494626 0
0.1661726707801095 0.104684378150432 0
0.4361211323295203 0.2281302261470141 0
0.4324040252611948 0.2341749275965913 0
0.4276835437264378 0.2281219560333166 0
0.1394464825853222 0.008789865155387423 0
0.1488779464670709 0.00780189985547597 0
0.283374578591752 0.1192862522864264 0
0.2728452290598969 0.3215108275139536 0
0.2755335090054545 0.3164505465673669 0
0.2785799082341314 0.3212931761123139 0
0.1027508316831228 0.1857318066179794 0
0.1064674276709144 0.1847913390504921 0
0.2838126513219237 0.02686801935442133 0
0.2756750261484329 0.02766765428602945 0
0.2791394451070603 0.1352129995252231 0
0.1577696119059451 0.06663513814317289 0
0.1615285556937085 0.07070825087835138 0
0.3721851340978134 0.2959778275002252 0
0.3678577062915129 0.2894197895480285 0
0.07060428398183248 0.1456350411015775 0
0.07473341676588802 0.1496518355250508 0
0.190509152946013 0.1163444218161204 0
0.193336206823258 0.1157719845473519 0
0.1930641318409883 0.1182203050387381 0
0.08707818719121316 0.1302741851763402 0
0.1710946112966973 0.1503035114767568 0
0.1709545124490128 0.1536618114333707 0
0.1684421149138153 0.1519675722841975 0
0.1938960466586842 0.1456532637008 0
0.1926924770966116 0.1431917986112814 0
0.1957640429197018 0.1428483003925842 0
0.1629457235324803 0.156593529499178 0
0.1653883231317611 0.1546427679070176 0
0.16585941646685 0.1572766338329718 0
0.2886753928337569 0.1274849140229802 0
0.2864975068622129 0.1315148084196594 0
0.1138450415202468 0.2182981183800624 0
0.1171942381160271 0.2168202269696076 0
0.11640900993188 0.2202837764976731 0
0.3160747271445542 0.03480734365111814 0
0.3195329786895978 0.04259506230709711 0
0.3095735406003177 0.04128325696054236 0
0.2041894375195975 0.2963762796069593 0
0.9316065190959331 0.3158648226439447 0
0.9362186953078668 0.3415100520254106 0
0.3481556507774306 0.2508012905409567 0
0.3421719334278636 0.251018276795602 0
0.3455762297942533 0.2456668598217384 0
0.28629679694776 0.1529845480401031 0
0.2744642473918071 0.04755501218245421 0
0.2780874803177265 0.05422892666183299 0
0.271617168751227 0.05443089585096205 0
0.2358200397514192 0.07363155152719225 0
0.2303343155488692 0.07463532995701527 0
0.2318549069822222 0.0696178544592493 0
0.6240188271251592 0.2497987134747919 0
0.6197117954339304 0.243019704344422 0
0.2493719773106608 0.1762887765155866 0
0.2508078783646956 0.1735477108499314 0
0.2522375812978463 0.1763332457152429 0
0.3443774999947723 0.05124372678082695 0
0.3418979404348312 0.04193407076781873 0
0.2685864695789788 0.2702668757947397 0
0.2652954973913809 0.2712061711371259 0
0.2664702902545477 0.2675452672879133 0
0.2426279168251398 0.3456346464013879 0
0.2402786878055742 0.3389274159203148 0
0.247347040522984 0.3396095804978189 0
0.1514858532630482 0.2369487084276283 0
0.1519696875437301 0.2339033451603758 0
0.1273134808553688 0.2406601604309798 0
0.1260125125541594 0.2436672159169305 0
0.1479335828861896 0.2184490442604815 0
0.1468876256267933 0.2212123842097608 0
0.1724124644188307 0.2818819315130199 0
0.1752589023053024 0.2839280673188729 0
1.573997070572758 0.3447111435672746 0
1.557941630787068 0.3669757623868953 0
0.6082553151085065 0.2370639618182912 0
0.474552710913309 0.07012573689405176 0
0.4787112341656217 0.08066545070477132 0
0.1969706695234155 0.06546652322428914 0
0.2027152023676269 0.06448961787637833 0
0.4529349593825363 0.2528153010558434 0
0.4488823480902869 0.2582549384882785 0
0.1964702483913385 0.2957680635029743 0
0.1947294859945103 0.2924543301061218 0
0.09553068866410447 0.3329015147154528 0
0.1023967797732263 0.3298558769074643 0
0.3680423963781043 0.3032189905344588 0
0.3765397038378655 0.303307103651637 0
0.1658681610637873 0.3115803091798012 0
0.1619208921700961 0.3088037735024277 0
0.08443940372548125 0.1135072064319066 0
0.265446274955041 0.1997769940639546 0
0.2640121602999888 0.1970745397323589 0
0.1474277740968475 0.1656018831408721 0
0.1471345721120624 0.1621728777277977 0
0.1631446025691942 0.2544280330048125 0
0.2440344125113694 0.2381863333815021 0
0.2924126948942163 0.2777925437178934 0
0.287765423694017 0.277621368524802 0
0.1458438151529867 0.1593674665484948 0
0.1736648049336994 0.02299499776097405 0
0.2566230040812975 0.207129251532512 0
0.2585613532450698 0.2087233779839933 0
0.2558107475409483 0.2102970755763448 0
0.1575637142016468 0.3101873181630874 0
0.1815406931795081 0.06261586373315049 0
0.1848750312920573 0.06692412346395527 0
0.2007069558827613 0.1028916012004176 0
0.2810171925716618 0.1397156517552329 0
0.2775266240905144 0.1420083104293061 0
0.302260848245772 0.2601044379616185 0
0.2974951158459624 0.2605071403079233 0
0.2999999283573028 0.2562186614915585 0
0.06431885329902365 0.1690158119345437 0
0.06837979601641843 0.1728674905067278 0
0.2458794715286569 0.1270864231133122 0
0.2425871726628919 0.1274192998158366 0
0.1486251831459466 0.1898492170359509 0
0.1465542634918521 0.1875729887049194 0
0.1491826847398796 0.1865977249577229 0
0.2488865428752329 0.2189179657949384 0
0.2503376475425264 0.215884105110766 0
0.2404019813450099 0.2338446658474182 0
0.2420013930077423 0.2311491355989343 0
0.2464953589072293 0.1759045273906265 0
0.24792506184038 0.1786900622559379 0
0.2187126702950594 0.248690150832571 0
0.2157791492634196 0.2503618226077406 0
0.1576803145534617 0.2317719880829907 0
0.1600043711862399 0.2339726760206459 0
0.2511113240442909 0.1869596878366538 0
0.2537473523465291 0.1882019702532486 0
0.2513824239220296 0.1901162357656592 0
0.1291644098016472 0.08231898089879382 0
0.1331936242247041 0.08646969130684896 0
0.1273292675446039 0.08770261171426334 0
0.125136661968448 0.102843434386429 0
0.121129653592897 0.09928407408378247 0
0.1907148294040958 0.1009766042288481 0
0.193238316055277 0.1039718509364594 0
0.1893923143540699 0.1045847770125995 0
0.3356698228514591 0.4008392871596576 0
0.09153388235423873 0.3922865261789655 0
0.08432129492585763 0.384200337033143 0
0.09570114591758141 0.3835230567709555 0
0.3571428131116708 0.187870457280492 0
0.3534241416730415 0.182480549557777 0
0.3598285519114586 0.1816697524073881 0
0.2852043866176607 0.2820676607983432 0
0.1100078991000175 0.163059258157849 0
0.1137691745973676 0.1622151798435228 0
0.1003303906542524 0.1935016998909097 0
0.4450019709904178 0.2634116842344099 0
0.4528600870645085 0.264092307436549 0
0.1284416252576966 0.2457823944336232 0
0.1250374703777452 0.2465384238127588 0
0.146296920992709 0.2566340664843648 0
0.1440937936544651 0.2544410672271749 0
0.1470123574688235 0.2536120549115309 0
0.5264382654711188 0.1033033403136179 0
0.5131795209111849 0.1022491755092188 0
0.5198185394002005 0.0952709460896632 0
0.221430882082399 0.2843854856162319 0
1.430124945673609 0.2954101647727924 0
1.405069227858807 0.2940889131807733 0
1.419016230520913 0.2716126676408337 0
0.1968684189630916 0.2833812977952237 0
0.1954004773527013 0.2805969592229435 0
0.1986663160648086 0.2806991120654651 0
0.1367798384375465 0.2794068743795572 0
0.140327987057316 0.2823910156958216 0
0.1369163814519325 0.2837290517746473 0
0.2031574392123127 0.2834474923439272 0
0.2054441982503504 0.2865006649221508 0
0.1066769594431469 0.3421159465123199 0
0.1077289480852493 0.3351216230372219 0
0.1133025229719087 0.3396775621291856 0
0.008669816148920068 0.06115023725615545 0
0.0182351634448186 0.06613940950917761 0
0.009565347295898535 0.07241213000562281 0
0.3475491723087073 0.2626161124992858 0
0.3405489885107634 0.2615666245478522 0
0.1750923962503808 0.3037656227695619 0
0.1753567274517602 0.2998340507788247 0
0.1651338627556779 0.07470175644049805 0
0.1373518153181667 0.27542429748489 0
0.1377676013323756 0.271649832146551 0
0.3042054881974572 0.1516280632244573 0
0.302199419323158 0.1559173120435467 0
0.2591690882224003 0.2501234215339004 0
0.2574567539608181 0.2527404024074533 0
0.2561620476920573 0.2500674561978367 0
0.4133838680590489 0.2516181493742217 0
0.4078878862373378 0.2480181417518282 0
0.3542048917213834 0.2630726503282413 0
0.3514070738237169 0.2566092453437759 0
0.1425841777289192 0.2490116238743745 0
0.1418112879730011 0.2521393152035371 0
0.3210460605115782 0.02701526834730732 0
0.2007614610427401 0.3383807241395519 0
0.201680209116711 0.3327202106471689 0
0.2131677495190715 0.3232127259733701 0
0.2174571493238867 0.3267807470147678 0
0.1120009408443005 0.006842321385932274 0
0.1071062203279963 0.01373970121435521 0
0.1031502726444385 0.006897379828422937 0
0.1410958514968866 0.255161326776371 0
0.2536289084525314 0.1379703348318243 0
0.2502051963011359 0.1384866731576064 0
0.1210972862244295 0.07319147468811775 0
0.1253472004408353 0.07773876081647908 0
2.139838549807892 0.1708617271322051 0
2.116223639570653 0.159689394621599 0
0.2626901114363731 0.04787015025567216 0
0.256796448466772 0.04256152814740784 0
0.1194835381021443 0.2077212119544435 0
0.1217751384531485 0.2099414676437376 0
0.3269241189945177 0.1274959087335292 0
0.3300622756667482 0.1324078940086423 0
0.1229167219506242 0.2531673170900927 0
0.123902712965705 0.2496529404698725 0
0.1264805920662017 0.2521679789496716 0
0.1166635162382369 0.1550153800851491 0
0.1183089737468968 0.1530871088451742 0
0.1201918106496538 0.1561657270549331 0
0.09051080850056042 0.1382056929508749 0
0.09351586641115693 0.1429972190984819 0
0.2928404571850658 0.09222916013130307 0
0.2988129508750515 0.09228212826966435 0
0.2960802275242947 0.09725717607613611 0
0.326963429030803 0.2741242953527532 0
0.3304394639828526 0.2678360098333402 0
0.2791261264825803 0.1503520094907095 0
0.2807511660848828 0.1529956922649184 0
0.2766539274309071 0.153101156926985 0
0.1308834100190661 0.3458811235401273 0
0.1372528792040771 0.343521559786885 0
0.3152686513979768 0.1766492688663802 0
0.3128032836796074 0.1734384943370779 0
0.3626945766998025 0.3106625193671594 0
0.2542318772052249 0.1044297546540715 0
0.2521162320529676 0.108569052228804 0
0.2611576408523395 0.1539513260434389 0
0.2594856945244858 0.1513835355390302 0
0.1536122931676343 0.3633214999587979 0
0.1541775924614333 0.3555908303831412 0
0.3293393431541327 0.121660072986421 0
0.3325733124262062 0.1156686294483094 0
1.291103185606553 0.06673507443140023 0
1.304057045286416 0.04522493915753797 0
0.07329304688188841 0.2515327187631322 0
0.07928135385990071 0.2496306107336811 0
0.00835863421131388 0.3361967117667853 0
0.06364819856474738 0.01021709348807389 0
0.07390002578710267 0.007271882419336052 0
0.2542302152614777 0.2058474264233388 0
0.2569808209655993 0.2042737288309873 0
0.4187953211963932 0.3027694317990618 0
0.4280342804392733 0.3021643784099095 0
0.09712371052346716 0.400804622958389 0
0.1498448686835647 0.3042980481853014 0
0.1501653633812478 0.3002961946942456 0
0.1546360576167093 0.1360823061400792 0
0.151540694331202 0.136677907310209 0
0.2042958383904108 0.3856276640809084 0
0.2124413024698172 0.3905208334717436 0
0.2056590921633989 0.3930509662103315 0
0.1883014180802394 0.2857955881572479 0
0.1937370081752576 0.06048552290935404 0
0.190683171052693 0.06660823579054963 0
0.06359685977270103 0.3998593758158592 0
0.06853618125979151 0.3913412790364358 0
0.0752147098754245 0.4014819032205764 0
0.2973200210826964 0.2688268362004566 0
0.2950269335780151 0.2646115949766299 0
0.4995657006047399 0.3775264702191444 0
0.4991675596461453 0.3884396518934748 0
0.1911901580926927 0.2921553501508014 0
0.2874604216341816 0.2866764419033116 0
0.2827234248943709 0.2864197708887978 0
0.3011307232177686 0.04183439793971785 0
0.2923953549571434 0.04185744317567337 0
0.06131413362912077 0.1807613082584848 0
0.0669731167087515 0.1787262797480264 0
0.403045830750453 0.2430484136656696 0
0.4116430878740758 0.2406232991391474 0
0.238056657442005 0.1442259602308193 0
0.2149038017739527 0.09749621877858898 0
0.2171785772747748 0.1006396572581484 0
0.1280699771553467 0.2582503289490107 0
0.128864830302757 0.2548010751786082 0
0.335995593804989 0.1328224604321054 0
0.2676427671251231 0.02953161392110197 0
0.2595614209746548 0.03053103317878396 0
0.3819030490364319 0.3780588903748419 0
0.3949689272813998 0.3788029115645844 0
0.2853752166477785 0.3676017619631635 0
0.2898394431884433 0.3714520956057464 0
0.2827361889621316 0.3747049581708114 0
0.2753602741155597 0.145102138373063 0
0.01845428923095294 0.2074476003351408 0
0.1318521767904765 0.1102853595303164 0
0.1286410834986836 0.1064138541398527 0
0.1329686345782133 0.1055350962303991 0
0.1985023900017135 0.09981244040576447 0
0.1967653969863506 0.1034428389473611 0
0.1298508213178377 0.251286698558388 0
0.1307795421058457 0.2481010949144479 0
0.6253004961037212 0.01797892998412406 0
0.6135938738437463 0.03132760528371444 0
0.6027778512302617 0.01334867529959038 0
0.1175853249068673 0.1401808941980657 0
0.1212302326010886 0.1395698542754002 0
0.120116658926837 0.1433437829238836 0
0.6906820079092901 0.2313667992368028 0
0.698197275810313 0.2301947328747131 0
0.2362475555082057 0.2837994169485383 0
0.238687688942465 0.2869978342416395 0
0.1836951399654085 0.282377216862967 0
0.1824397047678951 0.2795533800480465 0
0.2788353088042148 0.2077802814355155 0
0.2773144600606972 0.2104834173841733 0
0.275778143680728 0.2077948477949716 0
0.5660263615006067 0.086658298929651 0
0.5761460537768547 0.08754266509484675 0
0.5678879469308786 0.0977095393717612 0
0.8429382656591934 0.1463154349001244 0
0.848376999088621 0.149392500396828 0
0.0857438595317434 0.4014819032205764 0
0.3463571917271122 0.4004786098056179 0
0.3409213412692937 0.3913178969652757 0
0.4274978705479092 0.338586815312846 0
0.4232615501444665 0.3288630297721106 0
0.1881086926402152 0.07190512377889037 0
0.1904315820637242 0.07581030219528558 0
0.1846234423030885 0.07612618986869121 0
0.1216357990628681 0.3243663137140235 0
0.2730394385835634 0.2688608449965166 0
0.248481603383185 0.3028132160383029 0
0.2437405230190461 0.3025715728642503 0
0.2464541115457478 0.299013972438894 0
0.1122303557264742 0.2426393195058481 0
0.1136148449393763 0.2391480602080657 0
0.1213564626854672 0.006842321385932274 0
0.1303862811920377 0.008789865155387423 0
0.1249867070344288 0.0156321865413197 0
0.2067917045838871 0.2882132364185851 0
0.2106596656433387 0.2887907392924758 0
0.1223404600493885 0.146061638409181 0
0.1186955523551672 0.1466726783318465 0
0.2657498960018901 0.2396261436332438 0
0.2642432724251181 0.2422933541211464 0
0.2628175933192503 0.2396311949397268 0
0.724773511173833 0.1798838557290073 0
0.7279014220840898 0.1731395675969239 0
0.5460595205826535 0.1456491016878601 0
0.5496497949274568 0.1529071528349236 0
0.2242140899382932 0.1473301100447751 0
0.2217692808188828 0.1456291023473006 0
0.2248472300272188 0.1443238304601347 0
0.2839572732493262 0.2606797367914228 0
0.2821893090466273 0.3263263203096821 0
0.2848775889921849 0.3212660393630953 0
0.3169831039314887 0.3134409311429778 0
0.3201542151830002 0.3074760880711313 0
0.6562807312112725 0.3094332624394662 0
0.4217467400853431 0.3985175044188567 0
0.415358353537146 0.3877269350654001 0
0.3685323397868421 0.09932597257114227 0
0.372260202530569 0.1058312997082715 0
0.2605821405981962 0.2290174632908424 0
0.2622362607133928 0.226363801020934 0
0.3511731178420388 0.009115608842595687 0
0.3408714704959813 0.008960020653651252 0
0.2727404517170601 0.2950117544710845 0
0.2678653768014244 0.2946023810800656 0
0.2519369151718179 0.1710387234584115 0
0.2528659883048969 0.1682217676081809 0
0.08397407873077913 0.2353210061623357 0
2.011972327097374 0.3542282214329207 0
2.019003776762728 0.3299042905475059 0
0.1502964151127934 0.2965670062649297 0
0.1505253604622554 0.2930510538079887 0
0.1546370494048165 0.2955450421150331 0
0.3200934704918093 0.1765880022409529 0
0.3180022678360586 0.1807254185309508 0
0.349855485631157 0.1204942733976281 0
0.3461999276425737 0.1145681370906469 0
0.4677955118317737 0.05696801790776717 0
0.4816117658944126 0.05953291774974456 0
0.2974619590401074 0.1106984844144097 0
0.8337972194374079 0.0992156200307157 0
0.8408813324098465 0.1021875346202279 0
0.8315233930497057 0.1125877585492399 0
0.2836396315867348 0.1360267324983186 0
0.1895708468393665 0.1248477803183935 0
0.1884366828746186 0.1276251266162327 0
0.1864941516932966 0.1253703988642968 0
0.3236782783229337 0.1221498948117659 0
0.1348040815439894 0.1136340724545735 0
0.1390718980464631 0.1127583513144976 0
1.332218209400929 0.3928678622338957 0
1.325439300350381 0.3640610161777574 0
0.8816991363038342 0.2538348653650629 0
0.8799925756590155 0.2610419545513611 0
0.4713921028034234 0.2683727022772689 0
0.4759847069573903 0.2631493220613955 0
0.4768248364559344 0.2712184027214829 0
0.09099907987722836 0.2609030284761077 0
0.4496979443208525 0.2810661232060977 0
0.4535481638474465 0.2876592354871771 0
0.1652805169064033 0.3165153010479396 0
0.1697883642268854 0.3147856754556518 0
0.3089431154128883 0.326102899989157 0
0.3124528046596542 0.319931793336909 0
0.2334923368462545 0.06428142939145853 0
0.2280066126437045 0.06528520782128155 0
0.3205340789237923 0.3195507497984407 0
0.2392354585458883 0.3021318664677446 0
0.2348605988831229 0.3017134324243754 0
0.02258405571822468 0.1287629306355446 0
0.02982410556420918 0.1326232970194332 0
0.9474727943769155 0.182703143927563 0
0.9426201435484323 0.1592824211429043 0
0.962215271130356 0.1716974924562381 0
0.09709833642825347 0.2164415659388849 0
0.09817965370738181 0.2124191624377844 0
0.00815415306245317 0.1022186869515796 0
0.007932518710121884 0.1112476918267028 0
0.1964136520979436 0.1379810162900218 0
0.1936113447139103 0.1381509266146018 0
0.1954645234542247 0.1357451076015579 0
0.2628916644398486 0.1565773316959807 0
0.2646215220856933 0.1592373321471903 0
0.2615655720086301 0.159382618256824 0
0.2076496404073989 0.1347547299568993 0
1.637332348709205 0.3268041615214295 0
1.646001794834486 0.3488118216440123 0
1.621184810558274 0.3477354470002129 0
0.2429995790355838 0.03071338819631922 0
0.2516752927783795 0.03101796739736399 0
0.3335889875728141 0.3816748350953356 0
0.3442763564484672 0.381314157741296 0
0.1138246485694834 0.195274457116327 0
0.2756909201398173 0.1968905189190048 0
0.2741677457419388 0.1941708096277207 0
0.08067799390586351 0.18142008616091 0
0.07524182017876795 0.1840657374396593 0
0.6231257219387736 0.2362469455245802 0
0.6265733134973763 0.2295906615800012 0
0.6306219434490485 0.2360089054672466 0
0.27971018319265 0.2603737016802811 0
0.2742638267700456 0.2051210968809598 0
0.272742978026528 0.2078242328296176 0
0.2556151126450883 0.2135727295531921 0
0.2587168846549093 0.2139923883340193 0
0.1943159908401081 0.07586162949415766 0
0.1908307405029814 0.08008269558395849 0
0.8542428485157283 0.1516989327371085 0
0.2596165821810169 0.2398306317201197 0
0.2611232057577889 0.2371634212322171 0
0.2818637621768662 0.1968250315772187 0
0.278759628205818 0.1968646025298739 0
0.2420894402375985 0.2847365630806629 0
0.007895382844263688 0.3067928345434086 0
0.008776870543537362 0.2970788005354646 0
0.2724377695041965 0.2290265524988677 0
0.2707821697380707 0.2317152709544242 0
0.2694195886919574 0.2289935282310712 0
0.08645143793347637 0.1660671670235086 0
0.2911988580259394 0.3196766069229102 0
0.2875894572134434 0.3146434627255421 0
0.3570042105423459 0.1203722724848942 0
0.3535129632582192 0.1267534715331898 0
0.05293319173378602 0.01021709348807389 0
0.04186495036386136 0.009700123805460431 0
0.2298412716692748 0.1477003281952671 0
0.2300103831787583 0.1447627987735142 0
0.1187821670196979 0.3440842654945542 0
0.007935043362790632 0.277673460625645 0
0.247032952222822 0.1385696391427737 0
0.1936452574407264 0.113287049365075 0
0.1962002363357017 0.1151629325876926 0
0.2063057274686044 0.1457415385167665 0
0.2087684397631754 0.1431445792279914 0
0.1903542818212282 0.1296769459557429 0
0.1872775866751583 0.1301995645016463 0
0.07608678660599839 0.2611766152415264 0
0.0802850138423695 0.2648702036227679 0
0.1245826517967134 0.1450555786238344 0
0.1231615452250437 0.1483844740317973 0
0.2579096817792891 0.3030553448216357 0
0.2531776705320471 0.303136434237328 0
0.2559272031571287 0.2991745261972543 0
0.3316247694035858 0.2142834954302283 0
0.3292207056148644 0.219085623740963 0
1.597494669777669 0.3468880106584133 0
1.589017765228081 0.3235509197864914 0
0.3664235424472528 0.1807027454549981 0
0.3627048710086235 0.1753128377322831 0
0.308873335054352 0.1602315790305509 0
0.3039869937660803 0.1595561403192416 0
0.3024812849369907 0.2517067367584495 0
0.2943784097864168 0.2027217743924325 0
0.296172265306068 0.1994939978772609 0
0.297544760482171 0.2027015420481413 0
0.3873348057787758 0.1267993118798322 0
0.3800504988084399 0.1289160742401881 0
0.3767606176082154 0.1359669682837602 0
0.3821501040403774 0.1405972508979102 0
0.008776870543537362 0.2876823837748289 0
0.01671191390632799 0.283330958293235 0
0.1977510612281206 0.1403397390881224 0
0.199604239968435 0.1379339200750786 0
0.145860582795625 0.2326037249485751 0
0.1487748608126719 0.2330689743026175 0
0.2613502879178067 0.1077572102630008 0
0.2637646169217962 0.1113201639168672 0
0.2305605742322007 0.3012402791005208 0
0.2263275572690954 0.3009682009168684 0
0.1064077099853524 0.3112314680603581 0
0.1071046175991577 0.3178729384738046 0
0.2204618514179887 0.1168261294565169 0
0.2213693590966634 0.1136215055003309 0
0.2850410871943591 0.1967244223731364 0
0.2835090338075719 0.1995420807440327 0
0.3527283443441263 0.3644342926301969 0
0.3473795503380291 0.3723834718793366 0
0.2413179929253689 0.09399277108062061 0
0.2441285155380574 0.09723356420312691 0
0.2395567465403186 0.09785074619003754 0
0.1129889177343419 0.155574541597798 0
0.1148717546370989 0.1586531598075569 0
0.2240680318101327 0.06089027188749132 0
0.2224306019461005 0.06622669695528208 0
0.3535132229301514 0.2756701674302359 0
0.3494144954812644 0.2815075952923088 0
0.2712564400344225 0.2104718894684394 0
0.2697421231237401 0.2077981385544277 0
0.3571884513645667 0.1328349190752335 0
0.1378624259827052 0.1976825333150644 0
0.1357778735429968 0.1952127400114349 0
0.1383583822189026 0.1948140000012239 0
0.364240032986372 0.119720303025183 0
0.2354380923645082 0.03124668656404292 0
0.239582488999578 0.02542949600739704 0
0.3722483373258231 0.1306590767775427 0
0.2813642582705285 0.1801468315663415 0
0.2799331510483941 0.1829750759649222 0
0.2782330447087064 0.180315744313234 0
0.1934251000188043 0.1291958319226824 0
0.1922660038193439 0.131770269808096 0
0.115387161285965 0.2732786436732912 0
0.1170516039381431 0.2698183989686824 0
0.1201502807673852 0.273265208219692 0
0.1261859743348876 0.1155228741152584 0
0.1304765304644597 0.1145128303640271 0
0.05123259079501957 0.1403344182124235 0
0.1156816079708341 0.2232702341972658 0
0.1151827274081558 0.2265675579407293 0
0.4018032643063646 0.3031447437290852 0
0.4101408364776197 0.3030107553597331 0
0.2047304767572912 0.3994986358336723 0
0.3548113701901067 0.2512578283699123 0
0.260748797170083 0.1485660217278293 0
0.2577549243526751 0.1487695229855962 0
0.2587465356093711 0.2554368920117883 0
0.2557394950790281 0.2553809266757245 0
0.1373835615625839 0.1047794760225738 0
0.140896595399519 0.1946272988500424 0
0.1388120429598105 0.1921575055464129 0
0.1817028722323938 0.3297378629486417 0
0.2550867664028102 0.1350512750073464 0
0.2569300366749478 0.1377371232874204 0
0.3264963734346964 0.2237312065390289 0
0.3240259214435635 0.2284163881597165 0
0.2524046249039151 0.1603146341468255 0
0.2546620399546808 0.1628385839522953 0
0.4076399353372203 0.1298644718516875 0
0.4029184950789219 0.1235557130891598 0
0.1295561419066459 0.06600010388300302 0
0.1356560402188076 0.06493325646373611 0
0.5975089650036887 0.2598146908428973 0
0.4404711488500542 0.03358107445587271 0
0.4462630102173957 0.02220206778675992 0
0.4539454002822961 0.03365864825387067 0
0.09493432165115893 0.2246162312839118 0
0.09591776397272549 0.2205127090166098 0
0.3313593781118079 0.3088955432488908 0
0.3319129935414731 0.3150653536439681 0
0.1263449738390927 0.279228830914153 0
0.1218523172093202 0.2799620525587708 0
0.1229784947449796 0.275992231279683 0
0.1492093470231167 0.1073695338116137 0
0.1474515896417898 0.111347385040849 0
0.1790832426980464 0.278765887761568 0
0.1810530644471325 0.276314788521589 0
0.7863201246091303 0.242658182509793 0
0.7932990282166035 0.244081353989191 0
0.7868481658084647 0.2489489036073821 0
0.2393570080230249 0.1279512641716809 0
0.2381525086838323 0.1308285175769854 0
0.2361976050315969 0.1282942388262525 0
0.07252510595659548 0.1172289082364114 0
0.07098038326413736 0.1233464856501709 0
0.2779310357799354 0.1748048801419565 0
0.2765709825850643 0.177681281370239 0
0.3342029676355137 0.1671430625525326 0
0.3348701075376213 0.1605502636058792 0
0.1725866166206463 0.1409661331909031 0
0.1747428666217652 0.1431276713255318 0
0.1926967947911743 0.1245034029434323 0
0.1907542636098523 0.1222486751914964 0
0.1015477352384201 0.230615005882728 0
0.2384522371061352 0.1017468401557098 0
0.2356417144934467 0.09850604703320349 0
0.2629023168103656 0.1761427933451029 0
0.2615320628200205 0.1730825962834817 0
1.278665282403217 0.08811710991657301 0
1.266152431346628 0.06562587884716804 0
0.2013789211643822 0.1353839254701237 0
0.1527524880346599 0.1247270225221366 0
0.155985622792051 0.1244809206175278 0
0.1546602130175623 0.1277913101565579 0
0.7164205109083468 0.22350217638348 0
0.72149421092495 0.2199731257739607 0
0.7218269375974635 0.2280160389283749 0
0.2473089006564349 0.1238381052684258 0
0.2097677313700577 0.02780112340567862 0
0.2041577364860609 0.0216491731841118 0
0.1430164063542942 0.3413991727054503 0
0.1422165474787596 0.3481432146139952 0
0.6927988485251755 0.1576760851824873 0
0.6992881418125267 0.1595486541856773 0
0.6925035542162248 0.1641169772210868 0
0.1432045534663633 0.1801870417625888 0
0.146113251334326 0.1815607137882132 0
0.2002511236529735 0.2780357859971885 0
0.2017190652633638 0.2808201245694686 0
0.335204207353779 0.2610253536057132 0
0.3331411547635309 0.2644165806051725 0
0.331998739506824 0.2584613926300015 0
0.2311892192127217 0.09965740860646792 0
0.2316632445463852 0.1035371500347672 0
0.2107159278995904 0.3398153035244779 0
0.2159269114900459 0.33773664747876 0
1.655973244746834 0.3693826488637181 0
0.2221552381941024 0.3007512787909538 0
0.2179958368144644 0.3006106148986107 0
0.4267347357905291 0.2756749582807882 0
0.4325639658543225 0.2761953546432276 0
0.8761857759100422 0.1161798950114117 0
0.06759923239180257 0.2530825907016054 0
0.07190754557098131 0.2569520239768742 0
0.3369505958187183 0.2044230465672831 0
0.3343369124161722 0.20939604638631 0
0.1551222145605138 0.1027192243290434 0
0.1593560395208715 0.1020276930834185 0
0.12372999310481 0.1245592431841624 0
0.09778667575260687 0.2014395363370814 0
0.1003004727756785 0.2046019396262181 0
0.2721531421224005 0.2343867163616505 0
0.2691349613101615 0.2343536920938541 0
0.2560536621831414 0.1002611645122021 0
0.2587651940229875 0.1039778324973665 0
0.009136653048217768 0.3463614304021276 0
0.01749528725953165 0.3416116260924384 0
0.2536257915213292 0.3410465694519499 0
0.3649925253690059 0.1683716942245387 0
0.3583975348332117 0.1693387011769288 0
0.315090453457507 0.2065740136111314 0
0.2572451028614706 0.1433040961431467 0
0.2560985656274797 0.1462801893933667 0
0.2682475978808791 0.2051820458480048 0
0.2667610598887736 0.2078297024868266 0
0.4960984594076935 0.365594666315445 0
0.5105943481942823 0.3720625794155961 0
0.09630015772666427 0.1943655265649336 0
0.0975422069559839 0.1904173454896843 0
0.1453355282687065 0.1567304772823159 0
0.1478333724376878 0.3524212692255931 0
0.1543242946527222 0.3491903886901087 0
0.7417329263275363 0.2968730331847437 0
0.7507852421813107 0.3085470594753345 0
0.7414162751779865 0.3108152997884747 0
0.272551253212879 0.1915092649252674 0
0.3303443398060218 0.008960020653651252 0
0.3259289957407582 0.01791571450212213 0
0.2757128592325622 0.2673221210245415 0
0.2783683310553285 0.2638484434898306 0
0.09156798898290477 0.128336474191393 0
0.08996886802239543 0.1347137453767909 0
0.4210847306470803 0.2740459988774638 0
0.427358436583488 0.2689565433572424 0
0.4282570045021871 0.2394582127238845 0
0.1418432411098428 0.06398145793010651 0
0.1479289642130092 0.06292151018086607 0
0.4389661259763615 0.1031055730058251 0
0.4425450471634338 0.1101107095970631 0
0.2269581484970857 0.4022155253615621 0
0.2361340360841524 0.4022155253615621 0
0.2443510679648228 0.006649251116635579 0
0.2355704867012196 0.006649251116635579 0
0.1261304582152047 0.4022546224057952 0
0.1420698452874707 0.3545436563070277 0
0.06945463629088791 0.1294502985115898 0
0.06783478730794754 0.135450387325572 0
0.3018830236200171 0.08703358144610952 0
0.3051227939592459 0.09206159739094257 0
0.262608702562231 0.2879050776041404 0
0.2617964020256188 0.2834196782054021 0
1.60616411590295 0.3688956707809961 0
0.1729139081471091 0.4021264512773186 0
0.1820325226003033 0.4021264512773186 0
0.1755852897879692 0.007489159741078419 0
0.1648728590033245 0.09012926206350276 0
0.2840464988181197 0.401560686203941 0
0.2443154491526986 0.2956453343291829 0
0.3213742735673493 0.2329374391943255 0
0.3189390495305522 0.2375088828292874 0
0.4352498238683509 0.1635893695244165 0
0.4429746799152263 0.1649552593873452 0
0.1745885180890311 0.3080376450529972 0
0.187555718756312 0.1468585711378503 0
0.184857476305876 0.1452282587311788 0
0.188126238385158 0.1443664495128257 0
0.6379328789263273 0.07510414190298904 0
0.6299521711939664 0.05242885636182335 0
0.2223776690315598 0.3246067196875245 0
0.2268824099210336 0.3234118317047066 0
0.4544449978828123 0.05629924598752892 0
0.4615040528639159 0.04570642684322171 0
0.2951847204892498 0.3262316857732028 0
0.3644184827454552 0.199026306730124 0
0.3676537925548959 0.2045750866960512 0
0.3609721829135851 0.2046562008744452 0
0.2505035800518642 0.1125386286345986 0
0.2014422390133455 0.007444370786508442 0
0.280187706652137 0.2908735899072142 0
0.2779316716356161 0.2862648088022458 0
0.7837561780460616 0.3493638560591258 0
0.8086804162024971 0.350083795809381 0
0.8004099455390539 0.3689132965186003 0
0.255325078346754 0.2606794442942212 0
0.2522203901322075 0.2605390875553632 0
0.2539245885130347 0.2579370595412015 0
0.2788072207643598 0.2131691634782473 0
0.2757500556408731 0.2131837298377034 0
0.1168746731913559 0.0682643167724873 0
0.1231717347270498 0.06699846241111952 0
0.6184441056381678 0.04621403377460707 0
0.5959214607647083 0.04158377909007338 0
0.280977265274421 0.3956867106166108 0
0.2727912109831803 0.3913281390554798 0
0.07585792639117803 0.1047559221611805 0
0.0802711335763192 0.1092877510372545 0
0.07412992886049097 0.1109722863093515 0
1.708176895511492 0.07329115038181595 0
1.699747363948256 0.05291687936697929 0
1.727759513504235 0.05630969807547605 0
0.2655030233357309 0.2449134035616687 0
0.2625707206530911 0.2449184548681518 0
0.1913485144667669 0.1107380625224725 0
0.006874388935102273 0.2075140644309214 0
0.01376057635097008 0.2121478957706081 0
0.006886187415867808 0.2165227690119498 0
1.379632377783588 0.2917327389476418 0
1.455200938903594 0.294999003018247 0
0.2819085209007113 0.2023079889450383 0
0.2803921627177946 0.2050324998941378 0
0.2788153506071623 0.2023672008972144 0
0.2458736682691541 0.3517585442187849 0
0.2388053155517443 0.3510763796412807 0
0.05253846572934619 0.3998593758158592 0
0.3172311938368796 0.2014606314871806 0
0.1635535857168408 0.1014429396171556 0
0.1677182829122586 0.1007777506610961 0
0.2139345743545275 0.3003346423382656 0
0.2099134643659482 0.3001226091417022 0
0.2121573651820121 0.2968979438295488 0
0.2586709877699669 0.1404855330999285 0
0.2604439119067686 0.1431334461311771 0
0.2256515917738923 0.0553575051190289 0
0.2200755810762883 0.05629899425302941 0
0.3574761463859784 0.1444685809463268 0
0.3541188448389216 0.1491310014753802 0
0.2856034520814263 0.1149381139648396 0
0.2883465295548957 0.1191161531533635 0
0.1997341998031967 0.3442634439826697 0
0.2052797093525572 0.3422102958363722 0
0.2499246996514998 0.1167474967509094 0
0.2467101746604997 0.1132005499346828 0
0.1465027787429511 0.1039455955704966 0
0.1508337553838108 0.1033086913566242 0
0.1247374584671748 0.2091191143827695 0
0.123922155465842 0.2120634186971694 0
0.009136653048217768 0.3571912590534339 0
0.01031312673578012 0.3682266079660407 0
0.3622952974138579 0.009115608842595687 0
0.5413626969366898 0.1387083571544985 0
0.3671418196955888 0.2173116742592363 0
0.360446852272775 0.2153265431833082 0
0.2499277163582243 0.2426831960176855 0
0.2523577597217851 0.2437474017927398 0
0.3576503565349083 0.2694027132242955 0
0.3615082580499179 0.2633958460687856 0
0.09886045738637134 0.1865224394103161 0
0.1000388491859221 0.1827007272126352 0
0.2406322690106565 0.1248850210651037 0
0.360816589258686 0.2759933631707802 0
0.2609586078182609 0.1970606542517314 0
0.2622976029478724 0.1942980392917526 0
0.5533403559296366 0.1601924755151161 0
0.267655825096981 0.1590339079229418 0
0.2663297326657625 0.1618391944837851 0
0.2463656024829704 0.1711827436017924 0
0.2474946392900928 0.1686737562102725 0
0.2490713111846324 0.1709942542587552 0
0.09367124711666205 0.2023393211845042 0
0.0949729127889879 0.1983496658135818 0
0.2279742025541074 0.2495642723857419 0
0.2290185617143319 0.2466668342272766 0
1.507291914906312 0.03777684492158018 0
1.533470635871551 0.04437283886537714 0
0.2737641327643708 0.1833483443735742 0
0.2721020706407287 0.1807138814305792 0
0.2751398753629298 0.1805095257688196 0
0.1650432150357792 0.2455904632979915 0
0.1675012822720872 0.247649466240182 0
0.1540348177808779 0.06200026327690659 0
0.1600388390960433 0.06096337143034419 0
0.1815737990129569 0.1486353375984817 0
0.1791881460060352 0.1468719050350213 0
0.1819013036701081 0.1459569477927431 0
0.9511782838656009 0.2792220745746348 0
0.960209508736096 0.3039947076512254 0
0.9409671434805166 0.298635657438118 0
0.06630903606496324 0.1414195964545442 0
0.06469932735196056 0.1473151899152127 0
0.007129364945017327 0.2496246666641305 0
0.4354439533928631 0.3985175044188567 0
0.3082618397426086 0.09752654447140209 0
0.3110751136087259 0.1033543156207839 0
0.3165813518317424 0.2420649664825373 0
0.31434126053203 0.2466331712377539 0
0.3848377932155591 0.3033394990860894 0
0.3932824526913324 0.3032240765161869 0
0.4126701332463704 0.2813808537531036 0
0.007932518710121884 0.1205057965290618 0
0.6870122791751903 0.1564042147668696 0
0.6937968667714922 0.15183589173146 0
0.2690663335159028 0.1809914191820057 0
0.2093984079447975 0.2602055444700824 0
0.2076865422084294 0.257583095219601 0
0.1115133727168044 0.02019062183707237 0
0.1026627045169423 0.02024568027956303 0
0.4383893663164744 0.01106224699438098 0
0.4248966132788534 0.01106224699438098 0
0.1175821243784136 0.09617459264612339 0
0.1121796672023945 0.09267254410619226 0
0.00815415306245317 0.09259348274331178 0
0.922575294225438 0.291092189567354 0
0.1842330265730006 0.006411468666334743 0
0.1798890241089048 0.01390062840741316 0
0.6726387172864227 0.07640747420766085 0
0.2784503369097528 0.1858374165716017 0
0.2753782500250046 0.1859537072092705 0
0.2909639551398097 0.1232449198487334 0
0.2935216919083453 0.1272655423967632 0
0.1498947306837526 0.2285258558449328 0
0.1471048689175317 0.2282018833013885 0
0.281581550471575 0.1856685038247092 0
0.1718471982978967 0.1002644084845827 0
0.1760826043169204 0.09950983521523867 0
0.174572773994551 0.1032646159250285 0
1.697857066420075 0.03247389915411112 0
0.227167073020244 0.1489945495215401 0
0.224089123811908 0.150299821408706 0
0.1460536744386866 0.2978022063872012 0
0.162183236582997 0.2926364114224081 0
0.1590168430426072 0.29386279794482 0
0.1580323882946683 0.2908027031356803 0
0.2059225287723346 0.2998666198423784 0
0.2019757110984994 0.2995569888163523 0
0.2653720822225543 0.2991991589515344 0
0.2631525089832408 0.2944966589100933 0
0.2802511851218896 0.1066539878919427 0
0.282960064607149 0.1107667051608386 0
0.509196089339092 0.1429135534432877 0
0.50404443021134 0.1377345390365698 0
0.5116673745312577 0.1368739881693359 0
0.0485518323818836 0.3236493585825368 0
0.04923527642178229 0.3322756617635498 0
0.1971385046924098 0.01385583945284319 0
0.1928404952148718 0.006411468666334743 0
0.01576781894410587 0.1244220236758587 0
0.04735762020662476 0.2789564444901728 0
0.04141837468823294 0.2746127526799128 0
0.2697030735517452 0.1670793938664493 0
0.2713917833751329 0.1696757423837104 0
0.1576043184885124 0.1354883421411653 0
0.156623678949621 0.1384187843826802 0
0.2603682313429243 0.1621598196841628 0
0.3235546372750584 0.3263814830392447 0
0.3280849365468929 0.3198906208453136 0
0.1477249773818346 0.2506766478316634 0
0.1499281047200785 0.2528696470888532 0
0.008669816148920068 0.05055523977987702 0
0.2371967166572648 0.1335959278450003 0
0.1031178737454218 0.2845939766876284 0
0.1044553483935564 0.2800498041309677 0
0.1081227073269689 0.2836393765305429 0
0.1097679171452421 0.3869329946304819 0
0.1189593008507936 0.3883829940778881 0
0.2819306088300703 0.2131974950470704 0
0.2803662044102462 0.2158978075006005 0
0.2243681469408028 0.1534579087528485 0
0.2268218553893756 0.1548140254806038 0
0.1706436063019114 0.2434759181830956 0
0.1683571631591284 0.2418536002519169 0
0.1499587992926891 0.1839037717430165 0
0.2478136813063562 0.2215080827359412 0
0.1476433640373539 0.1981320287418657 0
0.1478005587907894 0.1953329168324798 0
0.1560579966404856 0.2294855449506126 0
0.2130851960639096 0.2511379371531633 0
0.149680844937545 0.2160498271122877 0
0.1489047303921223 0.2133558739127776 0
0.2385338638030466 0.2359350903328847 0
0.2489979233889572 0.1812801791682684 0
0.2518520313601502 0.192880147194626 0
0.2709484910865139 0.02205836956744076 0
0.03052460807594594 0.009700123805460431 0
0.582889336192929 0.01334867529959038 0
0.5726489009223135 0.02591856136914679 0
0.5644670081449557 0.01256988606955641 0
0.1012972566842633 0.178906721274872 0
0.1025088756815674 0.1751993394276954 0
0.8160740768562046 0.31411557381348 0
0.8119087515923975 0.3276656403078109 0
0.796191973973312 0.3169842888555756 0
0.133459761563821 0.1357178677294876 0
0.2621471330274325 0.2501674360260955 0
0.2608524267586717 0.247494489816479 0
0.1359535843074508 0.1411302521471769 0
0.5080239799254216 0.3969971916596477 0
0.5251035793922649 0.3969971916596477 0
0.3258948645071424 0.3067814228968674 0
0.3321898644233236 0.3026170785412486 0
0.1706793476875508 0.2467271611785384 0
0.1449077841537767 0.1993203413571775 0
0.4672959142312575 0.03432742017410891 0
0.4741837882854209 0.02243870091679241 0
0.4817424408670408 0.03448647950614345 0
0.2688407544011246 0.2396567201578719 0
0.2674150752952568 0.2369945609764523 0
0.4669272774704524 0.2728718272957271 0
0.4660871479719083 0.2648027466356397 0
0.3113319124875741 0.09227799764784726 0
0.2526348068644817 0.2552405699368665 0
0.1988206259456982 0.2753683666629619 0
0.2018733751442534 0.2754893791669655 0
0.2757466425411616 0.2023931172863453 0
0.2772630007240783 0.1996686063372458 0
1.091200908646526 0.06066038924777214 0
1.118008241665645 0.06063462076801163 0
0.5288300966861361 0.01210787278456307 0
0.5119264590111463 0.01210787278456307 0
0.7958644292922409 0.06681631679173559 0
0.8045406680284187 0.04598692673016818 0
0.8200060169824012 0.06590450351474482 0
0.7188990360203281 0.1941738440550307 0
0.7219695444250828 0.1868794667062937 0
0.2710386995349188 0.1642367327158742 0
0.2680284096938766 0.1644784314101118 0
0.1178500164065993 0.150663647846267 0
0.1213783108180162 0.1518139948160511 0
0.1659768764679463 0.06000495048131659 0
0.1719059981846316 0.05900807332835457 0
0.7062870496305897 0.3284769774917191 0
0.722346825836341 0.3419280057334932 0
0.1615279995006659 0.2603503825412721 0
0.1623699097235333 0.2573615535570227 0
0.1645696488390476 0.2594207919109645 0
0.1601029532308124 0.2553576236351201 0
0.2642135909294028 0.1538060399338052 0
0.06317276042851225 0.1531898302360193 0
0.06160967445513033 0.1590246492312159 0
0.5331758048722387 0.3827854409549147 0
0.544217794873175 0.3957882492952668 0
0.3118479510060985 0.2510265138947282 0
0.3094565424297929 0.2555108694557197 0
0.307157069333418 0.2513316035842623 0
0.2470043205131326 0.1624865370982638 0
0.2444167308621226 0.1640419874167053 0
0.3394065732540565 0.2556114365726812 0
0.5832214233550947 0.3915400384884262 0
0.6032745209787498 0.3915400384884262 0
0.4112618197912052 0.2291983487065768 0
0.4198445219266658 0.2284548919215293 0
0.4153837345226516 0.2349101142679413 0
0.02269522497223151 0.04596364953195627 0
0.03225498427487043 0.04481868234364242 0
0.02689939160047906 0.0537325495713964 0
0.1073176364216317 0.2715572123647249 0
0.1031035017080107 0.2687902761018132 0
0.3276834433910256 0.3739393444095965 0
0.3145956947485015 0.08635413417485575 0
0.3177347405318641 0.09181908125531528 0
0.2885403581692848 0.04876315028409874 0
0.2621495996619846 0.1457951325046346 0
0.2638803698337953 0.1484091450580686 0
0.3716606192112557 0.167471759973643 0
0.2744556415109087 0.1694799777707357 0
0.1851421441339112 0.272136217787589 0
0.1835310488390304 0.2694754765754321 0
0.1209908479339983 0.2018489404237801 0
0.1185206527883771 0.1997353314511235 0
0.2684262723746986 0.005765908306787196 0
0.08100359838381795 0.289127798226817 0
0.08708195724303328 0.2888156062222191 0
0.09500061029225204 0.1362679819659277 0
0.6248418607051017 0.3935694000304317 0
0.6148915168505267 0.3751094385188581 0
0.6466349984910689 0.3935694000304317 0
0.5627043449695817 0.3957882492952668 0
0.5728070987386618 0.3773282877836932 0
0.1743923074827389 0.2904842973999214 0
0.2960848375803664 0.1313577174858802 0
0.2987348193560816 0.135463863858396 0
0.1801775765556615 0.09895792878143043 0
0.1842079004003186 0.09849767260608235 0
0.250526140191175 0.263122031715499 0
0.2491256503574558 0.2603796469624793 0
0.1506747030855153 0.1397036280496767 0
0.1485599793388993 0.1373687869782916 0
0.2787500268267289 0.2185625398098543 0
0.277214884419594 0.2211761296540833 0
0.2757076739374008 0.2184830657760064 0
0.1981663786163994 0.2992632252457697 0
0.1943940071619756 0.2989646401678108 0
0.2345378394419191 0.1542027044928832 0
0.236889383566234 0.1560356559983951 0
0.2341853053406707 0.1571865040340595 0
0.2492939760968412 0.2288526773718914 0
0.2477845968887979 0.2310971773383422 0
0.2464205911604122 0.2288792810628851 0
0.1605560372937234 0.2416328221245596 0
0.1584224022262238 0.2396175183531232 0
0.1612339516130965 0.2387861657821333 0
0.2621582195331781 0.1647172517015567 0
0.2592310212216276 0.164834452677686 0
0.6469325413306903 0.01797892998412406 0
0.9078322330616584 0.2925925824503731 0
0.9171928574462419 0.2753634172445464 0
0.2331226641512357 0.1287542816490938 0
0.2343271634904283 0.1258770282437893 0
1.047911486721534 0.3689238184776144 0
1.032783520339521 0.3480896280809182 0
1.05711290805265 0.3477628892157401 0
0.6380939568578725 0.2355425495215425 0
0.6346463652992698 0.2421988334661215 0
0.2357593255083813 0.01963064830419595 0
0.2433208121794569 0.01909734993647224 0
0.2457187678182404 0.265501411914163 0
0.2426856901188069 0.2653005639758305 0
0.2443983227169897 0.2627617431842825 0
0.02297282115953356 0.2889041453521576 0
0.03183617238400843 0.2897888006802385 0
0.1037356481613547 0.171437985879816 0
0.1049687384561293 0.1676434180145893 0
0.0850631161731675 0.2684088510083238 0
0.09008580172695327 0.2656600639780365 0
0.08915110336631141 0.2712795861854766 0
0.1879688952089036 0.1083946340875809 0
0.1434212193025886 0.1120582695168093 0
0.2504640820053454 0.3066940346626843 0
0.2319458602963697 0.1313249513389062 0
0.230075418755201 0.128907740756443 0
0.2477419077851983 0.2576451638500739 0
0.2462763720502617 0.2544552817380998 0
0.2493543645635517 0.2546068206903695 0
0.3883586778181806 0.0580728412653294 0
0.3853351631438516 0.06787245551799329 0
0.3793214227633513 0.05959156149953625 0
0.08800374589037258 0.1014820754741969 0
0.08616740125616831 0.1072908422837356 0
0.3555384840143632 0.3261676246064805 0
0.3500886523927592 0.3187175980783195 0
0.3584420189030526 0.3182267985766092 0
0.01031312673578012 0.3797041522715051 0
0.26118334285145 0.2134373922987087 0
0.2640590737381762 0.2132649924132063 0
0.2625604034918241 0.21592117475471 0
0.1139278741470319 0.2057568416790108 0
0.5135058644774266 0.131426215110347 0
0.5186575236051787 0.136605229517065 0
0.7174977924330501 0.1808109752032881 0
0.2719540248903496 0.2397676291200283 0
0.270288845596983 0.2423992117768198 0
0.1785131506507927 0.3109911959243818 0
0.2727144688275218 0.2184374510642124 0
0.2742496112346567 0.2158238612199835 0
0.194032070901948 0.2777281092750168 0
0.2850858459182042 0.2022073797409561 0
0.2449968639553294 0.1208812373801265 0
0.2484433309612408 0.1203662859392929 0
0.3748279529093266 0.20517857869512 0
0.3713816530774565 0.2108084728394412 0
0.3882837738644981 0.268863353092301 0
0.7704804202767352 0.179668104542733 0
0.7670599791991325 0.1861232549875523 0
0.2165839380537083 0.1458735574132551 0
0.2196367613563384 0.1464427002794424 0
0.02370488877447197 0.3465890473043787 0
0.03306448260742859 0.3494261580060521 0
0.1778157970603452 0.05801729991903877 0
0.1837246135853721 0.0570286716615028 0
0.2487050536442433 0.09704433788130855 0
0.1527539078505699 0.1418953549294606 0
0.1497731928582673 0.1425862345975431 0
0.2655928938567608 0.15102058145456 0
0.2673269174442698 0.1536465871071018 0
0.3070217520622837 0.2599020300140975 0
0.3045169395509433 0.2641905088304623 0
0.06007670769067756 0.1648493110610471 0
0.05852715766763526 0.1706648504429516 0
0.2412629503833255 0.3059311100671535 0
0.3643535207994514 0.2826053410448654 0
0.03761296947085246 0.03677318778093137 0
0.09932388205510934 0.2084205359381561 0
0.1631254243724736 0.3462797324289358 0
0.1695039621894324 0.3444452204948718 0
0.2460476578441657 0.2602281080102096 0
0.1834053435831336 0.2745972934214282 0
0.006886187415867808 0.2250516556120975 0
0.2752757229365533 0.2344777965968857 0
0.2736285145086441 0.2371162177363156 0
0.132640340734258 0.2849670580205521 0
0.1361884893540274 0.2879511993368166 0
0.360996437195545 0.0276232459173189 0
0.02732325974984343 0.3828761942021559 0
0.9453710593847151 0.1993995941536315 0
0.9257759318027913 0.1869845228402978 0
0.2395889845780047 0.1549469306225019 0
0.1556145113127637 0.2404621936827203 0
0.1882322182568035 0.09783289400134475 0
0.1920782199580105 0.0972199679252046 0
0.2654687991147183 0.2106135025752273 0
0.2639742738718573 0.2079974098688043 0
0.3906627731066238 0.171456898905619 0
0.3862663727884681 0.1657186349140753 0
0.393155251188783 0.1643203684993713 0
0.2686088921680163 0.2450239222628645 0
0.2669363403959893 0.2476490230098699 0
1.067307306321457 0.3278340967152663 0
1.082435272703471 0.3486682871119625 0
0.3013387860304908 0.1394766220678515 0
0.3038326982242447 0.1433947389035498 0
0.2599959307276184 0.1699974976366726 0
0.07775684445915712 0.1894953377239242 0
0.2121944291607923 0.1467996243829761 0
0.2115988687475666 0.1443632609850376 0
0.2144349337114713 0.1450607328016278 0
0.1613111815314036 0.1613437167471355 0
0.15867106422067 0.1605399166202411 0
0.1607766995568357 0.1584235952982377 0
0.2001103516110478 0.1453453449746249 0
0.1989546307901931 0.142801204177641 0
0.1762338250903894 0.150774022733345 0
0.1738499319275822 0.1489965291269071 0
0.1764767481860768 0.147772801234322 0
0.3317386853481709 0.2856707461351611 0
0.3274563729485053 0.2906671512083233 0
0.3251122403067211 0.2845535176928725 0
0.1586433151112565 0.2719712845904707 0
0.1574387128993352 0.2748806546944699 0
0.1551632365862061 0.2727661715149046 0
0.1849341550923278 0.2853339023688047 0
0.1817088981457283 0.2849611647938632 0
0.03248908427090025 0.02822501495756157 0
0.2690351790991612 0.1562511944223149 0
0.2707433896792304 0.1588530567589097 0
0.2704854544691532 0.1071253882234382 0
0.268272127117082 0.1112589317781865 0
0.6577088710231724 0.3761573342804753 0
0.6678850129373628 0.3925879342500434 0
0.09301598092929797 0.2174975877849853 0
0.8346928124872066 0.173872329265764 0
0.8402912896743892 0.1771331846797999 0
0.1060945432196501 0.1636290876569694 0
0.1072838002528365 0.1597821508193263 0
0.2437866975973374 0.1150752137403648 0
0.2639986754601077 0.1187397412435948 0
0.2621629670403867 0.12235356880876 0
0.1207792397303107 0.2844014519519495 0
0.1174127606361976 0.2811648523174795 0
0.2548354629818825 0.1490977032045676 0
0.2724538886934962 0.1614494107690251 0
0.2741285525513648 0.1640503732253626 0
0.1176478413602892 0.2479678972671031 0
0.1214736002621678 0.2475377619531799 0
0.1405290491261316 0.1087065198231745 0
0.265272360782306 0.2502838183724587 0
0.2635890222460346 0.2529127500898801 0
0.2799449962088051 0.3650218325874658 0
0.2870482504351168 0.3617689700224009 0
0.2234694562843664 0.09688401942617005 0
0.2208901379630001 0.1005100206332733 0
0.2756095696037976 0.2237875424670241 0
0.2740608980677063 0.2263916195446639 0
0.2726238599941745 0.223700732697875 0
0.6916070571424873 0.3925879342500434 0
0.2430594973469429 0.2547872144947659 0
0.2446719541252964 0.2517488713350615 0
0.2565568711195472 0.1319823696650352 0
0.360084900175074 0.08571808605412258 0
0.3643511254310591 0.09234248956187506 0
0.723085674413275 0.1661569837567502 0
0.2248438790642668 0.1413813673987456 0
0.2272886881836772 0.1430823750962201 0
0.4064511994095038 0.378269317834095 0
0.4210250899921001 0.3775773916064085 0
0.2583581287466215 0.2956507825832072 0
0.1846032122543512 0.1230563144032674 0
0.1834690482896034 0.1258336607011067 0
0.1897592261688197 0.1367588852858032 0
0.1913182002733349 0.138660417108879 0
0.1884152103719633 0.1395042844685443 0
0.07526110877438977 0.3863460691236579 0
0.4456316874865115 0.2753814753820342 0
0.4530459667989804 0.2749337010067438 0
0.4615575274748762 0.2867392865959086 0
0.4579934676890012 0.2937801732522785 0
0.06261232493616939 0.3748155892867802 0
0.06364325867166631 0.3847235417189408 0
0.2324578612592455 0.3050182503467931 0
0.8757012472162107 0.07092733307898365 0
0.8580973904970394 0.09133370561289064 0
0.07039297211591256 0.2627264871799996 0
0.09534078173255348 0.2094278182076322 0
0.1896552641631638 0.056109323454145 0
0.1959427626338864 0.05496761088788451 0
0.3373135416773068 0.2140862104364692 0
0.224805825894036 0.1134365373416301 0
0.35720633535361 0.1532822159481167 0
0.3500881019803003 0.1525144230608545 0
0.3022802736624737 0.2686753087374587 0
0.2998442590107385 0.2731092281599319 0
0.2819284790977638 0.2077210694833395 0
0.05699247909214842 0.1764906398336007 0
0.05553730944528783 0.1824205967756374 0
0.2216494574806847 0.3299962365745755 0
0.2259554429937641 0.3330498296125778 0
0.221034923286091 0.3352238569398211 0
0.2723404453028035 0.1861580628710301 0
0.2233113497417016 0.1246622373522111 0
0.2222059143735161 0.1274058249904174 0
0.2203298234170299 0.1251180652866972 0
0.09989472630721774 0.3446400156629397 0
0.1054683011938772 0.3491959547549036 0
0.3381161766492773 0.2862693764292545 0
0.2631720728957232 0.1035886201211314 0
0.4120285313862863 0.2166471030124939 0
0.4081855977312999 0.2231065745189234 0
0.4044915219223667 0.2170105511712524 0
0.1960970867283681 0.09667966734953874 0
0.2000386456247788 0.09612842960259525 0
0.3949702650257321 0.125123984683302 0
0.4121261145258638 0.1359002669762293 0
0.4043198767733883 0.136909106477887 0
0.3064159396746713 0.147408225505072 0
0.3091005103308977 0.1514822257420911 0
0.2418082945480801 0.1217819444158295 0
0.242942724852886 0.1183101250866966 0
0.01275403790846595 0.2293727089235535 0
0.005867850492598142 0.2332677641840145 0
0.5683169827278953 0.1473555154452432 0
0.5644178965419728 0.1538091468850748 0
0.2754494543606049 0.3776294269069242 0
0.2337865966823633 0.1339709933935123 0
0.2307393512863286 0.1341244525008616 0
1.05575847000873 0.2689174861723732 0
1.042216112526704 0.2889237326876136 0
1.030857399648035 0.2668190436836421 0
0.280456513210853 0.08408310808552498 0
0.2789550404602054 0.08924760974201328 0
0.2754614887901347 0.08518733406986209 0
0.09871553438543842 0.2387228321866137 0
0.09708251546974951 0.2428687365441003 0
0.09413076255047782 0.2399939354739435 0
0.3743159800500194 0.2179151662583051 0
0.2183463520058814 0.4039720678005833 0
0.2224163527340097 0.3961875931621455 0
0.1339402097127832 0.2767623335637157 0
0.1830392578891779 0.1203394662709433 0
0.1860643612928712 0.1198762044341334 0
0.449923827156917 0.1109524576876864 0
0.4464324374964997 0.1159314655090027 0
0.2544975613496908 0.2449106966786846 0
0.4133609015290867 0.009838878207696028 0
0.1402933574663001 0.258266291347919 0
0.07935031548172763 0.2704897258302079 0
0.7647925707483274 0.3890966783841724 0
0.7395251664729454 0.3865115078152215 0
0.2063037863718822 0.2560844841086995 0
0.2057551665739868 0.2589656561672724 0
0.1085743786822826 0.1558789978882581 0
0.1103661402834207 0.1522412181658502 0
0.3450369302011908 0.287599096322168 0
0.2443632210685732 0.1377806840236975 0
0.2413428098677528 0.1380656564918768 0
0.5128551271357908 0.08305315829094349 0
0.4974643799081073 0.08345370901064661 0
0.5037597122036315 0.07229008601632603 0
0.214007015760782 0.03400702534777179 0
0.3318770664845524 0.2236192422784534 0
0.3474878832908668 0.1837121815632387 0
0.2300070322158063 0.1418203357121251 0
0.2299327124465237 0.1384552032951494 0
1.00876473372889 0.3490341091999984 0
1.017966155060006 0.3278731799381241 0
0.3823421355875118 0.2177599595589569 0
0.3781023022056442 0.224263160978752 0
0.1261772188194834 0.2141660587541233 0
0.1232148988054571 0.2149884120150914 0
0.1255301542256856 0.2062190145380968 0
0.1276771712383791 0.2083409655915286 0
0.08851479972592295 0.3353946550933611 0
0.09408749561830596 0.3400531477982645 0
0.2592875671987833 0.3527714574006101 0
0.266561653327589 0.3530807887972366 0
0.2630368588822218 0.3586549161198576 0
0.2409641152136545 0.2677793183595817 0
0.2396436701124039 0.2650396496297013 0
0.1115624579180113 0.2868939003989309 0
0.1128999325661458 0.2823497278422702 0
0.2273635807421048 0.00683338833434749 0
1.241225417729149 0.06501535985904287 0
1.253663320932484 0.04363332437387009 0
0.2595926758480588 0.2448744403759567 0
0.2727114768869616 0.2024225023209913 0
0.1586436055574966 0.1326600356337908 0
0.1606312268904083 0.1349965138763919 0
0.2758405145525439 0.1666547828973777 0
0.2775827926706652 0.1692970654959016 0
0.1380028967498312 0.2999125920077186 0
0.1422867605247989 0.2985100775692376 0
0.1416387589321733 0.3029339092549983 0
0.8641987158670066 0.1031399772279421 0
0.8710794887191287 0.1051829724010518 0
0.1877010902056002 0.1420709766988871 0
0.1903993326560362 0.1437012891055587 0
0.3986086080437889 0.05617582001535479 0
0.3925948676632888 0.04789492599689775 0
0.2618477368256295 0.2555162180134863 0
0.2601304779438395 0.2581567422817575 0
0.1253335288735723 0.06107294596737259 0
0.1317545842822599 0.2452298870186196 0
0.1512573765489824 0.2315351152776279 0
0.120359020989738 0.2158458285226778 0
0.3879256371190913 0.1788800926117281 0
0.4008513862277477 0.2107806946442747 0
0.3970084525727614 0.2172401661507042 0
0.06811189877145429 0.1126970793603374 0
0.266044102910927 0.2343231155692259 0
0.1243251810757099 0.3485650685521056 0
0.1298947913851863 0.3529495467074081 0
0.2239855175333303 0.3043281748970239 0
0.236639681763252 0.2647987055055861 0
0.2383612566684044 0.2623199511218348 0
0.2034341889920011 0.2730690342189587 0
0.2048646866992765 0.2757364535531853 0
0.1958398246004063 0.2751655982389167 0
0.1974620760916861 0.2726191914086937 0
0.495785740993017 0.1384387936928487 0
0.4951597699284431 0.1451735450671149 0
0.4387407134983119 0.3395473565810805 0
0.4331371900828639 0.3489178688055668 0
0.1352816734894049 0.2923389829523397 0
0.1395577142070794 0.2911009767064349 0
0.0294095557482892 0.4009526729256586 0
0.04108943316487547 0.4009526729256586 0
0.3788976357922013 0.166726427243858 0
0.3813901138743605 0.1595898968376103 0
0.2649941066825889 0.1646818556343602 0
0.1658092094933256 0.3724153917029058 0
0.1722186066869235 0.3696380304006886 0
0.779969425655038 0.2412115923165991 0
0.7864202880631768 0.2363440426984081 0
0.1219818142790853 0.2566709227752741 0
0.1194039351785886 0.2541558842954751 0
0.2353916030265868 0.3569057444584532 0
0.2321458515825725 0.3507818466410562 0
0.4361704029817832 0.04463135160744346 0
0.2511692711295451 0.2520506878248924 0
0.2976089275723237 0.2777801482793327 0
0.2951376160355788 0.2823119363742962 0
0.8871152545815544 0.1014366658272955 0
0.8915057372134643 0.084309991220165 0
0.9055813695984887 0.09189464192338283 0
0.05417764756283598 0.188350040966946 0
0.05796623912023834 0.1923993210027551 0
0.05228492270081415 0.1940580967691796 0
0.2143023513621413 0.05772193008312216 0
0.2158859113259008 0.05218916331465973 0
0.1016308441220737 0.2896498864895662 0
0.09796348518866113 0.2860603140899911 0
0.2270430277992614 0.1292142037510933 0
0.2282198316541274 0.1266435340612809 0
0.009565347295898535 0.08248158479660993 0
0.3194401047005789 0.2702387567021489 0
0.3221171406495281 0.2740335425175546 0
0.3170249399948878 0.2755808211339074 0
0.2668458597550925 0.2130972850312286 0
0.1645454573746624 0.4031854484996281 0
0.1691047646012595 0.3953118997769468 0
0.209688666660047 0.3456980233675956 0
0.2754234791138196 0.2291133622680168 0
0.2727568505309941 0.2131381151259095 0
0.2430145801447323 0.2600272600718771 0
0.2970657754276912 0.2094301664507074 0
0.2994087798959763 0.2053912290742943 0
0.1824718232989542 0.1434648261677184 0
0.204092353901591 0.09553845158033289 0
0.2082253416252053 0.09497638771037138 0
0.1667204877934537 0.2614817575970523 0
0.1488501180129296 0.1456578677238951 0
0.1467709132478751 0.1434661408441113 0
0.1311127907681309 0.293634026961102 0
0.1344820156211829 0.2967838043307203 0
1.019073823931373 0.2449987919967693 0
1.005531466449347 0.2650050385120097 0
0.3684906544042083 0.276337886838925 0
0.3117062827038435 0.1555690162048244 0
0.3136895589045119 0.1600985317738989 0
0.5266997232623527 0.1347386170227244 0
0.1524156462803482 0.09929528608792633 0
0.2173393119573835 0.1255962614379916 0
0.218444747325569 0.1228526737997853 0
0.1603056062217467 0.1557897293722836 0
0.3559201899140961 0.3557541217525993 0
0.3610069434940407 0.3644156770097196 0
1.014207710624443 0.136951951750356 0
0.9892526985558947 0.1350840526299443 0
1.003125478992774 0.1145029223721982 0
0.2818734148924393 0.2185908713786774 0
0.174300640946031 0.312804234458898 0
0.1379051369442035 0.05912278890562649 0
0.7155750807198489 0.168338011789668 0
0.7183589959513235 0.1606796313204165 0
0.9988227687682285 0.3686469260238134 0
0.9840054034887141 0.3484304778810193 0
0.2223664676832617 0.1398822608849205 0
0.22480792583972 0.1386408055210059 0
0.2786519224931256 0.2238670165008721 0
0.1722607869510821 0.3909171985727707 0
0.1695644307131198 0.3822954944988728 0
0.4376460533676602 0.2760497001709775 0
0.4409940758457881 0.2699172779716236 0
0.4646722279676445 0.2785300658840818 0
0.4691175318091993 0.2846510036491831 0
0.1190308045666144 0.221792342786811 0
0.2162677406122806 0.1284105858271747 0
0.2143826645208196 0.1261451943402628 0
0.06498132889430935 0.1250575141488161 0
0.1669488108788857 0.1535377905012977 0
0.1670889097265701 0.1501794905446839 0
0.1640351179445159 0.152854686167504 0
0.1117659429501804 0.1486565058930534 0
0.1126114788987482 0.1446655363786329 0
0.1156262152840478 0.1479457923609696 0
0.1272601271536344 0.2618162321777424 0
0.1246847510494086 0.2592482587986233 0
0.2709676413624923 0.1888604144084449 0
0.2693535241018585 0.1862550515727486 0
0.3265010864281702 0.2327858761111282 0
0.1146766529129975 0.20276558566643 0
0.1171254135157729 0.2054540045669686 0
0.1001181803271766 0.2456627336497057 0
0.1635944765173207 0.1344800733641924 0
0.1625551894483365 0.1373083798715669 0
0.4161527744578801 0.1420795538351267 0
0.3921982383377886 0.1325486385498753 0
1.025209336371549 0.1589696129852689 0
1.039082116808428 0.1383884827275228 0
1.08624003698109 0.1844446132803117 0
1.061184755726557 0.1828052269043404 0
1.075139023810067 0.162045530338407 0
0.09218472909071945 0.1952653114123564 0
0.4530655837792754 0.1047680962862658 0
0.4569529741123413 0.1105888521982053 0
0.4498515070201894 0.1234451980683959 0
0.4424727270267062 0.1226034499777726 0
0.7118055455313166 0.2276876638370098 0
0.7114728188588031 0.2196447506825956 0
0.190071873966049 0.2988262881116261 0
0.1890717723883201 0.2948465597174612 0
0.3827933044001252 0.2303955717229024 0
0.3747671488626327 0.2305507784222507 0
0.129056297484491 0.2133210724241106 0
0.1283490408241061 0.2162460657420326 0
0.1233489725203697 0.204116147811255 0
0.126288685291574 0.2033379990200141 0
0.1453247369739109 0.305926451907565 0
0.1492469829503346 0.3086931052763492 0
1.064011669371666 0.1401997252447593 0
1.089066950626199 0.1418391116207307 0
0.2697240229277752 0.2024336576755887 0
0.5829499299796361 0.2644436304076529 0
0.5754093947620291 0.2623695734502967 0
0.2370614709962718 0.2596096245899331 0
0.2400654593454237 0.2598505687140483 0
0.2349217199402597 0.2672615926961918 0
0.2336393064962601 0.2645418941883253 0
0.2078712327541377 0.275841151391438 0
0.20631041890639 0.2782614963394448 0
0.1961063237325537 0.2699368380375695 0
0.1990871250778455 0.2701396064616148 0
0.2163836102660711 0.1202866856245737 0
0.2193741217257175 0.1198084894732793 0
0.2202328970031253 0.3407902405167623 0
0.2601288457202457 0.1375664732754507 0
0.2299492784899049 0.07979532099867001 0
0.2697559956282062 0.2131120208507196 0
0.1509238378636646 0.1476652250703958 0
0.1479215582532724 0.148545131316964 0
0.3724609148783441 0.2699712650688846 0
1.046884786134924 0.2033300695977062 0
1.0357837729639 0.1809309866558016 0
0.03685216815865047 0.1123451735353414 0
0.03613530387045636 0.1205053105486684 0
0.2488321636272543 0.2657419653646904 0
0.2471195310290714 0.2682807861562383 0
0.230167102144237 0.2695069079636125 0
0.2271724918501098 0.2692516444663824 0
0.2289267343791407 0.2667495178817009 0
0.4768498669309011 0.2831561796174601 0
0.473735166438133 0.2913654003292869 0
0.4370163368715665 0.2640799090233531 0
0.2114195481977039 0.1266440916142673 0
0.2124911195428069 0.1238297672250843 0
0.2182535481096542 0.1308580663176133 0
0.2152969006730903 0.1314069992198844 0
0.2583982518745974 0.260793854190487 0
0.2566940534937702 0.2633958822046487 0
0.357995519955357 0.2455470523523332 0
0.3549993432499627 0.2391742215659853 0
0.3614349160614994 0.2392714003512253 0
0.5041085460863665 0.02340675290897654 0
0.4964482278459841 0.01129888012441347 0
0.1609016516530206 0.09812106559408264 0
0.2663451918645654 0.1864452824797953 0
0.2677179958048765 0.1837429309423805 0
0.1166686117943948 0.2515665559642746 0
0.1139776103045565 0.2488821746210841 0
0.2793432114305427 0.1719231807168001 0
0.2810763275814482 0.174605800489497 0
0.164638795542754 0.1316654401325611 0
0.1665627581006822 0.1339773061277361 0
0.1646643510464703 0.1396935248127104 0
0.161701101419558 0.1402099653249098 0
0.420480164423296 0.1481650291747734 0
0.4131334459274476 0.1490303769420756 0
0.2157519359984005 0.3038352802107642 0
0.4643350640689232 0.111019873343169 0
0.4611933074465648 0.1172042347445896 0
0.1305257124685601 0.2183128876831622 0
0.1276466338035525 0.219157874013175 0
0.1270969441084143 0.2004593378571587 0
0.1292781258137302 0.2025622045840005 0
0.07913099534563306 0.2957949562241047 0
0.07495047758599967 0.2907485047619653 0
0.005867850492598142 0.2419098708069264 0
0.7736834945467883 0.1733357327509191 0
0.7777697842462512 0.1798603365754161 0
1.102915318642916 0.1214282465469364 0
1.114042673081316 0.1432740516405841 0
1.05301004362456 0.1181820640098464 0
0.2667429596928087 0.2024652216079877 0
0.1813552641906816 0.1314590693093765 0
0.1824007936879583 0.1286482571923164 0
0.1843144582312721 0.1309585572791962 0
0.2340745593134808 0.2593675041595057 0
0.2357787619905001 0.2568981217517192 0
0.2096126621352576 0.2736551868426204 0
0.2110583943423711 0.2761802296288799 0
0.1929836694512311 0.2697768231786106 0
0.1946087184373905 0.2672972382315317 0
0.3897483873106395 0.2175591319515651 0
0.3933885230052585 0.2237889884785428 0
0.1537169523006387 0.1469298714532903 0
0.1527883925409814 0.1498171350463592 0
0.1471165798444662 0.1513486785997468 0
0.1148740128470067 0.2670475099150812 0
0.1196371323284268 0.267034074461482 0
1.147414884419002 0.2100949971790458 0
1.1362928416926 0.1877553035033238 0
1.161264580268329 0.1893451810689246 0
0.2242723401401115 0.2689373675114141 0
0.1805098542490128 0.126334172731287 0
0.1862320571778817 0.1330103766187064 0
1.188932191040085 0.1482006990263954 0
1.202758391489804 0.1276470952049787 0
1.21390514165752 0.1494967111754158 0
0.4291236885949707 0.2635424758856654 0
0.4331315837396004 0.2570368821484518 0
0.4796698351146871 0.2762059240361812 0
0.4842874697436207 0.2829203207162849 0
0.2103509322618627 0.1294508228907677 0
0.20845938728385 0.1271353957755893 0
0.2660580012786097 0.1811816500890523 0
0.2651776340494403 0.1890115626963312 0
0.2635421057524584 0.1864994420659631 0
0.1695202222148305 0.1334618495316506 0
0.1684759031893971 0.1362764827632819 0
0.4274307610994006 0.1462518799753829 0
0.4100803305066838 0.1558676450017857 0
0.4057529405412679 0.1497821696621389 0
1.175110739374864 0.1685279011950176 0
1.163963989207148 0.1466782852245805 0
0.4686780307392386 0.1050601271216838 0
0.4729183640734622 0.1116755096680681 0
0.1334028085591503 0.2174622809856552 0
0.1327004015385966 0.2203740892567976 0
0.1269505709995961 0.2220759603469122 0
0.1247738993551421 0.2200091384057826 0
0.1279008552159034 0.1975542517070559 0
1.091289660211888 0.1001957575792443 0
1.116265382667005 0.1016306975990977 0
1.186232782101265 0.1908675948707395 0
0.263969849908145 0.2025253822363706 0
1.111318725453936 0.1860950181639117 0
1.125168421303263 0.1653452020537905 0
0.2342616032549794 0.2540641214040532 0
0.2372485149377703 0.2543062418344806 0
0.1933929869740538 0.2646764629952357 0
0.1965156412553763 0.2648364778541945 0
0.1911822011824654 0.2722982762625186 0
0.2124143488457462 0.27882165219704 0
1.13901678931998 0.1449343369799962 0
0.1489432507562746 0.1528477112984837 0
0.1460645524967335 0.1536439012347659 0
1.263822946100506 0.1523932190472471 0
1.238855789412767 0.1510770271232608 0
1.252698498794977 0.1302592992779854 0
1.225029588963048 0.1716306309446775 0
0.2213529863316079 0.2686376732986438 0
0.2230127702765099 0.2661945601717006 0
0.4288932539046333 0.2506246084878197 0
0.4917164541614005 0.2818869401041016 0
0.4888964859776146 0.2888371956853805 0
0.2054978670477625 0.1276181090723676 0
0.2065664829836038 0.1248113777958672 0
0.2666659377955738 0.1916346639412718 0
0.2638628516834668 0.1916888235274396 0
0.2632105117958146 0.1813283332754674 0
0.2645588495068408 0.1785768215150927 0
0.1705662760379348 0.1306585512638021 0
0.1724794211266497 0.1329577278993479 0
0.4076066094768591 0.1632172556533244 0
1.155861735826304 0.274754396392805 0
1.142111712263806 0.2941418971915832 0
1.130930252570272 0.2727005661692711 0
0.4572896380111076 0.2154709971069158 0
0.4539500705046611 0.2219038316505631 0
0.4499957327475744 0.215531006695624 0
0.4805493535549039 0.112399947025565 0
0.4762063868845885 0.1183596932470502 0
0.4079541855906073 0.1975488892120052 0
0.4039998178527348 0.1911760607349065 0
0.4114879335203562 0.1909316765482924 0
1.240722935125265 0.10797551084317 0
1.265690091813004 0.1092917027671563 0
0.1285754905118885 0.1946265650796067 0
0.1307610199265555 0.1967558567936959 0
0.1339771697903197 0.2146848103657234 0
0.1361518588603562 0.2167460119393587 0
0.1348755226972075 0.222439094128549 0
0.1319984266066174 0.223289700826056 0
0.231343625457479 0.2540164120493687 0
0.2401103765476344 0.2546105231369371 0
0.1922240018584894 0.2622655249715165 0
0.1986847060094668 0.2623739953549508 0
0.1999004374728035 0.2649947705912469 0
0.4577996254870443 0.2283942008855822 0
0.4505057202235111 0.2284542104742904 0
0.4458387315943182 0.209336547099937 0
0.4424991640878718 0.2157693816435843 0
1.119677360079987 0.2517108372353584 0
1.105927336517489 0.2710983380341365 0
0.4348714068646895 0.2158260883158184 0
0.4390284080179456 0.2220205479115054 0
0.4308443690444148 0.2098145795140051 0
0.4273736129744886 0.2160657457819261 0
0.221758272148016 0.2635124043504749 0
0.2246776259565197 0.2638120985632452 0
0.4945445613814805 0.2749981940576496 0
0.4991535776154744 0.2809150690267452 0
0.4208620394119826 0.2510462381180351 0
0.4245163578536113 0.2451713975950907 0
0.204413019725442 0.1303176255508469 0
0.2025201154251958 0.1279936075711248 0
0.1754374515028139 0.1324542274884055 0
0.1743913976797096 0.135257525756254 0
0.4849961912632048 0.1064699800380359 0
0.4882842140743311 0.113154163617018 0
0.4415196743886257 0.1897330367898646 0
0.4451121853978879 0.1830914012159187 0
0.4490192982761539 0.1897107457534956 0
1.290640846072929 0.1104008983513885 0
0.1266055461799244 0.1925054181381425 0
0.1294657108905765 0.1917070232247824 0
0.1379508218827041 0.2218487073344942 0
0.1372488469507249 0.2247643189037527 0
0.1333587862646699 0.195954721745761 0
0.1326841509686849 0.1988824083732103 0
0.1972820847229061 0.259948419845298 0
0.2006668809403333 0.2601067125823505 0
0.4488627389709062 0.176789518192512 0
0.4379303593984974 0.1965906588170811 0
0.4340232465202314 0.1899713142795042 0
1.152838240985202 0.124607134811374 0
0.2187664038228317 0.2631981666334018 0
0.2204312595028414 0.2608157050249465 0
0.5065832793780107 0.2798926643826031 0
0.5037551721579308 0.2867814104290551 0
0.4899274924421129 0.2690204304825315 0
0.4973646158961867 0.2680485594051751 0
0.4177607641100709 0.2570713602669508 0
0.1995556762636469 0.1284545014826714 0
0.2006405235859675 0.1257549850041921 0
0.2059408914192575 0.1325673903576796 0
0.2029631397966907 0.1329428888564368 0
0.1764835372985608 0.1296515994269981 0
0.1783955138516208 0.1319513972839041 0
0.4958384212408971 0.1137166196387878 0
0.4913915835325962 0.1196465866263169 0
0.1393367560788442 0.2270001709465936 0
0.1362614568933476 0.2275905577406483 0
0.1242377321198932 0.1902825710304742 0
0.1302746097909355 0.1888090645509745 0
0.1322445541228996 0.1909302114924387 0
0.2170413105865312 0.2656525625221135 0
0.2157142979413566 0.2629558631965851 0
0.5094118531039553 0.2730054894841494 0
0.5140134476464117 0.2788718308864594 0
0.5093260712727443 0.2936299223466005 0
0.5018963695102079 0.2946523269907426 0
0.1983860450598976 0.1309911399123198 0
0.1965064532206693 0.1287525173453871 0
0.1745572210615406 0.1273381946182763 0
0.1775152834103475 0.1268353644137749 0
0.1803091783949347 0.1342616973707839 0
0.4993229939510621 0.1091172638959932 0
0.502430363409327 0.1156096869052921 0
0.4944720638330109 0.1266562628616313 0
0.4869178566664449 0.1260938068398615 0
0.1283270579472875 0.1866928666650509 0
0.1311059011796106 0.1859160549327072 0
0.1355450748090246 0.2305354004800554 0
0.1334571656809053 0.2282995484372145 0
1.297147057192414 0.2195843765866534 0
1.308265397700505 0.2418176507799845 0
1.283315135695157 0.2402389456792483 0
1.280628636607165 0.2827033485187995 0
1.305629059649224 0.2834874987622752 0
1.291824220053141 0.3037186274084953 0
1.258368526687396 0.2385931393065469 0
1.269486867195487 0.260826413499878 0
0.2128240490920586 0.2626785403736439 0
1.333205374934336 0.243559821201386 0
1.319373453437079 0.2642143902939809 0
0.5214424639989943 0.2778428234803658 0
0.5186138902730498 0.2847299983788195 0
0.1945947312225536 0.1266591934930341 0
0.1785835380119926 0.1240207679225652 0
0.1822059026691778 0.136478936886286 0
0.179246152330117 0.1369712648608137 0
1.24724615004177 0.2164269024543882 0
1.233417881542101 0.2370143702750178 0
0.5098557669742523 0.1165421052275607 0
0.5063711942640874 0.1211414609703553 0
0.1377175369950641 0.2326063230212974 0
0.1349132457826217 0.2333153137178635 0
0.1320695570304578 0.1830679820094364 0
0.1340171088741059 0.18518417989536 0
1.20845059832137 0.2356648974973831 0
1.219572974966996 0.2578311343495417 0
0.2110010898541092 0.2651434820185728 0
0.2098359342411116 0.2624117633069199 0
0.5242624762721474 0.2708937670083386 0
0.5288629188987856 0.2767519345006986 0
0.1957781479930393 0.124060088366137 0
0.1850625825007218 0.1356860610208623 0
0.1839995564359041 0.1383956285108921 0
0.4635491986885054 0.1762812697877698 0
0.4600576291460712 0.1828616428869671 0
0.4561033788278503 0.1764887370803523 0
0.5128570915507976 0.1106459504478355 0
0.5167979224055579 0.1161777245128987 0
0.4657262093698104 0.2411287712800198 0
0.4731147806452831 0.2405771397941327 0
0.4696883629920428 0.2471163841274057 0
0.1410039908973963 0.232166557630385 0
0.1403721618709934 0.2349464708681932 0
0.1300056091108677 0.1809195812848868 0
0.132916816805363 0.1801877062475397 0
0.1342256778859803 0.2362036575870299 0
0.1320532156999408 0.2341327350457879 0
1.330569036883055 0.2852296691836767 0
0.4738144537861974 0.2534341871293501 0
0.4664258825107246 0.2539858186152371 0
0.4916406213898779 0.2338531918999691 0
0.4876869457858873 0.2274987884521245 0
0.4951824627997601 0.2272385574861422 0
0.4523543085133404 0.1702091450933147 0
0.4801908251207259 0.2277405390642447 0
0.4837326665306082 0.2211259046504178 0
0.4766488656995279 0.2343514749063491 0
0.4806110193217603 0.2403390877537351 0
0.4957874762290778 0.2404322441891087 0
0.4882919592152051 0.2406924751550911 0
0.4639614449542826 0.1892651486554696 0
0.4565156250936274 0.1894726159480522 0
0.5193874909232882 0.2649938274056363 0
0.5268079458230794 0.2639029384259691 0
0.5362902040797397 0.2757101538022267 0
0.5334701918065865 0.2826592102742539 0
0.4797784953894985 0.2147560962126904 0
0.4872746160546599 0.2145143456005702 0
0.1880257109446079 0.1349270682433125 0
0.5242792078632349 0.1170741707915166 0
0.5212778832866896 0.1229703255712418 0
0.1271080949530353 0.1816529087334686 0
0.1279553547279405 0.1787726329715718 0
0.1337667392890286 0.1773095515421468 0
0.1358306872086188 0.1794579522666964 0
0.1394657636335032 0.2379972702954997 0
0.5392885052772216 0.2690583155315727 0
0.5438957781850227 0.2749655913051279 0
1.354808836765987 0.2895653112809257 0
1.341064442978133 0.30883841974922 0
0.4722822704361386 0.2149947717226879 0
0.4758242199601903 0.2083832126728402 0
0.5043129009707301 0.2398293477774348 0
0.5375851411179398 0.2889488304377022 0
0.5301578559369856 0.289990611136174 0
0.5345477776258694 0.2627227603334303 0
0.4847578741609603 0.2469181400428747 0
0.5275009484785373 0.1122093310387014 0
0.531980909359669 0.1190019320970445 0
0.1316838358090555 0.1751561371500835 0
0.1345977062123113 0.1744263831692402 0
0.1389874895210721 0.1790769750683731 0
0.1381375670374065 0.181955129773766 0
1.327834970772386 0.3284445427698471 0
0.5455054441383325 0.2875297085617033 0
0.5421931082687316 0.2948611094236235 0
0.5392529927735722 0.1199371472093976 0
0.5360312521582697 0.1248019869622127 0
0.471869978041066 0.2020109329138896 0
0.4793662029944259 0.2017722574038921 0
0.1354259576505762 0.1715427326820128 0
0.1375088611305493 0.1736961470740761 0
0.5081142436538795 0.1618691818750443 0
0.500445436427023 0.1624840175933308 0
0.5039873986514102 0.1558730791349935 0
0.4970772625141493 0.1687560669582379 0
0.49295041751168 0.1627599642181871 0
0.5483254914602413 0.2805808183736739 0
0.5529334586110333 0.2864930973595953 0
0.5066146754487206 0.1495161738636143 0
0.498945868221864 0.1501310095819008 0
0.5423512636376181 0.1137661383155673 0
0.5464016064362187 0.1195661931807355 0
0.5381033842727653 0.1320284898309692 0
0.5308313008588621 0.1310932747186162 0
0.5010303184113514 0.1750910594455702 0
0.4935352994960083 0.1753670060704265 0
0.1333394423278847 0.1693884023291288 0
0.1362505972461227 0.1686581662339647 0
0.4899921307605008 0.1819400411868426 0
0.4860390748632987 0.1756050486995104 0
0.5603753749519296 0.2854276978142924 0
0.490816672654793 0.2079063868630222 0
0.4947708437959027 0.2142761953007496 0
0.5537804450114276 0.1201557199657166 0
0.5506821741473817 0.1263267288595468 0
0.1371611602376029 0.165645303131466 0
0.1392476755602944 0.16779963348435 0
0.4856340035562696 0.162848642855587 0
0.4890021774691433 0.1565765934906798 0
0.4868624361879522 0.2015342077489139 0
0.494358663929195 0.2012960574490933 0
0.4781365778331584 0.1630487776815707 0
0.4820848178756951 0.169232148409078 0
0.563238102697001 0.2788931301093795 0
0.5678599717159885 0.284776620752106 0
0.5581403556662445 0.1140509671706086 0
0.5624209233774076 0.12081150284942 0
0.135083765149581 0.1634738926025647 0
0.1420718615837375 0.1670191632033868 0
0.1411612985922573 0.1700320263058855 0
0.5751587445368441 0.2840861767672186 0
0.5593661184241863 0.2728387946871291 0
0.5668507151882451 0.2721877176249427 0
0.509763433693156 0.213804527839579 0
0.5022671860976771 0.2140418512946786 0
0.5058091479915148 0.2074309131081019 0
0.5701347062728013 0.1215191879471646 0
0.5657747956179844 0.1276239407422726 0
0.5536340659774477 0.1051101787467354 0
0.5622745443434275 0.1057659616304387 0
0.1446734158313616 0.1665901995073286 0
0.1320763247897332 0.1643375068833779 0
0.132996008015883 0.1613075636048618 0
0.4987251294975439 0.2206498100322266 0
0.5460954156323171 0.1734529227753294 0
0.5386004961046 0.1735913887769881 0
0.4595776004541564 0.1571361251071523 0
0.4556233409606878 0.1507632268764953 0
0.4627246174415758 0.1503135854337354 0
0.6857184906325023 0.201718668080167 0
0.6817404738856564 0.1954058420174905 0
0.6892366953959311 0.1951678019601573 0
0.5093511355026114 0.2008206919084645 0
0.5018548879071324 0.2010580153635642 0
0.5781389690673875 0.2773300004673842 0
0.5825750141431717 0.2831741241874097 0
0.5310917364180898 0.1738594139150954 0
0.5350038693084795 0.1804019586742852 0
0.5278855412326378 0.193733672936683 0
0.5239422145969674 0.1873208484650328 0
0.5314384362576398 0.1870828082840428 0
0.6592755666097732 0.1960598900205374 0
0.6628186730712752 0.1894514669686777 0
0.6667729325631807 0.1958243652003056 0
0.5744819333053859 0.1154294779894159 0
0.5778358055459628 0.1222419158822686 0
0.5691446302374259 0.1345187009880527 0
0.5614308473420322 0.1338110158903081 0
0.6513709238924211 0.1832924086343709 0
0.6478296079184622 0.1898997327695128 0
0.6438792246930156 0.1835051496149742 0
0.1467398428811864 0.1682632396584659 0
0.7765021153241488 0.2548666231632668 0
0.7840404316197989 0.2540840174842909 0
0.7806732847429561 0.2614249085195737 0
0.6742691540734551 0.1955863251429731 0
0.6777873588368839 0.1890354590229634 0
0.6620347796782504 0.1635682130722539 0
0.6659883931257478 0.169944725457702 0
0.6584516177071085 0.1700886028255441 0
0.6509592724632929 0.1703049579599641 0
0.6549128859107902 0.1766814703454122 0
0.6588632691362367 0.1830760534999508 0
0.6399437004890012 0.1770274409226101 0
0.6364023845150422 0.1836347650577521 0
0.7609328760597858 0.2575777976963868 0
0.7684440880173486 0.2564183758835556 0
0.7656237564897432 0.2633669360113808 0
0.8178752972132095 0.2302490539081749 0
0.8214441884969406 0.2234650471842288 0
0.8253701209686608 0.2300522289409408 0
0.6707260476119532 0.2021947481948328 0
0.6663606350896443 0.1828405286797191 0
0.5389471959441499 0.1868147831459355 0
0.6289016406938968 0.1838981041918142 0
0.6328371648979112 0.1903758128841782 0
0.5164350599247438 0.187598815013809 0
0.5199879549497459 0.1809479503611687 0
0.6966339610461472 0.1949458308367325 0
0.6926559442993012 0.188633004774056 0
0.827551977351932 0.2891294160111815 0
0.819855892429292 0.2900487059655486 0
0.8147998867778041 0.2366801711506035 0
0.8108739543060838 0.2300929893938915 0
0.6961938220560389 0.1822286795672816 0
0.6887965564058228 0.1824506506907064 0
0.8293406583893947 0.2363738215008372 0
0.8329095496731258 0.2295898147768911 0
0.8593686527486064 0.235196553871167 0
0.8635351886027911 0.2416407782417686 0
0.8560390594563134 0.2418795032957651 0
0.7718112348941913 0.2490774848482729 0
0.5901200110213319 0.2818318718932633 0
0.5871397864907886 0.2885880481930977 0
0.8819924278685514 0.1497930968962335 0
0.8754290979871197 0.1502052187961321 0
0.8780381683766429 0.1434201986646058 0
0.7750477096373543 0.148324307839267 0
0.7781580367541019 0.1549342786524628 0
0.7706880555183009 0.1542599581543774 0
0.7663166400217507 0.1603140825907644 0
0.7632063129050031 0.1537041117775686 0
0.8485273451117052 0.2421247170675891 0
0.6925443517254202 0.2543120765339816 0
0.6848984229586558 0.2554853836686651 0
0.688105663586345 0.2489435478172188 0
0.6063678567104622 0.1847977141375627 0
0.6098878804611385 0.1782802000386053 0
0.6138640018068916 0.1845977180339497 0
0.6734914812948183 0.169721776822977 0
0.6699083193236764 0.1762421665762673 0
0.6249254429342979 0.1776186301501902 0
0.6213602233171668 0.1843596779766163 0
0.6967707719703189 0.2598520646156657 0
0.699978012598008 0.2533102287642193 0
0.8048932592958661 0.1513660938011467 0
0.8080041063708827 0.1579704240623641 0
0.8005410204539647 0.1572271995268645 0
0.8134153745721792 0.2830022773461114 0
0.8121522503183991 0.291052851983175 0
1.374731705519987 0.1811054822560349 0
1.363623791821936 0.1587089718679694 0
1.38857393456566 0.1602874213255583 0
0.6819636587789799 0.2619830915289638 0
0.6775249706399046 0.256614562812201 0
0.8718465648493037 0.1568182345131349 0
0.867892305357395 0.1504453362815072 0
0.809268455127774 0.1452744858897891 0
0.801805369210856 0.1445312613542895 0
0.7627211185070257 0.2704433262123525 0
0.7702323304645886 0.2692839043995213 0
0.5539161679854016 0.1864086143083515 0
0.5464434174786554 0.1865767430686813 0
0.5499853795017358 0.1799658047758481 0
0.5853105920051083 0.122983622199457 0
0.5809633649725235 0.1290733321572056 0
0.7756689249218649 0.1988742102729834 0
0.7713691703576492 0.1926815052020021 0
0.7788664645404137 0.1923854134382113 0
0.7598139245427314 0.1120649614928258 0
0.752194707382111 0.1128610035072734 0
0.7567858558494701 0.1046147644614228 0
0.6178401995664905 0.1908771920755737 0
0.6729475860438741 0.2508122524889899 0
0.6700128218641982 0.2573099603492886 0
0.7719529256874382 0.1415583791970731 0
0.7794229069232392 0.1422326996951586 0
0.8747073795331751 0.136960618209159 0
0.6937556474716495 0.2667621590889865 0
0.7011893083442373 0.2657603113192243 0
0.7447865382127341 0.1456424275970713 0
0.7479091228665267 0.152498687832255 0
0.8652810320443692 0.1448499543908116 0
0.8660463314760452 0.1374376787577186 0
0.7271611116487753 0.1371014188077392 0
0.7343178960589333 0.138013242554669 0
0.8404226000388699 0.2293045548793264 0
0.836452062618136 0.22298296231943 0
0.7477509247125381 0.1195693791648665 0
0.7447228560192768 0.1121191821334635 0
0.5401522941615249 0.2255740936285814 0
0.5437003805479725 0.2191560204657087 0
0.5476479401226548 0.2253179286801793 0
0.6257487185503018 0.2036229885388291 0
0.6217944590583959 0.1972500903072013 0
0.6292906805686715 0.1970120502498681 0
0.6028406631192842 0.1913668817223293 0
0.598864541773531 0.185049363726985 0
0.5357940604219933 0.2064794692309409 0
0.5397475082570486 0.2128268072959205 0
0.5322512867517872 0.2130648473491311 0
0.5271265439994068 0.1675264419813657 0
0.5235299172032865 0.1743370118786629 0
1.870705706275277 0.1043329901499495 0
1.896069144614313 0.106338609539185 0
1.879615562958218 0.1266733171628754 0
1.86536013531894 0.147064396152956 0
1.890723573657976 0.1490700155421915 0
1.923634282525475 0.2158330210290701 0
1.93479231842391 0.2379608968833573 0
1.909842203316643 0.2363823671452032 0
0.7837912461697808 0.1362099896208026 0
0.7868860301196967 0.1429759182629964 0
0.636791424389817 0.196748711115806 0
0.7556475314051252 0.1530144122423887 0
0.7600189469016754 0.1469602878060017 0
0.8099646859275348 0.2172986991215455 0
0.8065091474274565 0.2238253639981375 0
0.8025244686135021 0.2174621909682201 0
1.901418261125963 0.171039624270431 0
1.91567368876524 0.1506485452803505 0
0.7058257639902153 0.2716912195983028 0
0.7088408884888848 0.2647811251249819 0
0.7959199585653464 0.2308897443682071 0
0.8034337369920511 0.2302564812405662 0
0.8002847654439736 0.2371573697639611 0
0.5957638325091666 0.2045751487681892 0
0.5918024795906091 0.1982158600686477 0
0.5992987011009107 0.197977820011293 0
0.5838803553274305 0.1854827310295029 0
0.5913724403692735 0.1852545466531922 0
0.5878452631405101 0.1918467156880622 0
0.5247558768725968 0.2133284475942933 0
0.5287093247076522 0.2196757856592729 0
0.536605292286475 0.2320263196589964 0
0.5326577327117926 0.2258644114445259 0
0.6186647945135642 0.2168448651167483 0
0.6226190540054705 0.223217763348375 0
0.6151228324951949 0.2234558034057081 0
0.7539386876229265 0.1332371258763924 0
0.7569308221800948 0.1401254929194742 0
0.7494680308446293 0.1393822212277401 0
0.7510964888698544 0.159242511803822 0
0.5472431542181786 0.2125706423475185 0
0.5516035868205499 0.2317345119695287 0
0.5551516732069974 0.2253164388066561 0
1.546648462046855 0.2353699422488427 0
1.557689503572103 0.2575532797096682 0
1.532739388371264 0.2559747501258065 0
0.6477114290716319 0.2604129232693217 0
0.640265074085794 0.2613463582769899 0
0.643122860450005 0.2545103180394285 0
1.873734052310929 0.2126759615527831 0
1.884853772641474 0.2348875784421676 0
1.859903657534194 0.2333090487040347 0
0.8514607607745308 0.2224554074936808 0
0.8554144660836551 0.2288241957453299 0
0.8479188182930044 0.2290664906735144 0
1.896011808539909 0.2570154542964547 0
1.513324429704856 0.1681798475879887 0
1.488430571017202 0.1664581964255633 0
1.502272675691657 0.1456400272893271 0
0.7856399089643205 0.1554889643829602 0
0.7812802548452672 0.1614246146980706 0
1.907396551170177 0.2781693805054235 0
1.932319158383516 0.2807915482237883 0
1.918715470338615 0.3004506857297215 0
0.7700962566061604 0.1670067148429046 0
0.7626145139928626 0.1664508684660959 0
0.7962069972922335 0.1629054151083249 0
0.7930961502172169 0.1563010848471075 0
0.8624983679294889 0.2156021545932482 0
0.8698681902607507 0.2150938649586184 0
0.8663262308964433 0.2217048229308665 0
0.7196806119736774 0.1363625299072198 0
0.7153348729782525 0.142020471844503 0
0.712216142748575 0.1351923823222618 0
0.6777929080128815 0.1628343719611543 0
0.6817128342108103 0.1691318130797196 0
0.5428779844278157 0.1932575926784389 0
0.6517793450994978 0.1962979300778702 0
0.6442876459000922 0.1965106710584736 0
0.855002608225912 0.2158436195427699 0
0.8475069604352612 0.2160859144709544 0
0.7417944036555659 0.1387540605539896 0
0.5799290527933981 0.1791060789470971 0
0.5764018755646347 0.1856982479819671 0
0.5843103945487661 0.1984440444449584 0
1.507856242566252 0.254609581093153 0
1.5188972840915 0.2767929185539785 0
0.7535050765383104 0.2586159218713555 0
0.7563254080659159 0.2516673617435303 0
0.7985275513797587 0.2111200452476278 0
0.7950720128796804 0.2176467101242199 0
0.8154877864615102 0.1585068327662314 0
0.8111355476196087 0.1643679384919493 0
0.5929477179350719 0.2749693533082742 0
0.5975124902826889 0.2803832773139622 0
1.834941832796126 0.2319156004558389 0
1.84606155312667 0.2541272173452233 0
0.8136436482665925 0.1391828784095379 0
0.8167315383516026 0.146017710856395 0
1.57433267092795 0.1937336048669756 0
1.563203612900847 0.1715681825624538 0
1.588153728066797 0.1731467121944335 0
0.5535681661390632 0.1732847940149996 0
1.762817888708855 0.1840867308348866 0
1.737872123363044 0.1824394491087234 0
1.751706535297837 0.161742867080665 0
0.5507865034425428 0.2060033891162759 0
0.5547393757334667 0.212332602286064 0
0.6762598328241652 0.2756525491072241 0
0.6717768143933123 0.2700236376718538 0
0.6790732248910816 0.26874118210787 0
0.8284043804567605 0.1405505073821125 0
0.8311924503107706 0.1470918991068963 0
0.8238948013444312 0.1464674951009275 0
1.613124890515964 0.1744939658319382 0
1.60199583248886 0.1523285435274164 0
1.959692408332501 0.2398082491465393 0
1.945900329123669 0.2603575952626724 0
0.8568541218287541 0.1572943146278041 0
0.8616984989065533 0.1514629701078145 0
0.8629105952301328 0.2285854706913334 0
0.8702804175613946 0.2280771810567036 0
0.5807713894884602 0.2050512288829836 0
0.5768141730383612 0.1986820845023981 0
0.6068020160378418 0.1977261704218708 0
1.48290612715607 0.2530310517979987 0
1.469043043311101 0.2741808343770889 0
1.457935032180683 0.2517841366537626 0
0.870819000089303 0.2413304207731833 0
0.5948996339604515 0.1786853790684256 0
0.8783415377482592 0.1696412394289494 0
0.8755979687439636 0.1632015198849663 0
0.8821269264833238 0.1630178365717429 0
0.7650736618425322 0.2819200236173994 0
0.7711295843931186 0.2808159091950073 0
0.7688735537537797 0.2863756382119137 0
0.8609810019779858 0.1637874817343208 0
0.8535253515871608 0.1640234443636148 0
0.6738637232587149 0.1826175800449941 0
1.480172033878981 0.2962459181624831 0
0.888813364081674 0.1557888057663765 0
0.8915569330859696 0.1622285253103596 0
0.5896877359302032 0.1168917615714225 0
0.5928152953567639 0.1237231778463595 0
0.8443763053479942 0.2356733431309755 0
0.8735364588458305 0.2087524894073089 0
0.8773643218127849 0.2148551577449271 0
0.6373874589538369 0.2683702147928914 0
0.6327988903322098 0.2624676095629982 0
0.5555653578865303 0.2383439603849605 0
0.5480616248021877 0.2383454502584837 0
0.7746237003245475 0.2750840627892801 0
0.777526338307265 0.2680076725883084 0
0.8105557562668948 0.1323480462691818 0
0.8180188394907233 0.1330912712357877 0
0.6301152755157454 0.2229797232910413 0
0.808768106515364 0.2774282624279136 0
0.816471748626257 0.2764241164102871 0
0.5622369844497095 0.2121382472864707 0
0.5586936352253452 0.2187055005177133 0
2.06451396562003 0.159411528627818 0
2.082396065448173 0.13719716006078 0
2.093186126064507 0.1593709355884844 0
0.7469061757415509 0.1654328800980663 0
1.707499627382803 0.2665666388508087 0
1.732154028688452 0.2677194989552363 0
1.71835438811276 0.2878664876598149 0
0.5176677248503896 0.2264171791696535 0
0.5251623228326022 0.226128011689688 0
0.5216161328545301 0.2326058049549064 0
0.7987174672045012 0.1376964308157862 0
0.7943422713725932 0.1437880387271437 0
0.8285178028445027 0.2807512446115817 0
0.8349507635133625 0.2878825292942783 0
0.5693209084853372 0.1989163707094641 0
0.5728599135456431 0.1923091862714389 0
0.7784235922357952 0.2795396773837944 0
0.7899739321260516 0.1498107488014997 0
0.6988024111748816 0.2855151639581973 0
0.703582335078567 0.2937934961590273 0
1.624232901215175 0.1968906642121817 0
1.638075005637238 0.1760724955451646 0
0.8410311268575708 0.2423627812734012 0
0.8330786132704321 0.243871200355471 0
0.5983459083513948 0.1723616759868516 0
0.6017999644713012 0.166200522365346 0
0.6058457914846154 0.1723190425207128 0
1.516364820904834 0.1242683453644134 0
1.49147096221718 0.1225466942019879 0
1.524432440396201 0.1905765459796104 0
1.538274545070656 0.1697583768433742 0
1.845816223220474 0.1031995180923446 0
0.8285191395050968 0.2102510578634829 0
0.8325005549456437 0.2166304723773693 0
0.824957596811845 0.2168888077031084 0
0.7209242142081825 0.2696828111883295 0
0.7163218104047395 0.2637664683375365 0
0.7237686804780592 0.2627372461218055 0
0.6147105350216575 0.2104719668851218 0
0.6222067565319329 0.2102339268277887 0
0.8174627730563937 0.2170856326703424 0
0.5990312314037216 0.1372148842737393 0
0.6064918389536501 0.1379932318536637 0
0.6021330656646198 0.143909095214502 0
0.7688648009658576 0.1347235843105456 0
0.7644896036799727 0.140815192454654 0
0.5633487712406511 0.237867657596101 0
0.5598068092222888 0.244478595885056 0
0.6934707378160706 0.2141913547661987 0
0.6973543159499923 0.2195567956469035 0
0.6900143662399596 0.2200679454814604 0
2.001218721555021 0.1773537432230646 0
1.990096000445273 0.1550146091936442 0
2.015046115552537 0.1565931389318031 0
0.8148200059917619 0.1698833982292247 0
0.8073363259011344 0.1693469895253573 0
0.8226510494543388 0.1589566170107639 0
0.8304088978654123 0.1591725377545222 0
0.8263770761213098 0.1651202679395749 0
0.6551551655654445 0.2593448632988041 0
0.6580023263520052 0.252542266528919 0
0.6625882764816069 0.2583102467959627 0
0.6863527628332342 0.2261554264487366 0
0.6824691846993125 0.2207899855680317 0
0.7374062532157837 0.1098378399410749 0
0.7418500358853566 0.1031294642834817 0
0.8620605658904092 0.2809319407141993 0
0.8686484984762752 0.2828085564850989 0
0.8652117872149759 0.2885558654400339 0
0.8912260548385172 0.2754996664833285 0
0.8843136838593593 0.2670511204200107 0
0.8955374253033043 0.2684152640642476 0
0.6942137188978728 0.279567714056322 0
0.7027628761225767 0.2786178556944204 0
0.6494509495873859 0.1227674036148459 0
0.648231980178773 0.1148017379916732 0
0.6556999237458959 0.1156094896740665 0
0.7088892706071319 0.1288560396274701 0
0.7045435316117069 0.1345139815647534 0
0.6359855647306343 0.1706762276138924 0
0.6434624049086077 0.1705466121711145 0
1.829255854674313 0.1238186877163977 0
1.820819953275605 0.1023505080351024 0
0.8239389544607649 0.2750484586074179 0
0.7903944375270404 0.1985207697865062 0
0.7862204581911101 0.1922521790919936 0
0.7934486766135209 0.1921948303693072 0
0.7240423814190979 0.1302733292854979 0
0.7776151271947629 0.1225403789625708 0
0.774480557500498 0.1153784458563773 0
0.7819439162612382 0.1161216267153776 0
0.8548476378007955 0.2818250888137747 0
0.8582843490620948 0.2760777798588397 0
0.506628836638034 0.2332439666844293 0
0.5118055992050136 0.2394803535278774 0
0.6521916425730332 0.2092817665984581 0
0.6557336045914033 0.2026708283094981 0
0.6596878640833087 0.2090437265411253 0
0.7195960152960948 0.2080001825792764 0
0.7271061817620215 0.2069076830931234 0
0.72359795070176 0.2143667637429129 0
0.8093525125297479 0.2045577542558366 0
0.8168505996586068 0.2043446878046336 0
0.8134780942424393 0.210722459640425 0
1.530142632810113 0.1037397070845676 0
1.546777876879375 0.08432839960058414 0
0.674680307103858 0.2085676464264603 0
0.6821765286141328 0.2083296063691279 0
0.6786345665957632 0.2149405446580879 0
0.5684467732946077 0.1730265168241023 0
0.5718822848266956 0.1665507171655124 0
0.5758860845626901 0.1728457962409714 0
1.696349152849565 0.2448411204109799 0
1.682549512273873 0.2649881091155584 0
1.504628621695793 0.2979938702428642 0
1.490786517288286 0.3188120388840224 0
0.5833645643254861 0.1726302792885072 0
0.5657789464679431 0.2055273089976224 0
0.5697332059598217 0.2119002072292716 0
0.6622854487791355 0.1186243476177071 0
0.6699211423519206 0.1194835700447298 0
0.6645545867272938 0.1244343777242619 0
0.5847256489804967 0.211424127114503 0
0.5922218704908031 0.2111860870571445 0
0.5886799084724348 0.2177970253461035 0
0.62826990391202 0.2561879952924274 0
0.6314254286773064 0.2490544712294611 0
1.552095602209503 0.1491714841708321 0
0.6891743475457169 0.1691453668509144 0
0.6848729208276538 0.1760327717127372 0
1.590761537886305 0.1313195014815068 0
1.565873414114781 0.1286428458909863 0
1.579610281961393 0.1089810574825815 0
0.7385852442545031 0.2129337243069503 0
0.7430519662007663 0.2196877425939323 0
0.7355748391139498 0.220028282543742 0
0.7796190274358636 0.2050389474403917 0
0.7871206573752833 0.2049413414564102 0
0.7835734657065173 0.2114021703876092 0
0.6970052035767049 0.1214363620055801 0
0.7013533811501211 0.1153126356949886 0
0.70556483704368 0.1220539125593701 0
0.7057874834797042 0.1068502988754013 0
0.7657766236962074 0.1278887978358485 0
0.7732399457036729 0.1286319845782676 0
0.647001136704926 0.1639537446512464 0
0.8490553047484639 0.2831788950965122 0
0.8528315215767783 0.2880330559518718 0
0.6002912219873053 0.124465169065613 0
0.5959140780622105 0.1305570296936475 0
0.5578704274774702 0.1927815125398449 0
0.5614123895005505 0.1861705742470117 0
0.5736874654518582 0.218273105460791 0
0.5776417249437815 0.2246460036924036 0
0.5701455034335112 0.2248840437497326 0
0.6036723514930149 0.2173209452314132 0
0.6077149821214431 0.2239183047668227 0
0.6002187606111695 0.2241563448241545 0
0.686904748636056 0.2804175579316696 0
0.6908652135837512 0.2735202496678927 0
0.561824686975225 0.1991544107666632 0
0.5997180920011047 0.2109480469997898 0
0.6072143135113784 0.210710006942458 0
0.6107562755297473 0.2040990686534984 0
0.6297029780422084 0.2099958867704555 0
0.734550379449235 0.2065165035099149 0
0.7420275065360515 0.2061759635601051 0
0.6046646000085001 0.1183737249675411 0
0.6077633827139466 0.1252075768148291 0
0.8914224344711972 0.1490037856348502 0
1.773933591881539 0.2063618426007317 0
1.787768003816332 0.1856652605726733 0
1.679514772312013 0.1149859375553124 0
1.667333792095867 0.09214142258384596 0
1.692345726171659 0.09274284664478566 0
0.5689086110116106 0.1859325341890332 0
0.7455706904894523 0.1996866408817971 0
0.7488663740439929 0.1928386628612816 0
0.5873333307100712 0.2686126207263717 0
0.5947258099714281 0.2671640261470706 0
0.7552910989322816 0.2714758587962757 0
0.759899672907127 0.2773928271844162 0
0.5393360224102823 0.1998685309667117 0
0.5468322439447879 0.1996304908894575 0
1.438474081522164 0.1634442641450494 0
1.45237244386452 0.1424829711309154 0
1.463480454661647 0.1648796691410356 0
0.6214037594572753 0.1396203304030439 0
0.6170428126948351 0.1455712891979194 0
0.6139546199769885 0.1387364839995509 0
1.466245794571809 0.1215026985725806 0
0.8585445675902194 0.2092326615705218 0
0.7496055552947205 0.2061038616788324 0
0.5943030201161423 0.1112398906805395 0
0.5986891061224573 0.1051473025611711 0
0.6015785252881738 0.1115387290989566 0
1.663025120747567 0.1776510252778802 0
1.651917110048356 0.1552543268976367 0
0.7045089213447144 0.2073423764199069 0
0.7121474696995795 0.208231905568619 0
0.7084492358809683 0.2145697340803538 0
0.7878433987055047 0.2175682916309522 0
0.7918403159392482 0.2239104373515445 0
0.6049208169516076 0.2793400345980665 0
0.6077593728603268 0.2724169867744662 0
0.6123399926155053 0.2782362626435596 0
0.6253922887800627 0.263211851808329 0
0.7971628251858596 0.2849556288514606 0
0.8030345158492026 0.2937203228624913 0
0.7944856085737759 0.2946695283502139 0
0.5137176933138901 0.2201774259652954 0
0.5101715033358178 0.2266552192305138 0
0.6142982375481207 0.1974881303645347 0
0.6407411615708525 0.2031469084241634 0
1.640734916587124 0.1340301553296469 0
1.615732700335472 0.1326667551190115 0
1.629500621984569 0.1130211132837373 0
0.843555452762769 0.2097334245288937 0
0.8400136053113878 0.2163452124798046 0
0.6194375118549011 0.2780254575157846 0
0.6226907097585567 0.1266939222147568 0
0.630125289087369 0.1270499274544204 0
0.6257501460682411 0.133141530444339 0
1.746249383066179 0.2479981798836546 0
1.757104143796136 0.2692980286926608 0
0.5626492819232403 0.2251220838070628 0
0.7389993886908284 0.1317530361853378 0
0.5160227625310629 0.1746149784274391 0
0.7943488757976941 0.2048839927337237 0
0.8018013315315158 0.2046994735777239 0
0.8396006199935828 0.2033562747069635 0
0.8470939751174562 0.2030969766981132 0
0.6615234270425455 0.2779941994224773 0
0.6667072798027271 0.2824951836211632 0
0.6592672845188767 0.2835543783724324 0
0.7180669538376345 0.2766286963355136 0
0.7255138239109542 0.2755994741197826 0
1.832277996873067 0.2740199785367748 0
1.857239821611136 0.2754134267849705 0
0.5666035414151636 0.2314949820386753 0
0.7571112949678883 0.2057954128981863 0
0.7606601849936109 0.1993924205186492 0
0.7646227407133778 0.2055732944163111 0
0.772121733253099 0.2053350392041824 0
0.6385762202038163 0.1142150736763426 0
0.6522973792012337 0.2661809035363654 0
0.6864466772098328 0.2676120029643341 0
0.7116853547587614 0.257835560058458 0
0.8327795738426349 0.1344588998623129 0
0.83725800685886 0.1282414930917869 0
0.840180462439325 0.1349575046175553 0
0.7359009772219498 0.124919887988537 0
0.7433774848185825 0.1256607059878575 0
1.510590335938208 0.2113947146946029 0
1.535540451304008 0.2129732439499884 0
1.760091487473963 0.227180011242012 0
1.785041602581439 0.2287585409797987 0
0.7221024125919896 0.2503493953646593 0
0.7295541952229592 0.2494044715505308 0
0.7266180593055858 0.2558759794568841 0
0.6371991995524834 0.2097578467131229 0
0.6336572375341145 0.2163687850020825 0
0.6446954210627587 0.2095198066557904 0
0.7007109336530514 0.2012425879655029 0
0.7041301825564215 0.1947077907794016 0
0.6225499118622386 0.2704023404494295 0
0.6268088751929151 0.2771145831452549 0
0.5867983167644868 0.1105003350336369 0
0.609050686014815 0.1122811368481726 0
0.6108527857160904 0.1320422730587882 0
2.012326732254778 0.199750441602381 0
2.037276847362042 0.2013289713405399 0
2.023434742954535 0.2221471399816974 0
0.6133419365810449 0.1721190464170998 0
0.6486496805546641 0.2158927048874175 0
0.6525039542207653 0.2221720121629461 0
0.6450077327104908 0.2224100522202785 0
1.809991717688809 0.2303370707177731 0
1.823833822096333 0.2095189020765844 0
1.912526271825718 0.193436322649753 0
1.937476386932985 0.1950148523879071 0
0.5172596552077278 0.2135664877787187 0
0.6671840855935836 0.2088056864837928 0
0.6896727501244075 0.2080915663117946 0
1.940191689518167 0.1520969963515736 0
1.929497002050181 0.1301273876233341 0
0.6288383387860876 0.1399763356427075 0
1.474532208674846 0.1874194894396972 0
1.735141372366279 0.2256014815045876 0
1.973534512740007 0.2189900805053814 0
1.984642523439765 0.2413867788846964 0
0.7506842840833436 0.265559090781973 0
0.7460768160894737 0.2596486548291164 0
0.5142376197686382 0.1486556229963805 0
0.7535681110144874 0.2122847355764944 0
1.668707407868591 0.2858062777528299 0
1.677924659896264 0.3072970818603081 0
1.652932080957745 0.3063897320577507 0
1.812725811396577 0.187122203697263 0
1.837675926503895 0.1887007334353289 0
1.529511767500805 0.2993590392755178 0
0.6345203663232946 0.2754287442315779 0
0.6419865500768789 0.2743074929455695 0
0.5649543515195421 0.1795596359575398 0
0.8842288296459577 0.213267962811239 0
0.880560561060878 0.2196093383625485 0
1.951318491340492 0.1741966837467478 0
1.962426502040249 0.1965933821260649 0
0.5208016172518628 0.2069555494685769 0
1.413523959494374 0.1618657489242765 0
1.402416045796323 0.139469238536211 0
0.8321683334252399 0.2037015672049939 0
0.8357068557799272 0.1970651193742135 0
0.888693034718006 0.2065555309231548 0
0.8918892739660991 0.2113097115407762 0
0.8254819248762956 0.1338344958563441 0
0.8727497952731403 0.274660077299178 0
0.875901016597707 0.2822840020250125 0
0.6452701048078016 0.1292177962689211 0
0.6527380483749246 0.1300255479513143 0
0.6829628207469167 0.1214471832192659 0
0.6897042152276386 0.1208858497837309 0
0.5908538069471373 0.1725668589130588 0
0.7478628384834449 0.2725085917540367 0
1.965141804625433 0.1536755260897314 0
0.5868108387164293 0.1663065762069331 0
1.560490566504848 0.2145517735338501 0
1.585440681670798 0.2161303031658298 0
1.610390796803439 0.217708832860575 0
1.596548692380336 0.2385270015274496 0
1.660291027038542 0.2208658923005689 0
1.674133131447142 0.2000477236575124 0
1.685241142149235 0.2224444220326731 0
1.887576156718453 0.1918577929115941 0
1.628115096681532 0.3053133574139513 0
1.967120080146718 0.3041399876536671 0
1.974781414579835 0.3242079366484161 0
1.951299411985071 0.3231408024428352 0
0.6970126998344401 0.2075804164772378 0
0.8824131056265487 0.1889743204279824 0
0.8891469430085992 0.1824038165160496 0
0.8918518358341831 0.1888164146808576 0
0.8011231330973918 0.2780587320095326 0
0.8041795071514697 0.2714805710737083 0
0.7148206471028918 0.2510098876802796 0
0.7177567830202652 0.2445383797739263 0
0.5156104653314351 0.1616311416808202 0
0.5191537234420669 0.1547752482693539 0
0.5231079828952352 0.161148146533467 0
0.5609505517835475 0.1732645568820808 0
0.619601306756413 0.1198592259707976 0
0.6156382972344929 0.1142427223033913 0
0.6231028432557646 0.1149858155574318 0
0.7132374481805481 0.1227323133168786 0
0.7175937777806785 0.1166416614055182 0
0.7209182113441304 0.1234437884736182 0
0.6727651751182686 0.2813858267519106 0
0.6705090325945997 0.2869460057018657 0
0.7925742258219651 0.2790079374972553 0
0.8094750337063155 0.3007667514819284 0
1.460690104172471 0.208237658114921 0
1.485640220528026 0.2098161853994487 0
1.987376617147514 0.1981719118642221 0
0.5852272784848365 0.2247215328336217 0
0.5816853164664896 0.2313324711225632 0
0.6734814815627324 0.1147456459752217 0
0.6757506195108907 0.1205556760817766 0
1.840410020211661 0.1454858664148237 0
1.815413750266792 0.1446368563575815 0
0.6180209254420488 0.2641227261788587 0
0.7956295637166785 0.1308616005144349 0
0.8030926615549413 0.1316048231415807 0
0.6800615856160379 0.2801033711879267 0
1.80725762398113 0.2735519377381235 0
1.818435892465595 0.2948381471778708 0
0.8620860518775213 0.202618180289643 0
0.8656279200287766 0.1960065458549921 0
0.8695821954450516 0.2023795621863492 0
0.7852658130388285 0.2798563326586253 0
0.7892261209503607 0.2729594358166973 0
1.802644402874036 0.3146300628797783 0
1.786985551823499 0.3335653936577972 0
1.777756668523121 0.3133054371572382 0
1.68797523585826 0.1792295550099844 0
0.8204997935787499 0.1977951971461446 0
0.8246253752914412 0.203959902530733 0
0.8770783269970859 0.202140854972658 0
0.8791210310242198 0.1955774231722444 0
0.8830752944249987 0.201950350393204 0
0.7508493361814167 0.1264025273616674 0
0.7925416220113108 0.1240267763309002 0
0.7896682825651485 0.1150375372087348 0
0.7971314186209564 0.1157807537180639 0
0.8223940328765977 0.1269996637159881 0
0.8196851137841463 0.1179361415275797 0
0.8271481991697186 0.1186793661481361 0
0.8506354594047583 0.1964824954172344 0
0.8545902921739444 0.2028596452391646 0
0.6939156711211975 0.1276271266481125 0
0.7283987110192283 0.1241826773741375 0
0.6494685372330581 0.2731511788403148 0
0.6569122737268707 0.2720831188697971 0
0.7104144562672242 0.2776386695001781 0
1.862626041611174 0.1902792631734612 0
1.635340911924713 0.2192873625738015 0
0.5543284654600761 0.1993924508280031 0
0.7685728432273764 0.2117380315837195 0
0.7807033044644132 0.1293751654372679 0
0.7881664276608706 0.1301183840051058 0
0.8192916864039498 0.2694744436892201 0
1.851518030911419 0.1678825647941398 0
1.827664775765973 0.3150981036784297 0
0.5772294274700919 0.2116621671719427 0
0.715655700759841 0.2007728249188294 0
0.89073573874514 0.1999920991227413 0
1.496748231435834 0.2322128833698267 0
1.657556933335353 0.2640807593130011 0
0.6314079663159571 0.2830518612979329 0
0.5318398009050209 0.2001065710199223 0
1.441239421432326 0.1200672935765944 0
0.6794024815361051 0.126185107288774 0
0.6823177617045048 0.1329039422060068 0
0.6751055604684786 0.1320124350685175 0
0.7006804644996184 0.1402925647300339 0
0.6973535923581753 0.1339562220352422 0
0.7583121275168822 0.1271457990534014 0
0.7626872722546976 0.1210541993211234 0
0.8195196082056126 0.1525591025811787 0
0.6116692416133496 0.2302912029984494 0
0.7803417687660851 0.2176658976149337 0
0.7819207036268943 0.1860594740210123 0
1.665685031697453 0.1356086850623625 0
1.690696965773245 0.1362101091233022 0
1.54094434628459 0.1268330401719068 0
1.882408120495007 0.2766745918023879 0
0.876416138198636 0.1891648250074363 0
0.6430462311686097 0.1575844605734369 0
0.650543098723295 0.1573428063622865 0
0.7672784207220567 0.1128079602752728 0
0.7716072097885319 0.1063892080280796 0
0.7329827598604279 0.2745711424844098 0
0.7358135539580046 0.2676227063561663 0
0.7404252295369302 0.2735402598679775 0
1.424631970291501 0.1842624469343966 0
0.7591444911663323 0.2447111852120137 0
0.765899391158166 0.243719289433038 0
1.868624564241404 0.2965673529939394 0
0.6749729631890377 0.2210280256253641 0
0.615226163737285 0.1259508289607163 0
0.860561689298047 0.2688064948783809 0
1.796149613281232 0.2511552393590533 0
1.78230750887376 0.2719734080001492 0
1.710191257258165 0.2240229517679234 0
0.6357038848390009 0.289772176386536 0
0.5915553047731802 0.1364728930544859 0
0.6375838657086581 0.1277285938082277 0
0.6408709644961967 0.1349867381446961 0
0.6643522690107211 0.2710239241185279 0
0.6671656610776375 0.2641125571191736 0
0.6345244293989738 0.1212809855786454 0
1.801610108223894 0.1648470919314178 0
0.8680611761142389 0.1634416373703415 0
0.8647324058726458 0.1701707671061521 0
1.446848000349174 0.2290558245409094 0
1.432984916504205 0.2502056071199996 0
1.602876167316369 0.3033903798998032 0
1.618475899564909 0.2829759504361244 0
0.6211094097038955 0.1705017600412322 0
0.6286508270806255 0.17004018625643 0
0.84147788876519 0.2844456100646438 0
1.724033361665949 0.2032047831262808 0
2.050736431449325 0.180258788558373 0
2.061844442149081 0.2026554869376893 0
0.5243435792443486 0.2003446112009123 0
0.6636421235752135 0.2154166247727527 0
1.957219248292107 0.2826389004869703 0
0.7327768071469822 0.1180903471766572 0
0.729903987013062 0.1091006293266755 0
2.091375548087064 0.2038080981848029 0
2.077915963999781 0.2248782809669697 0
0.7150040659699959 0.2835553324316312 0
0.831762634826807 0.1899094408602194 0
0.83919492139515 0.189564148362189 0
0.7817716971073996 0.2855881790643525 0
0.8842387182147483 0.2833061460383942 0
0.8954624596586933 0.284670289682631 0
0.8255391845659671 0.2443336145195207 0
0.7312204631090287 0.2617923223076771 0
0.7386629327855311 0.2607614396912448 0
0.7450320443858682 0.2794570278822802 0
1.646448922626806 0.2416840609489622 0
0.5748355198289662 0.2442926148392455 0
0.5708102874438112 0.250330736373326 0
0.8051738369476833 0.1983217017419325 0
1.632606818221524 0.2625022295862337 0
1.980701250886871 0.2837060346925512 0
0.7886913443911707 0.2308113258749394 0
0.6321695315002319 0.1635593575049344 0
0.8822893541442921 0.1760096391894502 0
0.8917280843519266 0.1758517334423254 0
1.416093782188752 0.1187325345662557 0
1.429967132896041 0.09775226200792082 0
0.7546445842801492 0.1659486045082 0
0.6712904536561058 0.2273114130129611 0
0.6674558355525565 0.2214619721030172 0
0.8405120632726193 0.2928237814642438 0
0.8757603964049319 0.1761933225026736 0
0.6125522225141666 0.1074077264348069 0
1.435739988495994 0.2066591285811579 0
0.6311176435825272 0.1135364073225353 0
0.7739574184649661 0.2421675367127491 0
0.5570605879141288 0.1667516748815621 0
0.5168473575794795 0.2005826513853377 0
0.570844992750922 0.2376296175387708 0
0.7142612635965706 0.1093205296989552 0
0.7219420267601526 0.1100320048556948 0
0.7576436422677881 0.2829525562013225 0
0.73012549948988 0.281517027631594 0
0.7349791973817829 0.2898149847470525 0
0.7275102614323092 0.2908433163824254 0
0.6599596140422817 0.2217000121603497 0
0.6563176661981084 0.2282173594932106 0
0.707339725187037 0.252024544467725 0
0.7031133049421384 0.2464845563860409 0
0.6170673207273725 0.1645406025233397 0
2.039946370832991 0.1580850130306686 0
2.028823649723243 0.1357458790012482 0
1.391143757260038 0.1171542069675375 0
1.720357875727638 0.09613566535328243 0
0.7136141275560138 0.2383719808137204 0
0.7208958930451116 0.2377114884981001 0
0.5026788051015344 0.2270042134800712 0
1.768212154496033 0.291694727071731 0
0.807467852779072 0.1255132159678305 0
0.751716691644857 0.2457493093869823 0
1.607367888856362 0.2605792520720855 0
0.5780902900034787 0.2379199392818198 0
1.582417773723721 0.2590007223773403 0
0.658254619106686 0.1566674133925449 0
0.6657913945253253 0.1565235360247027 0
0.5120685031070479 0.1682420801391574 0
0.6466014446025159 0.2802097082790012 0
0.592723499995143 0.2244834927762632 0
0.6522503659742059 0.2866533332866124 0
0.8416332007388472 0.1221498854928907 0
0.8469826577798137 0.1139938062352793 0
0.4704175070996414 0.149760319207938 0
0.8002259221121425 0.265366864667088 0
0.8078708955301148 0.264736395085469 0
2.066487887726112 0.1186460286956341 0
2.095160048170588 0.1186054356563005 0
0.7265714728289541 0.1017794976201125 0
2.034449620311774 0.2443699814810602 0
2.00949950520451 0.2427914517429013 0
1.790455942686546 0.1431799132329918 0
1.568508700048129 0.2796055302543042 0
0.7443481643851071 0.2875467444339123 0
1.712922008254931 0.1808609193720592 0
2.089672353489579 0.2471274492791921 0
2.060141247551596 0.2459748380320785 0
0.5085265408535073 0.1748530186216632 0
0.7865337128708837 0.1078756041025413 0
0.8748065452582239 0.2338322861510271 0
0.8787607634524428 0.2402048781070398 0
0.6414657706921216 0.2290209905092373 0
0.6376114970260204 0.2227416832337087 0
0.6447683788180267 0.2878096473918671 0
0.5128930974950971 0.1942097536407999 0
1.978969198622949 0.1329149217984699 0
1.410789866468203 0.2050806133603851 0
1.752553303445496 0.3106300578497498 0
0.7101357324591785 0.1002406423255779 0
1.701813997555355 0.158464220992427 0
1.76582368546635 0.1420449260898033 0
1.779627327509248 0.121834690515967 0
0.7243747742483639 0.2985812988408868 0
0.7195210763564611 0.2902833417254283 0
0.741483725240498 0.2538182707806272 0
1.967875898333179 0.1104606590692572 0
1.992830094153019 0.11179974217317 0
0.7118685787860508 0.2912933148900926 0
0.7080993454650322 0.3005215054528244 0
0.6900526040091089 0.133405709813393 0
2.046206009801572 0.2666191497932825 0
1.995657400797004 0.2636096203840593 0
0.8427368834135189 0.1829532100732308 0
0.8466811043666391 0.1901088885872248 0
0.8342323121421571 0.1216512807376483 0
0.8119617580511556 0.1185449879544758 0
0.8167159243442765 0.1102246903866238 0
0.8685140447072287 0.1764233964628864 0
0.8614338705709755 0.1767692408268657 0
1.740877920120539 0.1403976443636402 0
0.8616736429334024 0.1896335170709429 0
0.8541774214231272 0.1898715571282762 0
0.8577192878952833 0.1832599102409333 0
0.8539376490607004 0.177007280884199 0
1.715643738169915 0.137841473485377 0
0.6857556829414826 0.1392330375931365 0
2.005558232651615 0.2851107075507561 0
1.745592057678261 0.09869183623154562 0
1.729760888338429 0.1181435324945153 0
0.8691697865009327 0.1893948989676491 0
0.8724618611032616 0.1827917962233871 0
0.7517857733316216 0.2865150763199714 0
0.7850646546029151 0.2672250669093326 0
0.8782221809245343 0.2269516383905601 0
0.6813350430709162 0.1824370969195116 0
0.7569597622670269 0.2910422727529546 0
0.4741823202243887 0.156675877896236 0
0.4779209503889855 0.1497497134397817 0
0.8850866887577071 0.225364443456872 0
0.5089388378478756 0.1878368555369358 0
0.4560356361717764 0.1637470652655336 0
0.4487949963148323 0.1640478463776933 0
1.385839737474242 0.2035020904459645 0
1.396947755678735 0.2258987720927258 0
0.7923730673860517 0.2663766717479626 0
0.5049845778353664 0.1814639577338518 0
2.055727647830874 0.2931986477797962 0
2.082761297871055 0.2929849363262713 0
0.7960644557646969 0.2596324957597233 0
0.8044986633392022 0.1178017648268746 0
0.80162532389304 0.1088125257047092 0
2.030036020591051 0.2915937912287779 0
2.015079870680918 0.3116902055372698 0
0.5766164512450405 0.1349725611650461 0
0.5722725029690882 0.1411596363130816 0
0.5840912377041858 0.1357142674822344 0
0.4631369126526645 0.1632974238227737 0
0.5014426154057197 0.1880748963608427 0
0.4979006514402916 0.1946858362494558 0
0.4706331345438143 0.163059383449727 0
0.5872083910456971 0.1423721220623263 0
1.360889594730518 0.2019236409883756 0
1.347047472941268 0.2227416654328474 0
1.358155528677842 0.2451384049468439 0
0.5723942366196755 0.1066503277956345 0
0.177334549507328 0.2611377942531288 0
0.1780295462326251 0.2580811388854182 0
0.1800878106985533 0.2601743841384432 0
0.5800953358928371 0.1073730557307385 0
0.4939463914277823 0.1883129384463718 0
0.4670911702614343 0.1696703236081084 0
1.335939440987013 0.2003450572429178 0
0.1766138573493797 0.2640472350124129 0
0.1745555928834515 0.2619539897593879 0
0.1787787408905351 0.266080625325866 0
0.1820268755010156 0.2650448433111145 0
0.1814128024182944 0.2678944291308266 0
0.4617539511144725 0.2347670533280281 0
0.4583275334612322 0.2413062976613012 0
0.4710454205796552 0.1760432294147231 0
0.4785416491401876 0.1758051835254941 0
0.4829081942688279 0.1951619279899632 0
0.4864501667950727 0.1885509810754557 0
1.310989243063062 0.1987663619567372 0
1.324831364852312 0.1779483375122654 0
0.1759997842666585 0.266896820832125 0
0.4726945864442487 0.2279785911046424 0
0.4749996775672588 0.1824161297051555 0
0.4651983013956225 0.2282166745043008 0
0.4789539336015464 0.1887890307304339 0
1.286038981057713 0.197187656856001 0
1.274930701823328 0.1747902945593036 0
1.288773411205538 0.1539725667140283 0
0.1303276120328224 0.1701554961172809 0
0.1311522516283689 0.1672709296692328 0
0.129064494494671 0.16510460067153 0
0.1732104511404249 0.2678802331573719 0
0.4687402608168205 0.2216057386621965 0
0.471457705041014 0.189027076619663 0
1.261088515952681 0.1956083091892198 0
1.255682027599404 0.281057542146098 0
0.1703247274209782 0.2687179526711237 0
0.1709491770060563 0.2657011500324238 0
0.4647859853875123 0.2152328551223463 0
0.4679157009885702 0.1956380496807481 0
1.230770803561471 0.2788466921472698 0
1.241912572973148 0.3007236271661913 0
1.236137870807385 0.1940295401576908 0
0.1393669760579019 0.175827830244901 0
0.1416738558866896 0.1783250077519706 0
0.1401952274961668 0.1729441797576736 0
0.1673626320482329 0.2694582214084052 0
0.1696239061826015 0.2716373045333533 0
0.1430194135196099 0.1721637094767104 0
0.4643737179543346 0.2022490049496962 0
0.4608316476304256 0.2088600301674072 0
1.192022272227526 0.2973542522912401 0
1.206143668256703 0.3161312065108323 0
1.181164591549015 0.3149726816347093 0
1.211187223052137 0.1924492242098459 0
1.20580352034074 0.277497219369635 0
0.5421533517311523 0.2619781978363315 0
0.125879554228785 0.17673019851606 0
0.1287770683866173 0.1759968710674782 0
0.1296080353099001 0.1731137026945716 0
0.165187212203089 0.2673934009767341 0
0.1644863909647123 0.2703127528389636 0
0.5513237926577232 0.2739289801030199 0
0.4568773705779298 0.2024871469342657 0
0.4529231140843653 0.1961142515219982 0
1.197341063945603 0.2132665040837528 0
1.180824443633052 0.276338694493512 0
0.5549364051489675 0.2672235676185831 0
0.1630193548678743 0.2653287766512532 0
0.1658955959513949 0.2644742452206948 0
0.4493810437604563 0.2027252767397091 0
1.169642983939518 0.2548973634712 0
1.183496157370498 0.2340832681582767 0
0.1366732718052234 0.1847458600275557 0
0.1357096159543762 0.1875939329508264 0
0.13642116430375 0.2383988535608969 0
0.1335611342210691 0.2392162748888213 0
1.36913697168851 0.2681239883820986 0
0.1398300741176768 0.1843648828292324 0
1.382979069695442 0.24730583261356 0
1.407929198689403 0.2488843555279805 0
0.160834985555201 0.26326923684974 0
0.160126601806895 0.2661883926057794 0
0.4418844751007537 0.2029636516876694 0
1.15853344956375 0.2324989700575698 0
0.2498904596702048 0.1587172264586053 0
0.2493688816442775 0.1618027395560783 0
0.1586352464396866 0.2612099984957983 0
0.5158268369078922 0.2913283414676519 0
0.5139680342601693 0.2991992580293393 0
0.5232558532604749 0.2902993340615582 0
1.352371469479064 0.1362527315008862 0
1.340774978461872 0.1136253130919223 0
1.365869529850417 0.1152634925285288 0
0.4343880472323594 0.203201929177309 0
0.4189841489863936 0.190693515486004 0
0.4264799641223308 0.1904557311266687 0
1.133561710988022 0.2309090924919691 0
0.527370802571828 0.2965889542250065 0
0.1251679639981209 0.1872395611533206 0
0.1259992553867959 0.1843465515350533 0
0.2470268941517553 0.1573066968521935 0
0.2500626374113928 0.1558185914429407 0
0.154272692235349 0.2570908065212658 0
0.1513975694821692 0.2579073505695094 0
0.1520906075602472 0.2549885101204771 0
0.1564539572712112 0.2591503955788142 0
0.1557609433257463 0.2620692498872821 0
0.4268902533421585 0.2034415866434168 0
0.4229381163941659 0.1970667206660559 0
0.4195345911747166 0.2163986816701388 0
0.4235616289949914 0.2224101904719521 0
1.097364457370427 0.2068547147298451 0
1.080895813457301 0.2705653921382842 0
1.092148705947587 0.291555121072197 0
1.108558794935238 0.2293068643568344 0
0.2445675616907352 0.155625033312157 0
0.1571469953492892 0.2562315551297819 0
0.1987796833442992 0.1237174643038872 0
0.2017441225058481 0.1232565703923406 0
1.31544647737683 0.1119204287825424 0
1.302471286786617 0.1330950216331257 0
1.31357904250944 0.1554920971451822 0
1.338529240433391 0.1570707924313628 0
0.4158405153657835 0.2103026583224679 0
0.4193944382062212 0.203679371002752 0
1.069537100578632 0.2484607031343127 0
1.083480106462392 0.2276564594732344 0
0.19688174691292 0.1215616737542854 0
1.379547266242846 0.09452678855857354 0
1.391976395927426 0.07244674008505411 0
0.2423116498745483 0.153806478716365 0
0.2449431600767564 0.1525895072407369 0
0.1527633207246082 0.2413153226271476 0
0.1498429182100632 0.242125355660878 0
0.1505641322041317 0.2392702457036215 0
0.1579216881949502 0.2532980345775717 0
0.4118883784177909 0.2039277923451071 0
1.058342763013821 0.2260085535073234 0
0.129123464138184 0.2241423455545706 0
0.1262507296897737 0.2249936099471782 0
0.1388046454519989 0.2159390604206124 0
0.1382302842208294 0.2187165310405442 0
0.1406036084743468 0.2210417558157479 0
0.131298585296795 0.226207350426322 0
0.2403010129934566 0.1489150100488431 0
0.2405983941636413 0.145977275562372 0
0.2429846294307543 0.1478332181584739 0
0.239964582964026 0.1519114045510819 0
0.1548932973186952 0.2433173036399768 0
0.158628490013284 0.25037276667682 0
0.1556725321317608 0.2512466981714818 0
0.2595048970608872 0.2210797762901932 0
0.2610761078336186 0.2185615158931579 0
0.1139730100451553 0.2779103284490915 0
0.1108743332159132 0.2744635191980819 0
1.499322431521952 0.3429987274365081 0
0.130582203212472 0.229152193165729 0
0.4044002627501694 0.2041721765317211 0
0.9938678456435945 0.2857032074933123 0
1.005631205307692 0.3078214756280434 0
0.9821840087852781 0.3066993929224732 0
1.010909366779915 0.1794944556786348 0
1.032941780251163 0.2241343132587845 0
0.1324317752189788 0.2020264833172814 0
0.1316235164021385 0.2049051444801369 0
0.2331983731938096 0.2697323374809174 0
0.2314441306647787 0.2722344640655989 0
0.5789080279747782 0.03848578980881892 0
0.5604856999268049 0.03770700057878495 0
0.1350295415570932 0.2012253482693466 0
0.2925713054301615 0.2865882231463437 0
0.2900903437068717 0.2909403332367984 0
0.1292102451877236 0.2349369502513029 0
0.129897813084365 0.2320486063821365 0
0.2375783476969131 0.15005546195498 0
0.1592884737674318 0.2474433652129975 0
0.1570619109284727 0.2453928024831399 0
0.1542107203403172 0.2462459314275671 0
0.2579429615877496 0.2237569213132667 0
0.2609056075890016 0.2237066021691767 0
0.2470634296081229 0.2423147492869803 0
0.2608840962155753 0.1866140177528855 0
0.2620516540307004 0.1840477375363496 0
0.1277392327002547 0.229956408371244 0
0.2605525022589316 0.1814429089623899 0
0.2140454887473777 0.1340856429804261 0
0.212059681250004 0.1316381624899874 0
0.2090995203361501 0.1321294666513093 0
0.03192836535590485 0.09982678225257352 0
0.3969171934005641 0.2044017915111729 0
0.9820842699269329 0.2638829558064396 0
0.994275862665553 0.198287022295032 0
0.9837014260732015 0.1763256486244994 0
1.007615847052476 0.2223203080871522 0
0.8183178975099262 0.2432121300175878 0
0.8113165546028005 0.2430560655033044 0
0.2433408807472365 0.3178570927833053 0
0.6031233522286894 0.2661714234247998 0
0.6105425278925873 0.2650676514702929 0
0.3657618854971861 0.2570850974845542 0
0.3692073503107111 0.2634151603806084 0
0.09483022445878325 0.18738626608434 0
0.777125727926629 0.2236920688248855 0
0.7823406454370785 0.2293647356817455 0
0.7748546715986351 0.2292247856483542 0
0.2666581856532528 0.1313133339947143 0
1.22872456380558 0.08617989130730284 0
1.216235453391437 0.06418733683400489 0
0.2123477807660155 0.09424512839492395 0
0.2165416581946156 0.09360427225461496 0
0.2361987484608014 0.2699891487981781 0
2.017775308159714 0.1134557383159609 0
2.042675563440168 0.1149476124148264 0
0.7897218908499164 0.3890966783841724 0
1.013487367069123 0.3896252786713962 0
1.038416687170712 0.3896252786713962 0
0.913057188494125 0.3848059067680562 0
0.9379865085957029 0.3848059067680562 0
1.062746074883842 0.389298539806218 0
1.087675394985401 0.389298539806218 0
2.112799710276172 0.3863683409175765 0
2.137729030377677 0.3863683409175765 0
2.013030099238891 0.3884105754930605 0
2.037959419340396 0.3884105754930605 0
1.263508263802567 0.3895478336553881 0
1.288437583904052 0.3895478336553881 0
1.417330025423385 0.3875218592590845 0
1.866156133557771 0.3927365971104024 0
1.891085453659234 0.3927365971104024 0
1.113396063887008 0.3901625660058904 0
1.13832538398847 0.3901625660058904 0
1.716327101449603 0.3908571376957681 0
1.741256421551045 0.3908571376957681 0
2.062888739441856 0.388410575493098 0
2.087818059543274 0.388410575493098 0
1.567155826242231 0.3890241172195981 0
1.59208514634364 0.3890241172195981 0
0.3898325587831884 0.2304310246821943 0
0.3970926240453103 0.2301120588813334 0
0.386497405440177 0.236718642125693 0
0.389489346635864 0.2428664554986281 0
0.3824500922528008 0.2428310025393362 0
0.7924514133639193 0.02344937000357947 0
0.7675318374067008 0.02344937000357947 0
2.08883414814032 0.02606609024820825 0
2.063914572182878 0.02606609024820825 0
1.240896210467698 0.02151140269287246 0
1.215976634510334 0.02151140269287246 0
1.316209510778976 0.02310301747654034 0
1.191122829283184 0.02135176195622885 0
1.166203253325821 0.02135176195622885 0
1.785583933394775 0.01900623967235669 0
1.760664357437413 0.01900623967235669 0
1.494364013416173 0.02458020471075668 0
1.640408772873234 0.01961404875197784 0
1.61548919691589 0.01961404875197784 0
1.935159292003845 0.02101408201616395 0
1.9102397160465 0.02101408201616395 0
2.139951434274868 0.01949687892481857 0
2.115031858317535 0.01949687892481857 0
2.038022756276997 0.0215809858305529 0
2.013103180319702 0.0215809858305529 0
1.041254765172137 0.02038567561750091 0
1.016335189214905 0.02038567561750091 0
0.8663528852699323 0.02400132551694484 0
0.9924568331694481 0.01973781993995623 0
0.9675372572122249 0.01973781993995623 0
0.2879320155702927 0.1105966060277757 0
0.2306500422061418 0.2642964034127702 0
0.232368004029134 0.2618335162221646 0
0.2264009337835207 0.2613589840943145 0
0.2276554319120146 0.2640411399155402 0
0.3163151847138779 0.1642678341159256 0
0.3195668061132314 0.1681432131043042 0
0.3141082326543739 0.1686364735880039 0
0.2417147944725997 0.2573169335399754 0
0.1355852666716786 0.357327761791187 0
0.1412020916306068 0.3616058164027848 0
0.1676493970481405 0.139232085358997 0
0.2348162109297015 0.1512138373450718 0
0.1599710507458098 0.2445147374254072 0
0.2551188871842464 0.2238083306202398 0
0.2565195977123607 0.2264351564992232 0
0.2443355967970295 0.2411688533394224 0
0.2450425900093178 0.2436257773897021 0
0.1706068611622887 0.1387166287629115 0
0.2310852950233624 0.2591220133839506 0
0.1461194998856869 0.1351625578177106 0
0.2342423539431209 0.2432130622578371 0
0.2373237186957985 0.2436700990313118 0
0.8220558523909636 0.2507095088722216 0
0.7322335539152862 0.2425874483766927 0
0.7367492006288823 0.2481140324689175 0
0.744163083932825 0.2470012476067892 0
0.3816292734787181 0.1922550755697029 0
0.3848632908770179 0.1855252448752941 0
0.388843362133574 0.191634850597542 0
0.3099242718118288 0.1952638947774689 0
0.3132455403305855 0.1987456711404379 0
0.39303770732913 0.198078977345285 0
0.3962717247274298 0.1913491466508762 0
0.3245482643251119 0.2794663597845117 0
0.09508706707037226 0.2637737636532604 0
1.09796154333627 0.3694611058121087 0
0.4982570261851826 0.1323992284188969 0
0.2724346830911444 0.2650672479735521 0
0.1501981914031074 0.05724974346803739 0
0.6912196197270366 0.01820353138127391 0
0.7155795664259522 0.02266092310261137 0
0.1137574428955432 0.1408596486842856 0
0.1148710165697948 0.1370857200358022 0
0.03592801606737607 0.1370821860348719 0
0.03432481979605096 0.1452730573220559 0
0.1686541874664075 0.1283501063110162 0
0.1716133863782267 0.1278459846787136 0
1.203882502087855 0.0428631646491013 0
1.004931668337059 0.04012349555745715 0
0.1786810108673759 0.255831281231443 0
1.108155941605077 0.3495323133116349 0
0.1726451324900133 0.1250297496654904 0
0.06192983067807561 0.1371305361392072 0
0.1535100292915921 0.249127835139858 0
0.1513414156818146 0.247052336296695 0
0.192673521047936 0.2749789340207486 0
0.1456208459987045 0.2485682784789131 0
0.3859620651550147 0.2112111372311183 0
0.3894888308067083 0.2046874954578386 0
0.3214917408531462 0.2418630107989871 0
0.2313281612622758 0.325371980477501 0
0.1528032274732583 0.2520531030406096 0
0.9690615141678438 0.242028272196205 0
0.9573978933620912 0.2627264411775075 0
0.9804079063457624 0.2191515010330168 0
0.2046235813235695 0.1224913817567614 0
0.2075851015596569 0.1220086684599831 0
0.2027627410819012 0.1204538610564565 0
0.3807115484642355 0.179500317583889 0
0.1688883451286683 0.2635463819225333 0
0.1717740688481151 0.2627086624087814 0
0.5539414868113063 0.1330065961830761 0
0.5465626482360972 0.132417069398095 0
0.13261601571711 0.1533599960974788 0
0.1354716217268202 0.1527236909620319 0
0.1345436653159718 0.1556534380956562 0
0.1530058709380713 0.3118043594605736 0
0.1568024704797297 0.3149269760695752 0
1.571999242977307 0.0888516078729728 0
1.596887366748831 0.09152826346349326 0
0.7104387648656862 0.181747581049859 0
0.7132427316144365 0.1747519700725726 0
0.2639174654799556 0.1254340287054801 0
0.2598551486531769 0.1255804449740194 0
0.2312907427291455 0.01348263945098307 0
0.2251750042927771 0.2588041385544508 0
0.2281528102482721 0.2590331799067457 0
0.05686133028656483 0.2900113805989499 0
0.05221290253783763 0.2841124639318104 0
0.05911377089582767 0.2824656117407321 0
0.1587596361384787 0.1406830716560753 0
0.1557913752666756 0.1412770356549892 0
0.1911241135493388 0.4055265680330889 0
0.2487086634146212 0.2860724666646459 0
0.1927204405738969 0.03351568732506751 0
0.195577490606137 0.02833822660668055 0
0.1112190681723282 0.246177298709528 0
0.1084925840283515 0.2435331022914636 0
0.2635754845704809 0.1429765694614164 0
0.2828327375400908 0.1772782058255005 0
0.2845328438797785 0.1799375374771886 0
0.293192828629484 0.1188967815271466 0
0.1692281132346281 0.09702296995130631 0
0.1530895574148107 0.2293602267026912 0
0.3132162226067949 0.1346997945171053 0
0.253540111489004 0.2497922609793791 0
0.2076997379448501 0.3033033183510953 0
0.2298593655326188 0.2565671678440869 0
0.8684286870727964 0.2686509114305284 0
0.8756812051942284 0.2681263569704421 0
0.2776834894759265 0.2950465557277542 0
0.2750279877996042 0.2993396823781765 0
0.8890679818626583 0.3882126571010683 0
0.1507055520430906 0.26088883846535 0
0.1485234673679889 0.2587865420645614 0
0.3012026354156275 0.2021634525591227 0
0.04420782120967352 0.2072494597021675 0
0.03988028354731499 0.2123141780747892 0
0.1978286425839544 0.3148741913392805 0
0.2021217272312489 0.3135627959363083 0
1.265823224085178 0.02212192168099763 0
1.290742800042524 0.02212192168099763 0
0.2284111406823887 0.2539275785721638 0
0.3429733631956946 0.3218646218958087 0
0.1456049035536304 0.2596155543802054 0
0.2321121327041382 0.1523646853807362 0
0.2297163055428897 0.1506700395591979 0
0.1627826001326825 0.2436833848544173 0
0.2508127468386565 0.2265606734513153 0
0.2521767525670422 0.2287785697267724 0
0.2521372212798632 0.2239042721265497 0
0.2420135729125643 0.2394973614842239 0
0.2681020188845025 0.2263243323125663 0
0.2207687636435965 0.0929186159159625 0
0.2251405407254102 0.09294727270385257 0
0.1264664652760629 0.3880231403572059 0
0.1332695355898145 0.3893805918005442 0
0.1280995710708172 0.3958666962549288 0
0.4518636177487163 0.01113982079237894 0
0.09740688238751184 0.1796973540672087 0
0.0238529344987676 0.163170188973224 0
0.2639518387203447 0.2183891160076555 0
0.2552127051958109 0.05259499035284994 0
0.2610091182907998 0.05339461268159649 0
0.2588355364391722 0.05800628389468539 0
0.3224300179713833 0.1723042349248649 0
0.3251636344094651 0.1763803845894354 0
0.234635242747352 0.3391638651892874 0
0.1308383134811484 0.1592304605583891 0
0.1338457538409962 0.1583668462775758 0
0.8641386617610691 0.3882126571010683 0
0.1407112490800989 0.1871487236205822 0
0.2832579652115039 0.05273843021317638 0
0.1156992696711754 0.2002426732761624 0
0.1294845426071091 0.1540427868389729 0
0.1304124990179574 0.1511130397053486 0
0.7074320611428043 0.07657951335312405 0
0.723974607095889 0.06348717777336432 0
0.1469355884639194 0.3660735298185469 0
0.1528612113851547 0.3705733188587192 0
0.1304815568957377 0.2077090026352752 0
0.1296888611372269 0.2106091024799479 0
0.5155887947725344 0.3077538582809199 0
0.5220895604076823 0.3054522774019713 0
0.1683126956541279 0.1209189998430314 0
0.1653342664056578 0.120289389106209 0
0.09901700197478905 0.2664143805258237 0
0.1782678774123104 0.1397242696997476 0
0.1763711531380672 0.1375070301842455 0
0.2263518467781665 0.1242180048311173 0
0.2244757558216803 0.1219302451273972 0
0.3334726856460205 0.1382242675325635 0
1.564054961666813 0.06687560558149593 0
0.1160671138932457 0.1331409808755956 0
0.118023996228082 0.1295559258895935 0
0.1206557809159553 0.1328219105635802 0
0.5261138716957248 0.08410732309534262 0
0.2832992552731148 0.1883652832202947 0
0.2849477948884746 0.1911035476077616 0
0.2781375217319111 0.2456576515357745 0
0.2814495759030161 0.2465479596477312 0
0.645490192542343 0.2352109185081122 0
0.2106174088166042 0.07075075913381405 0
0.2075005051777422 0.06594267828632554 0
0.2127120159050727 0.06705801201047649 0
0.1548898650394276 0.1441596422028556 0
0.3288233256575689 0.1103238198599953 0
0.3353031356012264 0.109678390243647 0
0.173413122761903 0.1380105305951879 0
0.1318606831418497 0.2126891094678572 0
1.119124766415846 0.3311401515142566 0
0.1622420823428791 0.05537007561505029 0
0.2696886413405838 0.2236582493416459 0
0.2712373128766752 0.2210541722640061 0
0.05887751251164302 0.148974385588986 0
0.1147569584861717 0.1257600564781543 0
0.1100803689091181 0.1267740949189294 0
0.1114019981899174 0.1226591551954747 0
0.3166407336284049 0.2508124371092113 0
0.1604985805533799 0.3182905516895032 0
0.164418783716478 0.3214959179653538 0
0.1550679179562303 0.2649881088778959 0
0.1528866287877549 0.2629285059609117 0
0.4014643144381175 0.1438571968093214 0
0.396978135249474 0.1378214016847796 0
0.06081625976104837 0.2763764844630857 0
0.06546468750977558 0.2822754011302252 0
0.09461215874568413 0.1499774448258266 0
0.01687026926764231 0.2258125355509966 0
0.01585193234437264 0.2340286441229137 0
0.4486611395510905 0.06674807683559651 0
0.4423696805832327 0.05548648577105106 0
0.2279715764210355 0.3863265738482465 0
0.2323398101029358 0.3799322309324324 0
0.2353963829071143 0.3880367078073104 0
0.1055855794436038 0.2407963781722771 0
0.1033647614765012 0.2375819566585566 0
0.1072830536153949 0.2367807015740632 0
0.8840345230023472 0.2459369694353354 0
0.8909604410226593 0.2520688220712022 0
0.6156631654822583 0.2366014604571766 0
0.5681381285264651 0.1603683462515207 0
0.5755774397945476 0.1601876256683899 0
0.7260533560825199 0.3099871346672136 0
0.7180641710066717 0.3094271600102165 0
0.7097779272991881 0.3119273412791512 0
0.3681444083214065 0.3181125458953204 0
0.1567550224652771 0.1303485360752567 0
0.4360988602095645 0.1553450732260786 0
0.2983733998864191 0.1271177233116334 0
0.3893426760025177 0.1394967288813098 0
0.1774520008590073 0.09595772134098467 0
0.3612469430016433 0.2513550071551523 0
0.3689460352624364 0.2513743214669751 0
0.1346097334430557 0.2119728404215607 0
0.2862777023708868 0.08283141831910164 0
0.2827841507008161 0.07877114264695044 0
0.2222306117497202 0.3562767386389822 0
0.2199132003823548 0.3518797769234052 0
0.2264147276900496 0.3522142497426516 0
0.2459714276020643 0.1668149939409896 0
0.2486771363037263 0.1666265045979524 0
0.1998994698691365 0.3027535654811889 0
1.753035063587399 0.05734822421751306 0
1.761559716629195 0.07842116874661406 0
0.1485365932499595 0.2478258706562354 0
0.1492372842986845 0.2449439669439445 0
0.2669936963486623 0.1482496922313652 0
0.269564332011934 0.191606253626986 0
0.7851237778969473 0.1797271022291984 0
0.2018183351956061 0.2575740910645343 0
0.2032209564821668 0.2599996665741871 0
0.3261720367130631 0.04310365549316155 0
0.3196708501688266 0.04957956880258577 0
0.1863151762605592 0.2883795360881442 0
0.2163564671513674 0.04579381808198003 0
0.2105832374372203 0.04721675391207276 0
0.1702918134728484 0.2497610009780022 0
0.6645015019763256 0.3246993523429346 0
0.6482344567700837 0.3314805112947128 0
0.3165519043430159 0.05549677058200029 0
0.3131772217978659 0.06242193351864765 0
0.3765368781253633 0.173600498050108 0
0.2295108266390723 0.09230860949527996 0
0.2339633219197973 0.09115724792201553 0
0.2322937286469052 0.09576131464079568 0
2.096450887420201 0.273957520400798 0
2.107314548249862 0.2987184503827684 0
0.3648100721475034 0.1321707207207854 0
0.361336835342662 0.138374169175563 0
0.1689040246333883 0.2746240021110165 0
0.7116632871185016 0.08971146042176491 0
0.7201370672353679 0.0921816912453189 0
0.7280990274882773 0.0912503157162995 0
0.1424178122563446 0.2947808891399216 0
0.1325866440364748 0.2421613287002416 0
0.1217864140478014 0.1364624599072997 0
0.2724610360737039 0.3121835307355099 0
0.2781957152479382 0.3119658793338702 0
0.09989206236564029 0.172141994581566 0
0.6388974420861304 0.248588115283757 0
0.7114504904238128 0.1944055670443733 0
0.2556209525526492 0.1868202320327506 0
0.2558920524303878 0.189976779961756 0
1.191381648164286 0.06402769609736128 0
0.3279801943711114 0.1807017769036257 0
0.3307338087732193 0.1854427739236162 0
0.325580701331999 0.1854051489255139 0
0.3820825790835806 0.2048883230652304 0
0.2627733034618167 0.3034051460736987 0
0.260023770836735 0.3073670541137724 0
0.2750766057045024 0.2398587093552635 0
0.1627580945181065 0.1295315613212233 0
0.165726376101468 0.1290287940847671 0
0.2904383194258993 0.231698097467467 0
0.1336352063009864 0.2071732813685561 0
0.2667154717670031 0.2236777718786974 0
0.126742100804739 0.1628618112665018 0
0.05883889248050612 0.2653225791242688 0
0.05873334736747504 0.2722206782225562 0
0.1587206590512006 0.3752569867009261 0
0.1649919524556566 0.3798510894048616 0
0.2630724129882754 0.2343075819206295 0
0.1193456255088813 0.1254409861661388 0
0.1204629553628996 0.1207633737727232 0
0.4931299501802383 0.401442460233827 0
0.2610278114416105 0.2081683819486827 0
0.2602155549012614 0.2113362059925155 0
0.07931945110903088 0.07395676914383449 0
0.08574434917084023 0.07314869386179858 0
0.08347843549342605 0.07987463919926983 0
0.9557215297809207 0.2179949864040848 0
0.8415125770112762 0.02253755672658871 0
0.2704144820265192 0.1534657359430698 0
0.8165930010540796 0.02253755672658871 0
0.1445256667705569 0.1414492981602061 0
0.3369441498389406 0.1433361118275571 0
0.2170054978441159 0.3931839196305808 0
0.2256172943353202 0.3914273771915597 0
1.794841165967202 0.3550161799639171 0
1.769953431616286 0.353691554241377 0
0.9237906162254411 0.0924215647300609 0
0.9194001335935312 0.1095482393371914 0
0.1683279534643786 0.3248646521887518 0
0.1723480466459265 0.3281285901396685 0
0.2103541421735984 0.1213721414062692 0
0.2133172584967141 0.1208732441322647 0
0.2315041256913608 0.1581309892318519 0
0.2338556698156757 0.1599639407373638 0
0.1898538765612575 0.2509802767198068 0
0.1878379858421892 0.2528143256904398 0
0.1868580625480872 0.2505804445717291 0
0.251309396989136 0.209914497928854 0
0.253676763481316 0.2119786031017108 0
0.251113762093276 0.2131901519057013 0
0.181261863017663 0.2489008427739041 0
0.1841641093430225 0.2498043300209794 0
0.1523882249091904 0.1784740542413313 0
0.1511202496187947 0.1759311541297738 0
0.1536835813298305 0.1757629129006958 0
0.2517790044349192 0.2071505864738878 0
0.252136821319221 0.204295063772363 0
0.2130782704179712 0.1493753502967702 0
0.2102422054540665 0.1486778784801799 0
0.2451330901469643 0.2266181924897004 0
0.243623710938921 0.2288626924561513 0
0.2385174381255911 0.1639804467643607 0
0.2359460943038102 0.1618320582817758 0
0.1619251036096091 0.164052349463252 0
0.1640307389457747 0.1619360281412486 0
0.2044256572795465 0.147847656987009 0
0.2074782940078297 0.1482082710366284 0
0.2523455046293187 0.1984643094034761 0
0.2546395207022084 0.1999602612643832 0
0.2522940160728898 0.201495951860907 0
0.2016265453701606 0.1476904622335735 0
0.1984838062408872 0.1476548827410513 0
0.1640061237705653 0.2380784042663794 0
0.1618724887030656 0.2360631004949429 0
0.1735027025355571 0.1548307703118411 0
0.1708502061526752 0.1564948311192818 0
0.2435625702953393 0.1711303208962646 0
0.245139242189879 0.1734508189447473 0
0.1759564109814363 0.1534746535944907 0
0.1785832272399309 0.1522509257019057 0
0.1661211634249307 0.1600679106208688 0
0.1685637630242115 0.1581171490287084 0
0.2419402523859127 0.1688438777678009 0
0.2403855556459709 0.1660708712435166 0
0.243234233848489 0.1660892390290254 0
0.192613128521296 0.1481555757117322 0
0.1956846943443862 0.147812077493035 0
0.2338375394945695 0.2399678761141381 0
0.2315793044791466 0.2423367603168161 0
0.1898492170923292 0.1486251831498529 0
0.1865804550130472 0.149486992368206 0
0.1811733441522614 0.1511780641533285 0
0.1838865018163344 0.1502631069110503 0
0.8941673622331449 0.06138530917507102 0
0.9204860092734135 0.05737743195344124 0
0.09661829380951822 0.1293394132872299 0
0.1016588664180339 0.1286900184077757 0
0.2717221626572414 0.245134831225021 0
0.1740899185904956 0.05342088125670687 0
1.215732970787553 0.107147487818132 0
0.1500125266735746 0.2638076974559637 0
0.6676566314217154 0.01820353138127391 0
0.02567803743369781 0.3923384262779823 0
0.01898103115541462 0.3833092746288209 0
0.05581797882374194 0.1606736877396238 0
0.1108760870703577 0.2373160208299614 0
0.3117126337349642 0.2595969403245634 0
0.1004130085572295 0.2347071555883998 0
0.09689850814735732 0.2317558814107851 0
0.116345730177814 0.197515256172898 0
1.962299367638368 0.02104460952610897 0
1.987218943595726 0.02104460952610897 0
0.2826662229795135 0.3117464791511872 0
0.3783547185610201 0.1986549369218403 0
1.417454747515951 0.07263716071628117 0
0.16677348644176 0.1262162274996785 0
0.02114321529543806 0.2228310726264193 0
0.01846608771171847 0.2164563049161691 0
0.02583692817542092 0.218130777190952 0
0.3984111990173537 0.1506944648690315 0
0.4482570375255401 0.152207264855941 0
0.1329335285289563 0.4036120738491335 0
0.1593394049588479 0.2690523669090989 0
0.1571550356461746 0.2669928271075858 0
0.2831496295010465 0.2435693409862748 0
0.2847206050482896 0.2469180230889482 0
0.8781459093874437 0.1048489377344376 0
0.2676401548619434 0.3776908125718703 0
0.2704626629228053 0.3709160101931744 0
0.1855712909542333 0.09474103630243882 0
0.286653654821288 0.1938718583416887 0
0.2882989264519937 0.1965889075085027 0
0.3035405122328495 0.1352226566102059 0
0.4579461272822875 0.123394437622082 0
0.19176800419111 0.3023214498544215 0
0.2662795772483358 0.115211097808288 0
0.2198066113145895 0.135498089358752 0
0.2202332410914159 0.1385432948441873 0
0.2177093379472904 0.1368996851957584 0
0.2384912332000088 0.09034044378748839 0
0.2430630021977475 0.08972326180057773 0
0.9578899235723546 0.111355092697828 0
0.9677665436130491 0.1304558964616829 0
0.9474860002611782 0.1291759659077244 0
0.09740206938649648 0.3747100576487654 0
0.1046146568148776 0.382796246794588 0
0.5117805021976662 0.05995747851945161 0
0.5197931447363293 0.04883836469509665 0
0.5271631019699781 0.06077042147226796 0
0.7563509938350942 0.1928341703041994 0
0.7638624395805836 0.1926120518223244 0
0.2738332426956764 0.1586666972683981 0
0.3202398344093133 0.3696709946311177 0
0.5118146739990835 0.2661477393960042 0
0.5043845057306826 0.2671685728921478 0
0.2929729085859144 0.1017776645339591 0
0.251020005796835 0.2830919641128381 0
0.2472159881655361 0.2829708134085524 0
0.1922673289170538 0.1408963257973429 0
0.2260917786478706 0.3610321546597468 0
0.2195902513401758 0.3606976818405003 0
0.7146030638236812 0.3865115078152215 0
0.3725208129020192 0.09186998097736565 0
0.1114688406141571 0.3781199955082917 0
0.3337765252890351 0.1899327091106854 0
0.3365471208957534 0.1946833020089408 0
0.1256350176075668 0.2278973392940556 0
0.1234621244689788 0.2258309540863973 0
0.2668691143008174 0.2183802318884923 0
0.2653848186426118 0.2210205730269401 0
0.7660120949323928 0.0638434169838816 0
0.7389548509118071 0.0630549700829135 0
0.7533418363176728 0.04611029310619084 0
0.1249506274794598 0.2307937525104631 0
0.332183316662766 0.04204890234218609 0
0.1022446396089484 0.1643663106760666 0
0.1435692809452703 0.2104792572916027 0
0.1408933319333616 0.2092876130778594 0
1.21333028707708 0.3911998268149381 0
1.238259607178501 0.3911998268149381 0
0.2683782296145915 0.2503943370736544 0
0.1218084035889001 0.1164561586416199 0
0.1231470549649593 0.1120974019661315 0
1.744605532024163 0.03697395320267639 0
0.1284670138953487 0.1486951900837203 0
0.1315984870053496 0.1480123993422263 0
0.3485883602030024 0.2407938540115997 0
0.3520277563091447 0.2345182020104918 0
1.927641270369242 0.3206998723762596 0
1.902718663155903 0.3180777046578948 0
0.03560142147164828 0.1288238108371055 0
0.2519269034020061 0.2659014059575743 0
0.2293842377341061 0.123911541836467 0
0.2564349484813039 0.1846038677737576 0
0.2549133740728441 0.1819396886995159 0
0.2578720700853576 0.1814981341490303 0
0.1763834301852629 0.3316469761837895 0
0.1808453959850597 0.3351362959068074 0
0.2592080680887799 0.3646614902906758 0
0.2664821542175857 0.3649708216873023 0
0.3653060023766801 0.3707526916757354 0
0.3737248066469516 0.3776701771888776 0
0.1177935483858182 0.351152688661835 0
0.09373258167307361 0.2287830618367541 0
0.09063366849568465 0.2257355614155525 0
1.554650297959841 0.2997660701409924 0
1.579378568111458 0.3012135128086644 0
1.508405522195298 0.3656703771216034 0
0.1226140843433794 0.2179484685796318 0
0.07221390095478906 0.07507313792947336 0
0.07447981463220324 0.06834719259200209 0
0.1859303680440009 0.05151075964003327 0
0.3231136870335798 0.1886119268927897 0
0.3203600726314719 0.1838709298727992 0
0.6602292917413111 0.1291574478870853 0
0.6678649853140961 0.130016670314108 0
0.2535760879603547 0.1789541332278433 0
0.561214492895741 0.0750292411606103 0
0.3070411774789854 0.2684729007899377 0
0.05275033348380232 0.1723241389601042 0
0.2581677473533067 0.1289037903689337 0
0.2599987708589863 0.131739484166841 0
1.179293514553054 0.08445444695128926 0
1.166940563249472 0.06313027476638566 0
0.2010491230700785 0.01799288730138937 0
0.1924473792716048 0.01695998518121567 0
0.349269771835691 0.1077507511614668 0
0.7503424989069279 0.2186562556457937 0
0.2463210087678864 0.07196073482264077 0
0.2514463401206189 0.0712475614512945 0
0.2493580809596782 0.07615481443245904 0
0.2532940774822391 0.09652326611795566 0
0.2578273943000016 0.09607134396125065 0
0.121918021539423 0.220866554913369 0
0.1145350721270534 0.2624741356900587 0
0.1936144755810758 0.09353595712203537 0
0.3767145423256122 0.2636605164846532 0
0.3087277203576853 0.1432489014211836 0
0.2772557037111213 0.1638674609505285 0
0.2324918840893744 0.2751700745591322 0
0.2739165415815378 0.2578762835183839 0
0.2711192361241755 0.2560524899982017 0
0.1763236909958761 0.2781938055560067 0
0.1730485090356945 0.2788653729141506 0
0.3397092151962495 0.1994159670453212 0
0.3427843040674243 0.204191681870589 0
0.06325233721016152 0.2493445239733333 0
0.06186683589925442 0.2547638291870753 0
0.1064718702929319 0.08219574744703927 0
0.1084026775456596 0.07565402539439202 0
0.1597874451107915 0.2770134955367755 0
0.156307366585741 0.2778083824612094 0
0.09287883736903624 0.3471331560408482 0
0.09178301524182883 0.3608396012363601 0
0.09316330337922893 0.3696878114623637 0
0.3579823934181628 0.2095667734936686 0
0.3547470836087221 0.2040179935277414 0
1.804696218049178 0.3737795243977978 0
0.1014453645540692 0.09303466942204054 0
0.1043823364433519 0.08799991180762347 0
0.1080016382939975 0.09257553076919711 0
0.06578145813745565 0.2380774423436309 0
0.06466508188721432 0.2436520391519464 0
1.556510621235859 0.04693071106441072 0
1.581731987333791 0.05145391933679939 0
0.1550396980575858 0.1733092044521229 0
0.1540265984042199 0.1706251948058451 0
0.1566506904223709 0.1707143864688297 0
0.1600569860651971 0.1661427739513866 0
0.1582730083520806 0.168427943328093 0
0.370598212786125 0.1866025649887791 0
0.3734745318832899 0.180245650313674 0
0.2834368797178305 0.2104944728836446 0
0.2849958633637169 0.2132231169059978 0
0.264972964580503 0.2556326003598494 0
0.2601838375721296 0.3414868290014985 0
0.2562543155933501 0.3467570705284406 0
0.2588377914471635 0.242609856948815 0
0.2668659031832445 0.3312938710982025 0
0.2634456533385234 0.3362145276794093 0
0.2609755633448298 0.330855671343801 0
0.3714106347805955 0.008476041880190108 0
0.2422786797996525 0.2705853489386479 0
0.2392366597932495 0.2703244345925187 0
0.1376591644644286 0.2054448606381484 0
0.1369457850164049 0.2030478529204138 0
0.1398277836734463 0.2041232903451445 0
0.1851040963280481 0.3388033108403898 0
0.1896296530586425 0.3424066556474847 0
1.920171970455399 0.1079776852145713 0
1.944689971208326 0.1094261362857944 0
0.1792574691343919 0.287456835030272 0
0.1780184540074727 0.2845001495244343 0
0.2375133130467993 0.2727951793772443 0
1.129746076937109 0.08197761712585964 0
1.141371735368137 0.1032101060935517 0
0.05844452289427346 0.1035811567883625 0
0.05117743945109333 0.1060584813744862 0
0.05278452340070088 0.09948777445063257 0
0.1522471199023219 0.3863158709966627 0
0.1593198579211722 0.3895317907010691 0
0.4037248103272857 0.2295617968653353 0
0.1509549035930535 0.1702474680405738 0
0.02463595138987162 0.07136835764199335 0
0.03359488450689438 0.07117685634861261 0
1.065730799509417 0.02046128493206932 0
0.1542807211081831 0.2678520831812154 0
0.2077487928553389 0.2808888641139033 0
0.2047422468004777 0.2807841662756506 0
0.1637903011171209 0.2732316705203354 0
0.161614881271977 0.2711668500886642 0
0.7740575819190126 0.2358533969013642 0
0.1196654603478401 0.04405054918680976 0
0.1235138262266009 0.03708309503298347 0
0.1274765519494147 0.04271179568740648 0
0.1731016209308991 0.1219267963314909 0
0.1701577862475852 0.1224345863919282 0
0.1303911576187051 0.2399661327263746 0
0.2366385801285593 0.1048021584598029 0
0.6528444916650742 0.2345981138544766 0
0.6494726778308251 0.2411196728667817 0
0.6463437970719683 0.2476546802760889 0
0.7073735178169086 0.1881088099156029 0
0.4202257900095364 0.2398798423541 0
0.1282879710399631 0.2377151066195595 0
0.1261325684243873 0.2356309779559081 0
0.1338340140285573 0.301207636016481 0
0.3025691801521009 0.2776286208163348 0
0.342122966562981 0.1082058139027811 0
0.2916602868584329 0.3320789089750766 0
0.2983580175430018 0.3320114111878159 0
0.1202323168681099 0.2047299559418628 0
0.2788168754142115 0.3318510671744403 0
0.2851145561722651 0.3318239304252217 0
0.04985599302586363 0.184079372542062 0
0.2294379340551073 0.1536589067070092 0
0.1656282015836928 0.2427085479971439 0
0.1456417449863134 0.1935442691334394 0
0.1433184921075674 0.1941174309394814 0
0.143673509019173 0.1913976425891894 0
0.2492544448096622 0.2239783797716687 0
0.2391064887927239 0.2386795097907314 0
0.2394076730783841 0.2416620297486517 0
1.551147661538529 0.02895115262068059 0
0.1104423588759479 0.06945531586431274 0
0.1125168073785683 0.06326230358731449 0
0.1741094626182611 0.1190235630053314 0
0.175919798724639 0.1165079396789849 0
0.4417283352679577 0.07725301773368264 0
0.2007933862889717 0.2678712998355787 0
0.2149556755649366 0.3193535547877099 0
0.2135686397692846 0.3142592365172984 0
0.05755569539795773 0.2302216007236125 0
0.05351340875075702 0.2256382251552098 0
0.05913995405928946 0.2244233808698038 0
0.2016870506282457 0.09240567852410715 0
0.1417328828187093 0.1040793942248854 0
0.0899275078536997 0.09538229711205755 0
0.08392289307033338 0.09697160852694409 0
0.07754801943001803 0.09836901407425928 0
0.0714068147141898 0.1000535493463563 0
0.2154269848245528 0.3496226484377185 0
0.2099907662775197 0.3520176407496129 0
0.244133599111019 0.4030733794529478 0
0.2534759607769693 0.4030733794529478 0
0.3139167341810576 0.1513491784854391 0
0.1058969661097575 0.1112458909682259 0
0.1044011001197195 0.1162830112202772 0
0.121171964277373 0.2602368260040057 0
0.2527295211479829 0.3523311978510615 0
0.2489069198745874 0.3577729310909544 0
0.8492564841675159 0.1006216677167551 0
0.1765968088606892 0.1216187262788936 0
0.1795913796993546 0.1211175345964057 0
0.284782069411756 0.1855029426136152 0
0.07029263963436971 0.2862229375862746 0
0.07199512849959042 0.2801338103086282 0
0.02213099397878682 0.2788952222029737 0
0.2678364255707663 0.1031853493487145 0
0.272564713249377 0.102942739685387 0
0.3185994880634274 0.1427855313547181 0
0.159781930867173 0.1298567078104832 0
0.0791859674151725 0.1972428732554282 0
0.08060090517796739 0.1930361343059961 0
0.08357989389083992 0.1967985988132901 0
0.239352365166899 0.06328135228743592 0
0.2355040708283812 0.05894870564946818 0
0.1432356670766803 0.2249384771463027 0
0.1446603123634705 0.2273883955930794 0
0.1417487914230117 0.2266238505564745 0
0.6016995462954217 0.09488843287468011 0
0.2317347918277027 0.0542417974205735 0
0.2277423410938583 0.0496505197861116 0
0.1940844723115218 0.3463227774866154 0
0.1986027206213389 0.3501523491834357 0
0.1398580175129603 0.1895632087391267 0
0.1422034877075655 0.1895563192766868 0
0.1073514038981211 0.1489609621835135 0
0.788260825987688 0.1738228781542749 0
0.792411745368331 0.180022015599871 0
0.09237294572918434 0.2064056636166901 0
0.08955918276556538 0.2033157930931905 0
0.2609714735636774 0.07389785669290909 0
0.263561057563893 0.07792989558946027 0
0.2570729963126263 0.07947367995766394 0
0.5757888037355099 0.1478093756222365 0
0.4653282172388694 0.1238254587670457 0
0.2432836513571597 0.1425032165986564 0
0.2459550232676291 0.1408999046443863 0
0.05781098845530855 0.07866627781909213 0
0.05587837420477848 0.0856676481477716 0
0.05054932020723431 0.0805976830177807 0
0.03581665989877476 0.2236518790433643 0
0.0316361781493363 0.2181369418768735 0
0.03893878228897056 0.2172832760190357 0
0.1344676609198677 0.1473789942128039 0
0.1364218813626609 0.1498866426417733 0
0.1410408731989432 0.3073289663460461 0
0.8940987507642353 0.2303179537230094 0
0.8993725103141396 0.236050045051305 0
0.8880220681712678 0.2384388348131792 0
0.2637830751940327 0.2742852200041646 0
0.2616668958696016 0.2715636114973383 0
0.4194595240786222 0.05490999053610089 0
0.4303865446500614 0.05508018245551106 0
0.4256588016800716 0.06576512469970848 0
0.2824752427346812 0.2952015178143063 0
0.4963897549699828 0.06035802923915472 0
0.5922638913396447 0.3540260479404526 0
0.6054531470317661 0.3401909410661652 0
0.6065134328162962 0.3592449701025652 0
0.06842003659618483 0.2928900955835623 0
0.3655186677510468 0.01759165072278579 0
0.2138410860126815 0.281438843501009 0
0.2107437021281865 0.2809833854816665 0
0.280728084472178 0.1690979858434421 0
0.1660965482560317 0.2399465218083427 0
0.2292176825506241 0.1565086713021422 0
0.1926177880162237 0.2514498841655901 0
0.2503352095014466 0.1842657346399409 0
0.2292928613467685 0.2439590782297922 0
0.148155575702395 0.1926131284821878 0
0.252188309877335 0.1956651975069752 0
0.2464892068651495 0.2241644840607067 0
0.1513153633488738 0.1810641711648755 0
0.221302787217721 0.2476172892769193 0
0.148573332765749 0.2100148165837984 0
0.209680604341778 0.2517241593874087 0
0.2069166929041476 0.252193766828025 0
0.1546953507752558 0.2264762855179176 0
0.2359279639688664 0.2380997585973124 0
0.3052597070405637 0.3322813001241994 0
0.3123203712796332 0.3322200121274143 0
0.8146461290063519 0.3898166181344277 0
0.2543547307414526 0.1941435684946032 0
0.2566312513452061 0.1928213359966896 0
0.2569675298623909 0.1956063863090387 0
0.2614994530908558 0.260873180192185 0
0.2577705263503927 0.2288927559805506 0
0.2549464519468894 0.2289441652875237 0
0.5685045416133216 0.2613962809265739 0
0.5698835840641377 0.2671066747264151 0
0.1157337041228559 0.2550701616494561 0
1.190760020170119 0.1058514756691116 0
0.2452173327791184 0.1495689593547305 0
0.5792173607061792 0.1541322483680864 0
0.5829615170064097 0.160314619282078 0
0.8236766528874411 0.1915762785186647 0
0.1810525287378746 0.1179374246272716 0
0.04974344506123284 0.1998731394561451 0
0.04595485350383048 0.1958238594203361 0
0.1278812531116138 0.1600226037687825 0
0.1452535086400003 0.1381882785571783 0
0.1290270377283225 0.3600117068031653 0
1.615775287124244 0.3898715535613978 0
0.2237458331968549 0.04471782103557845 0
0.2184431593081744 0.03974541163299149 0
0.2098631980458682 0.09108444118639737 0
0.2549153464855198 0.2773662145857595 0
0.256736974287013 0.2744665362475714 0
0.2583328458707602 0.2775423387025651 0
0.2614640597122745 0.006186155204271335 0
0.2524856316297855 0.006186155204271335 0
0.09595683107541225 0.1461560347724103 0
0.09907980776919956 0.1498989709412848 0
0.8163377415712656 0.2549339120171052 0
0.2405981281900881 0.1159759207760678 0
1.391856110073116 0.3895993474167029 0
0.26208783808057 0.2777858713027625 0
0.2657164396023493 0.2774284309425501 0
0.3191481323633694 0.1596052712901992 0
0.02374042024289316 0.060106464892526 0
0.1055763712460576 0.04558053877147638 0
0.1082932737467547 0.03912020317361208 0
0.1129858321243291 0.04488218413025106 0
0.1642904095325864 0.2814816027287295 0
0.1610684506146803 0.282255186367731 0
0.1618780577151034 0.2791676396645136 0
0.5790253697313476 0.362479806615914 0
0.5779650839468176 0.343425777579514 0
0.5326669040789793 0.3243678364765917 0
0.5280555672911345 0.33772238001962 0
0.5190989841322027 0.3273614211965801 0
0.2225229884774866 0.1193921176317285 0
0.1577293633527739 0.2832433859774958 0
0.1543795959593007 0.2840958250435121 0
0.1553063314037241 0.2807936623695313 0
0.2021491386481042 0.2705536532067029 0
0.2051404502031273 0.2708007275929227 0
0.1098971705616757 0.1415703622163694 0
0.1846059715926515 0.01703629902475868 0
0.1759582348076201 0.01811399009950235 0
0.1424858874457284 0.1998302092677386 0
0.1428648313666595 0.1967739253942924 0
0.2774496221135144 0.1024573044192161 0
0.2824870650876401 0.1022285137510481 0
0.8395754491079195 0.3898166181344277 0
0.2385781299082131 0.1223139087716738 0
1.142377284443125 0.02043551645230881 0
0.2013271168089212 0.367330240825341 0
0.2075509903910509 0.3650378071247259 0
0.2064687315174648 0.3717874892383217 0
0.5194791033350415 0.238771145169557 0
0.8302176549416375 0.1785351527556822 0
0.8296597669868142 0.1699990121732513 0
0.5607227415741207 0.1601722383821973 0
0.7430792713041953 0.09081810802584868 0
0.7503958741076884 0.09309945021823732 0
0.7580150912683088 0.09230340820378971 0
0.8964371309005787 0.2229756536949977 0
0.862999262464836 0.2956645373713557 0
0.8564113298789701 0.2937879216004561 0
0.7862200215714841 0.3023449842664417 0
0.7803483309081409 0.293580290255411 0
0.8506189968266384 0.2951417278831936 0
0.8440918715748109 0.2985786471128281 0
0.7674501875545212 0.2943677494029723 0
0.7615923186183547 0.2979302695216212 0
0.7735061101051076 0.2932636349805802 0
0.7722791996352736 0.09646309776244028 0
0.779481336413715 0.09903358334354477 0
0.7872057027176254 0.09794949383690196 0
0.8178845291617453 0.09817486876801999 0
0.8101611734287546 0.09878371519491608 0
0.8027939287105087 0.09676270408610539 0
0.3196263177326752 0.3325026255022256 0
0.3271771753557758 0.3328424965490984 0
0.1484857392284175 0.3134327631828371 0
0.2453471055044358 0.2708656454981531 0
0.2436196500840307 0.27341076173109 0
0.2118853268982118 0.3762962934400136 0
0.2188038043582257 0.3738585762555376 0
0.2179965261568431 0.3806598141578445 0
0.4797835166905018 0.1238093338988033 0
0.2484605013134497 0.2711061989486804 0
0.2223659966700775 0.2584541611211424 0
0.2241178731348289 0.2561283569335737 0
0.1818100823202947 0.08107827096406607 0
0.276782564958823 0.1477860881146255 0
0.2238735957112702 0.2464000827028393 0
0.2234821960074167 0.2489689285681181 0
0.2263273041334025 0.2450439659965537 0
0.9482512303963871 0.3638275541204734 0
0.962030903439532 0.3457257926097714 0
2.09834153974251 0.181903763188637 0
0.2785680210933328 0.2291718425326334 0
0.2769448925298231 0.2318067754868372 0
0.1102398386064338 0.2497759574066996 0
0.1169485578471429 0.05051088478467406 0
1.029649991918323 0.3068769945089632 0
0.07624790130742179 0.2796965574170479 0
0.07990056990159233 0.274670070642591 0
0.1126962002957273 0.1182602824670724 0
0.1080196107186737 0.1192743209078476 0
0.2849937336314103 0.2077466913422669 0
0.2842449131906981 0.1743965064003441 0
0.2674861712800002 0.303510868243671 0
0.07753050395632199 0.2020079445999725 0
0.07455151524344947 0.1982454800926786 0
0.5461499944975419 0.01256988606955641 0
1.886961649653129 0.3370169055806791 0
1.878035849622502 0.3167677189341411 0
0.4350273306262529 0.1212592185495935 0
0.2784202649160666 0.2345362768615023 0
0.3461195076589338 0.1569699272852214 0
0.350835155862413 0.161622350741932 0
0.259871401850042 0.2345070187010223 0
1.886486149566118 0.01995147988575768 0
0.1762736400829464 0.2961671187880032 0
0.2440560225855168 0.2824550772604303 0
0.2463673649677307 0.2794745747086225 0
0.7773856205756764 0.1671989468755876 0
0.1484683291419699 0.1814818960485504 0
0.1462244587716607 0.2122446438193449 0
0.252138966356301 0.1820598668525706 0
0.2927280792197798 0.1707563533945698 0
0.2907766431755337 0.1672594330849801 0
0.38536386450165 0.1002919464755325 0
0.3789116023790965 0.1048766798796557 0
0.0086679044196345 0.4013857533523236 0
0.02106732715386039 0.4013857533523236 0
0.2182127426356593 0.08966752553229747 0
0.3716782981646917 0.1182086590819404 0
0.3744697776518634 0.1118545156012944 0
0.1387589698796861 0.2079694554081331 0
0.1358769712226446 0.2068940179834024 0
0.268346270251664 0.2157635106886986 0
0.2982508210979764 0.08166223107766822 0
0.3045606641821708 0.08144170019894645 0
0.3246369700308873 0.1679355954527866 0
0.1404510098481273 0.3688576353027062 0
0.7728557949276418 0.2175259475815425 0
0.0086679044196345 0.3891663843473315 0
0.128730998936727 0.1570818864414965 0
0.1472171325293949 0.2648316644289292 0
0.1493982092740592 0.2668713319244909 0
0.218452229582748 0.2681577542174478 0
0.2255634855139516 0.1189478851106348 0
0.3349542560931917 0.3332434945727176 0
0.3391453062011144 0.3266898890971542 0
0.342994067396147 0.3332120295837542 0
0.3349335518927392 0.3218960868847721 0
0.3545899542117157 0.1644883108097287 0
0.3111271313499496 0.08082142986415682 0
0.3175299593942396 0.08036251347162483 0
0.2201665012816255 0.1329153167768996 0
0.2226904044257511 0.1345589264253284 0
0.1122392318819216 0.1338197353618155 0
1.249082034836237 0.3707476604703264 0
0.1559407372898044 0.3199075929869894 0
0.2552524457505861 0.2471752801058263 0
0.7085160531524849 0.1692746176362389 0
0.144910238169693 0.2626507740875104 0
0.142683691794413 0.2604982985073138 0
0.3237776393628568 0.2950264404776299 0
0.3209847014945159 0.301197623363489 0
0.1045742918894578 0.244334357375957 0
0.2617840580340114 0.1344872869141294 0
0.263394934267771 0.1314087076180279 0
0.09272812695396411 0.2872865933237054 0
0.09421515657731225 0.2822306835217676 0
1.517694161805496 0.387951645167297 0
1.542623481906953 0.387951645167297 0
0.6731357322406262 0.1580383484807945 0
0.4626845315831761 0.3015124630397498 0
0.4546751679557463 0.3024324119310183 0
0.2742914537162472 0.3649094360223563 0
0.1681231275449649 0.2776322434884552 0
0.1658809137214328 0.2753858146480734 0
0.1484711370992363 0.1759783316356355 0
0.1497664935198764 0.173267190295 0
1.935302604802359 0.3407678213710085 0
0.3513193235671789 0.3335969647524045 0
0.3596726900774723 0.3331061652506942 0
1.691752915390359 0.3895110953023202 0
0.3244132017374632 0.07982342296704477 0
0.3314194434905972 0.08113209293047384 0
0.3280047645459254 0.08720388774575284 0
0.3743746473044641 0.1925453311995925 0
0.2268101339983023 0.08834320598507241 0
0.160869511425887 0.1272200617626892 0
0.06117131181237059 0.1969633492850345 0
0.2324363289801457 0.1233967972023314 0
0.2355112698605069 0.1229367543794901 0
0.3410035715418685 0.2931140995435254 0
0.3358685980089721 0.298257789271942 0
1.188431697268387 0.3908346024927485 0
1.198934788403478 0.3720344293076868 0
0.3303167418506854 0.1764180095875376 0
1.066093081741365 0.09997756087249272 0
1.079443145765455 0.08018001192465406 0
1.166318935255305 0.104954054338136 0
0.7031184569982949 0.1820498047848873 0
0.2520533954185099 0.08006677323761166 0
0.2469280640657773 0.08077994660895794 0
0.05313529466730547 0.3036642688625131 0
0.05857778263485956 0.308671277095729 0
0.05157826037132988 0.3108185616424465 0
2.181001373456054 0.3073581539369655 0
2.181001373456054 0.284580376159122 0
2.179319153449863 0.2621931318650088 0
2.179319153449863 0.2394153540871905 0
2.178396633727985 0.2163143015066775 0
2.178396633727985 0.1935365237289021 0
2.179149023183564 0.1708617271322141 0
2.179149023183564 0.1480839493544942 0
2.180273865802747 0.1252777777774748 0
2.180273865802747 0.102499999999765 0
0.1520439543474857 0.378009016560675 0
0.2663129426797344 0.0532814437975076 0
0.4096864960096152 0.07449312403313274 0
0.4197698806878118 0.0748848755224011 0
0.4147245955887947 0.08378306677523555 0
0.9887280368289466 0.389021647352417 0
0.9637987167273681 0.389021647352417 0
0.2504787857611035 0.09285451733035707 0
0.1445267405863116 0.1889831574706448 0
0.1638923361786355 0.3919761957950803 0
0.9007691218386681 0.2566137840489252 0
0.9076814928178261 0.2650623301122431 0
0.1166543073713883 0.3582233409205897 0
0.1111112933153764 0.3537425378630383 0
0.1873687424457206 0.1179760493046579 0
0.1635460171113553 0.3266399028303153 0
0.4328630688677901 0.1328976807151345 0
0.4291123134699097 0.139790423908643 0
0.1784636486496974 0.1160748746494263 0
0.1767787968262853 0.1138673213756772 0
0.2069127677665247 0.2688360493973791 0
0.2081978181104217 0.2713514304096349 0
0.7037269199373137 0.1469790432033114 0
0.6965369806837821 0.1464212836738002 0
0.3389336241194221 0.08061084962628921 0
0.3473432218718482 0.0796294078417716 0
0.2434070757744037 0.3101230928053852 0
0.2389020113012459 0.3096833864088795 0
0.6536980961946994 0.2470418756224532 0
0.1395986920823626 0.261301511055224 0
0.2882056341461092 0.1909680327431279 0
0.2623200722156658 0.2053845818602821 0
0.2610233874778981 0.202696354316249 0
0.2867482646159937 0.2376286911446444 0
0.2883182251786512 0.2408353059306743 0
0.2848506980836624 0.2407327896414619 0
1.81008200490634 0.02042652126974157 0
1.143114594366776 0.06221402926246564 0
0.1325221757972589 0.1449611445911756 0
0.4306969012592511 0.07505506744181127 0
0.2357083311921759 0.08688773864197265 0
0.4225029972761875 0.3669282487387757 0
0.04510517959736192 0.2865022133483906 0
0.05433415640029263 0.09230475160548449 0
0.04706707295711249 0.09478207619160824 0
0.4489585282961878 0.4024193329554446 0
0.1860675380060591 0.2549390967346045 0
0.1442959207701775 0.2657144085560376 0
0.2166668383536659 0.2820016965201555 0
0.2850311334243727 0.2186981005000718 0
0.2834149558408554 0.2213628328093256 0
0.3361760183281475 0.1852293370887971 0
0.2697792501739311 0.2183949677079833 0
0.1909287008459796 0.1340832008836473 0
0.1544228178149501 0.1521510066872204 0
0.151629703377976 0.1528863603043259 0
0.1174240359929714 0.1173379016235963 0
0.2637981961865304 0.2236866559978606 0
0.7578482385800958 0.2183478068651476 0
0.3554802121379361 0.07879338167241749 0
0.3637349105090984 0.07796179358639337 0
0.2875137832530191 0.2954842975445297 0
1.746669211200593 0.3519775216633967 0
1.737239639104811 0.3308362794189862 0
0.2259744546465611 0.1317272821448657 0
0.2241188675454874 0.1294630754497036 0
1.703040723772075 0.3080727092290513 0
1.727695125077724 0.3092255693334789 0
0.2357062552425492 0.2753039540442235 0
0.2337227376175723 0.2780141350204519 0
0.08807348711546678 0.3041189240738368 0
0.09285188843613079 0.3083608540561877 0
0.08711823438232813 0.3103186700045875 0
0.2623403853128594 0.311829140640134 0
0.2574767636303318 0.311479339388071 0
0.2304502364534502 0.3416149659008536 0
0.2295259150930722 0.3358263492662572 0
0.1186577974973881 0.02015632518234156 0
0.4437488895527026 0.22807351947478 0
0.6603001514865905 0.2341261138518801 0
0.1714905703985923 0.3335270230978343 0
0.2652513316759471 0.09940597158308023 0
0.0912287173814568 0.2104042901163185 0
0.5407982544999721 0.23679775077496 0
0.2550926130675064 0.2660992294729626 0
0.2533986365035857 0.2687191631221539 0
0.1875640535440981 0.2915324314432471 0
0.3118194929196348 0.1913644691083121 0
0.2298284402152071 0.3463848849254792 0
0.2247191125609273 0.343047369002449 0
0.2211373412208158 0.1299189033841897 0
0.9425106842246384 0.01999344829531506 0
0.09259785499188303 0.2328752115424258 0
0.1059034851808219 0.2761888971405252 0
0.4663658753606411 0.01113982079237894 0
0.1324361982881793 0.2667775877157019 0
0.135140532215247 0.2692041020670297 0
0.1318078526663357 0.2703532423177208 0
0.2550301038669289 0.0244092634210933 0
0.08577707125757392 0.3167855970564422 0
0.08480774979193857 0.3236268080682477 0
0.903104508537181 0.2487158881191978 0
0.0650582023782007 0.3060124057749516 0
0.06350116808222511 0.313166698554885 0
0.2305683441041848 0.1209712679721679 0
0.2914587043446183 0.1966252868493036 0
0.2898461367176893 0.1994778508807513 0
0.1626746986778539 0.07884836991548778 0
0.7404745933861152 0.02266092310261137 0
0.1242755523245632 0.2875940372280472 0
0.1198359957514407 0.2887968369867559 0
0.4808124019964244 0.01129888012441347 0
0.3371102313345125 0.2234450355940997 0
0.3343858991543444 0.2280906183921656 0
1.795594986460182 0.1015640230310354 0
1.770962729239986 0.100429035887847 0
0.3951947955159948 0.08370780686507673 0
0.3900603991600362 0.07518901686398637 0
0.3995068145546394 0.0748725252848768 0
0.1212886538823151 0.05587527716836093 0
0.1276730610619111 0.05487691864024443 0
0.3423808291444594 0.1944519373122467 0
0.1309916689840777 0.2740193831520569 0
0.1304196921034576 0.2780019600467241 0
0.3812252036895969 0.09143888121540956 0
0.3898870409334447 0.09287736370430925 0
0.06167225740611235 0.1145527824998067 0
0.06327708031000785 0.1082961605727468 0
0.1093240363735569 0.2967838965785214 0
0.1132631406122621 0.300088746031462 0
0.1083558075124775 0.3017684658744069 0
0.2817016290402213 0.2239499677234779 0
0.280096314224425 0.2265613805364188 0
0.1373198043323439 0.1897499098903082 0
0.07437565366187275 0.3403057955387057 0
0.06707156798295041 0.3426764669538214 0
0.06897392771753312 0.3351994948057031 0
0.2090692300622664 0.3582614122657405 0
0.2142108447708099 0.3627186606787212 0
0.08311800308408845 0.3305359227005684 0
0.08167481003828994 0.3376875557833801 0
0.3007187077778566 0.1817344396961131 0
0.2986035336517738 0.1789661170139878 0
0.5537066808270457 0.3246793949698468 0
0.5652582183773502 0.3332547654475188 0
0.5531750247882157 0.3433041657773034 0
0.05893268539466616 0.2453332776374163 0
0.0999155965530036 0.08265488609988268 0
0.06468515500183408 0.3503683116987885 0
0.07129078864722145 0.3560213216015478 0
0.06350264972176549 0.3586068656135123 0
0.06977308871827165 0.06225948021455043 0
0.07687863887251348 0.06114311142891157 0
0.4925324931311327 0.151530450338494 0
0.4852160791757223 0.1516191289758939 0
0.2880709203247845 0.2538302608544802 0
0.3430320171442455 0.152818712812485 0
0.1797846542809172 0.3407124240755376 0
0.1152855263152649 0.2903542142231174 0
0.110508301076088 0.2916438629113901 0
0.15404731684238 0.09516377752035633 0
0.3049522148449986 0.3706697264215989 0
0.3135293261122233 0.3698974125595987 0
0.08625776626860084 0.226925811914313 0
0.08745950624668616 0.2227589813614707 0
0.583172880947372 0.1479363692359247 0
0.3715274684348403 0.06287001629891624 0
0.3745509831091693 0.05307040204625236 0
0.2660741774105443 0.3419250287559 0
0.8032847888661796 0.1744901203937902 0
0.7996003304940265 0.1689746606565147 0
0.1783817524174462 0.02613066837831957 0
0.4045520996536566 0.06597433403204238 0
0.4087882894987648 0.05579641876361072 0
0.1292935145677981 0.2819717813258118 0
0.1285656224698931 0.2861939288879811 0
0.1414555743821009 0.3217547190553339 0
0.1472464118025312 0.321857065534901 0
0.2699012687952176 0.2628897492999084 0
0.2674787074049825 0.2649040281342122 0
0.2676187137580543 0.2611878054885935 0
0.1591858902488484 0.1248043875675738 0
0.05928342905749445 0.345262010965786 0
0.05068663007389186 0.3451927807995976 0
0.05307304305500819 0.3375009360546306 0
0.3542931048354229 0.2302380567421146 0
0.3534168410686324 0.224012824722798 0
0.2449477375882627 0.2763249484255478 0
0.2418793118834794 0.2760446518660427 0
0.1779252985249604 0.3528869756091921 0
0.1773908586078005 0.3596747958166956 0
0.08428884352863592 0.04949478061488485 0
0.07849348768276818 0.05537006701948197 0
0.08498508214486172 0.1811772143849853 0
0.08934425887163928 0.1812414756073108 0
0.2530364904788368 0.06681848987615983 0
0.2560735626706285 0.07101256948597809 0
0.1232796190227673 0.1775302166295143 0
0.1364886177956701 0.2623489756804199 0
0.1332071155483316 0.2632233748965703 0
0.1265274822375745 0.1548349300493663 0
0.47215252720906 0.1230848965413064 0
0.9788487752447184 0.1529049258398408 0
0.1056009679763033 0.293323582754335 0
0.1004465794195427 0.2947899201566976 0
0.1880875587661461 0.04565824140788797 0
0.1905876116636289 0.03974479880754057 0
0.1943610715192753 0.04467796883232805 0
0.06044508222702906 0.2606361963961825 0
0.05609818704538801 0.2568981296679104 0
0.1040448117328719 0.0706520122092192 0
0.1889326968108939 0.1206928974369821 0
0.399333456328048 0.0925608721251997 0
0.4093818074142639 0.09193424855172828 0
0.7290043773908768 0.2188806262878078 0
0.3289971238054313 0.1596763190884279 0
0.3331904390906891 0.1564002725194006 0
0.127622378491023 0.2905893139227875 0
0.1268227206228011 0.2950341353011681 0
0.4563849083976271 0.3497864865377966 0
0.4628976347625515 0.3612895333896117 0
0.4508927593981911 0.3613814569256164 0
0.2882878532260171 0.3376036558398348 0
0.2635250091290305 0.1372356967266376 0
0.1630094040286975 0.276239911897774 0
0.3228483991449611 0.1117444107809902 0
0.3255782223199812 0.1057541715763277 0
0.1777103313166388 0.2814323970824641 0
0.2176122438708976 0.3076569231790016 0
0.2135509814109607 0.3073809506186565 0
0.8477774726458783 0.1776779249048357 0
0.8514920553215706 0.1711872554907682 0
0.09920448125984747 0.1393612250170328 0
0.1205749074961701 0.2267567419598392 0
0.1211906195783771 0.2238530126129618 0
0.2590089948327249 0.2315264720791429 0
0.2905633557167676 0.106388159176959 0
0.2932067431910449 0.11055956798096 0
0.04752420706391716 0.2271173290972725 0
0.04910846572524888 0.2213191092434637 0
0.07947178139334515 0.09226923571211992 0
0.1884981738767848 0.3482955608482508 0
0.3407414536796159 0.1481982991436028 0
0.1298744359994202 0.2643725151472614 0
0.1264892098934821 0.265370444996874 0
0.2551119232496071 0.3154012279832168 0
0.2574864424256921 0.3200319627100143 0
0.252804987568843 0.3194917647787986 0
0.09514179836729121 0.2966386660086829 0
0.08949562865636038 0.2981676789071967 0
0.09083028585438216 0.2926452367904426 0
0.2449298104984982 0.08538141996077804 0
0.2477565702238583 0.08903374725391026 0
0.09071643036120325 0.1881528476557865 0
0.09203468079159069 0.1842579415764184 0
0.3509932322058726 0.07187311537404238 0
0.3466393869188158 0.06360896970917554 0
0.3547763771849037 0.06277294353982144 0
1.896483605861387 0.3569000427626189 0
0.2375948201483472 0.05324172031655088 0
1.053286058719796 0.04084696054957023 0
0.02297386911538005 0.3191359401770723 0
0.02343712048243024 0.3284754191764668 0
0.7910193352272721 0.255507188963689 0
0.1559678529919217 0.0412465176551219 0
1.754524825344296 0.3734283079695166 0
0.2344605022104604 0.1117297307534918 0
0.2358122032990932 0.1083100791822633 0
0.2373882541092227 0.1106218274919585 0
0.06159582464836687 0.09037334640679592 0
0.2816850860151705 0.234695715303443 0
0.2835747785440132 0.2318151611955706 0
0.2851704300498474 0.2346456207475597 0
0.1463731525301287 0.05275588394670262 0
0.1524790060979974 0.05183463704274312 0
1.764540641966739 0.3925711702737484 0
0.4437746194400649 0.3294075895463056 0
0.4494139389750197 0.3397386430390264 0
0.2382319913061618 0.3626615980809858 0
0.23157252733699 0.3623670650807613 0
0.05689277487337171 0.1391415899539548 0
0.05841852611635599 0.1331723808249825 0
0.1483057910734951 0.1702946455464356 0
0.1455514328080092 0.171282961912892 0
0.3017352734097468 0.3381285233260733 0
0.1998510494705666 0.133134160663291 0
0.2681276413041003 0.07780868149735809 0
0.2642291640530491 0.08338450476211294 0
0.04283263339127341 0.08230867650917183 0
0.04476524764180348 0.07530730618049235 0
0.2597986926670401 0.09187041360240315 0
0.2625582773679424 0.09560831199664961 0
0.1081767113433961 0.05789791120362764 0
0.1146090256588041 0.05670691211180222 0
0.9340246672067964 0.2222763653168196 0
0.2091755300222742 0.2835060554178724 0
0.2718675541001161 0.1506593013903164 0
0.2735758157550076 0.1532639087055295 0
0.08376197460255773 0.3001254948555965 0
0.07770885380473945 0.3017462013907448 0
0.2871711321277471 0.1685577168091515 0
0.2887923616784868 0.1647382363453791 0
0.2608092992017389 0.1916749380468121 0
0.08215077093482454 0.1890510632817861 0
0.1671098771911644 0.09363599124491272 0
0.1712387925768026 0.09312264906839932 0
0.2518012626289696 0.3640668977413354 0
0.244945409750141 0.3634942441090588 0
0.2298290332506653 0.04360211333712306 0
0.2033309118977606 0.3543367871956176 0
0.1976811844060857 0.3563961206995633 0
0.2968735661848523 0.3710505600349679 0
0.1705101938400567 0.2798869895502676 0
0.1674870829281012 0.2806488020873245 0
0.2863668263652009 0.1826454683649025 0
0.2880845311667407 0.185342247760488 0
0.3024506348421698 0.1844459016736336 0
0.2985676482677465 0.184685254531376 0
0.5497157444136591 0.263145498408047 0
0.324261385279677 0.2624903360934073 0
0.3210359280206078 0.2657560550031556 0
0.3207650079450655 0.2595549130107668 0
0.1043290601794473 0.3562666070136581 0
0.04980526785854862 0.1133987814939431 0
0.04414526836497604 0.1093053991562132 0
0.02683248900459189 0.01937744204344509 0
0.2748992795971286 0.2453130731327337 0
0.273219326168162 0.2479377836187785 0
0.2748005932151275 0.09851726554449243 0
0.318487400144072 0.1973064638874152 0
0.2585796485651626 0.1863786774822651 0
0.2387441665749973 0.275639239838564 0
0.1179219774762534 0.228114256118461 0
0.1148013022788407 0.2299030135727866 0
1.610410658493571 0.07635759935101487 0
1.618021697477657 0.09648704896062353 0
0.2886379571448363 0.234748137036772 0
0.2920161539920456 0.2346811678645518 0
0.06194850778769501 0.2949407563618336 0
0.05504763942970496 0.2965876085529119 0
0.2602662102790768 0.2806855496409506 0
0.2815796689383889 0.2403627262002449 0
0.7064858123889561 0.2400774757384038 0
0.3209446383389114 0.07429071865634583 0
0.3170667062681792 0.06837618735420257 0
0.3239499486114028 0.06783709684962251 0
0.08521291875306634 0.2041937366440493 0
0.08651122014054405 0.2001273942118634 0
0.484262439268654 0.2709825438203077 0
1.735388807354249 0.01796771353031969 0
0.3471282734592562 0.3401505702279679 0
0.3515475601972348 0.3481541213848474 0
0.343222304026203 0.3477691862161971 0
0.6372014302578943 0.1588819525441552 0
1.156331528689626 0.3148682679160709 0
0.3215622541792355 0.2513541442766278 0
0.319068944653304 0.2557474869336021 0
0.3159429093603506 0.338681025637268 0
0.2171604703282317 0.06684892693972842 0
0.02812460021835163 0.1909615991832368 0
0.5904507596280609 0.1602511989066296 0
0.1601417151702569 0.2855573490417118 0
0.4330435816155818 0.1448280978162013 0
0.3486501087791277 0.204056584247796 0
0.3458914894015965 0.2090636637697579 0
0.3006682091924349 0.1225722080090996 0
0.303231354864456 0.1266643830982166 0
0.1031068980139096 0.1206818839486796 0
0.2013676007344604 0.306811941918987 0
0.1975582682523603 0.3065181783484044 0
0.04073436891687719 0.3474411360097849 0
0.2581657865953498 0.2662136393692283 0
0.1246429373971576 0.2725319865750742 0
0.2056614533160821 0.3785887271406286 0
0.2213963818062695 0.03293102830137022 0
0.7237092486785004 0.2328464177360115 0
0.7278519041427518 0.2390128166962175 0
0.4001257383137214 0.163339035106382 0
0.2848966179567869 0.09761801910804817 0
0.2818177834800942 0.09308760701799883 0
0.2870288993576163 0.0926737958477255 0
0.2764499558774647 0.2600537821920275 0
0.2725746894442164 0.2613510253279334 0
0.2267565497186029 0.1159755501450271 0
0.2287093170627966 0.1185136776406958 0
0.2140435666893697 0.06204084609223991 0
0.1530289496927775 0.2870881142568555 0
0.1506059177437277 0.2846383906488911 0
0.04804811716617529 0.2987348930996294 0
0.04070810796990014 0.3004603727539056 0
0.04262045273229963 0.2933837124443044 0
0.1391136337930862 0.3857380467466324 0
0.5585082913458346 0.3667280174227547 0
0.6992590691048165 0.1758674507015377 0
0.2876981809651622 0.1018147025807748 0
0.04981163347087181 0.1619861233051623 0
0.05134460023532458 0.1561614614753311 0
0.2726040961784627 0.3035018723117599 0
0.270005317417725 0.3077078594339243 0
0.2597876599672395 0.325028757134095 0
1.209559682895181 0.353074644742089 0
1.841286454458833 0.3912083541240493 0
0.8006036408810564 0.1924414344443782 0
0.2882367535856957 0.2132354166254106 0
0.2867304826979354 0.2159384387888364 0
0.5027307530513339 0.1259520082053523 0
0.2387393269775647 0.1133912442464615 0
0.3310259365508085 0.3393646370356985 0
0.1092426953131119 0.09770730172060933 0
0.1434160262415638 0.231790237240266 0
0.1456179932638631 0.2298872567115603 0
0.08386068548946654 0.2085066693518789 0
0.08081272286444523 0.2053182704705517 0
0.3770439893338139 0.08445539820614235 0
0.1988792430096638 0.3811188598792165 0
0.3193688169784084 0.3449897780393125 0
0.3120628705253664 0.3447071646645012 0
0.08407899304805043 0.007271882419336052 0
0.3842481399302749 0.1527763202786212 0
0.8057659490834788 0.2417741004182726 0
0.798252170656774 0.2424073635459136 0
0.307494928827909 0.07545007949571551 0
0.09830982640394173 0.1650947629387386 0
0.2275524195492665 0.01981478552190786 0
1.85286755073863 0.3155065539167237 0
0.2875783683870674 0.1740739126425501 0
0.2910717945883498 0.1738805768062859 0
0.289494749350623 0.1768755759000833 0
0.1966424747272778 0.3628182265685025 0
0.1919142834508561 0.3586337885563206 0
0.01488262385476698 0.04557222865439989 0
0.02023821652915836 0.03665836142664591 0
0.232343853877088 0.03759999666977751 0
0.2363403617740914 0.04253269542031065 0
0.194221637833899 0.2599355177290422 0
0.2552465579643335 0.3703828033087802 0
0.38069505549585 0.3105806621203229 0
1.994525988823292 0.3234212068694841 0
0.1821569081883544 0.04657758961524578 0
0.2775471339373291 0.3035366735684297 0
0.8326019378887577 0.1521925165447011 0
0.2785744761153248 0.1611287494541708 0
0.2802864381165039 0.1637331591261859 0
0.1014974672954283 0.05900522967157134 0
0.1035896855756642 0.05244983819605906 0
1.609162272286567 0.05531345567892015 0
0.1909182461595044 0.09043305952661522 0
0.194937112929862 0.08989275895094938 0
0.3110495660604926 0.1389236468755422 0
0.3136328075109192 0.1429371334770643 0
1.643023913729309 0.09785044917125894 0
1.664076739918614 0.01450618562379142 0
0.2664400609708044 0.4041260244126696 0
0.2760247092103163 0.4041260244126696 0
0.2897616227083731 0.08769874804125373 0
0.2920892601983363 0.0823867826026792 0
0.1407614013656344 0.2294500893933702 0
0.06488416425961541 0.1017254536488931 0
0.06657425729845541 0.09533854556197197 0
0.810879114149198 0.2594512441713853 0
0.8148326991885252 0.2655649505780055 0
0.2683777625745988 0.2561013295452665 0
0.2666364771541936 0.2587047974688726 0
0.2585048515513262 0.1914395977761916 0
0.5119986611077731 0.03612058365570322 0
0.4965204299426109 0.03531159099555362 0
1.229653745079991 0.3158425665175991 0
1.218796064401479 0.3334609958610683 0
0.367323657868427 0.1930024263409165 0
0.1346636414012264 0.1901882297581126 0
0.1338547425008673 0.1930861884319205 0
1.314897883510061 0.3442682410388495 0
1.303887555832874 0.3203264759209735 0
0.2850095660768085 0.2996572633650696 0
0.04994653664865919 0.2587354509296325 0
0.05136829032088455 0.2528630837205254 0
0.29476690076049 0.07679490135551613 0
0.2910300392345521 0.07149015204455976 0
0.2971916001341923 0.07076560051954879 0
0.5246275911478571 0.1275121141539679 0
0.07507522259232326 0.08717467787037043 0
0.0814500962326386 0.08577727232305524 0
0.04572738051193426 0.2332038426519712 0
0.04132243748642611 0.2288847267402251 0
0.5811718379432801 0.2722489575688565 0
0.5737555683369525 0.2731610101486655 0
0.2946444601833355 0.173558016652103 0
0.29833604545744 0.1731961173572537 0
0.2966797608260099 0.1763203407689697 0
0.8219019185757407 0.169783091429493 0
0.8181026968572663 0.1747621424629011 0
0.3076265649389339 0.2773398295913525 0
0.4234736834515219 0.2619135164823411 0
0.4159955120985882 0.2624854277385277 0
0.2878353056347631 0.1797768426240614 0
0.04423358944555149 0.1856381461232381 0
0.04559325132800333 0.1797087019319295 0
1.307288889299495 0.3928678622338957 0
0.2800159164219008 0.2373667364134914 0
0.2914810497681433 0.3434337110214995 0
0.2849353190819754 0.3431787324716446 0
0.2517762008699289 0.2714058758687657 0
0.2500037753452933 0.2739907352106805 0
0.08507469085003516 0.2313579189056687 0
0.08190052860103667 0.2283813388515869 0
0.1787344724671455 0.3465351824943244 0
0.1744757721241571 0.3428681675607421 0
0.8093759379128551 0.2541053565245687 0
0.2402308028156388 0.2444879507248044 0
0.0982602886533188 0.2709066947311787 0
0.09750187223244683 0.2749835419349623 0
0.0934153724992252 0.2726076463589728 0
0.07617827069272221 0.2063208773078021 0
0.074812273532114 0.2106917608153258 0
0.07153005462399079 0.2073814349447466 0
0.3449785688586086 0.1892002633533736 0
0.3481406631591046 0.193932928389754 0
0.2514234027247613 0.2771403614937551 0
0.248107703168282 0.2768406845736699 0
0.1405723273561391 0.3120658072032831 0
0.1368863493144015 0.3090732645507164 0
0.0500650521652461 0.3180023347010393 0
0.04462256419769201 0.3129953264678234 0
0.205068594128867 0.05647795474392301 0
0.2008971894640395 0.05376234318192514 0
0.2059412769469263 0.05089648758275461 0
1.163502377166925 0.3908346024927485 0
0.235078992547642 0.2811125191008271 0
0.06660634573932496 0.2994663235375243 0
0.1150398152619331 0.2591722879764466 0
0.1123044918777393 0.2565829596452462 0
0.3353420613109599 0.07323038484758113 0
2.182008131754915 0.3521600493979587 0
2.182008131754915 0.3293822716201278 0
0.2673431111752413 0.312192526667421 0
0.2647961039688381 0.3163048119417196 0
0.127832886777771 0.3670174321521425 0
0.1221424114912787 0.3626392170683636 0
0.3957293379955658 0.1576007711148383 0
0.7712476198706329 0.326511840714486 0
2.181140966091634 0.07976596605077106 0
2.181140966091634 0.0569881882730533 0
0.3219199809562513 0.1554811484750609 0
0.3245456067656173 0.1596504508170876 0
0.2035927436656103 0.117997338377109 0
0.2040499673441736 0.1152211821074571 0
0.2897920109886754 0.1880126094676755 0
0.2914978709214888 0.1907809202016027 0
0.1140416485217278 0.1139530673359691 0
0.1058088091570793 0.1421693852023853 0
0.1069547731538743 0.138363497508038 0
0.6678532948656958 0.2334475996372653 0
0.6643801203326616 0.2398283539985312 0
0.2089915553384907 0.26713172858297 0
0.2327399341150153 0.08317678490072901 0
0.2372678453952268 0.08235998076620187 0
0.2216710393318757 0.2760967342890279 0
0.220724425358471 0.2733590916521808 0
0.2549419105354293 0.271603699384154 0
0.2583594099206697 0.2717798235009596 0
0.2858219584284248 0.1714015073065467 0
0.1955602158536917 0.3695679086820982 0
0.1934237896431682 0.3761408912239594 0
0.1887391475615248 0.371628876967121 0
0.1626707619920817 0.3315857357206715 0
0.1587615922441811 0.3282170014972735 0
0.2150149414103348 0.08620383440732442 0
0.2192420468593156 0.08551817806867197 0
0.06248237352661353 0.3670813611418345 0
0.146387672236276 0.3816322031544558 0
0.3326146624538516 0.1712782161017529 0
0.3354312224154978 0.1755996084159432 0
0.1666774758276781 0.283736348790542 0
0.1657368908418577 0.2868406815837789 0
0.1030251849119243 0.2483994577688921 0
0.2586048027207259 0.3770663496177529 0
0.2635915941585255 0.3837797663315027 0
0.2225607215311417 0.3833229003166818 0
0.3194854031876312 0.1900276565320143 0
0.1214699309194344 0.3187291421301797 0
1.515179774684082 0.0131966402108235 0
0.09889712719808977 0.04668785723942008 0
0.09033653308900685 0.04843099145313421 0
0.09232321875940025 0.04156169202855153 0
1.9055879605177 0.376113664673724 0
1.915350665640691 0.3933770675633214 0
0.2918318554755239 0.2408243828922832 0
0.2899342889431926 0.2439284813891007 0
0.2582763190149602 0.1676750765221031 0
0.2530192743085085 0.2802161639487489 0
0.2545119495575936 0.2833178172048424 0
1.989099833321993 0.3923830729501781 0
2.001564493372746 0.3707936484432388 0
0.6611312071108619 0.2460072591196118 0
0.0870331063643352 0.03557418783526203 0
0.08250091542338524 0.02891553253256747 0
0.1241292653697909 0.3818968896235035 0
0.7653568023879205 0.2177642027936713 0
0.2392660989625059 0.07775850741438177 0
0.2422344960396665 0.08146946115562541 0
1.601617931855613 0.03536856116183493 0
1.588058911963113 0.01575451240985709 0
0.2400722540792292 0.2785534265330219 0
0.1105963043770854 0.110403767856268 0
0.1153241400743295 0.1094813870127919 0
0.08099866993690991 0.3125436670740913 0
0.2279516574428811 0.1130023298716911 0
0.2294426925093225 0.1099406497560454 0
0.2313934163338895 0.1124796625594423 0
0.07009678994223471 0.08220947871519439 0
0.06525715346540707 0.076599902163362 0
0.03401983334679185 0.229738392598063 0
0.0327790830578683 0.2376253507272298 0
0.02727330547021695 0.232392503030369 0
0.04390174601723627 0.26128985821766 0
0.0362613473597354 0.2631219327063922 0
0.03757624126665486 0.2565324794709797 0
0.2670973215103855 0.3213016063658003 0
0.2620945956480035 0.3209382203385133 0
0.4384464001499426 0.1287729511089867 0
0.0599280994678629 0.07152993703337109 0
0.05349233057565992 0.06509961023748972 0
0.06093849558575845 0.06303323458175959 0
0.1388789521237831 0.2645809828398148 0
0.13384499807864 0.04216602906622836 0
0.1299966321998793 0.04913348322005465 0
0.1418216222291341 0.2020514539290168 0
0.1397786694420169 0.1995050379661316 0
0.4376998901614423 0.1490591585224554 0
0.4393814425319514 0.1425977024557155 0
0.2295923359288545 0.1361726460692116 0
0.2277515995428609 0.1335266040146054 0
0.12828733505701 0.2715928688007291 0
0.2407866903958589 0.07274103191661579 0
0.2428749495567997 0.06783377893545126 0
0.4403084652682434 0.1342419121433136 0
0.3677140652804914 0.0702141324784442 0
0.3723187533176293 0.07713883686014929 0
0.2301404492876659 0.3305987289010116 0
0.194510894831533 0.3166485394515378 0
0.1957086513652628 0.3123509028984599 0
0.2448866835389265 0.0625010551934609 0
0.2472016112466045 0.0575776450556922 0
0.2507241956365053 0.06213007170370754 0
0.07796776010430556 0.3259197087582667 0
0.2672226300429855 0.09520504122423275 0
0.07717233626129169 0.2294671974661216 0
0.07242235277165238 0.2313175204802664 0
0.3229824290802612 0.09089133185801603 0
0.2493556931229649 0.1531190653471738 0
0.06093286015168001 0.2200909630130509 0
0.06497514679888072 0.2246743385814536 0
0.1071794576623592 0.1067742106450486 0
0.1037723928998731 0.1026133110703103 0
0.108471731167201 0.1017711879583525 0
0.06719986345484125 0.2327604241547194 0
0.06176383538910456 0.234323774627118 0
0.09953651353922691 0.09875152622146227 0
0.09591721168858122 0.09417590725988863 0
0.1187818389095174 0.2935467994992151 0
0.3542376379886991 0.1938943376696995 0
0.3516398982745499 0.1991460116285726 0
0.2366872953979305 0.1198336777302159 0
0.6826895614189332 0.3193865313172915 0
0.6746432869777444 0.3414337801725381 0
0.6907504113337969 0.1451494132581826 0
0.6830155690291927 0.1446476456507963 0
0.3367728593582495 0.1526538033679697 0
0.2701437207390623 0.3261442359107473 0
0.272613810732756 0.3315030922463558 0
0.3606420482271162 0.1930835405193106 0
0.1154601564208369 0.3652290662695668 0
0.3304040844043065 0.2961436689199186 0
0.2407402738793027 0.1431441683404501 0
0.07977245030370725 0.3451645279314984 0
0.07835541167985738 0.2250350904747659 0
1.640704607225656 0.3898715535613978 0
0.09798351543467236 0.1429187452139401 0
0.04694475491936344 0.3552022109209403 0
0.09220702513617408 0.3547302355393246 0
0.08639979444726228 0.3501433676746493 0
0.2755390578583937 0.3370007023618954 0
0.06811847510294126 0.08870144210425908 0
0.2523455940618542 0.08851267549055737 0
0.09911192222152088 0.3003123622734516 0
0.05613729008057212 0.235538618912524 0
0.09183635886854205 0.08966544031263581 0
0.06840473002330127 0.2275638527637535 0
0.1864469278207677 0.03449595990062743 0
0.4767297977900693 0.3603765600603925 0
0.46141881433938 0.3396467195030217 0
0.2511979972609156 0.3764717570684126 0
0.03776517040108677 0.2882276930026669 0
0.09190903441031663 0.1621830077446297 0
0.09559370047341811 0.0338310536215479 0
0.3598261593471493 0.3481355057643701 0
0.205466231131225 0.2541097986757623 0
0.2041477620290479 0.2516016423427592 0
0.2654004859317265 0.1398522725106636 0
0.2671061736869426 0.1425139588841211 0
0.03394220257143035 0.1825861099861894 0
0.03879839939305114 0.186117577028578 0
0.0327697542167903 0.1874362115016617 0
0.04837253697863159 0.06093944712200903 0
0.03935074908341284 0.05893178442061119 0
0.2474732445953053 0.1513875139505224 0
0.2411263340605442 0.3689555647313669 0
0.527381260880085 0.03693352660851957 0
1.066004330176003 0.06044219254102056 0
0.226944960703056 0.1378573548088933 0
0.8271647185026638 0.1840753075066401 0
0.195605140984194 0.2515722455950579 0
0.1938211528233297 0.2533365192679854 0
0.7995667096358666 0.1802686196749421 0
0.08434356873106885 0.219799938098873 0
0.08871947095815266 0.2186096876001124 0
0.3869300009520628 0.1458700140328144 0
0.628080772542648 0.3612743316445706 0
0.1474698153905107 0.1787211132100721 0
0.1461160592915923 0.1760571493752983 0
0.2926692476079859 0.2055693935122605 0
0.2912967524318829 0.2023618493413801 0
0.09345805296921927 0.1804748940358643 0
0.09471646046756044 0.1766808880981011 0
0.05574212245832968 0.1163497634551231 0
0.2244906202936897 0.02657771819563563 0
0.03445378880241944 0.1532491940857121 0
0.0419185971573097 0.153569169733891 0
0.07086969476296295 0.2715686761486154 0
0.06508426398142295 0.2720304676120494 0
0.06878678236938962 0.2674128699080859 0
0.08990004341368066 0.2145385445223876 0
0.5336474884381072 0.07272829648255348 0
0.2816177276404285 0.2292547937552392 0
0.1410642857788627 0.2149822538073188 0
0.1439006785716436 0.2138203146205819 0
0.3478821217884626 0.2318576891877289 0
0.9719728684001938 0.3261129757859565 0
0.08645785917382276 0.1888081915058615 0
0.08361379845501249 0.1852673949237895 0
0.5469765711893408 0.3024339204922522 0
0.5548148027528688 0.3130279240384709 0
0.4424367211259341 0.1531146778655929 0
0.4466560075736623 0.1584931795595642 0
0.2438021845467689 0.3757152878254681 0
0.2370887661027898 0.3748826417973951 0
0.2881369745392584 0.2023254700005793 0
1.258318416342536 0.3511340115893058 0
1.266628304897658 0.3346612650289056 0
1.282640580015427 0.3526229207503762 0
0.1330287933884486 0.1420781297300119 0
0.1335910279841223 0.1388806424154356 0
0.1391111386915776 0.2107367704231134 0
0.1582891180978359 0.05041577951834315 0
0.1642271554697388 0.04945735856931555 0
0.3427579062248571 0.2139296832001746 0
0.3400457632122708 0.218817132244093 0
0.1825282555847731 0.2593654433996848 0
0.181833258859476 0.2624220987673954 0
0.7198995928057919 0.1549215607848432 0
0.7183644690850945 0.1472675688558244 0
0.7802762032993575 0.06800310654253217 0
0.79574155225334 0.08792068332710883 0
0.3205194143443536 0.1172619899821721 0
1.155202727978009 0.04178727840853766 0
0.1841967905561865 0.291070745654804 0
0.5906369480163663 0.1486949948081761 0
0.2035348554967824 0.2554923596234337 0
0.9277602512311245 0.1234514087986694 0
0.9376368712718191 0.1425522125625243 0
0.2687327392338874 0.1453639152522625 0
0.2704452632568529 0.1479753516487539 0
1.861566573608752 0.01995147988575768 0
0.1429898776231045 0.2799616590390537 0
0.5941810611418108 0.154592260219227 0
0.5980303828518304 0.1605842171440821 0
0.220269901445264 0.143436420694802 0
0.3914407118924152 0.1516757982620209 0
0.07910063807084509 0.3527616074299749 0
0.5269737013172542 0.2384819776895915 0
0.381023144105207 0.07670773709819322 0
0.1169682534359922 0.1009137964952636 0
0.3809751492187695 0.3687982486501178 0
0.006212807705846916 0.04124995167456667 0
0.03641925243314255 0.2703919890570762 0
0.2527953087734827 0.3109391414568553 0
0.1520606331157415 0.2898298847601634 0
0.3323211881419948 0.04903340883767476 0
0.4896325558884475 0.04720031025287013 0
1.301491885410869 0.3559429493288838 0
0.1968154454519457 0.0493861437267161 0
0.1529575991922678 0.2786608215272258 0
1.666823595288935 0.3895110953023202 0
0.278314847839285 0.2402032877583042 0
0.2766403582209905 0.242854699142017 0
0.09805175046581188 0.3055149568465582 0
0.08792615790333894 0.1959206552624313 0
0.08925340284101531 0.1919365160137831 0
0.2913767679421203 0.1851551352189628 0
0.2752008553573101 0.1559075914797384 0
0.2769113543715759 0.1585039454898537 0
0.2317614083088362 0.1179989330065602 0
0.3222848155875522 0.1015311042155155 0
1.944406959458673 0.3599814432821136 0
1.968297486937018 0.3589874486689703 0
1.953743699977502 0.3757601405134997 0
0.4801905195844997 0.2513240487532943 0
0.4769280391031815 0.2581934832411257 0
0.3680999533477278 0.1251198266772132 0
1.233069759718469 0.3527860047488558 0
2.127098549687506 0.2994331828224064 0
0.2641877352173845 0.2658433234765984 0
0.06333731982606867 0.05582915341866906 0
0.1340415071911365 0.05433115201906631 0
0.1402287080821716 0.05337935348543671 0
0.05905119394652668 0.1268544951041326 0
0.06057694091977613 0.1207506822427137 0
0.6686843504899673 0.245328744904997 0
0.07989134332033379 0.2209500305638875 0
0.08115130803180029 0.2168007368025291 0
0.3150752971155945 0.280548782717542 0
0.3202659519254463 0.2844627648576738 0
1.988042061180475 0.3582007188900383 0
0.1586646334651807 0.09461433641267268 0
0.16286217966115 0.09402958294640974 0
2.160320526905917 0.2734401746911739 0
2.157545656911549 0.1821760286393466 0
0.1548653173201374 0.3243569926273527 0
0.1511692072464871 0.3209934170074247 0
0.2553514181865149 0.06189507973839113 0
0.1136388331164615 0.3170772121318634 0
0.4374005748274363 0.3197953419880218 0
0.448073800304144 0.3199866284459678 0
0.137198160766111 0.1999037779763427 0
0.2997188262224427 0.1701392080213626 0
0.6753704225021769 0.2330136531596121 0
0.164595880543305 0.2893442651744396 0
0.7848674927858951 0.167753632606085 0
0.3135151487672723 0.1876075712580133 0
0.3161974024854153 0.1908346056903737 0
0.09342302507224877 0.006897379828422937 0
0.2429149722693403 0.2449644724667713 0
0.02424110973134475 0.2274870078257795 0
0.6956636408330683 0.1710179358541044 0
0.7351056719362943 0.3216611609578043 0
0.3964136444684776 0.2435986756816676 0
0.2948306188936325 0.1149069312652263 0
0.2974480444785464 0.1190356979605963 0
0.4386340458605919 0.3578075665881247 0
0.0953114388357581 0.05999643521106148 0
0.08926374927538716 0.06106022437281212 0
0.09086275196732543 0.0546209458257534 0
0.1301596194739305 0.1427115348594343 0
0.1178634609002516 0.2981509314779732 0
0.1168952320391721 0.3031355007738587 0
0.1245790649179598 0.2333183323975594 0
1.920748817842844 0.3575405132155379 0
0.2069582051045841 0.08792646549032024 0
0.2110806442453944 0.08719520617487279 0
0.2232159592553331 0.2539646545365081 0
0.2260249668780328 0.2543146319698165 0
0.2471604293031613 0.3823988341344408 0
0.133003020721373 0.3058617360818355 0
0.1294821395927247 0.3027329484048371 0
0.05321732843329088 0.1501672138474548 0
0.05474389535673918 0.1442925735266481 0
0.3111573439718589 0.1844620599161649 0
0.3155352535376394 0.1839321964982265 0
0.3368271522708792 0.2504770058534629 0
0.4006356637363538 0.3686533681055928 0
0.3946275159712297 0.3581172496068165 0
0.4061097880993337 0.3575836558763272 0
0.2711197031641681 0.2503454975265896 0
0.2694557235504849 0.2529802928891784 0
0.09593016556199485 0.1725490938651822 0
0.09715693804178213 0.1687877403173027 0
0.1700395578486077 0.04823751030807012 0
0.1759493567243213 0.04724673689875432 0
0.3486237109365605 0.2137945855773816 0
0.3057071687791519 0.1309988042517691 0
0.308311135453561 0.1350115624612246 0
0.2627289886806098 0.01195206351105853 0
0.3118128737066968 0.2678870681007215 0
0.3095762078182273 0.2723718680077179 0
0.528991563084193 0.3051435544765871 0
0.2197117994463496 0.2709005615571613 0
2.141503442355558 0.2877592267212911 0
0.229663959616711 0.3731725078383312 0
0.1383959469542192 0.2680741775445321 0
1.041528295838724 0.06036658322645216 0
1.029755419799592 0.07958180517344897 0
1.017037148343384 0.05998657318199865 0
0.06460754133437255 0.2631882786434336 0
0.1949759358335292 0.2555571067688196 0
0.2938947173092825 0.2080187227430008 0
0.2602353438291475 0.1999185773451829 0
0.258520786477031 0.1971420769045767 0
0.2608514233254915 0.2910540047117384 0
0.04406076529675344 0.2178291152412799 0
0.05004996698359332 0.2163500112992172 0
0.06958258057556183 0.1994149366011516 0
0.2913287318360455 0.1795835067877972 0
0.2865364616323978 0.2050913782015849 0
0.05435994231952367 0.2143067296366089 0
0.04931224189102823 0.2108167356344251 0
1.835001580863688 0.02042652126974157 0
0.2480330465974534 0.3183499232357502 0
0.3975139564885759 0.3105337247676737 0
0.1039768348871168 0.0332575793585588 0
0.1113862957653884 0.03255922471733348 0
0.04701801767687753 0.1739329401001237 0
0.04855269625236437 0.1681071507094745 0
0.0869322074103115 0.2115163899314455 0
0.1031880406651445 0.1493116176720894 0
2.159018112325014 0.3937056780631069 0
2.183947432426518 0.3937056780631069 0
2.184218480073301 0.01529701343957437 0
2.159298904115898 0.01529701343957437 0
0.5225910241282767 0.371627075138008 0
0.5417052396091868 0.3704181327736272 0
0.2881382555838752 0.2472044077658453 0
0.1982386397859905 0.07916916762815675 0
0.11363192041226 0.3718140950448692 0
0.1081438162923696 0.3673982188970953 0
0.5705146476629261 0.06338282683559682 0
0.5837582597691997 0.05337221829971155 0
0.5875280804528562 0.06648081611685128 0
0.2648728984782277 0.1285655312474259 0
0.2713778819163717 0.08680756319818059 0
0.2728793546670194 0.08164306154169228 0
0.1900050627624434 0.3052793794234872 0
0.1892967568012228 0.3098538683129373 0
0.3679500743488838 0.3329193302356764 0
0.3637309139016995 0.3403486703816003 0
0.5649320073648025 0.2491018666997082 0
0.5571485940106817 0.2495781694885677 0
0.091497242872627 0.2368382987990929 0
0.2099380642092463 0.3211750506333632 0
0.3425545958820628 0.2232885083578051 0
2.163009505210968 0.3178515366684495 0
2.161414831894381 0.09115485493962598 0
0.2691320366605892 0.3475840471279981 0
0.2728813283440277 0.3534675058472456 0
0.4001688461052155 0.2362038330689868 0
0.1240202041807112 0.1075936976863463 0
0.6813570851566182 0.1574483847375371 0
0.3386419494536862 0.06637747631802628 0
0.3424250944327173 0.05727730448380534 0
0.8678345335824122 0.3097132333621808 0
0.8429948298020602 0.3128467593987467 0
0.2880448622524646 0.2078647816018901 0
0.7108999998599921 0.1460974212708664 0
0.7067565160441558 0.1522261402146327 0
0.7052159191896874 0.157984210750206 0
0.7123889991123658 0.157102588817761 0
0.8221316730022715 0.1802019904141274 0
0.437201577495046 0.2816595520536383 0
0.2534276812050742 0.2312361692080997 0
0.5333036930502397 0.2370880685909044 0
0.1423940440077314 0.2226431565782903 0
0.1453055649481903 0.2234077016148952 0
0.1560078448505094 0.09107229487268344 0
0.2074246335310294 0.07339746751119212 0
0.2056027496327003 0.07768191099310202 0
0.4158667390707301 0.2758557681705977 0
0.2736065969853413 0.1477735244112136 0
0.2564863308247064 0.1651176445047093 0
2.147597854244056 0.3075013750864025 0
0.5982165712401358 0.1490280130456286 0
0.2570597876022384 0.2343823113907305 0
1.041163529178127 0.09816631835525615 0
0.1176331853215967 0.234875354539433 0
0.1149870604272366 0.2364689579502433 0
0.1148944274525781 0.2330433151613287 0
0.4194651920924606 0.09232600004099666 0
0.4283518976979316 0.09262713125020361 0
0.3162776423606201 0.1471107859003596 0
0.3188834147335659 0.1511975763630929 0
0.3101719115253744 0.06887555532537097 0
0.1544640792248572 0.04592191999700838 0
0.0849355380790453 0.02119365713346525 0
0.1939995190435557 0.1336020868505867 0
0.2390277122520806 0.3952889048145101 0
0.2865117993607407 0.1558757934206379 0
0.2834383675495368 0.1531377902091775 0
0.08787499429444795 0.08496919704101934 0
0.05017755847560121 0.2372491846793782 0
0.04397578889811016 0.2390165823223308 0
0.05484786574258754 0.2034404153884027 0
0.04851779654560387 0.2052061780395592 0
0.1072956357567685 0.3069710604475135 0
0.1033565315180633 0.3036662109945729 0
0.245738302542541 0.3143681995995563 0
0.08253201152169039 0.212640923757948 0
0.2507917586481276 0.3896510311416406 0
0.2433959459339809 0.388894561898696 0
0.683136826368643 0.2320888393233742 0
0.679699667578233 0.2382250259476784 0
0.1803292636337733 0.1416910098027992 0
0.1774542644417235 0.1422267751262311 0
0.2407419146355233 0.1407519012671037 0
0.06414001525092783 0.3306301258834745 0
0.07144410092985018 0.3282594544683588 0
0.05587673988122616 0.3614283512390752 0
0.3269630760603552 0.2590709068652398 0
0.3272339961358975 0.2652720488576285 0
0.2337108282297971 0.1059100617213362 0
0.9440892040154969 0.05800532198793558 0
0.9335750469724819 0.07539585735074671 0
0.3347977540555899 0.3464778892871054 0
0.1768042528432281 0.1450944114285834 0
0.2540208629916395 0.3959720700376878 0
0.2604695484896615 0.4028986905847398 0
0.1425095227770617 0.04796424706014244 0
0.2114337319323543 0.3105167816712796 0
0.209591082418181 0.3135734246016841 0
0.2480992416246206 0.3106159232578302 0
0.376261899362807 0.3179527178130635 0
0.372009341566057 0.3255169970225133 0
0.07152973118669051 0.3039617449966803 0
0.4553010163017883 0.2692754624183891 0
0.4593672731361294 0.2749601102424526 0
0.6761964992656737 0.2446333473679093 0
0.2817901136505647 0.3484897759156582 0
0.2785969171084385 0.3426597207339935 0
0.7287829486951037 0.2293173671264923 0
0.3693224735229199 0.2298453954726983 0
0.3635037698668966 0.2340854964160869 0
0.605530265985051 0.1605415836779434 0
0.1962028069311471 0.08628384097668616 0
0.193478016393828 0.0834619421191799 0
0.1974399398166845 0.08295592174033684 0
0.1224748498252718 0.231259263320371 0
0.6357390289410205 0.1386256760013628 0
0.6313926423300549 0.1451044759600676 0
0.08764890046513246 0.0668332687822417 0
0.08320021359669978 0.06145777939693364 0
0.1488724376067649 0.2817502906064618 0
0.1259043426135353 0.2996382672799263 0
0.1224139303364274 0.2965935542416118 0
0.04077109856182216 0.08960398502829726 0
0.2820772581715003 0.166254195346047 0
0.2838376769313778 0.1688803105669456 0
0.09180788484952762 0.07275113883767707 0
0.5479235106018726 0.355569651605848 0
0.09386469812932949 0.08376280718885042 0
0.09595423197890951 0.07795864282826621 0
0.05297295378969524 0.2470438434042705 0
0.05438569846674804 0.2413513585828836 0
0.1539900622008639 0.3293028255177088 0
0.2402717154042686 0.04796612526593674 0
0.0883313163983433 0.2338654792250618 0
1.016672381682787 0.09778630831080265 0
0.1254591210794155 0.2688658457407381 0
0.1228448122336298 0.266309562771219 0
0.2799420887769585 0.158369643665511 0
2.183947432426518 0.3709279002852598 0
0.1142142816863341 0.02666230424754939 0
0.1185307205459721 0.03252492806260267 0
2.184218480073301 0.03807479121731164 0
0.2948845598335874 0.1907630089123142 0
0.2966919115480574 0.1876111067175234 0
0.07616071044361519 0.3082922836281721 0
0.2600701002869206 0.1888303820118785 0
0.7921554602572788 0.1680485459767578 0
0.1347350117162439 0.2096978761385408 0
0.4658804954129347 0.3265038310140101 0
0.4569070383833469 0.3198817888613706 0
0.4683396888795089 0.3167867438711292 0
0.04682130339296643 0.2488811646659927 0
0.2768227590593759 0.09419183300233595 0
0.1587228009194764 0.3471729734044428 0
0.1611797106154824 0.3410927559857218 0
0.09868672249205174 0.0272700751652693 0
0.1090425165217856 0.2540137103988 0
0.1062839743895574 0.2513088344872439 0
0.3085079462950024 0.3506314216517026 0
0.3050820386769447 0.3443226692496582 0
0.1482263253730324 0.3407985468232043 0
0.9931587922979275 0.05933871750445397 0
0.4010445594911365 0.3184328129363483 0
0.3925237478761042 0.31851214572345 0
0.2121099484690507 0.0830458587112473 0
0.4146892528223817 0.3102130684199008 0
0.199026287192384 0.1144920008693783 0
0.1987172365749156 0.1169769360516551 0
0.04721098308042075 0.1514796494129932 0
0.1325344748785689 0.3105985769390725 0
0.2669849631854746 0.3970247149974096 0
0.3629436256263094 0.06369297302516032 0
0.1404084198999199 0.3160407099149837 0
1.054551062279018 0.3089754369976943 0
0.0943479296002963 0.1655018622223548 0
0.03822433975119518 0.1050048734158845 0
0.2105230363558109 0.2852186269143066 0
0.1781065474464666 0.04139421866660902 0
0.4890012901429966 0.3223224061507141 0
0.4835397580369387 0.3140608500412871 0
0.4952279022708386 0.3129744701682325 0
0.272393852426983 0.342311745805909 0
0.7987802118561086 0.2486980846435026 0
0.3123982611666454 0.2767539969021363 0
0.244040994404947 0.05267303349483143 0
0.2498785065025259 0.05230205000507806 0
0.3262252752125494 0.1638004419035663 0
0.3290884870707013 0.167961463724127 0
0.3036054443575956 0.06949582566016059 0
0.4164904398636891 0.2691373532470519 0
0.1827359302047963 0.09171740760876973 0
0.1867602480612812 0.09105262900403213 0
0.13891046823825 0.3774311923106448 0
0.1331769714049374 0.3729634788948828 0
0.1866502902557918 0.3610694598320576 0
0.1858806458250796 0.36711575356787 0
0.1816553623088232 0.3631293189746679 0
0.2850517492760954 0.07350415674885082 0
0.2874764486497977 0.06747485591288348 0
0.1241013326814442 0.1747544547254207 0
0.1008986515992749 0.2771434972976107 0
0.09605373544518125 0.2788444489254047 0
0.1990829462257286 0.1120372617920516 0
0.04286831731499113 0.2447146325906522 0
0.03841813935132417 0.2406692905632452 0
0.1389858604183894 0.2130117347061333 0
0.07807978611095531 0.2137910162229625 0
0.2523457093048368 0.1492192192350784 0
0.04139561409656538 0.1754917136812999 0
0.09075614604815702 0.1658759851231938 0
0.2809661684978636 0.1558869376454531 0
0.5626262615343129 0.2601674112529561 0
0.5681520722322042 0.2554303099768376 0
0.200980779954949 0.2555994056315971 0
0.1876889999345997 0.3546473539631185 0
0.2092627604797294 0.4039720678005833 0
0.1705541440032042 0.338622462076085 0
0.224019478373192 0.08496174208301341 0
0.228389764286854 0.08432307887444079 0
0.3272498367541292 0.06098418832006767 0
0.3311277688248614 0.06689871962221093 0
0.1495151552122792 0.2784298438165012 0
0.1505161903942961 0.2754445639081793 0
0.3417280492762216 0.1842311904857315 0
0.2160223075878683 0.1389529121935461 0
0.2155956778110418 0.1359077067081108 0
0.512199877648472 0.3176214519656056 0
0.504078351500959 0.3113684325929737 0
0.2001886809942153 0.4055265680330889 0
0.125073349306351 0.3042923673452807 0
0.3929712977196029 0.3427472717811162 0
0.3909476529918304 0.3324291200384031 0
0.3760675653902842 0.3327595021534194 0
0.2196111007648822 0.3455601595413879 0
0.1980363827225363 0.2555700088850755 0
0.1997529030237126 0.2534882774439749 0
0.4728514648355421 0.3365516745127803 0
0.6823551034029349 0.1516081912865098 0
0.3681035436185608 0.3479486707493523 0
0.196801826427589 0.1334321765260067 0
0.1196426334347237 0.1085269822127078 0
0.04126365384618043 0.250533872906907 0
0.4170061414984595 0.3580385509562179 0
0.1161972892900813 0.1049776827330067 0
0.3386853327604057 0.1797412552986622 0
0.03892375101524739 0.3078038632865089 0
0.9560267393040152 0.03973126823527129 0
0.2571194975527441 0.2451858918971422 0
0.152378580895731 0.3440034122468946 0
0.9917173696142394 0.09591840919039098 0
0.4475984445350858 0.2345638887097992 0
0.1665187604638677 0.335104076031964 0
0.327020673318174 0.3460768912634863 0
0.3231406344831898 0.3521030302907195 0
0.04592447872421149 0.3636767064492625 0
0.1880828854100674 0.08740943083294613 0
0.2833960305757038 0.1635154838496893 0
0.07481954731886097 0.3147592106800268 0
0.4763242730157685 0.3139331138980624 0
0.4825508851436104 0.3045851779155808 0
0.2289267638410821 0.03231610448085533 0
0.2342953319061096 0.3083567385432148 0
0.3426046428534353 0.2410108402662449 0
0.6677070565023016 0.3609612348491341 0
0.2932981829910212 0.1937184321877665 0
0.2948453932567168 0.1966073755600151 0
0.1802012107270126 0.03586837371144588 0
0.1823340396372806 0.02963926222897282 0
0.5363719730515679 0.346994281128176 0
0.1840378558034749 0.2572907143487899 0
0.6839629031321397 0.2437085335316714 0
0.1924688771901546 0.02468194072395813 0
0.1994666110652559 0.0247533189124843 0
0.1089875721182454 0.1306761204172721 0
0.1056326118219911 0.1275752191345926 0
0.1238056033627531 0.1560557427334241 0
0.1262923451678937 0.3755909891600811 0
0.2981803491793829 0.3440527803132746 0
0.2948278150353412 0.3496278569450844 0
0.09989846460349006 0.06544450821863006 0
0.119821919805355 0.2326167774789929 0
0.0374105428091636 0.3149876363451017 0
0.1415060212409117 0.2670267129193362 0
0.6083928253270385 0.1549881693902024 0
0.6121624069465094 0.1606044746114663 0
0.1617343355966936 0.3366811746989222 0
0.6056771787900643 0.1498063606255529 0
0.3369809851568771 0.2325085868044655 0
0.3426179186332444 0.232027123081959 0
0.3399798397858171 0.2366192981786126 0
0.3017541268651171 0.1729015321382293 0
0.2095734240598571 0.3066951387030422 0
0.2216228747108888 0.3080117681427647 0
0.1538035832125475 0.2703772600130773 0
0.1517164655226032 0.2683725417833873 0
0.02932177699398034 0.2786865379614881 0
0.4325217466163354 0.3101730628734568 0
0.1077914747947945 0.1346208595774787 0
0.03525077501105867 0.2771254302839165 0
0.4517423649032947 0.2408198100652894 0
0.1766212141770883 0.3657210895525081 0
1.079873426929839 0.3098808348939167 0
0.2230172202562022 0.2511685323574744 0
0.1832341806817205 0.3507312321239878 0
0.3794515056032336 0.2530416138543242 0
0.3798128192845661 0.2587613356659313 0
0.2202691943159626 0.141283856721927 0
0.2510416974348713 0.1659427070557669 0
0.2495184857468428 0.164083944786484 0
0.3317478203069171 0.2326827934888191 0
0.3240019457144229 0.2462183633329353 0
0.3264301567393221 0.2511534131573261 0
0.2719378501952386 0.09467726826850688 0
0.2692447958872339 0.09087960868207627 0
0.1126497600755979 0.1018682012953476 0
0.183285436269541 0.1409623207412349 0
0.2970027926603355 0.357297912817479 0
0.2903034932490959 0.3566788435257038 0
0.1920586447627017 0.1203485200620209 0
0.2055824884662436 0.3064391494037184 0
0.2032412868494674 0.3102037622709339 0
0.2937346135547337 0.2377190853917476 0
0.2063366149630321 0.3131900034210396 0
0.08891152010393588 0.01416926224775899 0
0.09427957010324364 0.02081915454255214 0
0.1045878433319042 0.1457269053992926 0
0.2226914676497328 0.2820464992069578 0
0.2224244496268884 0.278452037958716 0
0.1525989810006261 0.2732866301170765 0
0.2190825295444243 0.2823872964146545 0
0.1943271959583699 0.3054177314796719 0
0.08839268694543942 0.2753564333892601 0
0.3880905917430612 0.3258842014161905 0
0.3845599887405006 0.3179851132475159 0
0.2949119483776693 0.1793280163088372 0
0.1751408421578521 0.09343534258713483 0
0.11796428437217 0.2609613376942687 0
0.2257951937858818 0.3082286902686793 0
0.2864382019858448 0.2501830264273017 0
0.4557146231586325 0.247181528017281 0
0.2098538969389822 0.05793101515387022 0
0.2048098094560954 0.06079687075304076 0
0.247632212353223 0.01283540632090691 0
0.212743807303388 0.07960699827821001 0
0.2126361442583598 0.07451280123534307 0
0.2348284941854071 0.1172490012006097 0
0.2378953542331133 0.1166261555927934 0
0.4282225657522561 0.3195940239737946 0
0.06678988803258491 0.2084841910862585 0
0.0681558851931931 0.2041133075787348 0
1.789469962068202 0.3925711702737484 0
0.4273912029101892 0.3568470253198902 0
0.124317748067771 0.1396253486331176 0
0.03922146556223043 0.09678700787344534 0
0.2537073377480134 0.1656792077967124 0
0.2180720116689603 0.3674740766994857 0
0.7038342705039381 0.2187552215338836 0
0.7003778989278271 0.2246318122491453 0
0.7334710993371398 0.2256346445747898 0
1.104904949990026 0.3104137807897689 0
0.3170371270391551 0.1024588536128147 0
0.3136412823769441 0.1080702245052918 0
0.02292686993756808 0.3364243286690363 0
0.3068694667768859 0.1848162607571612 0
0.3197186468193339 0.09681519533100753 0
0.4673508159861807 0.3073110717454229 0
0.3263596434132328 0.2416622796796854 0
0.2159883776404826 0.1434371940153165 0
0.2241832109275916 0.3718375974173166 0
0.05783207540538488 0.3323448919297381 0
0.4595201279404738 0.2533017886518552 0
0.06829588814440557 0.3170989563901189 0
0.06181546840106443 0.3197578277108963 0
0.6123093197515226 0.1498692515590759 0
0.2520520883541534 0.04769037879198917 0
0.2546429794187254 0.08409881213416284 0
0.2573651949559705 0.08791958221060965 0
0.2804108865709238 0.05961431388168422 0
0.07512246757079433 0.271131423257035 0
0.07141994918282765 0.2757490209609985 0
0.06484241398415597 0.2005176927426636 0
0.2585855661366683 0.2027777769690944 0
0.5075885408606273 0.3309759955086339 0
0.162162053899782 0.1244792410783139 0
0.2562442658732775 0.1984643094024903 0
0.1957953268236938 0.3094761079174701 0
0.1924775790712724 0.3112504560297274 0
0.1678562072132422 0.1240219531770309 0
0.4358394142756979 0.08637276855637527 0
0.1368514983647139 0.211693577036407 0
0.7988721899533628 0.2544973818828144 0
2.146011976323905 0.0537072894201346 0
2.14116083115035 0.0767642871234749 0
0.03330017954553208 0.05896149770421215 0
0.224827439289087 0.1337754757132157 0
0.241240817039793 0.2812403243807331 0
0.6464570420560077 0.3619427006295223 0
0.2084715227999624 0.3169324582670585 0
1.710469231396883 0.01796771353031969 0
0.1445853617119186 0.1741951153646801 0
0.1206672211424934 0.2635386737176179 0
0.1857833039643975 0.259538428977742 0
1.131400045433594 0.312814437692537 0
0.5842859292139341 0.2990176745924772 0
0.57738347161571 0.3113675216688862 0
0.4636462187346284 0.2596195916537996 0
0.5574446722120845 0.06192064334347058 0
0.5416601309767702 0.06160918265819853 0
0.5509602857439554 0.04996276833318505 0
1.816357134357391 0.3912083541240493 0
0.4636541609143159 0.4024193329554446 0
0.2329694671440189 0.1147914108691376 0
0.3850335225698936 0.3612221085914876 0
0.3905076469328735 0.350152396362222 0
0.0751631509805888 0.2220358891784221 0
0.2932525046618094 0.1822292830328154 0
0.2949599844837442 0.1848996447400028 0
0.1988990363527185 0.08938673857210631 0
0.0353438782912379 0.1766877261240352 0
0.4823607727556926 0.2610391836853397 0
0.5427316091637342 0.3230773243682556 0
0.1201934823668551 0.2300921975918965 0
0.3158434873942348 0.2590132058433503 0
0.827242468521886 0.08777464483900795 0
0.1445629437844616 0.3142964117103134 0
0.5784967399856474 0.3248010067720573 0
0.6014820233068494 0.3216986660591188 0
0.6157315647835009 0.3269175882212315 0
0.2620960780239113 0.08745655024600862 0
0.4773102289016011 0.401442460233827 0
0.1759277496761505 0.2567946913461285 0
0.06030224861770193 0.3254048515923938 0
0.2580414098158091 0.2831761456052047 0
0.2560421413041356 0.2860519457692939 0
0.05974461643000187 0.2016617202626177 0
0.05851896791437291 0.2069947588460318 0
0.5577580701801221 0.2620553129921562 0
0.07343157004222389 0.214851573859907 0
0.2848732728101225 0.3540989141500062 0
0.2785348708365856 0.3535799024123552 0
0.2088095101384477 0.0805983700457584 0
0.498616819394901 0.3031068764835467 0
0.2514553758444197 0.018634254024108 0
0.2593415040406949 0.01814731980552797 0
0.4874620844745113 0.08312348000963975 0
0.4778043536641851 0.09109829397838193 0
0.2642139157639586 0.2607190763031764 0
0.1483218317721982 0.3174076658945377 0
0.7964296615451261 0.1861728437498656 0
0.1241001896928376 0.1505931821319933 0
0.1245591470331351 0.1530166431309004 0
0.1623397921336107 0.2870727330226077 0
0.7025882757753243 0.1708390610717102 0
0.7049206248807367 0.1644251027888055 0
0.3050814413204817 0.35691707920411 0
0.3005571195342365 0.3639680657847295 0
0.4870824937833602 0.2640329091678332 0
0.7096249224138025 0.2332505844625775 0
1.688996315875958 0.01450618562379142 0
0.6407433922762633 0.1522710142551953 0
0.2009634303233096 0.08199106648566301 0
0.2492552261331454 0.2330370019176058 0
0.09785878327320173 0.07164321774870934 0
0.006212807705846916 0.03004337247730583 0
0.09826205816360278 0.357829389602559 0
0.2029527446295307 0.08879676054984395 0
0.2041701908290569 0.08490752553831939 0
0.3743138796989723 0.2518055467955909 0
0.3803044075442267 0.2477427488535381 0
0.2179274239209997 0.2796627101108814 0
0.1274162010499182 0.3121425195099304 0
0.04306114109091144 0.1904882476387104 0
0.9473938109675244 0.09304945476455523 0
0.9676743543193954 0.09432938531851376 0
0.4796429056645524 0.3476598842133289 0
0.4879829196926342 0.3583418812719296 0
0.2255880287497514 0.2499513257833945 0
0.3120622731689034 0.3573015746189531 0
0.04736214086073604 0.06943614957362053 0
0.186142116101085 0.1401694448758113 0
0.2561927773168486 0.2014959518599212 0
0.6424407628359832 0.1473636693015999 0
0.643425268040164 0.1401148784620562 0
0.143584040003193 0.1769378969391167 0
0.2496298658253268 0.1500985174611673 0
0.3231909623664813 0.05600536376806473 0
0.1792358143965932 0.0928834361533266 0
0.5369066750629344 0.02467775885411948 0
0.6122797581149284 0.06268503016818229 0
0.7366448657106091 0.08122030165105509 0
0.2820176416689044 0.3033172733857468 0
0.2795937500477629 0.3074794633193302 0
0.180424771503641 0.08919502885491991 0
0.5101561566162591 0.1268844265276209 0
0.3830663838521992 0.2653174403542075 0
0.1020768142765251 0.3689610014859961 0
0.103905050285102 0.3623759727106937 0
0.07019763611569182 0.2232314349070006 0
0.07173356775616824 0.2191463749961222 0
0.2381056717313108 0.2808349123532545 0
0.1822845954080623 0.2932169751767395 0
0.1810357181245233 0.2900640798216366 0
2.146605782905699 0.3700740189806835 0
0.07313384763770028 0.3213503398360381 0
0.9812212570094092 0.07761277125711825 0
0.9691157770030835 0.05774969363257675 0
0.2013486501280626 0.2517588370952482 0
0.19840425289565 0.2517294403487266 0
2.149089490305572 0.03479389236439294 0
0.02239422238031452 0.0282022093900858 0
0.2275092268028929 0.2517638761750982 0
0.2908130599547486 0.2076587976919484 0
0.2892703319537612 0.2103141108326304 0
0.5574056007990046 0.2560893420424199 0
0.3134086970267256 0.2634043664017282 0
0.3159437273659674 0.2673033336195084 0
0.4880258259291514 0.2590770703475634 0
0.4878714594779444 0.2516774361546503 0
0.1962038127647655 0.2576682349564418 0
0.1267072842518996 0.144163646360908 0
0.1272139018430892 0.1412806314997443 0
0.1854356095192208 0.08403018429772473 0
0.189593607617444 0.08341061482030783 0
0.1464310288087932 0.2785340329874154 0
0.05845560506559322 0.2165123788677441 0
0.06429079780518449 0.216763336579394 0
0.837111517001087 0.1462755288258861 0
0.2519909483675298 0.2331558736040125 0
0.2759644875035855 0.3590766440815937 0
0.5171463056901802 0.12661566787535 0
0.06846605517732693 0.2160471195884855 0
0.1557854061040613 0.1540666550692399 0
2.144666482234095 0.3513061680933824 0
2.148604612542917 0.3295254927695647 0
0.2835397650780211 0.06380633902510106 0
0.1802993601129181 0.08507708697670437 0
0.1948856986399467 0.1197760827932524 0
0.2299953072551874 0.3078835852193602 0
1.254564969117925 0.3180534165164273 0
0.2007132848478889 0.1187625270126882 0
0.3740134757174009 0.2359778062168487 0
1.940279985742143 0.3933770675633214 0
0.3290961724307029 0.2372038445234281 0
0.2015999464649425 0.1138512652560141 0
0.2049688907983629 0.0811207714261393 0
0.1305349706448188 0.1366657453123226 0
0.8415287780812063 0.1412148174623196 0
0.1438525724285007 0.03443961587487718 0
0.1366263752789456 0.0377219417812737 0
0.1263423814401626 0.1495871223466466 0
0.1885582588124859 0.02054489287541194 0
0.1846274695112013 0.02475825456750113 0
0.2276326644327459 0.311567178465101 0
0.336967709377068 0.2414923039887514 0
0.6365959619252678 0.1486611612723183 0
0.2273951088259107 0.1075677380694764 0
0.3303687825799398 0.05506698654065315 0
0.2666626617641186 0.08733533615390644 0
1.278887132790815 0.3195423256774978 0
0.05550752855552148 0.3214725937571599 0
0.6003687549369121 0.3082651809559477 0
0.5900903371851772 0.3215385338008815 0
0.2244675493220509 0.1363582482950682 0
0.1240454432055988 0.3090384432971235 0
0.1204676462264095 0.3059437621722127 0
0.4183827219333656 0.3192407506575455 0
0.15822163290114 0.1552664366823179 0
1.964170513220488 0.3923830729501781 0
1.563139336005747 0.01575451240985709 0
0.3316063772919797 0.2415591970573763 0
0.2668206985020374 0.3901008052275499 0
0.2577853463608198 0.3894763422734326 0
0.2308368677169191 0.1070450707572276 0
0.1275283694275547 0.1464864819835243 0
0.03093435108447586 0.3176500520298124 0
0.1277700832898019 0.1381732371316438 0
0.3773124663485395 0.2415949354806029 0
0.1027516632089066 0.124787992909433 0
0.9381555281065119 0.2573673909644001 0
1.54009935064144 0.0131966402108235 0
0.11586732593842 0.3078815767257014 0
0.809283959815601 0.2483060592852569 0
0.8038253323935334 0.2528233914395369 0
1.978705320661645 0.3424220216586523 0
0.735046909548675 0.2377223776146042 0
0.4965574994066707 0.09388655228425721 0
0.2578143223256116 0.2890592012772542 0
0.7353534104181768 0.2304650233824265 0
0.1632447746712642 0.1222849667556663 0
0.1649283958483027 0.1247006409507817 0
0.5228040531047914 0.3499878658481645 0
1.293181996855747 0.372415695889284 0
0.4591813934016575 0.2641187166722578 0
0.3172743110067659 0.1126923416985046 0
0.1764831103879463 0.3730925535586608 0
0.1978872339912066 0.1194334587310026 0
0.4505329937707183 0.3102695413030868 0
0.4957927309720069 0.3334306158512627 0
0.484104586738107 0.3345169957243174 0
0.5918309260920943 0.2976754222983308 0
0.1016454459241028 0.1425200406909612 0
0.2614732725442817 0.265997427365607 0
0.2598718321180179 0.2687007746339208 0
0.5858594748214686 0.0804110747112543 0
0.2624816896947165 0.2633561882119059 0
0.4097282372145921 0.3194820742182167 0
0.1837442196145562 0.3736887361097312 0
0.9008448964378895 0.3003990620054387 0
0.5337750260048023 0.3127163655452158 0
0.3314658201857908 0.2505438989220879 0
0.3290261286506034 0.2556796798657803 0
0.1773452739862678 0.2896030645522076 0
0.1761705564728703 0.2930915421912859 0
0.1149794001670039 0.3121419843385462 0
0.1114069859797665 0.3093337229401921 0
0.3697989372034295 0.246075456466189 0
0.3542217529679119 0.2146883358366045 0
0.3510881697911725 0.2195543552670212 0
0.2547606477473769 0.2333214691647637 0
0.2075281270829633 0.2851241055465434 0
0.2195897048167453 0.2776930063356923 0
0.2289321669274456 0.3667880082822794 0
0.09081837721048422 0.2800707281591191 0
0.6963222240889502 0.3195713229343271 0
0.6847745732639995 0.08595749218529465 0
0.697430726366615 0.08463846443338303 0
0.5447011586914906 0.03739553989351291 0
0.3833773043182668 0.3458521307657872 0
0.1187851807426245 0.3759508428807632 0
0.4393833317066382 0.09482508154207497 0
0.4464536425541279 0.09685121031199675 0
0.2861886236565733 0.1634617616077639 0
0.118099173075115 0.3156250659173728 0
0.3153462764914727 0.3633608142428794 0
0.3664999465722909 0.2404583272024348 0
0.266303716703119 0.01772707290804383 0
0.1792266065864753 0.2952858859402894 0
0.1590007048717043 0.2880609326323725 0
0.6202656566916304 0.08093161228682745 0
0.06261463066044246 0.209200408077167 0
0.05771787997302813 0.210979103202952 0
0.2159876705111812 0.1412846300424415 0
0.2181366748534182 0.1420974546540688 0
0.6258870635318075 0.3123198673027148 0
0.1624758802709948 0.3851370894968931 0
0.9145616948588489 0.2158050685137508 0
0.9249121652550545 0.2344004607642041 0
0.3478187990372809 0.2231190744635751 0
0.3448832671595226 0.2277469778135819 0
0.1228104979699767 0.3137939143368624 0
0.9228943945183785 0.1535578640338492 0
0.3342311803595979 0.2459507391450087 0
0.1501577409920833 0.04266537517952187 0
0.6298581872567242 0.3308121423097611 0
0.6380789580217773 0.3460782322132295 0
0.7046772303642588 0.2293931587616932 0
0.9224245539816057 0.263561937229224 0
0.2156422440711278 0.3857606175011578 0
2.165955564181433 0.3586435052389129 0
0.3829838938562268 0.3319020875624689 0
0.3789246266390535 0.339304420775632 0
2.165359446164934 0.0495074239348904 0
0.1558343113313145 0.2892873191547844 0
0.1638360876995683 0.1502168138046193 0
0.3177897473399938 0.1937845543823131 0
0.6642137901595044 0.09085844902821331 0
0.03432089924907072 0.2829073015843246 0
0.3363800625296427 0.05401223338967769 0
0.03964545404477514 0.07114714306501164 0
0.7658892178934917 0.08494778351925483 0
0.0230003594424212 0.2353739659549463 0
0.36849784794665 0.3620725207981377 0
0.1531794566209979 0.3343695502507387 0
0.782054696307677 0.3158950507607727 0
0.3718677910088267 0.2408895525310506 0
0.5026918374557376 0.3431705850822372 0
0.5991030869277423 0.07040046617536903 0
0.1452908999773672 0.04352015977518778 0
0.1467946737444318 0.0388447574333013 0
0.3187727814659934 0.3570751566904721 0
0.1573317121436964 0.3375744156744292 0
0.1526248316397866 0.3387811315375383 0
0.3764609758523242 0.3467095453567378 0
0.372556221297774 0.3544963807395075 0
0.284397803601577 0.1609407253879027 0
0.2826292902416125 0.1585117416097702 0
0.285421883322482 0.1584580193678448 0
0.06598880009124014 0.2124685354431787 0
0.1391464555294102 0.04414362931392187 0
0.4706691157194356 0.298658833066683 0
0.4731574170495365 0.09717801406004822 0
0.4784014508411375 0.29716400903496 0
0.3569303908442915 0.1595315976013877 0
0.9091811911301484 0.2405950070290279 0
0.5191237829312304 0.3596952712343086 0
0.5108073771707969 0.3504233701257526 0
0.6106111524835408 0.07661528876258532 0
0.4990115672821767 0.3528779904683814 0
0.928644163478096 0.2470663038320968 0
0.4819082673584262 0.09963604336491665 0
0.4896431278778534 0.1003902599563696 0
0.4930459202800875 0.2962583645660014 0
0.4856169358623077 0.2972917451781847 0
0.6070889855044441 0.08864704829401419 0
0.5390562681689479 0.303853042368251 0
0.4996454233114493 0.1007204889573765 0
0.5062373654798793 0.1026135562238808 0
0.3768552801804134 0.3608333954055232 0
0.01458162126284999 0.02781078851252943 0
0.5341399669675531 0.1052311016191459 0
0.03619177772582693 0.06530569974174079 0
0.761275667468805 0.3118725361253522 0
0.6113540505035112 0.09920475639892225 0
0.9009013359726271 0.2162632218069137 0
0.5412885806301995 0.1048601475904838 0
$EndNodes
$Elements
9 5244 1 5244
1 1 8 59
1 1 9 67 
2 9 10 68 
3 10 11 69 
4 11 12 70 
5 12 13 71 
6 13 14 72 
7 14 15 73 
8 15 16 74 
9 16 17 75 
10 17 18 76 
11 18 19 77 
12 19 20 78 
13 20 21 79 
14 21 22 80 
15 22 23 81 
16 23 24 82 
17 24 25 83 
18 25 26 84 
19 26 27 85 
20 27 28 86 
21 28 29 87 
22 29 30 88 
23 30 31 89 
24 31 32 90 
25 32 33 91 
26 33 34 92 
27 34 35 93 
28 35 36 94 
29 36 37 95 
30 37 38 96 
31 38 39 97 
32 39 40 98 
33 40 41 99 
34 41 42 100 
35 42 43 101 
36 43 44 102 
37 44 45 103 
38 45 46 104 
39 46 47 105 
40 47 48 106 
41 48 49 107 
42 49 50 108 
43 50 51 109 
44 51 52 110 
45 52 53 111 
46 53 54 112 
47 54 55 113 
48 55 56 114 
49 56 57 115 
50 57 58 116 
51 58 59 117 
52 59 60 118 
53 60 61 119 
54 61 62 120 
55 62 63 121 
56 63 64 122 
57 64 65 123 
58 65 66 124 
59 66 2 125 
1 2 8 9
60 2 126 134 
61 126 127 135 
62 127 128 136 
63 128 129 137 
64 129 130 138 
65 130 131 139 
66 131 132 140 
67 132 133 141 
68 133 3 142 
1 3 8 58
69 3 143 200 
70 143 144 201 
71 144 145 202 
72 145 146 203 
73 146 147 204 
74 147 148 205 
75 148 149 206 
76 149 150 207 
77 150 151 208 
78 151 152 209 
79 152 153 210 
80 153 154 211 
81 154 155 212 
82 155 156 213 
83 156 157 214 
84 157 158 215 
85 158 159 216 
86 159 160 217 
87 160 161 218 
88 161 162 219 
89 162 163 220 
90 163 164 221 
91 164 165 222 
92 165 166 223 
93 166 167 224 
94 167 168 225 
95 168 169 226 
96 169 170 227 
97 170 171 228 
98 171 172 229 
99 172 173 230 
100 173 174 231 
101 174 175 232 
102 175 176 233 
103 176 177 234 
104 177 178 235 
105 178 179 236 
106 179 180 237 
107 180 181 238 
108 181 182 239 
109 182 183 240 
110 183 184 241 
111 184 185 242 
112 185 186 243 
113 186 187 244 
114 187 188 245 
115 188 189 246 
116 189 190 247 
117 190 191 248 
118 191 192 249 
119 192 193 250 
120 193 194 251 
121 194 195 252 
122 195 196 253 
123 196 197 254 
124 197 198 255 
125 198 199 256 
126 199 4 257 
1 4 8 21
127 4 258 278 
128 258 259 279 
129 259 260 280 
130 260 261 281 
131 261 262 282 
132 262 263 283 
133 263 264 284 
134 264 265 285 
135 265 266 286 
136 266 267 287 
137 267 268 288 
138 268 269 289 
139 269 270 290 
140 270 271 291 
141 271 272 292 
142 272 273 293 
143 273 274 294 
144 274 275 295 
145 275 276 296 
146 276 277 297 
147 277 1 298 
1 5 8 14
148 5 299 312 
149 299 300 313 
150 300 301 314 
151 301 302 315 
152 302 303 316 
153 303 304 317 
154 304 305 318 
155 305 306 319 
156 306 307 320 
157 307 308 321 
158 308 309 322 
159 309 310 323 
160 310 311 324 
161 311 6 325 
1 6 8 14
162 6 326 339 
163 326 327 340 
164 327 328 341 
165 328 329 342 
166 329 330 343 
167 330 331 344 
168 331 332 345 
169 332 333 346 
170 333 334 347 
171 334 335 348 
172 335 336 349 
173 336 337 350 
174 337 338 351 
175 338 7 352 
1 7 8 14
176 7 353 366 
177 353 354 367 
178 354 355 368 
179 355 356 369 
180 356 357 370 
181 357 358 371 
182 358 359 372 
183 359 360 373 
184 360 361 374 
185 361 362 375 
186 362 363 376 
187 363 364 377 
188 364 365 378 
189 365 8 379 
1 8 8 14
190 8 380 393 
191 380 381 394 
192 381 382 395 
193 382 383 396 
194 383 384 397 
195 384 385 398 
196 385 386 399 
197 386 387 400 
198 387 388 401 
199 388 389 402 
200 389 390 403 
201 390 391 404 
202 391 392 405 
203 392 5 406 
2 1 9 5041
204 1512 2461 2477 2826 2827 2828 
205 1145 2250 2417 2829 2830 2831 
206 1295 1048 2410 2832 2833 2834 
207 1842 1606 2497 2835 2836 2837 
208 1724 1366 1825 2838 2839 2840 
209 1649 438 2301 2841 2842 2843 
210 1431 1828 2524 2844 2845 2846 
211 1918 1981 2521 2847 2848 2849 
212 607 763 1840 2850 2851 2852 
213 1535 1609 1800 2853 2854 2855 
214 782 1636 2338 2856 2857 2858 
215 1919 707 2383 2859 2860 2861 
216 1631 1301 1876 2862 2863 2864 
217 1716 2452 2453 2865 2866 2867 
218 1366 1724 1974 2838 2868 2869 
219 1837 1838 2351 2870 2871 2872 
220 1798 1558 1952 2873 2874 2875 
221 1978 1429 2313 2876 2877 2878 
222 1550 1753 1951 2879 2880 2881 
223 1159 1765 1917 2882 2883 2884 
224 1034 2041 2319 2885 2886 2887 
225 1550 1951 2749 2881 2888 2889 
226 2041 2039 2319 2890 2891 2886 
227 783 1643 1865 2892 2893 2894 
228 1918 429 1981 2895 2896 2847 
229 1681 860 2242 2897 2898 2899 
230 1773 1507 2226 2900 2901 2902 
231 1828 1431 1960 2844 2903 2904 
232 1864 1368 1963 2905 2906 2907 
233 1535 1800 2400 2855 2908 2909 
234 1839 1873 2569 2910 2911 2912 
235 2462 1328 2525 2913 2914 2915 
236 862 1733 2594 2916 2917 2918 
237 1840 763 1841 2851 2919 2920 
238 1260 1938 2239 2921 2922 2923 
239 1350 1351 1811 2924 2925 2926 
240 1422 1890 2236 2927 2928 2929 
241 1714 2294 2674 2930 2931 2932 
242 2244 1434 2397 2933 2934 2935 
243 1028 1031 2393 2936 2937 2938 
244 269 1949 1950 2939 2940 2941 
245 1062 1059 1197 2942 2943 2944 
246 1833 1543 1834 2945 2946 2947 
247 1647 2551 2559 2948 2949 2950 
248 2051 443 2152 2951 2952 2953 
249 1830 2244 2397 2954 2935 2955 
250 1839 1840 1873 2956 2957 2910 
251 1031 1033 2393 2958 2959 2937 
252 1909 1607 2316 2960 2961 2962 
253 1153 1362 1911 2963 2964 2965 
254 1819 796 1820 2966 2967 2968 
255 1231 2093 2157 2969 2970 2971 
256 429 1734 1981 2972 2973 2896 
257 711 1697 2383 2974 2975 2976 
258 1437 2329 2476 2977 2978 2979 
259 269 270 1949 290 2980 2939 
260 2064 2068 2070 2981 2982 2983 
261 1922 1925 2269 2984 2985 2986 
262 1712 1711 1714 2987 2988 2989 
263 459 2194 2218 2990 2991 2992 
264 1836 1420 1942 2993 2994 2995 
265 1358 1673 1921 2996 2997 2998 
266 1733 862 2622 2916 2999 3000 
267 1938 1862 2239 3001 3002 2922 
268 454 2125 2127 3003 3004 3005 
269 2152 443 2153 2952 3006 3007 
270 2511 1038 2605 3008 3009 3010 
271 1063 2048 2285 3011 3012 3013 
272 1820 1821 2198 3014 3015 3016 
273 1858 707 1919 3017 2859 3018 
274 2003 802 2259 3019 3020 3021 
275 2221 470 2536 3022 3023 3024 
276 2480 1600 2501 3025 3026 3027 
277 1704 2221 2536 3028 3024 3029 
278 1714 1718 2294 3030 3031 2930 
279 1438 447 2252 3032 3033 3034 
280 1653 2003 2259 3035 3021 3036 
281 1707 763 1880 3037 3038 3039 
282 1861 776 1862 3040 3041 3042 
283 1420 1836 2595 2993 3043 3044 
284 1698 1919 2383 3045 2861 3046 
285 447 1438 1639 3032 3047 3048 
286 1597 2511 2605 3049 3010 3050 
287 561 560 2275 3051 3052 3053 
288 1368 1864 2562 2905 3054 3055 
289 1822 1505 1823 3056 3057 3058 
290 421 1842 2497 3059 2837 3060 
291 1429 1978 2202 2876 3061 3062 
292 1763 1870 2457 3063 3064 3065 
293 1673 1358 1920 2996 3066 3067 
294 1301 1506 1876 3068 3069 2863 
295 1822 1872 2208 3070 3071 3072 
296 1429 1428 1990 3073 3074 3075 
297 2351 1838 2355 2871 3076 3077 
298 1849 2012 2443 3078 3079 3080 
299 422 1893 1894 3081 3082 3083 
300 2461 1297 2477 3084 3085 2827 
301 2327 1551 2554 3086 3087 3088 
302 1857 1855 1858 3089 3090 3091 
303 2048 1063 2307 3011 3092 3093 
304 1099 2080 2336 3094 3095 3096 
305 708 711 2383 3097 2976 3098 
306 2194 2195 2218 3099 3100 2991 
307 536 796 1819 3101 2966 3102 
308 1643 783 2408 2892 3103 3104 
309 2080 1099 2505 3094 3105 3106 
310 451 1809 2390 3107 3108 3109 
311 1722 586 2275 3110 3111 3112 
312 794 1657 2243 3113 3114 3115 
313 1843 1624 2470 3116 3117 3118 
314 1723 1724 1825 3119 2840 3120 
315 1990 1428 2725 3074 3121 3122 
316 761 2480 2501 3123 3027 3124 
317 2372 1901 2597 3125 3126 3127 
318 1809 1581 2390 3128 3129 3108 
319 1928 1516 2233 3130 3131 3132 
320 2233 1516 2661 3131 3133 3134 
321 1371 1977 1978 3135 3136 3137 
322 2221 1704 2232 3028 3138 3139 
323 1981 1734 2583 2973 3140 3141 
324 1657 794 2343 3113 3142 3143 
325 1507 1773 2428 2900 3144 3145 
326 1422 2236 2437 2929 3146 3147 
327 1914 1937 2611 3148 3149 3150 
328 2036 2128 2459 3151 3152 3153 
329 51 52 2311 110 3154 3155 
330 2079 1088 2080 3156 3157 3158 
331 1429 1990 2313 3075 3159 2877 
332 598 1836 1942 3160 2995 3161 
333 1008 1006 1747 3162 3163 3164 
334 2065 724 2066 3165 3166 3167 
335 1820 796 1821 2967 3168 3014 
336 1677 1350 1811 3169 2926 3170 
337 157 454 2127 3171 3005 3172 
338 1816 2501 2527 3173 3174 3175 
339 1611 1986 2484 3176 3177 3178 
340 2551 730 2559 3179 3180 2949 
341 1682 1141 1741 3181 3182 3183 
342 1870 939 2457 3184 3185 3064 
343 1357 1837 2351 3186 2872 3187 
344 1636 782 2512 2856 3188 3189 
345 1948 1412 2401 3190 3191 3192 
346 1705 1626 2729 3193 3194 3195 
347 763 1707 1841 3037 3196 2919 
348 422 1892 1893 3197 3198 3081 
349 1785 1782 1786 3199 3200 3201 
350 1922 2269 2689 2986 3202 3203 
351 2296 1649 2301 3204 2843 3205 
352 2080 1088 2336 3157 3206 3095 
353 1955 1299 2481 3207 3208 3209 
354 1699 1430 2324 3210 3211 3212 
355 2267 1295 2410 3213 2834 3214 
356 560 1743 2275 3215 3216 3052 
357 2012 990 2443 3217 3218 3079 
358 465 2221 2232 3219 3139 3220 
359 1244 1831 1832 3221 3222 3223 
360 892 1053 1646 3224 3225 3226 
361 860 886 2242 3227 3228 2898 
362 2423 461 2639 3229 3230 3231 
363 1710 758 1711 3232 3233 3234 
364 1127 2096 2106 3235 3236 3237 
365 2514 1635 2563 3238 3239 3240 
366 1273 1153 1911 3241 2965 3242 
367 1141 1682 1739 3181 3243 3244 
368 1421 1725 1726 3245 3246 3247 
369 441 2514 2563 3248 3240 3249 
370 2415 2309 2537 3250 3251 3252 
371 1010 1008 1011 3253 3254 3255 
372 1723 802 1724 3256 3257 3119 
373 576 776 1861 3258 3040 3259 
374 537 550 2295 3260 3261 3262 
375 1558 1798 2441 2873 3263 3264 
376 1521 2541 2543 3265 3266 3267 
377 2458 746 2656 3268 3269 3270 
378 468 1690 1971 3271 3272 3273 
379 1607 1909 2623 2960 3274 3275 
380 2250 2394 2417 3276 3277 2830 
381 1710 1711 1712 3234 2987 3278 
382 1325 2372 2597 3279 3127 3280 
383 505 1874 1875 3281 3282 3283 
384 1872 1310 2208 3284 3285 3071 
385 1732 1593 1733 3286 3287 3288 
386 1828 1865 2524 3289 3290 2845 
387 2057 2458 2656 3291 3270 3292 
388 1518 1735 1736 3293 3294 3295 
389 638 1685 2021 3296 3297 3298 
390 460 1941 2476 3299 3300 3301 
391 1941 1437 2476 3302 2979 3300 
392 618 1737 2752 3303 3304 3305 
393 546 1878 1879 3306 3307 3308 
394 1839 605 1840 3309 3310 2956 
395 1703 467 2302 3311 3312 3313 
396 1587 2246 2376 3314 3315 3316 
397 833 1936 2634 3317 3318 3319 
398 438 1649 2475 2841 3320 3321 
399 1266 2092 2156 3322 3323 3324 
400 568 2332 2600 3325 3326 3327 
401 1505 1822 2208 3056 3072 3328 
402 848 1914 2611 3329 3150 3330 
403 1602 2462 2525 3331 2915 3332 
404 2250 1145 2686 2829 3333 3334 
405 501 782 2338 3335 2858 3336 
406 1543 852 1834 3337 3338 2946 
407 1823 1505 1824 3057 3339 3340 
408 1855 667 1858 3341 3342 3090 
409 430 1932 1933 3343 3344 3345 
410 854 1543 1745 3346 3347 3348 
411 2303 2179 2374 3349 3350 3351 
412 1371 1976 1977 3352 3353 3135 
413 824 1921 2183 3354 3355 3356 
414 1127 2106 2799 3237 3357 3358 
415 1961 872 1994 3359 3360 3361 
416 1820 2198 2200 3016 3362 3363 
417 1002 1023 1985 3364 3365 3366 
418 620 651 1737 3367 3368 3369 
419 2195 471 2218 3370 3371 3100 
420 1936 1869 2634 3372 3373 3318 
421 1691 1092 2158 3374 3375 3376 
422 440 2303 2374 3377 3351 3378 
423 1765 1159 2241 2882 3379 3380 
424 1695 1657 2343 3381 3143 3382 
425 2206 1939 2429 3383 3384 3385 
426 2501 1600 2527 3026 3386 3174 
427 618 620 1737 3387 3369 3303 
428 1263 2352 2446 3388 3389 3390 
429 1746 462 2258 3391 3392 3393 
430 1077 1078 1671 3394 3395 3396 
431 2158 1091 2163 3397 3398 3399 
432 2332 1658 2600 3400 3401 3326 
433 505 1875 2732 3283 3402 3403 
434 1542 1707 1880 3404 3039 3405 
435 1959 1411 1980 3406 3407 3408 
436 1718 2411 2530 3409 3410 3411 
437 1277 1843 2470 3412 3118 3413 
438 2068 1108 2070 3414 3415 2982 
439 860 1681 2724 2897 3416 3417 
440 2092 1266 2157 3322 3418 3419 
441 2254 1988 2280 3420 3421 3422 
442 2452 1716 2578 2865 3423 3424 
443 1008 1747 2754 3164 3425 3426 
444 1695 2343 2487 3382 3427 3428 
445 546 1879 2731 3308 3429 3430 
446 2063 724 2065 3431 3165 3432 
447 1906 423 2679 3433 3434 3435 
448 1948 2401 2509 3192 3436 3437 
449 738 802 1723 3438 3256 3439 
450 1914 1936 1937 3440 3441 3148 
451 656 758 1710 3442 3232 3443 
452 434 268 1950 3444 3445 3446 
453 1685 638 2020 3296 3447 3448 
454 2484 1986 2765 3177 3449 3450 
455 1287 2270 2428 3451 3452 3453 
456 1904 423 1906 3454 3433 3455 
457 1901 2372 2820 3125 3456 3457 
458 2541 1795 2543 3458 3459 3266 
459 1042 1207 1664 3460 3461 3462 
460 1040 1042 1664 3463 3462 3464 
461 757 804 1439 3465 3466 3467 
462 1341 1618 1722 3468 3469 3470 
463 1421 1176 1725 3471 3472 3245 
464 1686 431 2339 3473 3474 3475 
465 1978 1977 2202 3136 3476 3061 
466 2000 1524 2332 3477 3478 3479 
467 1587 1745 2246 3480 3481 3314 
468 415 1798 1952 3482 2875 3483 
469 1716 2453 2454 2867 3484 3485 
470 539 537 2295 3486 3262 3487 
471 1001 999 1826 3488 3489 3490 
472 1782 1779 1786 3491 3492 3200 
473 434 1950 1951 3446 3493 3494 
474 1654 2048 2307 3495 3093 3496 
475 1389 2229 2304 3497 3498 3499 
476 1631 2564 2675 3500 3501 3502 
477 2564 449 2675 3503 3504 3501 
478 770 1723 1825 3505 3120 3506 
479 1053 1054 1100 3507 3508 3509 
480 813 811 1754 3510 3511 3512 
481 2211 51 2311 3513 3155 3514 
482 806 1742 1744 3515 3516 3517 
483 1291 1654 2471 3518 3519 3520 
484 605 607 1840 3521 2852 3310 
485 1037 1040 1664 3522 3464 3523 
486 2039 1324 2319 3524 3525 2891 
487 568 570 2332 3526 3527 3325 
488 28 1683 2518 3528 3529 3530 
489 2021 1566 2030 3531 3532 3533 
490 1959 460 2476 3534 3301 3535 
491 1559 2488 2646 3536 3537 3538 
492 2317 2367 2647 3539 3540 3541 
493 1683 28 2554 3528 3542 3543 
494 2179 465 2232 3544 3220 3545 
495 2408 783 2600 3103 3546 3547 
496 1430 1699 2649 3210 3548 3549 
497 1654 1291 2573 3518 3550 3551 
498 2238 1806 2490 3552 3553 3554 
499 879 1391 1878 3555 3556 3557 
500 1287 2428 2783 3453 3558 3559 
501 1346 1593 1732 3560 3286 3561 
502 1518 1193 1735 3562 3563 3293 
503 880 1415 1874 3564 3565 3566 
504 1731 506 1939 3567 3568 3569 
505 1654 2307 2471 3496 3570 3519 
506 1925 1924 2655 3571 3572 3573 
507 1592 1380 1846 3574 3575 3576 
508 1813 2293 2651 3577 3578 3579 
509 1631 1876 2624 2864 3580 3581 
510 1923 1924 1925 3582 3571 3583 
511 804 1185 1667 3584 3585 3586 
512 2125 454 2128 3003 3587 3588 
513 602 605 1839 3589 3309 3590 
514 817 1910 2245 3591 3592 3593 
515 2367 1180 2647 3594 3595 3540 
516 1949 2509 2659 3596 3597 3598 
517 1423 1961 1994 3599 3361 3600 
518 623 2415 2537 3601 3252 3602 
519 1588 1438 2252 3603 3034 3604 
520 1841 1707 2705 3196 3605 3606 
521 2451 1954 2785 3607 3608 3609 
522 1324 2039 2468 3524 3610 3611 
523 1053 1052 1054 3612 3613 3507 
524 586 561 2275 3614 3053 3111 
525 1666 1207 2173 3615 3616 3617 
526 465 2179 2303 3544 3349 3618 
527 1806 2238 2614 3552 3619 3620 
528 1826 999 1827 3489 3621 3622 
529 1821 796 1967 3168 3623 3624 
530 2428 1776 2783 3625 3626 3558 
531 1713 1715 1716 3627 3628 3629 
532 1921 1673 2183 2997 3630 3355 
533 1968 1619 2418 3631 3632 3633 
534 2411 1816 2527 3634 3175 3635 
535 1286 1811 2279 3636 3637 3638 
536 1528 1954 2451 3639 3607 3640 
537 948 1817 1947 3641 3642 3643 
538 1360 1913 2641 3644 3645 3646 
539 1048 1286 2410 3647 3648 2833 
540 1417 1324 2468 3649 3611 3650 
541 452 2630 2673 3651 3652 3653 
542 422 24 1892 3654 3655 3197 
543 2630 1663 2673 3656 3657 3652 
544 1772 1773 2226 3658 2902 3659 
545 2488 1651 2646 3660 3661 3537 
546 586 1722 2535 3110 3662 3663 
547 2300 2405 2702 3664 3665 3666 
548 556 879 1878 3667 3557 3668 
549 1986 1611 2519 3176 3669 3670 
550 2532 1777 2761 3671 3672 3673 
551 1706 412 2682 3674 3675 3676 
552 2442 777 2447 3677 3678 3679 
553 2093 1231 2709 2969 3680 3681 
554 444 50 2211 3682 3683 3684 
555 1951 1753 2738 2880 3685 3686 
556 522 880 1874 3687 3566 3688 
557 1417 2468 2545 3650 3689 3690 
558 1683 1552 2236 3691 3692 3693 
559 1543 1833 2779 2945 3694 3695 
560 670 1945 2234 3696 3697 3698 
561 1054 1055 1056 3699 3700 3701 
562 424 1968 2418 3702 3633 3703 
563 1299 1955 2469 3207 3704 3705 
564 1867 742 2553 3706 3707 3708 
565 1 9 2593 67 3709 3710 
566 2372 2331 2820 3711 3712 3456 
567 587 1813 2651 3713 3579 3714 
568 1626 2688 2729 3715 3716 3194 
569 50 51 2211 109 3513 3683 
570 430 1933 1948 3345 3717 3718 
571 1236 1232 2157 3719 3720 3721 
572 430 271 1932 3722 3723 3343 
573 792 866 1848 3724 3725 3726 
574 2352 1973 2446 3727 3728 3389 
575 467 1703 2536 3311 3729 3730 
576 1588 2252 2420 3604 3731 3732 
577 2362 1924 2396 3733 3734 3735 
578 1266 2156 2264 3324 3736 3737 
579 1024 1986 2519 3738 3670 3739 
580 1741 1562 2052 3740 3741 3742 
581 1190 1137 1824 3743 3744 3745 
582 1505 1190 1824 3746 3745 3339 
583 461 1956 2639 3747 3748 3230 
584 651 883 1737 3749 3750 3368 
585 788 1823 1864 3751 3752 3753 
586 2064 2065 2068 3754 3755 2981 
587 1811 1351 2279 2925 3756 3637 
588 2625 1642 2670 3757 3758 3759 
589 2399 648 2412 3760 3761 3762 
590 1573 2375 2530 3763 3764 3765 
591 1910 1506 2245 3766 3767 3592 
592 1524 1658 2332 3768 3400 3478 
593 1862 2217 2239 3769 3770 3002 
594 518 2300 2515 3771 3772 3773 
595 1652 1651 2560 3774 3775 3776 
596 2206 881 2273 3777 3778 3779 
597 2461 1512 2582 2826 3780 3781 
598 1575 2411 2527 3782 3635 3783 
599 1836 1837 2595 3784 3785 3043 
600 1004 1002 1985 3786 3366 3787 
601 457 2625 2670 3788 3759 3789 
602 1923 435 1924 3790 3791 3582 
603 1761 1764 1835 3792 3793 3794 
604 1651 2488 2560 3660 3795 3775 
605 878 1943 2309 3796 3797 3798 
606 1411 1959 2476 3406 3535 3799 
607 783 566 2600 3800 3801 3546 
608 1844 798 2422 3802 3803 3804 
609 193 1661 2534 3805 3806 3807 
610 1286 2279 2410 3638 3808 3648 
611 1831 1244 1833 3221 3809 3810 
612 1661 193 2781 3805 3811 3812 
613 2663 1807 2791 3813 3814 3815 
614 1157 813 1754 3816 3512 3817 
615 2106 1679 2799 3818 3819 3357 
616 1434 1317 1863 3820 3821 3822 
617 724 2063 2318 3431 3823 3824 
618 2020 2248 2407 3825 3826 3827 
619 1819 1820 2654 2968 3828 3829 
620 1718 1167 2294 3830 3831 3031 
621 515 805 1829 3832 3833 3834 
622 2093 2092 2157 3835 3419 2970 
623 638 2021 2030 3298 3533 3836 
624 892 1646 2683 3226 3837 3838 
625 1743 560 2276 3215 3839 3840 
626 382 416 1767 3841 3842 3843 
627 329 412 1706 3844 3674 3845 
628 338 417 1789 3846 3847 3848 
629 335 411 1797 3849 3850 3851 
630 1857 1858 1919 3091 3018 3852 
631 806 808 1742 3853 3854 3515 
632 1950 1949 2659 2940 3598 3855 
633 881 2206 2429 3777 3385 3856 
634 1510 1688 2496 3857 3858 3859 
635 1655 410 2610 3860 3861 3862 
636 1691 437 2345 3863 3864 3865 
637 1713 1712 1715 3866 3867 3627 
638 856 854 1745 3868 3348 3869 
639 1830 1829 2244 3870 3871 2954 
640 1371 485 1976 3872 3873 3352 
641 1023 1390 1985 3874 3875 3365 
642 2011 1391 2266 3876 3877 3878 
643 1927 1926 1928 3879 3880 3881 
644 2494 2119 2540 3882 3883 3884 
645 2126 2333 2498 3885 3886 3887 
646 1836 764 1837 3888 3889 3784 
647 1062 1197 1338 2944 3890 3891 
648 1503 1799 1991 3892 3893 3894 
649 462 19 2258 3895 3896 3392 
650 1917 1765 2669 2883 3897 3898 
651 1354 2532 2761 3899 3673 3900 
652 1514 1100 2438 3901 3902 3903 
653 431 1752 2339 3904 3905 3474 
654 1828 783 1865 3906 2894 3289 
655 562 1828 1960 3907 2904 3908 
656 268 269 1950 289 2941 3445 
657 587 588 1813 3909 3910 3713 
658 1682 1741 2052 3183 3742 3911 
659 2390 2224 2766 3912 3913 3914 
660 23 422 1895 3915 3916 3917 
661 1880 611 2763 3918 3919 3920 
662 1714 1711 1718 2988 3921 3030 
663 2280 1706 2682 3922 3676 3923 
664 456 2494 2540 3924 3884 3925 
665 990 927 1866 3926 3927 3928 
666 1006 1004 1024 3929 3930 3931 
667 1328 1534 2525 3932 3933 2914 
668 1872 1819 2654 3934 3829 3935 
669 2210 444 2211 3936 3684 3937 
670 1734 429 2513 2972 3938 3939 
671 485 487 1976 3940 3941 3873 
672 2128 454 2459 3587 3942 3152 
673 528 1864 1963 3943 2907 3944 
674 1024 1985 1986 3945 3946 3738 
675 1536 1535 2400 3947 2909 3948 
676 156 157 2127 214 3172 3949 
677 16 435 1923 3950 3790 3951 
678 431 1686 2770 3473 3952 3953 
679 1735 1421 1902 3954 3955 3956 
680 1807 1805 2791 3957 3958 3814 
681 1186 2104 2105 3959 3960 3961 
682 1520 2007 2010 3962 3963 3964 
683 270 430 1949 3965 3966 2980 
684 1685 2020 2407 3448 3827 3967 
685 1090 2197 2756 3968 3969 3970 
686 1816 660 2501 3971 3972 3173 
687 2227 1640 2694 3973 3974 3975 
688 1789 417 1790 3847 3976 3977 
689 1797 411 1871 3850 3978 3979 
690 1732 1733 2622 3288 3000 3980 
691 2647 2389 2680 3981 3982 3983 
692 1669 1668 2105 3984 3985 3986 
693 471 2195 2707 3370 3987 3988 
694 1719 1399 1720 3989 3990 3991 
695 185 423 1904 3992 3454 3993 
696 2155 1656 2592 3994 3995 3996 
697 1384 1405 2290 3997 3998 3999 
698 564 783 1828 4000 3906 4001 
699 23 1895 2796 3917 4002 4003 
700 1975 2442 2447 4004 3679 4005 
701 2156 2146 2264 4006 4007 3736 
702 1731 1754 2315 4008 4009 4010 
703 600 764 1836 4011 3888 4012 
704 778 766 2324 4013 4014 4015 
705 1513 1821 1967 4016 3624 4017 
706 1683 2236 2518 3693 4018 3529 
707 1035 952 1885 4019 4020 4021 
708 595 598 1942 4022 3161 4023 
709 1971 1690 2639 3272 4024 4025 
710 182 420 1882 4026 4027 4028 
711 534 536 1819 4029 3102 4030 
712 1239 1242 1438 4031 4032 4033 
713 1233 1588 2099 4034 4035 4036 
714 1678 1777 2323 4037 4038 4039 
715 1615 1899 2404 4040 4041 4042 
716 772 792 1848 4043 3726 4044 
717 1656 2155 2681 3994 4045 4046 
718 1939 506 2429 3568 4047 3384 
719 770 1851 2559 4048 4049 4050 
720 2106 2096 2107 3236 4051 4052 
721 819 798 1844 4053 3802 4054 
722 1928 695 2234 4055 4056 4057 
723 892 1052 1053 4058 3612 3224 
724 530 788 1864 4059 3753 4060 
725 2063 2062 2318 4061 4062 3823 
726 1668 1185 2105 4063 4064 3985 
727 1777 1678 2761 4037 4065 3672 
728 550 1902 2295 4066 4067 3261 
729 443 2051 2311 2951 4068 4069 
730 1926 1516 1928 4070 3130 3880 
731 2006 648 2382 4071 4072 4073 
732 1792 2390 2766 4074 3914 4075 
733 1614 1953 2403 4076 4077 4078 
734 1943 2399 2412 4079 3762 4080 
735 611 2287 2763 4081 4082 3919 
736 1431 901 1960 4083 4084 2903 
737 1817 948 2007 3641 4085 4086 
738 2373 2535 2622 4087 4088 4089 
739 1988 1877 2280 4090 4091 3421 
740 1536 2400 2614 3948 4092 4093 
741 1759 1756 1849 4094 4095 4096 
742 1874 1415 1875 3565 4097 3282 
743 2255 1298 2314 4098 4099 4100 
744 721 719 2066 4101 4102 4103 
745 724 721 2066 4104 4103 3166 
746 2217 1862 2240 3769 4105 4106 
747 2375 1167 2530 4107 4108 3764 
748 277 1 2593 298 3710 4109 
749 2287 697 2549 4110 4111 4112 
750 1592 1846 2300 3576 4113 4114 
751 1167 1718 2530 3830 3411 4108 
752 1843 1518 2263 4115 4116 4117 
753 1594 2254 2280 4118 3422 4119 
754 1295 2011 2266 4120 3878 4121 
755 2137 442 2648 4122 4123 4124 
756 1669 2105 2312 3986 4125 4126 
757 2105 2104 2312 3960 4127 4125 
758 1945 1927 2234 4128 4129 3697 
759 2229 1921 2304 4130 4131 3498 
760 1276 1270 1974 4132 4133 4134 
761 1368 908 1963 4135 4136 2906 
762 442 2137 2700 4122 4137 4138 
763 1878 1391 1879 3556 4139 3307 
764 927 924 1866 4140 4141 3927 
765 1722 1618 2535 3469 4142 3662 
766 1936 1914 2504 3440 4143 4144 
767 2706 1655 2759 4145 4146 4147 
768 1927 1928 2234 3881 4057 4129 
769 1899 1896 1900 4148 4149 4150 
770 1592 2300 2702 4114 3666 4151 
771 2411 1575 2530 3782 4152 3410 
772 736 738 1723 4153 3439 4154 
773 1807 1935 2697 4155 4156 4157 
774 1745 1543 2246 3347 4158 3481 
775 2543 1795 2591 3459 4159 4160 
776 896 1516 1926 4161 4070 4162 
777 24 25 1892 83 4163 3655 
778 1708 1367 1709 4164 4165 4166 
779 1718 1711 2411 3921 4167 3409 
780 1751 1635 2466 4168 4169 4170 
781 408 2327 2554 4171 3088 4172 
782 766 1699 2324 4173 3212 4014 
783 1054 1052 1055 3613 4174 3699 
784 1962 2341 2435 4175 4176 4177 
785 2354 1736 2392 4178 4179 4180 
786 1627 2287 2549 4181 4112 4182 
787 1761 1835 1992 3794 4183 4184 
788 1579 1376 1888 4185 4186 4187 
789 1727 1417 2545 4188 3690 4189 
790 1972 1377 2230 4190 4191 4192 
791 427 195 1908 4193 4194 4195 
792 1548 2240 2262 4196 4197 4198 
793 653 656 1710 4199 3443 4200 
794 1551 1683 2554 4201 3543 3087 
795 52 443 2311 4202 4069 3154 
796 1515 1676 2021 4203 4204 4205 
797 1685 1515 2021 4206 4205 3297 
798 1818 534 1819 4207 4030 4208 
799 1735 1902 2727 3956 4209 4210 
800 1911 1362 2557 2964 4211 4212 
801 1648 2484 2765 4213 3450 4214 
802 2315 1754 2550 4009 4215 4216 
803 506 1731 2315 3567 4010 4217 
804 458 2230 2723 4218 4219 4220 
805 2037 2036 2459 4221 3153 4222 
806 1640 2227 2572 3973 4223 4224 
807 410 1655 2706 3860 4145 4225 
808 1398 1399 1719 4226 3989 4227 
809 952 954 1885 4228 4229 4020 
810 1740 412 1993 4230 4231 4232 
811 1504 2345 2500 4233 4234 4235 
812 695 668 2234 4236 4237 4056 
813 2466 1635 2514 4169 3238 4238 
814 695 1928 2233 4055 3132 4239 
815 758 1816 2411 4240 3634 4241 
816 1861 1938 2795 4242 4243 4244 
817 1417 1727 2619 4188 4245 4246 
818 1691 2158 2163 3376 3399 4247 
819 1339 1341 1722 4248 3470 4249 
820 1903 184 1904 4250 4251 4252 
821 1176 1174 1725 4253 4254 3472 
822 886 889 2242 4255 4256 3228 
823 549 1982 2502 4257 4258 4259 
824 932 939 1870 4260 3184 4261 
825 2263 1736 2354 4262 4178 4263 
826 2029 444 2210 4264 3936 4265 
827 1712 1714 1715 2989 4266 3867 
828 423 1748 2679 4267 4268 3434 
829 1881 181 1882 4269 4270 4271 
830 271 272 1932 292 4272 3723 
831 1803 1964 2791 4273 4274 4275 
832 1232 1231 2157 4276 2971 3720 
833 1266 1236 2157 4277 3721 3418 
834 476 473 1877 4278 4279 4280 
835 1818 1819 1872 4208 3934 4281 
836 1744 1743 2276 4282 3840 4283 
837 574 576 1861 4284 3259 4285 
838 1775 1777 2532 4286 3671 4287 
839 901 558 1960 4288 4289 4084 
840 2300 1846 2515 4113 4290 3772 
841 1688 1510 2658 3857 4291 4292 
842 181 182 1882 239 4028 4270 
843 1751 440 2374 4293 3378 4294 
844 1557 2544 2581 4295 4296 4297 
845 922 923 924 4298 4299 4300 
846 816 817 2245 4301 3593 4302 
847 2074 1165 2629 4303 4304 4305 
848 1869 1867 2553 4306 3708 4307 
849 909 910 911 4308 4309 4310 
850 920 921 922 4311 4312 4313 
851 1859 1861 2795 4314 4244 4315 
852 2104 2106 2107 4316 4052 4317 
853 902 903 904 4318 4319 4320 
854 883 1710 1712 4321 3278 4322 
855 1941 460 2419 3299 4323 4324 
856 648 2006 2412 4071 4325 3761 
857 1889 1890 1891 4326 4327 4328 
858 880 908 909 4329 4330 4331 
859 908 524 1963 4332 4333 4136 
860 879 901 902 4334 4335 4336 
861 788 1818 1822 4337 4338 4339 
862 1391 902 2266 4340 4341 3877 
863 1330 1367 1708 4342 4164 4343 
864 1882 420 2456 4027 4344 4345 
865 1852 1853 1854 4346 4347 4348 
866 1777 409 2323 4349 4350 4038 
867 1633 1778 2757 4351 4352 4353 
868 658 660 1816 4354 3971 4355 
869 261 421 1944 4356 4357 4358 
870 1829 805 2244 3833 4359 3871 
871 1388 1829 1830 4360 3870 4361 
872 802 740 2259 4362 4363 3020 
873 1379 1844 1845 4364 4365 4366 
874 463 1694 2291 4367 4368 4369 
875 1827 999 2712 3621 4370 4371 
876 1953 1614 2807 4076 4372 4373 
877 1555 1557 2581 4374 4297 4375 
878 2212 1796 2704 4376 4377 4378 
879 1905 1904 1906 4379 3455 4380 
880 1244 1832 2416 3223 4381 4382 
881 264 429 1918 4383 2895 4384 
882 1646 2555 2683 4385 4386 3837 
883 902 901 903 4335 4387 4318 
884 904 903 905 4319 4388 4389 
885 792 793 816 4390 4391 4392 
886 2352 1263 2684 3388 4393 4394 
887 1655 1847 2759 4395 4396 4146 
888 2005 2006 2328 4397 4398 4399 
889 1519 1722 2275 4400 3112 4401 
890 1922 1923 1925 4402 3583 2984 
891 2113 2589 2627 4403 4404 4405 
892 909 908 910 4330 4406 4308 
893 1163 1001 1826 4407 3490 4408 
894 184 185 1904 242 3993 4251 
895 180 181 1881 238 4269 4409 
896 1421 1726 1902 3247 4410 3955 
897 1380 1379 1846 4411 4412 3575 
898 889 893 1138 4413 4414 4415 
899 1861 1862 1938 3042 3001 4242 
900 1331 1330 1591 4416 4417 4418 
901 1856 1955 2481 4419 3209 4420 
902 2007 945 2010 4421 4422 3963 
903 1935 1807 2663 4155 3813 4423 
904 1896 1894 1897 4424 4425 4426 
905 1929 1930 1931 4427 4428 4429 
906 548 556 1878 4430 3668 4431 
907 1405 1970 2290 4432 4433 3998 
908 2240 776 2262 4434 4435 4197 
909 2377 45 2464 4436 4437 4438 
910 513 522 1874 4439 3688 4440 
911 532 534 1818 4441 4207 4442 
912 1270 1366 1974 4443 2869 4133 
913 761 1855 1856 4444 4445 4446 
914 879 558 901 4447 4288 4334 
915 383 382 1767 396 3843 4448 
916 330 329 1706 343 3845 4449 
917 7 338 1789 352 3848 4450 
918 336 335 1797 349 3851 4451 
919 159 2037 2459 4452 4222 4453 
920 786 1859 1860 4454 4455 4456 
921 770 736 1723 4457 4154 3505 
922 880 524 908 4458 4332 4329 
923 440 1751 2466 4293 4170 4459 
924 841 1812 2299 4460 4461 4462 
925 1205 1213 2173 4463 4464 4465 
926 1209 1212 1213 4466 4467 4468 
927 1206 1209 1213 4469 4468 4470 
928 2396 1924 2431 3734 4471 4472 
929 1929 424 1930 4473 4474 4427 
930 743 1848 2259 4475 4476 4477 
931 922 921 923 4312 4478 4298 
932 924 923 925 4299 4479 4480 
933 1889 419 1890 4481 4482 4326 
934 1009 1008 1010 4483 3253 4484 
935 732 736 770 4485 4457 4486 
936 852 849 1834 4487 4488 3338 
937 883 653 1710 4489 4200 4321 
938 463 41 2539 4490 4491 4492 
939 522 524 880 4493 4458 3687 
940 556 558 879 4494 4447 3667 
941 1621 1378 1731 4495 4496 4497 
942 651 653 883 4498 4489 3749 
943 591 919 920 4499 4500 4501 
944 1798 450 2441 4502 4503 3263 
945 1903 1904 1905 4252 4379 4504 
946 1344 1346 1732 4505 3561 4506 
947 1278 1339 1519 4507 4508 4509 
948 1165 2074 2642 4303 4510 4511 
949 1174 1172 1430 4512 4513 4514 
950 920 919 921 4500 4515 4311 
951 738 740 802 4516 4362 3438 
952 1565 1320 1587 4517 4518 4519 
953 1193 1178 1735 4520 4521 3563 
954 562 564 1828 4522 4001 3907 
955 1100 1054 2438 3508 4523 3902 
956 1093 1092 1104 4524 4525 4526 
957 1103 1097 1104 4527 4528 4529 
958 1097 1095 1104 4530 4531 4528 
959 1958 460 1959 4532 3534 4533 
960 656 658 758 4534 4535 3442 
961 2270 1507 2428 4536 3145 3452 
962 668 670 2234 4537 3698 4237 
963 1520 1817 2007 4538 4086 3962 
964 924 925 1866 4480 4539 4141 
965 2262 580 2726 4540 4541 4542 
966 564 566 783 4543 3800 4000 
967 2023 2544 2587 4544 4545 4546 
968 1922 15 1923 4547 4548 4402 
969 598 600 1836 4549 4012 3160 
970 845 843 1966 4550 4551 4552 
971 530 532 788 4553 4554 4059 
972 1895 1894 1896 4555 4424 4556 
973 1837 764 1838 3889 4557 2870 
974 1341 1344 1618 4558 4559 3468 
975 1002 1001 1023 4560 4561 3364 
976 1519 1339 1722 4508 4249 4400 
977 1178 1176 1421 4562 3471 4563 
978 2746 2000 2790 4564 4565 4566 
979 1174 1430 1725 4514 4567 4254 
980 1773 413 1815 4568 4569 4570 
981 1808 418 1810 4571 4572 4573 
982 1774 1776 1815 4574 4575 4576 
983 600 602 764 4577 4578 4011 
984 1415 909 2247 4579 4580 4581 
985 1893 1891 2394 4582 4583 4584 
986 743 772 1848 4585 4044 4475 
987 447 1639 2616 3048 4586 4587 
988 1617 1616 1675 4588 4589 4590 
989 1840 1841 1873 2920 4591 2957 
990 1900 1897 1901 4592 4593 4594 
991 876 874 1975 4595 4596 4597 
992 2122 1389 2304 4598 3499 4599 
993 1794 1770 1795 4600 4601 4602 
994 1896 1897 1900 4426 4592 4149 
995 1890 1422 2672 2927 4603 4604 
996 2384 1698 2617 4605 4606 4607 
997 858 1265 1914 4608 4609 4610 
998 1799 1503 2725 3892 4611 4612 
999 1636 2286 2338 4613 4614 2857 
1000 1796 1797 2704 4615 4616 4377 
1001 1863 1317 2565 3821 4617 4618 
1002 2333 455 2498 4619 4620 3886 
1003 422 1894 1895 3083 4555 3916 
1004 1921 824 2304 3354 4621 4131 
1005 1062 1338 1700 3891 4622 4623 
1006 1852 1406 1853 4624 4625 4346 
1007 1555 2581 2609 4375 4626 4627 
1008 772 791 792 4628 4629 4043 
1009 884 819 1844 4630 4054 4631 
1010 1000 1001 1002 4632 4560 4633 
1011 1388 834 1829 4634 4635 4360 
1012 1430 1172 2324 4513 4636 3211 
1013 1405 1674 1970 4637 4638 4432 
1014 1678 1677 2761 4639 4640 4065 
1015 476 1877 1988 4280 4090 4641 
1016 1805 1803 2791 4642 4275 3958 
1017 667 669 1858 4643 4644 3342 
1018 1677 1811 2761 3170 4645 4640 
1019 758 658 1816 4535 4355 4240 
1020 1924 435 2431 3791 4646 4471 
1021 630 2439 2693 4647 4648 4649 
1022 834 515 1829 4650 3834 4635 
1023 1346 1348 1593 4651 4652 3560 
1024 1859 574 1861 4653 4285 4314 
1025 1838 1839 2569 4654 2912 4655 
1026 663 665 761 4656 4657 4658 
1027 1195 1193 1518 4659 3562 4660 
1028 926 924 927 4661 4140 4662 
1029 354 448 1778 4663 4664 4665 
1030 1779 301 1786 4666 4667 3492 
1031 1803 304 1964 4668 4669 4273 
1032 389 1770 1794 4670 4600 4671 
1033 309 450 1798 4672 4502 4673 
1034 1799 333 1991 4674 4675 3893 
1035 391 604 1802 4676 4677 4678 
1036 1742 1519 1743 4679 4680 4681 
1037 1744 2276 2472 4283 4682 4683 
1038 570 572 786 4684 4685 4686 
1039 183 184 1903 241 4250 4687 
1040 1822 1818 1872 4338 4281 3070 
1041 1908 1907 1909 4688 4689 4690 
1042 626 622 1973 4691 4692 4693 
1043 669 707 1858 4694 3017 4644 
1044 536 538 796 4695 4696 3101 
1045 528 530 1864 4697 4060 3943 
1046 1140 1555 2609 4698 4627 4699 
1047 2286 809 2338 4700 4701 4614 
1048 788 532 1818 4554 4442 4337 
1049 480 483 1979 4702 4703 4704 
1050 1078 1069 1133 4705 4706 4707 
1051 1724 802 2003 3257 3019 4708 
1052 2124 2128 2204 4709 4710 4711 
1053 866 816 867 4712 4713 4714 
1054 491 1297 2227 4715 4716 4717 
1055 1848 866 2289 3725 4718 4719 
1056 1262 884 1379 4720 4721 4722 
1057 275 469 1968 4723 4724 4725 
1058 1616 1398 1719 4726 4227 4727 
1059 1831 1830 1832 4728 4729 3222 
1060 1618 1344 1732 4559 4506 4730 
1061 1297 489 2477 4731 4732 3085 
1062 607 609 763 4733 4734 2850 
1063 1178 1421 1735 4563 3954 4521 
1064 982 977 1915 4735 4736 4737 
1065 1610 1611 2484 4738 3178 4739 
1066 1400 1398 1616 4740 4726 4741 
1067 1371 1978 1979 3137 4742 4743 
1068 1892 1891 1893 4744 4582 3198 
1069 1320 856 1745 4745 3869 4746 
1070 1565 1587 1867 4519 4747 4748 
1071 13 428 2533 4749 4750 4751 
1072 483 1371 1979 4752 4743 4703 
1073 925 932 1870 4753 4261 4754 
1074 808 1278 1742 4755 4756 3854 
1075 1703 2302 2475 3313 4757 4758 
1076 1899 1900 2797 4150 4759 4760 
1077 911 910 912 4309 4761 4762 
1078 1943 1591 2309 4763 4764 3797 
1079 497 499 809 4765 4766 4767 
1080 1967 540 2784 4768 4769 4770 
1081 1726 1725 2814 3246 4771 4772 
1082 703 785 2005 4773 4774 4775 
1083 1719 1720 1987 3991 4776 4777 
1084 1245 1873 2365 4778 4779 4780 
1085 1382 1380 1592 4781 3574 4782 
1086 613 697 2287 4783 4110 4784 
1087 1379 884 1844 4721 4631 4364 
1088 1000 999 1001 4785 3488 4632 
1089 588 591 1813 4786 4787 3910 
1090 936 1159 1917 4788 2884 4789 
1091 1423 1418 1961 4790 4791 3599 
1092 1331 1591 1601 4418 4792 4793 
1093 792 816 866 4392 4712 3724 
1094 444 2029 2253 4264 4794 4795 
1095 1378 1157 1754 4796 3817 4797 
1096 260 261 1944 281 4358 4798 
1097 460 11 2419 4799 4800 4323 
1098 630 1793 2439 4801 4802 4647 
1099 1007 1006 1008 4803 3162 4804 
1100 195 196 1908 253 4805 4194 
1101 515 511 805 4806 4807 3832 
1102 15 16 1923 74 3951 4548 
1103 904 905 906 4389 4808 4809 
1104 1686 1605 2528 4810 4811 4812 
1105 816 793 817 4391 4813 4301 
1106 1348 1406 1852 4814 4624 4815 
1107 197 461 1907 4816 4817 4818 
1108 665 667 1855 4819 3341 4820 
1109 1847 426 2759 4821 4822 4396 
1110 792 791 793 4629 4823 4390 
1111 669 696 707 4824 4825 4694 
1112 1894 1893 2250 3082 4826 4827 
1113 1277 1195 1843 4828 4829 3412 
1114 1610 2484 2526 4739 4830 4831 
1115 1759 1849 2443 4096 3080 4832 
1116 576 578 776 4833 4834 3258 
1117 487 497 1976 4835 4836 3941 
1118 1591 1330 1708 4417 4343 4837 
1119 1898 1896 1899 4838 4148 4839 
1120 1881 1882 1883 4271 4840 4841 
1121 1749 2486 2679 4842 4843 4844 
1122 2355 1838 2569 3076 4655 4845 
1123 434 1951 2738 3494 3686 4846 
1124 557 553 2276 4847 4848 4849 
1125 572 574 1859 4850 4653 4851 
1126 1976 809 1977 4852 4853 3353 
1127 35 437 2571 4854 4855 4856 
1128 542 544 781 4857 4858 4859 
1129 2589 762 2627 4860 4861 4404 
1130 770 1825 2531 3506 4862 4863 
1131 817 1586 1910 4864 4865 3591 
1132 959 960 1983 4866 4867 4868 
1133 1077 1672 2197 4869 4870 4871 
1134 1656 2681 2799 4046 4872 4873 
1135 196 1907 1908 4874 4688 4805 
1136 420 183 1903 4875 4687 4876 
1137 1365 1597 2605 4877 3050 4878 
1138 1593 1852 2546 4879 4880 4881 
1139 1379 1845 1846 4366 4882 4412 
1140 1919 1698 2384 3045 4605 4883 
1141 730 731 732 4884 4885 4886 
1142 501 503 782 4887 4888 3335 
1143 428 14 1922 4889 4890 4891 
1144 2259 1848 2768 4476 4892 4893 
1145 542 781 2337 4859 4894 4895 
1146 1152 973 1934 4896 4897 4898 
1147 2065 2066 2067 3167 4899 4900 
1148 1741 2255 2314 4901 4100 4902 
1149 1593 1348 1852 4652 4815 4879 
1150 1758 1767 1768 4903 4904 4905 
1151 1856 1855 1857 4445 3089 4906 
1152 894 845 1966 4907 4552 4908 
1153 761 665 1855 4657 4820 4444 
1154 1195 1518 1843 4660 4115 4829 
1155 1303 1926 1927 4909 3879 4910 
1156 1213 1666 2173 4911 3617 4464 
1157 410 180 1881 4912 4409 4913 
1158 889 890 893 4914 4915 4413 
1159 2341 1783 2435 4916 4917 4176 
1160 26 419 1889 4918 4481 4919 
1161 708 710 711 4920 4921 3097 
1162 1795 2485 2591 4922 4923 4159 
1163 1754 811 2550 3511 4924 4215 
1164 2194 459 2816 2990 4925 4926 
1165 805 2694 2778 4927 4928 4929 
1166 613 616 697 4930 4931 4783 
1167 788 1822 1823 4339 3058 3751 
1168 1138 1330 1331 4932 4416 4933 
1169 1700 1338 1701 4622 4934 4935 
1170 786 572 1859 4685 4851 4454 
1171 2328 2006 2382 4398 4073 4936 
1172 1125 1694 2095 4937 4938 4939 
1173 764 602 1839 4578 3590 4940 
1174 2001 1538 2205 4941 4942 4943 
1175 1601 1591 1943 4792 4763 4944 
1176 556 557 558 4945 4946 4494 
1177 2037 159 2815 4452 4947 4948 
1178 2146 1545 2264 4949 4950 4007 
1179 1014 2043 2626 4951 4952 4953 
1180 1621 1731 1939 4497 3569 4954 
1181 1010 1011 1012 3255 4955 4956 
1182 849 834 1388 4957 4634 4958 
1183 898 896 1926 4959 4162 4960 
1184 1162 876 1975 4961 4597 4962 
1185 1303 898 1926 4963 4960 4909 
1186 732 733 736 4964 4965 4485 
1187 1932 1931 1933 4966 4967 3344 
1188 1441 1667 2607 4968 4969 4970 
1189 522 523 524 4971 4972 4493 
1190 273 424 1929 4973 4473 4974 
1191 2606 1810 2698 4975 4976 4977 
1192 1159 938 1946 4978 4979 4980 
1193 1581 2224 2390 4981 3912 3129 
1194 2120 2119 2440 4982 4983 4984 
1195 1899 1615 2482 4040 4985 4986 
1196 420 1903 1954 4876 4987 4988 
1197 1864 1823 2562 3752 4989 3054 
1198 1885 1384 2290 4990 3999 4991 
1199 14 15 1922 73 4547 4890 
1200 1843 2263 2520 4117 4992 4993 
1201 2122 2141 2149 4994 4995 4996 
1202 1856 1857 1955 4906 4997 4419 
1203 1404 959 1983 4998 4868 4999 
1204 1785 1786 2693 3201 5000 5001 
1205 2546 1852 2760 4880 5002 5003 
1206 1679 1656 2799 5004 4873 3819 
1207 1152 1934 1935 4898 5005 5006 
1208 954 957 1885 5007 5008 4229 
1209 1851 770 2531 4048 4863 5009 
1210 421 262 1842 5010 5011 3059 
1211 967 968 1962 5012 5013 5014 
1212 1736 1735 2727 3294 4210 5015 
1213 1516 894 1966 5016 4908 5017 
1214 1138 1142 1330 5018 5019 4932 
1215 10 460 1958 5020 4532 5021 
1216 1756 1758 1849 5022 5023 4095 
1217 1262 1379 1380 4722 4411 5024 
1218 263 264 1918 284 4384 5025 
1219 1866 925 1870 4539 4754 5026 
1220 2000 1860 2790 5027 5028 4565 
1221 1791 451 2390 5029 3109 5030 
1222 1538 1999 2205 5031 5032 4942 
1223 1620 1378 1621 5033 4495 5034 
1224 2337 781 2787 4894 5035 5036 
1225 712 729 730 5037 5038 5039 
1226 651 652 653 5040 5041 4498 
1227 2120 455 2333 5042 4619 5043 
1228 795 626 1973 5044 4693 5045 
1229 609 611 1880 5046 3918 5047 
1230 763 609 1880 4734 5047 3038 
1231 663 761 2501 4658 3124 5048 
1232 2322 1046 2578 5049 5050 5051 
1233 1646 1814 2555 5052 5053 4385 
1234 1602 1814 2462 5054 5055 3331 
1235 1842 263 1918 5056 5025 5057 
1236 1809 1810 2606 5058 4975 5059 
1237 1428 1989 2725 5060 5061 3121 
1238 591 592 919 5062 5063 4499 
1239 736 737 738 5064 5065 4153 
1240 1844 2422 2742 3804 5066 5067 
1241 1401 2217 2240 5068 4106 5069 
1242 954 956 957 5070 5071 5007 
1243 1954 1528 2456 3639 5072 5073 
1244 583 585 587 5074 5075 5076 
1245 538 540 1967 5077 4768 5078 
1246 1577 1162 1975 5079 4962 5080 
1247 1398 1163 1399 5081 5082 4226 
1248 1404 1983 1995 4999 5083 5084 
1249 1330 1142 1367 5019 5085 4342 
1250 2710 1333 2720 5086 5087 5088 
1251 1138 893 1142 4414 5089 5018 
1252 1615 2455 2482 5090 5091 4985 
1253 1814 1602 2555 5054 5092 5053 
1254 947 950 951 5093 5094 5095 
1255 1538 1296 1999 5096 5097 5031 
1256 2272 2273 2425 5098 5099 5100 
1257 548 553 556 5101 5102 4430 
1258 1180 2389 2647 5103 3981 3595 
1259 1875 1415 2368 4097 5104 5105 
1260 1005 1004 1006 5106 3929 5107 
1261 1686 2528 2770 4812 5108 3952 
1262 1400 1616 1617 4741 4588 5109 
1263 934 936 1917 5110 4789 5111 
1264 977 979 1915 5112 5113 4736 
1265 560 557 2276 5114 4849 3839 
1266 1788 2710 2720 5115 5088 5116 
1267 854 852 1543 5117 3337 3346 
1268 925 931 932 5118 5119 4753 
1269 653 654 656 5120 5121 4199 
1270 1766 1765 2241 5122 3380 5123 
1271 1053 1100 1248 3509 5124 5125 
1272 1278 1279 1339 5126 5127 4507 
1273 1358 1921 2229 2998 4130 5128 
1274 1916 408 2357 5129 5130 5131 
1275 513 517 522 5132 5133 4439 
1276 1303 1827 2712 5134 4371 5135 
1277 490 493 2272 5136 5137 5138 
1278 559 562 1960 5139 3908 5140 
1279 1910 1586 1911 4865 5141 5142 
1280 1696 2116 2601 5143 5144 5145 
1281 928 927 929 5146 5147 5148 
1282 1173 1172 1174 5149 4512 5150 
1283 945 947 2010 5151 5152 4422 
1284 1263 2434 2684 5153 5154 4393 
1285 1772 2226 2281 3659 5155 5156 
1286 1539 1538 2001 5157 4941 5158 
1287 505 513 1874 5159 4440 3281 
1288 583 587 2381 5076 5160 5161 
1289 1817 1521 2543 5162 3267 5163 
1290 2029 2028 2253 5164 5165 4794 
1291 1581 1809 2606 3128 5059 5166 
1292 903 1431 2271 5167 5168 5169 
1293 2112 718 2588 5170 5171 5172 
1294 922 924 926 4300 4661 5173 
1295 1587 1320 1745 4518 4746 3480 
1296 462 1746 2496 3391 5174 5175 
1297 1382 1592 1750 4782 5176 5177 
1298 2086 2335 2620 5178 5179 5180 
1299 1778 1633 2734 4351 5181 5182 
1300 866 867 868 4714 5183 5184 
1301 2613 1719 2805 5185 5186 5187 
1302 580 2381 2726 5188 5189 4541 
1303 1564 1320 1565 5190 4517 5191 
1304 2440 2119 2494 4983 3882 5192 
1305 738 739 740 5193 5194 4516 
1306 1747 1332 2754 5195 5196 3425 
1307 2104 2107 2312 4317 5197 4127 
1308 1375 1157 1378 5198 4796 5199 
1309 620 625 651 5200 5201 3367 
1310 562 563 564 5202 5203 4522 
1311 546 548 1878 5204 4431 3306 
1312 525 528 1963 5205 3944 5206 
1313 968 971 1962 5207 5208 5013 
1314 588 590 591 5209 5210 4786 
1315 468 260 1944 5211 4798 5212 
1316 1278 1519 1742 4509 4679 4756 
1317 848 858 1914 5213 4610 3329 
1318 1534 795 1973 5214 5045 5215 
1319 883 1712 1713 4322 3866 5216 
1320 932 934 939 5217 5218 4260 
1321 1501 1404 1995 5219 5084 5220 
1322 426 1847 2788 4821 5221 5222 
1323 528 529 530 5223 5224 4697 
1324 1811 1354 2761 5225 3900 4645 
1325 1418 1750 1961 5226 5227 4791 
1326 1218 2182 2723 5228 5229 5230 
1327 1035 1885 2290 4021 4991 5231 
1328 25 1889 1892 5232 5233 4163 
1329 1857 1919 2568 3852 5234 5235 
1330 1725 1430 1982 4567 5236 5237 
1331 1332 1747 2745 5195 5238 5239 
1332 2544 1557 2587 4295 5240 4545 
1333 1339 1340 1341 5241 5242 4248 
1334 1056 1055 1057 3700 5243 5244 
1335 188 189 432 246 5245 5246 
1336 20 21 433 79 5247 5248 
1337 194 195 427 252 4193 5249 
1338 1418 1382 1750 5250 5177 5226 
1339 1175 1174 1176 5251 4253 5252 
1340 785 828 2005 5253 5254 4774 
1341 1697 711 2666 2974 5255 5256 
1342 455 2120 2440 5042 4984 5257 
1343 191 192 431 249 5258 5259 
1344 16 17 435 75 5260 3950 
1345 862 2373 2622 5261 4089 2999 
1346 185 186 423 243 5262 3992 
1347 732 770 2559 4486 4050 5263 
1348 656 657 658 5264 5265 4534 
1349 13 14 428 72 4889 4749 
1350 1566 2021 2775 3531 5266 5267 
1351 1388 1830 1831 4361 4728 5268 
1352 418 1801 2645 5269 5270 5271 
1353 437 1691 2798 3863 5272 5273 
1354 1868 1867 1869 5274 4306 5275 
1355 1701 1338 1916 4934 5276 5277 
1356 896 894 1516 5278 5016 4161 
1357 624 627 2004 5279 5280 5281 
1358 591 920 1813 4501 5282 4787 
1359 23 24 422 82 3654 3915 
1360 18 19 462 77 3895 5283 
1361 1889 1891 1892 4328 4744 5233 
1362 707 696 708 4825 5284 5285 
1363 458 2363 2420 5286 5287 5288 
1364 979 981 983 5289 5290 5291 
1365 960 963 1983 5292 5293 4867 
1366 707 708 2383 5285 3098 2860 
1367 808 992 1278 5294 5295 4755 
1368 196 197 1907 254 4818 4874 
1369 437 2213 2571 5296 5297 4855 
1370 1748 423 2722 4267 5298 5299 
1371 864 800 1172 5300 5301 5302 
1372 2138 2137 2602 5303 5304 5305 
1373 880 909 1415 4331 4579 3564 
1374 973 975 1934 5306 5307 4897 
1375 786 1860 2000 4456 5027 5308 
1376 267 434 1884 5309 5310 5311 
1377 2128 2036 2204 3151 5312 4710 
1378 2124 2125 2128 5313 3588 4709 
1379 957 958 959 5314 5315 5316 
1380 858 1199 1265 5317 5318 4608 
1381 1731 1378 1754 4496 4797 4008 
1382 197 198 461 255 5319 4816 
1383 883 1713 1737 5216 5320 3750 
1384 564 565 566 5321 5322 4543 
1385 25 26 1889 84 4919 5232 
1386 740 741 743 5323 5324 5325 
1387 932 933 934 5326 5327 5217 
1388 1327 1162 1577 5328 5079 5329 
1389 1709 1367 2525 4165 5330 5331 
1390 598 599 600 5332 5333 4549 
1391 182 183 420 240 4875 4026 
1392 10 11 460 69 4799 5020 
1393 913 856 1320 5334 4745 5335 
1394 1813 920 2292 5282 5336 5337 
1395 559 561 562 5338 5339 5139 
1396 1518 1736 2263 3295 4262 4116 
1397 497 809 1976 4767 4852 4836 
1398 911 912 1134 4762 5340 5341 
1399 259 468 1971 5342 3273 5343 
1400 879 902 1391 4336 4340 3555 
1401 26 27 419 85 5344 4918 
1402 1742 1743 1744 4681 4282 3516 
1403 1741 1141 2255 3182 5345 4901 
1404 2004 1360 2641 5346 3646 5347 
1405 1806 1807 2490 5348 5349 3553 
1406 1164 1398 1400 5350 4740 5351 
1407 530 531 532 5352 5353 4553 
1408 926 927 928 4662 5146 5354 
1409 1862 776 2240 3041 4434 4105 
1410 1164 1163 1398 5355 5081 5350 
1411 1970 1674 2386 4638 5356 5357 
1412 1562 1741 2314 3740 4902 5358 
1413 938 941 1946 5359 5360 4979 
1414 1770 593 2485 5361 5362 5363 
1415 525 527 528 5364 5365 5205 
1416 1800 1609 2432 2854 5366 5367 
1417 2153 443 2802 3006 5368 5369 
1418 951 1143 2010 5370 5371 5372 
1419 473 472 1877 5373 5374 4279 
1420 1341 1342 1344 5375 5376 4558 
1421 1801 1771 2523 5377 5378 5379 
1422 2325 1532 2616 5380 5381 5382 
1423 1177 1176 1178 5383 4562 5384 
1424 270 271 430 291 3722 3965 
1425 264 265 429 285 5385 4383 
1426 179 180 410 237 4912 5386 
1427 2005 1397 2006 5387 5388 4397 
1428 658 659 660 5389 5390 4354 
1429 1003 1002 1004 5391 3786 5392 
1430 1006 1024 1747 3931 5393 3163 
1431 1024 1004 1985 3930 3787 3945 
1432 272 273 1929 293 4974 5394 
1433 2335 2086 2708 5178 5395 5396 
1434 1143 1520 2010 5397 3964 5371 
1435 415 1952 2807 3483 5398 5399 
1436 262 263 1842 283 5056 5011 
1437 267 268 434 288 3444 5309 
1438 428 2433 2533 5400 5401 4750 
1439 29 30 408 88 5402 5403 
1440 806 1744 2817 3517 5404 5405 
1441 273 274 424 294 5406 4973 
1442 1639 2325 2616 5407 5382 4586 
1443 261 262 421 282 5010 4356 
1444 435 17 2348 5260 5408 5409 
1445 1504 1691 2345 5410 3865 4233 
1446 951 952 1035 5411 4019 5412 
1447 600 601 602 5413 5414 4577 
1448 1871 411 1989 3978 5415 5416 
1449 951 950 952 5094 5417 5411 
1450 566 567 568 5418 5419 5420 
1451 2602 2137 2648 5304 4124 5421 
1452 1758 1755 1767 5422 5423 4903 
1453 796 538 1967 4696 5078 3623 
1454 805 511 2694 4807 5424 4927 
1455 2692 2244 2778 5425 5426 5427 
1456 947 951 2010 5095 5372 5152 
1457 743 771 772 5428 5429 4585 
1458 711 710 712 4921 5430 5431 
1459 595 597 598 5432 5433 4022 
1460 1739 1886 2657 5434 5435 5436 
1461 1626 1705 2747 3193 5437 5438 
1462 18 462 2348 5283 5439 5440 
1463 272 1929 1932 5394 5441 4272 
1464 1579 1888 2282 4187 5442 5443 
1465 948 943 2007 5444 5445 4085 
1466 906 905 993 4808 5446 5447 
1467 1159 1946 2241 4980 5448 3379 
1468 900 898 1303 5449 4963 5450 
1469 480 1979 2251 4704 5451 5452 
1470 275 276 469 296 5453 4723 
1471 929 927 990 5147 3926 5454 
1472 519 1283 1998 5455 5456 5457 
1473 427 1908 2819 4195 5458 5459 
1474 960 962 963 5460 5461 5292 
1475 259 260 468 280 5211 5342 
1476 384 383 1755 397 5462 5463 
1477 331 330 472 344 5464 5465 
1478 355 354 1778 368 4665 5466 
1479 302 301 1779 315 4666 5467 
1480 353 7 1787 366 5468 5469 
1481 334 333 1799 347 4674 5470 
1482 310 309 1798 323 4673 5471 
1483 337 336 1796 350 5472 5473 
1484 305 304 1803 318 4668 5474 
1485 390 389 1794 403 4671 5475 
1486 392 391 1802 405 4678 5476 
1487 1895 1896 1898 4556 4838 5477 
1488 9 10 1958 68 5021 5478 
1489 34 2571 2599 5479 5480 5481 
1490 532 533 534 5482 5483 4441 
1491 1234 1588 2363 5484 5485 5486 
1492 1879 1391 2011 4139 3876 5487 
1493 975 977 982 5488 4735 5489 
1494 2011 1295 2267 4120 3213 5490 
1495 176 177 426 234 5491 5492 
1496 1827 1303 2584 5134 5493 5494 
1497 1755 383 1767 5462 4448 5423 
1498 472 330 1706 5464 4449 5495 
1499 1787 7 1789 5468 4450 5496 
1500 1796 336 1797 5472 4451 4615 
1501 1701 2357 2395 5497 5498 5499 
1502 971 973 1152 5500 4896 5501 
1503 2043 1014 2678 4951 5502 5503 
1504 828 1397 2005 5504 5387 5254 
1505 979 983 1915 5291 5505 5113 
1506 868 867 914 5183 5506 5507 
1507 957 959 1384 5316 5508 5509 
1508 2017 2377 2464 5510 4438 5511 
1509 32 33 425 91 5512 5513 
1510 1693 439 2291 5514 5515 5516 
1511 2363 1588 2420 5485 3732 5287 
1512 2066 719 2298 4102 5517 5518 
1513 941 943 948 5519 5444 5520 
1514 1701 1916 2357 5277 5131 5497 
1515 540 2337 2784 5521 5522 4769 
1516 1344 1345 1346 5523 5524 4505 
1517 1377 1659 2230 5525 5526 4191 
1518 836 478 1988 5527 5528 5529 
1519 478 476 1988 5530 4641 5528 
1520 936 938 1159 5531 4978 4788 
1521 1179 1178 1193 5532 4520 5533 
1522 176 426 1965 5492 5534 5535 
1523 660 661 663 5536 5537 5538 
1524 1835 1764 2755 3793 5539 5540 
1525 1616 1719 2613 4727 5185 5541 
1526 174 175 1887 232 5542 5543 
1527 2526 650 2587 5544 5545 5546 
1528 469 1969 1980 5547 5548 5549 
1529 2206 2273 2615 3779 5550 5551 
1530 1903 1905 1954 4504 5552 4987 
1531 828 830 1397 5553 5554 5504 
1532 1897 1894 2250 4425 4827 5555 
1533 934 935 936 5556 5557 5110 
1534 1328 795 1534 5558 5214 3932 
1535 943 945 2007 5559 4421 5445 
1536 1876 1506 2557 3069 5560 5561 
1537 1824 1137 2385 3744 5562 5563 
1538 22 23 2796 81 4003 5564 
1539 789 841 2299 5565 4462 5566 
1540 1725 1982 2814 5237 5567 4771 
1541 436 174 1887 5568 5543 5569 
1542 173 174 436 231 5568 5570 
1543 1887 175 1965 5542 5571 5572 
1544 1434 1863 2397 3822 5573 2934 
1545 602 603 605 5574 5575 3589 
1546 568 569 570 5576 5577 3526 
1547 983 981 984 5290 5578 5579 
1548 904 906 907 4809 5580 5581 
1549 963 964 965 5582 5583 5584 
1550 772 790 791 5585 5586 4628 
1551 581 1757 1992 5587 5588 5589 
1552 614 1781 1964 5590 5591 5592 
1553 407 474 1991 5593 5594 5595 
1554 1946 1947 2241 5596 5597 5448 
1555 35 36 437 94 5598 4854 
1556 1639 1544 2325 5599 5600 5407 
1557 928 929 930 5148 5601 5602 
1558 2219 464 2542 5603 5604 5605 
1559 2122 2149 2297 4996 5606 5607 
1560 2455 433 2482 5608 5609 5091 
1561 984 986 987 5610 5611 5612 
1562 1606 1842 2695 2835 5613 5614 
1563 903 901 1431 4387 4083 5167 
1564 1929 1931 1932 4429 4966 5441 
1565 534 535 536 5615 5616 4029 
1566 1812 1621 1940 5617 5618 5619 
1567 570 786 2332 4686 5620 3527 
1568 558 559 1960 5621 5140 4289 
1569 730 729 731 5038 5622 4884 
1570 930 929 1043 5601 5623 5624 
1571 983 2237 2238 5625 5626 5627 
1572 1552 1188 2310 5628 5629 5630 
1573 800 778 2324 5631 4015 5632 
1574 998 996 999 5633 5634 5635 
1575 258 259 1971 279 5343 5636 
1576 1785 1996 2321 5637 5638 5639 
1577 910 908 1368 4406 4135 5640 
1578 1739 2657 2762 5436 5641 5642 
1579 2067 2066 2298 4899 5518 5643 
1580 971 972 973 5644 5645 5500 
1581 1831 1833 1834 3810 2947 5646 
1582 963 965 1187 5584 5647 5648 
1583 867 816 2245 4713 4302 5649 
1584 957 956 958 5071 5650 5314 
1585 922 926 2292 5173 5651 5652 
1586 627 631 2004 5653 5654 5280 
1587 1985 1390 1986 3875 5655 3946 
1588 2062 2129 2318 5656 5657 4062 
1589 1767 416 2800 3842 5658 5659 
1590 1690 468 2688 3271 5660 5661 
1591 1346 1347 1348 5662 5663 4651 
1592 587 585 588 5075 5664 3909 
1593 907 906 1047 5580 5665 5666 
1594 936 937 938 5667 5668 5531 
1595 663 664 665 5669 5670 4656 
1596 1194 1193 1195 5671 4659 5672 
1597 732 731 733 4885 5673 4964 
1598 1023 1001 1163 4561 4407 5674 
1599 1969 1959 1980 5675 3408 5548 
1600 524 525 1963 5676 5206 4333 
1601 175 176 1965 233 5535 5571 
1602 872 1961 2449 3359 5677 5678 
1603 983 984 2237 5579 5679 5625 
1604 1506 1910 2557 3766 5680 5560 
1605 266 267 1884 287 5311 5681 
1606 968 970 971 5682 5683 5207 
1607 494 491 2227 5684 4717 5685 
1608 1890 419 2236 4482 5686 2928 
1609 1956 1971 2639 5687 4025 3748 
1610 556 553 557 5102 4847 4945 
1611 1441 1439 1667 5688 5689 4968 
1612 1757 1761 1992 5690 4184 5588 
1613 474 1503 1991 5691 3894 5594 
1614 570 571 572 5692 5693 4684 
1615 1501 1995 1996 5220 5694 5695 
1616 2407 1050 2444 5696 5697 5698 
1617 973 974 975 5699 5700 5306 
1618 2219 2542 2590 5605 5701 5702 
1619 605 606 607 5703 5704 3521 
1620 1947 1817 2543 3642 5163 5705 
1621 1624 1843 2520 3116 4993 5706 
1622 416 1791 1792 5707 5708 5709 
1623 1774 409 1775 5710 5711 5712 
1624 451 1808 1809 5713 5714 3107 
1625 1771 413 1772 5715 5716 5717 
1626 1720 1721 1945 5718 5719 5720 
1627 871 2261 2460 5721 5722 5723 
1628 817 861 1586 5724 5725 4864 
1629 1958 1959 1969 4533 5675 5726 
1630 938 940 941 5727 5728 5359 
1631 592 595 1942 5729 4023 5730 
1632 173 436 1972 5570 5731 5732 
1633 522 517 523 5133 5733 4971 
1634 787 2155 2592 5734 3996 5735 
1635 536 537 538 5736 5737 4695 
1636 1813 2292 2293 5337 5738 3577 
1637 921 919 1420 4515 5739 5740 
1638 493 496 2272 5741 5742 5137 
1639 939 934 1917 5218 5111 5743 
1640 941 942 943 5744 5745 5519 
1641 499 501 2338 5746 3336 5747 
1642 558 557 559 4946 5748 5621 
1643 975 976 977 5749 5750 5488 
1644 2486 1749 2691 4842 5751 5752 
1645 1743 1519 2275 4680 4401 3216 
1646 578 580 2262 5753 4540 5754 
1647 965 966 967 5755 5756 5757 
1648 172 173 1972 230 5732 5758 
1649 2237 1536 2238 5759 5760 5626 
1650 925 923 931 4479 5761 5118 
1651 886 888 889 5762 5763 4255 
1652 2065 2067 2068 4900 5764 3755 
1653 1758 1768 1769 4905 5765 5766 
1654 410 1881 2510 4913 5767 5768 
1655 712 730 2551 5039 3179 5769 
1656 1353 2001 2205 5770 4943 5771 
1657 1632 2698 2772 5772 5773 5774 
1658 1909 1907 2623 4689 5775 3274 
1659 1012 1011 1140 4955 5776 5777 
1660 1010 1012 1013 4956 5778 5779 
1661 461 2423 2623 3229 5780 5781 
1662 736 733 737 4965 5782 5064 
1663 1694 463 2097 4367 5783 5784 
1664 1375 1378 1620 5199 5033 5785 
1665 524 523 525 4972 5786 5676 
1666 1348 1349 1406 5787 5788 4814 
1667 651 625 652 5201 5789 5040 
1668 1548 1401 2240 5790 5069 4196 
1669 1709 2525 2810 5331 5791 5792 
1670 665 666 667 5793 5794 4819 
1671 959 958 960 5315 5795 4866 
1672 1196 1195 1277 5796 4828 5797 
1673 1565 1868 1957 5798 5799 5800 
1674 951 1035 1143 5412 5801 5370 
1675 1147 1044 1148 5802 5803 5804 
1676 1261 884 1262 5805 4720 5806 
1677 1720 1399 1721 3990 5807 5718 
1678 591 590 592 5210 5808 5062 
1679 634 650 2013 5809 5810 5811 
1680 572 573 574 5812 5813 4850 
1681 1053 1248 1646 5125 5814 3225 
1682 1248 1100 1255 5124 5815 5816 
1683 607 608 609 5817 5818 4733 
1684 926 1336 2292 5819 5820 5651 
1685 266 1884 2513 5681 5821 5822 
1686 1298 2306 2314 5823 5824 4099 
1687 1748 1749 2679 5825 4844 4268 
1688 1043 929 2012 5623 5826 5827 
1689 1444 1572 2008 5828 5829 5830 
1690 1325 784 2463 5831 5832 5833 
1691 512 504 2315 5834 5835 5836 
1692 631 1360 2004 5837 5346 5654 
1693 432 189 2528 5245 5838 5839 
1694 491 489 1297 5840 4731 4715 
1695 1353 1524 2001 5841 5842 5770 
1696 1056 1057 1058 5244 5843 5844 
1697 929 990 2012 5454 3217 5826 
1698 2490 1807 2697 5349 4157 5845 
1699 28 29 2554 87 5846 3542 
1700 483 485 1371 5847 3872 4752 
1701 1620 1621 1812 5034 5617 5848 
1702 458 171 2230 5849 5850 4218 
1703 2265 415 2807 5851 5399 5852 
1704 538 539 540 5853 5854 5077 
1705 1399 1163 1826 5082 4408 5855 
1706 990 1866 2687 3928 5856 5857 
1707 1670 1133 1700 5858 5859 5860 
1708 1746 1510 2496 5861 3859 5174 
1709 653 652 654 5041 5862 5120 
1710 1973 622 2446 4692 5863 3728 
1711 1849 1769 2012 5864 5865 3078 
1712 464 2009 2542 5866 5867 5604 
1713 631 815 1360 5868 5869 5837 
1714 911 1134 1135 5341 5870 5871 
1715 1134 912 1136 5340 5872 5873 
1716 870 819 884 5874 4630 5875 
1717 1181 857 2330 5876 5877 5878 
1718 987 986 988 5611 5879 5880 
1719 496 519 1998 5881 5457 5882 
1720 19 20 2258 78 5883 3896 
1721 2028 2222 2253 5884 5885 5165 
1722 975 982 1934 5489 5886 5307 
1723 1384 959 1404 5508 4998 5887 
1724 993 905 994 5446 5888 5889 
1725 943 944 945 5890 5891 5559 
1726 510 509 511 5892 5893 5894 
1727 2096 2097 2107 5895 5896 4051 
1728 418 2645 2772 5271 5897 5898 
1729 1551 1188 1552 5899 5628 5900 
1730 957 1384 1885 5509 4990 5008 
1731 977 978 979 5901 5902 5112 
1732 1278 992 1279 5295 5903 5126 
1733 1977 809 2286 4853 4700 5904 
1734 1989 1799 2725 5905 4612 5061 
1735 909 911 2247 4310 5906 4580 
1736 2248 1050 2407 5907 5696 3826 
1737 632 634 2013 5908 5811 5909 
1738 864 1172 1173 5302 5149 5910 
1739 971 1152 1962 5501 5911 5208 
1740 1381 1380 1382 5912 4781 5913 
1741 738 737 739 5065 5914 5193 
1742 987 988 1191 5880 5915 5916 
1743 868 914 915 5507 5917 5918 
1744 914 867 916 5506 5919 5920 
1745 1291 1886 2573 5921 5922 3550 
1746 1365 1595 1597 5923 5924 4877 
1747 509 494 2227 5925 5685 5926 
1748 198 199 1956 256 5927 5928 
1749 1050 1328 2444 5929 5930 5697 
1750 941 948 1946 5520 5931 5360 
1751 1752 1423 1994 5932 3600 5933 
1752 1711 758 2411 3233 4241 4167 
1753 2116 1696 2721 5143 5934 5935 
1754 497 498 499 5936 5937 4765 
1755 1265 1199 1637 5318 5938 5939 
1756 408 1916 2327 5129 5940 4171 
1757 1915 983 2238 5505 5627 5941 
1758 667 668 669 5942 5943 4643 
1759 1669 2097 2098 5944 5945 5946 
1760 1282 1277 1546 5947 5948 5949 
1761 1327 1577 1984 5329 5950 5951 
1762 519 521 1283 5952 5953 5455 
1763 930 1043 1044 5624 5954 5955 
1764 274 275 1968 295 4725 5956 
1765 2402 1987 2676 5957 5958 5959 
1766 1996 1995 2321 5694 5960 5638 
1767 431 192 2534 5258 5961 5962 
1768 913 1320 1564 5335 5190 5963 
1769 967 966 968 5756 5964 5012 
1770 963 1187 1983 5648 5965 5293 
1771 984 987 2237 5612 5966 5679 
1772 1715 1714 2322 4266 5967 5968 
1773 1801 2523 2645 5379 5969 5270 
1774 574 575 576 5970 5971 4284 
1775 836 1988 2254 5529 3420 5972 
1776 907 1047 1048 5666 5973 5974 
1777 740 743 2259 5325 4477 4363 
1778 507 494 509 5975 5925 5976 
1779 1442 1444 2008 5977 5830 5978 
1780 1023 1163 1164 5674 5355 5979 
1781 609 610 611 5980 5981 5046 
1782 1141 1739 2762 3244 5642 5982 
1783 562 561 563 5339 5983 5202 
1784 1147 1148 1149 5804 5984 5985 
1785 1775 409 1777 5711 4349 4286 
1786 1774 1775 1776 5712 5986 4574 
1787 1809 1808 1810 5714 4573 5058 
1788 1772 413 1773 5716 4568 3658 
1789 1528 1529 2456 5987 5988 5072 
1790 1838 764 1839 4557 4940 4654 
1791 2018 1494 2019 5989 5990 5991 
1792 963 962 964 5461 5992 5582 
1793 849 1388 1834 4958 5993 4488 
1794 1339 1279 1340 5127 5994 5241 
1795 2068 2067 2069 5764 5995 5996 
1796 2009 464 2506 5866 5997 5998 
1797 1758 1769 1849 5766 5864 5023 
1798 1769 1768 2002 5765 5999 6000 
1799 965 964 966 5583 6001 5755 
1800 1752 431 2818 3904 6002 6003 
1801 1140 1011 1332 5776 6004 6005 
1802 1013 1012 1014 5778 6006 6007 
1803 1415 2247 2368 4581 6008 5104 
1804 1149 1148 1150 5984 6009 6010 
1805 1173 1174 1175 5150 5251 6011 
1806 1773 1815 2824 4570 6012 6013 
1807 1815 1776 2824 4575 6014 6012 
1808 540 541 542 6015 6016 6017 
1809 487 492 497 6018 6019 4835 
1810 1143 1035 1316 5801 6020 6021 
1811 656 654 657 5121 6022 5264 
1812 910 1368 2385 5640 6023 6024 
1813 504 506 2315 6025 4217 5835 
1814 993 994 1128 5889 6026 6027 
1815 1255 1100 1514 5815 3901 6028 
1816 1646 1248 1814 5814 6029 5052 
1817 2014 1494 2018 6030 5989 6031 
1818 1450 1445 2014 6032 6033 6034 
1819 528 527 529 5365 6035 5223 
1820 1058 1057 1059 5843 6036 6037 
1821 1056 1058 1063 5844 6038 6039 
1822 718 2112 2733 5170 6040 6041 
1823 1565 1867 1868 4748 5274 5798 
1824 791 1244 2416 6042 4382 6043 
1825 1360 815 1361 5869 6044 6045 
1826 1135 1134 1250 5870 6046 6047 
1827 1136 912 1137 5872 6048 6049 
1828 514 511 515 6050 4806 6051 
1829 1450 2014 2015 6034 6052 6053 
1830 1384 1404 1405 5887 6054 3997 
1831 1920 1358 2740 3066 6055 6056 
1832 987 1191 1272 5916 6057 6058 
1833 1191 988 1192 5915 6059 6060 
1834 868 915 1319 5918 6061 6062 
1835 914 916 1289 5920 6063 6064 
1836 1946 948 1947 5931 3643 5596 
1837 1147 1149 2217 5985 6065 6066 
1838 1564 1565 1957 5191 5800 6067 
1839 932 931 933 5119 6068 5326 
1840 1975 874 2442 4596 6069 4004 
1841 1983 1187 1995 5965 6070 5083 
1842 1048 1047 1285 5973 6071 6072 
1843 1023 1164 1390 5979 6073 3874 
1844 1445 1443 2014 6074 6075 6033 
1845 1931 1930 2317 4428 6076 6077 
1846 984 985 986 6078 6079 5610 
1847 1192 1270 1271 6080 6081 6082 
1848 1013 1014 1015 6007 6083 6084 
1849 1140 1332 1555 6005 6085 4698 
1850 1149 1150 1151 6010 6086 6087 
1851 1150 1148 1364 6009 6088 6089 
1852 979 980 981 6090 6091 5289 
1853 1912 1617 1913 6092 6093 6094 
1854 32 425 2395 5513 6095 6096 
1855 564 563 565 5203 6097 5321 
1856 1143 1316 1414 6021 6098 6099 
1857 499 500 501 6100 6101 5746 
1858 945 946 947 6102 6103 5151 
1859 1128 994 1129 6026 6104 6105 
1860 993 1128 1507 6027 6106 6107 
1861 1255 1514 1515 6028 6108 6109 
1862 740 739 741 5194 6110 5323 
1863 1058 1059 1060 6037 6111 6112 
1864 1135 1250 1251 6047 6113 6114 
1865 1136 1137 1189 6049 6115 6116 
1866 789 840 841 6117 6118 5565 
1867 429 265 2513 5385 6119 3938 
1868 2129 2062 2483 5656 6120 6121 
1869 1450 2015 2016 6053 6122 6123 
1870 2015 2014 2018 6052 6031 6124 
1871 1405 1404 1501 6054 5219 6125 
1872 1402 1247 2205 6126 6127 6128 
1873 1272 1191 1385 6057 6129 6130 
1874 1319 915 1651 6061 6131 6132 
1875 1289 916 1301 6063 6133 6134 
1876 815 632 2013 6135 5909 6136 
1877 1285 1047 1287 6071 6137 6138 
1878 1048 1285 1286 6072 6139 3647 
1879 2425 2273 2580 5099 6140 6141 
1880 1449 1447 2025 6142 6143 6144 
1881 1271 1270 1276 6081 4132 6145 
1882 1247 1353 2205 6146 5771 6127 
1883 1999 1402 2205 6147 6128 5032 
1884 1453 2026 2027 6148 6149 6150 
1885 1555 1332 1556 6085 6151 6152 
1886 1015 1014 1016 6083 6153 6154 
1887 1151 1150 1256 6086 6155 6156 
1888 1143 1414 1520 6099 6157 5397 
1889 1414 1316 1549 6098 6158 6159 
1890 1128 1129 1130 6105 6160 6161 
1891 1515 1514 1676 6108 6162 4203 
1892 1255 1515 1590 6109 6163 6164 
1893 1453 2025 2026 6165 6166 6148 
1894 1060 1059 1061 6111 6167 6168 
1895 1251 1250 1252 6113 6169 6170 
1896 1135 1251 1318 6114 6171 6172 
1897 1189 1137 1190 6115 3743 6173 
1898 2016 2015 2017 6122 6174 6175 
1899 1453 1449 2025 6176 6144 6165 
1900 1405 1501 1674 6125 6177 4637 
1901 1447 1450 2025 6178 6179 6143 
1902 1272 1385 1535 6130 6180 6181 
1903 1289 1301 1613 6134 6182 6183 
1904 1301 916 1506 6133 6184 3068 
1905 1319 1651 1652 6132 3774 6185 
1906 1450 2016 2025 6123 6186 6179 
1907 1286 1285 1354 6139 6187 6188 
1908 1498 1454 2027 6189 6190 6191 
1909 1454 1453 2027 6192 6150 6190 
1910 1271 1276 1284 6145 6193 6194 
1911 1555 1556 1557 6152 6195 4374 
1912 1015 1016 1017 6154 6196 6197 
1913 1151 1256 1257 6156 6198 6199 
1914 1549 1316 1970 6158 6200 6201 
1915 1520 1414 1521 6157 6202 6203 
1916 1130 1129 1131 6160 6204 6205 
1917 1590 1515 1685 6163 4206 6206 
1918 1448 1603 2024 6207 6208 6209 
1919 641 649 2033 6210 6211 6212 
1920 1060 1061 1064 6168 6213 6214 
1921 635 633 2020 6215 6216 6217 
1922 1498 2027 2028 6191 6218 6219 
1923 1189 1190 1304 6173 6220 6221 
1924 1252 1250 1580 6169 6222 6223 
1925 1251 1252 1253 6170 6224 6225 
1926 1535 1385 1609 6180 6226 2853 
1927 1272 1535 1536 6181 3947 6227 
1928 1613 1301 1631 6182 2862 6228 
1929 1289 1613 1614 6183 6229 6230 
1930 649 1315 2033 6231 6232 6211 
1931 639 641 2033 6233 6212 6234 
1932 1286 1354 1811 6188 5225 3636 
1933 1446 1448 2024 6235 6209 6236 
1934 2023 639 2033 6237 6234 6238 
1935 636 639 2023 6239 6237 6240 
1936 1271 1284 1537 6194 6241 6242 
1937 1017 1016 1019 6196 6243 6244 
1938 1557 1556 1610 6195 6245 6246 
1939 1257 1256 1258 6198 6247 6248 
1940 1520 1521 1817 6203 5162 4538 
1941 1130 1131 1246 6205 6249 6250 
1942 1064 1061 1065 6213 6251 6252 
1943 640 2030 2044 6253 6254 6255 
1944 1498 2028 2029 6219 5164 6256 
1945 1304 1190 1305 6220 6257 6258 
1946 1253 1252 1424 6224 6259 6260 
1947 1189 1304 1333 6221 6261 6262 
1948 1614 1613 1702 6229 6263 6264 
1949 2030 1566 2044 3532 6265 6254 
1950 640 637 2030 6266 6267 6253 
1951 2025 2016 2026 6186 6268 6166 
1952 1537 1284 1558 6241 6269 6270 
1953 1017 1019 1020 6244 6271 6272 
1954 1019 1016 1034 6243 6273 6274 
1955 1610 1556 1611 6245 6275 4738 
1956 1257 1258 1259 6248 6276 6277 
1957 1258 1256 1581 6247 6278 6279 
1958 1246 1131 1247 6249 6280 6281 
1959 1064 1065 1066 6252 6282 6283 
1960 1253 1424 1425 6260 6284 6285 
1961 1305 1190 1505 6257 3746 6286 
1962 1304 1305 1306 6258 6287 6288 
1963 1558 1284 1559 6269 6289 6290 
1964 1020 1019 1021 6271 6291 6292 
1965 1017 1020 1139 6272 6293 6294 
1966 1259 1258 1296 6276 6295 6296 
1967 1247 1131 1352 6280 6297 6298 
1968 1246 1247 1402 6281 6126 6299 
1969 1066 1065 1067 6282 6300 6301 
1970 1064 1066 1291 6283 6302 6303 
1971 1306 1305 1307 6287 6304 6305 
1972 1253 1425 1426 6285 6306 6307 
1973 1455 1457 2034 6308 6309 6310 
1974 2032 2034 2035 6311 6312 6313 
1975 2031 1455 2034 6314 6310 6315 
1976 1558 1559 1952 6290 6316 2874 
1977 1457 1489 2034 6317 6318 6309 
1978 1020 1021 1022 6292 6319 6320 
1979 1259 1296 1538 6296 5096 6321 
1980 1247 1352 1353 6298 6322 6146 
1981 1246 1402 1403 6299 6323 6324 
1982 1452 1455 2031 6325 6314 6326 
1983 1066 1067 1068 6301 6327 6328 
1984 1426 1425 1427 6306 6329 6330 
1985 1306 1307 1308 6305 6331 6332 
1986 1451 1452 2031 6333 6326 6334 
1987 1952 1559 1953 6316 6335 6336 
1988 1022 1021 1025 6319 6337 6338 
1989 1259 1538 1539 6321 5157 6339 
1990 1403 1402 1632 6323 6340 6341 
1991 1154 645 2044 6342 6343 6344 
1992 1068 1067 1069 6327 6345 6346 
1993 1584 1294 2042 6347 6348 6349 
1994 1427 1425 1428 6329 6350 6351 
1995 1308 1307 1309 6331 6352 6353 
1996 1426 1427 1502 6330 6354 6355 
1997 2034 1489 2035 6318 6356 6312 
1998 1584 2042 2043 6349 6357 6358 
1999 2038 1392 2040 6359 6360 6361 
2000 1566 1154 2044 6362 6344 6265 
2001 1392 1155 2040 6363 6364 6360 
2002 1294 1392 2042 6365 6366 6348 
2003 1392 2038 2041 6359 6367 6368 
2004 645 642 2044 6369 6370 6343 
2005 1025 1021 1324 6337 6371 6372 
2006 1022 1025 1026 6338 6373 6374 
2007 2040 1155 2046 6364 6375 6376 
2008 1632 1402 1999 6340 6147 6377 
2009 1068 1069 1070 6346 6378 6379 
2010 1309 1307 1310 6352 6380 6381 
2011 1308 1309 1311 6353 6382 6383 
2012 1427 1428 1429 6351 3073 6384 
2013 1026 1025 2201 6373 6385 6386 
2014 2035 1489 2036 6356 6387 6388 
2015 1155 643 2046 6389 6390 6375 
2016 2038 2039 2041 6391 2890 6367 
2017 1022 1026 1027 6374 6392 6393 
2018 1025 1324 1417 6372 3649 6394 
2019 1392 2041 2042 6368 6395 6366 
2020 1070 1069 1071 6378 6396 6397 
2021 1311 1309 1312 6382 6398 6399 
2022 1308 1311 1633 6383 6400 6401 
2023 2035 2036 2037 6388 4221 6402 
2024 1027 1026 1028 6392 6403 6404 
2025 1070 1071 1072 6397 6405 6406 
2026 643 644 2046 6407 6408 6390 
2027 1311 1312 1313 6399 6409 6410 
2028 1387 821 2047 6411 6412 6413 
2029 821 2045 2047 6414 6415 6412 
2030 1028 1026 1030 6403 6416 6417 
2031 1886 1387 2047 6418 6413 6419 
2032 1072 1071 1073 6405 6420 6421 
2033 1070 1072 1141 6406 6422 6423 
2034 821 671 2045 6424 6425 6414 
2035 1313 1312 1314 6409 6426 6427 
2036 671 646 2045 6428 6429 6425 
2037 1028 1030 1031 6417 6430 2936 
2038 2040 2046 2184 6376 6431 6432 
2039 1072 1073 1074 6421 6433 6434 
2040 1313 1314 1350 6427 6435 6436 
2041 2045 1560 2047 6437 6438 6415 
2042 2046 647 2184 6439 6440 6431 
2043 706 1560 2045 6441 6437 6442 
2044 1031 1030 1032 6430 6443 6444 
2045 1074 1073 1075 6433 6445 6446 
2046 1350 1314 1351 6435 6447 2924 
2047 1313 1350 1435 6436 6448 6449 
2048 1031 1032 1033 6444 6450 2958 
2049 1032 1030 1370 6443 6451 6452 
2050 675 1567 2184 6453 6454 6455 
2051 1074 1075 1076 6446 6456 6457 
2052 1075 1073 1077 6445 6458 6459 
2053 1435 1350 1677 6448 3169 6460 
2054 1351 1314 1373 6447 6461 6462 
2055 1567 2040 2184 6463 6432 6454 
2056 2052 1562 2181 3741 6464 6465 
2057 1321 1372 2048 6466 6467 6468 
2058 714 705 2193 6469 6470 6471 
2059 672 675 2184 6472 6455 6473 
2060 1033 1032 1036 6450 6474 6475 
2061 2058 2052 2181 6476 6465 6477 
2062 677 674 2058 6478 6479 6480 
2063 701 702 2139 6481 6482 6483 
2064 1076 1075 1079 6456 6484 6485 
2065 1074 1076 1298 6457 6486 6487 
2066 2077 702 2083 6488 6489 6490 
2067 1435 1677 1678 6460 4639 6491 
2068 2101 1696 2190 6492 6493 6494 
2069 705 2139 2193 6495 6496 6470 
2070 2078 2081 2084 6497 6498 6499 
2071 2077 2078 2084 6500 6499 6501 
2072 702 2077 2084 6488 6501 6502 
2073 2075 2077 2083 6503 6490 6504 
2074 1221 1523 2101 6505 6506 6507 
2075 2094 775 2159 6508 6509 6510 
2076 705 701 2139 6511 6483 6495 
2077 702 2084 2139 6502 6512 6482 
2078 677 2058 2181 6480 6477 6513 
2079 2082 2075 2083 6514 6504 6515 
2080 674 673 2058 6516 6517 6479 
2081 717 714 2193 6518 6471 6519 
2082 1230 1233 2099 6520 4036 6521 
2083 775 2094 2117 6508 6522 6523 
2084 2087 717 2193 6524 6519 6525 
2085 2090 2094 2159 6526 6510 6527 
2086 2089 2091 2156 6528 6529 6530 
2087 1523 1696 2101 6531 6492 6506 
2088 1033 1036 1037 6475 6532 6533 
2089 1186 1184 2103 6534 6535 6536 
2090 1170 2059 2060 6537 6538 6539 
2091 1170 2060 2061 6539 6540 6541 
2092 2092 2089 2156 6542 6530 3323 
2093 2113 1369 2114 6543 6544 6545 
2094 694 2071 2073 6546 6547 6548 
2095 2084 2081 2085 6498 6549 6550 
2096 2073 2075 2082 6551 6514 6552 
2097 2109 1369 2113 6553 6543 6554 
2098 2053 1264 2054 6555 6556 6557 
2099 1228 1230 2099 6558 6521 6559 
2100 1460 1458 2049 6560 6561 6562 
2101 2114 1369 2172 6544 6563 6564 
2102 1184 1407 2103 6565 6566 6535 
2103 1121 1264 2053 6567 6555 6568 
2104 1222 1221 2101 6569 6507 6570 
2105 682 679 2181 6571 6572 6573 
2106 1076 1079 1080 6485 6574 6575 
2107 734 726 2129 6576 6577 6578 
2108 1115 1112 2108 6579 6580 6581 
2109 694 2073 2082 6548 6552 6582 
2110 1599 2114 2172 6583 6564 6584 
2111 1170 1116 2059 6585 6586 6537 
2112 1186 2103 2104 6536 6587 3959 
2113 1210 1369 2109 6588 6553 6589 
2114 2064 2070 2177 2983 6590 6591 
2115 2103 1679 2106 6592 3818 6593 
2116 1108 1107 2070 6594 6595 3415 
2117 2088 2090 2159 6596 6527 6597 
2118 1112 1109 2108 6598 6599 6580 
2119 2102 2130 2148 6600 6601 6602 
2120 693 691 2082 6603 6604 6605 
2121 2071 694 2160 6546 6606 6607 
2122 676 678 2130 6608 6609 6610 
2123 1337 2052 2058 6611 6476 6612 
2124 1493 1751 2142 6613 6614 6615 
2125 1480 1493 2142 6616 6615 6617 
2126 1481 1483 2165 6618 6619 6620 
2127 1116 1118 2059 6621 6622 6586 
2128 693 2082 2083 6605 6515 6623 
2129 1170 2061 2177 6541 6624 6625 
2130 745 775 2115 6626 6627 6628 
2131 1482 1480 2142 6629 6617 6630 
2132 1214 1210 2109 6631 6589 6632 
2133 2116 2115 2117 6633 6634 6635 
2134 689 687 2160 6636 6637 6638 
2135 2140 1570 2160 6639 6640 6641 
2136 685 676 2130 6642 6610 6643 
2137 2102 1569 2130 6644 6645 6600 
2138 690 692 2141 6646 6647 6648 
2139 1110 1113 2177 6649 6650 6651 
2140 2061 2064 2177 6652 6591 6624 
2141 2130 678 2148 6609 6653 6601 
2142 1156 2102 2148 6654 6602 6655 
2143 1465 1467 2147 6656 6657 6658 
2144 1598 1201 2121 6659 6660 6661 
2145 1478 1481 2131 6662 6663 6664 
2146 2088 774 2089 6665 6666 6667 
2147 2131 1481 2165 6663 6620 6668 
2148 1491 1464 2170 6669 6670 6671 
2149 2059 2055 2060 6672 6673 6538 
2150 2132 2165 2166 6674 6675 6676 
2151 2061 2060 2062 6540 6677 6678 
2152 2053 2054 2055 6557 6679 6680 
2153 774 753 2144 6681 6682 6683 
2154 1102 1108 2100 6684 6685 6686 
2155 2085 2081 2086 6549 6687 6688 
2156 679 677 2181 6689 6513 6572 
2157 2115 775 2117 6627 6523 6634 
2158 702 699 2083 6690 6691 6489 
2159 751 774 2088 6692 6665 6693 
2160 2070 1110 2177 6694 6651 6590 
2161 1249 1570 2140 6695 6639 6696 
2162 687 2140 2160 6697 6641 6637 
2163 1492 1465 2147 6698 6658 6699 
2164 1221 1522 1523 6700 6701 6505 
2165 735 745 2115 6702 6628 6703 
2166 2054 1264 2056 6556 6704 6705 
2167 1037 1036 1039 6532 6706 6707 
2168 1477 1478 2131 6708 6664 6709 
2169 1121 1123 1264 6710 6711 6567 
2170 1468 1466 2150 6712 6713 6714 
2171 1562 682 2181 6715 6573 6464 
2172 2164 1474 2180 6716 6717 6718 
2173 678 680 2148 6719 6720 6653 
2174 1208 1204 2172 6721 6722 6723 
2175 1123 1126 2154 6724 6725 6726 
2176 2133 1468 2150 6727 6714 6728 
2177 1483 1490 2165 6729 6730 6619 
2178 1407 1656 1679 6731 5004 6732 
2179 2091 774 2144 6733 6683 6734 
2180 687 683 2140 6735 6736 6697 
2181 694 689 2160 6737 6638 6606 
2182 1463 1492 2124 6738 6739 6740 
2183 2091 2146 2156 6741 4006 6529 
2184 1570 2071 2160 6742 6607 6640 
2185 2104 2103 2106 6587 6593 4316 
2186 831 1183 1184 6743 6744 6745 
2187 1223 1222 1224 6746 6747 6748 
2188 1407 1571 1656 6749 6750 6731 
2189 2084 2085 2139 6550 6751 6512 
2190 2124 1492 2125 6739 6752 5313 
2191 831 1184 1185 6745 6753 6754 
2192 1080 1079 1081 6574 6755 6756 
2193 2088 2089 2090 6667 6757 6596 
2194 753 755 2144 6758 6759 6682 
2195 1201 1168 2121 6760 6761 6660 
2196 1156 1727 2102 6762 6763 6654 
2197 1225 1222 2101 6764 6570 6765 
2198 1121 1122 1123 6766 6767 6710 
2199 2141 692 2149 6647 6768 4995 
2200 1228 1229 1230 6769 6770 6558 
2201 680 684 2148 6771 6772 6720 
2202 1525 1526 1703 6773 6774 6775 
2203 2064 2063 2065 6776 3432 3754 
2204 2118 1473 2174 6777 6778 6779 
2205 1568 685 1569 6780 6781 6782 
2206 1118 1121 2053 6783 6568 6784 
2207 1230 1232 1233 6785 6786 6520 
2208 683 681 2140 6787 6788 6736 
2209 1224 1222 1225 6747 6764 6789 
2210 2053 2055 2059 6680 6672 6790 
2211 1209 1211 1212 6791 6792 4466 
2212 1470 1468 2133 6793 6727 6794 
2213 2090 2092 2093 6795 3835 6796 
2214 2071 1585 2072 6797 6798 6799 
2215 2152 1491 2170 6800 6671 6801 
2216 1466 1464 1491 6802 6669 6803 
2217 1493 1635 1751 6804 4168 6613 
2218 747 749 2159 6805 6806 6807 
2219 1216 1214 1275 6808 6809 6810 
2220 690 691 692 6811 6812 6646 
2221 775 747 2159 6813 6807 6509 
2222 1105 1082 2123 6814 6815 6816 
2223 1113 1116 1170 6817 6585 6818 
2224 1156 1641 1727 6819 6820 6762 
2225 713 715 762 6821 6822 6823 
2226 1486 1484 2178 6824 6825 6826 
2227 2054 2056 2057 6705 6827 6828 
2228 2056 2154 2155 6829 6830 6831 
2229 1203 1598 1599 6832 6833 6834 
2230 713 762 2143 6823 6835 6836 
2231 1109 1111 2108 6837 6838 6599 
2232 1237 1238 1239 6839 6840 6841 
2233 1544 1240 1545 6842 6843 6844 
2234 1209 1210 1211 6845 6846 6791 
2235 1089 1087 1092 6847 6848 6849 
2236 1098 1102 2100 6850 6686 6851 
2237 2075 2076 2077 6852 6853 6503 
2238 1493 1553 1635 6854 6855 6804 
2239 1230 1231 1232 6856 4276 6785 
2240 744 734 801 6857 6858 6859 
2241 1102 1107 1108 6860 6594 6684 
2242 1117 1114 2186 6861 6862 6863 
2243 1237 1236 1238 6864 6865 6839 
2244 2038 1568 2039 6866 6867 6391 
2245 700 699 701 6868 6869 6870 
2246 718 719 720 6871 6872 6873 
2247 745 746 747 6874 6875 6876 
2248 2151 2152 2153 6877 3007 6878 
2249 704 705 713 6879 6880 6881 
2250 1249 1561 1563 6882 6883 6884 
2251 1471 1473 2118 6885 6777 6886 
2252 2125 1492 2126 6752 6887 6888 
2253 1249 1563 1570 6884 6889 6695 
2254 680 683 684 6890 6891 6771 
2255 1089 1093 1094 6892 6893 6894 
2256 686 687 688 6895 6896 6897 
2257 2121 1389 2122 6898 4598 6899 
2258 1466 1491 2150 6803 6900 6713 
2259 2085 2086 2087 6688 6901 6902 
2260 2136 2150 2151 6903 6904 6905 
2261 720 722 794 6906 6907 6908 
2262 727 734 735 6909 6910 6911 
2263 1098 1097 1101 6912 6913 6914 
2264 1101 1097 1103 6913 4527 6915 
2265 1113 1114 1116 6916 6917 6817 
2266 2077 2076 2078 6853 6918 6500 
2267 1235 1236 1237 6919 6864 6920 
2268 1080 1081 1082 6756 6921 6922 
2269 681 679 682 6923 6571 6924 
2270 684 686 769 6925 6926 6927 
2271 688 690 824 6928 6929 6930 
2272 1209 1208 1210 6931 6932 6845 
2273 680 681 683 6933 6787 6890 
2274 688 687 689 6896 6636 6934 
2275 690 689 691 6935 6936 6811 
2276 692 691 693 6812 6603 6937 
2277 720 721 722 6938 6939 6906 
2278 1082 1081 1083 6921 6940 6941 
2279 1185 1184 1186 6753 6534 6942 
2280 1476 1474 2164 6943 6716 6944 
2281 2135 2134 2137 6945 6946 6947 
2282 681 1249 2140 6948 6696 6788 
2283 723 721 724 6949 4104 6950 
2284 1039 1036 1358 6706 6951 6952 
2285 1220 1221 1222 6953 6569 6954 
2286 678 677 679 6955 6689 6956 
2287 1407 1679 2103 6732 6592 6566 
2288 1462 1496 2170 6957 6958 6959 
2289 1084 1165 2123 6960 6961 6962 
2290 2051 2152 2170 2953 6801 6963 
2291 751 753 774 6964 6681 6692 
2292 722 721 723 6939 6949 6965 
2293 1081 1090 2162 6966 6967 6968 
2294 1487 1470 2133 6969 6794 6970 
2295 715 716 718 6971 6972 6973 
2296 822 735 2115 6974 6703 6975 
2297 1040 1039 1041 6976 6977 6978 
2298 1168 1389 2121 6979 6898 6761 
2299 1226 1228 1234 6980 6981 6982 
2300 1567 685 1568 6983 6780 6984 
2301 1569 685 2130 6781 6643 6645 
2302 691 694 2082 6985 6582 6604 
2303 699 693 2083 6986 6623 6691 
2304 2134 2133 2136 6987 6988 6989 
2305 749 751 2088 6990 6693 6991 
2306 1040 1041 1042 6978 6992 3463 
2307 1084 1085 1086 6993 6994 6995 
2308 1473 1475 2174 6996 6997 6778 
2309 684 1156 2148 6998 6655 6772 
2310 1107 1110 2070 6999 6694 6595 
2311 673 1337 2058 7000 6612 6517 
2312 735 744 745 7001 7002 6702 
2313 749 750 751 7003 7004 6990 
2314 1202 1204 1205 7005 7006 7007 
2315 1215 1214 1216 7008 6808 7009 
2316 1612 1477 2131 7010 6709 7011 
2317 684 769 1156 6927 7012 6998 
2318 691 689 694 6936 6737 6985 
2319 725 723 726 7013 7014 7015 
2320 727 726 734 7016 6576 6909 
2321 1092 1087 2158 6848 7017 3375 
2322 1203 1201 1598 7018 6659 6832 
2323 1210 1208 1369 6932 7019 6588 
2324 1275 1214 2109 6809 6632 7020 
2325 1126 1124 1127 7021 7022 7023 
2326 1107 1109 1110 7024 7025 6999 
2327 1465 1464 1466 7026 6802 7027 
2328 1475 1474 1476 7028 6943 7029 
2329 1275 2111 2176 7030 7031 7032 
2330 692 693 698 6937 7033 7034 
2331 698 693 699 7033 6986 7035 
2332 716 714 717 7036 6518 7037 
2333 1042 1041 1168 6992 7038 7039 
2334 1081 1079 1090 6755 7040 6966 
2335 1083 1081 2162 6940 6968 7041 
2336 1082 1084 2123 7042 6962 6815 
2337 1485 1486 1488 7043 7044 7045 
2338 2071 2072 2073 6799 7046 6547 
2339 698 700 780 7047 7048 7049 
2340 701 699 702 6869 6690 6481 
2341 1477 1476 1478 7050 7051 6708 
2342 1481 1482 1483 7052 7053 6618 
2343 675 685 1567 7054 6983 6453 
2344 704 701 705 7055 6511 6879 
2345 713 705 714 6880 6469 7056 
2346 1527 1482 2142 7057 6630 7058 
2347 1084 1086 1165 6995 7059 6960 
2348 1089 1092 1093 6849 4524 6892 
2349 1464 1462 2170 7060 6959 6670 
2350 1473 1474 1475 7061 7028 6996 
2351 1483 1485 1490 7062 7063 6729 
2352 1221 1219 1522 7064 7065 6700 
2353 1739 1387 1886 7066 6418 5434 
2354 722 723 725 6965 7013 7067 
2355 1037 1039 1040 6707 6976 3522 
2356 1495 2118 2119 7068 7069 7070 
2357 1478 1476 1479 7051 7071 7072 
2358 2126 1492 2147 6887 6699 7073 
2359 1169 1168 1201 7074 6760 7075 
2360 681 682 1249 6924 7076 6948 
2361 755 823 2144 7077 7078 6759 
2362 1369 1208 2172 7019 6723 6563 
2363 1483 1482 1484 7053 7079 7080 
2364 675 676 685 7081 6642 7054 
2365 745 747 775 6876 6813 6626 
2366 1496 1460 2049 7082 6562 7083 
2367 749 748 750 7084 7085 7003 
2368 755 757 823 7086 7087 7077 
2369 1123 1124 1126 7088 7021 6724 
2370 1239 1238 1240 6840 7089 7090 
2371 735 734 744 6910 6857 7001 
2372 1088 1087 1089 7091 6847 7092 
2373 1096 1095 1097 7093 4530 7094 
2374 1570 1585 2071 7095 6797 6742 
2375 1220 1219 1221 7096 7064 6953 
2376 1484 1482 1527 7079 7057 7097 
2377 1570 1563 1585 6889 7098 7095 
2378 1467 1466 1468 7099 6712 7100 
2379 1467 1468 1469 7100 7101 7102 
2380 1471 1470 1472 7103 7104 7105 
2381 1481 1480 1482 7106 6629 7052 
2382 1495 2119 2120 7070 4982 7107 
2383 2166 2167 2168 7108 7109 7110 
2384 715 714 716 7111 7036 6971 
2385 756 803 804 7112 7113 7114 
2386 1228 1227 1229 7115 7116 6769 
2387 1275 2110 2111 7117 7118 7030 
2388 1337 1387 1682 7119 7120 7121 
2389 1249 682 1561 7076 7122 6882 
2390 1085 1083 1091 7123 7124 7125 
2391 1102 1101 1106 7126 7127 7128 
2392 1205 1204 1206 7006 7129 7130 
2393 1226 1227 1228 7131 7115 6980 
2394 1234 1228 2099 6981 6559 7132 
2395 1463 1462 1464 7133 7060 7134 
2396 1485 1484 1486 7135 6824 7043 
2397 769 686 2183 6926 7136 7137 
2398 1094 1093 1095 6893 7138 7139 
2399 1493 1479 1553 7140 7141 6854 
2400 1168 1041 1389 7038 7142 6979 
2401 1118 1119 1121 7143 7144 6783 
2402 1206 1208 1209 7145 6931 4469 
2403 1497 1477 1612 7146 7010 7147 
2404 753 752 754 7148 7149 7150 
2405 1226 1225 1227 7151 7152 7131 
2406 1497 1642 2022 7153 7154 7155 
2407 1472 1470 1487 7104 6969 7156 
2408 747 746 748 6875 7157 7158 
2409 749 2088 2159 6991 6597 6806 
2410 755 754 756 7159 7160 7161 
2411 1110 1109 1112 7025 6598 7162 
2412 1119 1117 1120 7163 7164 7165 
2413 713 714 715 7056 7111 6821 
2414 1124 1122 1125 7166 7167 7168 
2415 751 750 752 7004 7169 7170 
2416 1096 1097 1098 7094 6912 7171 
2417 1102 1106 1107 7128 7172 6860 
2418 1202 1201 1203 7173 7018 7174 
2419 1211 1210 1214 6846 6631 7175 
2420 1478 1480 1481 7176 7106 6662 
2421 1469 1468 1470 7101 6793 7177 
2422 678 679 680 6956 7178 6719 
2423 688 689 690 6934 6935 6928 
2424 725 726 727 7015 7016 7179 
2425 2089 774 2091 6666 6733 6528 
2426 1116 1117 1118 7180 7181 6621 
2427 1230 1229 1231 6770 7182 6856 
2428 1478 1479 1480 7072 7183 7176 
2429 1497 1612 1642 7147 7184 7153 
2430 680 679 681 7178 6923 6933 
2431 686 683 687 7185 6735 6895 
2432 718 716 719 6972 7186 6871 
2433 755 756 757 7161 7187 7086 
2434 1463 1464 1465 7134 7026 7188 
2435 1495 1471 2118 7189 6886 7068 
2436 1042 1168 1169 7039 7074 7190 
2437 676 677 678 7191 6955 6608 
2438 698 699 700 7035 6868 7047 
2439 1496 2051 2170 7192 6963 6958 
2440 1094 1096 1099 7193 7194 7195 
2441 1465 1466 1467 7027 7099 6656 
2442 1098 2100 2169 6851 7196 7197 
2443 1113 1112 1114 7198 7199 6916 
2444 1264 1123 2154 6711 6726 7200 
2445 684 683 686 6891 7185 6925 
2446 824 690 2141 6929 6648 7201 
2447 727 735 822 6911 6974 7202 
2448 801 734 2129 6858 6578 7203 
2449 1480 1479 1493 7183 7140 6616 
2450 1487 2134 2135 7204 6945 7205 
2451 2151 1491 2152 7206 6800 6877 
2452 2132 2131 2165 7207 6668 6674 
2453 756 754 803 7160 7208 7112 
2454 1110 1112 1113 7162 7198 6649 
2455 1118 2053 2059 6784 6790 6622 
2456 2078 2076 2079 6918 7209 7210 
2457 1114 1115 2186 7211 7212 6862 
2458 1217 1216 1219 7213 7214 7215 
2459 1462 1460 1496 7216 7082 6957 
2460 1463 1465 1492 7188 6698 6738 
2461 1523 1657 1695 7217 3381 7218 
2462 1612 2131 2132 7011 7207 7219 
2463 1487 2133 2134 6970 6987 7204 
2464 1483 1484 1485 7080 7135 7062 
2465 704 713 2143 6881 6836 7220 
2466 1084 1083 1085 7221 7123 6993 
2467 1238 1236 1266 6865 4277 7222 
2468 1475 1477 1497 7223 7146 7224 
2469 1471 1472 1473 7105 7225 6885 
2470 751 752 753 7170 7148 6964 
2471 1042 1169 1207 7190 7226 3460 
2472 1080 1082 1105 6922 6814 7227 
2473 1086 1087 1088 7228 7091 7229 
2474 1204 1203 2172 7230 7231 6722 
2475 1086 1085 1087 6994 7232 7228 
2476 1479 1476 2164 7071 6944 7233 
2477 1407 1183 1571 7234 7235 6749 
2478 1337 1682 2052 7121 3911 6611 
2479 1461 1463 2124 7236 6740 7237 
2480 1495 2120 2175 7107 7238 7239 
2481 2073 2074 2075 7240 7241 6551 
2482 1118 1117 1119 7181 7163 7143 
2483 1235 1232 1236 7242 3719 6919 
2484 1473 1472 1474 7225 7243 7061 
2485 1488 1486 1525 7044 7244 7245 
2486 747 748 749 7158 7084 6805 
2487 1202 1203 1204 7174 7230 7005 
2488 676 674 677 7246 6478 7191 
2489 700 701 704 6870 7055 7247 
2490 1475 1476 1477 7029 7050 7223 
2491 2165 1490 2166 6730 7248 6675 
2492 1109 1106 1111 7249 7250 6837 
2493 1488 1525 1649 7245 7251 7252 
2494 1211 1214 1215 7175 7008 7253 
2495 750 748 787 7085 7254 7255 
2496 1206 1204 1208 7129 6721 7145 
2497 1224 1225 1226 6789 7151 7256 
2498 1242 1240 1544 7257 6842 7258 
2499 2090 2093 2094 6796 7259 6526 
2500 1219 1216 2176 7214 7260 7261 
2501 1217 1219 1220 7215 7096 7262 
2502 1469 1470 1471 7177 7103 7263 
2503 1641 1673 1920 7264 3067 7265 
2504 720 719 721 6872 4101 6938 
2505 745 744 746 7002 7266 6874 
2506 1469 1471 1495 7263 7189 7267 
2507 2166 1490 2167 7248 7268 7108 
2508 1098 1101 1102 6914 7126 6850 
2509 822 2115 2116 6975 6633 7269 
2510 2075 2074 2076 7241 7270 6852 
2511 753 754 755 7150 7159 6758 
2512 804 803 831 7113 7271 7272 
2513 1496 2050 2051 7273 7274 7192 
2514 2061 2063 2064 7275 6776 6652 
2515 1114 1112 1115 7199 6579 7211 
2516 2150 1491 2151 6900 7206 6904 
2517 704 2143 2161 7220 7276 7277 
2518 1233 1232 1235 6786 7242 7278 
2519 2056 1264 2154 6704 7200 6829 
2520 2136 2133 2150 6988 6728 6903 
2521 831 803 1183 7271 7279 6743 
2522 1091 1083 2162 7124 7041 7280 
2523 1082 1083 1084 6941 7221 7042 
2524 1107 1106 1109 7172 7249 7024 
2525 1461 1462 1463 7281 7133 7236 
2526 1085 1091 2158 7125 3397 7282 
2527 1523 1695 1696 7218 7283 6531 
2528 1561 682 1562 7122 6715 7284 
2529 2061 2062 2063 6678 4061 7275 
2530 675 674 676 7285 7246 7081 
2531 1156 769 1641 7012 7286 6819 
2532 1184 1183 1407 6744 7234 6565 
2533 1106 1101 2188 7127 7287 7288 
2534 1220 1222 1223 6954 6746 7289 
2535 1215 1217 1218 7290 7291 7292 
2536 1239 1240 1242 7090 7257 4031 
2537 780 700 2161 7048 7293 7294 
2538 1094 1095 1096 7139 7093 7193 
2539 2110 2109 2113 7295 6554 7296 
2540 2073 2072 2074 7046 7297 7240 
2541 1682 1387 1739 7120 7066 3243 
2542 1526 1486 2178 7298 6826 7299 
2543 700 704 2161 7247 7277 7293 
2544 1116 1114 1117 6917 6861 7180 
2545 1496 2049 2050 7083 7300 7273 
2546 2135 2137 2138 6947 5303 7301 
2547 1275 2109 2110 7020 7295 7117 
2548 2111 2110 2112 7118 7302 7303 
2549 1567 1568 2038 6984 6866 7304 
2550 1216 1275 2176 6810 7032 7260 
2551 1525 1486 1526 7244 7298 6773 
2552 1475 1497 2174 7224 7305 6997 
2553 1121 1119 1122 7144 7306 6766 
2554 1523 1522 1657 6701 7307 7217 
2555 1469 1495 2175 7267 7239 7308 
2556 1567 2038 2040 7304 6361 6463 
2557 1641 769 1673 7286 7309 7264 
2558 1123 1122 1124 6767 7166 7088 
2559 1467 1469 2175 7102 7308 7310 
2560 1087 1085 2158 7232 7282 7017 
2561 1215 1216 1217 7009 7213 7290 
2562 2078 2080 2081 7311 7312 6497 
2563 1337 821 1387 7313 6411 7119 
2564 1169 1201 1202 7075 7173 7314 
2565 686 688 2183 6897 7315 7136 
2566 1202 1205 2173 7007 4465 7316 
2567 688 824 2183 6930 3356 7315 
2568 1127 2095 2096 7317 7318 3235 
2569 1654 1321 2048 7319 6468 3495 
2570 1229 1227 1322 7116 7320 7321 
2571 1703 1526 1704 6774 7322 7323 
2572 1111 1106 2188 7250 7288 7324 
2573 1485 1488 2191 7045 7325 7326 
2574 1673 769 2183 7309 7137 3630 
2575 1553 1479 2164 7141 7233 7327 
2576 2078 2079 2080 7210 3158 7311 
2577 1113 1170 2177 6818 6625 6650 
2578 2147 1467 2175 6657 7310 7328 
2579 1218 1217 2182 7291 7329 5228 
2580 1474 1472 2180 7243 7330 6717 
2581 2090 2089 2092 6757 6542 6795 
2582 1488 1649 1650 7252 7331 7332 
2583 673 821 1337 7333 7313 7000 
2584 1120 1117 2186 7164 6863 7334 
2585 2091 2145 2146 7335 7336 6741 
2586 698 780 2149 7049 7337 7338 
2587 1169 1202 2173 7314 7316 7339 
2588 672 674 675 7340 7285 6472 
2589 1484 1527 2178 7097 7341 6825 
2590 1461 1460 1462 7342 7216 7281 
2591 1497 2022 2174 7155 7343 7305 
2592 1101 1103 2188 6915 7344 7287 
2593 1472 1487 2180 7156 7345 7330 
2594 1553 2164 2187 7327 7346 7347 
2595 1207 1169 2173 7226 7339 3616 
2596 1215 1218 2185 7292 7348 7349 
2597 1522 1219 2176 7065 7261 7350 
2598 2178 1527 2179 7341 7351 7352 
2599 1211 1215 2185 7253 7349 7353 
2600 1212 1211 2185 6792 7353 7354 
2601 1096 1098 2169 7171 7197 7355 
2602 1203 1599 2172 6834 6584 7231 
2603 692 698 2149 7034 7338 6768 
2604 1488 1650 2191 7332 7356 7325 
2605 1490 1485 2191 7063 7326 7357 
2606 750 787 2192 7255 7358 7359 
2607 1127 1124 2095 7022 7360 7317 
2608 1125 1122 2189 7167 7361 7362 
2609 1571 1183 2171 7235 7363 7364 
2610 2164 2180 2187 6718 7365 7346 
2611 2171 752 2192 7366 7367 7368 
2612 1571 2171 2192 7364 7368 7369 
2613 1124 1125 2095 7168 4939 7360 
2614 1487 2135 2180 7205 7370 7345 
2615 1099 1096 2169 7194 7355 7371 
2616 2167 1490 2191 7268 7357 7372 
2617 2135 2138 2187 7301 7373 7374 
2618 754 752 2171 7149 7366 7375 
2619 1183 803 2171 7279 7376 7363 
2620 1217 1220 2182 7262 7377 7329 
2621 1225 2101 2190 6765 6494 7378 
2622 2091 2144 2145 6734 7379 7335 
2623 803 754 2171 7208 7375 7376 
2624 2085 2087 2193 6902 6525 7380 
2625 752 750 2192 7169 7359 7367 
2626 2180 2135 2187 7370 7374 7365 
2627 1220 1223 2182 7289 7381 7377 
2628 1560 1321 1654 7382 7319 7383 
2629 2144 823 2145 7078 7384 7379 
2630 672 673 674 7385 6516 7340 
2631 1372 1154 1566 7386 6362 7387 
2632 1459 1460 1461 7388 7342 7389 
2633 1227 1225 2190 7152 7378 7390 
2634 673 671 821 7391 6424 7333 
2635 2194 1650 2195 7392 7393 3099 
2636 1322 1227 2190 7320 7390 7394 
2637 1122 1119 2189 7306 7395 7361 
2638 1119 1120 2189 7165 7396 7395 
2639 2139 2085 2193 6751 7380 6496 
2640 2191 1650 2194 7356 7392 7397 
2641 2167 2191 2194 7372 7397 7398 
2642 1298 1076 2196 6486 7399 7400 
2643 1076 1080 2196 6575 7401 7399 
2644 1321 1154 1372 7402 7386 6466 
2645 672 671 673 7403 7391 7385 
2646 647 672 2184 7404 6473 6440 
2647 706 1321 1560 7405 7382 6441 
2648 1080 1105 2196 7227 7406 7401 
2649 1459 1458 1460 7407 6560 7388 
2650 1457 1459 1489 7408 7409 6317 
2651 1075 1077 2197 6459 4871 7410 
2652 1363 1594 1740 7411 7412 7413 
2653 1079 1075 2197 6484 7410 7414 
2654 647 671 672 7415 7403 7404 
2655 706 1154 1321 7416 7402 7405 
2656 1090 1079 2197 7040 7414 3968 
2657 1457 1458 1459 7417 7407 7408 
2658 1363 1302 1594 7418 7419 7411 
2659 1362 1363 1876 7420 7421 7422 
2660 1315 1294 1584 7423 6347 7424 
2661 706 645 1154 7425 6342 7416 
2662 646 706 2045 7426 6442 6429 
2663 644 647 2046 7427 6439 6408 
2664 647 646 671 7428 6428 7415 
2665 1457 1456 1458 7429 7430 7417 
2666 1362 1302 1363 7431 7418 7420 
2667 1294 1155 1392 7432 6363 6365 
2668 646 645 706 7433 7425 7426 
2669 649 1294 1315 7434 7423 6231 
2670 644 646 647 7435 7428 7427 
2671 1455 1456 1457 7436 7429 6308 
2672 1456 1454 1498 7437 6189 7438 
2673 1314 1312 2198 6426 7439 7440 
2674 1373 1314 2198 6461 7440 7441 
2675 1153 1302 1362 7442 7431 2963 
2676 649 1155 1294 7443 7432 7434 
2677 644 645 646 7444 7433 7435 
2678 1455 1454 1456 7445 7437 7436 
2679 2032 2031 2034 7446 6315 6311 
2680 1153 838 1302 7447 7448 7442 
2681 649 643 1155 7449 6389 7443 
2682 644 642 645 7450 6369 7444 
2683 1604 2031 2032 7451 7446 7452 
2684 1452 1454 1455 7453 7445 6325 
2685 1633 1311 2199 6400 7454 7455 
2686 1311 1313 2199 6410 7456 7454 
2687 839 838 1153 7457 7447 7458 
2688 1313 1435 2199 6449 7459 7456 
2689 643 642 644 7460 7450 6407 
2690 641 643 649 7461 7449 6210 
2691 1603 1604 1663 7462 7463 7464 
2692 1452 1453 1454 7465 6192 7453 
2693 1604 1451 2031 7466 6334 7451 
2694 1025 1417 2201 6394 7467 6385 
2695 1309 1310 2200 6381 7468 7469 
2696 1312 1309 2200 6398 7469 7470 
2697 837 838 839 7471 7457 7472 
2698 1030 1026 2201 6416 6386 7473 
2699 2198 1312 2200 7439 7470 3362 
2700 641 642 643 7474 7460 7461 
2701 642 640 2044 7475 6255 6370 
2702 1452 1449 1453 7476 6176 7465 
2703 1603 1451 1604 7477 7466 7462 
2704 1370 1030 2201 6451 7473 7478 
2705 837 836 838 7479 7480 7471 
2706 641 640 642 7481 7475 7474 
2707 1448 1451 1603 7482 7477 6207 
2708 1451 1449 1452 7483 7476 6333 
2709 1306 1308 2203 6332 7484 7485 
2710 1502 1427 2202 6354 7486 7487 
2711 1427 1429 2202 6384 3062 7486 
2712 2036 1489 2204 6387 7488 5312 
2713 1308 1633 2203 6401 7489 7484 
2714 1489 1459 2204 7409 7490 7488 
2715 1461 2124 2204 7237 4711 7491 
2716 482 836 837 7492 7479 7493 
2717 1459 1461 2204 7389 7491 7490 
2718 639 640 641 7494 7481 6233 
2719 1448 1449 1451 7495 7483 7482 
2720 1764 1765 1766 7496 5122 7497 
2721 482 478 836 7498 5527 7492 
2722 1139 1020 2207 6293 7499 7500 
2723 1020 1022 2207 6320 7501 7499 
2724 2049 2209 2210 7502 7503 7504 
2725 639 637 640 7505 6266 7494 
2726 638 635 2020 7506 6217 3447 
2727 637 638 2030 7507 3836 6267 
2728 1448 1447 1449 7508 6142 7495 
2729 1022 1027 2207 6393 7509 7501 
2730 1305 1505 2208 6286 3328 7510 
2731 1307 1305 2208 6304 7510 7511 
2732 1764 1762 1765 7512 7513 7496 
2733 477 479 480 7514 7515 7516 
2734 479 478 482 7517 7498 7518 
2735 1310 1307 2208 6380 7511 3285 
2736 636 637 639 7519 7505 6239 
2737 637 635 638 7520 7506 7507 
2738 650 636 2023 7521 6240 7522 
2739 1447 1445 1450 7523 6032 6178 
2740 1572 1446 2024 7524 6236 7525 
2741 1446 1447 1448 7526 7508 6235 
2742 1761 1762 1764 7527 7512 3792 
2743 477 478 479 7528 7517 7514 
2744 1257 1259 2231 6277 7529 7530 
2745 1498 2029 2209 6256 7531 7532 
2746 1456 1498 2209 7438 7532 7533 
2747 2049 1458 2209 6561 7534 7502 
2748 2209 2029 2210 7531 4265 7503 
2749 634 636 650 7535 7521 5809 
2750 636 635 637 7536 7520 7519 
2751 1444 1446 1572 7537 7524 5828 
2752 1446 1445 1447 7538 7523 7526 
2753 1259 1539 2231 6339 7539 7529 
2754 2050 2210 2211 7540 3937 7541 
2755 1458 1456 2209 7430 7533 7534 
2756 2050 2049 2210 7300 7504 7540 
2757 1761 1760 1762 7542 7543 7527 
2758 1503 825 1990 7544 7545 7546 
2759 477 476 478 7547 5530 7528 
2760 634 635 636 7548 7536 7535 
2761 1444 1445 1446 7549 7538 7537 
2762 1318 1251 2214 6171 7550 7551 
2763 1252 1580 2212 6223 7552 7553 
2764 1424 1252 2212 6259 7553 7554 
2765 1251 1253 2214 6225 7555 7550 
2766 1760 1759 1763 7556 7557 7558 
2767 1757 1760 1761 7559 7542 5690 
2768 474 825 1503 7560 7544 5691 
2769 475 476 477 7561 7547 7562 
2770 1784 1782 1785 7563 3199 7564 
2771 2272 1998 2273 7565 7566 5098 
2772 2125 2126 2127 6888 7567 3004 
2773 1253 1426 2214 6307 7568 7555 
2774 634 633 635 7569 6215 7548 
2775 1532 2008 2009 7570 7571 7572 
2776 1443 1494 2014 7573 6030 6075 
2777 1444 1443 1445 7574 6074 7549 
2778 1136 1189 2215 6116 7575 7576 
2779 1192 1269 1270 7577 7578 6080 
2780 2571 1684 2599 7579 7580 5480 
2781 1189 1333 2215 6262 7581 7575 
2782 669 695 696 7582 7583 4824 
2783 1426 1502 1531 6355 7584 7585 
2784 1757 1759 1760 7586 7556 7559 
2785 475 473 476 7587 4278 7561 
2786 474 475 825 7588 7589 7560 
2787 1783 1782 1784 7590 7563 7591 
2788 1806 1805 1807 7592 3957 5348 
2789 1414 1549 2216 6159 7593 7594 
2790 1426 1531 2214 7585 7595 7568 
2791 1521 1414 2216 6202 7594 7596 
2792 1150 1364 2224 6089 7597 7598 
2793 1256 1150 2224 6155 7598 7599 
2794 1930 424 2418 4474 3703 7600 
2795 424 274 1968 5406 5956 3702 
2796 632 633 634 7601 7569 5908 
2797 1532 1442 2008 7602 5978 7570 
2798 1443 1441 1494 7603 7604 7573 
2799 1442 1443 1444 7605 7574 5977 
2800 2117 2094 2228 6522 7606 7607 
2801 496 1998 2272 5882 7565 5742 
2802 1936 833 1937 3317 7608 3441 
2803 1039 1358 2229 6952 5128 7609 
2804 1389 1041 2229 7142 7610 3497 
2805 1164 1400 2278 5351 7611 7612 
2806 530 529 531 5224 7613 5352 
2807 2487 822 2721 7614 7615 7616 
2808 1581 1256 2224 6278 7599 4981 
2809 1837 1357 2595 3186 7617 3785 
2810 2222 2028 2308 5884 7618 7619 
2811 576 577 578 7620 7621 4833 
2812 1192 988 1269 6059 7622 7577 
2813 2178 2179 2232 7352 3545 7623 
2814 1704 1526 2232 7322 7624 3138 
2815 170 171 458 228 5849 7625 
2816 165 166 464 223 7626 7627 
2817 167 168 447 225 7628 7629 
2818 164 165 2219 222 7630 7631 
2819 143 144 471 201 7632 7633 
2820 145 146 459 203 7634 7635 
2821 160 161 453 218 7636 7637 
2822 157 158 454 215 7638 3171 
2823 148 149 457 206 7639 7640 
2824 163 164 452 221 7641 7642 
2825 151 152 456 209 7643 7644 
2826 144 145 2218 202 7645 7646 
2827 154 155 455 212 7647 7648 
2828 1408 815 2013 7649 6136 7650 
2829 1361 1408 1648 7651 7652 7653 
2830 38 39 439 97 7654 7655 
2831 64 65 2221 123 7656 7657 
2832 47 48 2222 106 7658 7659 
2833 49 50 444 108 3682 7660 
2834 46 47 445 105 7661 7662 
2835 58 59 441 117 7663 7664 
2836 52 53 443 111 7665 4202 
2837 55 56 442 114 7666 7667 
2838 61 62 440 120 7668 7669 
2839 65 66 470 124 7670 7671 
2840 63 64 465 122 7672 7673 
2841 43 44 446 102 7674 7675 
2842 40 41 463 99 4490 7676 
2843 42 43 2223 101 7677 7678 
2844 598 597 599 5433 7679 5332 
2845 1191 1192 2235 6060 7680 7681 
2846 1271 1537 2235 6242 7682 7683 
2847 611 612 613 7684 7685 7686 
2848 987 1272 2237 6058 7687 5966 
2849 1383 1382 1418 7688 5250 7689 
2850 1507 1128 2226 6106 7690 2901 
2851 1757 1756 1759 7691 4094 7586 
2852 474 473 475 7692 7587 7588 
2853 1780 1782 1783 7693 7590 7694 
2854 1804 1805 1806 7695 7592 7696 
2855 1128 1130 2226 6161 7697 7690 
2856 1385 1191 2235 6129 7681 7698 
2857 902 904 2266 4320 7699 4341 
2858 1800 655 2400 7700 7701 2908 
2859 2094 2093 2228 7259 7702 7606 
2860 2176 2111 2243 7031 7703 7704 
2861 1657 1522 2243 7307 7705 3114 
2862 1041 1039 2229 6977 7609 7610 
2863 629 628 2248 7706 7707 7708 
2864 1713 1716 1717 3629 7709 7710 
2865 633 629 2248 7711 7708 7712 
2866 1987 1720 2676 4776 7713 5958 
2867 1526 2178 2232 7299 7623 7624 
2868 461 198 1956 5319 5928 3747 
2869 1192 1271 2235 6082 7683 7680 
2870 1621 1939 1940 4954 7714 5618 
2871 165 464 2219 7627 5603 7630 
2872 452 164 2219 7641 7631 7715 
2873 145 459 2218 7635 2992 7645 
2874 471 144 2218 7632 7646 3371 
2875 1886 1291 2657 5921 7716 5435 
2876 1919 2384 2568 4883 7717 5234 
2877 1341 1340 1342 5242 7718 5375 
2878 2345 37 2500 7719 7720 4234 
2879 542 543 544 7721 7722 4857 
2880 1272 1536 2237 6227 5759 7687 
2881 1933 2647 2680 7723 3983 7724 
2882 1131 1129 2257 6204 7725 7726 
2883 65 470 2221 7671 3022 7656 
2884 465 64 2221 7672 7657 3219 
2885 445 47 2222 7661 7659 7727 
2886 43 446 2223 7675 7728 7677 
2887 412 1740 2682 4230 7729 3675 
2888 452 2219 2590 7715 5702 7730 
2889 1352 1131 2257 6297 7726 7731 
2890 1175 1176 1177 5252 5383 7732 
2891 825 475 2251 7589 7733 7734 
2892 916 867 2245 5919 5649 7735 
2893 1979 1978 2313 4742 2878 7736 
2894 631 632 815 7737 6135 5868 
2895 632 629 633 7738 7711 7601 
2896 658 657 659 5265 7739 5389 
2897 1703 1704 2536 7323 3029 3729 
2898 1868 1869 1936 5275 3372 7740 
2899 477 480 2251 7516 5452 7741 
2900 1440 1442 1532 7742 7602 7743 
2901 1442 1441 1443 7744 7603 7605 
2902 1151 1257 1260 6199 7745 7746 
2903 1260 1257 2231 7745 7530 7747 
2904 628 1050 2248 7748 5907 7707 
2905 838 836 2254 7480 5972 7749 
2906 1594 1302 2254 7419 7750 4118 
2907 1074 1298 2255 6487 4098 7751 
2908 1141 1072 2255 6422 7752 5345 
2909 1374 1645 2279 7753 7754 7755 
2910 767 515 834 7756 4650 7757 
2911 2136 2151 2256 6905 7758 7759 
2912 1522 2176 2243 7350 7704 7705 
2913 2067 2298 2409 5643 7760 7761 
2914 921 1420 2347 5740 7762 7763 
2915 1506 916 2245 6184 7735 3767 
2916 20 433 2258 5248 7764 5883 
2917 2235 1537 2249 7682 7765 7766 
2918 842 1267 1888 7767 7768 7769 
2919 906 993 2270 5447 7770 7771 
2920 191 431 2770 5259 3953 7772 
2921 1851 1647 2559 7773 2950 4049 
2922 1688 1689 2496 7774 7775 3858 
2923 501 502 503 7776 7777 4887 
2924 934 933 935 5327 7778 5556 
2925 947 949 950 7779 7780 5093 
2926 600 599 601 5333 7781 5413 
2927 566 565 567 5322 7782 5418 
2928 411 1799 1989 7783 5905 5415 
2929 1943 878 2399 3796 7784 4079 
2930 1361 815 1408 6044 7649 7651 
2931 1915 2238 2490 5941 3554 7785 
2932 743 741 771 5324 7786 5428 
2933 1385 2235 2249 7698 7766 7787 
2934 1238 1266 2264 7222 3737 7788 
2935 1545 1240 2264 6843 7789 4950 
2936 708 709 710 7790 7791 4920 
2937 447 168 2252 7628 7792 3033 
2938 480 479 481 7515 7793 7794 
2939 2020 633 2248 6216 7712 3825 
2940 1715 2322 2578 5968 5051 7795 
2941 1753 1550 2713 2879 7796 7797 
2942 2246 1200 2376 7798 7799 3315 
2943 2222 48 2253 7658 7800 5885 
2944 49 444 2253 7660 4795 7801 
2945 1609 1385 2249 6226 7787 7802 
2946 999 996 2712 5634 7803 4370 
2947 480 481 483 7794 7804 4702 
2948 581 1756 1757 7805 7691 5587 
2949 1756 1755 1758 7806 5422 5022 
2950 407 473 474 7807 7692 5593 
2951 614 1780 1781 7808 7809 5590 
2952 1780 1779 1782 7810 3491 7693 
2953 1804 1803 1805 7811 4642 7695 
2954 967 1962 2435 5014 4177 7812 
2955 578 579 580 7813 7814 5753 
2956 427 2436 2781 7815 7816 7817 
2957 408 30 2357 5402 7818 5130 
2958 532 531 533 5353 7819 5482 
2959 430 1948 1949 3718 7820 3966 
2960 1784 1785 2321 7564 5639 7821 
2961 1161 2797 2820 7822 7823 7824 
2962 475 477 2251 7562 7741 7733 
2963 613 615 616 7825 7826 4930 
2964 1914 1265 2504 4609 7827 4143 
2965 1351 1373 1374 6462 7828 7829 
2966 168 169 2252 226 7830 7792 
2967 2203 1633 2757 7489 4353 7831 
2968 1302 838 2254 7448 7749 7750 
2969 1897 2250 2686 5555 3334 7832 
2970 2385 1368 2562 6023 3055 7833 
2971 1374 1644 1645 7834 7835 7753 
2972 1660 1504 2500 7836 4235 7837 
2973 1419 1418 1423 7838 4790 7839 
2974 1134 1136 2274 5873 7840 7841 
2975 1728 1139 2207 7842 7500 7843 
2976 1072 1074 2255 6434 7751 7752 
2977 1865 1643 2793 2893 7844 7845 
2978 1940 1939 2206 7714 3383 7846 
2979 1246 1403 2281 6324 7847 7848 
2980 2244 805 2778 4359 4929 5426 
2981 1146 1044 1147 7849 5802 7850 
2982 48 49 2253 107 7801 7800 
2983 1591 1708 2309 4837 7851 4764 
2984 2151 2153 2256 6878 7852 7758 
2985 544 545 546 7853 7854 7855 
2986 1078 1133 1670 4707 5858 7856 
2987 952 953 954 7857 7858 4228 
2988 1299 2364 2481 7859 7860 3208 
2989 2149 780 2297 7337 7861 5606 
2990 2447 1853 2767 7862 7863 7864 
2991 1047 906 2270 5665 7771 7865 
2992 1331 1601 1681 4793 7866 7867 
2993 2226 1130 2281 7697 7868 5155 
2994 1250 1134 2274 6046 7841 7869 
2995 452 2590 2630 7730 7870 3651 
2996 1344 1342 1345 5376 7871 5523 
2997 965 967 2356 5757 7872 7873 
2998 776 578 2262 4834 5754 4435 
2999 1177 1178 1179 5384 5532 7874 
3000 547 545 2378 7875 7876 7877 
3001 2238 1536 2614 5760 4093 3619 
3002 660 659 661 5390 7878 5536 
3003 835 834 849 7879 4957 7880 
3004 479 482 2260 7518 7881 7882 
3005 1248 1255 2284 5816 7883 7884 
3006 842 1888 2225 7769 7885 7886 
3007 1902 1726 2295 4410 7887 4067 
3008 993 1507 2270 6107 4536 7770 
3009 2513 1884 2808 5821 7888 7889 
3010 1916 1338 2342 5276 7890 7891 
3011 432 1850 2370 7892 7893 7894 
3012 503 504 505 7895 7896 7897 
3013 1545 2146 2478 4949 7898 7899 
3014 2141 2122 2304 4994 4599 7900 
3015 1563 1561 2306 6883 7901 7902 
3016 1218 1659 2185 7903 7904 7348 
3017 1659 1212 2185 7905 7354 7904 
3018 998 999 1000 5635 4785 7906 
3019 905 903 2271 4388 5169 7907 
3020 2021 1676 2775 4204 7908 5266 
3021 602 601 603 5414 7909 5574 
3022 1814 1248 2284 6029 7884 7910 
3023 568 567 569 5419 7911 5576 
3024 1400 1912 2278 7912 7913 7611 
3025 1580 1250 2274 6222 7869 7914 
3026 826 784 1325 7915 5831 7916 
3027 1240 1238 2264 7089 7788 7789 
3028 1637 2277 2728 7917 7918 7919 
3029 2485 593 2755 5362 7920 7921 
3030 772 771 790 5429 7922 5585 
3031 2138 441 2563 7923 3249 7924 
3032 825 2251 2313 7734 7925 7926 
3033 936 935 937 5557 7927 5667 
3034 1316 1035 2290 6020 5231 7928 
3035 801 2129 2483 7203 6121 7929 
3036 1614 1702 2265 6264 7930 7931 
3037 1287 1047 2270 6137 7865 3451 
3038 2394 1891 2574 4583 7932 7933 
3039 817 793 861 4813 7934 5724 
3040 1510 1327 1984 7935 5951 7936 
3041 472 1706 1877 5495 7937 5374 
3042 1666 1213 2703 4911 7938 7939 
3043 2394 1132 2417 7940 7941 3277 
3044 1050 795 1328 7942 5558 5929 
3045 580 582 583 7943 7944 7945 
3046 2195 1650 2296 7393 7946 7947 
3047 1367 1142 1602 5085 7948 7949 
3048 839 1153 1273 7458 3241 7950 
3049 1103 1660 2188 7951 7952 7344 
3050 1660 1111 2188 7953 7324 7952 
3051 509 2227 2694 5926 3975 7954 
3052 2202 1977 2286 3476 5904 7955 
3053 544 546 2731 7855 3430 7956 
3054 1966 843 2371 4551 7957 7958 
3055 534 533 535 5483 7959 5615 
3056 2121 2122 2297 6899 5607 7960 
3057 719 716 2298 7186 7961 5517 
3058 1802 604 2804 4677 7962 7963 
3059 445 2222 2308 7727 7619 7964 
3060 616 617 618 7965 7966 7967 
3061 631 629 632 7968 7738 7737 
3062 712 728 729 7969 7970 5037 
3063 971 970 972 5683 7971 5644 
3064 1129 994 1355 6104 7972 7973 
3065 1575 1573 2530 7974 3765 4152 
3066 1136 2215 2274 7576 7975 7840 
3067 2356 967 2435 7872 7812 7976 
3068 1821 1373 2198 7977 7441 3015 
3069 1888 1376 2751 4186 7978 7979 
3070 1634 1423 1752 7980 5932 7981 
3071 1962 1152 2341 5911 7982 4175 
3072 546 547 548 7983 7984 5204 
3073 426 177 2759 5491 7985 4822 
3074 920 922 2292 4313 5652 5336 
3075 2439 1996 2693 7986 7987 4648 
3076 611 613 2287 7686 4784 4081 
3077 865 1738 2387 7988 7989 7990 
3078 1440 1441 1442 7991 7744 7742 
3079 40 463 2291 7676 4369 7992 
3080 938 937 940 5668 7993 5727 
3081 439 39 2291 7654 7994 5515 
3082 907 1048 1295 5974 2832 7995 
3083 2309 1708 2537 7851 7996 3251 
3084 432 2528 2780 5839 7997 7998 
3085 2022 1642 2585 7154 7999 8000 
3086 1669 2098 2283 5946 8001 8002 
3087 850 849 852 8003 4487 8004 
3088 1149 1151 2239 6087 8005 8006 
3089 385 581 1992 8007 5589 8008 
3090 327 449 1993 8009 8010 8011 
3091 300 630 1786 8012 8013 8014 
3092 412 328 1993 8015 8016 4231 
3093 356 414 1997 8017 8018 8019 
3094 630 299 1793 8020 8021 4801 
3095 416 381 1791 8022 8023 5707 
3096 303 614 1964 8024 5592 8025 
3097 1835 386 1992 8026 8027 4183 
3098 359 409 1774 8028 5710 8029 
3099 380 451 1791 8030 5029 8031 
3100 5 759 1793 8032 8033 8034 
3101 451 8 1808 8035 8036 5713 
3102 332 407 1991 8037 5595 8038 
3103 413 361 1815 8039 8040 4569 
3104 388 593 1770 8041 5361 8042 
3105 362 413 1771 8043 5715 8044 
3106 360 1774 1815 8045 4576 8046 
3107 593 387 1835 8047 8048 8049 
3108 365 418 1808 8050 4571 8051 
3109 306 655 1800 8052 7700 8053 
3110 418 364 1801 8054 8055 5269 
3111 363 1771 1801 8056 5377 8057 
3112 2098 463 2539 8058 4492 8059 
3113 2502 1982 2649 4258 8060 8061 
3114 973 972 974 5645 8062 5699 
3115 1346 1345 1347 5524 8063 5662 
3116 2028 2027 2308 6218 8064 7618 
3117 481 479 2260 7793 7882 8065 
3118 36 37 2345 95 7719 8066 
3119 1971 1956 2603 5687 8067 8068 
3120 1179 1193 1194 5533 5671 8069 
3121 503 505 2732 7897 3403 8070 
3122 663 661 664 5537 8071 5669 
3123 505 512 513 8072 8073 5159 
3124 1824 2385 2562 5563 7833 8074 
3125 2251 1979 2313 5451 7736 7925 
3126 440 62 2303 7668 8075 3377 
3127 63 465 2303 7673 3618 8076 
3128 1516 1966 2661 5017 8077 3133 
3129 627 629 631 8078 7968 5653 
3130 2051 2050 2311 7274 8079 4068 
3131 1130 1246 2281 6250 7848 7868 
3132 1129 1355 2257 7973 8080 7725 
3133 1499 1884 2738 8081 8082 8083 
3134 1255 1590 2284 6164 8084 7883 
3135 2048 1372 2285 6467 8085 3012 
3136 193 194 2781 251 8086 3811 
3137 482 837 871 7493 8087 8088 
3138 2364 1576 2481 8089 8090 7860 
3139 2097 1669 2312 5944 4126 8091 
3140 1748 1509 1749 8092 8093 5825 
3141 570 569 571 5577 8094 5692 
3142 954 955 956 8095 8096 5070 
3143 605 603 606 5575 8097 5703 
3144 1063 1058 2307 6038 8098 3092 
3145 791 790 1244 5586 8099 6042 
3146 919 592 1942 5063 5730 8100 
3147 1364 2002 2570 8101 8102 8103 
3148 583 584 585 8104 8105 5074 
3149 2283 2019 2607 8106 8107 8108 
3150 1351 1374 2279 7829 7755 3756 
3151 1908 1909 2360 4690 8109 8110 
3152 1877 1706 2280 7937 3922 4091 
3153 1670 2474 2598 8111 8112 8113 
3154 723 724 2318 6950 3824 8114 
3155 2129 726 2318 6577 8115 5657 
3156 941 940 942 5728 8116 5744 
3157 1954 1905 2785 5552 8117 3608 
3158 1324 1021 2319 6371 8118 3525 
3159 1019 1034 2319 6274 2887 8119 
3160 703 2005 2328 4775 4399 8120 
3161 1323 1647 1851 8121 7773 8122 
3162 1810 418 2772 4572 5898 8123 
3163 2277 1637 2696 7917 8124 8125 
3164 171 172 2230 229 8126 5850 
3165 889 888 890 5763 8127 4914 
3166 1908 2360 2819 8110 8128 5458 
3167 618 619 620 8129 8130 3387 
3168 1318 2214 2220 7551 8131 8132 
3169 1784 2321 2356 7821 8133 8134 
3170 439 1680 2500 8135 8136 8137 
3171 2214 1531 2220 7595 8138 8131 
3172 1891 1890 2672 4327 4604 8139 
3173 536 535 537 5616 8140 5736 
3174 1790 417 2529 3976 8141 8142 
3175 161 162 2320 219 8143 8144 
3176 975 974 976 5700 8145 5749 
3177 1151 1260 2239 7746 2923 8005 
3178 548 552 553 8146 8147 5101 
3179 441 2138 2602 7923 5305 8148 
3180 1645 1644 2413 7835 8149 8150 
3181 1913 1617 2650 6093 8151 8152 
3182 2698 1810 2772 4976 8123 5773 
3183 2132 2166 2326 6676 8153 8154 
3184 1931 2317 2647 6077 3541 8155 
3185 984 981 985 5578 8156 6078 
3186 930 1044 1146 5955 7849 8157 
3187 2216 604 2541 8158 8159 8160 
3188 853 852 854 8161 5117 8162 
3189 1509 1181 2330 8163 5878 8164 
3190 1882 2456 2744 4345 8165 8166 
3191 1262 1380 1381 5024 5912 8167 
3192 1172 800 2324 5301 5632 4636 
3193 513 516 517 8168 8169 5132 
3194 2126 2147 2333 7073 8170 3885 
3195 2175 2120 2333 7238 5043 8171 
3196 2127 2126 2498 7567 3887 8172 
3197 911 1135 2247 5871 8173 5906 
3198 865 1198 1738 8174 8175 7988 
3199 1348 1347 1349 5663 8176 5787 
3200 616 618 2637 7967 8177 8178 
3201 1088 1089 2336 7092 8179 3206 
3202 1094 1099 2336 7195 3096 8180 
3203 1794 1795 2541 4602 3458 8181 
3204 1077 1671 1672 3396 8182 4869 
3205 665 664 666 5670 8183 5793 
3206 1194 1195 1196 5672 5796 8184 
3207 931 923 2347 5761 8185 8186 
3208 445 2308 2380 7964 8187 8188 
3209 2348 462 2789 5439 8189 8190 
3210 889 1138 2242 4415 8191 4256 
3211 794 722 2343 6907 8192 3142 
3212 875 877 1530 8193 8194 8195 
3213 588 589 590 8196 8197 5209 
3214 1135 1318 2247 6172 8198 8173 
3215 2273 881 2580 3778 8199 6140 
3216 572 571 573 5693 8200 5812 
3217 1390 1164 2278 6073 7612 8201 
3218 607 606 608 5704 8202 5817 
3219 943 942 944 5745 8203 5890 
3220 1270 1269 1366 7578 8204 4443 
3221 1955 989 2469 8205 8206 3704 
3222 1273 1911 2565 3242 8207 8208 
3223 1970 1316 2290 6200 7928 4433 
3224 620 621 625 8209 8210 5200 
3225 1158 1157 1375 8211 5198 8212 
3226 806 807 808 8213 8214 3853 
3227 2261 1540 2460 8215 8216 5722 
3228 870 884 1261 5875 5805 8217 
3229 1909 2316 2685 2962 8218 8219 
3230 624 2004 2369 5281 8220 8221 
3231 2585 1642 2625 7999 3757 8222 
3232 768 779 806 8223 8224 8225 
3233 873 813 1157 8226 3816 8227 
3234 1949 1948 2509 7820 3437 3596 
3235 2256 2153 2743 7852 8228 8229 
3236 357 1997 2323 8230 8231 8232 
3237 409 358 2323 8233 8234 4350 
3238 628 626 795 8235 5044 8236 
3239 960 961 962 8237 8238 5460 
3240 977 976 978 5750 8239 5901 
3241 538 537 539 5737 3486 5853 
3242 848 857 858 8240 8241 5213 
3243 1935 1934 2697 5005 8242 4156 
3244 844 846 848 8243 8244 8245 
3245 27 28 2518 86 3530 8246 
3246 988 986 2305 5879 8247 8248 
3247 39 40 2291 98 7992 7994 
3248 1551 1552 1683 5900 3691 4201 
3249 1790 2215 2575 8249 8250 8251 
3250 855 854 856 8252 3868 8253 
3251 2142 1751 2374 6614 4294 8254 
3252 2179 1527 2374 7351 8255 3350 
3253 1586 861 1863 5725 8256 8257 
3254 1400 1617 1912 5109 6092 7912 
3255 1269 988 2305 7622 8248 8258 
3256 2016 2017 2380 6175 8259 8260 
3257 1650 1649 2296 7331 3204 7946 
3258 2391 1281 2414 8261 8262 8263 
3259 1661 1634 2534 8264 8265 3806 
3260 2013 650 2526 5810 5544 8266 
3261 1997 1678 2323 8267 4039 8231 
3262 1619 1968 2750 3631 8268 8269 
3263 44 45 2377 103 4436 8270 
3264 1910 1911 2557 5142 4212 5680 
3265 482 871 2260 8088 8271 7881 
3266 868 1319 2289 6062 8272 8273 
3267 837 839 2261 7472 8274 8275 
3268 1695 2487 2721 3428 7616 8276 
3269 2268 1662 2269 8277 8278 8279 
3270 1643 1352 2257 8280 7731 8281 
3271 1502 2202 2286 7487 7955 8282 
3272 2381 587 2651 5160 3714 8283 
3273 2217 1149 2239 6065 8006 3770 
3274 2297 780 2430 7861 8284 8285 
3275 1598 2121 2297 6661 7960 8286 
3276 716 717 2298 7037 8287 7961 
3277 1610 2526 2587 4831 5546 8288 
3278 1531 1502 1636 7584 8289 8290 
3279 507 509 510 5976 5892 8291 
3280 667 666 668 5794 8292 5942 
3281 1138 1331 2242 4933 8293 8191 
3282 895 894 896 8294 5278 8295 
3283 1137 912 2385 6048 8296 5562 
3284 847 845 894 8297 4907 8298 
3285 1196 1277 1282 5797 5947 8299 
3286 581 1755 1756 8300 7806 7805 
3287 407 472 473 8301 5373 7807 
3288 448 1787 1788 8302 8303 8304 
3289 614 1779 1780 8305 7810 7808 
3290 655 1803 1804 8306 7811 8307 
3291 2743 2153 2802 8228 5369 8308 
3292 628 795 1050 8236 7942 7748 
3293 808 991 992 8309 8310 5294 
3294 1396 1643 2408 8311 3104 8312 
3295 1338 1197 2342 3890 8313 7890 
3296 1289 1614 2403 6230 4078 8314 
3297 742 1867 2739 3706 8315 8316 
3298 832 917 918 8317 8318 8319 
3299 574 573 575 5813 8320 5970 
3300 559 560 561 8321 3051 5338 
3301 799 778 800 8322 5631 8323 
3302 863 800 864 8324 5300 8325 
3303 913 1564 2277 5963 8326 8327 
3304 187 188 2552 245 8328 8329 
3305 824 2141 2304 7201 7900 4621 
3306 609 608 610 5818 8330 5980 
3307 766 554 1699 8331 8332 4173 
3308 497 492 498 6019 8333 5936 
3309 858 1181 1199 8334 8335 5317 
3310 2095 1694 2096 4938 8336 7318 
3311 1353 1352 1396 6322 8337 8338 
3312 952 950 953 5417 8339 7857 
3313 62 63 2303 121 8076 8075 
3314 866 868 2289 5184 8273 4718 
3315 841 842 2225 8340 7886 8341 
3316 1842 1918 2695 5057 8342 5613 
3317 592 594 595 8343 8344 5729 
3318 878 2309 2415 3798 3250 8345 
3319 994 905 2271 5888 7907 8346 
3320 820 1624 2358 8347 8348 8349 
3321 1160 876 1162 8350 4961 8351 
3322 1424 1871 2792 8352 8353 8354 
3323 2162 1090 2756 6967 3970 8355 
3324 1326 1162 1327 8356 5328 8357 
3325 882 856 913 8358 5334 8359 
3326 1788 2203 2757 8360 7831 8361 
3327 540 539 541 5854 8362 6015 
3328 801 2483 2579 7929 8363 8364 
3329 1331 1681 2242 7867 2899 8293 
3330 525 526 527 8365 8366 5364 
3331 1530 2372 2548 8367 8368 8369 
3332 1298 2196 2306 7400 8370 5823 
3333 1058 1060 2307 6112 8371 8098 
3334 1870 1763 2687 3063 8372 8373 
3335 1410 1049 1533 8374 8375 8376 
3336 1329 1499 1753 8377 8378 8379 
3337 1645 2267 2410 8380 3214 8381 
3338 510 511 514 5894 6050 8382 
3339 2145 1241 2478 8383 8384 8385 
3340 1698 1583 2617 8386 8387 4606 
3341 1416 2327 2342 8388 8389 8390 
3342 708 696 709 5284 8391 7790 
3343 1670 1700 2474 5860 8392 8111 
3344 1887 1665 2665 8393 8394 8395 
3345 841 840 842 6118 8396 8340 
3346 2236 419 2518 5686 8397 4018 
3347 1319 1652 1653 6185 8398 8399 
3348 945 944 946 5891 8400 6102 
3349 382 381 416 395 8022 3841 
3350 357 356 1997 370 8019 8230 
3351 362 361 413 375 8039 8043 
3352 389 388 1770 402 8042 4670 
3353 329 328 412 342 8015 3844 
3354 304 303 1964 317 8025 4669 
3355 359 358 409 372 8233 8028 
3356 386 385 1992 399 8008 8027 
3357 332 331 407 345 8401 8037 
3358 299 5 1793 312 8034 8021 
3359 385 384 581 398 8402 8007 
3360 380 8 451 393 8035 8030 
3361 300 299 630 313 8020 8012 
3362 327 326 449 340 8403 8009 
3363 301 300 1786 314 8014 4667 
3364 328 327 1993 341 8011 8016 
3365 364 363 1801 377 8057 8055 
3366 391 390 604 404 8404 4676 
3367 307 306 1800 320 8053 8405 
3368 381 380 1791 394 8031 8023 
3369 354 353 448 367 8406 4663 
3370 8 365 1808 379 8051 8036 
3371 5 392 759 406 8407 8032 
3372 303 302 614 316 8408 8024 
3373 356 355 414 369 8409 8017 
3374 309 308 450 322 8410 4672 
3375 338 337 417 351 8411 3846 
3376 311 310 415 324 8412 8413 
3377 388 387 593 401 8047 8041 
3378 361 360 1815 374 8046 8040 
3379 360 359 1774 373 8029 8045 
3380 387 386 1835 400 8026 8048 
3381 335 334 411 348 8414 3849 
3382 306 305 655 319 8415 8052 
3383 333 332 1991 346 8038 4675 
3384 365 364 418 378 8054 8050 
3385 363 362 1771 376 8044 8056 
3386 897 896 898 8416 4959 8417 
3387 170 458 2420 7625 5288 8418 
3388 759 1802 2386 8419 8420 8421 
3389 979 978 980 5902 8422 6090 
3390 1780 1783 2503 7694 8423 8424 
3391 1370 1920 2740 8425 6056 8426 
3392 499 498 500 5937 8427 6100 
3393 2027 2026 2308 6149 8428 8064 
3394 1760 1763 2457 7558 3065 8429 
3395 1563 2306 2467 7902 8430 8431 
3396 669 668 695 5943 4236 7582 
3397 748 746 2458 7157 3268 8432 
3398 593 1835 2755 8049 5540 7920 
3399 1353 1396 1524 8338 8433 5841 
3400 1282 1546 1550 5949 8434 8435 
3401 1513 1373 1821 8436 7977 4016 
3402 904 907 2266 5581 8437 7699 
3403 1381 1382 1383 5913 7688 8438 
3404 154 455 2440 7648 5257 8439 
3405 1409 1327 1510 8440 7935 8441 
3406 576 575 577 5971 8442 7620 
3407 1582 1268 1583 8443 8444 8445 
3408 21 22 2653 80 8446 8447 
3409 2295 1726 2660 7887 8448 8449 
3410 2228 2093 2709 7702 3681 8450 
3411 2292 1336 2293 5820 8451 5738 
3412 158 159 2459 216 4453 8452 
3413 1697 1583 1698 8453 8386 8454 
3414 611 610 612 5981 8455 7684 
3415 1968 469 2750 4724 8456 8268 
3416 1334 1436 1662 8457 8458 8459 
3417 1274 1433 1540 8460 8461 8462 
3418 2050 2211 2311 7541 3514 8079 
3419 1665 1887 2618 8393 8463 8464 
3420 1388 1831 1834 5268 5646 5993 
3421 1728 1729 1730 8465 8466 8467 
3422 1401 1147 2217 8468 6066 5068 
3423 1540 1629 1630 8469 8470 8471 
3424 915 914 2403 5917 8472 8473 
3425 542 541 543 6016 8474 7721 
3426 435 2348 2774 5409 8475 8476 
3427 1787 1789 2710 5496 8477 8478 
3428 809 499 2338 4766 5747 4701 
3429 595 596 597 8479 8480 5432 
3430 1990 825 2313 7545 7926 3159 
3431 2252 169 2420 7830 8481 3731 
3432 926 928 1336 5354 8482 5819 
3433 45 46 2464 104 8483 4437 
3434 1394 1144 1395 8484 8485 8486 
3435 2039 1568 2468 6867 8487 3610 
3436 2155 787 2753 5734 8488 8489 
3437 1561 1562 2314 7284 5358 8490 
3438 1111 1680 2108 8491 8492 6838 
3439 1680 1115 2108 8493 6581 8492 
3440 823 1241 2145 8494 8383 7384 
3441 1237 1239 1243 6841 8495 8496 
3442 1226 1234 1500 6982 8497 8498 
3443 1233 1235 1243 7278 8499 8500 
3444 1223 1500 2182 8501 8502 7381 
3445 1224 1226 1500 7256 8498 8503 
3446 1115 1692 2186 8504 8505 7212 
3447 1692 1120 2186 8506 7334 8505 
3448 1693 1125 2189 8507 7362 8508 
3449 1120 1693 2189 8509 8508 7396 
3450 899 898 900 8510 5449 8511 
3451 514 515 767 6051 7756 8512 
3452 540 542 2337 6017 4895 5521 
3453 986 1254 2305 8513 8514 8247 
3454 1605 1395 1850 8515 8516 8517 
3455 1064 1291 2471 6303 3520 8518 
3456 986 985 1254 6079 8519 8513 
3457 2249 1537 2441 7765 8520 8521 
3458 1733 1593 2546 3287 4881 8522 
3459 1873 1245 2569 4778 8523 2911 
3460 450 308 2432 8410 8524 8525 
3461 307 1800 2432 8405 5367 8526 
3462 2506 447 2616 8527 4587 8528 
3463 1649 1525 2475 7251 8529 3320 
3464 968 966 969 5964 8530 8531 
3465 501 500 502 6101 8532 7776 
3466 1334 1662 2268 8459 8277 8533 
3467 2009 2008 2542 7571 8534 5867 
3468 1812 841 2823 4460 8535 8536 
3469 554 547 2378 8537 7877 8538 
3470 960 958 961 5795 8539 8237 
3471 947 946 949 6103 8540 7779 
3472 712 710 728 5430 8541 7969 
3473 820 1623 1624 8542 8543 8347 
3474 33 34 2599 92 5481 8544 
3475 2132 2326 2670 8154 8545 8546 
3476 1054 1056 2438 3701 8547 4523 
3477 968 969 970 8531 8548 5682 
3478 2352 2684 2810 4394 8549 8550 
3479 1152 1935 2341 5006 8551 7982 
3480 61 440 2466 7669 4459 8552 
3481 726 723 2318 7014 8114 8115 
3482 1832 1830 2397 4729 2955 8553 
3483 1323 1851 2465 8122 8554 8555 
3484 2062 2060 2483 6677 8556 6120 
3485 1021 1019 2319 6291 8119 8118 
3486 581 384 1755 8402 5463 8300 
3487 448 353 1787 8406 5469 8302 
3488 407 331 472 8401 5465 8301 
3489 614 302 1779 8408 5467 8305 
3490 414 355 1778 8409 5466 8557 
3491 415 310 1798 8412 5471 3482 
3492 417 337 1796 8411 5473 8558 
3493 759 392 1802 8407 5476 8419 
3494 604 390 1794 8404 5475 8559 
3495 411 334 1799 8414 5470 7783 
3496 655 305 1803 8415 5474 8306 
3497 1542 1359 1707 8560 8561 3404 
3498 890 892 2683 8562 3838 8563 
3499 199 4 2603 257 8564 8565 
3500 578 577 579 7621 8566 7813 
3501 2555 893 2683 8567 8568 4386 
3502 2215 1790 2825 8249 8569 8570 
3503 1995 1187 2321 6070 8571 5960 
3504 785 827 828 8572 8573 5253 
3505 613 612 615 7685 8574 7825 
3506 1383 1418 1419 7689 7838 8575 
3507 727 822 2487 7202 7614 8576 
3508 4 258 2603 278 8577 8564 
3509 1374 1373 1513 7828 8436 8578 
3510 1512 481 2260 8579 8065 8580 
3511 1559 1284 2488 6289 8581 3536 
3512 420 1954 2456 4988 5073 4344 
3513 1146 1147 1401 7850 8468 8582 
3514 995 900 996 8583 8584 8585 
3515 900 1303 2712 5450 5135 8586 
3516 1534 1973 2352 5215 3727 8587 
3517 828 829 830 8588 8589 5553 
3518 2002 1364 2538 8101 8590 8591 
3519 544 543 545 7722 8592 7853 
3520 453 161 2320 7636 8144 8593 
3521 767 834 835 7757 7879 8594 
3522 982 1915 2490 4737 7785 8595 
3523 2069 2067 2409 5995 7761 8596 
3524 483 481 484 7804 8597 8598 
3525 923 921 2347 4478 7763 8185 
3526 907 1295 2266 7995 4121 8437 
3527 1927 1945 2584 4128 8599 8600 
3528 1396 1352 1643 8337 8280 8311 
3529 503 502 504 7777 8601 7895 
3530 1357 931 2347 8602 8186 8603 
3531 1283 521 2299 5953 8604 8605 
3532 1982 1430 2649 5236 3549 8060 
3533 156 2127 2498 3949 8172 8606 
3534 155 156 2498 213 8606 8607 
3535 2081 2080 2505 7312 3106 8608 
3536 1010 1013 2608 5779 8609 8610 
3537 2327 1916 2342 5940 7891 8389 
3538 1749 1509 2330 8093 8164 8611 
3539 839 1273 1274 7950 8612 8613 
3540 1997 414 2604 8018 8614 8615 
3541 2166 2168 2326 7110 8616 8153 
3542 997 996 998 8617 5633 8618 
3543 456 152 2494 7643 8619 3924 
3544 830 859 860 8620 8621 8622 
3545 627 628 629 8623 7706 8078 
3546 871 837 2261 8087 8275 5721 
3547 580 579 582 7814 8624 7943 
3548 1355 994 2271 7972 8346 8625 
3549 1546 1277 2470 5948 3413 8626 
3550 928 930 2344 5602 8627 8628 
3551 1721 1826 1827 8629 3622 8630 
3552 2320 162 2673 8143 8631 8632 
3553 616 615 617 7826 8633 7965 
3554 2017 2015 2508 6174 8634 8635 
3555 2308 2026 2380 8428 8636 8187 
3556 2298 717 2409 8287 8637 7760 
3557 875 1530 2353 8195 8638 8639 
3558 1517 1171 1687 8640 8641 8642 
3559 131 132 466 140 8643 8644 
3560 130 131 2301 139 8645 8646 
3561 129 130 438 138 8647 8648 
3562 128 129 2302 137 8649 8650 
3563 127 128 467 136 8651 8652 
3564 1419 1423 1634 7839 7980 8653 
3565 2797 1900 2820 4759 8654 7823 
3566 546 545 547 7854 7875 7983 
3567 1051 1416 2473 8655 8656 8657 
3568 464 166 2506 7626 8658 5997 
3569 167 447 2506 7629 8527 8659 
3570 588 585 589 5664 8660 8196 
3571 448 1788 2757 8304 8361 8661 
3572 431 2534 2818 5962 8662 6002 
3573 1544 1545 2479 6844 8663 8664 
3574 1262 1381 2359 8167 8665 8666 
3575 2147 2175 2333 7328 8171 8170 
3576 1524 2000 2746 3477 4564 8667 
3577 835 849 850 7880 8003 8668 
3578 1514 2438 2701 3903 8669 8670 
3579 1658 1396 2408 8671 8312 8672 
3580 915 2403 2646 8473 8673 8674 
3581 2169 2100 2335 7196 8675 8676 
3582 505 504 512 7896 5834 8072 
3583 860 885 886 8677 8678 3227 
3584 733 731 833 5673 8679 8680 
3585 1598 2297 2430 8286 8285 8681 
3586 1089 1094 2336 6894 8180 8179 
3587 483 484 485 8598 8682 5847 
3588 954 953 955 7858 8683 8095 
3589 1674 1501 2439 6177 8684 8685 
3590 1182 1574 1576 8686 8687 8688 
3591 441 59 2514 7663 8689 3248 
3592 2380 2017 2464 8259 5511 8690 
3593 2267 1645 2413 8380 8150 8691 
3594 1416 2342 2473 8390 8692 8656 
3595 583 582 584 7944 8693 8104 
3596 410 2510 2610 5768 8694 3861 
3597 1636 1502 2286 8289 8282 4613 
3598 1888 1267 2282 7768 8695 5442 
3599 1533 2391 2414 8696 8263 8697 
3600 179 410 2706 5386 4225 8698 
3601 1993 449 2564 8010 3503 8699 
3602 484 481 1512 8597 8579 8700 
3603 604 1794 2541 8559 8181 8159 
3604 1653 1652 2003 8398 8701 3035 
3605 964 962 1167 5992 8702 8703 
3606 618 617 619 7966 8704 8129 
3607 1187 965 2356 5647 7873 8705 
3608 1632 1999 2698 6377 8706 5772 
3609 1285 1287 2532 6138 8707 8708 
3610 559 557 560 5748 5114 8321 
3611 548 547 552 7984 8709 8146 
3612 1784 2356 2435 8134 7976 8710 
3613 722 725 2343 7067 8711 8192 
3614 886 887 888 8712 8713 5762 
3615 696 695 2233 7583 4239 8714 
3616 2022 456 2540 8715 3925 8716 
3617 1044 1043 2538 5954 8717 8718 
3618 172 1972 2230 5758 4192 8126 
3619 2119 2118 2540 7069 8719 3883 
3620 2174 2022 2540 7343 8716 8720 
3621 1366 1269 1511 8204 8721 8722 
3622 912 910 2385 4761 6024 8296 
3623 797 773 798 8723 8724 8725 
3624 1753 1499 2738 8378 8083 3685 
3625 729 728 760 7970 8726 8727 
3626 1265 1957 2504 8728 8729 7827 
3627 1716 1715 2578 3628 7795 3423 
3628 428 1922 2689 4891 3203 8730 
3629 2023 2033 2544 6238 8731 4544 
3630 780 2161 2430 7294 8732 8284 
3631 850 852 853 8004 8161 8733 
3632 592 590 594 5808 8734 8343 
3633 525 523 526 5786 8735 8365 
3634 2102 1727 2545 6763 4189 8736 
3635 985 981 2361 8156 8737 8738 
3636 793 791 2416 4823 6043 8739 
3637 1717 1716 2454 7709 3485 8740 
3638 1957 1265 2728 8728 8741 8742 
3639 1364 1148 2538 6088 8743 8590 
3640 41 42 2539 100 8744 4491 
3641 513 512 516 8073 8745 8168 
3642 2273 1998 2615 7566 8746 5550 
3643 30 31 2357 89 8747 7818 
3644 1420 919 1942 5739 8100 2994 
3645 488 486 489 8748 8749 8750 
3646 1898 1899 2482 4839 4986 8751 
3647 818 798 819 8752 4053 8753 
3648 1545 2478 2479 7899 8754 8663 
3649 1687 1171 2424 8641 8755 8756 
3650 930 1146 2344 8157 8757 8627 
3651 956 955 1046 8096 8758 8759 
3652 2535 1618 2622 4142 8760 4088 
3653 38 439 2500 7655 8137 8761 
3654 493 495 496 8762 8763 5741 
3655 2357 31 2395 8747 8764 5498 
3656 654 652 814 5862 8765 8766 
3657 1635 1553 2563 6855 8767 3239 
3658 2187 2138 2563 7373 7924 8768 
3659 1051 891 1188 8769 8770 8771 
3660 1279 992 2268 5903 8772 8773 
3661 620 619 621 8130 8774 8209 
3662 358 357 2323 371 8232 8234 
3663 490 489 491 8775 5840 8776 
3664 890 891 892 8777 8778 8562 
3665 864 1173 1281 5910 8779 8780 
3666 2321 1187 2356 8571 8705 8133 
3667 520 508 1288 8781 8782 8783 
3668 966 964 2375 6001 8784 8785 
3669 2306 1561 2314 7901 8490 5824 
3670 2203 1788 2720 8360 5116 8786 
3671 869 1292 1293 8787 8788 8789 
3672 580 583 2381 7945 5161 5188 
3673 1395 1144 2277 8485 8790 8791 
3674 869 819 870 8792 5874 8793 
3675 1627 2549 2577 4182 8794 8795 
3676 1729 2393 2618 8796 8797 8798 
3677 873 1157 1158 8227 8211 8799 
3678 806 779 807 8224 8800 8213 
3679 1356 1292 1607 8801 8802 8803 
3680 1738 1198 2329 8175 8804 8805 
3681 1886 2047 2573 6419 8806 5922 
3682 1560 1654 2573 7383 3551 8807 
3683 761 1856 2480 4446 8808 3123 
3684 2684 1709 2810 8809 5792 8549 
3685 853 854 855 8162 8252 8810 
3686 496 508 519 8811 8812 5881 
3687 563 561 586 5983 3614 8813 
3688 1905 1906 2621 4380 8814 8815 
3689 517 516 810 8169 8816 8817 
3690 2306 2196 2467 8370 8818 8430 
3691 1552 2310 2437 5630 8819 8820 
3692 848 846 857 8244 8821 8240 
3693 2054 2057 2579 6828 8822 8823 
3694 2431 435 2774 4646 8476 8824 
3695 1416 1188 1551 8825 5899 8826 
3696 493 491 494 8827 5684 8828 
3697 2405 2300 2632 3664 8829 8830 
3698 989 2384 2662 8831 8832 8833 
3699 2271 1431 2524 5168 2846 8834 
3700 1293 1356 1626 8835 8836 8837 
3701 2641 1913 2668 3645 8838 8839 
3702 2305 1254 2465 8514 8840 8841 
3703 1994 872 2522 3360 8842 8843 
3704 2329 1437 2718 2977 8844 8845 
3705 551 2263 2354 8846 4263 8847 
3706 1530 877 2331 8194 8848 8849 
3707 1310 1872 2654 3284 3935 8850 
3708 485 486 487 8851 8852 3940 
3709 1374 1513 1644 8578 8853 7834 
3710 2307 1060 2471 8371 8854 3570 
3711 1494 1441 2607 7604 4970 8855 
3712 519 520 521 8856 8857 5952 
3713 1349 1432 1688 8858 8859 8860 
3714 1158 1375 1376 8212 8861 8862 
3715 1721 1399 1826 5807 5855 8629 
3716 808 807 991 8214 8863 8309 
3717 2001 1524 2746 5842 8667 8864 
3718 1792 1791 2390 5708 5030 4074 
3719 1527 2142 2374 7058 8254 8255 
3720 892 1051 1052 8865 8866 4058 
3721 718 720 2588 6873 8867 5171 
3722 2434 623 2684 8868 8869 5154 
3723 495 494 507 8870 5975 8871 
3724 1595 1596 1655 8872 8873 8874 
3725 847 894 895 8298 8294 8875 
3726 933 931 1357 6068 8602 8876 
3727 1274 1540 2261 8462 8215 8877 
3728 1681 1601 2576 7866 8878 8879 
3729 858 857 1181 8241 5876 8334 
3730 1586 1863 2565 8257 4618 8880 
3731 741 739 742 6110 8881 8882 
3732 2192 787 2592 7358 5735 8883 
3733 1656 1571 2592 6750 8884 3995 
3734 1982 549 2814 4257 8885 5567 
3735 1318 2220 2368 8132 8886 8887 
3736 1783 2341 2503 4916 8888 8423 
3737 599 597 2328 7679 8889 8890 
3738 918 917 1329 8318 8891 8892 
3739 799 800 863 8323 8324 8893 
3740 2026 2016 2380 6268 8260 8636 
3741 855 856 882 8253 8358 8894 
3742 1708 1709 2537 4166 8895 7996 
3743 487 488 492 8896 8897 6018 
3744 2507 760 2611 8898 8899 8900 
3745 521 773 789 8901 8902 8903 
3746 585 584 2353 8105 8904 8905 
3747 531 529 551 7613 8906 8907 
3748 887 885 1422 8908 8909 8910 
3749 2326 457 2670 8911 3789 8545 
3750 1160 1162 1326 8351 8356 8912 
3751 446 44 2377 7674 8270 8913 
3752 1944 421 2729 4357 8914 8915 
3753 2190 1696 2601 6493 5145 8916 
3754 1924 2362 2655 3733 8917 3572 
3755 456 2022 2585 8715 8000 8918 
3756 31 32 2395 90 6096 8764 
3757 2586 1622 2651 8919 8920 8921 
3758 1533 1049 2391 8375 8922 8696 
3759 1182 969 1573 8923 8924 8925 
3760 1342 1340 1343 7718 8926 8927 
3761 151 456 2585 7644 8918 8928 
3762 1365 1589 1595 8929 8930 5923 
3763 1637 1199 2346 5938 8931 8932 
3764 2247 1318 2368 8198 8887 6008 
3765 1175 1177 1180 7732 8933 8934 
3766 1435 1678 2604 6491 8935 8936 
3767 895 896 897 8295 8416 8937 
3768 1258 1581 2606 6279 5166 8938 
3769 2548 2372 2628 8368 8939 8940 
3770 1410 1533 1619 8376 8941 8942 
3771 590 589 2288 8197 8943 8944 
3772 992 991 1334 8310 8945 8946 
3773 1440 1439 1441 8947 5688 7991 
3774 1319 1653 2289 8399 8948 8272 
3775 940 937 1245 7993 8949 8950 
3776 789 797 840 8951 8952 6117 
3777 1707 1359 2427 8561 8953 8954 
3778 1549 1970 2386 6201 5357 8955 
3779 1265 1637 2728 5939 7919 8741 
3780 2358 1624 2520 8348 5706 8956 
3781 567 565 862 7782 8957 8958 
3782 1199 1181 1508 8335 8959 8960 
3783 1678 1997 2604 8267 8615 8935 
3784 1326 1327 1409 8357 8440 8961 
3785 1778 448 2757 4664 8661 4352 
3786 882 913 1144 8359 8962 8963 
3787 2486 1906 2679 8964 3435 4843 
3788 1274 1273 1317 8612 8965 8966 
3789 953 950 2379 8339 8967 8968 
3790 2549 2453 2577 8969 8970 8794 
3791 2201 1417 2619 7467 4246 8971 
3792 662 1987 2741 8972 8973 8974 
3793 1261 1262 2359 5806 8666 8975 
3794 1281 2317 2414 8976 8977 8262 
3795 9 1958 2593 5478 8978 3709 
3796 974 972 1299 8062 8979 8980 
3797 595 594 596 8344 8981 8479 
3798 1713 1717 1737 7710 8982 5320 
3799 604 2216 2804 8158 8983 7962 
3800 1511 1269 2305 8721 8258 8984 
3801 1875 2368 2636 5105 8985 8986 
3802 2136 2256 2700 7759 8987 8988 
3803 17 18 2348 76 5440 5408 
3804 1574 1573 1575 8989 7974 8990 
3805 842 1171 1267 8991 8992 7767 
3806 1582 1583 1697 8445 8453 8993 
3807 1182 1576 2364 8688 8089 8994 
3808 2110 2113 2627 7296 4405 8995 
3809 859 829 1132 8996 8997 8998 
3810 527 526 820 8366 8999 9000 
3811 1016 1014 2626 6153 4953 9001 
3812 58 441 2602 7664 8148 9002 
3813 995 997 1528 9003 9004 9005 
3814 2076 2074 2629 7270 4305 9006 
3815 1603 1663 2630 7464 3656 9007 
3816 661 659 662 7878 9008 9009 
3817 897 898 899 8417 8510 9010 
3818 1524 1396 1658 8433 8671 3768 
3819 1577 1975 2447 5080 4005 9011 
3820 1951 1950 2659 3493 3855 9012 
3821 1585 1563 2467 7098 8431 9013 
3822 521 789 2299 8903 5566 8604 
3823 1540 1433 1629 8461 9014 8469 
3824 914 1289 2403 6064 8314 8472 
3825 1676 1514 2701 6162 8670 9015 
3826 839 1274 2261 8613 8877 8274 
3827 625 621 2369 8210 9016 9017 
3828 603 601 648 7909 9018 9019 
3829 1699 554 2378 8332 8538 9020 
3830 790 771 1200 7922 9021 9022 
3831 1626 1690 2688 9023 5661 3715 
3832 981 980 2361 6091 9024 8737 
3833 490 2272 2425 5138 5100 9025 
3834 1394 1395 1605 8486 8515 9026 
3835 1409 1510 1746 8441 5861 9027 
3836 2111 2112 2822 7303 9028 9029 
3837 1144 913 2277 8962 8327 8790 
3838 1590 1685 2407 6206 3967 9030 
3839 703 596 784 9031 9032 9033 
3840 989 1955 2568 8205 9034 9035 
3841 1146 1401 1547 8582 9036 9037 
3842 1577 2447 2767 9011 7864 9038 
3843 1630 1629 1640 8470 9039 9040 
3844 1267 1517 1606 9041 9042 9043 
3845 2436 1661 2781 9044 3812 7816 
3846 1887 1965 2618 5572 9045 8463 
3847 717 2087 2409 6524 9046 8637 
3848 597 596 703 8480 9031 9047 
3849 1179 1194 1412 8069 9048 9049 
3850 728 710 2371 8541 9050 9051 
3851 844 848 2611 8245 3330 9052 
3852 1663 2320 2673 9053 8632 3657 
3853 457 149 2625 7639 9054 3788 
3854 746 744 2656 7266 9055 3269 
3855 962 961 2294 8238 9056 9057 
3856 1291 1066 2657 6302 9058 7716 
3857 2293 2586 2651 9059 8921 3578 
3858 899 900 995 8511 8583 9060 
3859 768 806 2817 8225 5405 9061 
3860 1989 1428 2792 5060 9062 9063 
3861 820 526 1554 8999 9064 9065 
3862 890 888 891 8127 9066 8777 
3863 1394 1605 1686 9026 4810 9067 
3864 897 899 1166 9010 9068 9069 
3865 11 12 2419 70 9070 4800 
3866 2444 1328 2462 5930 2913 9071 
3867 2116 2117 2806 6635 9072 9073 
3868 828 827 829 8573 9074 8588 
3869 537 535 550 8140 9075 3260 
3870 2258 433 2455 7764 5608 9076 
3871 1642 1612 2670 7184 9077 3758 
3872 949 1359 1541 9078 9079 9080 
3873 882 1144 1393 8963 9081 9082 
3874 1969 469 2801 5547 9083 9084 
3875 1326 1409 1615 8961 9085 9086 
3876 1613 1631 2675 6228 3502 9087 
3877 1508 1181 1509 8959 8163 9088 
3878 1000 1002 1003 4633 5391 9089 
3879 2167 2194 2816 7398 4926 9090 
3880 1349 1347 1432 8176 9091 8858 
3881 710 709 2371 7791 9092 9050 
3882 2155 2154 2681 6830 9093 4045 
3883 944 942 1386 8203 9094 9095 
3884 1334 991 1335 8945 9096 9097 
3885 2256 442 2700 9098 4138 8987 
3886 573 571 765 8200 9099 9100 
3887 608 606 878 8202 9101 9102 
3888 2137 2134 2700 6946 9103 4137 
3889 442 56 2648 7666 9104 4123 
3890 186 187 2722 244 9105 9106 
3891 995 996 997 8585 8617 9003 
3892 785 784 826 9107 7915 9108 
3893 830 829 859 8589 8996 8620 
3894 1425 1424 2792 6284 8354 9109 
3895 863 864 2391 8325 9110 9111 
3896 1229 1322 2709 7321 9112 9113 
3897 978 976 989 8239 9114 9115 
3898 2386 1802 2804 8420 7963 9116 
3899 2395 425 2474 6095 9117 9118 
3900 1663 1604 2717 7463 9119 9120 
3901 627 626 628 9121 8235 8623 
3902 1306 2203 2720 7485 8786 9122 
3903 1333 1304 2720 6261 9123 5087 
3904 2035 2037 2769 6402 9124 9125 
3905 709 696 2233 8391 8714 9126 
3906 1158 1376 1578 8862 9127 9128 
3907 827 826 1145 9129 9130 9131 
3908 1070 1141 2762 6423 5982 9132 
3909 799 863 865 8893 9133 9134 
3910 1329 917 1413 8891 9135 9136 
3911 1358 1036 2740 6951 9137 6055 
3912 1032 1370 2740 6452 8426 9138 
3913 1541 1542 1627 9139 9140 9141 
3914 2057 2056 2753 6827 9142 9143 
3915 668 666 670 8292 9144 4537 
3916 1611 1556 2745 6275 9145 9146 
3917 950 949 2379 7780 9147 8967 
3918 1196 1282 1290 8299 9148 9149 
3919 159 160 2815 217 9150 4947 
3920 970 969 1182 8548 8923 9151 
3921 847 895 1280 8875 9152 9153 
3922 1254 985 1268 8519 9154 9155 
3923 169 170 2420 227 8418 8481 
3924 810 516 811 8816 9156 9157 
3925 853 855 872 8810 9158 9159 
3926 1322 2228 2709 9160 8450 9112 
3927 655 1804 2400 8307 9161 7701 
3928 1900 1901 2820 4594 3457 8654 
3929 1940 2615 2812 9162 9163 9164 
3930 1623 1554 1628 9165 9166 9167 
3931 621 619 622 8774 9168 9169 
3932 1254 1268 1323 9155 9170 9171 
3933 510 514 518 8382 9172 9173 
3934 1517 1687 1705 8642 9174 9175 
3935 1984 1406 2658 9176 9177 9178 
3936 163 452 2673 7642 3653 9179 
3937 1501 1996 2439 5695 7986 8684 
3938 1366 1511 1825 8722 9180 2839 
3939 842 840 1171 8396 9181 8991 
3940 500 498 881 8427 9182 9183 
3941 860 859 885 8621 9184 8677 
3942 132 133 2349 141 9185 9186 
3943 760 728 843 8726 9187 9188 
3944 1381 1383 1638 8438 9189 9190 
3945 1590 2407 2444 9030 5698 9191 
3946 2363 458 2723 5286 4220 9192 
3947 126 127 2350 135 9193 9194 
3948 612 610 623 8455 9195 9196 
3949 1938 1260 2671 2921 9197 9198 
3950 955 953 1300 8683 9199 9200 
3951 552 547 554 8709 8537 9201 
3952 543 541 549 8474 9202 9203 
3953 2430 2161 2516 8732 9204 9205 
3954 2403 1953 2646 4077 9206 8673 
3955 584 582 874 8693 9207 9208 
3956 1276 1974 2560 4134 9209 9210 
3957 1583 1268 2361 8444 9211 9212 
3958 949 946 1359 8540 9213 9078 
3959 1393 1394 2339 9214 9215 9216 
3960 1786 630 2693 8013 4649 5000 
3961 835 850 851 8668 9217 9218 
3962 579 577 777 8566 9219 9220 
3963 2423 1607 2623 9221 3275 5780 
3964 1419 1634 1661 8653 8264 9222 
3965 617 615 1263 8633 9223 9224 
3966 1433 1317 1434 9225 3820 9226 
3967 504 502 506 8601 9227 6025 
3968 660 663 2501 5538 5048 3972 
3969 1608 1509 1748 9228 8092 9229 
3970 1850 432 2780 7892 7998 9230 
3971 2637 618 2752 8177 3305 9231 
3972 786 2000 2332 5308 3479 5620 
3973 1846 1845 2515 4882 9232 4290 
3974 443 53 2802 7665 9233 5368 
3975 1436 1335 1437 9234 9235 9236 
3976 148 457 2714 7640 9237 9238 
3977 437 36 2345 5598 8066 3864 
3978 1576 1574 1600 8687 9239 9240 
3979 886 885 887 8678 8908 8712 
3980 1947 2543 2591 5705 4160 9241 
3981 1323 1582 1647 9242 9243 8121 
3982 459 146 2771 7634 9244 9245 
3983 1599 1598 2430 6833 8681 9246 
3984 1625 1437 1941 9247 3302 9248 
3985 2436 427 2819 7815 5459 9249 
3986 2343 725 2487 8711 9250 3427 
3987 584 874 875 9208 9251 9252 
3988 55 442 2743 7667 9253 9254 
3989 1511 2305 2465 8984 8841 9255 
3990 552 554 555 9201 9256 9257 
3991 797 798 818 8725 8752 9258 
3992 1547 1548 1622 9259 9260 9261 
3993 865 1049 1198 9262 9263 8174 
3994 1499 1413 1734 9264 9265 9266 
3995 1783 1784 2435 7591 8710 4917 
3996 1578 1579 1981 9267 9268 9269 
3997 760 843 844 9188 9270 9271 
3998 1056 1063 2438 6039 9272 8547 
3999 1198 1410 1411 9273 9274 9275 
4000 485 484 486 8682 9276 8851 
4001 2268 2269 2366 8279 9277 9278 
4002 1789 2575 2710 9279 9280 8477 
4003 2285 1676 2701 9281 9015 9282 
4004 1530 2331 2372 8849 3711 8367 
4005 1043 2012 2758 5827 9283 9284 
4006 488 489 490 8750 8775 9285 
4007 875 876 877 9286 9287 8193 
4008 1063 2285 2701 3013 9282 9288 
4009 888 887 2310 8713 9289 9290 
4010 1957 1868 2504 5799 9291 8729 
4011 1200 2246 2779 7798 9292 9293 
4012 877 1160 1161 9294 9295 9296 
4013 818 819 869 8753 8792 9297 
4014 594 590 2288 8734 8944 9298 
4015 812 811 813 9299 3510 9300 
4016 1697 1698 2383 8454 3046 2975 
4017 830 860 2724 8622 3417 9301 
4018 1510 1984 2658 7936 9178 4291 
4019 1765 1762 2669 7513 9302 3897 
4020 832 918 2652 8319 9303 9304 
4021 555 766 768 9305 9306 9307 
4022 832 813 873 9308 8226 9309 
4023 768 778 779 9310 9311 8223 
4024 496 495 508 8763 9312 8811 
4025 621 622 624 9169 9313 9314 
4026 1336 928 2344 8482 8628 9315 
4027 1537 1558 2441 6270 3264 8520 
4028 1051 1188 1416 8771 8825 8655 
4029 1213 1377 2703 9316 9317 7938 
4030 1099 2169 2708 7371 9318 9319 
4031 623 2537 2684 3602 9320 8869 
4032 2279 1645 2410 7754 8381 3808 
4033 490 491 493 8776 8827 5136 
4034 844 845 846 9321 9322 8243 
4035 1547 1401 1548 9036 5790 9259 
4036 624 622 626 9313 4691 9323 
4037 1381 1638 2359 9190 9324 8665 
4038 1945 1721 2584 5719 9325 8599 
4039 1293 1292 1356 8788 8801 8835 
4040 892 891 1051 8778 8769 8865 
4041 1763 1759 2443 7557 4832 9326 
4042 869 870 1292 8793 9327 8787 
4043 810 811 812 9157 9299 9328 
4044 153 154 2440 211 8439 9329 
4045 519 508 520 8812 8781 8856 
4046 1274 1317 1433 8966 9225 8460 
4047 1416 1551 2327 8826 3086 8388 
4048 992 1334 2268 8946 8533 8772 
4049 493 494 495 8828 8870 8762 
4050 624 626 627 9323 9121 5279 
4051 844 843 845 9270 4550 9321 
4052 2660 1726 2814 8448 4772 9330 
4053 1578 1376 1579 9127 4185 9267 
4054 1626 1356 1690 8836 9331 9023 
4055 870 1261 2316 8217 9332 9333 
4056 846 845 847 9322 8297 9334 
4057 1329 1413 1499 9136 9264 8377 
4058 865 863 1049 9133 9335 9262 
4059 589 585 2353 8660 8905 9336 
4060 555 554 766 9256 8331 9305 
4061 487 486 488 8852 8748 8896 
4062 521 520 773 8857 9337 8901 
4063 832 873 917 9309 9338 8317 
4064 779 778 799 9311 8322 9339 
4065 812 813 832 9300 9308 9340 
4066 768 766 778 9306 4013 9310 
4067 1688 1432 1689 8859 9341 7774 
4068 1655 1596 1847 8873 9342 4395 
4069 875 874 876 9251 4595 9286 
4070 877 876 1160 9287 8350 9294 
4071 1595 1589 1596 8930 9343 8872 
4072 789 773 797 8902 8723 8951 
4073 1334 1335 1436 9097 9234 8457 
4074 1198 1049 1410 9263 8374 9273 
4075 1871 1989 2792 5416 9063 8353 
4076 1508 1509 1608 9088 9228 9344 
4077 1182 1573 1574 8925 8989 8686 
4078 1393 1144 1394 9081 8484 9214 
4079 1323 1268 1582 9170 8443 9242 
4080 1267 1606 2282 9043 9345 8695 
4081 820 1554 1623 9065 9165 8542 
4082 2384 989 2568 8831 9035 7717 
4083 1902 550 2727 4066 9346 4209 
4084 1614 2265 2807 7931 5852 4372 
4085 1436 1437 1625 9236 9247 9347 
4086 703 784 785 9033 9107 4773 
4087 1528 997 1529 9004 9348 5987 
4088 1267 1171 1517 8992 8640 9041 
4089 1541 1359 1542 9079 8560 9139 
4090 785 826 827 9108 9129 8572 
4091 442 2256 2743 9098 8229 9253 
4092 311 415 2690 8413 9349 9350 
4093 1795 1770 2485 4601 5363 4922 
4094 935 933 2351 7778 9351 9352 
4095 2659 1290 2749 9353 9354 9355 
4096 1980 1411 2811 3407 9356 9357 
4097 1762 1760 2457 7543 8429 9358 
4098 1199 1508 2346 8960 9359 8931 
4099 2474 425 2598 9117 9360 8112 
4100 2377 2017 2508 5510 8635 9361 
4101 2012 1769 2758 5865 9362 9283 
4102 787 748 2458 7254 8432 9363 
4103 449 326 2748 8403 9364 9365 
4104 2579 2057 2656 8822 3292 9366 
4105 1167 962 2294 8702 9057 3831 
4106 454 158 2459 7638 8452 3942 
4107 517 810 2334 8817 9367 9368 
4108 1814 2284 2462 7910 9369 5055 
4109 436 1887 2665 5569 8395 9370 
4110 2604 414 2734 8614 9371 9372 
4111 1046 2322 2492 5049 9373 9374 
4112 533 531 2354 7819 9375 9376 
4113 2317 1281 2367 8976 9377 3539 
4114 1746 2258 2455 3393 9076 9378 
4115 730 732 2559 4886 5263 3180 
4116 1412 1948 2680 3190 9379 9380 
4117 1620 2225 2751 9381 9382 9383 
4118 523 517 2334 5733 9368 9384 
4119 1078 1670 1671 7856 9385 3395 
4120 597 703 2328 9047 8120 8889 
4121 969 966 2375 8530 8785 9386 
4122 1796 2212 2529 4376 9387 9388 
4123 1913 2650 2668 8152 9389 8838 
4124 1532 2009 2616 7572 9390 5381 
4125 551 2358 2520 9391 8956 9392 
4126 1029 1028 2393 9393 2938 9394 
4127 566 568 2600 5420 3327 3801 
4128 1676 2285 2775 9281 9395 7908 
4129 2285 1372 2775 8085 9396 9395 
4130 2346 1508 2370 9359 9397 9398 
4131 956 1046 2492 8759 9374 9399 
4132 1268 985 2361 9154 8738 9211 
4133 453 2717 2769 9400 9401 9402 
4134 2011 2267 2640 5490 9403 9404 
4135 1790 2529 2825 8142 9405 8569 
4136 2250 1893 2394 4826 4584 3276 
4137 1345 1342 2362 7871 9406 9407 
4138 652 625 2340 5789 9408 9409 
4139 1363 1740 2624 7413 9410 9411 
4140 1108 2068 2719 3414 9412 9413 
4141 1692 439 1693 9414 5514 9415 
4142 1601 1943 2412 4944 4080 9416 
4143 445 2380 2464 8188 8690 9417 
4144 861 793 2416 7934 8739 9418 
4145 46 445 2464 7662 9417 8483 
4146 2196 1105 2467 7406 9419 8818 
4147 415 2265 2690 5851 9420 9349 
4148 1668 2283 2607 9421 8108 9422 
4149 937 935 2355 7927 9423 9424 
4150 60 61 2466 119 8552 9425 
4151 2227 1297 2572 4716 9426 4223 
4152 308 307 2432 321 8526 8524 
4153 1585 2467 2558 9013 9427 9428 
4154 1768 1767 2800 4904 5659 9429 
4155 2284 1590 2444 8084 9191 9430 
4156 1607 1292 2316 8802 9431 2961 
4157 1568 1569 2468 6782 9432 8487 
4158 1188 891 2310 8770 9433 5629 
4159 1744 2472 2817 4683 9434 5404 
4160 1883 1882 2744 4840 8166 9435 
4161 469 276 2801 5453 9436 9083 
4162 1981 1579 2521 9268 9437 2848 
4163 1907 461 2623 4817 5781 5775 
4164 2263 551 2520 8846 9392 4992 
4165 964 1167 2375 8703 4107 8784 
4166 729 760 2507 8727 8898 9438 
4167 2694 1640 2778 3974 9439 4928 
4168 2574 1891 2672 7932 8139 9440 
4169 1700 1701 2474 4935 9441 8392 
4170 2769 2037 2815 9124 4948 9442 
4171 1060 1064 2471 6214 8518 8854 
4172 864 1281 2391 8780 8261 9110 
4173 1406 1349 2658 5788 9443 9177 
4174 34 35 2571 93 4856 5479 
4175 2236 1552 2437 3692 8820 3146 
4176 1525 1703 2475 6775 4758 8529 
4177 1540 1630 2460 8471 9444 8216 
4178 153 2440 2494 9329 5192 9445 
4179 972 970 2364 7971 9446 9447 
4180 798 773 2422 8724 9448 3803 
4181 529 527 2358 6035 9449 9450 
4182 1300 953 2379 9199 8968 9451 
4183 942 940 2365 8116 9452 9453 
4184 2009 2506 2616 5998 8528 9390 
4185 1146 1547 2344 9037 9454 8757 
4186 1394 1686 2339 9067 3475 9215 
4187 1681 2576 2724 8879 9455 3416 
4188 2714 2168 2771 9456 9457 9458 
4189 2043 2042 2794 6357 9459 9460 
4190 2146 2145 2478 7336 8385 7898 
4191 1602 1142 2555 7948 9461 5092 
4192 2320 1663 2717 9053 9120 9462 
4193 2195 2296 2707 7947 9463 3987 
4194 2384 2617 2662 4607 9464 8832 
4195 1866 1870 2687 5026 8373 5856 
4196 1198 1411 2329 9275 9465 8804 
4197 1340 1279 2366 5994 9466 9467 
4198 1173 1175 2367 6011 9468 9469 
4199 1599 2430 2516 9246 9205 9470 
4200 2334 810 2561 9367 9471 9472 
4201 1945 670 2676 3696 9473 9474 
4202 843 728 2371 9187 9051 7957 
4203 459 2771 2816 9245 9475 4925 
4204 1953 1559 2646 6335 3538 9206 
4205 891 888 2310 9066 9290 9433 
4206 565 563 2373 6097 9476 9477 
4207 131 466 2301 8644 9478 8645 
4208 438 130 2301 8647 8646 2842 
4209 129 438 2302 8648 9479 8649 
4210 467 128 2302 8651 8650 3312 
4211 767 835 2405 8594 9480 9481 
4212 877 1161 2331 9296 9482 8848 
4213 527 820 2358 9000 8349 9449 
4214 1845 1844 2742 4365 5067 9483 
4215 1940 2206 2615 7846 5551 9162 
4216 1365 1009 1589 9484 9485 8929 
4217 2215 1333 2575 7581 9486 8250 
4218 1542 1880 2763 3405 3920 9487 
4219 2161 2143 2516 7276 9488 9204 
4220 1434 2244 2692 2933 5425 9489 
4221 2060 2055 2483 6673 9490 8556 
4222 1717 2454 2637 8740 9491 9492 
4223 12 13 2533 71 4751 9493 
4224 1618 1732 2622 4730 3980 8760 
4225 2400 1804 2614 9161 9494 4092 
4226 1884 1499 2808 8081 9495 7888 
4227 2087 2086 2620 6901 5180 9496 
4228 2230 1659 2723 5526 9497 4219 
4229 1648 1408 2484 7652 9498 4213 
4230 601 599 2382 7781 9499 9500 
4231 1595 1655 2610 8874 3862 9501 
4232 584 875 2353 9252 8639 8904 
4233 1335 2566 2718 9502 9503 9504 
4234 2267 2413 2640 8691 9505 9403 
4235 1288 508 2426 8782 9506 9507 
4236 1531 1636 2512 8290 3189 9508 
4237 457 2326 2714 8911 9509 9237 
4238 577 575 2406 8442 9510 9511 
4239 2249 2441 2735 8521 9512 9513 
4240 1508 1608 2370 9344 9514 9397 
4241 507 510 2398 8291 9515 9516 
4242 1177 1179 2389 7874 9517 9518 
4243 2454 697 2637 9519 9520 9491 
4244 1675 1616 2613 4589 5541 9521 
4245 2510 1883 2511 9522 9523 9524 
4246 976 974 2469 8145 9525 9526 
4247 535 533 2392 7959 9527 9528 
4248 1347 1345 2396 8063 9529 9530 
4249 2340 625 2369 9408 9017 9531 
4250 606 603 2399 8097 9532 9533 
4251 725 727 2487 7179 8576 9250 
4252 2653 22 2796 8446 5564 9534 
4253 666 664 2402 8183 9535 9536 
4254 1027 1728 2207 9537 7843 7509 
4255 1284 1276 2488 6193 9538 8581 
4256 466 2296 2301 9539 3205 9478 
4257 621 624 2369 9314 8221 9016 
4258 1850 2346 2370 9540 9398 7893 
4259 489 486 2477 8749 9541 4732 
4260 446 2508 2547 9542 9543 9544 
4261 1292 870 2316 9327 9333 9431 
4262 1375 1620 2751 5785 9383 9545 
4263 453 2320 2717 8593 9462 9400 
4264 2675 449 2748 3504 9365 9546 
4265 1881 1883 2510 4841 9522 5767 
4266 1303 1927 2584 4910 8600 5493 
4267 2322 1714 2674 5967 2932 9547 
4268 2386 1674 2773 5356 9548 9549 
4269 711 712 2551 5431 5769 9550 
4270 37 38 2500 96 8761 7720 
4271 918 1329 2713 8892 9551 9552 
4272 1624 1623 2470 8543 9553 3117 
4273 949 1541 2379 9080 9554 9147 
4274 958 956 2492 5650 9399 9555 
4275 2499 918 2713 9556 9552 9557 
4276 1049 863 2391 9335 9111 8922 
4277 60 2466 2514 9425 4238 9558 
4278 1937 2507 2611 9559 8900 3149 
4279 1003 1004 1005 5392 5106 9560 
4280 1662 1436 2433 8458 9561 9562 
4281 1823 1824 2562 3340 8074 4989 
4282 1194 1196 2401 8184 9563 9564 
4283 526 523 2334 8735 9384 9565 
4284 539 2295 2660 3487 8449 9566 
4285 3 143 2737 200 9567 9568 
4286 66 2 2736 125 9569 9570 
4287 152 153 2494 210 9445 8619 
4288 1955 1857 2568 4997 5235 9034 
4289 1965 426 2664 5534 9571 9572 
4290 1573 969 2375 8924 9386 3763 
4291 1576 1600 2480 9240 3025 9573 
4292 1852 1854 2760 4348 9574 5002 
4293 2225 1888 2751 7885 7979 9382 
4294 2359 1638 2360 9324 9575 9576 
4295 1672 1684 2213 9577 9578 9579 
4296 2347 1420 2595 7762 3044 9580 
4297 970 1182 2364 9151 8994 9446 
4298 1325 2463 2628 5833 9581 9582 
4299 1833 1244 2677 3809 9583 9584 
4300 997 998 2421 8618 9585 9586 
4301 1727 1641 2764 6820 9587 9588 
4302 512 2315 2550 5836 4216 9589 
4303 1867 1587 2739 4747 9590 8315 
4304 814 652 2340 8765 9409 9591 
4305 455 155 2498 7647 8607 4620 
4306 466 132 2349 8643 9186 9592 
4307 127 467 2350 8652 9593 9193 
4308 1933 1931 2647 4967 8155 7723 
4309 2330 857 2489 5877 9594 9595 
4310 2484 1408 2526 9498 9596 4830 
4311 2276 553 2472 4848 9597 4682 
4312 2326 2168 2714 8616 9456 9509 
4313 2086 2081 2505 6687 8608 9598 
4314 1279 2268 2366 8773 9278 9466 
4315 1422 885 2445 8909 9599 9600 
4316 1243 1438 1588 9601 3603 9602 
4317 961 958 2492 8539 9555 9603 
4318 933 1357 2351 8876 3187 9351 
4319 1281 1173 2367 8779 9469 9377 
4320 2335 2100 2719 8675 9604 9605 
4321 2069 2335 2719 9606 9605 9607 
4322 166 167 2506 224 8659 8658 
4323 2458 2057 2753 3291 9143 9608 
4324 1789 1790 2575 3977 8251 9279 
4325 1011 1008 2754 3254 3426 9609 
4326 1781 1780 2503 7809 8424 9610 
4327 2468 1569 2545 9432 9611 3689 
4328 531 551 2354 8907 8847 9375 
4329 1871 1424 2704 8352 9612 9613 
4330 563 586 2373 8813 9614 9476 
4331 1854 1853 2730 4347 9615 9616 
4332 1747 1024 2519 5393 3739 9617 
4333 1245 2355 2569 9618 4845 8523 
4334 2241 1947 2591 5597 9241 9619 
4335 2296 466 2707 9539 9620 9463 
4336 2467 1105 2558 9419 9621 9427 
4337 2341 1935 2503 8551 9622 8888 
4338 2015 2018 2508 6124 9623 8634 
4339 29 408 2554 5403 4172 5846 
4340 2636 782 2732 9624 9625 9626 
4341 1055 1052 2473 4174 9627 9628 
4342 610 608 2415 8330 9629 9630 
4343 1132 829 2417 8997 9631 7941 
4344 1342 1343 2362 8927 9632 9406 
4345 1625 1941 2419 9248 4324 9633 
4346 1999 1296 2698 5097 9634 8706 
4347 188 432 2552 5246 9635 8328 
4348 1245 937 2355 8949 9424 9618 
4349 1873 1841 2776 4591 9636 9637 
4350 799 865 2387 9134 7990 9638 
4351 1413 917 2388 9135 9639 9640 
4352 1550 1546 2499 8434 9641 9642 
4353 551 529 2358 8906 9450 9391 
4354 520 1288 2422 8783 9643 9644 
4355 1937 833 2507 7608 9645 9559 
4356 1554 526 2334 9064 9565 9646 
4357 2370 1608 2552 9514 9647 9648 
4358 2516 2143 2589 9488 9649 9650 
4359 599 2328 2382 8890 4936 9499 
4360 2281 1403 2523 7847 9651 9652 
4361 2443 990 2687 3218 5857 9653 
4362 869 1293 2596 8789 9654 9655 
4363 1356 1607 2423 8803 9221 9656 
4364 1987 662 2805 8972 9657 9658 
4365 1622 2381 2651 9659 8283 8920 
4366 2098 2539 2635 8059 9660 9661 
4367 995 1528 2451 9005 3640 9662 
4368 59 60 2514 118 9558 8689 
4369 940 1245 2365 8950 4780 9452 
4370 1771 1772 2523 5717 9663 5378 
4371 1299 972 2364 8979 9447 7859 
4372 187 2552 2612 8329 9664 9665 
4373 1343 1340 2366 8926 9467 9666 
4374 2567 742 2739 9667 8316 9668 
4375 1175 1180 2367 8934 3594 9468 
4376 833 731 2507 8679 9669 9645 
4377 998 1000 2491 7906 9670 9671 
4378 1171 840 2424 9181 9672 8755 
4379 1012 1140 2678 5777 9673 9674 
4380 419 27 2518 5344 8246 8397 
4381 2114 1599 2516 6583 9470 9675 
4382 847 1280 2489 9153 9676 9677 
4383 2112 2588 2822 5172 9678 9028 
4384 1913 1360 2786 3644 9679 9680 
4385 2072 1585 2558 6798 9428 9681 
4386 2644 765 2760 9682 9683 9684 
4387 2220 1531 2512 8138 9508 9685 
4388 1165 1086 2803 7059 9686 9687 
4389 2566 1738 2718 9688 9689 9503 
4390 862 565 2373 8957 9477 5261 
4391 1180 1177 2389 8933 9518 5103 
4392 265 266 2513 286 5822 6119 
4393 1630 1640 2572 9040 4224 9690 
4394 495 507 2426 8871 9691 9692 
4395 1619 1533 2418 8941 9693 3632 
4396 946 944 2427 8400 9694 9695 
4397 731 729 2507 5622 9438 9669 
4398 2387 1738 2566 7989 9688 9696 
4399 2618 1965 2664 9045 9572 9697 
4400 807 779 2387 8800 9698 9699 
4401 873 1158 2388 8799 9700 9701 
4402 835 851 2405 9218 9702 9480 
4403 1332 1011 2754 6004 9609 5196 
4404 1326 1615 2404 9086 4042 9703 
4405 516 512 2550 8745 9589 9704 
4406 2508 2018 2547 9623 9705 9543 
4407 492 488 2425 8897 9706 9707 
4408 1386 942 2365 9094 9453 9708 
4409 133 3 2737 142 9568 9709 
4410 1662 2433 2689 9562 9710 9711 
4411 2 126 2736 134 9712 9569 
4412 974 1299 2469 8980 3705 9525 
4413 2452 1300 2453 9713 9714 2866 
4414 893 890 2683 4915 8563 8568 
4415 840 797 2424 8952 9715 9672 
4416 1549 2386 2804 8955 9116 9716 
4417 2483 2055 2579 9490 9717 8363 
4418 648 601 2382 9018 9500 4072 
4419 2274 2215 2825 7975 8570 9718 
4420 2448 1589 2608 9719 9720 9721 
4421 1158 1578 2388 9128 9722 9700 
4422 784 596 2463 9032 9723 5832 
4423 1254 1323 2465 9171 8555 8840 
4424 2449 1961 2813 5677 9724 9725 
4425 1701 2395 2474 5499 9118 9441 
4426 1436 1625 2433 9347 9726 9561 
4427 603 648 2399 9019 3760 9532 
4428 502 500 2429 8532 9727 9728 
4429 897 1166 2450 9069 9729 9730 
4430 1750 1592 2702 5176 4151 9731 
4431 2223 446 2547 7728 9544 9732 
4432 1003 1005 1038 9560 9733 9734 
4433 777 577 2406 9219 9511 9735 
4434 1005 1006 1007 5107 4803 9736 
4435 1860 2671 2790 9737 9738 5028 
4436 1179 1412 2389 9049 9739 9517 
4437 510 518 2398 9173 9740 9515 
4438 187 2612 2722 9665 9741 9105 
4439 779 799 2387 9339 9638 9698 
4440 917 873 2388 9338 9701 9639 
4441 887 1422 2437 8910 3147 9742 
4442 2300 518 2632 3771 9743 8829 
4443 989 976 2469 9114 9526 8206 
4444 2008 1572 2542 5829 9744 8534 
4445 550 535 2392 9075 9528 9745 
4446 2317 1930 2414 6076 9746 8977 
4447 1653 2259 2768 3036 4893 9747 
4448 1432 1347 2396 9091 9530 9748 
4449 2493 2448 2643 9749 9750 9751 
4450 878 606 2399 9101 9533 7784 
4451 857 846 2489 8821 9752 9594 
4452 2601 2116 2806 5144 9073 9753 
4453 935 2351 2355 9352 3077 9423 
4454 670 666 2402 9144 9536 9754 
4455 1160 1326 2404 8912 9703 9755 
4456 1161 1160 2404 9295 9755 9756 
4457 615 612 2434 8574 9757 9758 
4458 827 1145 2417 9131 2831 9759 
4459 2519 1611 2745 3669 9146 9760 
4460 1408 2013 2526 7650 8266 9596 
4461 571 569 2495 8094 9761 9762 
4462 1383 1419 2436 8575 9763 9764 
4463 2522 1393 2777 9765 9766 9767 
4464 1145 826 2597 9130 9768 9769 
4465 1820 2200 2654 3363 9770 3828 
4466 2615 1283 2812 9771 9772 9163 
4467 1367 1602 2525 7949 3332 5330 
4468 1412 1194 2401 9048 9564 3191 
4469 1148 1044 2538 5803 8718 8743 
4470 1860 1859 2795 4455 4315 9773 
4471 1142 893 2555 5089 8567 9461 
4472 1413 2388 2583 9640 9774 9775 
4473 2212 1580 2529 7552 9776 9387 
4474 1554 2334 2561 9646 9472 9777 
4475 939 1917 2669 5743 3898 9778 
4476 1196 1290 2401 9149 9779 9563 
4477 2392 1736 2727 4179 5015 9780 
4478 2365 1873 2776 4779 9637 9781 
4479 1920 1370 2764 8425 9782 9783 
4480 2331 1161 2820 9482 7824 3712 
4481 2265 1702 2690 7930 9784 9420 
4482 882 1393 2522 9082 9765 9785 
4483 189 190 2528 247 9786 5838 
4484 1354 1285 2532 6187 8708 3899 
4485 192 193 2534 250 3807 5961 
4486 853 872 2449 9159 5678 9787 
4487 582 579 2442 8624 9788 9789 
4488 1772 2281 2523 5156 9652 9663 
4489 859 1132 2445 8998 9790 9791 
4490 2460 1630 2461 9444 9792 9793 
4491 622 619 2446 9168 9794 5863 
4492 623 610 2415 9195 9630 3601 
4493 1364 2570 2766 8103 9795 9796 
4494 1139 1728 2493 7842 9797 9798 
4495 2528 190 2770 9786 9799 5108 
4496 507 2398 2426 9516 9800 9691 
4497 533 2354 2392 9376 4180 9527 
4498 874 582 2442 9207 9789 6069 
4499 608 878 2415 9102 8345 9629 
4500 1038 2511 2716 3008 9801 9802 
4501 2421 998 2491 9585 9671 9803 
4502 2277 1564 2728 8326 9804 7918 
4503 2690 1702 2748 9784 9805 9806 
4504 506 502 2429 9227 9728 4047 
4505 1263 615 2434 9223 9758 5153 
4506 1596 1589 2448 9343 9719 9807 
4507 2505 1099 2708 3105 9319 9808 
4508 1419 1661 2436 9222 9044 9763 
4509 2284 2444 2462 9430 9071 9369 
4510 829 827 2417 9074 9759 9631 
4511 1359 946 2427 9213 9695 8953 
4512 1529 997 2421 9348 9586 9809 
4513 1296 2606 2698 9810 4977 9634 
4514 553 552 2472 8147 9811 9597 
4515 2388 1578 2583 9722 9812 9774 
4516 1597 2510 2511 9813 9524 3049 
4517 552 555 2472 9257 9814 9811 
4518 2118 2174 2540 6779 8720 8719 
4519 1911 1586 2565 5141 8880 8207 
4520 846 847 2489 9334 9677 9752 
4521 1345 2362 2396 9407 3735 9529 
4522 619 617 2446 8704 9815 9794 
4523 1521 2216 2541 7596 8160 3265 
4524 1606 1517 2497 9042 9816 2836 
4525 42 2223 2539 7678 9817 8744 
4526 982 2490 2697 8595 5845 9818 
4527 773 520 2422 9337 9644 9448 
4528 1961 1750 2813 5227 9819 9724 
4529 2018 2019 2547 5991 9820 9705 
4530 2033 1315 2544 6232 9821 8731 
4531 850 853 2449 8733 9787 9822 
4532 1166 899 2451 9068 9823 9824 
4533 1690 1356 2423 9331 9656 9825 
4534 446 2377 2508 8913 9361 9542 
4535 1569 2102 2545 6644 8736 9611 
4536 765 571 2495 9099 9762 9826 
4537 944 1386 2427 9095 9827 9694 
4538 1884 434 2738 5310 4846 8082 
4539 797 818 2424 9258 9828 9715 
4540 508 495 2426 9312 9692 9506 
4541 2448 1018 2643 9829 9830 9750 
4542 488 490 2425 9285 9025 9706 
4543 650 2023 2587 7522 4546 5545 
4544 1615 1409 2455 9085 9831 5090 
4545 1868 1936 2504 7740 4144 9291 
4546 733 833 2634 8680 3319 9832 
4547 1617 1675 2650 4590 9833 8151 
4548 2329 1411 2476 9465 3799 2978 
4549 500 881 2429 9183 3856 9727 
4550 1377 1972 2703 4190 9834 9317 
4551 1046 955 2452 8758 9835 9836 
4552 1052 1051 2473 8866 8657 9627 
4553 1689 1432 2431 9341 9837 9838 
4554 432 2370 2552 7894 9648 9635 
4555 1729 2618 2664 8798 9697 9839 
4556 1740 1993 2564 4232 8699 9840 
4557 2114 2516 2589 9675 9650 9841 
4558 2496 1689 2789 7775 9842 9843 
4559 612 623 2434 9196 8868 9757 
4560 2378 545 2502 7876 9844 9845 
4561 1513 1967 2784 4017 4770 9846 
4562 1638 1383 2436 9189 9764 9847 
4563 1280 895 2450 9152 9848 9849 
4564 2143 762 2589 6835 4860 9649 
4565 1335 991 2566 9096 9850 9502 
4566 2512 782 2636 3188 9624 9851 
4567 1517 1705 2497 9175 9852 9816 
4568 579 777 2442 9220 3677 9788 
4569 2310 887 2437 9289 9742 8819 
4570 484 1512 2477 8700 2828 9853 
4571 895 897 2450 8937 9730 9848 
4572 194 427 2781 5249 7817 8086 
4573 2072 2558 2642 9681 9854 9855 
4574 617 1263 2446 9224 3390 9815 
4575 851 850 2449 9217 9822 9856 
4576 1362 1876 2557 7422 5561 4211 
4577 885 859 2445 9184 9791 9599 
4578 1105 2123 2558 6816 9857 9621 
4579 2631 814 2650 9858 9859 9860 
4580 955 1300 2452 9200 9713 9835 
4581 2287 1627 2763 4181 9861 4082 
4582 741 742 2567 8882 9667 9862 
4583 742 739 2553 8881 9863 3707 
4584 423 186 2722 5262 9106 5298 
4585 1409 1746 2455 9027 9378 9831 
4586 2260 871 2582 8271 9864 9865 
4587 1918 2521 2695 2849 9866 8342 
4588 899 995 2451 9060 9662 9823 
4589 550 2392 2727 9745 9780 9346 
4590 2200 1310 2654 7468 8850 9770 
4591 1007 1008 1009 4804 4483 9867 
4592 545 543 2502 8592 9868 9844 
4593 1797 1871 2704 3979 9613 4616 
4594 1956 199 2603 5927 8565 8067 
4595 1553 2187 2563 7347 8768 8767 
4596 1579 2282 2521 5443 9869 9437 
4597 511 509 2694 5893 7954 5424 
4598 2544 1315 2581 9821 9870 4296 
4599 1994 2522 2777 8843 9767 9871 
4600 2542 1572 2590 9744 9872 5701 
4601 543 549 2502 9203 4259 9868 
4602 2097 463 2098 5783 8058 5945 
4603 2441 450 2735 4503 9873 9512 
4604 872 855 2522 9158 9874 8842 
4605 2278 1648 2765 9875 4214 9876 
4606 2002 1768 2570 5999 9877 8102 
4607 1766 2485 2755 9878 7921 9879 
4608 654 814 2631 8766 9858 9880 
4609 1998 1283 2615 5456 9771 8746 
4610 1317 1273 2565 8965 8208 4617 
4611 662 659 2556 9008 9881 9882 
4612 596 594 2463 8981 9883 9723 
4613 594 2288 2463 9298 9884 9883 
4614 2472 555 2817 9814 9885 9434 
4615 2523 1403 2645 9651 9886 5969 
4616 697 616 2637 4931 8178 9520 
4617 2047 1560 2573 6438 8807 8806 
4618 1280 2450 2486 9849 9887 9888 
4619 2488 1276 2560 9538 9210 3795 
4620 1539 2001 2746 5158 8864 9889 
4621 1948 1933 2680 3717 7724 9379 
4622 1200 771 2567 9021 9890 9891 
4623 1600 1574 2527 9239 9892 3386 
4624 2376 1200 2567 7799 9891 9893 
4625 1432 2396 2431 9748 4472 9837 
4626 1625 2419 2533 9633 9894 9895 
4627 2302 438 2475 9479 3321 4757 
4628 541 539 2660 8362 9566 9896 
4629 2055 2054 2579 6679 8823 9717 
4630 1974 1724 2782 2868 9897 9898 
4631 2460 2461 2582 9793 3781 9899 
4632 1724 2003 2782 4708 9900 9897 
4633 414 1778 2734 8557 5182 9371 
4634 1244 790 2677 8099 9901 9583 
4635 1812 1940 2812 5619 9164 9902 
4636 1003 1038 2491 9734 9903 9904 
4637 1541 1627 2577 9141 8795 9905 
4638 1720 1945 2676 5720 9474 7713 
4639 567 862 2594 8958 2918 9906 
4640 855 882 2522 8894 9785 9874 
4641 881 498 2580 9182 9907 8199 
4642 739 737 2553 5914 9908 9863 
4643 1576 2480 2481 9573 9909 8090 
4644 1315 1584 2581 7424 9910 9870 
4645 417 1796 2529 8558 9388 8141 
4646 1406 1984 2767 9176 9911 9912 
4647 1574 1575 2527 8990 3783 9892 
4648 433 21 2653 5247 8447 9913 
4649 2068 2069 2719 5996 9607 9412 
4650 2447 777 2730 3678 9914 9915 
4651 486 484 2477 9276 9853 9541 
4652 1336 2344 2586 9315 9916 9917 
4653 1007 1009 1365 9867 9484 9918 
4654 1623 1628 2517 9167 9919 9920 
4655 1853 1406 2767 4625 9912 7863 
4656 150 151 2585 208 8928 9921 
4657 2510 1597 2610 9813 9922 8694 
4658 781 544 2731 4858 7956 9923 
4659 2414 1930 2418 9746 7600 9924 
4660 1766 2241 2591 5123 9619 9925 
4661 1395 2277 2696 8791 8125 9926 
4662 762 715 2733 6822 9927 9928 
4663 1557 1610 2587 6246 8288 5240 
4664 720 794 2588 6908 9929 8867 
4665 2113 2114 2589 6545 9841 4403 
4666 1996 1785 2693 5637 5001 7987 
4667 1572 2024 2590 7525 9930 9872 
4668 2006 1397 2576 5388 9931 9932 
4669 468 1944 2688 5212 9933 5660 
4670 1951 2659 2749 9012 9355 2888 
4671 1533 2414 2418 8697 9924 9693 
4672 2454 2453 2549 3484 8969 9934 
4673 1571 2192 2592 7369 8883 8884 
4674 2576 1397 2724 9931 9935 9455 
4675 1018 2448 2608 9829 9721 9936 
4676 659 657 2556 7739 9937 9881 
4677 416 1792 2800 5709 9938 5658 
4678 782 503 2732 4888 8070 9625 
4679 1850 1395 2696 8516 9926 9939 
4680 1293 1626 2747 8837 5438 9940 
4681 2581 1584 2609 9910 9941 4626 
4682 1687 2424 2596 8756 9942 9943 
4683 2558 2123 2642 9857 9944 9854 
4684 2404 1899 2797 4041 4760 9945 
4685 589 2353 2548 9336 9946 9947 
4686 1901 1897 2686 4593 7832 9948 
4687 2225 1620 2823 9381 9949 9950 
4688 2470 1623 2517 9553 9920 9951 
4689 1000 1003 2491 9089 9904 9670 
4690 1674 2439 2773 8685 9952 9548 
4691 1728 1730 2493 8467 9953 9797 
4692 1876 1363 2624 7421 9411 3580 
4693 1355 2271 2524 8625 8834 9954 
4694 759 2386 2773 8421 9549 9955 
4695 1721 1827 2584 8630 5494 9325 
4696 2677 1200 2779 9956 9293 9957 
4697 1643 2257 2793 8281 9958 7844 
4698 2353 1530 2548 8638 8369 9946 
4699 2342 1197 2473 8313 9959 8692 
4700 2074 2072 2642 7297 9855 4510 
4701 2529 1580 2825 9776 9960 9405 
4702 2480 1856 2481 8808 4420 9909 
4703 1322 2190 2601 7394 8916 9961 
4704 771 741 2567 7786 9862 9890 
4705 470 2350 2536 9962 9963 3023 
4706 469 1980 2750 5549 9964 8456 
4707 715 718 2733 6973 6041 9927 
4708 2538 1043 2758 8717 9284 9965 
4709 2465 1851 2531 8554 5009 9966 
4710 1972 436 2703 5731 9967 9834 
4711 1696 1695 2721 7283 8276 5934 
4712 2376 2567 2739 9893 9668 9968 
4713 871 2460 2582 5723 9899 9864 
4714 57 58 2602 116 9002 9969 
4715 2019 1494 2607 5990 8855 8107 
4716 2199 1435 2604 7459 8936 9970 
4717 492 2425 2580 9707 6141 9971 
4718 1740 2564 2624 9840 9972 9410 
4719 1296 1258 2606 6295 8938 9810 
4720 2590 2024 2630 9930 9973 7870 
4721 1033 1045 2393 9974 9975 2959 
4722 1584 2043 2609 6358 9976 9941 
4723 1684 1671 2598 9977 9978 9979 
4724 150 2585 2625 9921 8222 9980 
4725 178 179 2706 236 8698 9981 
4726 2344 1547 2586 9454 9982 9916 
4727 2511 1883 2711 9523 9983 9984 
4728 811 516 2550 9156 9704 4924 
4729 810 812 2561 9328 9985 9471 
4730 1300 2379 2577 9451 9986 9987 
4731 573 765 2644 9100 9682 9988 
4732 1804 1806 2614 7696 3620 9494 
4733 2401 1290 2509 9779 9989 3436 
4734 2626 2043 2794 4952 9460 9990 
4735 1729 1029 2393 9991 9394 8796 
4736 2368 2220 2636 8886 9992 8985 
4737 661 662 2741 9009 8974 9993 
4738 1694 1693 2291 9994 5516 4368 
4739 518 514 2632 9172 9995 9743 
4740 2393 1665 2618 9996 8464 8797 
4741 1665 1664 2665 9997 9998 8394 
4742 2288 589 2548 8943 9947 9999 
4743 177 178 2759 235 10000 7985 
4744 1740 1594 2682 7412 10001 7729 
4745 1984 1577 2767 5950 9038 9911 
4746 2596 1293 2747 9654 9940 10002 
4747 1647 1582 2666 9243 10003 10004 
4748 1853 2447 2730 7862 9915 9615 
4749 2499 1546 2517 9641 10005 10006 
4750 1370 2201 2619 7478 8971 10007 
4751 1628 1554 2561 9166 9777 10008 
4752 2489 1280 2691 9676 10009 10010 
4753 777 2406 2730 9735 10011 9914 
4754 178 2706 2759 9981 4147 10000 
4755 1139 2493 2643 9798 9751 10012 
4756 1898 2482 2653 8751 10013 10014 
4757 1062 1700 2633 4623 10015 10016 
4758 2433 428 2689 5400 8730 9710 
4759 2379 1541 2577 9554 9905 9986 
4760 978 989 2662 9115 8833 10017 
4761 1597 1595 2610 5924 9501 9922 
4762 767 2405 2632 9481 8830 10018 
4763 801 2579 2656 8364 9366 10019 
4764 2337 1644 2784 10020 10021 5522 
4765 1433 1434 2692 9226 9489 10022 
4766 2069 2409 2620 8596 10023 10024 
4767 2438 1063 2701 9272 9288 8669 
4768 2246 1543 2779 4158 3695 9292 
4769 2293 1336 2586 8451 9917 9059 
4770 2486 2450 2621 9887 10025 10026 
4771 498 492 2580 8333 9971 9907 
4772 1034 1016 2626 6273 9001 10027 
4773 2112 2110 2627 7302 8995 10028 
4774 57 2602 2648 9969 5421 10029 
4775 2079 2076 2629 7209 9006 10030 
4776 149 150 2625 207 9980 9054 
4777 2024 1603 2630 6208 9007 9973 
4778 1854 2644 2760 10031 9684 9574 
4779 1014 1012 2678 6006 9674 5502 
4780 1964 1781 2791 5591 10032 4274 
4781 991 807 2566 8863 10033 9850 
4782 1547 1622 2586 9261 8919 9982 
4783 807 2387 2566 9699 9696 10033 
4784 1719 1987 2805 4777 9658 5186 
4785 276 277 2801 297 10034 9436 
4786 2316 1261 2685 9332 10035 8218 
4787 2406 575 2644 9510 10036 10037 
4788 1648 2278 2809 9875 10038 10039 
4789 2123 1165 2642 6961 4511 9944 
4790 2003 1652 2782 8701 10040 9900 
4791 2398 518 2515 9740 3773 10041 
4792 1290 1282 2749 9148 10042 9354 
4793 258 1971 2603 5636 8068 8577 
4794 2019 2283 2635 8106 10043 10044 
4795 1847 1596 2715 9342 10045 10046 
4796 450 2432 2735 8525 10047 9873 
4797 2450 1166 2621 9729 10048 10025 
4798 1734 1413 2583 9265 9775 3140 
4799 1651 915 2646 6131 8674 3661 
4800 1329 1753 2713 8379 7797 9551 
4801 1411 1410 2811 9274 10049 9356 
4802 1403 1632 2645 6341 10050 9886 
4803 1793 759 2773 8033 9955 10051 
4804 1088 2079 2803 3156 10052 10053 
4805 826 1325 2597 7916 3280 9768 
4806 56 57 2648 115 10029 9104 
4807 2199 2604 2734 9970 9372 10054 
4808 2457 939 2669 3185 9778 10055 
4809 1132 2394 2574 7940 7933 10056 
4810 569 567 2594 7911 9906 10057 
4811 425 33 2599 5512 8544 10058 
4812 2213 437 2798 5296 5273 10059 
4813 2283 2098 2635 8001 9661 10043 
4814 1680 1660 2500 10060 7837 8136 
4815 2371 709 2661 9092 10061 10062 
4816 2495 569 2594 9761 10057 10063 
4817 744 801 2656 6859 10019 9055 
4818 1066 1068 2657 6328 10064 9058 
4819 1390 2278 2765 8201 9876 10065 
4820 2359 2360 2685 9576 10066 10067 
4821 2561 812 2652 9985 10068 10069 
4822 1825 1511 2531 9180 10070 4862 
4823 861 2416 2699 9418 10071 10072 
4824 143 471 2737 7633 10073 9567 
4825 2424 818 2596 9828 10074 9942 
4826 2223 2547 2635 9732 10075 10076 
4827 6 2690 2748 10077 9806 10078 
4828 1578 1981 2583 9269 3141 9812 
4829 470 66 2736 7670 9570 10079 
4830 2373 586 2535 9614 3663 4087 
4831 2350 467 2536 9593 3730 9963 
4832 1958 1969 2593 5726 10080 8978 
4833 1609 2249 2735 7802 9513 10081 
4834 961 2492 2674 9603 10082 10083 
4835 2439 1793 2773 4802 10051 9952 
4836 2619 1727 2764 4245 9588 10084 
4837 2402 664 2741 9535 10085 10086 
4838 2433 1625 2533 9726 9895 5401 
4839 1612 2132 2670 7219 8546 9077 
4840 2041 1034 2794 2885 10087 10088 
4841 1512 2260 2582 8580 9865 3780 
4842 162 163 2673 220 9179 8631 
4843 1702 1613 2675 6263 9087 10089 
4844 2413 781 2640 10090 10091 9505 
4845 996 900 2712 8584 8586 7803 
4846 190 191 2770 248 7772 9799 
4847 765 2495 2546 9826 10092 10093 
4848 2419 12 2533 9070 9493 9894 
4849 1934 982 2697 5886 9818 8242 
4850 2453 1300 2577 9714 9987 8970 
4851 2461 1630 2572 9792 9690 10094 
4852 2652 918 2667 9303 10095 10096 
4853 1672 1671 1684 8182 9977 9577 
4854 2154 1126 2681 6725 10097 9093 
4855 1781 2663 2791 10098 3815 10032 
4856 2330 2489 2691 9595 10010 10099 
4857 841 2225 2823 8341 9950 8535 
4858 2657 1068 2762 10064 10100 5641 
4859 2134 2136 2700 6989 8988 9103 
4860 1628 2561 2652 10008 10069 10101 
4861 2532 1287 2783 8707 3559 10102 
4862 2349 471 2707 10103 3988 10104 
4863 697 2454 2549 9519 9934 4111 
4864 1424 2212 2704 7554 4378 9612 
4865 1511 2465 2531 9255 9966 10070 
4866 1397 830 2724 5554 9301 9935 
4867 1231 1229 2709 7182 9113 3680 
4868 1145 2597 2686 9769 10105 3333 
4869 2495 1733 2546 10106 8522 10092 
4870 1539 2746 2790 9889 4566 10107 
4871 1349 1688 2658 8860 4292 9443 
4872 818 869 2596 9297 9655 10074 
4873 737 733 2634 5782 9832 10108 
4874 1604 2032 2717 7452 10109 9119 
4875 1641 1920 2764 7265 9783 9587 
4876 1260 2231 2671 7747 10110 9197 
4877 1360 1361 2786 6045 10111 9679 
4878 2100 1108 2719 6685 9413 9604 
4879 1304 1306 2720 6288 9122 9123 
4880 147 148 2714 205 9238 10112 
4881 657 654 2631 6022 9880 10113 
4882 822 2116 2721 7269 5935 7615 
4883 2671 1860 2795 9737 9773 10114 
4884 1986 1390 2765 5655 10065 3449 
4885 2406 1854 2730 10115 9616 10011 
4886 760 844 2611 9271 9052 8899 
4887 2547 2019 2635 9820 10044 10075 
4888 1879 2011 2640 5487 9404 10116 
4889 1503 1990 2725 7546 3122 4611 
4890 2681 1126 2799 10097 10117 4872 
4891 2269 1925 2821 2985 10118 10119 
4892 1644 2337 2787 10020 5036 10120 
4893 2348 1689 2774 10121 10122 8475 
4894 1689 2348 2789 10121 8190 9842 
4895 1086 1088 2803 7229 10053 9686 
4896 2553 737 2634 9908 10108 10123 
4897 1675 2631 2650 10124 9860 9833 
4898 2409 2087 2620 9046 9496 10023 
4899 2629 1165 2803 4304 9687 10125 
4900 1548 2262 2726 4198 4542 10126 
4901 2445 1132 2574 9790 10056 10127 
4902 2288 2548 2628 9999 8940 10128 
4903 1854 2406 2644 10115 10037 10031 
4904 1633 2199 2734 7455 10054 5181 
4905 2717 2032 2769 10109 10129 9401 
4906 1687 2596 2747 9943 10002 10130 
4907 1036 1032 2740 6474 9138 9137 
4908 1045 1664 1665 10131 9997 10132 
4909 1556 1332 2745 6151 5239 9145 
4910 1297 2461 2572 3084 10094 9426 
4911 1769 2002 2758 6000 10133 9362 
4912 2426 2398 2638 9800 10134 10135 
4913 1007 1365 2605 9918 4878 10136 
4914 1776 1775 2783 5986 10137 3626 
4915 147 2714 2771 10112 9458 10138 
4916 54 55 2743 113 9254 10139 
4917 2056 2155 2753 6831 8489 9142 
4918 1764 1766 2755 7497 9879 5539 
4919 2556 657 2631 9937 10113 10140 
4920 1608 1748 2612 9229 10141 10142 
4921 2381 1622 2726 9659 10143 5189 
4922 2224 1364 2766 7597 9796 3913 
4923 2042 2041 2794 6395 10088 9459 
4924 1068 1070 2762 6379 9132 10100 
4925 1357 2347 2595 8603 9580 7617 
4926 1788 1787 2710 8303 8478 5115 
4927 2213 1684 2571 9578 7579 5297 
4928 2032 2035 2769 6313 9125 10129 
4929 1594 2280 2682 4119 3923 10001 
4930 1372 1566 2775 7387 5267 9396 
4931 514 767 2632 8512 10018 9995 
4932 2413 1644 2787 8149 10120 10144 
4933 421 2497 2729 3060 10145 8914 
4934 2640 781 2731 10091 9923 10146 
4935 1361 1648 2809 7653 10039 10147 
4936 2378 2502 2649 9845 8061 10148 
4937 2335 2069 2620 9606 10024 5179 
4938 1440 1532 2325 7743 5380 10149 
4939 146 147 2771 204 10138 9244 
4940 787 2458 2753 9363 9608 8488 
4941 54 2743 2802 10139 8308 10150 
4942 1428 1425 2792 6350 9109 9062 
4943 1288 2426 2638 9507 10135 10151 
4944 1658 2408 2600 8672 3547 3401 
4945 2482 433 2653 5609 9913 10013 
4946 1126 1127 2799 7023 3358 10117 
4947 2117 2228 2806 7607 10152 9072 
4948 1952 1953 2807 6336 4373 5398 
4949 2228 1322 2806 9160 10153 10152 
4950 2168 2167 2816 7109 9090 10154 
4951 2243 2111 2822 7703 9029 10155 
4952 2216 1549 2804 7593 9716 8983 
4953 1966 2371 2661 7958 10062 8077 
4954 1700 1133 2633 5859 10156 10015 
4955 2551 1647 2666 2948 10004 10157 
4956 794 2243 2822 3115 10155 10158 
4957 53 54 2802 112 10150 9233 
4958 1355 2524 2793 9954 10159 10160 
4959 1730 1729 2664 8466 9839 10161 
4960 1644 1513 2784 8853 9846 10021 
4961 160 453 2815 7637 10162 9150 
4962 575 573 2644 8320 9988 10036 
4963 1671 1670 2598 9385 8113 9978 
4964 1140 2609 2678 4699 10163 9673 
4965 6 311 2690 325 9350 10077 
4966 2412 2006 2576 4325 9932 10164 
4967 1752 1994 2777 5933 9871 10165 
4968 2485 1766 2591 9878 9925 4923 
4969 2360 1909 2685 8109 8219 10066 
4970 1546 2470 2517 8626 9951 10005 
4971 1046 2452 2578 9836 3424 5050 
4972 2231 1539 2790 7539 10107 10166 
4973 1009 1010 2608 4484 8610 10167 
4974 812 832 2652 9340 9304 10068 
4975 2448 2493 2715 9749 10168 10169 
4976 1045 1037 1664 10170 3523 10131 
4977 549 541 2660 9202 9896 10171 
4978 2361 980 2617 9024 10172 10173 
4979 2197 1672 2756 4870 10174 3969 
4980 980 978 2662 8422 10017 10175 
4981 1580 2274 2825 7914 9718 9960 
4982 1038 1005 2605 9733 10176 3009 
4983 2339 1752 2777 3905 10165 10177 
4984 1438 1242 1639 4032 10178 3047 
4985 2671 2231 2790 10110 10166 9738 
4986 1987 2402 2741 5957 10086 8973 
4987 1627 1542 2763 9140 9487 9861 
4988 1728 1029 1729 10179 9991 8465 
4989 1875 2636 2732 8986 9626 3402 
4990 662 2556 2613 9882 10180 10181 
4991 2269 1662 2689 8278 9711 3202 
4992 2539 2223 2635 9817 10076 9660 
4993 2397 1863 2699 5573 10182 10183 
4994 1288 2638 2742 10151 10184 10185 
4995 1738 2329 2718 8805 8845 9689 
4996 326 6 2748 339 10078 9364 
4997 2278 1912 2809 7913 10186 10038 
4998 2340 2369 2641 9531 10187 10188 
4999 2503 1935 2663 9622 4423 10189 
5000 2372 1325 2628 3279 9582 8939 
5001 1668 1669 2283 3984 8002 9421 
5002 1848 2289 2768 4719 10190 4892 
5003 709 2233 2661 9126 3134 10061 
5004 1652 2560 2782 3776 10191 10040 
5005 1582 1697 2666 8993 5256 10003 
5006 790 1200 2677 9022 9956 9901 
5007 1637 2346 2696 8932 10192 8124 
5008 2688 1944 2729 9933 8915 3716 
5009 1437 1335 2718 9235 9504 8844 
5010 1283 2299 2812 8605 10193 9772 
5011 2369 2004 2641 8220 5347 10187 
5012 1213 1212 1377 4467 10194 9316 
5013 1103 1104 1504 4529 10195 10196 
5014 1684 2598 2599 9979 10197 7580 
5015 1747 2519 2745 9617 9760 5238 
5016 2511 2711 2716 9984 10198 9801 
5017 1863 861 2699 8256 10072 10182 
5018 1587 2376 2739 3316 9968 9590 
5019 1583 2361 2617 9212 10173 8387 
5020 1045 1665 2393 10132 9996 9975 
5021 1564 1957 2728 6067 8742 9804 
5022 1638 2436 2819 9847 9249 10199 
5023 1057 1055 1197 5243 10200 10201 
5024 1707 2427 2705 8954 10202 3605 
5025 2638 1845 2742 10203 9483 10184 
5026 2346 1850 2696 9540 9939 10192 
5027 1905 2621 2785 8815 10204 8117 
5028 2509 1290 2659 9989 9353 3597 
5029 1912 1913 2786 6094 9680 10205 
5030 1895 1898 2796 5477 10206 4002 
5031 2416 1832 2699 4381 10207 10071 
5032 1629 1433 2692 9014 10022 10208 
5033 1733 2495 2594 10106 10063 2917 
5034 2617 980 2662 10172 10175 9464 
5035 549 2660 2814 10171 9330 8885 
5036 1197 1055 2473 10200 9628 9959 
5037 1376 1375 2751 8861 9545 7978 
5038 2294 961 2674 9056 10083 2931 
5039 1601 2412 2576 9416 10164 8878 
5040 1280 2486 2691 9888 5752 10009 
5041 2257 1355 2793 8080 10160 9958 
5042 2299 1812 2812 4461 9902 10193 
5043 2169 2335 2708 8676 5396 9318 
5044 1393 2339 2777 9216 10177 9766 
5045 453 2769 2815 9402 9442 10162 
5046 2463 2288 2628 9884 10128 9581 
5047 2771 2168 2816 9457 10154 9475 
5048 2492 2322 2674 9373 9547 10082 
5049 1691 2163 2798 4247 10209 5272 
5050 2552 1608 2612 9647 10142 9664 
5051 664 661 2741 8071 9993 10085 
5052 2499 2517 2667 10006 10210 10211 
5053 1439 804 1667 3466 3586 5689 
5054 1699 2378 2649 9020 10148 3548 
5055 2220 2512 2636 9685 9851 9992 
5056 1792 2570 2800 10212 10213 9938 
5057 555 768 2817 9307 9061 9885 
5058 1550 2499 2713 9642 9557 7796 
5059 2086 2505 2708 9598 9808 5395 
5060 1869 2553 2634 4307 10123 3373 
5061 1664 1207 1666 3461 3615 10214 
5062 1620 1812 2823 5848 8536 9949 
5063 1634 1752 2818 7981 6003 10215 
5064 2524 1865 2793 3290 7845 10159 
5065 1705 1687 2747 9174 10130 5437 
5066 1762 2457 2669 9358 10055 9302 
5067 1261 2359 2685 8975 10067 10035 
5068 1282 1550 2749 8435 2889 10042 
5069 1241 1439 1440 10216 8947 10217 
5070 2107 2097 2312 5896 8091 5197 
5071 1161 2404 2797 9756 9945 7822 
5072 1589 1009 2608 9485 10167 9720 
5073 814 2340 2668 9591 10218 10219 
5074 2398 2515 2638 10041 10220 10134 
5075 1667 1185 1668 3585 4063 10221 
5076 1675 2556 2631 10222 10140 10124 
5077 1690 2423 2639 9825 3231 4024 
5078 1763 2443 2687 9326 9653 8372 
5079 2597 1901 2686 3126 9948 10105 
5080 2556 1675 2613 10222 9521 10180 
5081 2002 2538 2758 8591 9965 10133 
5082 2362 1343 2655 9632 10223 8917 
5083 1749 2330 2691 8611 10099 5751 
5084 2665 1666 2703 10224 7939 10225 
5085 2627 762 2733 4861 9928 10226 
5086 1832 2397 2699 8553 10183 10207 
5087 2325 1544 2479 5600 8664 10227 
5088 1605 1850 2780 8517 9230 10228 
5089 1622 1548 2726 9260 10126 10143 
5090 2432 1609 2735 5366 10081 10047 
5091 471 2349 2737 10103 10229 10073 
5092 2421 2491 2716 9803 10230 10231 
5093 2350 470 2736 9962 10079 10232 
5094 1640 1629 2778 9039 10233 9439 
5095 2650 814 2668 9859 10219 9389 
5096 2428 1773 2824 3144 6013 10234 
5097 1776 2428 2824 3625 10234 6014 
5098 918 2499 2667 9556 10211 10095 
5099 1781 2503 2663 9610 10189 10098 
5100 1898 2653 2796 10014 9534 10206 
5101 1737 1717 2752 8982 10235 3304 
5102 711 2551 2666 9550 10157 5255 
5103 2564 1631 2624 3500 3581 9972 
5104 1104 1092 1691 4525 3374 10236 
5105 1629 2692 2778 10208 5427 10233 
5106 466 2349 2707 9592 10104 9620 
5107 2534 1634 2818 8265 10215 8662 
5108 2282 1606 2695 9345 5614 10237 
5109 1422 2445 2672 9600 10238 4603 
5110 436 2665 2703 9370 10225 9967 
5111 1410 1619 2811 8942 10239 10049 
5112 1702 2675 2748 10089 9546 9805 
5113 2289 1653 2768 8948 9747 10190 
5114 2598 425 2599 9360 10058 10197 
5115 1906 2486 2621 8964 10026 8814 
5116 1680 439 1692 8135 9414 10240 
5117 1879 2640 2731 10116 10146 3429 
5118 2389 1412 2680 9739 9380 3982 
5119 670 2402 2676 9754 5959 9473 
5120 2349 133 2737 9185 9709 10229 
5121 126 2350 2736 9194 10232 9712 
5122 1499 1734 2808 9266 10241 9495 
5123 2456 1529 2744 5988 10242 8165 
5124 1377 1212 1659 10194 7905 5525 
5125 1103 1504 1660 10196 7836 7951 
5126 2405 851 2702 9702 10243 3665 
5127 1500 1234 2363 8497 5486 10244 
5128 1125 1693 1694 8507 9994 4937 
5129 1912 2786 2809 10205 10245 10186 
5130 2360 1638 2819 9575 10199 8128 
5131 2493 1730 2715 9953 10246 10168 
5132 2340 2641 2668 10188 8839 10218 
5133 1672 2213 2756 9579 10247 10174 
5134 2515 1845 2638 9232 10203 10220 
5135 2655 1343 2821 10223 10248 10249 
5136 1664 1666 2665 10214 10224 9998 
5137 1005 1007 2605 9736 10136 10176 
5138 2621 1166 2785 10048 10250 10204 
5139 2422 1288 2742 9643 10185 5066 
5140 2702 851 2813 10243 10251 10252 
5141 1529 2421 2711 9809 10253 10254 
5142 2705 1386 2776 10255 10256 10257 
5143 1596 2448 2715 9807 10169 10045 
5144 2427 1386 2705 9827 10255 10202 
5145 2528 1605 2780 4811 10228 7997 
5146 2517 1628 2667 9919 10258 10210 
5147 2786 1361 2809 10111 10147 10245 
5148 2645 1632 2772 10050 5774 5897 
5149 1734 2513 2808 3939 7889 10241 
5150 2497 1705 2729 9852 3195 10145 
5151 2366 2269 2821 9277 10119 10259 
5152 1013 1018 2608 10260 9936 8609 
5153 1061 1059 1062 6167 2942 10261 
5154 2521 2282 2695 9869 10237 9866 
5155 1013 1015 1018 6084 10262 10260 
5156 2711 2421 2716 10253 10231 10198 
5157 1534 2352 2810 8587 8550 10263 
5158 2478 1241 2479 8384 10264 8754 
5159 2445 2574 2672 10127 9440 10238 
5160 2664 426 2788 9571 5222 10265 
5161 2525 1534 2810 3933 10263 5791 
5162 1730 2664 2788 10161 10265 10266 
5163 2756 2213 2798 10247 10059 10267 
5164 1659 1218 2723 7903 5230 9497 
5165 1386 2365 2776 9708 9781 10256 
5166 1166 2451 2785 9824 3609 10250 
5167 1847 2715 2788 10046 10268 5221 
5168 2575 1333 2710 9486 5086 9280 
5169 2537 1709 2684 8895 8809 9320 
5170 2491 1038 2716 9903 9802 10230 
5171 1241 1440 2479 10217 10269 10264 
5172 2609 2043 2678 9976 5503 10163 
5173 1111 1660 1680 7953 10060 8491 
5174 1504 1104 1691 10195 10236 5410 
5175 1343 2366 2821 9666 10259 10248 
5176 1775 2532 2783 4287 10102 10137 
5177 2096 1694 2097 8336 5784 5895 
5178 1689 2431 2774 9838 8824 10122 
5179 1065 1061 2633 6251 10270 10271 
5180 765 2546 2760 10093 5003 9683 
5181 1750 2702 2813 9731 10252 9819 
5182 1841 2705 2776 3606 10257 9636 
5183 1925 2655 2821 3573 10249 10118 
5184 1667 1668 2607 10221 9422 4969 
5185 1015 1017 2643 6197 10272 10273 
5186 1017 1139 2643 6294 10012 10272 
5187 851 2449 2813 9856 9725 10251 
5188 781 2413 2787 10090 10144 5035 
5189 2612 1748 2722 10141 5299 9741 
5190 1115 1680 1692 8493 10240 8504 
5191 1120 1692 1693 8506 9415 8509 
5192 2163 2756 2798 10274 10267 10209 
5193 1628 2652 2667 10101 10096 10258 
5194 2570 1792 2766 10212 4075 9795 
5195 2560 1974 2782 9209 9898 10191 
5196 662 2613 2805 10181 5187 9657 
5197 462 2496 2789 5175 9843 8189 
5198 2588 794 2822 9929 10158 9678 
5199 1027 1029 1728 10275 10179 9537 
5200 1243 1239 1438 8495 4033 9601 
5201 1233 1243 1588 8500 9602 4034 
5202 1067 1065 1133 6300 10276 10277 
5203 2570 1768 2800 9877 9429 10213 
5204 2112 2627 2733 10028 10226 6040 
5205 1322 2601 2806 9961 9753 10153 
5206 1529 2711 2744 10254 10278 10242 
5207 1370 2619 2764 10007 10084 9782 
5208 1717 2637 2752 9492 9231 10235 
5209 2593 1969 2801 10080 9084 10279 
5210 1034 2626 2794 10027 9990 10087 
5211 2079 2629 2803 10030 10125 10052 
5212 277 2593 2801 4109 10279 10034 
5213 1833 2677 2779 9584 9957 3694 
5214 1071 1069 1078 6396 4705 10280 
5215 2711 1883 2744 9983 9435 10278 
5216 1619 2750 2811 8269 10281 10239 
5217 2182 1500 2723 8502 10282 5229 
5218 2163 2162 2756 10283 8355 10274 
5219 1938 2671 2795 9198 10114 4243 
5220 1027 1028 1029 6404 9393 10275 
5221 2750 1980 2811 9964 9357 10281 
5222 2715 1730 2788 10246 10266 10268 
5223 1500 2363 2723 10244 9192 10282 
5224 1241 757 1439 10284 3467 10216 
5225 1033 1037 1045 6533 10170 9974 
5226 1061 1062 2633 10261 10016 10270 
5227 1440 2325 2479 10149 10227 10269 
5228 1018 1015 2643 10262 10273 9830 
5229 1091 2162 2163 7280 10283 3398 
5230 1133 1065 2633 10276 10271 10156 
5231 1205 1206 1213 7130 4470 4463 
5232 1095 1093 1104 7138 4526 4531 
5233 1223 1224 1500 6748 8503 8501 
5234 823 757 1241 7087 10284 8494 
5235 1235 1237 1243 6920 8496 8499 
5236 757 756 804 7187 7114 3465 
5237 804 831 1185 7272 6754 3584 
5238 1059 1057 1197 6036 10201 2943 
5239 1069 1067 1133 6345 10277 4706 
5240 1073 1071 1078 6420 10280 10285 
5241 1077 1073 1078 6458 10285 3394 
5242 1185 1186 2105 6942 3961 4064 
5243 1588 1234 2099 5484 7132 4035 
5244 1242 1544 1639 7258 5599 10178 
$EndElements
