$MeshFormat
4.1 0 8
$EndMeshFormat
$PhysicalNames
5
1 1 "inlet"
1 2 "outlet"
1 3 "walls"
1 4 "cylinder"
2 5 "fluid"
$EndPhysicalNames
$Entities
9 8 1 0
1 0 0 0 0 
2 2.2 0 0 0 
3 2.2 0.41 0 0 
4 0 0.41 0 0 
5 0.2 0.2 0 0 
6 0.25 0.2 0 0 
7 0.2 0.25 0 0 
8 0.15 0.2 0 0 
9 0.2 0.15 0 0 
1 0 0 0 2.2 0 0 1 3 2 1 -2 
2 2.2 0 0 2.2 0.41 0 1 2 2 2 -3 
3 0 0.41 0 2.2 0.41 0 1 3 2 3 -4 
4 0 0 0 0 0.41 0 1 1 2 4 -1 
5 0.2 0.2 0 0.25 0.25 0 1 4 2 6 -7 
6 0.15 0.2 0 0.2 0.25 0 1 4 2 7 -8 
7 0.15 0.15 0 0.2 0.2 0 1 4 2 8 -9 
8 0.2 0.15 0 0.25 0.2 0 1 4 2 9 -6 
1 0 0 0 2.2 0.41 0 1 5 8 1 2 3 4 -8 -7 -6 -5 
$EndEntities
$Nodes
17 10769 1 10769
0 1 0 1
1
0 0 0
0 2 0 1
2
2.2 0 0
0 3 0 1
3
2.2 0.41 0
0 4 0 1
4
0 0.41 0
0 6 0 1
5
0.25 0.2 0
0 7 0 1
6
0.2 0.25 0
0 8 0 1
7
0.15 0.2 0
0 9 0 1
8
0.2 0.15 0
1 1 0 117
9
10
11
12
13
14
15
16
17
18
19
20
21
22
23
24
25
26
27
28
29
30
31
32
33
34
35
36
37
38
39
40
41
42
43
44
45
46
47
48
49
50
51
52
53
54
55
56
57
58
59
60
61
62
63
64
65
66
67
68
69
70
71
72
73
74
75
76
77
78
79
80
81
82
83
84
85
86
87
88
89
90
91
92
93
94
95
96
97
98
99
100
101
102
103
104
105
106
107
108
109
110
111
112
113
114
115
116
117
118
119
120
121
122
123
124
125
0.02412186525671426 0 0
0.0468025498325451 0 0
0.06823256349446781 0 0
0.08859049801636332 0 0
0.1080449931607427 0 0
0.1267560368430761 0 0
0.1448764396296452 0 0
0.1625532823956816 0 0
0.1799292922520651 0 0
0.1971442295358075 0 0
0.2143362674459596 0 0
0.2316433247141788 0 0
0.2492044872413852 0 0
0.2671613434063633 0 0
0.2856593697251635 0 0
0.304849324307092 0 0
0.3248886439198495 0 0
0.3459429052997683 0 0
0.3681872644434066 0 0
0.3918080888578346 0 0
0.417004467772553 0 0
0.443989973847795 0 0
0.4729944890716446 0 0
0.5042661407707639 0 0
0.5380734161207436 0 0
0.5747074434155711 0 0
0.6144844734902365 0 0
0.6577485639441748 0 0
0.7048745405548172 0 0
0.7546645944751433 0 0
0.8045037463895801 0 0
0.8543428983039735 0 0
0.9041820502184109 0 0
0.9540212021328482 0 0
1.003860354047294 0 0
1.053699505961758 0 0
1.103538657876243 0 0
1.153377809790936 0 0
1.203216961705664 0 0
1.253056113620391 0 0
1.302895265535084 0 0
1.352734417449816 0 0
1.402573569364505 0 0
1.452412721279237 0 0
1.502251873193943 0 0
1.552091025108657 0 0
1.60193017702339 0 0
1.651769328938078 0 0
1.701608480852767 0 0
1.751447632767499 0 0
1.801286784682222 0 0
1.851125936596919 0 0
1.900965088511651 0 0
1.95080424042634 0 0
2.000643392341055 0 0
2.050482544255644 0 0
2.100321696170528 0 0
2.150160848085195 0 0
0.01206093262835706 0 0
0.03546220754462949 0 0
0.05751755666350666 0 0
0.07841153075541561 0 0
0.09831774558855275 0 0
0.1174005150019094 0 0
0.1358162382363581 0 0
0.1537148610126634 0 0
0.1712412873238731 0 0
0.1885367608939366 0 0
0.2057402484908839 0 0
0.2229897960800696 0 0
0.240423905977782 0 0
0.2581829153238736 0 0
0.2764103565657686 0 0
0.2952543470161278 0 0
0.3148689841134707 0 0
0.3354157746098089 0 0
0.3570650848715874 0 0
0.3799976766506206 0 0
0.4044062783151937 0 0
0.430497220810174 0 0
0.4584922314597198 0 0
0.4886303149212043 0 0
0.5211697784457537 0 0
0.5563904297681573 0 0
0.5945959584529037 0 0
0.6361165187172056 0 0
0.6813115522494959 0 0
0.7297695675149803 0 0
0.7795841704323617 0 0
0.8294233223467767 0 0
0.8792624742611921 0 0
0.9291016261756295 0 0
0.9789407780900746 0 0
1.028779930004534 0 0
1.078619081918992 0 0
1.12845823383359 0 0
1.178297385748298 0 0
1.228136537663044 0 0
1.277975689577738 0 0
1.32781484149245 0 0
1.377653993407163 0 0
1.427493145321871 0 0
1.477332297236572 0 0
1.5271714491513 0 0
1.577010601066033 0 0
1.626849752980702 0 0
1.676688904895439 0 0
1.726528056810142 0 0
1.776367208724841 0 0
1.826206360639575 0 0
1.876045512554285 0 0
1.925884664469007 0 0
1.975723816383707 0 0
2.025562968298333 0 0
2.075402120213121 0 0
2.125241272127846 0 0
2.175080424042606 0 0
1 2 0 17
126
127
128
129
130
131
132
133
134
135
136
137
138
139
140
141
142
2.2 0.04555555555547456 0
2.2 0.09111111111091008 0
2.2 0.1366666666663298 0
2.2 0.1822222222217697 0
2.2 0.2277777777773205 0
2.2 0.273333333332957 0
2.2 0.318888888888644 0
2.2 0.3644444444443057 0
2.2 0.02277777777773219 0
2.2 0.06833333333319977 0
2.2 0.1138888888886199 0
2.2 0.1594444444440539 0
2.2 0.2049999999994791 0
2.2 0.2505555555551359 0
2.2 0.2961111111108134 0
2.2 0.3416666666664778 0
2.2 0.3872222222221632 0
1 3 0 115
143
144
145
146
147
148
149
150
151
152
153
154
155
156
157
158
159
160
161
162
163
164
165
166
167
168
169
170
171
172
173
174
175
176
177
178
179
180
181
182
183
184
185
186
187
188
189
190
191
192
193
194
195
196
197
198
199
200
201
202
203
204
205
206
207
208
209
210
211
212
213
214
215
216
217
218
219
220
221
222
223
224
225
226
227
228
229
230
231
232
233
234
235
236
237
238
239
240
241
242
243
244
245
246
247
248
249
250
251
252
253
254
255
256
257
2.150141359796991 0.41 0
2.100282719593983 0.41 0
2.050424079391147 0.41 0
2.000565439188138 0.41 0
1.950706798985129 0.41 0
1.900848158782225 0.41 0
1.850989518579298 0.41 0
1.801130878376415 0.41 0
1.751272238173488 0.41 0
1.701413597970605 0.41 0
1.651554957767758 0.41 0
1.601696317564934 0.41 0
1.551837677362117 0.41 0
1.501979037159203 0.41 0
1.452120396956406 0.41 0
1.402261756753498 0.41 0
1.35240311655067 0.41 0
1.3025444763478 0.41 0
1.252685836144831 0.41 0
1.20282719594199 0.41 0
1.152968555739065 0.41 0
1.103109915536139 0.41 0
1.053251275333019 0.41 0
1.003392635129841 0.41 0
0.9535339949266837 0.41 0
0.9036753547235279 0.41 0
0.8538167145203497 0.41 0
0.8039580743172146 0.41 0
0.7540994341140366 0.41 0
0.7042552288155082 0.41 0
0.6568111404052592 0.41 0
0.6132248648333249 0.41 0
0.5731186695860147 0.41 0
0.5361455693932011 0.41 0
0.5019863704595144 0.41 0
0.4703469279022401 0.41 0
0.4409556626659838 0.41 0
0.413561236050944 0.41 0
0.3879304070267389 0.41 0
0.363846074003193 0.41 0
0.3411056733092774 0.41 0
0.3195178763046 0.41 0
0.2989041670104338 0.41 0
0.2790939427540151 0.41 0
0.2599246462749913 0.41 0
0.2412399229430908 0.41 0
0.2228881477689575 0.41 0
0.2047209647166535 0.41 0
0.1865918298269005 0.41 0
0.1683546009205119 0.41 0
0.1498620430608617 0.41 0
0.1309644156733438 0.41 0
0.1115080111049735 0.41 0
0.09133368770097183 0.41 0
0.07027538838833403 0.41 0
0.04815860030162433 0.41 0
0.02479884546845179 0.41 0
2.175070679898522 0.41 0
2.125212039695482 0.41 0
2.075353399492569 0.41 0
2.025494759289647 0.41 0
1.975636119086637 0.41 0
1.925777478883667 0.41 0
1.875918838680734 0.41 0
1.826060198477863 0.41 0
1.77620155827497 0.41 0
1.726342918072015 0.41 0
1.676484277869217 0.41 0
1.626625637666372 0.41 0
1.576766997463538 0.41 0
1.526908357260671 0.41 0
1.477049717057773 0.41 0
1.427191076854968 0.41 0
1.377332436652083 0.41 0
1.327473796449233 0.41 0
1.277615156246318 0.41 0
1.227756516043411 0.41 0
1.177897875840547 0.41 0
1.128039235637606 0.41 0
1.0781805954346 0.41 0
1.028321955231432 0.41 0
0.97846331502824 0.41 0
0.9286046748251151 0.41 0
0.8787460346219498 0.41 0
0.8288873944188151 0.41 0
0.7790287542156256 0.41 0
0.7291773314647829 0.41 0
0.6805331846103693 0.41 0
0.6350180026192804 0.41 0
0.5931717672096717 0.41 0
0.5546321194896027 0.41 0
0.5190659699263422 0.41 0
0.4861666491808867 0.41 0
0.4556512952841174 0.41 0
0.4272584493584588 0.41 0
0.4007458215388424 0.41 0
0.3758882405149793 0.41 0
0.352475873656233 0.41 0
0.330311774806944 0.41 0
0.3092110216575052 0.41 0
0.288999054882219 0.41 0
0.2695092945145032 0.41 0
0.2505822846090395 0.41 0
0.2320640353560239 0.41 0
0.2138045562428086 0.41 0
0.195656397271764 0.41 0
0.177473215373714 0.41 0
0.1591083219906735 0.41 0
0.1404132293671165 0.41 0
0.1212362133891656 0.41 0
0.1014208494029685 0.41 0
0.08080453804463961 0.41 0
0.05921699434497318 0.41 0
0.03647872288504583 0.41 0
0.01239942273422834 0.41 0
1 4 0 41
258
259
260
261
262
263
264
265
266
267
268
269
270
271
272
273
274
275
276
277
278
279
280
281
282
283
284
285
286
287
288
289
290
291
292
293
294
295
296
297
298
0 0.3855612619900158 0
0 0.3626061733790871 0
0 0.3409465160764746 0
0 0.3204057806040411 0
0 0.3008177196285103 0
0 0.282024886107239 0
0 0.2638772628715696 0
0 0.2462309241183823 0
0 0.2289467108725586 0
0 0.2118889376722631 0
0 0.194924090494272 0
0 0.1779195784155556 0
0 0.1607424036958595 0
0 0.1432579083754466 0
0 0.1253284851558285 0
0 0.1068122757511105 0
0 0.08756186733457488 0
0 0.06742295775260065 0
0 0.0462329628000438 0
0 0.02381980440552212 0
0 0.3977806309950004 0
0 0.3740837176845501 0
0 0.3517763447277693 0
0 0.3306761483402579 0
0 0.3106117501162713 0
0 0.2914213028678747 0
0 0.2729510744894033 0
0 0.2550540934949782 0
0 0.237588817495469 0
0 0.220417824272413 0
0 0.203406514083289 0
0 0.186421834454916 0
0 0.1693309910557069 0
0 0.1520001560356597 0
0 0.1342931967656427 0
0 0.1160703804534638 0
0 0.09718707154284273 0
0 0.07749241254358774 0
0 0.05682796027631948 0
0 0.0350263836027751 0
0 0.01190990220276245 0
1 5 0 27
299
300
301
302
303
304
305
306
307
308
309
310
311
312
313
314
315
316
317
318
319
320
321
322
323
324
325
0.2496856104926626 0.2055982238229121 0
0.2487463956010961 0.2111260467328445 0
0.2471941664995968 0.2165139531429739 0
0.2450484433618435 0.2216941870249793 0
0.2423362099254731 0.2266016038829667 0
0.2390915740631157 0.2311744901685328 0
0.2353553389791891 0.2353553391394657 0
0.2311744900305952 0.2390915741731172 0
0.2266016037658391 0.2423362099990693 0
0.2216941869215746 0.2450484434116406 0
0.2165139530762513 0.247194166522944 0
0.2111260466772312 0.2487463956137895 0
0.2055982238019705 0.2496856104950221 0
0.249921340750228 0.2028035223736624 0
0.2492935509210436 0.2083753111938889 0
0.2480458660840799 0.2138417756169741 0
0.2461939766015983 0.2191341716761135 0
0.2437611710603849 0.2241859444186853 0
0.240778043398229 0.2289335648790838 0
0.2372821081728639 0.2333173289773787 0
0.2333173288320872 0.2372821083027043 0
0.2289335647513993 0.240778043488826 0
0.2241859443077965 0.2437611711216709 0
0.219134171592436 0.2461939766362587 0
0.2138417755471865 0.2480458661041854 0
0.2083753111525634 0.2492935509280651 0
0.2028035223601984 0.2499213407509841 0
1 6 0 27
326
327
328
329
330
331
332
333
334
335
336
337
338
339
340
341
342
343
344
345
346
347
348
349
350
351
352
0.194401776177088 0.2496856104926626 0
0.1888739532671555 0.2487463956010961 0
0.1834860468570261 0.2471941664995968 0
0.1783058129750207 0.2450484433618435 0
0.1733983961170333 0.2423362099254731 0
0.1688255098314673 0.2390915740631157 0
0.1646446608605344 0.2353553389791891 0
0.1609084258268829 0.2311744900305952 0
0.1576637900009307 0.2266016037658391 0
0.1549515565883594 0.2216941869215746 0
0.152805833477056 0.2165139530762513 0
0.1512536043862105 0.2111260466772312 0
0.1503143895049779 0.2055982238019705 0
0.1971964776263377 0.249921340750228 0
0.1916246888061111 0.2492935509210436 0
0.186158224383026 0.2480458660840799 0
0.1808658283238865 0.2461939766015983 0
0.1758140555813147 0.2437611710603849 0
0.1710664351209162 0.240778043398229 0
0.1666826710226214 0.2372821081728639 0
0.1627178916972957 0.2333173288320872 0
0.159221956511174 0.2289335647513993 0
0.1562388288783291 0.2241859443077965 0
0.1538060233637413 0.219134171592436 0
0.1519541338958146 0.2138417755471865 0
0.1507064490719349 0.2083753111525634 0
0.1500786592490159 0.2028035223601984 0
1 7 0 27
353
354
355
356
357
358
359
360
361
362
363
364
365
366
367
368
369
370
371
372
373
374
375
376
377
378
379
0.1503143895068709 0.1944017761812283 0
0.1512536043939741 0.1888739532887545 0
0.152805833499593 0.1834860468593416 0
0.1549515566202262 0.1783058130122533 0
0.1576637900757368 0.1733983961151077 0
0.1609084259351563 0.1688255098336342 0
0.1646446610239802 0.164644660857365 0
0.1688255099822921 0.1609084258166055 0
0.1733983962392195 0.1576637899977522 0
0.1783058131309779 0.1549515565630515 0
0.1834860469556388 0.1528058334658972 0
0.1888739533490645 0.1512536043802087 0
0.1944017762069981 0.1503143895039674 0
0.1500786592492665 0.1971964776353391 0
0.1507064490776965 0.1916246888135265 0
0.1519541339108819 0.186158224400514 0
0.1538060233882984 0.180865828348278 0
0.1562388289330681 0.1758140555931607 0
0.1592219565999971 0.1710664351234162 0
0.1627178918230739 0.1666826710271669 0
0.1666826711887793 0.1627178916786483 0
0.1710664352680143 0.1592219564973993 0
0.1758140557226764 0.1562388288614873 0
0.1808658284472824 0.1538060233472894 0
0.1861582244794576 0.1519541338881386 0
0.191624688875466 0.1507064490671725 0
0.197196477648738 0.150078659248514 0
1 8 0 27
380
381
382
383
384
385
386
387
388
389
390
391
392
393
394
395
396
397
398
399
400
401
402
403
404
405
406
0.2055982238187718 0.1503143895068709 0
0.2111260467112455 0.1512536043939741 0
0.2165139531406584 0.152805833499593 0
0.2216941869877467 0.1549515566202262 0
0.2266016038848924 0.1576637900757368 0
0.2311744901663658 0.1609084259351563 0
0.235355339142635 0.1646446610239802 0
0.2390915741833945 0.1688255099822921 0
0.2423362100022478 0.1733983962392195 0
0.2450484434369485 0.1783058131309779 0
0.2471941665341029 0.1834860469556388 0
0.2487463956197913 0.1888739533490645 0
0.2496856104960327 0.1944017762069981 0
0.2028035223646609 0.1500786592492665 0
0.2083753111864735 0.1507064490776965 0
0.213841775599486 0.1519541339108819 0
0.219134171651722 0.1538060233882984 0
0.2241859444068394 0.1562388289330681 0
0.2289335648765838 0.1592219565999971 0
0.2333173289728331 0.1627178918230739 0
0.2372821083213517 0.1666826711887793 0
0.2407780435026007 0.1710664352680143 0
0.2437611711385127 0.1758140557226764 0
0.2461939766527106 0.1808658284472824 0
0.2480458661118615 0.1861582244794576 0
0.2492935509328275 0.191624688875466 0
0.249921340751486 0.197196477648738 0
2 1 0 10363
407
408
409
410
411
412
413
414
415
416
417
418
419
420
421
422
423
424
425
426
427
428
429
430
431
432
433
434
435
436
437
438
439
440
441
442
443
444
445
446
447
448
449
450
451
452
453
454
455
456
457
458
459
460
461
462
463
464
465
466
467
468
469
470
471
472
473
474
475
476
477
478
479
480
481
482
483
484
485
486
487
488
489
490
491
492
493
494
495
496
497
498
499
500
501
502
503
504
505
506
507
508
509
510
511
512
513
514
515
516
517
518
519
520
521
522
523
524
525
526
527
528
529
530
531
532
533
534
535
536
537
538
539
540
541
542
543
544
545
546
547
548
549
550
551
552
553
554
555
556
557
558
559
560
561
562
563
564
565
566
567
568
569
570
571
572
573
574
575
576
577
578
579
580
581
582
583
584
585
586
587
588
589
590
591
592
593
594
595
596
597
598
599
600
601
602
603
604
605
606
607
608
609
610
611
612
613
614
615
616
617
618
619
620
621
622
623
624
625
626
627
628
629
630
631
632
633
634
635
636
637
638
639
640
641
642
643
644
645
646
647
648
649
650
651
652
653
654
655
656
657
658
659
660
661
662
663
664
665
666
667
668
669
670
671
672
673
674
675
676
677
678
679
680
681
682
683
684
685
686
687
688
689
690
691
692
693
694
695
696
697
698
699
700
701
702
703
704
705
706
707
708
709
710
711
712
713
714
715
716
717
718
719
720
721
722
723
724
725
726
727
728
729
730
731
732
733
734
735
736
737
738
739
740
741
742
743
744
745
746
747
748
749
750
751
752
753
754
755
756
757
758
759
760
761
762
763
764
765
766
767
768
769
770
771
772
773
774
775
776
777
778
779
780
781
782
783
784
785
786
787
788
789
790
791
792
793
794
795
796
797
798
799
800
801
802
803
804
805
806
807
808
809
810
811
812
813
814
815
816
817
818
819
820
821
822
823
824
825
826
827
828
829
830
831
832
833
834
835
836
837
838
839
840
841
842
843
844
845
846
847
848
849
850
851
852
853
854
855
856
857
858
859
860
861
862
863
864
865
866
867
868
869
870
871
872
873
874
875
876
877
878
879
880
881
882
883
884
885
886
887
888
889
890
891
892
893
894
895
896
897
898
899
900
901
902
903
904
905
906
907
908
909
910
911
912
913
914
915
916
917
918
919
920
921
922
923
924
925
926
927
928
929
930
931
932
933
934
935
936
937
938
939
940
941
942
943
944
945
946
947
948
949
950
951
952
953
954
955
956
957
958
959
960
961
962
963
964
965
966
967
968
969
970
971
972
973
974
975
976
977
978
979
980
981
982
983
984
985
986
987
988
989
990
991
992
993
994
995
996
997
998
999
1000
1001
1002
1003
1004
1005
1006
1007
1008
1009
1010
1011
1012
1013
1014
1015
1016
1017
1018
1019
1020
1021
1022
1023
1024
1025
1026
1027
1028
1029
1030
1031
1032
1033
1034
1035
1036
1037
1038
1039
1040
1041
1042
1043
1044
1045
1046
1047
1048
1049
1050
1051
1052
1053
1054
1055
1056
1057
1058
1059
1060
1061
1062
1063
1064
1065
1066
1067
1068
1069
1070
1071
1072
1073
1074
1075
1076
1077
1078
1079
1080
1081
1082
1083
1084
1085
1086
1087
1088
1089
1090
1091
1092
1093
1094
1095
1096
1097
1098
1099
1100
1101
1102
1103
1104
1105
1106
1107
1108
1109
1110
1111
1112
1113
1114
1115
1116
1117
1118
1119
1120
1121
1122
1123
1124
1125
1126
1127
1128
1129
1130
1131
1132
1133
1134
1135
1136
1137
1138
1139
1140
1141
1142
1143
1144
1145
1146
1147
1148
1149
1150
1151
1152
1153
1154
1155
1156
1157
1158
1159
1160
1161
1162
1163
1164
1165
1166
1167
1168
1169
1170
1171
1172
1173
1174
1175
1176
1177
1178
1179
1180
1181
1182
1183
1184
1185
1186
1187
1188
1189
1190
1191
1192
1193
1194
1195
1196
1197
1198
1199
1200
1201
1202
1203
1204
1205
1206
1207
1208
1209
1210
1211
1212
1213
1214
1215
1216
1217
1218
1219
1220
1221
1222
1223
1224
1225
1226
1227
1228
1229
1230
1231
1232
1233
1234
1235
1236
1237
1238
1239
1240
1241
1242
1243
1244
1245
1246
1247
1248
1249
1250
1251
1252
1253
1254
1255
1256
1257
1258
1259
1260
1261
1262
1263
1264
1265
1266
1267
1268
1269
1270
1271
1272
1273
1274
1275
1276
1277
1278
1279
1280
1281
1282
1283
1284
1285
1286
1287
1288
1289
1290
1291
1292
1293
1294
1295
1296
1297
1298
1299
1300
1301
1302
1303
1304
1305
1306
1307
1308
1309
1310
1311
1312
1313
1314
1315
1316
1317
1318
1319
1320
1321
1322
1323
1324
1325
1326
1327
1328
1329
1330
1331
1332
1333
1334
1335
1336
1337
1338
1339
1340
1341
1342
1343
1344
1345
1346
1347
1348
1349
1350
1351
1352
1353
1354
1355
1356
1357
1358
1359
1360
1361
1362
1363
1364
1365
1366
1367
1368
1369
1370
1371
1372
1373
1374
1375
1376
1377
1378
1379
1380
1381
1382
1383
1384
1385
1386
1387
1388
1389
1390
1391
1392
1393
1394
1395
1396
1397
1398
1399
1400
1401
1402
1403
1404
1405
1406
1407
1408
1409
1410
1411
1412
1413
1414
1415
1416
1417
1418
1419
1420
1421
1422
1423
1424
1425
1426
1427
1428
1429
1430
1431
1432
1433
1434
1435
1436
1437
1438
1439
1440
1441
1442
1443
1444
1445
1446
1447
1448
1449
1450
1451
1452
1453
1454
1455
1456
1457
1458
1459
1460
1461
1462
1463
1464
1465
1466
1467
1468
1469
1470
1471
1472
1473
1474
1475
1476
1477
1478
1479
1480
1481
1482
1483
1484
1485
1486
1487
1488
1489
1490
1491
1492
1493
1494
1495
1496
1497
1498
1499
1500
1501
1502
1503
1504
1505
1506
1507
1508
1509
1510
1511
1512
1513
1514
1515
1516
1517
1518
1519
1520
1521
1522
1523
1524
1525
1526
1527
1528
1529
1530
1531
1532
1533
1534
1535
1536
1537
1538
1539
1540
1541
1542
1543
1544
1545
1546
1547
1548
1549
1550
1551
1552
1553
1554
1555
1556
1557
1558
1559
1560
1561
1562
1563
1564
1565
1566
1567
1568
1569
1570
1571
1572
1573
1574
1575
1576
1577
1578
1579
1580
1581
1582
1583
1584
1585
1586
1587
1588
1589
1590
1591
1592
1593
1594
1595
1596
1597
1598
1599
1600
1601
1602
1603
1604
1605
1606
1607
1608
1609
1610
1611
1612
1613
1614
1615
1616
1617
1618
1619
1620
1621
1622
1623
1624
1625
1626
1627
1628
1629
1630
1631
1632
1633
1634
1635
1636
1637
1638
1639
1640
1641
1642
1643
1644
1645
1646
1647
1648
1649
1650
1651
1652
1653
1654
1655
1656
1657
1658
1659
1660
1661
1662
1663
1664
1665
1666
1667
1668
1669
1670
1671
1672
1673
1674
1675
1676
1677
1678
1679
1680
1681
1682
1683
1684
1685
1686
1687
1688
1689
1690
1691
1692
1693
1694
1695
1696
1697
1698
1699
1700
1701
1702
1703
1704
1705
1706
1707
1708
1709
1710
1711
1712
1713
1714
1715
1716
1717
1718
1719
1720
1721
1722
1723
1724
1725
1726
1727
1728
1729
1730
1731
1732
1733
1734
1735
1736
1737
1738
1739
1740
1741
1742
1743
1744
1745
1746
1747
1748
1749
1750
1751
1752
1753
1754
1755
1756
1757
1758
1759
1760
1761
1762
1763
1764
1765
1766
1767
1768
1769
1770
1771
1772
1773
1774
1775
1776
1777
1778
1779
1780
1781
1782
1783
1784
1785
1786
1787
1788
1789
1790
1791
1792
1793
1794
1795
1796
1797
1798
1799
1800
1801
1802
1803
1804
1805
1806
1807
1808
1809
1810
1811
1812
1813
1814
1815
1816
1817
1818
1819
1820
1821
1822
1823
1824
1825
1826
1827
1828
1829
1830
1831
1832
1833
1834
1835
1836
1837
1838
1839
1840
1841
1842
1843
1844
1845
1846
1847
1848
1849
1850
1851
1852
1853
1854
1855
1856
1857
1858
1859
1860
1861
1862
1863
1864
1865
1866
1867
1868
1869
1870
1871
1872
1873
1874
1875
1876
1877
1878
1879
1880
1881
1882
1883
1884
1885
1886
1887
1888
1889
1890
1891
1892
1893
1894
1895
1896
1897
1898
1899
1900
1901
1902
1903
1904
1905
1906
1907
1908
1909
1910
1911
1912
1913
1914
1915
1916
1917
1918
1919
1920
1921
1922
1923
1924
1925
1926
1927
1928
1929
1930
1931
1932
1933
1934
1935
1936
1937
1938
1939
1940
1941
1942
1943
1944
1945
1946
1947
1948
1949
1950
1951
1952
1953
1954
1955
1956
1957
1958
1959
1960
1961
1962
1963
1964
1965
1966
1967
1968
1969
1970
1971
1972
1973
1974
1975
1976
1977
1978
1979
1980
1981
1982
1983
1984
1985
1986
1987
1988
1989
1990
1991
1992
1993
1994
1995
1996
1997
1998
1999
2000
2001
2002
2003
2004
2005
2006
2007
2008
2009
2010
2011
2012
2013
2014
2015
2016
2017
2018
2019
2020
2021
2022
2023
2024
2025
2026
2027
2028
2029
2030
2031
2032
2033
2034
2035
2036
2037
2038
2039
2040
2041
2042
2043
2044
2045
2046
2047
2048
2049
2050
2051
2052
2053
2054
2055
2056
2057
2058
2059
2060
2061
2062
2063
2064
2065
2066
2067
2068
2069
2070
2071
2072
2073
2074
2075
2076
2077
2078
2079
2080
2081
2082
2083
2084
2085
2086
2087
2088
2089
2090
2091
2092
2093
2094
2095
2096
2097
2098
2099
2100
2101
2102
2103
2104
2105
2106
2107
2108
2109
2110
2111
2112
2113
2114
2115
2116
2117
2118
2119
2120
2121
2122
2123
2124
2125
2126
2127
2128
2129
2130
2131
2132
2133
2134
2135
2136
2137
2138
2139
2140
2141
2142
2143
2144
2145
2146
2147
2148
2149
2150
2151
2152
2153
2154
2155
2156
2157
2158
2159
2160
2161
2162
2163
2164
2165
2166
2167
2168
2169
2170
2171
2172
2173
2174
2175
2176
2177
2178
2179
2180
2181
2182
2183
2184
2185
2186
2187
2188
2189
2190
2191
2192
2193
2194
2195
2196
2197
2198
2199
2200
2201
2202
2203
2204
2205
2206
2207
2208
2209
2210
2211
2212
2213
2214
2215
2216
2217
2218
2219
2220
2221
2222
2223
2224
2225
2226
2227
2228
2229
2230
2231
2232
2233
2234
2235
2236
2237
2238
2239
2240
2241
2242
2243
2244
2245
2246
2247
2248
2249
2250
2251
2252
2253
2254
2255
2256
2257
2258
2259
2260
2261
2262
2263
2264
2265
2266
2267
2268
2269
2270
2271
2272
2273
2274
2275
2276
2277
2278
2279
2280
2281
2282
2283
2284
2285
2286
2287
2288
2289
2290
2291
2292
2293
2294
2295
2296
2297
2298
2299
2300
2301
2302
2303
2304
2305
2306
2307
2308
2309
2310
2311
2312
2313
2314
2315
2316
2317
2318
2319
2320
2321
2322
2323
2324
2325
2326
2327
2328
2329
2330
2331
2332
2333
2334
2335
2336
2337
2338
2339
2340
2341
2342
2343
2344
2345
2346
2347
2348
2349
2350
2351
2352
2353
2354
2355
2356
2357
2358
2359
2360
2361
2362
2363
2364
2365
2366
2367
2368
2369
2370
2371
2372
2373
2374
2375
2376
2377
2378
2379
2380
2381
2382
2383
2384
2385
2386
2387
2388
2389
2390
2391
2392
2393
2394
2395
2396
2397
2398
2399
2400
2401
2402
2403
2404
2405
2406
2407
2408
2409
2410
2411
2412
2413
2414
2415
2416
2417
2418
2419
2420
2421
2422
2423
2424
2425
2426
2427
2428
2429
2430
2431
2432
2433
2434
2435
2436
2437
2438
2439
2440
2441
2442
2443
2444
2445
2446
2447
2448
2449
2450
2451
2452
2453
2454
2455
2456
2457
2458
2459
2460
2461
2462
2463
2464
2465
2466
2467
2468
2469
2470
2471
2472
2473
2474
2475
2476
2477
2478
2479
2480
2481
2482
2483
2484
2485
2486
2487
2488
2489
2490
2491
2492
2493
2494
2495
2496
2497
2498
2499
2500
2501
2502
2503
2504
2505
2506
2507
2508
2509
2510
2511
2512
2513
2514
2515
2516
2517
2518
2519
2520
2521
2522
2523
2524
2525
2526
2527
2528
2529
2530
2531
2532
2533
2534
2535
2536
2537
2538
2539
2540
2541
2542
2543
2544
2545
2546
2547
2548
2549
2550
2551
2552
2553
2554
2555
2556
2557
2558
2559
2560
2561
2562
2563
2564
2565
2566
2567
2568
2569
2570
2571
2572
2573
2574
2575
2576
2577
2578
2579
2580
2581
2582
2583
2584
2585
2586
2587
2588
2589
2590
2591
2592
2593
2594
2595
2596
2597
2598
2599
2600
2601
2602
2603
2604
2605
2606
2607
2608
2609
2610
2611
2612
2613
2614
2615
2616
2617
2618
2619
2620
2621
2622
2623
2624
2625
2626
2627
2628
2629
2630
2631
2632
2633
2634
2635
2636
2637
2638
2639
2640
2641
2642
2643
2644
2645
2646
2647
2648
2649
2650
2651
2652
2653
2654
2655
2656
2657
2658
2659
2660
2661
2662
2663
2664
2665
2666
2667
2668
2669
2670
2671
2672
2673
2674
2675
2676
2677
2678
2679
2680
2681
2682
2683
2684
2685
2686
2687
2688
2689
2690
2691
2692
2693
2694
2695
2696
2697
2698
2699
2700
2701
2702
2703
2704
2705
2706
2707
2708
2709
2710
2711
2712
2713
2714
2715
2716
2717
2718
2719
2720
2721
2722
2723
2724
2725
2726
2727
2728
2729
2730
2731
2732
2733
2734
2735
2736
2737
2738
2739
2740
2741
2742
2743
2744
2745
2746
2747
2748
2749
2750
2751
2752
2753
2754
2755
2756
2757
2758
2759
2760
2761
2762
2763
2764
2765
2766
2767
2768
2769
2770
2771
2772
2773
2774
2775
2776
2777
2778
2779
2780
2781
2782
2783
2784
2785
2786
2787
2788
2789
2790
2791
2792
2793
2794
2795
2796
2797
2798
2799
2800
2801
2802
2803
2804
2805
2806
2807
2808
2809
2810
2811
2812
2813
2814
2815
2816
2817
2818
2819
2820
2821
2822
2823
2824
2825
2826
2827
2828
2829
2830
2831
2832
2833
2834
2835
2836
2837
2838
2839
2840
2841
2842
2843
2844
2845
2846
2847
2848
2849
2850
2851
2852
2853
2854
2855
2856
2857
2858
2859
2860
2861
2862
2863
2864
2865
2866
2867
2868
2869
2870
2871
2872
2873
2874
2875
2876
2877
2878
2879
2880
2881
2882
2883
2884
2885
2886
2887
2888
2889
2890
2891
2892
2893
2894
2895
2896
2897
2898
2899
2900
2901
2902
2903
2904
2905
2906
2907
2908
2909
2910
2911
2912
2913
2914
2915
2916
2917
2918
2919
2920
2921
2922
2923
2924
2925
2926
2927
2928
2929
2930
2931
2932
2933
2934
2935
2936
2937
2938
2939
2940
2941
2942
2943
2944
2945
2946
2947
2948
2949
2950
2951
2952
2953
2954
2955
2956
2957
2958
2959
2960
2961
2962
2963
2964
2965
2966
2967
2968
2969
2970
2971
2972
2973
2974
2975
2976
2977
2978
2979
2980
2981
2982
2983
2984
2985
2986
2987
2988
2989
2990
2991
2992
2993
2994
2995
2996
2997
2998
2999
3000
3001
3002
3003
3004
3005
3006
3007
3008
3009
3010
3011
3012
3013
3014
3015
3016
3017
3018
3019
3020
3021
3022
3023
3024
3025
3026
3027
3028
3029
3030
3031
3032
3033
3034
3035
3036
3037
3038
3039
3040
3041
3042
3043
3044
3045
3046
3047
3048
3049
3050
3051
3052
3053
3054
3055
3056
3057
3058
3059
3060
3061
3062
3063
3064
3065
3066
3067
3068
3069
3070
3071
3072
3073
3074
3075
3076
3077
3078
3079
3080
3081
3082
3083
3084
3085
3086
3087
3088
3089
3090
3091
3092
3093
3094
3095
3096
3097
3098
3099
3100
3101
3102
3103
3104
3105
3106
3107
3108
3109
3110
3111
3112
3113
3114
3115
3116
3117
3118
3119
3120
3121
3122
3123
3124
3125
3126
3127
3128
3129
3130
3131
3132
3133
3134
3135
3136
3137
3138
3139
3140
3141
3142
3143
3144
3145
3146
3147
3148
3149
3150
3151
3152
3153
3154
3155
3156
3157
3158
3159
3160
3161
3162
3163
3164
3165
3166
3167
3168
3169
3170
3171
3172
3173
3174
3175
3176
3177
3178
3179
3180
3181
3182
3183
3184
3185
3186
3187
3188
3189
3190
3191
3192
3193
3194
3195
3196
3197
3198
3199
3200
3201
3202
3203
3204
3205
3206
3207
3208
3209
3210
3211
3212
3213
3214
3215
3216
3217
3218
3219
3220
3221
3222
3223
3224
3225
3226
3227
3228
3229
3230
3231
3232
3233
3234
3235
3236
3237
3238
3239
3240
3241
3242
3243
3244
3245
3246
3247
3248
3249
3250
3251
3252
3253
3254
3255
3256
3257
3258
3259
3260
3261
3262
3263
3264
3265
3266
3267
3268
3269
3270
3271
3272
3273
3274
3275
3276
3277
3278
3279
3280
3281
3282
3283
3284
3285
3286
3287
3288
3289
3290
3291
3292
3293
3294
3295
3296
3297
3298
3299
3300
3301
3302
3303
3304
3305
3306
3307
3308
3309
3310
3311
3312
3313
3314
3315
3316
3317
3318
3319
3320
3321
3322
3323
3324
3325
3326
3327
3328
3329
3330
3331
3332
3333
3334
3335
3336
3337
3338
3339
3340
3341
3342
3343
3344
3345
3346
3347
3348
3349
3350
3351
3352
3353
3354
3355
3356
3357
3358
3359
3360
3361
3362
3363
3364
3365
3366
3367
3368
3369
3370
3371
3372
3373
3374
3375
3376
3377
3378
3379
3380
3381
3382
3383
3384
3385
3386
3387
3388
3389
3390
3391
3392
3393
3394
3395
3396
3397
3398
3399
3400
3401
3402
3403
3404
3405
3406
3407
3408
3409
3410
3411
3412
3413
3414
3415
3416
3417
3418
3419
3420
3421
3422
3423
3424
3425
3426
3427
3428
3429
3430
3431
3432
3433
3434
3435
3436
3437
3438
3439
3440
3441
3442
3443
3444
3445
3446
3447
3448
3449
3450
3451
3452
3453
3454
3455
3456
3457
3458
3459
3460
3461
3462
3463
3464
3465
3466
3467
3468
3469
3470
3471
3472
3473
3474
3475
3476
3477
3478
3479
3480
3481
3482
3483
3484
3485
3486
3487
3488
3489
3490
3491
3492
3493
3494
3495
3496
3497
3498
3499
3500
3501
3502
3503
3504
3505
3506
3507
3508
3509
3510
3511
3512
3513
3514
3515
3516
3517
3518
3519
3520
3521
3522
3523
3524
3525
3526
3527
3528
3529
3530
3531
3532
3533
3534
3535
3536
3537
3538
3539
3540
3541
3542
3543
3544
3545
3546
3547
3548
3549
3550
3551
3552
3553
3554
3555
3556
3557
3558
3559
3560
3561
3562
3563
3564
3565
3566
3567
3568
3569
3570
3571
3572
3573
3574
3575
3576
3577
3578
3579
3580
3581
3582
3583
3584
3585
3586
3587
3588
3589
3590
3591
3592
3593
3594
3595
3596
3597
3598
3599
3600
3601
3602
3603
3604
3605
3606
3607
3608
3609
3610
3611
3612
3613
3614
3615
3616
3617
3618
3619
3620
3621
3622
3623
3624
3625
3626
3627
3628
3629
3630
3631
3632
3633
3634
3635
3636
3637
3638
3639
3640
3641
3642
3643
3644
3645
3646
3647
3648
3649
3650
3651
3652
3653
3654
3655
3656
3657
3658
3659
3660
3661
3662
3663
3664
3665
3666
3667
3668
3669
3670
3671
3672
3673
3674
3675
3676
3677
3678
3679
3680
3681
3682
3683
3684
3685
3686
3687
3688
3689
3690
3691
3692
3693
3694
3695
3696
3697
3698
3699
3700
3701
3702
3703
3704
3705
3706
3707
3708
3709
3710
3711
3712
3713
3714
3715
3716
3717
3718
3719
3720
3721
3722
3723
3724
3725
3726
3727
3728
3729
3730
3731
3732
3733
3734
3735
3736
3737
3738
3739
3740
3741
3742
3743
3744
3745
3746
3747
3748
3749
3750
3751
3752
3753
3754
3755
3756
3757
3758
3759
3760
3761
3762
3763
3764
3765
3766
3767
3768
3769
3770
3771
3772
3773
3774
3775
3776
3777
3778
3779
3780
3781
3782
3783
3784
3785
3786
3787
3788
3789
3790
3791
3792
3793
3794
3795
3796
3797
3798
3799
3800
3801
3802
3803
3804
3805
3806
3807
3808
3809
3810
3811
3812
3813
3814
3815
3816
3817
3818
3819
3820
3821
3822
3823
3824
3825
3826
3827
3828
3829
3830
3831
3832
3833
3834
3835
3836
3837
3838
3839
3840
3841
3842
3843
3844
3845
3846
3847
3848
3849
3850
3851
3852
3853
3854
3855
3856
3857
3858
3859
3860
3861
3862
3863
3864
3865
3866
3867
3868
3869
3870
3871
3872
3873
3874
3875
3876
3877
3878
3879
3880
3881
3882
3883
3884
3885
3886
3887
3888
3889
3890
3891
3892
3893
3894
3895
3896
3897
3898
3899
3900
3901
3902
3903
3904
3905
3906
3907
3908
3909
3910
3911
3912
3913
3914
3915
3916
3917
3918
3919
3920
3921
3922
3923
3924
3925
3926
3927
3928
3929
3930
3931
3932
3933
3934
3935
3936
3937
3938
3939
3940
3941
3942
3943
3944
3945
3946
3947
3948
3949
3950
3951
3952
3953
3954
3955
3956
3957
3958
3959
3960
3961
3962
3963
3964
3965
3966
3967
3968
3969
3970
3971
3972
3973
3974
3975
3976
3977
3978
3979
3980
3981
3982
3983
3984
3985
3986
3987
3988
3989
3990
3991
3992
3993
3994
3995
3996
3997
3998
3999
4000
4001
4002
4003
4004
4005
4006
4007
4008
4009
4010
4011
4012
4013
4014
4015
4016
4017
4018
4019
4020
4021
4022
4023
4024
4025
4026
4027
4028
4029
4030
4031
4032
4033
4034
4035
4036
4037
4038
4039
4040
4041
4042
4043
4044
4045
4046
4047
4048
4049
4050
4051
4052
4053
4054
4055
4056
4057
4058
4059
4060
4061
4062
4063
4064
4065
4066
4067
4068
4069
4070
4071
4072
4073
4074
4075
4076
4077
4078
4079
4080
4081
4082
4083
4084
4085
4086
4087
4088
4089
4090
4091
4092
4093
4094
4095
4096
4097
4098
4099
4100
4101
4102
4103
4104
4105
4106
4107
4108
4109
4110
4111
4112
4113
4114
4115
4116
4117
4118
4119
4120
4121
4122
4123
4124
4125
4126
4127
4128
4129
4130
4131
4132
4133
4134
4135
4136
4137
4138
4139
4140
4141
4142
4143
4144
4145
4146
4147
4148
4149
4150
4151
4152
4153
4154
4155
4156
4157
4158
4159
4160
4161
4162
4163
4164
4165
4166
4167
4168
4169
4170
4171
4172
4173
4174
4175
4176
4177
4178
4179
4180
4181
4182
4183
4184
4185
4186
4187
4188
4189
4190
4191
4192
4193
4194
4195
4196
4197
4198
4199
4200
4201
4202
4203
4204
4205
4206
4207
4208
4209
4210
4211
4212
4213
4214
4215
4216
4217
4218
4219
4220
4221
4222
4223
4224
4225
4226
4227
4228
4229
4230
4231
4232
4233
4234
4235
4236
4237
4238
4239
4240
4241
4242
4243
4244
4245
4246
4247
4248
4249
4250
4251
4252
4253
4254
4255
4256
4257
4258
4259
4260
4261
4262
4263
4264
4265
4266
4267
4268
4269
4270
4271
4272
4273
4274
4275
4276
4277
4278
4279
4280
4281
4282
4283
4284
4285
4286
4287
4288
4289
4290
4291
4292
4293
4294
4295
4296
4297
4298
4299
4300
4301
4302
4303
4304
4305
4306
4307
4308
4309
4310
4311
4312
4313
4314
4315
4316
4317
4318
4319
4320
4321
4322
4323
4324
4325
4326
4327
4328
4329
4330
4331
4332
4333
4334
4335
4336
4337
4338
4339
4340
4341
4342
4343
4344
4345
4346
4347
4348
4349
4350
4351
4352
4353
4354
4355
4356
4357
4358
4359
4360
4361
4362
4363
4364
4365
4366
4367
4368
4369
4370
4371
4372
4373
4374
4375
4376
4377
4378
4379
4380
4381
4382
4383
4384
4385
4386
4387
4388
4389
4390
4391
4392
4393
4394
4395
4396
4397
4398
4399
4400
4401
4402
4403
4404
4405
4406
4407
4408
4409
4410
4411
4412
4413
4414
4415
4416
4417
4418
4419
4420
4421
4422
4423
4424
4425
4426
4427
4428
4429
4430
4431
4432
4433
4434
4435
4436
4437
4438
4439
4440
4441
4442
4443
4444
4445
4446
4447
4448
4449
4450
4451
4452
4453
4454
4455
4456
4457
4458
4459
4460
4461
4462
4463
4464
4465
4466
4467
4468
4469
4470
4471
4472
4473
4474
4475
4476
4477
4478
4479
4480
4481
4482
4483
4484
4485
4486
4487
4488
4489
4490
4491
4492
4493
4494
4495
4496
4497
4498
4499
4500
4501
4502
4503
4504
4505
4506
4507
4508
4509
4510
4511
4512
4513
4514
4515
4516
4517
4518
4519
4520
4521
4522
4523
4524
4525
4526
4527
4528
4529
4530
4531
4532
4533
4534
4535
4536
4537
4538
4539
4540
4541
4542
4543
4544
4545
4546
4547
4548
4549
4550
4551
4552
4553
4554
4555
4556
4557
4558
4559
4560
4561
4562
4563
4564
4565
4566
4567
4568
4569
4570
4571
4572
4573
4574
4575
4576
4577
4578
4579
4580
4581
4582
4583
4584
4585
4586
4587
4588
4589
4590
4591
4592
4593
4594
4595
4596
4597
4598
4599
4600
4601
4602
4603
4604
4605
4606
4607
4608
4609
4610
4611
4612
4613
4614
4615
4616
4617
4618
4619
4620
4621
4622
4623
4624
4625
4626
4627
4628
4629
4630
4631
4632
4633
4634
4635
4636
4637
4638
4639
4640
4641
4642
4643
4644
4645
4646
4647
4648
4649
4650
4651
4652
4653
4654
4655
4656
4657
4658
4659
4660
4661
4662
4663
4664
4665
4666
4667
4668
4669
4670
4671
4672
4673
4674
4675
4676
4677
4678
4679
4680
4681
4682
4683
4684
4685
4686
4687
4688
4689
4690
4691
4692
4693
4694
4695
4696
4697
4698
4699
4700
4701
4702
4703
4704
4705
4706
4707
4708
4709
4710
4711
4712
4713
4714
4715
4716
4717
4718
4719
4720
4721
4722
4723
4724
4725
4726
4727
4728
4729
4730
4731
4732
4733
4734
4735
4736
4737
4738
4739
4740
4741
4742
4743
4744
4745
4746
4747
4748
4749
4750
4751
4752
4753
4754
4755
4756
4757
4758
4759
4760
4761
4762
4763
4764
4765
4766
4767
4768
4769
4770
4771
4772
4773
4774
4775
4776
4777
4778
4779
4780
4781
4782
4783
4784
4785
4786
4787
4788
4789
4790
4791
4792
4793
4794
4795
4796
4797
4798
4799
4800
4801
4802
4803
4804
4805
4806
4807
4808
4809
4810
4811
4812
4813
4814
4815
4816
4817
4818
4819
4820
4821
4822
4823
4824
4825
4826
4827
4828
4829
4830
4831
4832
4833
4834
4835
4836
4837
4838
4839
4840
4841
4842
4843
4844
4845
4846
4847
4848
4849
4850
4851
4852
4853
4854
4855
4856
4857
4858
4859
4860
4861
4862
4863
4864
4865
4866
4867
4868
4869
4870
4871
4872
4873
4874
4875
4876
4877
4878
4879
4880
4881
4882
4883
4884
4885
4886
4887
4888
4889
4890
4891
4892
4893
4894
4895
4896
4897
4898
4899
4900
4901
4902
4903
4904
4905
4906
4907
4908
4909
4910
4911
4912
4913
4914
4915
4916
4917
4918
4919
4920
4921
4922
4923
4924
4925
4926
4927
4928
4929
4930
4931
4932
4933
4934
4935
4936
4937
4938
4939
4940
4941
4942
4943
4944
4945
4946
4947
4948
4949
4950
4951
4952
4953
4954
4955
4956
4957
4958
4959
4960
4961
4962
4963
4964
4965
4966
4967
4968
4969
4970
4971
4972
4973
4974
4975
4976
4977
4978
4979
4980
4981
4982
4983
4984
4985
4986
4987
4988
4989
4990
4991
4992
4993
4994
4995
4996
4997
4998
4999
5000
5001
5002
5003
5004
5005
5006
5007
5008
5009
5010
5011
5012
5013
5014
5015
5016
5017
5018
5019
5020
5021
5022
5023
5024
5025
5026
5027
5028
5029
5030
5031
5032
5033
5034
5035
5036
5037
5038
5039
5040
5041
5042
5043
5044
5045
5046
5047
5048
5049
5050
5051
5052
5053
5054
5055
5056
5057
5058
5059
5060
5061
5062
5063
5064
5065
5066
5067
5068
5069
5070
5071
5072
5073
5074
5075
5076
5077
5078
5079
5080
5081
5082
5083
5084
5085
5086
5087
5088
5089
5090
5091
5092
5093
5094
5095
5096
5097
5098
5099
5100
5101
5102
5103
5104
5105
5106
5107
5108
5109
5110
5111
5112
5113
5114
5115
5116
5117
5118
5119
5120
5121
5122
5123
5124
5125
5126
5127
5128
5129
5130
5131
5132
5133
5134
5135
5136
5137
5138
5139
5140
5141
5142
5143
5144
5145
5146
5147
5148
5149
5150
5151
5152
5153
5154
5155
5156
5157
5158
5159
5160
5161
5162
5163
5164
5165
5166
5167
5168
5169
5170
5171
5172
5173
5174
5175
5176
5177
5178
5179
5180
5181
5182
5183
5184
5185
5186
5187
5188
5189
5190
5191
5192
5193
5194
5195
5196
5197
5198
5199
5200
5201
5202
5203
5204
5205
5206
5207
5208
5209
5210
5211
5212
5213
5214
5215
5216
5217
5218
5219
5220
5221
5222
5223
5224
5225
5226
5227
5228
5229
5230
5231
5232
5233
5234
5235
5236
5237
5238
5239
5240
5241
5242
5243
5244
5245
5246
5247
5248
5249
5250
5251
5252
5253
5254
5255
5256
5257
5258
5259
5260
5261
5262
5263
5264
5265
5266
5267
5268
5269
5270
5271
5272
5273
5274
5275
5276
5277
5278
5279
5280
5281
5282
5283
5284
5285
5286
5287
5288
5289
5290
5291
5292
5293
5294
5295
5296
5297
5298
5299
5300
5301
5302
5303
5304
5305
5306
5307
5308
5309
5310
5311
5312
5313
5314
5315
5316
5317
5318
5319
5320
5321
5322
5323
5324
5325
5326
5327
5328
5329
5330
5331
5332
5333
5334
5335
5336
5337
5338
5339
5340
5341
5342
5343
5344
5345
5346
5347
5348
5349
5350
5351
5352
5353
5354
5355
5356
5357
5358
5359
5360
5361
5362
5363
5364
5365
5366
5367
5368
5369
5370
5371
5372
5373
5374
5375
5376
5377
5378
5379
5380
5381
5382
5383
5384
5385
5386
5387
5388
5389
5390
5391
5392
5393
5394
5395
5396
5397
5398
5399
5400
5401
5402
5403
5404
5405
5406
5407
5408
5409
5410
5411
5412
5413
5414
5415
5416
5417
5418
5419
5420
5421
5422
5423
5424
5425
5426
5427
5428
5429
5430
5431
5432
5433
5434
5435
5436
5437
5438
5439
5440
5441
5442
5443
5444
5445
5446
5447
5448
5449
5450
5451
5452
5453
5454
5455
5456
5457
5458
5459
5460
5461
5462
5463
5464
5465
5466
5467
5468
5469
5470
5471
5472
5473
5474
5475
5476
5477
5478
5479
5480
5481
5482
5483
5484
5485
5486
5487
5488
5489
5490
5491
5492
5493
5494
5495
5496
5497
5498
5499
5500
5501
5502
5503
5504
5505
5506
5507
5508
5509
5510
5511
5512
5513
5514
5515
5516
5517
5518
5519
5520
5521
5522
5523
5524
5525
5526
5527
5528
5529
5530
5531
5532
5533
5534
5535
5536
5537
5538
5539
5540
5541
5542
5543
5544
5545
5546
5547
5548
5549
5550
5551
5552
5553
5554
5555
5556
5557
5558
5559
5560
5561
5562
5563
5564
5565
5566
5567
5568
5569
5570
5571
5572
5573
5574
5575
5576
5577
5578
5579
5580
5581
5582
5583
5584
5585
5586
5587
5588
5589
5590
5591
5592
5593
5594
5595
5596
5597
5598
5599
5600
5601
5602
5603
5604
5605
5606
5607
5608
5609
5610
5611
5612
5613
5614
5615
5616
5617
5618
5619
5620
5621
5622
5623
5624
5625
5626
5627
5628
5629
5630
5631
5632
5633
5634
5635
5636
5637
5638
5639
5640
5641
5642
5643
5644
5645
5646
5647
5648
5649
5650
5651
5652
5653
5654
5655
5656
5657
5658
5659
5660
5661
5662
5663
5664
5665
5666
5667
5668
5669
5670
5671
5672
5673
5674
5675
5676
5677
5678
5679
5680
5681
5682
5683
5684
5685
5686
5687
5688
5689
5690
5691
5692
5693
5694
5695
5696
5697
5698
5699
5700
5701
5702
5703
5704
5705
5706
5707
5708
5709
5710
5711
5712
5713
5714
5715
5716
5717
5718
5719
5720
5721
5722
5723
5724
5725
5726
5727
5728
5729
5730
5731
5732
5733
5734
5735
5736
5737
5738
5739
5740
5741
5742
5743
5744
5745
5746
5747
5748
5749
5750
5751
5752
5753
5754
5755
5756
5757
5758
5759
5760
5761
5762
5763
5764
5765
5766
5767
5768
5769
5770
5771
5772
5773
5774
5775
5776
5777
5778
5779
5780
5781
5782
5783
5784
5785
5786
5787
5788
5789
5790
5791
5792
5793
5794
5795
5796
5797
5798
5799
5800
5801
5802
5803
5804
5805
5806
5807
5808
5809
5810
5811
5812
5813
5814
5815
5816
5817
5818
5819
5820
5821
5822
5823
5824
5825
5826
5827
5828
5829
5830
5831
5832
5833
5834
5835
5836
5837
5838
5839
5840
5841
5842
5843
5844
5845
5846
5847
5848
5849
5850
5851
5852
5853
5854
5855
5856
5857
5858
5859
5860
5861
5862
5863
5864
5865
5866
5867
5868
5869
5870
5871
5872
5873
5874
5875
5876
5877
5878
5879
5880
5881
5882
5883
5884
5885
5886
5887
5888
5889
5890
5891
5892
5893
5894
5895
5896
5897
5898
5899
5900
5901
5902
5903
5904
5905
5906
5907
5908
5909
5910
5911
5912
5913
5914
5915
5916
5917
5918
5919
5920
5921
5922
5923
5924
5925
5926
5927
5928
5929
5930
5931
5932
5933
5934
5935
5936
5937
5938
5939
5940
5941
5942
5943
5944
5945
5946
5947
5948
5949
5950
5951
5952
5953
5954
5955
5956
5957
5958
5959
5960
5961
5962
5963
5964
5965
5966
5967
5968
5969
5970
5971
5972
5973
5974
5975
5976
5977
5978
5979
5980
5981
5982
5983
5984
5985
5986
5987
5988
5989
5990
5991
5992
5993
5994
5995
5996
5997
5998
5999
6000
6001
6002
6003
6004
6005
6006
6007
6008
6009
6010
6011
6012
6013
6014
6015
6016
6017
6018
6019
6020
6021
6022
6023
6024
6025
6026
6027
6028
6029
6030
6031
6032
6033
6034
6035
6036
6037
6038
6039
6040
6041
6042
6043
6044
6045
6046
6047
6048
6049
6050
6051
6052
6053
6054
6055
6056
6057
6058
6059
6060
6061
6062
6063
6064
6065
6066
6067
6068
6069
6070
6071
6072
6073
6074
6075
6076
6077
6078
6079
6080
6081
6082
6083
6084
6085
6086
6087
6088
6089
6090
6091
6092
6093
6094
6095
6096
6097
6098
6099
6100
6101
6102
6103
6104
6105
6106
6107
6108
6109
6110
6111
6112
6113
6114
6115
6116
6117
6118
6119
6120
6121
6122
6123
6124
6125
6126
6127
6128
6129
6130
6131
6132
6133
6134
6135
6136
6137
6138
6139
6140
6141
6142
6143
6144
6145
6146
6147
6148
6149
6150
6151
6152
6153
6154
6155
6156
6157
6158
6159
6160
6161
6162
6163
6164
6165
6166
6167
6168
6169
6170
6171
6172
6173
6174
6175
6176
6177
6178
6179
6180
6181
6182
6183
6184
6185
6186
6187
6188
6189
6190
6191
6192
6193
6194
6195
6196
6197
6198
6199
6200
6201
6202
6203
6204
6205
6206
6207
6208
6209
6210
6211
6212
6213
6214
6215
6216
6217
6218
6219
6220
6221
6222
6223
6224
6225
6226
6227
6228
6229
6230
6231
6232
6233
6234
6235
6236
6237
6238
6239
6240
6241
6242
6243
6244
6245
6246
6247
6248
6249
6250
6251
6252
6253
6254
6255
6256
6257
6258
6259
6260
6261
6262
6263
6264
6265
6266
6267
6268
6269
6270
6271
6272
6273
6274
6275
6276
6277
6278
6279
6280
6281
6282
6283
6284
6285
6286
6287
6288
6289
6290
6291
6292
6293
6294
6295
6296
6297
6298
6299
6300
6301
6302
6303
6304
6305
6306
6307
6308
6309
6310
6311
6312
6313
6314
6315
6316
6317
6318
6319
6320
6321
6322
6323
6324
6325
6326
6327
6328
6329
6330
6331
6332
6333
6334
6335
6336
6337
6338
6339
6340
6341
6342
6343
6344
6345
6346
6347
6348
6349
6350
6351
6352
6353
6354
6355
6356
6357
6358
6359
6360
6361
6362
6363
6364
6365
6366
6367
6368
6369
6370
6371
6372
6373
6374
6375
6376
6377
6378
6379
6380
6381
6382
6383
6384
6385
6386
6387
6388
6389
6390
6391
6392
6393
6394
6395
6396
6397
6398
6399
6400
6401
6402
6403
6404
6405
6406
6407
6408
6409
6410
6411
6412
6413
6414
6415
6416
6417
6418
6419
6420
6421
6422
6423
6424
6425
6426
6427
6428
6429
6430
6431
6432
6433
6434
6435
6436
6437
6438
6439
6440
6441
6442
6443
6444
6445
6446
6447
6448
6449
6450
6451
6452
6453
6454
6455
6456
6457
6458
6459
6460
6461
6462
6463
6464
6465
6466
6467
6468
6469
6470
6471
6472
6473
6474
6475
6476
6477
6478
6479
6480
6481
6482
6483
6484
6485
6486
6487
6488
6489
6490
6491
6492
6493
6494
6495
6496
6497
6498
6499
6500
6501
6502
6503
6504
6505
6506
6507
6508
6509
6510
6511
6512
6513
6514
6515
6516
6517
6518
6519
6520
6521
6522
6523
6524
6525
6526
6527
6528
6529
6530
6531
6532
6533
6534
6535
6536
6537
6538
6539
6540
6541
6542
6543
6544
6545
6546
6547
6548
6549
6550
6551
6552
6553
6554
6555
6556
6557
6558
6559
6560
6561
6562
6563
6564
6565
6566
6567
6568
6569
6570
6571
6572
6573
6574
6575
6576
6577
6578
6579
6580
6581
6582
6583
6584
6585
6586
6587
6588
6589
6590
6591
6592
6593
6594
6595
6596
6597
6598
6599
6600
6601
6602
6603
6604
6605
6606
6607
6608
6609
6610
6611
6612
6613
6614
6615
6616
6617
6618
6619
6620
6621
6622
6623
6624
6625
6626
6627
6628
6629
6630
6631
6632
6633
6634
6635
6636
6637
6638
6639
6640
6641
6642
6643
6644
6645
6646
6647
6648
6649
6650
6651
6652
6653
6654
6655
6656
6657
6658
6659
6660
6661
6662
6663
6664
6665
6666
6667
6668
6669
6670
6671
6672
6673
6674
6675
6676
6677
6678
6679
6680
6681
6682
6683
6684
6685
6686
6687
6688
6689
6690
6691
6692
6693
6694
6695
6696
6697
6698
6699
6700
6701
6702
6703
6704
6705
6706
6707
6708
6709
6710
6711
6712
6713
6714
6715
6716
6717
6718
6719
6720
6721
6722
6723
6724
6725
6726
6727
6728
6729
6730
6731
6732
6733
6734
6735
6736
6737
6738
6739
6740
6741
6742
6743
6744
6745
6746
6747
6748
6749
6750
6751
6752
6753
6754
6755
6756
6757
6758
6759
6760
6761
6762
6763
6764
6765
6766
6767
6768
6769
6770
6771
6772
6773
6774
6775
6776
6777
6778
6779
6780
6781
6782
6783
6784
6785
6786
6787
6788
6789
6790
6791
6792
6793
6794
6795
6796
6797
6798
6799
6800
6801
6802
6803
6804
6805
6806
6807
6808
6809
6810
6811
6812
6813
6814
6815
6816
6817
6818
6819
6820
6821
6822
6823
6824
6825
6826
6827
6828
6829
6830
6831
6832
6833
6834
6835
6836
6837
6838
6839
6840
6841
6842
6843
6844
6845
6846
6847
6848
6849
6850
6851
6852
6853
6854
6855
6856
6857
6858
6859
6860
6861
6862
6863
6864
6865
6866
6867
6868
6869
6870
6871
6872
6873
6874
6875
6876
6877
6878
6879
6880
6881
6882
6883
6884
6885
6886
6887
6888
6889
6890
6891
6892
6893
6894
6895
6896
6897
6898
6899
6900
6901
6902
6903
6904
6905
6906
6907
6908
6909
6910
6911
6912
6913
6914
6915
6916
6917
6918
6919
6920
6921
6922
6923
6924
6925
6926
6927
6928
6929
6930
6931
6932
6933
6934
6935
6936
6937
6938
6939
6940
6941
6942
6943
6944
6945
6946
6947
6948
6949
6950
6951
6952
6953
6954
6955
6956
6957
6958
6959
6960
6961
6962
6963
6964
6965
6966
6967
6968
6969
6970
6971
6972
6973
6974
6975
6976
6977
6978
6979
6980
6981
6982
6983
6984
6985
6986
6987
6988
6989
6990
6991
6992
6993
6994
6995
6996
6997
6998
6999
7000
7001
7002
7003
7004
7005
7006
7007
7008
7009
7010
7011
7012
7013
7014
7015
7016
7017
7018
7019
7020
7021
7022
7023
7024
7025
7026
7027
7028
7029
7030
7031
7032
7033
7034
7035
7036
7037
7038
7039
7040
7041
7042
7043
7044
7045
7046
7047
7048
7049
7050
7051
7052
7053
7054
7055
7056
7057
7058
7059
7060
7061
7062
7063
7064
7065
7066
7067
7068
7069
7070
7071
7072
7073
7074
7075
7076
7077
7078
7079
7080
7081
7082
7083
7084
7085
7086
7087
7088
7089
7090
7091
7092
7093
7094
7095
7096
7097
7098
7099
7100
7101
7102
7103
7104
7105
7106
7107
7108
7109
7110
7111
7112
7113
7114
7115
7116
7117
7118
7119
7120
7121
7122
7123
7124
7125
7126
7127
7128
7129
7130
7131
7132
7133
7134
7135
7136
7137
7138
7139
7140
7141
7142
7143
7144
7145
7146
7147
7148
7149
7150
7151
7152
7153
7154
7155
7156
7157
7158
7159
7160
7161
7162
7163
7164
7165
7166
7167
7168
7169
7170
7171
7172
7173
7174
7175
7176
7177
7178
7179
7180
7181
7182
7183
7184
7185
7186
7187
7188
7189
7190
7191
7192
7193
7194
7195
7196
7197
7198
7199
7200
7201
7202
7203
7204
7205
7206
7207
7208
7209
7210
7211
7212
7213
7214
7215
7216
7217
7218
7219
7220
7221
7222
7223
7224
7225
7226
7227
7228
7229
7230
7231
7232
7233
7234
7235
7236
7237
7238
7239
7240
7241
7242
7243
7244
7245
7246
7247
7248
7249
7250
7251
7252
7253
7254
7255
7256
7257
7258
7259
7260
7261
7262
7263
7264
7265
7266
7267
7268
7269
7270
7271
7272
7273
7274
7275
7276
7277
7278
7279
7280
7281
7282
7283
7284
7285
7286
7287
7288
7289
7290
7291
7292
7293
7294
7295
7296
7297
7298
7299
7300
7301
7302
7303
7304
7305
7306
7307
7308
7309
7310
7311
7312
7313
7314
7315
7316
7317
7318
7319
7320
7321
7322
7323
7324
7325
7326
7327
7328
7329
7330
7331
7332
7333
7334
7335
7336
7337
7338
7339
7340
7341
7342
7343
7344
7345
7346
7347
7348
7349
7350
7351
7352
7353
7354
7355
7356
7357
7358
7359
7360
7361
7362
7363
7364
7365
7366
7367
7368
7369
7370
7371
7372
7373
7374
7375
7376
7377
7378
7379
7380
7381
7382
7383
7384
7385
7386
7387
7388
7389
7390
7391
7392
7393
7394
7395
7396
7397
7398
7399
7400
7401
7402
7403
7404
7405
7406
7407
7408
7409
7410
7411
7412
7413
7414
7415
7416
7417
7418
7419
7420
7421
7422
7423
7424
7425
7426
7427
7428
7429
7430
7431
7432
7433
7434
7435
7436
7437
7438
7439
7440
7441
7442
7443
7444
7445
7446
7447
7448
7449
7450
7451
7452
7453
7454
7455
7456
7457
7458
7459
7460
7461
7462
7463
7464
7465
7466
7467
7468
7469
7470
7471
7472
7473
7474
7475
7476
7477
7478
7479
7480
7481
7482
7483
7484
7485
7486
7487
7488
7489
7490
7491
7492
7493
7494
7495
7496
7497
7498
7499
7500
7501
7502
7503
7504
7505
7506
7507
7508
7509
7510
7511
7512
7513
7514
7515
7516
7517
7518
7519
7520
7521
7522
7523
7524
7525
7526
7527
7528
7529
7530
7531
7532
7533
7534
7535
7536
7537
7538
7539
7540
7541
7542
7543
7544
7545
7546
7547
7548
7549
7550
7551
7552
7553
7554
7555
7556
7557
7558
7559
7560
7561
7562
7563
7564
7565
7566
7567
7568
7569
7570
7571
7572
7573
7574
7575
7576
7577
7578
7579
7580
7581
7582
7583
7584
7585
7586
7587
7588
7589
7590
7591
7592
7593
7594
7595
7596
7597
7598
7599
7600
7601
7602
7603
7604
7605
7606
7607
7608
7609
7610
7611
7612
7613
7614
7615
7616
7617
7618
7619
7620
7621
7622
7623
7624
7625
7626
7627
7628
7629
7630
7631
7632
7633
7634
7635
7636
7637
7638
7639
7640
7641
7642
7643
7644
7645
7646
7647
7648
7649
7650
7651
7652
7653
7654
7655
7656
7657
7658
7659
7660
7661
7662
7663
7664
7665
7666
7667
7668
7669
7670
7671
7672
7673
7674
7675
7676
7677
7678
7679
7680
7681
7682
7683
7684
7685
7686
7687
7688
7689
7690
7691
7692
7693
7694
7695
7696
7697
7698
7699
7700
7701
7702
7703
7704
7705
7706
7707
7708
7709
7710
7711
7712
7713
7714
7715
7716
7717
7718
7719
7720
7721
7722
7723
7724
7725
7726
7727
7728
7729
7730
7731
7732
7733
7734
7735
7736
7737
7738
7739
7740
7741
7742
7743
7744
7745
7746
7747
7748
7749
7750
7751
7752
7753
7754
7755
7756
7757
7758
7759
7760
7761
7762
7763
7764
7765
7766
7767
7768
7769
7770
7771
7772
7773
7774
7775
7776
7777
7778
7779
7780
7781
7782
7783
7784
7785
7786
7787
7788
7789
7790
7791
7792
7793
7794
7795
7796
7797
7798
7799
7800
7801
7802
7803
7804
7805
7806
7807
7808
7809
7810
7811
7812
7813
7814
7815
7816
7817
7818
7819
7820
7821
7822
7823
7824
7825
7826
7827
7828
7829
7830
7831
7832
7833
7834
7835
7836
7837
7838
7839
7840
7841
7842
7843
7844
7845
7846
7847
7848
7849
7850
7851
7852
7853
7854
7855
7856
7857
7858
7859
7860
7861
7862
7863
7864
7865
7866
7867
7868
7869
7870
7871
7872
7873
7874
7875
7876
7877
7878
7879
7880
7881
7882
7883
7884
7885
7886
7887
7888
7889
7890
7891
7892
7893
7894
7895
7896
7897
7898
7899
7900
7901
7902
7903
7904
7905
7906
7907
7908
7909
7910
7911
7912
7913
7914
7915
7916
7917
7918
7919
7920
7921
7922
7923
7924
7925
7926
7927
7928
7929
7930
7931
7932
7933
7934
7935
7936
7937
7938
7939
7940
7941
7942
7943
7944
7945
7946
7947
7948
7949
7950
7951
7952
7953
7954
7955
7956
7957
7958
7959
7960
7961
7962
7963
7964
7965
7966
7967
7968
7969
7970
7971
7972
7973
7974
7975
7976
7977
7978
7979
7980
7981
7982
7983
7984
7985
7986
7987
7988
7989
7990
7991
7992
7993
7994
7995
7996
7997
7998
7999
8000
8001
8002
8003
8004
8005
8006
8007
8008
8009
8010
8011
8012
8013
8014
8015
8016
8017
8018
8019
8020
8021
8022
8023
8024
8025
8026
8027
8028
8029
8030
8031
8032
8033
8034
8035
8036
8037
8038
8039
8040
8041
8042
8043
8044
8045
8046
8047
8048
8049
8050
8051
8052
8053
8054
8055
8056
8057
8058
8059
8060
8061
8062
8063
8064
8065
8066
8067
8068
8069
8070
8071
8072
8073
8074
8075
8076
8077
8078
8079
8080
8081
8082
8083
8084
8085
8086
8087
8088
8089
8090
8091
8092
8093
8094
8095
8096
8097
8098
8099
8100
8101
8102
8103
8104
8105
8106
8107
8108
8109
8110
8111
8112
8113
8114
8115
8116
8117
8118
8119
8120
8121
8122
8123
8124
8125
8126
8127
8128
8129
8130
8131
8132
8133
8134
8135
8136
8137
8138
8139
8140
8141
8142
8143
8144
8145
8146
8147
8148
8149
8150
8151
8152
8153
8154
8155
8156
8157
8158
8159
8160
8161
8162
8163
8164
8165
8166
8167
8168
8169
8170
8171
8172
8173
8174
8175
8176
8177
8178
8179
8180
8181
8182
8183
8184
8185
8186
8187
8188
8189
8190
8191
8192
8193
8194
8195
8196
8197
8198
8199
8200
8201
8202
8203
8204
8205
8206
8207
8208
8209
8210
8211
8212
8213
8214
8215
8216
8217
8218
8219
8220
8221
8222
8223
8224
8225
8226
8227
8228
8229
8230
8231
8232
8233
8234
8235
8236
8237
8238
8239
8240
8241
8242
8243
8244
8245
8246
8247
8248
8249
8250
8251
8252
8253
8254
8255
8256
8257
8258
8259
8260
8261
8262
8263
8264
8265
8266
8267
8268
8269
8270
8271
8272
8273
8274
8275
8276
8277
8278
8279
8280
8281
8282
8283
8284
8285
8286
8287
8288
8289
8290
8291
8292
8293
8294
8295
8296
8297
8298
8299
8300
8301
8302
8303
8304
8305
8306
8307
8308
8309
8310
8311
8312
8313
8314
8315
8316
8317
8318
8319
8320
8321
8322
8323
8324
8325
8326
8327
8328
8329
8330
8331
8332
8333
8334
8335
8336
8337
8338
8339
8340
8341
8342
8343
8344
8345
8346
8347
8348
8349
8350
8351
8352
8353
8354
8355
8356
8357
8358
8359
8360
8361
8362
8363
8364
8365
8366
8367
8368
8369
8370
8371
8372
8373
8374
8375
8376
8377
8378
8379
8380
8381
8382
8383
8384
8385
8386
8387
8388
8389
8390
8391
8392
8393
8394
8395
8396
8397
8398
8399
8400
8401
8402
8403
8404
8405
8406
8407
8408
8409
8410
8411
8412
8413
8414
8415
8416
8417
8418
8419
8420
8421
8422
8423
8424
8425
8426
8427
8428
8429
8430
8431
8432
8433
8434
8435
8436
8437
8438
8439
8440
8441
8442
8443
8444
8445
8446
8447
8448
8449
8450
8451
8452
8453
8454
8455
8456
8457
8458
8459
8460
8461
8462
8463
8464
8465
8466
8467
8468
8469
8470
8471
8472
8473
8474
8475
8476
8477
8478
8479
8480
8481
8482
8483
8484
8485
8486
8487
8488
8489
8490
8491
8492
8493
8494
8495
8496
8497
8498
8499
8500
8501
8502
8503
8504
8505
8506
8507
8508
8509
8510
8511
8512
8513
8514
8515
8516
8517
8518
8519
8520
8521
8522
8523
8524
8525
8526
8527
8528
8529
8530
8531
8532
8533
8534
8535
8536
8537
8538
8539
8540
8541
8542
8543
8544
8545
8546
8547
8548
8549
8550
8551
8552
8553
8554
8555
8556
8557
8558
8559
8560
8561
8562
8563
8564
8565
8566
8567
8568
8569
8570
8571
8572
8573
8574
8575
8576
8577
8578
8579
8580
8581
8582
8583
8584
8585
8586
8587
8588
8589
8590
8591
8592
8593
8594
8595
8596
8597
8598
8599
8600
8601
8602
8603
8604
8605
8606
8607
8608
8609
8610
8611
8612
8613
8614
8615
8616
8617
8618
8619
8620
8621
8622
8623
8624
8625
8626
8627
8628
8629
8630
8631
8632
8633
8634
8635
8636
8637
8638
8639
8640
8641
8642
8643
8644
8645
8646
8647
8648
8649
8650
8651
8652
8653
8654
8655
8656
8657
8658
8659
8660
8661
8662
8663
8664
8665
8666
8667
8668
8669
8670
8671
8672
8673
8674
8675
8676
8677
8678
8679
8680
8681
8682
8683
8684
8685
8686
8687
8688
8689
8690
8691
8692
8693
8694
8695
8696
8697
8698
8699
8700
8701
8702
8703
8704
8705
8706
8707
8708
8709
8710
8711
8712
8713
8714
8715
8716
8717
8718
8719
8720
8721
8722
8723
8724
8725
8726
8727
8728
8729
8730
8731
8732
8733
8734
8735
8736
8737
8738
8739
8740
8741
8742
8743
8744
8745
8746
8747
8748
8749
8750
8751
8752
8753
8754
8755
8756
8757
8758
8759
8760
8761
8762
8763
8764
8765
8766
8767
8768
8769
8770
8771
8772
8773
8774
8775
8776
8777
8778
8779
8780
8781
8782
8783
8784
8785
8786
8787
8788
8789
8790
8791
8792
8793
8794
8795
8796
8797
8798
8799
8800
8801
8802
8803
8804
8805
8806
8807
8808
8809
8810
8811
8812
8813
8814
8815
8816
8817
8818
8819
8820
8821
8822
8823
8824
8825
8826
8827
8828
8829
8830
8831
8832
8833
8834
8835
8836
8837
8838
8839
8840
8841
8842
8843
8844
8845
8846
8847
8848
8849
8850
8851
8852
8853
8854
8855
8856
8857
8858
8859
8860
8861
8862
8863
8864
8865
8866
8867
8868
8869
8870
8871
8872
8873
8874
8875
8876
8877
8878
8879
8880
8881
8882
8883
8884
8885
8886
8887
8888
8889
8890
8891
8892
8893
8894
8895
8896
8897
8898
8899
8900
8901
8902
8903
8904
8905
8906
8907
8908
8909
8910
8911
8912
8913
8914
8915
8916
8917
8918
8919
8920
8921
8922
8923
8924
8925
8926
8927
8928
8929
8930
8931
8932
8933
8934
8935
8936
8937
8938
8939
8940
8941
8942
8943
8944
8945
8946
8947
8948
8949
8950
8951
8952
8953
8954
8955
8956
8957
8958
8959
8960
8961
8962
8963
8964
8965
8966
8967
8968
8969
8970
8971
8972
8973
8974
8975
8976
8977
8978
8979
8980
8981
8982
8983
8984
8985
8986
8987
8988
8989
8990
8991
8992
8993
8994
8995
8996
8997
8998
8999
9000
9001
9002
9003
9004
9005
9006
9007
9008
9009
9010
9011
9012
9013
9014
9015
9016
9017
9018
9019
9020
9021
9022
9023
9024
9025
9026
9027
9028
9029
9030
9031
9032
9033
9034
9035
9036
9037
9038
9039
9040
9041
9042
9043
9044
9045
9046
9047
9048
9049
9050
9051
9052
9053
9054
9055
9056
9057
9058
9059
9060
9061
9062
9063
9064
9065
9066
9067
9068
9069
9070
9071
9072
9073
9074
9075
9076
9077
9078
9079
9080
9081
9082
9083
9084
9085
9086
9087
9088
9089
9090
9091
9092
9093
9094
9095
9096
9097
9098
9099
9100
9101
9102
9103
9104
9105
9106
9107
9108
9109
9110
9111
9112
9113
9114
9115
9116
9117
9118
9119
9120
9121
9122
9123
9124
9125
9126
9127
9128
9129
9130
9131
9132
9133
9134
9135
9136
9137
9138
9139
9140
9141
9142
9143
9144
9145
9146
9147
9148
9149
9150
9151
9152
9153
9154
9155
9156
9157
9158
9159
9160
9161
9162
9163
9164
9165
9166
9167
9168
9169
9170
9171
9172
9173
9174
9175
9176
9177
9178
9179
9180
9181
9182
9183
9184
9185
9186
9187
9188
9189
9190
9191
9192
9193
9194
9195
9196
9197
9198
9199
9200
9201
9202
9203
9204
9205
9206
9207
9208
9209
9210
9211
9212
9213
9214
9215
9216
9217
9218
9219
9220
9221
9222
9223
9224
9225
9226
9227
9228
9229
9230
9231
9232
9233
9234
9235
9236
9237
9238
9239
9240
9241
9242
9243
9244
9245
9246
9247
9248
9249
9250
9251
9252
9253
9254
9255
9256
9257
9258
9259
9260
9261
9262
9263
9264
9265
9266
9267
9268
9269
9270
9271
9272
9273
9274
9275
9276
9277
9278
9279
9280
9281
9282
9283
9284
9285
9286
9287
9288
9289
9290
9291
9292
9293
9294
9295
9296
9297
9298
9299
9300
9301
9302
9303
9304
9305
9306
9307
9308
9309
9310
9311
9312
9313
9314
9315
9316
9317
9318
9319
9320
9321
9322
9323
9324
9325
9326
9327
9328
9329
9330
9331
9332
9333
9334
9335
9336
9337
9338
9339
9340
9341
9342
9343
9344
9345
9346
9347
9348
9349
9350
9351
9352
9353
9354
9355
9356
9357
9358
9359
9360
9361
9362
9363
9364
9365
9366
9367
9368
9369
9370
9371
9372
9373
9374
9375
9376
9377
9378
9379
9380
9381
9382
9383
9384
9385
9386
9387
9388
9389
9390
9391
9392
9393
9394
9395
9396
9397
9398
9399
9400
9401
9402
9403
9404
9405
9406
9407
9408
9409
9410
9411
9412
9413
9414
9415
9416
9417
9418
9419
9420
9421
9422
9423
9424
9425
9426
9427
9428
9429
9430
9431
9432
9433
9434
9435
9436
9437
9438
9439
9440
9441
9442
9443
9444
9445
9446
9447
9448
9449
9450
9451
9452
9453
9454
9455
9456
9457
9458
9459
9460
9461
9462
9463
9464
9465
9466
9467
9468
9469
9470
9471
9472
9473
9474
9475
9476
9477
9478
9479
9480
9481
9482
9483
9484
9485
9486
9487
9488
9489
9490
9491
9492
9493
9494
9495
9496
9497
9498
9499
9500
9501
9502
9503
9504
9505
9506
9507
9508
9509
9510
9511
9512
9513
9514
9515
9516
9517
9518
9519
9520
9521
9522
9523
9524
9525
9526
9527
9528
9529
9530
9531
9532
9533
9534
9535
9536
9537
9538
9539
9540
9541
9542
9543
9544
9545
9546
9547
9548
9549
9550
9551
9552
9553
9554
9555
9556
9557
9558
9559
9560
9561
9562
9563
9564
9565
9566
9567
9568
9569
9570
9571
9572
9573
9574
9575
9576
9577
9578
9579
9580
9581
9582
9583
9584
9585
9586
9587
9588
9589
9590
9591
9592
9593
9594
9595
9596
9597
9598
9599
9600
9601
9602
9603
9604
9605
9606
9607
9608
9609
9610
9611
9612
9613
9614
9615
9616
9617
9618
9619
9620
9621
9622
9623
9624
9625
9626
9627
9628
9629
9630
9631
9632
9633
9634
9635
9636
9637
9638
9639
9640
9641
9642
9643
9644
9645
9646
9647
9648
9649
9650
9651
9652
9653
9654
9655
9656
9657
9658
9659
9660
9661
9662
9663
9664
9665
9666
9667
9668
9669
9670
9671
9672
9673
9674
9675
9676
9677
9678
9679
9680
9681
9682
9683
9684
9685
9686
9687
9688
9689
9690
9691
9692
9693
9694
9695
9696
9697
9698
9699
9700
9701
9702
9703
9704
9705
9706
9707
9708
9709
9710
9711
9712
9713
9714
9715
9716
9717
9718
9719
9720
9721
9722
9723
9724
9725
9726
9727
9728
9729
9730
9731
9732
9733
9734
9735
9736
9737
9738
9739
9740
9741
9742
9743
9744
9745
9746
9747
9748
9749
9750
9751
9752
9753
9754
9755
9756
9757
9758
9759
9760
9761
9762
9763
9764
9765
9766
9767
9768
9769
9770
9771
9772
9773
9774
9775
9776
9777
9778
9779
9780
9781
9782
9783
9784
9785
9786
9787
9788
9789
9790
9791
9792
9793
9794
9795
9796
9797
9798
9799
9800
9801
9802
9803
9804
9805
9806
9807
9808
9809
9810
9811
9812
9813
9814
9815
9816
9817
9818
9819
9820
9821
9822
9823
9824
9825
9826
9827
9828
9829
9830
9831
9832
9833
9834
9835
9836
9837
9838
9839
9840
9841
9842
9843
9844
9845
9846
9847
9848
9849
9850
9851
9852
9853
9854
9855
9856
9857
9858
9859
9860
9861
9862
9863
9864
9865
9866
9867
9868
9869
9870
9871
9872
9873
9874
9875
9876
9877
9878
9879
9880
9881
9882
9883
9884
9885
9886
9887
9888
9889
9890
9891
9892
9893
9894
9895
9896
9897
9898
9899
9900
9901
9902
9903
9904
9905
9906
9907
9908
9909
9910
9911
9912
9913
9914
9915
9916
9917
9918
9919
9920
9921
9922
9923
9924
9925
9926
9927
9928
9929
9930
9931
9932
9933
9934
9935
9936
9937
9938
9939
9940
9941
9942
9943
9944
9945
9946
9947
9948
9949
9950
9951
9952
9953
9954
9955
9956
9957
9958
9959
9960
9961
9962
9963
9964
9965
9966
9967
9968
9969
9970
9971
9972
9973
9974
9975
9976
9977
9978
9979
9980
9981
9982
9983
9984
9985
9986
9987
9988
9989
9990
9991
9992
9993
9994
9995
9996
9997
9998
9999
10000
10001
10002
10003
10004
10005
10006
10007
10008
10009
10010
10011
10012
10013
10014
10015
10016
10017
10018
10019
10020
10021
10022
10023
10024
10025
10026
10027
10028
10029
10030
10031
10032
10033
10034
10035
10036
10037
10038
10039
10040
10041
10042
10043
10044
10045
10046
10047
10048
10049
10050
10051
10052
10053
10054
10055
10056
10057
10058
10059
10060
10061
10062
10063
10064
10065
10066
10067
10068
10069
10070
10071
10072
10073
10074
10075
10076
10077
10078
10079
10080
10081
10082
10083
10084
10085
10086
10087
10088
10089
10090
10091
10092
10093
10094
10095
10096
10097
10098
10099
10100
10101
10102
10103
10104
10105
10106
10107
10108
10109
10110
10111
10112
10113
10114
10115
10116
10117
10118
10119
10120
10121
10122
10123
10124
10125
10126
10127
10128
10129
10130
10131
10132
10133
10134
10135
10136
10137
10138
10139
10140
10141
10142
10143
10144
10145
10146
10147
10148
10149
10150
10151
10152
10153
10154
10155
10156
10157
10158
10159
10160
10161
10162
10163
10164
10165
10166
10167
10168
10169
10170
10171
10172
10173
10174
10175
10176
10177
10178
10179
10180
10181
10182
10183
10184
10185
10186
10187
10188
10189
10190
10191
10192
10193
10194
10195
10196
10197
10198
10199
10200
10201
10202
10203
10204
10205
10206
10207
10208
10209
10210
10211
10212
10213
10214
10215
10216
10217
10218
10219
10220
10221
10222
10223
10224
10225
10226
10227
10228
10229
10230
10231
10232
10233
10234
10235
10236
10237
10238
10239
10240
10241
10242
10243
10244
10245
10246
10247
10248
10249
10250
10251
10252
10253
10254
10255
10256
10257
10258
10259
10260
10261
10262
10263
10264
10265
10266
10267
10268
10269
10270
10271
10272
10273
10274
10275
10276
10277
10278
10279
10280
10281
10282
10283
10284
10285
10286
10287
10288
10289
10290
10291
10292
10293
10294
10295
10296
10297
10298
10299
10300
10301
10302
10303
10304
10305
10306
10307
10308
10309
10310
10311
10312
10313
10314
10315
10316
10317
10318
10319
10320
10321
10322
10323
10324
10325
10326
10327
10328
10329
10330
10331
10332
10333
10334
10335
10336
10337
10338
10339
10340
10341
10342
10343
10344
10345
10346
10347
10348
10349
10350
10351
10352
10353
10354
10355
10356
10357
10358
10359
10360
10361
10362
10363
10364
10365
10366
10367
10368
10369
10370
10371
10372
10373
10374
10375
10376
10377
10378
10379
10380
10381
10382
10383
10384
10385
10386
10387
10388
10389
10390
10391
10392
10393
10394
10395
10396
10397
10398
10399
10400
10401
10402
10403
10404
10405
10406
10407
10408
10409
10410
10411
10412
10413
10414
10415
10416
10417
10418
10419
10420
10421
10422
10423
10424
10425
10426
10427
10428
10429
10430
10431
10432
10433
10434
10435
10436
10437
10438
10439
10440
10441
10442
10443
10444
10445
10446
10447
10448
10449
10450
10451
10452
10453
10454
10455
10456
10457
10458
10459
10460
10461
10462
10463
10464
10465
10466
10467
10468
10469
10470
10471
10472
10473
10474
10475
10476
10477
10478
10479
10480
10481
10482
10483
10484
10485
10486
10487
10488
10489
10490
10491
10492
10493
10494
10495
10496
10497
10498
10499
10500
10501
10502
10503
10504
10505
10506
10507
10508
10509
10510
10511
10512
10513
10514
10515
10516
10517
10518
10519
10520
10521
10522
10523
10524
10525
10526
10527
10528
10529
10530
10531
10532
10533
10534
10535
10536
10537
10538
10539
10540
10541
10542
10543
10544
10545
10546
10547
10548
10549
10550
10551
10552
10553
10554
10555
10556
10557
10558
10559
10560
10561
10562
10563
10564
10565
10566
10567
10568
10569
10570
10571
10572
10573
10574
10575
10576
10577
10578
10579
10580
10581
10582
10583
10584
10585
10586
10587
10588
10589
10590
10591
10592
10593
10594
10595
10596
10597
10598
10599
10600
10601
10602
10603
10604
10605
10606
10607
10608
10609
10610
10611
10612
10613
10614
10615
10616
10617
10618
10619
10620
10621
10622
10623
10624
10625
10626
10627
10628
10629
10630
10631
10632
10633
10634
10635
10636
10637
10638
10639
10640
10641
10642
10643
10644
10645
10646
10647
10648
10649
10650
10651
10652
10653
10654
10655
10656
10657
10658
10659
10660
10661
10662
10663
10664
10665
10666
10667
10668
10669
10670
10671
10672
10673
10674
10675
10676
10677
10678
10679
10680
10681
10682
10683
10684
10685
10686
10687
10688
10689
10690
10691
10692
10693
10694
10695
10696
10697
10698
10699
10700
10701
10702
10703
10704
10705
10706
10707
10708
10709
10710
10711
10712
10713
10714
10715
10716
10717
10718
10719
10720
10721
10722
10723
10724
10725
10726
10727
10728
10729
10730
10731
10732
10733
10734
10735
10736
10737
10738
10739
10740
10741
10742
10743
10744
10745
10746
10747
10748
10749
10750
10751
10752
10753
10754
10755
10756
10757
10758
10759
10760
10761
10762
10763
10764
10765
10766
10767
10768
10769
0.2511785743814525 0.2057660180421045 0
0.2529701310480003 0.2059673711051354 0
0.2551199990478578 0.2062089947807725 0
0.2576998406476867 0.206498943191537 0
0.2607956505674814 0.2068468812844544 0
0.2000004197560202 0.1484976365629494 0
0.2000009234632444 0.1466948004384888 0
0.2000015279119136 0.1445313970891361 0
0.2000022532503165 0.1419353130699129 0
0.2000031236563999 0.1388200122468449 0
0.1829894515702428 0.1513879162975401 0
0.1823935371077676 0.1496864156955116 0
0.1816784397527974 0.1476446149730775 0
0.1808203229268331 0.1451944541061565 0
0.179790582735676 0.1422542610658514 0
0.1885392368034539 0.1497890017353873 0
0.1881375769487211 0.1480314785616016 0
0.1876555851230418 0.1459224507530588 0
0.1870771949322266 0.1433916173828075 0
0.1863831267032484 0.1403546173385059 0
0.1942331477559089 0.1488215196105734 0
0.1940307936146019 0.1470300757385008 0
0.1937879686450336 0.1448803430920137 0
0.1934965786815515 0.1423006639162291 0
0.193146910725373 0.1392050489052876 0
0.1999995802440158 0.251502363437056 0
0.1999990765368348 0.2533051995615233 0
0.1999984720882175 0.255468602910884 0
0.1999977467498769 0.2580646869301169 0
0.199996876343868 0.2611799877531964 0
0.1484976365629457 0.1999995802440472 0
0.1466948004384805 0.1999990765369039 0
0.1445313970891222 0.199998472088332 0
0.1419353130698924 0.1999977467500456 0
0.1388200122468165 0.199996876344102 0
0.1635820328399051 0.163582626293148 0
0.162306879019015 0.1623081848160876 0
0.1607766944339468 0.1607788550436151 0
0.158940472931865 0.1589436593166481 0
0.1567370071293668 0.1567414244442877 0
0.1678884735245713 0.1597340924950867 0
0.1667640297753062 0.1583248925092642 0
0.1654146972761881 0.1566338525262771 0
0.1637954982772464 0.1546046045466927 0
0.1618524594785164 0.1521695069711914 0
0.1725987352849111 0.1563919258417456 0
0.171639142139741 0.1548656888545377 0
0.1704876303655369 0.1530342044698883 0
0.1691058162364919 0.150836423208309 0
0.167447639281638 0.1481990856944138 0
0.1776535838806777 0.1535981560021654 0
0.1768709087803174 0.1519740753291021 0
0.1759316986598851 0.1500251785214262 0
0.1748046465153664 0.1476865023522151 0
0.1734521839419438 0.1448800909491617 0
0.2057660180377364 0.1488214256180648 0
0.205967371100494 0.1470298689514975 0
0.206208994775803 0.1448800009516167 0
0.2064989431861739 0.1423001593517598 0
0.206846881278619 0.1392043494319315 0
0.211459944795366 0.1497888149406257 0
0.2118606224963106 0.1480310675966078 0
0.2123414357374441 0.1459217707837862 0
0.2129184116268044 0.1433906146084004 0
0.2136107826940366 0.1403532271979374 0
0.217009756127832 0.1513876390590748 0
0.2176047197124403 0.149685805730453 0
0.2183186760139702 0.1476436057361068 0
0.2191754235758062 0.1451929657428915 0
0.2202035206500093 0.142252197751033 0
0.1513876390590748 0.182990243872168 0
0.149685805730453 0.1823952802875597 0
0.1476436057361069 0.1816813239860297 0
0.1451929657428915 0.1808245764241938 0
0.1422521977510331 0.1797964793499907 0
0.1535977918105386 0.1776543401323405 0
0.1519732740389135 0.1768725726764452 0
0.1500238527129633 0.1759344517293708 0
0.1476845471218231 0.1748087065928815 0
0.1448773804124549 0.1734578124290944 0
0.1563914792750398 0.1725994459917061 0
0.1548647063142033 0.1716407058436243 0
0.1530325787611996 0.1704902176659261 0
0.150834025697595 0.1691096318526883 0
0.1481957620212696 0.1674529288768029 0
0.1597335691902264 0.1678891297280504 0
0.1583237410963105 0.1667654736013499 0
0.1566319473836115 0.1654170862493093 0
0.1546017949283727 0.1637990214268605 0
0.1521656119820861 0.161857343639922 0
0.2515023634370524 0.1999995802444005 0
0.2533051995615152 0.1999990765376812 0
0.2554686029108706 0.199998472089618 0
0.2580646869300972 0.1999977467519421 0
0.261179987753169 0.1999968763467311 0
0.1488214256180649 0.1942339819622636 0
0.1470298689514976 0.194032628899506 0
0.1448800009516168 0.1937910052241969 0
0.1423001593517599 0.1935010568138261 0
0.1392043494319316 0.193153118721381 0
0.1497888149406258 0.188540055204634 0
0.1480310675966078 0.1881393775036894 0
0.1459217707837863 0.1876585642625558 0
0.1433906146084004 0.1870815883731956 0
0.1403532271979374 0.1863892173059634 0
0.2502109982646127 0.1885392368034538 0
0.2519685214383983 0.188137576948721 0
0.2540775492469411 0.1876555851230417 0
0.2566083826171924 0.1870771949322265 0
0.2596453826614941 0.1863831267032483 0
0.2511784803894265 0.1942331477559089 0
0.2529699242614992 0.1940307936146019 0
0.2551196569079863 0.1937879686450335 0
0.2576993360837709 0.1934965786815515 0
0.2607949510947124 0.193146910725373 0
0.1535981560279936 0.2223464161729272 0
0.1519740753555546 0.2231290912745503 0
0.1500251785486277 0.2240683013964982 0
0.1476865023803156 0.2251953535428355 0
0.1448800909783409 0.2265478161184404 0
0.1513879163090665 0.2170105484627365 0
0.149686415707479 0.2176064629265188 0
0.147644614985574 0.2183215602830576 0
0.1451944541192881 0.2191796771109042 0
0.142254261079745 0.22020941730432 0
0.1497890017415411 0.2114607632235535 0
0.1480314785679378 0.2118624230791404 0
0.1459224507596139 0.2123444149058447 0
0.1433916173896251 0.2129228050978898 0
0.1403546173456386 0.2136168733283439 0
0.1488215196116108 0.205766852253398 0
0.1470300757395703 0.205969206395111 0
0.1448803430931217 0.2062120313651666 0
0.1423006639173834 0.2065034213292333 0
0.1392050489064974 0.2068530892861133 0
0.1678891297258912 0.2402664308080504 0
0.1667654735991998 0.2416762589019721 0
0.1654170862471702 0.2433680526146782 0
0.1637990214247346 0.2453982050699255 0
0.161857343637812 0.2478343880162222 0
0.1635826262964431 0.2364179671633783 0
0.1623081848195335 0.2376931209844055 0
0.1607788550472421 0.239223305569638 0
0.1589436593204923 0.2410595270719171 0
0.1567414244483926 0.2432629928746519 0
0.159734092505568 0.2321115264885706 0
0.1583248925199902 0.2332359702381411 0
0.1566338525372968 0.2345853027376257 0
0.1546046045580647 0.2362045017370072 0
0.1521695069829862 0.2381475405362651 0
0.1563919258452852 0.2274012647206884 0
0.1548656888585105 0.2283608578665078 0
0.1530342044743809 0.2295123696414909 0
0.1508364232134254 0.2308941837714708 0
0.1481990857002788 0.2325523607274465 0
0.2402659075049133 0.1678884735245712 0
0.2416751074907358 0.1667640297753061 0
0.2433661474737228 0.165414697276188 0
0.2453953954533073 0.1637954982772463 0
0.2478304930288086 0.1618524594785163 0
0.2436080741582544 0.172598735284911 0
0.2451343111454622 0.1716391421397409 0
0.2469657955301117 0.1704876303655368 0
0.249163576791691 0.1691058162364919 0
0.2518009143055862 0.167447639281638 0
0.2464018439978346 0.1776535838806776 0
0.2480259246708978 0.1768709087803174 0
0.2499748214785738 0.1759316986598851 0
0.2523134976477849 0.1748046465153663 0
0.2551199090508383 0.1734521839419438 0
0.2486120837024599 0.1829894515702427 0
0.2503135843044884 0.1823935371077675 0
0.2523553850269225 0.1816784397527973 0
0.2548055458938434 0.1808203229268331 0
0.2577457389341486 0.1797905827356759 0
0.1885400551826621 0.2502111850543586 0
0.18813937748127 0.2519689323982736 0
0.1876585642395996 0.2540782292109717 0
0.187081588349595 0.2566093853862094 0
0.1863892172815894 0.2596467727964946 0
0.1829902438693656 0.2486123609399532 0
0.1823952802841731 0.250314194268381 0
0.181681323981942 0.2523563942624943 0
0.1808245764192646 0.2548070342554304 0
0.1797964793440519 0.2577478022469536 0
0.177654340094548 0.2464022081712594 0
0.1768725726379807 0.2480267259425585 0
0.1759344516901 0.2499761472681174 0
0.1748087065526431 0.2523154528587881 0
0.1734578123876949 0.255122619567593 0
0.1725994459933876 0.2436085207259976 0
0.1716407058450128 0.245135293686627 0
0.170490217666963 0.2469674212393824 0
0.1691096318533033 0.2491659743026887 0
0.1674529288769116 0.2518042379786564 0
0.1942339819578955 0.2511785743814524 0
0.1940326288948646 0.2529701310480003 0
0.1937910052192275 0.2551199990478577 0
0.193501056808463 0.2576998406476866 0
0.1931531187155455 0.2607956505674813 0
0.2223456598676594 0.1535977918105386 0
0.2231274273235548 0.1519732740389134 0
0.2240655482706292 0.1500238527129633 0
0.2251912934071184 0.1476845471218231 0
0.2265421875709056 0.1448773804124548 0
0.2274005540082939 0.1563914792750397 0
0.2283592941563757 0.1548647063142033 0
0.2295097823340739 0.1530325787611995 0
0.2308903681473117 0.150834025697595 0
0.2325470711231971 0.1481957620212696 0
0.2321108702719496 0.1597335691902263 0
0.2332345263986501 0.1583237410963105 0
0.2345829137506907 0.1566319473836114 0
0.2362009785731395 0.1546017949283726 0
0.238142656360078 0.152165611982086 0
0.236417373706852 0.1635820328399051 0
0.2376918151839124 0.1623068790190149 0
0.2392211449563849 0.1607766944339467 0
0.2410563406833519 0.1589404729318649 0
0.2432585755557122 0.1567370071293668 0
0.2223464161729272 0.2464018439720064 0
0.2231290912745504 0.2480259246444454 0
0.2240683013964982 0.2499748214513722 0
0.2251953535428356 0.2523134976196844 0
0.2265478161184405 0.255119909021659 0
0.2170105484627366 0.2486120836909335 0
0.2176064629265189 0.2503135842925209 0
0.2183215602830577 0.2523553850144259 0
0.2191796771109042 0.2548055458807119 0
0.2202094173043201 0.257745738920255 0
0.2114607632235536 0.2502109982584588 0
0.2118624230791405 0.2519685214320621 0
0.2123444149058447 0.2540775492403861 0
0.2129228050978899 0.2566083826103748 0
0.213616873328344 0.2596453826543614 0
0.205766852253398 0.2511784803883891 0
0.205969206395111 0.2529699242604296 0
0.2062120313651666 0.2551196569068783 0
0.2065034213292333 0.2576993360826166 0
0.2068530892861133 0.2607949510935026 0
0.2402664308080504 0.2321108702741088 0
0.2416762589019722 0.2332345264008002 0
0.2433680526146782 0.2345829137528298 0
0.2453982050699255 0.2362009785752654 0
0.2478343880162223 0.238142656362188 0
0.2364179671633784 0.2364173737035569 0
0.2376931209844055 0.2376918151804664 0
0.2392233055696381 0.2392211449527579 0
0.2410595270719171 0.2410563406795077 0
0.243262992874652 0.2432585755516073 0
0.2321115264885706 0.240265907494432 0
0.2332359702381411 0.2416751074800098 0
0.2345853027376257 0.2433661474627032 0
0.2362045017370073 0.2453953954419353 0
0.2381475405362651 0.2478304930170138 0
0.2274012647206885 0.2436080741547148 0
0.2283608578665078 0.2451343111414895 0
0.229512369641491 0.2469657955256191 0
0.2308941837714708 0.2491635767865746 0
0.2325523607274466 0.2518009142997211 0
0.2502111850543586 0.2114599448173378 0
0.2519689323982737 0.2118606225187299 0
0.2540782292109718 0.2123414357604004 0
0.2566093853862095 0.212918411650405 0
0.2596467727964947 0.2136107827184105 0
0.2486123609399533 0.2170097561306343 0
0.2503141942683811 0.2176047197158269 0
0.2523563942624944 0.218318676018058 0
0.2548070342554304 0.2191754235807353 0
0.2577478022469537 0.2202035206559481 0
0.2464022081712594 0.222345659905452 0
0.2480267259425585 0.2231274273620193 0
0.2499761472681175 0.2240655483099 0
0.2523154528587882 0.2251912934473569 0
0.2551226195675931 0.2265421876123051 0
0.2436085207259977 0.2274005540066123 0
0.2451352936866271 0.2283592941549872 0
0.2469674212393824 0.2295097823330369 0
0.2491659743026888 0.2308903681466967 0
0.2518042379786565 0.2325470711230884 0
0.2664285821797643 0.1965601377597317 0
0.2641697675863137 0.2183432047611395 0
0.262189597185605 0.1743633236704598 0
0.2552040220889812 0.2386225052976648 0
0.4576742356826327 0.02178246710995341 0
0.4556512952841119 0.3854110741426511 0
0.2492601895023289 0.1555313497181002 0
0.1554568297623575 0.2498489525283998 0
0.1495566576502834 0.155461503125626 0
0.2383717092208386 0.2546068010358953 0
0.1410582171502955 0.2321104437108686 0
0.1747871025339273 0.2620249256361784 0
0.2324334008666359 0.1415077685349823 0
0.1675957267374853 0.1416545177015553 0
0.3808112437519607 0.01785923516723693 0
0.376857703239892 0.3904719068217009 0
0.2186587355175434 0.2647303065851304 0
0.1383397040570332 0.1745359772954337 0
0.1969562407196231 0.2666892855912719 0
0.1341885548621256 0.2110296483290651 0
0.2119029493906226 0.1341915045335198 0
0.1894267088599993 0.1345162434726043 0
0.5551084496069831 0.379475467223253 0
0.3105081414167651 0.01800744700900306 0
0.01661941482710051 0.3106117501162756 0
0.3088035319586113 0.3956532871081047 0
0.01616992936125341 0.09776793220407191 0
0.1227662665717484 0.3933124108150951 0
0.1183226565840358 0.01662205640819012 0
0.5509362969870136 0.0302886412260893 0
0.2494506202040005 0.3944207115287395 0
0.01462818636766769 0.2553277036267829 0
0.258354854716292 0.01277667201600583 0
0.01639371801617686 0.1510647279762651 0
0.1793988949353885 0.3954207312777845 0
0.01394463250677803 0.2024572551419322 0
0.1723879518075689 0.01355731995552299 0
0.6805331846103837 0.3705826961378425 0
2.157562041745669 0.2040420819213971 0
1.928969386991678 0.03978320267037447 0
1.77869194884534 0.0414558540092995 0
1.635857599801116 0.04686705472304407 0
1.472027280525554 0.04310531927460461 0
1.321421745964911 0.0393731873770756 0
1.182568357025246 0.04366514643204488 0
1.028910679374506 0.04564404094087218 0
0.8818369624980381 0.04636337102515472 0
0.1330736683378218 0.1959744719297316 0
0.6769669632379403 0.03911456638756588 0
0.8234723995098627 0.3612532986176407 0
0.9817737790758656 0.3651227399401449 0
1.132333423366653 0.3684269970098277 0
1.282252957724371 0.3727715701052312 0
1.431961230496722 0.3677300191292014 0
1.577064136542172 0.3636845624889439 0
1.726403659272182 0.3667337203394084 0
1.874873936517336 0.3674023389299579 0
2.023415574309463 0.3699990153112948 0
0.05709770550709566 0.01564063341560079 0
0.06180145722063675 0.3916676509132406 0
0.2228748175689599 0.01437072570832041 0
0.2146361923278557 0.3949782826857955 0
0.7760100878601806 0.04077051384921777 0
2.028714343350612 0.04278977733768548 0
2.162511417180926 0.2963062798666002 0
2.159996250088946 0.1139654768876352 0
0.01926377008920252 0.3495173841916339 0
0.0172242401814314 0.05951160497954577 0
2.12630432965352 0.04110673034383173 0
2.128991711936785 0.3710236239492817 0
0.1332331187785906 0.2050153519600421 0
0.128373787879794 0.2087329808856059 0
0.1291828286459149 0.2147534951120997 0
0.1235317293399706 0.2123042031543024 0
0.124181270918378 0.2182873249634697 0
0.1185622230333527 0.2158055629570403 0
0.1192373835777954 0.222013766502148 0
0.1133952348952978 0.2194533479360237 0
0.1125741221289031 0.2130657798001718 0
0.1140527858558976 0.2260868648155067 0
0.1078635150659337 0.2233573977765747 0
0.1085909221758806 0.2304118526569237 0
0.1017040887275826 0.2273847231005005 0
0.1026018620587778 0.2352805975617281 0
0.09515184020472447 0.2318008579708516 0
0.09605228325083928 0.2401567327342814 0
0.09410972285570317 0.2235436829004593 0
0.1038015715458266 0.2434522399448208 0
0.09703408001885397 0.2487564995526891 0
0.1050777887675169 0.2521779435702963 0
0.09800634492388136 0.2576033413756174 0
0.1063975356054117 0.2611207115133145 0
0.09906456417031971 0.2667309512127636 0
0.1073024600550652 0.2704017464711123 0
0.1000943941466649 0.2762211789926997 0
0.1088916295264722 0.2801592644749406 0
0.1012203635632244 0.2861631178775763 0
0.1109576439378614 0.2902190996941781 0
0.1024631909323251 0.2966967944574214 0
0.1124449153183138 0.3005921574280219 0
0.1208000631847356 0.2941262645107353 0
0.1223236278102695 0.3042737628201796 0
0.1302300482094599 0.297812418735417 0
0.131904562063357 0.3078438366810152 0
0.1396237923416202 0.3015145771913158 0
0.1411124268137642 0.3112000569289802 0
0.1488593027422668 0.3051389416522717 0
0.1497341637544644 0.3147936262358809 0
0.1579395886132926 0.308715710171123 0
0.1589496468824856 0.3185795923955579 0
0.1670976291796983 0.3123074845126662 0
0.08736787425214343 0.2287365408674917 0
0.08611300974421406 0.2193051947821416 0
0.1687532650404208 0.3220171251804003 0
0.1762501149902843 0.3157116676463041 0
0.1144055549911222 0.3126302074413837 0
0.09111288165124928 0.2728383299238132 0
0.178186338494128 0.3254894074235671 0
0.185728731960765 0.3192096961791346 0
0.07877365543311074 0.2251766387473826 0
0.07786859888797887 0.2151778802606935 0
0.1598429760806664 0.3286691017634363 0
0.1875779586117237 0.3293160997529435 0
0.195226168259336 0.3227753792071965 0
0.1934451262183832 0.3131390782785659 0
0.202812497403747 0.3164462740190208 0
0.204566665057446 0.3261616642841153 0
0.2121083504807105 0.3195409375048567 0
0.214177479693825 0.3295209333985293 0
0.2216291084889728 0.3226947354435704 0
0.2196442138631333 0.3136865479810022 0
0.2292159486962765 0.3162829192618037 0
0.2312071723404363 0.3255687376515679 0
0.2385494195615988 0.3187139044379266 0
0.2365971872726118 0.3093721798765002 0
0.2458090148873287 0.3116003802915623 0
0.2481864643301649 0.3212815368474513 0
0.25529979910081 0.3140443451707339 0
0.2527141446959089 0.3044595516664259 0
0.2621155891011411 0.306770357553543 0
0.2591650560309572 0.2975895439707408 0
0.2686810550242858 0.2995834173365838 0
0.2718385379642425 0.3089864421881126 0
0.2786788758081848 0.3015567762324529 0
0.2742726411216346 0.2908603569344353 0
0.2853323388419942 0.2933071995927622 0
0.2889456818519038 0.3037692217004253 0
0.2958002275964234 0.2954448038967438 0
0.292301453575731 0.2851852367642303 0
0.3025982381907055 0.287146367289549 0
0.2989848923462293 0.2771229624511891 0
0.3093961565656608 0.2788699543664298 0
0.3055523326656207 0.2691839079233979 0
0.3160435990510185 0.2705301444044811 0
0.312242168541234 0.2608401556266122 0
0.3224343488942912 0.2617873926431363 0
0.3194757673819196 0.2519780285204964 0
0.3296319725249148 0.2533251144544013 0
0.3269325564360275 0.2429491769306569 0
0.3373231089265994 0.2448843564785187 0
0.3337425084160217 0.233939441898975 0
0.3448275329429612 0.2359816498153827 0
0.3411919536784497 0.225317050300281 0
0.3526181614802819 0.2268239195592248 0
0.3489003046365751 0.215773412231098 0
0.3607940745816116 0.2172177411920673 0
0.3562305324115456 0.2050955437120619 0
0.3695105171512088 0.2066368204272142 0
0.3418957963294956 0.2574789626236361 0
0.3742022537130665 0.2197186367806025 0
0.3836132545897656 0.2086746114021668 0
0.3643216291699958 0.194037440617927 0
0.3884792115602706 0.2227639444349844 0
0.398097647450368 0.2112394535975037 0
0.4032577633706816 0.2253058007405216 0
0.4128330121324172 0.2137673696886065 0
0.4076162036084562 0.1997058550255465 0
0.4223944019892059 0.2022211651767518 0
0.4180377959795961 0.2278341297899612 0
0.3492675108899347 0.1923349696864255 0
0.3587275619974835 0.1819621251675688 0
0.3460969285150128 0.1794369196839334 0
0.3539391677178307 0.169953784722303 0
0.3413688915663193 0.1681334064714321 0
0.4084385765526909 0.2393810514334227 0
0.4232452183839187 0.2419028989957698 0
0.3490863133127105 0.1583363827635684 0
0.3366338721844284 0.1566925358129894 0
0.417175628343818 0.1881580694871678 0
0.431965513761544 0.1906760058222142 0
0.3196912473790257 0.2806219631280606 0
0.3443118956234369 0.1468293854378815 0
0.3320109613481543 0.1450298511855981 0
0.3569688289402474 0.1483130155711909 0
0.4136465021790771 0.2534525033323142 0
0.428265162764692 0.2558151700841932 0
0.4267437376742956 0.1766082908773205 0
0.4415337828128501 0.1791321254474074 0
0.4380001826861259 0.2443980099987309 0
0.3000443617268597 0.3054664056626597 0
0.3395266934985998 0.1353562328894974 0
0.327289395448594 0.1335264295474053 0
0.334892725636213 0.1238100429065239 0
0.3226115216693957 0.1227225736996282 0
0.4186985337794325 0.2673416926332638 0
0.3287836394230855 0.2234220343730504 0
0.4432418562871415 0.2584900741714428 0
0.4528131833146348 0.2469406651280418 0
0.4363125659428622 0.1650585121624024 0
0.451099726917728 0.1675763677151468 0
0.3140580762169271 0.1331913833898035 0
0.3107148860121605 0.1219441418970179 0
0.3294042790443242 0.165785716287561 0
0.4582510614060706 0.2609276379197973 0
0.4676413085195608 0.249451426723394 0
0.3300272874016775 0.1132302026493356 0
0.342955428907559 0.1138468970016026 0
0.4457163887195811 0.1537625996476464 0
0.4605056265754093 0.1560119159141101 0
0.4658600543669872 0.1700859753358978 0
0.4749888675674263 0.1582107819907643 0
0.4805931250236016 0.1725432373397243 0
0.4901538054552829 0.1609786516169213 0
0.4954349605228707 0.1750884255168017 0
0.5050137684283198 0.1635384941561907 0
0.5102451119298068 0.1776076051064388 0
0.5198122725677305 0.1660908268126979 0
0.5250414658426824 0.1801251601552205 0
0.5346035829849565 0.1686101410023121 0
0.5398285451788145 0.1826426982315264 0
0.5493974976847944 0.1710924532224102 0
0.5546175449266546 0.1851503395196596 0
0.5450485544464319 0.1967007802279769 0
0.559836956552022 0.199211501448776 0
0.5502678601357165 0.2107624880957377 0
0.5694061295195778 0.187660120297075 0
0.574625288410286 0.2017225846872107 0
0.584194449669954 0.1901712638717824 0
0.5894135644869044 0.2042339553947998 0
0.5989827164496316 0.1926826824908974 0
0.5937636138323897 0.1786199280970229 0
0.6085518692086053 0.1811314054835632 0
0.6137709716931391 0.1951941605613432 0
0.6233401201836815 0.1836429055512504 0
0.6285592234714148 0.1977056564897648 0
0.6381283714341403 0.1861544041997609 0
0.6433474747448222 0.2002171550200104 0
0.6338041017252796 0.2118097229460806 0
0.6529166225469077 0.1886659035578595 0
0.658144592939353 0.2027406920833819 0
0.6677063515066358 0.1911794092001701 0
0.6729254323716551 0.2052403894552556 0
0.6824936136471527 0.1936892759412663 0
0.6877125521291263 0.2077517546586824 0
0.678157975388732 0.2192971861866534 0
0.6972815113719952 0.1962004808374195 0
0.70250055578469 0.2102631825806779 0
0.7120696623439076 0.1987119192125096 0
0.7172887489644477 0.2127746598689243 0
0.7268578871110314 0.2012234047284641 0
0.485096620699018 0.1473224909319591 0
0.732073803447081 0.2152835167642616 0
0.7416456010611696 0.2037344613690788 0
0.3035205073180227 0.1298779160885238 0
0.2999601803086759 0.1202324861638751 0
0.7468484301856734 0.2178267593345403 0
0.7564314919178033 0.2062511774762927 0
0.4728582386435532 0.263515831913006 0
0.7616371997770821 0.2203470551636162 0
0.7712194360676554 0.2087650123710728 0
0.308489274783197 0.250539563192673 0
0.7764362479806741 0.222867546108433 0
0.7860094355350737 0.2112783995830717 0
0.7912218951048621 0.2254226540318304 0
0.8007975440421863 0.2137974816777028 0
0.8060119286891017 0.2279032916125701 0
0.8155860684659241 0.2163051011956628 0
0.8207983292030721 0.2304077641469835 0
0.8303740566973873 0.2188147827764563 0
0.8355862280691559 0.2329177894049164 0
0.8451622052888236 0.221325733488309 0
0.8503849265181667 0.2354280760261853 0
0.8599521805374098 0.2238369392825616 0
0.8649666204201512 0.2377577965473211 0
0.8747062928043499 0.226318093240525 0
0.7668543240579593 0.2344868413349883 0
0.8251560500020758 0.2047450769714785 0
0.7807910055164429 0.1972093329189536 0
0.7364269393858216 0.1896720765599905 0
0.8695156102573529 0.212273933779501 0
0.8843029083564304 0.2147834741307809 0
0.8865628451050065 0.2283427996107677 0
0.90336311962116 0.2206285673499553 0
0.2937008315268406 0.1285218779132107 0
0.2897574659250267 0.1190497114621658 0
0.2958858614969359 0.110762922101276 0
0.2855406867089758 0.1098331564023412 0
0.2969831002196834 0.1371722070092107 0
0.2916036820847362 0.1011922624323571 0
0.2811537526773576 0.1003994454823876 0
0.275555492448281 0.1087013340663513 0
0.2708748529988323 0.09954224097292087 0
0.2766854051494205 0.09094462916501012 0
0.2662119228571451 0.09053205357351997 0
0.2606204500200159 0.09916709987588476 0
0.2560640731069534 0.09025823702796629 0
0.250723287571586 0.09835149101979063 0
0.2464000312943659 0.08999506032014132 0
0.2414788522343591 0.09786843385500817 0
0.2371203019222898 0.08975157423670137 0
0.232363277136011 0.09739057620601489 0
0.2280949661459 0.08948254656035798 0
0.2233350419446551 0.09695175056543069 0
0.2192489441351972 0.08919753193894993 0
0.2146838787728282 0.09650816020093148 0
0.2105618090161535 0.08916993832480137 0
0.2060583731523412 0.09617509432999825 0
0.2019497816579077 0.0888909812564968 0
0.1973507750631108 0.09587490057507507 0
0.1934099225730338 0.08831189196323758 0
0.1884657495641875 0.09537932368360096 0
0.1849865656599207 0.08750323143004253 0
0.17974526750933 0.09498830684382133 0
0.1761057369907559 0.08706184732246243 0
0.1710625615007716 0.09483642139024245 0
0.1669511202979106 0.08689299556124921 0
0.1620093134727363 0.09467256408129641 0
0.1577433567925957 0.08657204384860008 0
0.1527501663342095 0.09438471603926689 0
0.1481963936495934 0.0859494803328188 0
0.1433050756032084 0.09406484465010706 0
0.1386277540121363 0.08554796545803918 0
0.1331568670988439 0.09394348626204985 0
0.1282790925769753 0.08550106134611492 0
0.1223335147338684 0.09384849414961816 0
0.1283625196529315 0.1033334766267541 0
0.1169696490506023 0.103038542098794 0
0.1115534843055304 0.09347124754565234 0
0.1061600813832096 0.1029750066732539 0
0.111502447440565 0.1122874614494745 0
0.1010361771148188 0.1124069084777728 0
0.1064534838770553 0.1212717954462378 0
0.09607334050099542 0.1215761056895127 0
0.1014148900322889 0.1302742945153164 0
0.09118003279079608 0.130612504532009 0
0.09643078808228868 0.1392030383245807 0
0.1988717963873685 0.08005241436682059 0
0.1002556337063023 0.09346229564722515 0
0.08632423282573502 0.1396110767951358 0
0.09152461285163183 0.148122498010781 0
0.4310655029329792 0.151036752898855 0
0.3355464536000166 0.1008392431079444 0
0.3518195702250111 0.1029489096926469 0
0.6033327651873487 0.1670686583252398 0
0.4404213257794671 0.1394137028539608 0
0.08133610313938316 0.1484501880615988 0
0.0866227736219696 0.157026331577083 0
0.89666390310595 0.2008550952931248 0
0.2322514235086383 0.08037673109558674 0
0.07646714898085614 0.1574436840451464 0
0.1062930337845752 0.1381587323393137 0
0.1283094819999755 0.287588293820279 0
0.1448067163776872 0.07712404060706442 0
0.4258290807130741 0.136933142553801 0
0.5441797614468536 0.1570226572309193 0
0.722504124482555 0.2268343284290038 0
0.4635062410309759 0.27497784167002 0
0.4780769325294405 0.2775790140808423 0
0.487605849958296 0.2660516972228645 0
0.1149286051442554 0.2655697391257835 0
0.1474857113889305 0.2956018655927111 0
0.08531692055897011 0.1221687859323677 0
0.09783158264186553 0.1560385874649157 0
0.09193778649652912 0.1651924059607264 0
0.6920623766347763 0.1821377262906509 0
0.1715117768952203 0.07797668352161802 0
0.2718643299932305 0.08149131081919886 0
0.2882250573829356 0.136129103107189 0
0.2913913206533177 0.1443610972596433 0
0.4928210662177 0.2801158914057393 0
0.5023905957983186 0.2685734637407302 0
0.08614955483818772 0.2089513561807866 0
0.07697396366517548 0.2053077697132562 0
0.1650794774680556 0.3034355794465848 0
0.1569472590758647 0.1019596049129848 0
0.4349316726658572 0.1249909738078937 0
0.6476975192362259 0.17460315273761 0
0.4205619992605155 0.1228035854503233 0
0.2454452783563195 0.1055951631885235 0
0.5076002960251426 0.2826397030842978 0
0.5171888405682606 0.2710902213422635 0
0.4972060172899471 0.2945117185527805 0
0.1011225601848954 0.1648342842208555 0
0.06948434395622746 0.2206667866890543 0
0.07064060155487625 0.2314700423048087 0
0.4040380179554445 0.2649785611679183 0
0.4093019964727941 0.2790591348361416 0
0.07068064903384998 0.1483635200958927 0
0.3945048699002566 0.2765445035710101 0
0.3997236271990697 0.2906052656894559 0
0.4148197317079594 0.2931373059524036 0
0.3849367122022135 0.2880843785401555 0
0.4040906787254912 0.3061209485300129 0
0.5223876250074191 0.2851605023357489 0
0.5319829136149128 0.273614993003883 0
0.5371716186366642 0.2876825345606536 0
0.546748230074071 0.2761374701010272 0
0.5538735657532141 0.2878945782258822 0
0.5618540752843867 0.2782736911761935 0
0.5661497741502148 0.2893726537968226 0
0.5762755007716516 0.2805567783219804 0
0.1750548616049155 0.1022227933727096 0
0.2272950382954289 0.1043800202237286 0
0.5006821694088033 0.1891711109778516 0
0.2953267139926065 0.2678569827566506 0
0.2504463463662725 0.2953607794378302 0
0.1174663045979114 0.1209356960626122 0
0.2831478986119371 0.1433564351048885 0
0.286117416959685 0.1510878292575359 0
0.4301231506829214 0.111241199581826 0
0.4453752472498136 0.1136821817685057 0
0.4149991081176782 0.1084470026036106 0
0.2018310238260635 0.1028805679434456 0
0.06539982349026033 0.158659344020546 0
0.3460680941580821 0.08932262499755082 0
0.110811618624647 0.2467735061427846 0
0.5789602101348351 0.2941630616773401 0
0.5906718942363449 0.2834163985311333 0
0.8112213990036246 0.24203907984877 0
0.09690496664857019 0.1724461804812723 0
0.1053489924489658 0.1722440808054387 0
0.1094041013521045 0.1653138728557858 0
0.1014466616549313 0.1793087595483753 0
0.06056375845639499 0.2267112015947068 0
0.0617040794520313 0.2378821369256975 0
0.2562292220385546 0.2890633526460683 0
0.2483338624288819 0.2870048545056459 0
0.2535801949179036 0.2812707407024131 0
0.258401027102752 0.3241600367353282 0
0.5858224596749924 0.2694660107858264 0
0.6005999079411047 0.2720805309579361 0
0.3611401605768721 0.09144354594410803 0
0.5119808160265056 0.2570233641096146 0
0.462400232693593 0.2353967582884618 0
0.4690302386243411 0.2895619543529699 0
0.4217321787626389 0.3096168099283687 0
0.5308951317874344 0.3003404497886784 0
0.5563773246842321 0.3018216678626717 0
0.5146458266684402 0.1521437639339181 0
0.8408040162910078 0.2470637890454702 0
0.08801093838160683 0.1731009192151098 0
0.4120374632107455 0.1741646062567249 0
0.2010924467015685 0.3072312345640003 0
0.2942580823812684 0.1523490803553274 0
0.2890793177278966 0.1587064703911223 0
0.05958995229386989 0.2156557944305229 0
0.1091274817953853 0.1793472633781533 0
0.3314437370026834 0.08738907099385089 0
0.340531671432776 0.07543910438459089 0
0.3251888255001474 0.07259097522119846 0
0.278451375637612 0.1498087266390295 0
0.2755224805113326 0.1427163823130138 0
0.2923087782764989 0.3147803935845963 0
0.3045382826344499 0.3167314298585902 0
0.2957200888920049 0.3267635245887369 0
0.3086769152255217 0.3294900258338478 0
0.3178589500938665 0.3186155068239233 0
0.322324704508315 0.3323993414125981 0
0.3320604933085838 0.3210911281935486 0
0.6069547378123349 0.2872995780791351 0
0.6156338742218208 0.2748437714357767 0
0.1064474533908235 0.08308577950240528 0
0.09365378065059678 0.08315933602085984 0
0.2065440819440231 0.3364499753517038 0
0.2166586767674904 0.3401145023581093 0
0.4259240798789719 0.09556262717350072 0
0.250648405499285 0.3321057195757697 0
0.1008409996167601 0.07166302221336845 0
0.08707808480377864 0.07147951645710313 0
0.08003291813402691 0.08365441825312619 0
0.2517707820607182 0.08150237090053424 0
0.2617225252897402 0.3352150392996811 0
0.246088510559052 0.2792878225313355 0
0.240965371163688 0.2847657969585137 0
0.2514467469970828 0.274008444114944 0
0.2585146709914491 0.2756284252020937 0
0.2562149300824423 0.2687723125012742 0
0.2632073000536417 0.2701408231711569 0
0.2609446868499495 0.2634890209741528 0
0.1199168596583799 0.2282395181354374 0
0.1055931483585857 0.1861122598529459 0
0.132233791160722 0.3193956966152391 0
0.4064370781647915 0.120089077332634 0
0.2969301562957131 0.1600792600972027 0
0.2921599190896979 0.1660602020810629 0
0.2996742446855097 0.167609174742062 0
0.2949187851660686 0.1735580249709564 0
0.3022233703870644 0.1751860871380766 0
0.2971985863519069 0.1811733203386741 0
0.3060364261756639 0.1822592205142238 0
0.2999889118929916 0.1887556389799638 0
0.3077599042887973 0.1904246723655553 0
0.3024451154143968 0.1965064685975622 0
0.2896460843115672 0.1790604795260299 0
0.2938587459595468 0.1945087247739515 0
0.2970284898045494 0.2022325452036611 0
0.2143804091406449 0.08049988837818378 0
0.1926916463819543 0.3041021568794653 0
0.1993752359567287 0.2990301852480849 0
0.19203248025792 0.2961162040253409 0
0.09246167610222068 0.2922645909564423 0
0.09371332661475915 0.3035961810431024 0
0.08234786639838806 0.2987510546238858 0
0.0842592844517062 0.3118649928435646 0
0.1794618376818144 0.3360125753460295 0
0.3568666386085257 0.238490416004791 0
0.1229330941989852 0.2065461496013118 0
0.2082195847524834 0.3476435356676241 0
0.2192960150185389 0.3515835723533036 0
0.2530851186067784 0.3438202482983294 0
0.2653532255359487 0.3471728925052572 0
0.2999650952996438 0.3399953560273155 0
0.6102747805711852 0.2606262739019885 0
0.6250776079037041 0.2631601476108043 0
0.6302899971622564 0.2772303083881988 0
0.6398451828352428 0.2656609204257802 0
0.6450516966936314 0.2797255643875348 0
0.6546262540261891 0.2681439473598565 0
0.6350445274613249 0.294325633608399 0
0.6598332417000639 0.2822359825812064 0
0.6694088438505901 0.2706314597431284 0
0.6735764461623606 0.2819342146354776 0
0.6840187926729857 0.2727087073292381 0
0.6867371853532311 0.2863061169341078 0
0.6985072533224508 0.2754897028575872 0
0.7025208665822483 0.2867451579975353 0
0.7134159772738317 0.2776741343878473 0
0.7148011601886324 0.2938176949009318 0
0.7278052300861712 0.2808976668315597 0
0.6694891943874898 0.298533569249293 0
0.6946144783647558 0.3013480356725682 0
0.7300870557687797 0.2953792632388882 0
0.7426032209520438 0.2834088336064125 0
0.5798444186025308 0.2157851969740787 0
0.2897302369780435 0.200965010705674 0
0.2922090317742552 0.2077973847300934 0
0.29937124252313 0.2095222470326471 0
0.2944233736978548 0.2149597686675999 0
0.55638871149425 0.2645160586574148 0
0.197920572675537 0.2912083692519701 0
0.2049704421897307 0.2937731335582695 0
0.1909006514275308 0.2887402859288225 0
0.2853229427234014 0.2062997997511029 0
0.2392407545843414 0.2776888970310776 0
0.2338739225178545 0.2829575137765947 0
0.3370944210929524 0.3361003400651442 0
0.05920387876616776 0.1483796399426574 0
0.2034402645225994 0.2868153471878954 0
0.2678688908496661 0.2648218291130901 0
0.2656794165918355 0.2581824653764284 0
0.07189451512595701 0.3065800265825159 0
0.07337833134457186 0.3202916388146512 0
0.07048505829210457 0.2931096519397255 0
0.08666744318829769 0.3256456378444316 0
0.2100828238808907 0.289063648809601 0
0.7437170466267877 0.3040445250254343 0
0.75719896779207 0.286952276071416 0
0.08950256977179102 0.2540935452159774 0
0.2840502832045377 0.1647337514478077 0
0.3474170231988964 0.3237323617250562 0
0.4711033246906207 0.1841458324034595 0
0.07280593473171995 0.07123954908941335 0
0.07519785005551174 0.3348282827772557 0
0.0890600844009993 0.3399923362037798 0
0.4092076126289662 0.3245556718875376 0
0.2723309560028411 0.2596243247912575 0
0.2702684122445717 0.2529966733849715 0
0.2768357335106507 0.2548787217827126 0
0.2748846158821339 0.2478007017359304 0
0.2828751220822597 0.08171602534616085 0
0.2775681686261069 0.07125590316471281 0
0.3668158074200564 0.1713113490664797 0
0.2817619520597801 0.2496663007901468 0
0.2794922561015376 0.2425287986362191 0
0.09420833900126137 0.05942621458565141 0
0.1085298976608326 0.05997493194368034 0
0.1129171374909361 0.1857166735094906 0
0.1162456027854036 0.1795979305614728 0
0.3106428722722669 0.1982511699334406 0
0.3018392711858646 0.216771237361864 0
0.2964593542446011 0.222663316299756 0
0.2893504939586085 0.2203751512144074 0
0.0534867875930038 0.1589035032299603 0
0.06005586706096184 0.1694351154896346 0
0.04789251661058767 0.1697167089956643 0
0.2710234970151875 0.1486829187950441 0
0.2682057960851352 0.1420738323869548 0
0.2723681232150388 0.1363269598505049 0
0.2652055881205023 0.1357841312108119 0
0.04988673936559436 0.2219847034935432 0
0.09790165688362594 0.1863099745856988 0
0.1021420253598929 0.1930810365049697 0
0.7380734464912739 0.2692359583703114 0
0.6936675700639079 0.2614592638734775 0
0.6494585646526729 0.2540480292207486 0
0.4771885988897425 0.2379180307401943 0
0.5354809431832185 0.208252042735931 0
0.5406989769877396 0.2223136972629907 0
0.5259120955799631 0.219803288989899 0
0.5885445139561516 0.1645571595774625 0
0.5981136623306444 0.1530059051654264 0
0.6129019135388135 0.1555174040318769 0
0.6076828103196943 0.1414546527397591 0
0.592894559222187 0.1389431533030161 0
0.6024637070579765 0.1273919016671718 0
0.6172519581763614 0.1299034009963208 0
0.5876754559533701 0.1248804022670172 0
0.6120328548747763 0.1158406501291906 0
0.6268211059899962 0.1183521494746504 0
0.6226458233430604 0.1071019488101549 0
0.6059966694957715 0.09996140543736838 0
0.6363902537955822 0.1068008979944602 0
0.6416093571056803 0.1208636488177162 0
0.6511785049083497 0.1093123973525591 0
0.6563976082189342 0.1233751481733098 0
0.6670105766832339 0.1146364468748079 0
0.6713598294421359 0.1263554058916825 0
0.6809579722626269 0.1148822808229106 0
0.6860369329844132 0.1285674207414939 0
0.6955432582466522 0.1168468954268551 0
0.7007728319806414 0.1309378585558524 0
0.7103332544299709 0.1193630968364118 0
0.7155526485857446 0.1334266313319044 0
0.725120390636553 0.1218715921060791 0
0.7303393081295375 0.1359338422449232 0
0.7399081906701271 0.1243818760419258 0
0.7451272188009436 0.1384444242917995 0
0.7546962626977222 0.1268928928592489 0
0.7599153833259559 0.1409556903412313 0
0.7694845166967481 0.1294043999943022 0
0.7747036204884737 0.1434671521107106 0
0.7842727654550228 0.131915893008274 0
0.7894918688837833 0.1459786441466849 0
0.7990610161766927 0.1344273913125697 0
0.8042801194784585 0.1484901421087962 0
0.8138492671487928 0.1369388902916431 0
0.8190683704594746 0.1510016411118925 0
0.8286375182615603 0.1394503896497406 0
0.8338566215722419 0.1535131404699915 0
0.8434257693743277 0.1419618890078392 0
0.8486448726850093 0.1560246398280903 0
0.8582140204870951 0.1444733883659396 0
0.8634331237977763 0.1585361391861898 0
0.8730022715998622 0.1469848877240387 0
0.8234184149508785 0.1253876388294924 0
0.7938419128374166 0.1203646404152684 0
0.7642654106751141 0.1153416418694583 0
0.8529949171764128 0.1304106375456877 0
0.7364776159688116 0.1081599575784108 0
0.7031989255024309 0.1076068346674261 0
0.676444428084178 0.1400557370533671 0
0.7207701293578351 0.1474850102601733 0
0.7651344727665618 0.1550184037888887 0
0.5946326741955583 0.2182966732432805 0
0.8094992226793464 0.1625528926332107 0
0.8538639759956898 0.1700873906483401 0
0.8782213749105436 0.1610476385442887 0
0.8848328724900766 0.1489940872105182 0
0.8820784776981889 0.1353499196166182 0
0.9013617600017984 0.1418176177652409 0
0.8923138486822861 0.1617770431446184 0
0.06546652434418977 0.08321481862499581 0
0.2595083903144372 0.2566993654816628 0
0.2088359383939514 0.2824853549841862 0
0.7653673031423456 0.3029359235981152 0
0.7720924190953542 0.2863648939392186 0
0.304331362887854 0.2243452757309842 0
0.2866439521163521 0.2437387873400795 0
0.3043261166679893 0.1542223097777372 0
0.3344523109547219 0.06128692860427722 0
0.2728596372046276 0.241209692436768 0
0.3797251513900567 0.2740271268746237 0
0.3701511911260147 0.285563957304551 0
0.3164251264953015 0.1919396539722043 0
0.3533439808189358 0.3391762322113144 0
0.3419955366679955 0.3523832680219031 0
0.3187628783217228 0.05947451461872662 0
0.04883437900074608 0.20994305518237 0
0.2771825867776622 0.2361301887175502 0
0.3507238696344958 0.0627849375522765 0
0.4092250935941116 0.09228609344755832 0
0.6262502716902529 0.09449001603449472 0
0.1852572075201174 0.2931619611729094 0
0.1843716731392698 0.2859541150474801 0
0.3416026244846102 0.3088144973394891 0
0.2604642127885302 0.1420451435228626 0
0.2581265006237126 0.1353448880137454 0
0.2621020529170469 0.1294968745779201 0
0.2551198477174023 0.1292866415047233 0
0.2514851705100288 0.1349292122867738 0
0.2484436204528472 0.1291325464586742 0
0.2588194842225542 0.123157848480513 0
0.06112519111045052 0.3291078982066653 0
0.2151270609071478 0.2845985118273391 0
0.216557911851809 0.2912187321790338 0
0.2323246538986432 0.2763388945734435 0
0.4210161167258806 0.07742523442479288 0
0.2746320453214228 0.2666253219120834 0
0.8936841922324698 0.1242020785418151 0
0.05939971843435086 0.3009769958809048 0
0.05792490499089742 0.2870489162598498 0
0.1196507864104375 0.1852266037333916 0
0.4030736486960803 0.07568825043616845 0
0.429786794016869 0.3284505211672658 0
0.4158445372445963 0.3448499181895855 0
0.2709349453047148 0.234849327780839 0
0.275057504395758 0.230277184601433 0
0.3673329160394757 0.1054251149673697 0
0.1166732920388377 0.1909783787762571 0
0.2830020850233698 0.2001578059782535 0
0.2789473247095426 0.2050271592805874 0
0.2372946032276937 0.2714247077411348 0
0.7674124555983207 0.2741350053991412 0
0.7823052264888619 0.2764440275875243 0
0.7838106771836718 0.2924869318860123 0
0.7965981478713836 0.2795299086481577 0
0.8001297754490501 0.2956143444921225 0
0.811557901032079 0.282246161964053 0
0.8156593052878689 0.2936194941947123 0
0.8264971980847108 0.2840471001719073 0
0.8334231599106698 0.2987988305969355 0
0.8407971029597576 0.284079937220487 0
0.6198512444221447 0.2490463498871333 0
0.3195515534863397 0.2003413252715959 0
0.5850635274598015 0.2298479192101364 0
0.471973704632358 0.2238538522551943 0
0.4371849457675145 0.2047472153692317 0
0.4867588454255931 0.2263756244128865 0
0.6468284604168328 0.1349263996355438 0
0.5781063081526447 0.1364316537221585 0
0.572887204853109 0.1223689028444667 0
0.06502663858179818 0.1380527674278781 0
0.05265052295093681 0.137834293455789 0
0.05913805560562811 0.1265427804799795 0
0.04591950965853674 0.126633054729257 0
0.375362135793516 0.2996281857785185 0
0.06273764667379021 0.3445379518415406 0
0.1227619508256176 0.1795849885239779 0
0.1787711910260139 0.290222239734575 0
0.1780053761686254 0.2833723122922132 0
0.1724615099940439 0.2874193245737913 0
0.1717025439004 0.2807121508741004 0
0.1661978303506623 0.2847255361365297 0
0.165399661437632 0.2779236554542255 0
0.1830916292733207 0.2799513212483283 0
0.1599556587694068 0.2820279379089808 0
0.159077173996743 0.2752928958852769 0
0.1537076567759913 0.2793199710600776 0
0.1527739422201306 0.2728211472237591 0
0.1473862505550104 0.2767025890058343 0
0.1463995690315842 0.2700668056622296 0
0.1580024937493159 0.2693400148602924 0
0.1409373239084905 0.2740342918853489 0
0.1400817092728406 0.2669976676511576 0
0.134373970608087 0.2712664925065865 0
0.1336863770168431 0.264142230131831 0
0.1391942300275385 0.2600525703039837 0
0.1330965375718844 0.257274443322653 0
0.1383952640279119 0.2533797025916504 0
0.1325500758186168 0.2507644341453046 0
0.4414630035152258 0.08241403292230738 0
0.3025581713278488 0.1021399453107329 0
0.2560892338989726 0.3562133809458091 0
0.2693548557689792 0.3598946223015465 0
0.2099284988910503 0.3596324700392575 0
0.2221203593524752 0.3640174585099927 0
0.1991134937260233 0.3552519401864457 0
0.2499018119206158 0.2672584121555485 0
0.3440782502254126 0.04822777240806504 0
0.4151441018174076 0.06169432238087993 0
0.273690890280855 0.1552315721725894 0
0.2671319167103307 0.1540917548649847 0
0.2695086910994434 0.1600545334582159 0
0.2356068718646174 0.289490001431644 0
0.137617249110092 0.2470787630270785 0
0.1320126699535113 0.2445189278280865 0
0.1296536722058033 0.2206184365570461 0
0.05515551171107039 0.1796428431273046 0
0.04307165375705128 0.1797344761817964 0
0.05821643806907857 0.07119207245640209 0
0.2987973208512106 0.2302678545899242 0
0.11964506064129 0.1740504633807183 0
0.2024673409047084 0.2803213372536004 0
0.2076340004806621 0.2763350579366232 0
0.6109901284632376 0.07060431040244299 0
0.5821254301070877 0.08942766497981468 0
0.05291808976703475 0.1147955036159745 0
0.1255825434326445 0.1848876418298852 0
0.2011621573034389 0.3677625200270873 0
0.1894412708836021 0.3631164967463894 0
0.3069901976015849 0.2321964786079602 0
0.2309776354438337 0.269975586251386 0
0.2264912468676269 0.2741338620248882 0
0.2451276366491763 0.1345735961375376 0
0.2420568414617038 0.1290083806514468 0
0.2480511806824861 0.1400658868108631 0
0.24531373053532 0.1236800960179491 0
0.2388775239630531 0.1235369721758212 0
0.2356506150199331 0.128959807814085 0
0.2325448296712791 0.1235049981536202 0
0.2295376672023372 0.1288942440838525 0
0.2263968298352701 0.1235893859921927 0
0.2365411350209521 0.1180188236321567 0
0.09412255428708902 0.1934354402188494 0
0.1271005349309243 0.254383845943511 0
0.2810128690832603 0.2109900501206095 0
0.2750074757790058 0.2102658269475698 0
0.2770681542249975 0.2159581354883937 0
0.1018153290158664 0.04688898857643677 0
0.1164090205981625 0.0478738542328141 0
0.08709631967559953 0.0460509289603656 0
0.3069589816258683 0.1687018814320345 0
0.06657577119173108 0.1794660997516444 0
0.06035123122689161 0.1909987631354599 0
0.09863838064530238 0.1999845836637 0
0.289384833612481 0.07173630344524881 0
0.2845560776537476 0.06050090494907857 0
0.2713308360245325 0.05998373865003068 0
0.27853897072986 0.04847664012006336 0
0.2649112380768764 0.04833919275090896 0
0.2636163338687529 0.1591212731226455 0
0.106349451730003 0.1996002360997122 0
0.3097872130117635 0.2186523439138626 0
0.2890750386456223 0.2514018283219169 0
0.3256801260188654 0.1931464998167929 0
0.2236028770992625 0.1286918514015911 0
0.2203035784082022 0.1236641261828648 0
0.07239426711965148 0.09599792789181345 0
0.715936973382017 0.3215147937099176 0
0.4306751683723365 0.2948379234261005 0
0.2924761515737485 0.0490039430823065 0
0.2859898139817926 0.03592857507085704 0
0.2661773262203601 0.1235311583478073 0
0.8181071020890491 0.3161921198266359 0
0.05044655252692372 0.08491353969162437 0
0.2652078434652903 0.2769863973230096 0
0.2230034516798794 0.118705837675973 0
0.2168087794008568 0.118606649400287 0
0.8214973982529596 0.2703097575612605 0
0.7772012457565537 0.2626486062553978 0
0.5311267730426193 0.2338763168021724 0
0.5459150533771936 0.2363921871022831 0
0.3922136018681835 0.3396020145565325 0
0.4815478694087377 0.2123099100498881 0
0.4667619467316688 0.209788601778414 0
0.4172636034262356 0.1483335853743805 0
0.7624512890518973 0.2601843933802278 0
0.8773523160912666 0.1213708854416392 0
0.8943359009954988 0.104425780533238 0
0.8754456157426075 0.1056455039163366 0
0.5633180570491657 0.1339201543161913 0
0.5580989537400313 0.1198574034879638 0
0.5485597568280823 0.1313975392880089 0
0.5433156944424928 0.117344051518451 0
0.5589677847141638 0.1595353307842248 0
0.5337522803511445 0.1290150283996864 0
0.5284504468633695 0.1149438229498412 0
0.5391869048106021 0.1028904355210873 0
0.5245518290347143 0.1035275441925198 0
0.5127613124918773 0.113445071930413 0
0.5062512712350689 0.09591846676765919 0
0.5293944703829183 0.08678356186049974 0
0.5106219700454836 0.06933361477077415 0
0.4954535730848763 0.1130686825499898 0
0.8833245153310547 0.1748133735715754 0
0.8991830619749438 0.1824813998630422 0
0.9164889924942092 0.1688953963548212 0
0.9367907067106109 0.1411974970943597 0
0.9550758287619657 0.1781363707677841 0
0.9810861061451135 0.140053020286991 0
1.000403683499173 0.1865424737775451 0
0.9681397140676513 0.2246910565835316 0
1.021545198957324 0.2309553001663224 0
1.050274210896204 0.1900876793246813 0
1.072010844920081 0.2349723363734336 0
1.09992282670861 0.1964983758924608 0
1.121945605119938 0.2390819300335878 0
1.149973562823689 0.197754208147202 0
1.171859454795487 0.2423408700583928 0
1.199883223551797 0.200877815094709 0
1.221745743588327 0.2457754982564241 0
1.249764778078008 0.2043420051973261 0
1.271622608738676 0.2492964499744713 0
1.299640072600623 0.2078773440700241 0
1.321496854771977 0.2528437186320827 0
1.349513887122781 0.2114289277308772 0
1.227908675514866 0.1593686829932447 0
1.371370422722501 0.2563980092845826 0
1.399387342027608 0.21498438873094 0
1.37753089247167 0.1700143830751993 0
1.427404258848699 0.1735707899686 0
1.449260710928969 0.2185407698203158 0
1.477277597059176 0.1771274976727264 0
1.499134053305298 0.2220974332183129 0
1.527150935348428 0.1806842045683992 0
1.549418251430283 0.2259320987693973 0
1.577092748941382 0.1842872521290818 0
1.599590650860242 0.229436342969555 0
1.627027342302884 0.1878429493549922 0
1.648754065121665 0.2327675864059465 0
1.676792568097722 0.1913619213978129 0
1.698656863487577 0.2359629814381231 0
1.726652796648865 0.1948521311760837 0
1.748556308280271 0.2391151789862263 0
1.776528300063856 0.1983303476629168 0
1.79843072746046 0.2426476415326811 0
1.826402178354069 0.2018699427675703 0
1.848258724613486 0.2468370262131944 0
1.876268048785624 0.2055292546642049 0
1.898123260401935 0.2505162909084903 0
1.926138674346642 0.2091234993619647 0
1.854410333342558 0.1605768905246329 0
1.947994678484529 0.2540996910731031 0
1.976011239478261 0.2126909221047963 0
1.704792849370655 0.1499325872510036 0
1.954154730172124 0.1677217250620074 0
2.004027929466609 0.1712803547738852 0
2.025884362560076 0.2162506106540446 0
1.555179229054808 0.1392787088076229 0
1.126483995054106 0.1514514358904131 0
1.521469847331483 0.2673916399692636 0
2.053901207720342 0.1748378897498411 0
1.405547799986844 0.1286008824013689 0
1.043957310940927 0.2763671642348738 0
1.674539924502744 0.277681457032344 0
1.19372998564059 0.287176936408446 0
0.5163336708820363 0.231385753049094 0
0.5111226285227867 0.2172966080051998 0
1.822177797864686 0.2865114982980196 0
0.1441994656638172 0.2558808585961794 0
0.2810813811777772 0.2311222440948462 0
0.0461804313605129 0.2952858309238613 0
0.04488641017620448 0.28081747436314 0
0.05676968114122784 0.2730815130932484 0
0.04403966390725388 0.2664960685303742 0
0.1792223656614371 0.2970504738636142 0
0.5033393762422629 0.1256030701749149 0
1.343618345447938 0.2976823873762701 0
0.125943080032083 0.1742281043503832 0
0.1230108891541941 0.1687386664417506 0
0.03847968097770724 0.2168610714186196 0
0.03980243581783226 0.2298085546031311 0
0.1291652348823821 0.168940695991824 0
0.1262893197031196 0.163501188281487 0
0.1320378906465712 0.1636120461877939 0
0.1293687394896555 0.1581110655962752 0
0.123180213304457 0.1580131481494264 0
0.126600834506562 0.1525889285309705 0
0.1328034195297133 0.152767314343265 0
0.1300724118559818 0.1471619591912563 0
0.1364567169193797 0.1475243111986218 0
0.1336258174956138 0.1417736812673587 0
0.140124236400441 0.1421430567411484 0
0.1371849831732028 0.1362889549424346 0
0.1437471106871935 0.1366106818501595 0
0.1407172748652081 0.1306464919448012 0
0.1473953020286578 0.1309298789240683 0
0.1444609504717113 0.1247108868684363 0
0.15129573735272 0.1255862464838361 0
0.1510020762029545 0.1373939348013476 0
0.1272248082819527 0.1414640485213438 0
0.1372692327830073 0.1244063215397018 0
0.1413422569927738 0.1180139110663216 0
0.1199573847878521 0.1522316159274512 0
0.1607718980608062 0.2887038081643372 0
0.1228178149682746 0.06045597719134799 0
0.1294104833914032 0.04922747027163463 0
0.2609137916375648 0.1534601022139416 0
0.364981877849417 0.2714829367012609 0
0.3744898847620939 0.2600365116371821 0
0.3556072095349616 0.2829436194513175 0
0.1703949641512589 0.2749297482539158 0
0.2660962349723536 0.2397429136816501 0
0.2574313049107556 0.06172929554424669 0
0.2514521897560721 0.04859465466971766 0
0.2447527173449349 0.05961484292323677 0
0.2385282645708134 0.04854133089466452 0
0.2318541961451462 0.05908402374302982 0
0.2258581042330502 0.04843342173630789 0
0.2195998302314812 0.05882332538600341 0
0.2134191472458145 0.04812091297603217 0
0.2071307929900669 0.05866338298648396 0
0.2011392434936691 0.04790866032450466 0
0.1947303944372281 0.05836294671754433 0
0.1888421536238918 0.04800926190006411 0
0.1934270671789845 0.03734857045487953 0
0.1826688520658564 0.05822851648964349 0
0.1765366595713685 0.04793455948263711 0
0.1703047992864413 0.05815641696559506 0
0.1640904819377491 0.04736360865187923 0
0.3299335353703316 0.2022718282271881 0
0.2627904918566947 0.1166533105708218 0
0.6749684298917992 0.09874360011965751 0
0.1581405741427469 0.05818281013327083 0
0.07199172992233699 0.2425587053882394 0
0.9523566328785324 0.09639751558960448 0
0.363897392651263 0.3239199280533848 0
0.2695465159652868 0.2292552254844923 0
0.1420994815199364 0.2810629607715532 0
0.2820947396777274 0.3245966923743108 0
0.1014766196445004 0.3289215703067182 0
0.103711631159213 0.3447248893989505 0
0.09155216934390732 0.3548822313932623 0
0.1061509866322452 0.3598417129155694 0
0.1180557208396482 0.349869275641592 0
0.09422297183003331 0.3707500306388145 0
0.0382574742809591 0.2031648301508233 0
0.06312237804596214 0.2491727304379565 0
0.133707010318211 0.1177827744464748 0
1.98213549262513 0.1268149451519184 0
0.3598848294813027 0.3555261055224608 0
0.3475795840710783 0.3696062535416116 0
0.2352309121501745 0.2655389322748661 0
0.09499902355508204 0.03308305667428237 0
0.1206723706941167 0.3644116351241115 0
0.1320068467952217 0.354588494705361 0
0.1349587531800907 0.369017905360033 0
0.1456654577934009 0.3589418226481511 0
0.1489229783536307 0.373173754684251 0
0.1423692359437626 0.3451914681208122 0
0.1573048616808889 0.3483505900582304 0
0.3305091609618414 0.3675444627450859 0
0.2945711670927151 0.2449752615375656 0
0.2216050596084441 0.2866684587523032 0
0.2231253626303641 0.2934892612142847 0
2.074902868859644 0.2202234090038406 0
2.04759830738438 0.2612904418826557 0
0.2266844351089081 0.3436388873479555 0
0.2141027676787435 0.1237074188718127 0
0.2108760775187515 0.1188066117682235 0
0.2080163926381532 0.1237618866999041 0
0.2048147310831273 0.1190819169205452 0
0.2019535634102517 0.1239673636876031 0
0.1987486480821998 0.1191110962239017 0
0.2127576695505242 0.1136631831037985 0
0.1958755635473588 0.1243998867111759 0
0.1925596216274013 0.1193304265791882 0
0.03180157506525731 0.2743628932584748 0
0.1955202661949535 0.114018998831994 0
0.1892288714272592 0.1141153931857225 0
0.1862903468849215 0.1196580036105653 0
0.1828525828937936 0.1143210116754254 0
0.179943470040325 0.1200036448505794 0
0.1760659171617437 0.1147106248926107 0
0.1735379638860646 0.1204896967844682 0
0.1770756436385589 0.1256089792135285 0
0.17083570563742 0.1258621109367054 0
0.1673084048770501 0.1209343315689935 0
0.1645889747466439 0.1263140683581216 0
0.1744594791958072 0.130575077381714 0
0.4834983340317144 0.08220431065508313 0
1.355592532866927 0.1261930145460828 0
0.139175460036844 0.1537686767942942 0
0.103015780556103 0.2061133467756282 0
0.3615360457666942 0.04923423867698291 0
0.04039945413292024 0.1602221667755519 0
0.2177907029277229 0.2983074630935623 0
0.3221997934932444 0.1838022681799152 0
0.4712899216236949 0.1014394170264265 0
0.2981681639586435 0.0919871219853443 0
1.93221229641816 0.1239573638582146 0
0.02720927344382705 0.2244657762363128 0
0.4004393588007617 0.361355484722988 0
0.07289293743695691 0.1889078017759223 0
0.3684514042054506 0.06596375457847781 0
0.07916324241125215 0.3653785078168585 0
0.186297326053856 0.1085070571661353 0
0.08985032549508853 0.1867804691313742 0
0.378695430569052 0.2340252997286577 0
0.2769669908641317 0.199248017157688 0
0.2806485320558599 0.1943880689410023 0
0.1610493507223132 0.1214740152271862 0
0.1634301470377893 0.1156036781471823 0
0.15737937646351 0.1150312928787583 0
0.2439778962125781 0.03776319899153519 0
0.3793085892277636 0.0527612847159595 0
0.04793049521387421 0.3385605143807726 0
0.04866255440232413 0.354511518686983 0
0.5363505010983414 0.2479667642537464 0
0.5998485179149917 0.232379785298844 0
0.5902805988478854 0.2439219908951978 0
0.5754940421061023 0.2414010518031735 0
0.2548149695044396 0.1161494881396648 0
0.05209158291142342 0.244723434462982 0
1.920085452958148 0.294003321238836 0
1.970017518001115 0.2967365003549112 0
0.491969468089611 0.2404415474197809 0
0.6094373257654465 0.2208255916084104 0
0.1278156150453698 0.268507079306542 0
0.2658183890471235 0.1648362187794177 0
0.2714288522508439 0.1659975621100354 0
0.03901345160076159 0.1377403749983746 0
0.03079645069228155 0.1248617906997386 0
0.04472886302400494 0.3208358735539506 0
0.06516597787703916 0.05776782687702942 0
0.04987959323535154 0.05714841857200615 0
0.3763079687923759 0.09268332048064169 0
0.3096673698724839 0.0928971159541964 0
0.1379237884590405 0.111006026517744 0
0.2262136871288612 0.1336555637236851 0
0.1304434279506776 0.1240961343125476 0
0.2779714209014746 0.2255649375365326 0
0.2420496656749932 0.1396940769739868 0
0.3848999496408583 0.1079496455692701 0
0.3732984402054583 0.1199252994632392 0
0.1521328490851228 0.04767437404613915 0
0.157946262680116 0.03594609181943018 0
0.1456232291022335 0.03641881793808789 0
0.2249709734120482 0.3001027412357345 0
0.1460270045480342 0.1113635030941487 0
0.4376563806678501 0.3486497003701732 0
0.4553147955354244 0.3260905395713316 0
0.1366224572263766 0.240977376635046 0
0.1314009605132233 0.2384251577909634 0
0.126396884417826 0.2420084271521971 0
0.1424002118455456 0.2432309113627052 0
0.2787941520481055 0.3497812681926585 0
0.2835286025612372 0.3638026455580202 0
0.2707780472578988 0.3738071453161767 0
0.3503889048219196 0.03402944000096726 0
0.07379882749305713 0.2536672512695921 0
0.2446153755660526 0.1451298484051269 0
0.2504042192660371 0.1454375013051813 0
1.388863098264887 0.08458557754534629 0
0.2014767135274083 0.2746098622777379 0
0.1971269338763045 0.2778802739132075 0
0.3045883435390475 0.08166083444875409 0
0.2206300684433497 0.03762913424529073 0
1.391211503448404 0.2999525915647142 0
0.1804609286416145 0.1305394291026954 0
0.4540052355957261 0.2850029193767802 0
0.0653434776512378 0.1156775905634309 0
0.08575245486115969 0.1940877652501688 0
0.2746135934073939 0.1934987166120869 0
0.2783287571160178 0.1887281088967881 0
0.2723943037019245 0.1877387247258826 0
0.2760517350033231 0.1831443368467642 0
0.2701063768867076 0.182330111824322 0
0.2739260032612258 0.1777044405354718 0
0.2842226975359137 0.1895799370212933 0
0.279583302013939 0.1784893549856695 0
0.2781500013713074 0.1730621190407529 0
0.1884207210704532 0.06763386104377041 0
0.3224499342637471 0.209526342093919 0
0.4879451321471039 0.1261826132393967 0
0.2296129392958872 0.2643097293598469 0
0.2057772703100266 0.2703421230784437 0
0.2121092754249444 0.2723899759344557 0
0.4881547985240385 0.05232589174781171 0
0.5162906793748889 0.04220629946464105 0
0.2837310481026702 0.1747014271737962 0
0.4564966198516497 0.3016804121386008 0
0.4768293459744231 0.3058396875327186 0
0.4814456339682006 0.3333716274229732 0
0.1513969605375537 0.02353934308353326 0
0.2433017251206376 0.352418467737591 0
0.2477891362667599 0.3670728418613455 0
0.1259557970008057 0.2359489059076021 0
0.1308000506014283 0.2326467840929189 0
0.1207399779456712 0.2393910869978518 0
0.1211821041795308 0.2454442650437307 0
0.2582119008601678 0.1588327848903865 0
0.199661264359993 0.1295861628711191 0
0.1890258919251743 0.3396066705767002 0
0.1807086414333445 0.3469478443616958 0
0.2176376412326914 0.1351999380914525 0
0.30173628500115 0.03524413831583493 0
0.2195620662549471 0.2802334978664813 0
0.2870997301109763 0.3788245073485374 0
0.2981467563864239 0.3666127478547661 0
0.1355295401645178 0.05984186339582204 0
0.1285764602648102 0.2757813522652794 0
1.944160828246132 0.3343234532724117 0
2.094212839277518 0.267825990934925 0
2.069597215422676 0.3061913076731546 0
0.3909625327013893 0.3190604233430368 0
0.2972626075442262 0.2523897603298257 0
0.1215095734680316 0.2718645905823387 0
0.2942273063442296 0.02413963216137968 0
0.3192100511797695 0.03486724969087562 0
0.3580363694836934 0.2556424255538307 0
0.314154120081144 0.1038855152149247 0
0.1511983227780336 0.2451364281312542 0
1.359881268126185 0.3386290729048747 0
0.3360605207637358 0.3854110875776152 0
0.02657298589549936 0.2369442075033634 0
0.1169818474050369 0.1580208161287846 0
0.1134492645928415 0.1520664922649301 0
0.1170219507576367 0.1457473133184334 0
0.2405024092522179 0.2670146758835604 0
0.2254823637676866 0.07025149448768156 0
0.07858268712477935 0.03223824461544094 0
0.03205467602684167 0.3318983244316339 0
0.2504229365278116 0.2441388525522175 0
0.2565839372507661 0.2448818740313241 0
0.2528976502174943 0.2499378689252361 0
0.2471093684978384 0.2499766420633101 0
0.2500529405979123 0.2557431369902163 0
0.1604540822664993 0.2541191634342707 0
0.1544936503454666 0.2559294003488307 0
0.1655444577266677 0.2579093934838244 0
0.1590497607116199 0.2598959282267635 0
0.1531706127147885 0.2617920084853037 0
0.2582963081790756 0.2333426997109131 0
0.154434928234949 0.1505940635887976 0
0.1485343045800903 0.1489960156124675 0
0.1622319834043766 0.1446656346701684 0
0.1621173708382474 0.1385282769163796 0
0.1674412993631374 0.1358850318045122 0
0.156926218613786 0.1411539284301852 0
0.1809024867227428 0.2639913899727604 0
0.1869347288799184 0.2659574253999082 0
0.1813385483054195 0.2696306971488154 0
0.1869843322970699 0.2721513571343866 0
0.1351216813443623 0.180796142967275 0
0.1345506367217006 0.1876852297634976 0
0.1457062728439243 0.1612265504905572 0
0.1425818711957549 0.1659963598748538 0
0.26538971959252 0.2117914862127747 0
0.2663138702180167 0.2054926672812123 0
0.139584207717152 0.2262474074770336 0
0.1241563276869115 0.03499546991441436 0
0.1750987812864769 0.2674099772922595 0
0.1699636767887548 0.2657567913088907 0
2.110542777054823 0.1792138636053716 0
2.081825087639549 0.1335089245569235 0
0.2616466461250419 0.2241988652036611 0
0.3342001072058628 0.02016828210612663 0
0.1888871752926307 0.3796246288945643 0
0.1771237271157337 0.3705854621631704 0
0.07999646733146053 0.3815148417099183 0
0.09396662210517556 0.388737365620401 0
0.3336347231900334 0.1772641409704899 0
0.2916427461616674 0.2365945156389239 0
0.2374625851834885 0.07029626293131165 0
0.1742274648579731 0.3064751754870995 0
0.1831791674636558 0.3090708317202667 0
0.3358452156491246 0.1945256928091914 0
1.004170971550392 0.0971546163802839 0
0.258986247719583 0.1684869212313782 0
0.05741391497340476 0.04281672891139838 0
0.0401035343816246 0.04136022256872537 0
1.438785379232773 0.08675573381237536 0
0.2543894494728028 0.1066071214427122 0
0.3878331201480252 0.1241394765007198 0
0.3782809883640328 0.1340957453699861 0
0.3924728866916082 0.1386415784486363 0
0.3831996091970564 0.1482677733409657 0
0.3630084379224433 0.1316869208002857 0
0.3962465204297989 0.1509446737501839 0
0.3881142204626801 0.1624398955034943 0
0.234043943919939 0.2594025641914847 0
0.6555285493997526 0.08369839507015861 0
0.2138921210020782 0.06912614727562627 0
0.2928036270422916 0.1865785825182801 0
0.2803578704006332 0.02314594198108755 0
0.2005014100204124 0.06917283699739413 0
0.07669630040940989 0.1796677636092832 0
0.07255026139949745 0.1690000177391761 0
0.1700782466557354 0.3426770515763655 0
0.1700998946997562 0.3539578638145236 0
0.1572112871195088 0.134774715427094 0
0.2676702849628469 0.1705387666342654 0
0.1636349309954921 0.06979776329435784 0
0.2361277277038497 0.1059328146072443 0
0.1377024116469789 0.2927696886268119 0
0.1115989253400399 0.1294786139141972 0
0.2814272681872272 0.1574660656905373 0
0.2541215481782245 0.2610941469887751 0
0.0496019506461615 0.1981659416146213 0
0.1560511709100394 0.3001568435647445 0
0.1766865963685327 0.277754107723188 0
0.1731175806221568 0.1392582004651563 0
0.1013497671746845 0.1464703049304835 0
0.331644500033834 0.212043681200304 0
0.1176562772043534 0.2841956793121393 0
0.1641132503473077 0.2721495224972409 0
0.1353635690867983 0.02508806152646487 0
0.6352799989965797 0.03848607835398588 0
0.1970883953799892 0.3950863855182504 0
0.2832049100314139 0.1278390152939428 0
0.2428938758905318 0.301143133646587 0
0.2332788755463204 0.3014611759753745 0
0.218781465500362 0.1032923696439242 0
0.2102160051125806 0.1027383759182602 0
0.2067349370562526 0.1091819860162774 0
0.1482380148972311 0.1022420803242115 0
0.121764649202723 0.1113821830399129 0
0.1462764685957416 0.2628661481151889 0
0.1396365902176861 0.1598469192126818 0
0.1638019030759099 0.265116694515481 0
0.3249851322159625 0.1547609588850952 0
0.319095244118728 0.1636739380165119 0
0.3145491040564805 0.1536837857088435 0
0.3202730494065074 0.1441013300822383 0
0.3097096330784205 0.1447982442517241 0
0.1658797305282848 0.1032220332008471 0
0.1899010524617092 0.2818472763124192 0
0.1375802802679806 0.3835141588029666 0
0.1532652660936669 0.3887842306179899 0
0.1292042647119796 0.3408928911201599 0
0.1388959086963953 0.3307544908297301 0
0.1158056351539528 0.3341134601762349 0
0.06791453471776211 0.1988309952060475 0
0.4613991848548955 0.06413873835951552 0
0.26397002552414 0.2517766952947649 0
0.2683549174912746 0.2465948871711933 0
0.2875043128880992 0.2747979669664831 0
0.2860178564185186 0.2651491673576217 0
0.2816504593277722 0.2836720297867813 0
0.01570783742564895 0.1158543671289755 0
0.03013941421939782 0.1076399494674331 0
0.176473488522002 0.06823827569599901 0
0.03422724358185458 0.08812315663189497 0
0.1201903008697734 0.1294445291507869 0
0.1136366019297264 0.2551299332952088 0
0.1051573926672397 0.1594108807552891 0
0.1491794368189786 0.2515074427546418 0
0.2263346337922104 0.2807068464723019 0
0.1927625994905571 0.1029144287373697 0
0.1167627972256549 0.1684617607680683 0
0.6742475753558879 0.3272306565403949 0
0.6406083667903393 0.3498627738932075 0
0.6420935805609612 0.3141234730364216 0
0.6094211569716166 0.3262648293376675 0
0.1589696461845173 0.3624933163033916 0
0.3011644128642369 0.2384347123017149 0
0.2913046784925973 0.2279950653411331 0
0.2643924797309263 0.2907814043637717 0
0.01756689402749116 0.07951415163474555 0
0.03091108727692187 0.07139869436369721 0
0.1465646083707814 0.1424433180310632 0
0.2642336553126897 0.1479385197404651 0
0.2578247205684303 0.1486704036716864 0
0.06098617136625509 0.1044831749876877 0
0.3087149512091088 0.2404748338620263 0
0.3151562819462487 0.2332854126201332 0
0.2225546276459986 0.1099344590302797 0
0.2296455827762744 0.1111310227455717 0
0.2707059181931544 0.2156070747173814 0
0.1093555402518296 0.2385011031014557 0
0.2799777463734249 0.11802184050562 0
0.2317200786213351 0.3949481891602089 0
0.09527547985773177 0.2071347352931272 0
0.1012046576161345 0.2125147827575971 0
0.2832393578118608 0.2176111267798625 0
0.2100259556257317 0.3107692509182512 0
0.2409268530519371 0.01395221983556761 0
0.2694666285878121 0.3263159818814418 0
0.1111706112957795 0.2060862243018683 0
0.1136899939354199 0.1992179917620719 0
0.1105104019952482 0.192882326782623 0
0.1204534372063492 0.1970069319206012 0
0.5158622412907787 0.3762883064523797 0
0.5414301739827141 0.3483786205716335 0
0.5794143796167061 0.3467578198188612 0
0.4634729219442951 0.358363495677559 0
0.4891399212204906 0.3597057885041501 0
0.1229909510126348 0.1906598791673586 0
0.1267296370552829 0.1969773364006276 0
0.4306738803459291 0.02146404846801807 0
0.4294592920483498 0.3878206748493078 0
0.2050330478066264 0.1331199574253101 0
0.2113820298048451 0.2660880149635165 0
0.1578698499452861 0.1274727891912288 0
0.1829948276259875 0.07767248403325715 0
0.1719535290380879 0.109137310953307 0
0.1154503608542913 0.07275074733532037 0
0.2742308970565319 0.1246540495701069 0
0.2645258197124425 0.2331217772689945 0
0.06901087685363816 0.2794622767681889 0
0.0686146765440364 0.2660483890419156 0
0.2232485224455139 0.3788295574533469 0
0.2087842119521904 0.3015216227393678 0
0.2391082675165671 0.1342851578211633 0
0.2324461292230568 0.1351182404160151 0
0.1156882360817756 0.1379079434470938 0
0.2733182015722382 0.2827156011892981 0
0.2769931412927021 0.2751107519794283 0
0.2407534981683341 0.2613283689908411 0
0.01755821785973009 0.2911800999223479 0
0.08123640975534954 0.2854219112636449 0
0.291302142766559 0.2587517237324614 0
0.5944283379148811 0.03511758954590396 0
0.4022510350525489 0.3865284550130935 0
0.4049527276948488 0.01979167794282671 0
0.1292987512084066 0.07013773729044143 0
0.268254064208825 0.2232147769471388 0
0.1964809371569481 0.2844155620718672 0
0.2476017508920912 0.2611345056741173 0
0.0150146717599078 0.1329953086133413 0
0.1831294748841188 0.125114906327807 0
0.2684054609351944 0.1765377894648252 0
0.03613046457293511 0.387988842296674 0
0.2603706841604091 0.2409247323236293 0
0.03605900079809763 0.02018041198242843 0
0.2699761671840941 0.3916927953869115 0
0.142624188112755 0.148010685161492 0
0.2650067848445806 0.1081424456584421 0
0.189401142143282 0.1246999101378166 0
0.1884004741341529 0.01356557452851549 0
0.1813119417980599 0.02717433972914322 0
0.2051965663053915 0.01349031298547933 0
0.9787273982878837 0.04960657623713447 0
1.05679442160834 0.09028949690114295 0
1.036429474367528 0.1429612604349934 0
0.2659867361971817 0.07179511514915861 0
0.01432278337244284 0.169572513570315 0
0.01390136584308403 0.18589272160687 0
0.1289057611671756 0.179629879037428 0
0.7318608704769451 0.3700200237169982 0
0.7535298373386577 0.3329250801837681 0
0.02065233023346611 0.03788545221285528 0
0.01764315746073462 0.3734682961165471 0
0.238306187078307 0.1449254740309237 0
0.5186028849715267 0.1269682447721988 0
0.1513195573561048 0.3361359962808879 0
0.2444639360397221 0.2718254650362088 0
0.0152464646900642 0.2717032999435581 0
0.1349901817366347 0.217106055737287 0
0.09609706266581716 0.3155682834035768 0
0.5671245641171405 0.1062557174858498 0
0.5542995929177612 0.08926802955441861 0
0.3694195758367139 0.2442370727532711 0
0.3840538807377173 0.248103235385863 0
0.2659910671619248 0.1871183425422569 0
0.1430025562951697 0.249543280784424 0
0.7242503123385206 0.04408409586275416 0
0.7581973296269899 0.07529058942518681 0
0.7913551823626293 0.08148720544624186 0
0.3270316499829058 0.3071413069782751 0
0.3356712751232854 0.2938163140706845 0
0.07227375400728162 0.1271097944763685 0
0.3219322891379329 0.2943026292385179 0
0.3129343467563271 0.3065368891055726 0
1.956496049845436 0.08354854374488301 0
0.3552597876998395 0.3898003978865263 0
0.4370067522858653 0.06151711594823735 0
0.3503985487816441 0.2688848488338557 0
0.3374867357386456 0.2698336694634347 0
1.079363103745091 0.04445065526573424 0
1.109748757273694 0.09080580974213415 0
0.09956374662077025 0.01600131769774928 0
0.3806055585233992 0.3568393632034179 0
0.08713964935600046 0.09448755187482889 0
0.08198289402019102 0.1056177500635475 0
0.2485471171428701 0.07043943860697927 0
0.02890006347731033 0.2618097247825396 0
0.2401246699760312 0.3802457478811527 0
0.4242337934982903 0.2807578001910148 0
0.439360388884376 0.2810632299975412 0
0.151721930573311 0.0683944852900462 0
0.2135510198459417 0.2783125033413978 0
0.2173809976735891 0.2742983486703349 0
0.2546043653842707 0.1405171754179677 0
0.9312720254044479 0.04576897988006781 0
0.9165079064109749 0.08224641642851327 0
0.07953065344407428 0.2721446274464009 0
0.7720651935586317 0.2486552947417666 0
0.7868410356779175 0.251171379677409 0
0.7572626736568244 0.2461223561480807 0
0.7520063233925907 0.2320539458002755 0
0.742504895797954 0.243547296371296 0
0.3929899905200079 0.1971453244023678 0
0.1347781751745891 0.1692621048365821 0
0.2172425612286492 0.1293790630678906 0
0.132047819386551 0.1745174841817746 0
0.2408676330590375 0.1122049619087808 0
0.826677745337137 0.04996619137829356 0
0.6146560757356192 0.2349502134118405 0
0.580699078909868 0.2554766569215671 0
0.5659203518187922 0.2529863352094681 0
0.1207340423666398 0.258994953068284 0
0.7816399360310454 0.2370415645444744 0
0.3936157070261564 0.236755716205623 0
0.4763382885960738 0.1982436953421863 0
0.479247272708834 0.1148602655570518 0
0.473087599527321 0.1278890810037875 0
0.461564897162656 0.1168488389750391 0
0.4608363297183708 0.1312745971080674 0
0.4559848698043072 0.1042834727536594 0
0.4589047097565284 0.08904089672711858 0
0.4701087046464675 0.1428856293259122 0
0.4911249134266783 0.2007647518903312 0
0.4615433147182096 0.1957217435620372 0
0.3987898886570084 0.2509318100632324 0
0.2322088855180472 0.02772438969719156 0
0.9933664474970457 0.2722384350266355 0
0.9443423851110461 0.2692791706192538 0
1.014083421569467 0.3188960906511791 0
1.065933326618237 0.3214572383828868 0
0.9661535057822858 0.3142708630650984 0
0.9162838205090496 0.3106640869052 0
0.8991883757979322 0.2688059357732671 0
0.8779542552113814 0.3019311753441754 0
0.8902119596805416 0.3418347739455612 0
0.854048406737434 0.3275859792954169 0
1.030100948024752 0.3661181877120231 0
1.093972114486748 0.2794831187990178 0
0.5242420317508801 0.1406831068100086 0
0.4519733094531205 0.2072698417406177 0
0.4276101586701881 0.2162907391925703 0
0.6050548294766417 0.246533552848137 0
0.6294928873967466 0.2374969216394941 0
0.4328163536774302 0.2303524456513042 0
0.4025780072065793 0.1857719575849562 0
0.3873457542426209 0.1843046337024535 0
0.6242629459541106 0.2233954530941573 0
0.639081674066275 0.2259393041840371 0
0.6486032189048783 0.2143376196727696 0
0.6538925770444252 0.2283907195001381 0
1.143891792948728 0.2830120495111525 0
1.163261689008607 0.3273904343845227 0
1.212064114047945 0.32963870103924 0
0.4476019020376326 0.2328719702855696 0
0.456318065525619 0.1816465985918489 0
0.4858794636114414 0.1866595089117258 0
0.5059103601925294 0.2032388527603227 0
1.17803754809339 0.155787125555593 0
1.205901583938806 0.1165164272935918 0
1.255901944506654 0.1182918685205529 0
1.231950160460739 0.0722872377077528 0
1.28772951778674 0.07880677559788317 0
1.158421432468222 0.1119727329383818 0
0.6346926439503393 0.2515675363431283 0
1.277779032370534 0.1629707643685598 0
0.4218634541049124 0.1626803146574697 0
0.4823994981568659 0.2519840596156916 0
0.3901487590310471 0.3021492516704045 0
1.293900317833158 0.2925438487136907 0
0.4117640612204521 0.1341697125558839 0
0.3616236180522877 0.2967945632944241 0
0.4827927201271703 0.2895216531850101 0
1.420907907719712 0.2597183733931558 0
1.440005065499054 0.3121758368207277 0
0.5000890733838053 0.1498381716696755 0
0.4971835302763716 0.2545062078423044 0
0.5067589024610557 0.2429563760130622 0
0.5215472956199358 0.2454765609138439 0
0.5267701581369642 0.259545016599286 0
1.470625202462989 0.2647341040315306 0
1.493101410290161 0.3092862344686446 0
1.545548425719591 0.3226452839265868 0
1.504873062356076 0.3581664689601511 0
1.600076184441087 0.3185314439644736 0
1.627026574192303 0.3650038248905141 0
1.67725603005924 0.3660725545812666 0
1.701467675856515 0.3230993731814267 0
1.74939640700074 0.3243618160445649 0
1.573025930307056 0.2729130786131795 0
0.836204469320978 0.2722986978728166 0
0.8512139227469402 0.2753362302913231 0
0.8758858805448118 0.2627896292491475 0
0.8459523636515309 0.2611980775570183 0
0.8311455283116934 0.2586265948267983 0
0.8164104822455951 0.2562066276451184 0
0.8552956054264343 0.2493666320256761 0
0.8066934647052522 0.267846041068089 0
0.8016440348680818 0.253706939603054 0
0.8259914539880758 0.2445772198513891 0
0.7525763302644441 0.2719357449104088 0
0.7947109716785459 0.1600413935768039 0
0.7999300748812816 0.1741041441061984 0
0.7851418237425332 0.1715926446780943 0
0.8147183259709807 0.1766156434021396 0
0.8051491781707988 0.1881668948694181 0
0.5855089880490735 0.1093705406258221 0
1.804535982210341 0.1570347706532846 0
1.832429886062209 0.1173452753037622 0
1.782602978868162 0.1131373030321047 0
0.7790536622301438 0.1178531424192144 0
0.7059836181540163 0.1449781990457156 0
0.711200995955873 0.1590363005231177 0
0.69641231706593 0.1565236485295058 0
0.725988959483837 0.1615470249907414 0
0.7164197661509714 0.1730981537712786 0
1.754652935769451 0.1536358467739066 0
1.732645451432453 0.1107751571382626 0
1.682719275256677 0.1079579351978237 0
1.706749943352926 0.06437684223004426 0
0.8242874737701565 0.1650643919321446 0
0.8295065770808369 0.1791271427523941 0
0.7512146931742937 0.1921843595356586 0
0.7459960619851975 0.1781210039182411 0
0.7607843088975127 0.1806325330797392 0
1.870727160809303 0.2897382677272936 0
1.505283345511437 0.1358983466404707 0
1.534780788210678 0.09283116733761376 0
1.580965606376907 0.09881256339877487 0
1.561328241086448 0.05288783409412263 0
0.6616522841216842 0.1375337485037366 0
0.6668483211793399 0.151534347848789 0
0.8795525860479733 0.2003266960839507 0
0.8643782620583506 0.1981463248067396 0
0.8547444955580716 0.2097561614467876 0
0.8495285215350205 0.1956889679663531 0
0.707718980191207 0.2243253972701451 0
0.7129379672418963 0.2383880573921932 0
0.6981498505597351 0.2358771060407424 0
0.7033420252906322 0.2499660040255096 0
0.7181634137297068 0.252522901054882 0
0.688568312213433 0.2474288526013177 0
0.6789429553024506 0.2589292093540175 0
0.6738080899242141 0.2448873901073693 0
0.6833760109410834 0.2333553745979785 0
2.019809094423139 0.3013560025219248 0
0.7355581507304511 0.1499958905888481 0
0.750346269590858 0.1525070335960778 0
0.690912377728313 0.1058625008362608 0
0.6994612885321745 0.09361992243266352 0
0.565056138098052 0.2132738490853393 0
0.8686451836870425 0.1725808496885971 0
0.6181210168424471 0.1695801548884504 0
0.6276901648127765 0.1580289025592602 0
0.8631161321388359 0.1185822809660286 0
0.8617456895850353 0.09853692848847513 0
0.8477758138657311 0.1163478867254341 0
0.8385702307511773 0.09939849112463028 0
0.8332340874543264 0.1160716085752776 0
0.6520555768827618 0.1490107417129997 0
1.654905203668962 0.1468895997537333 0
1.455421142744483 0.1321575415540648 0
0.8795337634578275 0.2400922467827355 0
0.8086301638802353 0.1228761395848935 0
0.7166674109730763 0.1052352508341335 0
0.5789753477534606 0.1761085058666211 0
0.6772743665920797 0.1796265606921678 0
0.6624860741785392 0.1771150546828038 0
0.5526376522541213 0.1064724459556266 0
0.5607024056756088 0.2389106693838238 0
1.631470826685606 0.09863610715736223 0
0.5128083823701883 0.2967065424631259 0
0.5180183957618504 0.3107726634799062 0
0.6329092681048762 0.1720916534752736 0
0.6424797514483018 0.1605440004762854 0
0.6572703601793741 0.1630617830153407 0
0.5833254112826202 0.1504944054736747 0
0.6720577262243895 0.1655707992336935 0
0.5984558862278531 0.3012616810523057 0
0.5803398726733522 0.31643775926565 0
0.618549665633928 0.3034633919352281 0
0.622471061461114 0.1439661519501978 0
0.6502546038775511 0.293784866001104 0
0.6816331959288214 0.1540367217277104 0
1.604440159505091 0.1426245301002612 0
0.6190060655544319 0.2092793320776197 0
0.5302605691533641 0.1941879109754696 0
0.57116002965899 0.2668792551787417 0
0.5511359573608519 0.2504911542732603 0
0.7068505236872928 0.1846491501700056 0
0.7407771143182494 0.1640583328536264 0
0.8677930225319435 0.1328619999433253 0
0.6212945604583329 0.2874325366893475 0
0.5537838139795447 0.1454586331971086 0
0.8399485015788168 0.2072534360370036 0
0.5685429398084211 0.1479809722400791 0
0.7903607981025673 0.1856558431719173 0
0.6320402092941408 0.1324149003285899 0
0.6042072196908519 0.2067520658960585 0
0.8382477535138727 0.1282716750555786 0
1.997885866721916 0.2570706947652392 0
0.5737571855641865 0.1620455468918882 0
0.7084123758118396 0.2639378624756935 0
0.7231513822116833 0.266574126698248 0
0.7312079360206897 0.1756095402703297 0
0.7216387857832858 0.1871607074520964 0
0.7955793738072894 0.199722932982959 0
0.8103676072945044 0.2022359803186272 0
2.031987317393638 0.1304700067304714 0
2.06006160895169 0.08845506308068511 0
2.112843955171638 0.08915482621017218 0
0.6372608707193211 0.1464818494438127 0
0.5641869150271395 0.1735987160969798 0
0.7660022685856929 0.1946977185869936 0
0.7555653000313575 0.166569742092762 0
0.7918805258946749 0.2652244838066053 0
0.8390757248829231 0.167575891290239 0
0.6929346571832988 0.2218124488964066 0
0.5554859520457625 0.2248315503770566 0
1.904268133479919 0.164351140505841 0
0.6912138873663334 0.1425165976089409 0
0.5987355350861936 0.1154889800253141 0
0.7508787574401806 0.1152110517851778 0
0.7016314203766126 0.170586399349755 0
0.6868452338037683 0.1680803093039139 0
1.882308606633984 0.1208264300207489 0
1.855876663795568 0.08006193438861954 0
0.5702744139979761 0.2273417061389347 0
0.7799227216982773 0.1575298972701968 0
0.8442972598653943 0.1816365712830916 0
0.7755722962457524 0.1831448696259495 0
0.7703534872303324 0.1690813484226051 0
0.8203379889998597 0.10988436529414 0
0.8029253389883186 0.1046121941721652 0
0.7886228094146656 0.1063018892930409 0
0.7734234502497783 0.09959222650499791 0
0.7562752741227172 0.1004718099819698 0
0.8199372364851196 0.1906801053144491 0
0.7277296970117213 0.2409175499669855 0
0.8738713304191429 0.186661640826686 0
0.886519079375813 0.1890276411276759 0
0.8347290244245438 0.1931885500541283 0
0.8590974222601067 0.1841336242033012 0
1.327642925395346 0.1666619680628555 0
1.30632873069951 0.1233152744813644 0
0.4571845756250178 0.2213318593375775 0
1.243199068487304 0.2884539987546021 0
0.3575766822892646 0.1165730117724286 0
0.5015455504311841 0.2288814475818511 0
0.4423963582017342 0.2188101316772073 0
0.59546168166861 0.2580387697639628 0
0.2641058664547389 0.1813846234553736 0
0.4963324610301186 0.2148217676756053 0
0.5206993749271109 0.2057457512425625 0
0.5154731752423827 0.1916793985363109 0
0.9226866640536746 0.2380860806928916 0
0.7964300382291054 0.2395474848863513 0
0.7476510808566117 0.2577003310415865 0
2.076484747568617 0.3600288528023851 0
1.824806417030622 0.368492653906742 0
0.4467531553398096 0.1931989217555595 0
0.6642285099959517 0.256496239767774 0
0.6633940504692705 0.216805652605905 0
0.7372778790529292 0.2294105661110605 0
0.02889511814865254 0.1791587592125891 0
0.02679236926496187 0.1955787096693786 0
0.6443306670130612 0.2399717561867397 0
0.5415627452965651 0.2620452428147696 0
0.3892669489004295 0.2624369581166382 0
1.775674214476232 0.3681410602650335 0
0.193020118896144 0.129670230823601 0
0.2283491340472345 0.2880917522119631 0
0.6686300322365608 0.2308403889034434 0
0.2754535197030617 0.1611469139001935 0
0.341626048983291 0.2055104604680567 0
0.7329243756910018 0.2551096586273068 0
0.2706231231333122 0.1166173564531916 0
0.6590580734778143 0.2424390872810355 0
0.2250686667208391 0.2676685039221032 0
0.2723242181281159 0.2041863045561531 0
0.3131757867390603 0.2061751372742411 0
1.129278395381071 0.042327163628373 0
0.3221622434087556 0.1735036429801666 0
0.3144367552450541 0.1786972201636569 0
0.5293594163394874 0.1547001342505462 0
0.5389795101159988 0.1430461831960463 0
0.1272627207888201 0.3294871720195996 0
0.3782620427280828 0.1957218404988943 0
0.2418953659891483 0.3399941660794412 0
0.2817245134922585 0.1840886985702245 0
0.1112969168455637 0.3236716714596797 0
0.1291205359996084 0.1902998829492379 0
0.2928662486092712 0.3521794021439574 0
0.3082861669419817 0.3540028955173163 0
0.5388141242127001 0.06258143132575794 0
0.8605593304822332 0.2631782698889964 0
0.8702042834869821 0.2769072653091693 0
0.8564239361385947 0.2894023513081063 0
0.2801574757170619 0.1359575214163005 0
0.05614035822319371 0.2586695115144279 0
0.1180114095338685 0.2098997113574699 0
0.1451777247083005 0.2375635681750366 0
0.08198246975007208 0.2465726581347353 0
0.07992554090989833 0.2351844942554887 0
1.484968682026643 0.09056100660874113 0
0.1248043977759752 0.2242217815335492 0
2.078534948341075 0.04314531066888738 0
0.2563267989570001 0.3791875023749406 0
0.1628899356307973 0.1322183165270053 0
0.03488106376762412 0.2893208021623649 0
0.03397868437641582 0.3049577123440009 0
0.3238564670361543 0.3504685092969944 0
0.08175410455790645 0.1656298382610262 0
0.2875890948488228 0.2125576538679249 0
0.4898892128988868 0.02521398468545353 0
0.1155321793163649 0.2340671319531632 0
0.2427300570103234 0.29264487232466 0
0.1301390359457073 0.2266131636565187 0
0.5944169484813127 0.3812726659043768 0
0.2296705609217051 0.1178175454250784 0
1.625248450481915 0.2754495674188175 0
0.7856878321114231 0.3193822123863305 0
0.1099929439042463 0.3789718032002188 0
0.5095231624804621 0.1386553057977448 0
0.2870893697524068 0.3385538696320892 0
0.511392387681287 0.3373762776865824 0
1.080882252556454 0.3672933743125245 0
0.286664570409632 0.1951598203532155 0
0.2836350749461851 0.237125194858196 0
0.1392704735827296 0.1025581005918806 0
1.312209721109336 0.3342851003921001 0
0.0467690839297816 0.1010855995361372 0
2.162199525759215 0.2501083930874526 0
2.159896610216684 0.1592081902715841 0
0.1361208777794587 0.2349738157835589 0
0.01571419579762297 0.2309978912833822 0
0.3014150474423044 0.2606230894680064 0
0.2818093877078551 0.3116529263990457 0
0.2455920246189863 0.1511268920449824 0
0.3048793111051953 0.2039725334817757 0
0.2774386862192593 0.1671414404977174 0
0.4395792615415209 0.3087237793985461 0
0.06841425630078433 0.2100392780318389 0
1.82883147057222 0.03950192420757374 0
0.3563718613176862 0.3115220629889233 0
1.722950196190197 0.2798951631138816 0
0.1273294009477577 0.2614935486589861 0
1.081303964859186 0.1282787757904649 0
0.1275205043603135 0.2030130500771584 0
0.1201784222289754 0.1633013301132718 0
0.374948935747095 0.1599205484023951 0
0.251792504677483 0.1235725184283754 0
0.2063292629104453 0.3811076087871519 0
0.2443238695615354 0.2556164808704599 0
0.160285080355665 0.1090642500930706 0
0.1483844654237764 0.1191595385444832 0
0.09518655894111841 0.1032254250041589 0
0.2309490879293286 0.3553111193747051 0
0.2743216470996727 0.2207007592831266 0
0.9308760792337295 0.3681325469326761 0
0.1181823542310369 0.2033536297897933 0
0.262050579119821 0.2460426464930752 0
0.261399279421074 0.08167535769657594 0
0.2549691192326925 0.1544536613924663 0
0.04968132393348027 0.3739129883123554 0
0.09053573297552446 0.200762250970485 0
0.2976130198192097 0.06170033817720682 0
0.3075317165256768 0.05050813507385279 0
0.1501077237304865 0.3248104665261644 0
1.424717394483681 0.04120517001345509 0
0.2838554813249231 0.2568618703352859 0
2.005853104758367 0.08506524755314655 0
0.1092110173434714 0.03257745725064783 0
0.2068177528929436 0.07639419928725578 0
0.2238387532099461 0.3327007373182838 0
0.1129973658824581 0.1737767549739449 0
0.2581407035178319 0.03723006679122036 0
0.1858967371519541 0.3006744052452835 0
2.161844393775665 0.3416666666664747 0
0.26533143652122 0.316423950997939 0
2.161174804525593 0.06872656955567168 0
0.1738156623666295 0.2933017701677887 0
0.2478779406180813 0.1129513488041549 0
0.1171376419548904 0.08422826934462271 0
0.2422587068520618 0.08039357301520909 0
0.2608181821450306 0.2830742980942589 0
0.2407117718353816 0.328730384570077 0
2.118037679213859 0.3166251507465358 0
0.2873342091706547 0.09141560600776032 0
0.1970011929217038 0.3328930819655376 0
0.2740867734819568 0.3369392906475731 0
0.1242083080493043 0.3132845649828903 0
0.2693487907366303 0.1302378169954892 0
0.3001884038762427 0.1453251446413407 0
0.1519175587128985 0.1441905516525792 0
1.113379099830904 0.3245105353999886 0
0.4985930200160977 0.3138306406927205 0
0.09023310000673981 0.1131065668013079 0
0.223618937916973 0.08146951524146066 0
0.2721084872870948 0.03654562772316902 0
0.3614573068464667 0.1600292239756527 0
0.05981454905494871 0.3143988967202695 0
0.02766501954766559 0.1638578339307167 0
0.03301752833041062 0.1498370489954256 0
0.3501722312840737 0.1375580966816567 0
0.127031242361316 0.2480426875351682 0
0.2700075387700784 0.2715511376375943 0
0.1677698951918357 0.2916816689909064 0
0.1915629970382091 0.2760598318076213 0
0.123660930016705 0.1467944328784751 0
0.1956072741018552 0.2724844022775413 0
0.3980534430267506 0.1723195862779719 0
0.2063414549002175 0.03677392919808301 0
1.773757853966717 0.2836315782124766 0
0.3041514305981174 0.162111758847871 0
0.3091084960519452 0.06892758012356608 0
0.1041137869720086 0.3074425417356415 0
1.976143186159631 0.3696798107547329 0
0.4826728208519632 0.3859474958628439 0
0.07615051817337756 0.1392790734656878 0
0.01433555998654654 0.2179446647911926 0
0.3470453004356413 0.1256049287094278 0
0.154680358388375 0.2859543692584933 0
0.07705227429253086 0.349857597262729 0
0.1340746824513999 0.1303850256062167 0
0.1789342202470758 0.1364613033959986 0
0.8187802738888915 0.08628110430016481 0
0.3679626889895539 0.3728089184432976 0
0.1487317466305856 0.2836765900532752 0
0.3554311817252321 0.07748862224658011 0
0.1791277928921528 0.108483952542286 0
0.1695594596467508 0.3322047125298731 0
0.07983633348449184 0.05851506458829097 0
0.1307337770627753 0.136041827980719 0
0.0588906611615887 0.2042609976952098 0
0.2248160339635337 0.2614845764523307 0
0.2116372185604687 0.2947769200759668 0
0.1632093509691717 0.3738978027555595 0
0.1445704736442233 0.1526611722940704 0
0.09365024906709671 0.1798651932727216 0
0.3067772008896137 0.1120996038648394 0
0.169613966904118 0.1151899354006583 0
0.04629527056236679 0.1488195045662931 0
0.05156534995223769 0.2330268312101659 0
0.02650316507679663 0.2100787179013765 0
0.3698478748276625 0.3420275970644928 0
0.2131264427718653 0.02536604268911109 0
0.405699812382045 0.1592957582333772 0
0.3699652828358357 0.1454470376990317 0
0.1354363641427481 0.2781395088832081 0
1.650935806588967 0.320973036844807 0
0.2026096372616275 0.2658410453191425 0
0.1627574703648659 0.0792485652310925 0
0.1534666857497092 0.07828141261823764 0
0.2895072061667294 0.3955114015360828 0
0.347789889258255 0.2464955620952319 0
0.07856268973405717 0.01584040947688285 0
0.09090392839539366 0.2629892031235443 0
0.08051435931809189 0.2616990222244531 0
1.469398097139963 0.3461572775623749 0
0.1254789310778381 0.2302035073090032 0
0.3654326891315419 0.2300855143364357 0
0.107669314151508 0.2167939009867639 0
0.09251192178750088 0.2819909152248469 0
0.8522069561733723 0.0765534864294502 0
0.3121563475287846 0.2259977032051582 0
0.31857395064922 0.2198756277391353 0
0.4484852874961889 0.2715948695727033 0
0.4331424666089881 0.2691430373317887 0
0.04114449304369454 0.2538116830779112 0
1.370606109466443 0.0420218651213549 0
1.977764009170756 0.04084980113831616 0
0.3073771350843505 0.2114783476102203 0
0.1835755995191665 0.1020826437243205 0
0.1494062491881266 0.257952100835862 0
0.1016856598535983 0.2202408438844372 0
0.2102358550843432 0.128700192690107 0
0.1713338186603174 0.03718110470225409 0
0.1532669211648483 0.1309667147190372 0
0.1962996260902246 0.1344461706760415 0
1.18073409478154 0.3705697606619363 0
0.4004451723826869 0.1061262217693034 0
1.671188385692692 0.03738536654825075 0
0.08118846013855999 0.1868798205686637 0
0.01548060020337351 0.3276769980508373 0
0.3215128727234961 0.09442735489691616 0
0.316855833122378 0.08301654896590814 0
0.8694007117543887 0.2508886035951962 0
0.1248461665084882 0.3781305963904023 0
0.2582969209198503 0.250466738423468 0
2.122006913671949 0.2324578453143194 0
1.798403268961797 0.3264144549911958 0
0.3721954016239044 0.1834248150429762 0
0.1530716585655651 0.1086180936554497 0
0.3141108975380157 0.3683670427285428 0
0.1208489794527996 0.2524325229879864 0
0.2840646491065755 0.2250686078543201 0
0.7754347413113566 0.3672634358174562 0
0.2020396920569321 0.1141206954285187 0
0.3119636956470546 0.2875809940188053 0
0.3431965662141607 0.2814739961128068 0
0.3306551834535924 0.281948138112261 0
0.08224909167123209 0.1317562470403138 0
0.130558718392463 0.1114375866411546 0
0.09359369912614482 0.2149331321547321 0
0.03440256212704555 0.3644073968643036 0
0.5715569625599882 0.05953002881899448 0
0.3062005469619483 0.2969640560714698 0
1.905318086039852 0.08045369761708239 0
0.06568873697887584 0.3756844521626811 0
0.4946295719156851 0.1372672431698418 0
0.1095364799328464 0.1456064755410185 0
0.2340525335140261 0.3672877804961281 0
1.338423622508236 0.08238261577818454 0
0.4213467016493553 0.3664287461689896 0
0.1985254754023555 0.1086646641120553 0
0.2427727031242379 0.1182010140379753 0
0.3020404826986968 0.2453628262447612 0
0.454461821896268 0.1434887311273374 0
0.21726507949061 0.3056802490520007 0
0.03939485287344965 0.2412890814911313 0
0.3276431445991026 0.04821399223495845 0
0.2564877234836736 0.1636075021483776 0
0.3800283299362646 0.1725928921905546 0
0.2714420660915028 0.198442440456693 0
0.5362539487170647 0.3211745292057542 0
1.232782639952634 0.3698787649902913 0
0.2268287130468333 0.3077643022304026 0
0.3490121924544985 0.2958941755429408 0
0.3776830297116196 0.3134846131423673 0
1.847265881474679 0.3277383007158517 0
0.4414100699331228 0.09956404461958014 0
0.123890980911813 0.1359338933613475 0
0.2272836945912505 0.1394617263481689 0
0.3930528090057799 0.09216094936103653 0
0.3839130034110927 0.07491835206532139 0
0.3124939980002134 0.3419689133973707 0
0.2160565282484359 0.2694922331529991 0
0.3911472986178368 0.0355307330422053 0
1.520349407963123 0.0392232643447984 0
0.1470463920052827 0.05895636977740224 0
0.230469575171818 0.2945834287698002 0
0.1924669077137963 0.1096441084066554 0
0.1918664486253702 0.2690229921297018 0
0.1865324177699672 0.1298936253528568 0
0.3577976387907641 0.01609352968092667 0
0.1517119686448838 0.2671077862669647 0
0.1348645881596694 0.1581967605284094 0
0.4871480745368377 0.1014982285112421 0
0.08849135691633951 0.2375625243820755 0
0.2748670372705628 0.3182665424584749 0
0.04882044925004664 0.3072910618845974 0
0.1071557740560649 0.2108660969403259 0
1.878514438751315 0.03996679314727502 0
0.3312981060039809 0.1867166310033911 0
2.124465258198257 0.1366666666663212 0
0.1907897003000955 0.08158088418060731 0
0.2333552645468257 0.3359236890698166 0
1.270864890171815 0.03715555261679523 0
0.4434929615028937 0.04042712003507964 0
0.2937196404165363 0.08189455624183752 0
0.184347480444381 0.1343530437325322 0
0.1983560935547583 0.3435490771115451 0
0.1610340939277403 0.3383630138894402 0
1.893687244730816 0.3289800006782439 0
0.3701649534961565 0.03425141021404643 0
0.3235937029049639 0.2337035370525227 0
0.1212958359800492 0.2336657014589168 0
0.3865859147990663 0.3740948622334719 0
0.2687853647739069 0.1918670546571102 0
0.09061255194157918 0.2454283920039518 0
0.1354213130967977 0.2299608964586911 0
1.262734803192458 0.3312619973325259 0
0.0640514459023324 0.36032691340333 0
0.1397146600637553 0.3973540107028337 0
0.1224634473944109 0.2652859821483869 0
0.1627549473947213 0.2961556624189147 0
0.3262891151965511 0.2711280849105297 0
0.01647622107996957 0.01680822918047566 0
0.1441396641673708 0.2887829400321369 0
0.272706655886388 0.1720888056193686 0
0.2224439817260815 0.1372681480612215 0
0.2368955722358124 0.1390634145861684 0
0.1684729597064445 0.130722933904427 0
0.2513862880850019 0.1503390198761693 0
0.8959938028691952 0.2414225492700138 0
0.8846280491795703 0.2525796654104656 0
0.3181107915488351 0.1129881027201224 0
0.1967390187659449 0.02462155094604261 0
0.07239405203363233 0.04485084457895987 0
0.1263973762572975 0.1180007405467298 0
0.3790449465703408 0.328530063119959 0
0.2049800246598735 0.1278271126748087 0
0.07678442132851804 0.1965895085734568 0
0.1653149682188546 0.02551265912067561 0
0.1350452198637183 0.2231590107492537 0
0.2730080097901924 0.2257171740509464 0
0.03410962955811608 0.05676220828698184 0
1.808142709005048 0.07969258332678317 0
0.1230030415599897 0.2013722441640396 0
0.2322268726085002 0.03968393366282487 0
0.1473684349380823 0.2420003758497624 0
0.017335808839269 0.3927715067046473 0
0.0369468547877486 0.1707821862937649 0
0.07668233391566204 0.1165933972215189 0
0.2497202533387103 0.02593331615939957 0
0.2610831949828843 0.1641659696832353 0
0.3969095971085367 0.05616733653378959 0
0.1553138322737144 0.2927221522767537 0
0.317825699507917 0.2417507785723643 0
0.417237512584817 0.0410284329717335 0
1.228331296596771 0.03062158735131859 0
0.260067614429922 0.3672350985599637 0
0.03646281157185761 0.3477790277110654 0
0.136187610897101 0.284841690858777 0
1.33006679618912 0.375274324676775 0
1.918899459416661 0.3714745452620333 0
0.03958932114885805 0.190972496028234 0
0.04104610769704445 0.1151818235526976 0
0.9230858977256506 0.2019677095578787 0
0.2527990326591782 0.1600364969114965 0
0.1270999267389054 0.1298871716994378 0
0.2647123270155755 0.02615334962487693 0
0.8803465052342544 0.08562858113686131 0
0.1546254404626714 0.1204292642282549 0
0.4415173183187925 0.3693347382417362 0
0.1695827619316066 0.2611253936207574 0
0.2548757290583094 0.2547236867283237 0
0.1153456158962528 0.2419346180102873 0
0.08080453804465293 0.3978924814142646 0
0.08596298815568694 0.1800052962712277 0
0.1372928533451455 0.1644849863868935 0
0.9158395165383141 0.1150478176587952 0
0.4485457750075471 0.1269622380247171 0
0.2699482403821625 0.2094686719430182 0
0.1212373121040245 0.14157156360499 0
1.758458287244488 0.07575863733262178 0
0.1822903281665244 0.03952956725379561 0
0.2592504239196294 0.1118880914529102 0
0.1147644588020253 0.2747002125873996 0
0.1407178094377634 0.04856668519262011 0
0.2877257855133857 0.1711970995870254 0
0.1645347501768724 0.3975701116252291 0
0.2074446214531175 0.1149708786474727 0
0.2485990774451212 0.118773705046239 0
1.993492572005084 0.3322141451140019 0
0.3023101858547667 0.3808983707505968 0
0.6344151207484754 0.3836111423988797 0
0.3351040916064134 0.0371013472881986 0
0.2420539499921983 0.2509094304683795 0
0.3144252541366505 0.1710149708083281 0
0.02694512417860248 0.1388154851386761 0
0.1419040896128026 0.3199299916514929 0
0.1148547563228411 0.1628545882397015 0
0.02861748859047272 0.3186676721949243 0
0.2209753893412835 0.2710374301933871 0
0.3690284865800812 0.07992653499105613 0
1.185183044093646 0.08389658294041921 0
0.324889898976339 0.3966607412288289 0
0.1752257391826809 0.2726529840744216 0
0.2675377448741137 0.2009356852801042 0
0.08326258129736311 0.2010379724908234 0
0.1398580046766025 0.1699957276810406 0
0.1339872976227656 0.191778175840962 0
0.1567873025927878 0.01252762820438708 0
1.379883369098304 0.3732684118382597 0
0.2793330458289162 0.220980713388447 0
0.2568758406221472 0.07372681361652143 0
0.4686743684224853 0.04319604737592535 0
0.2127514130129073 0.3703161377456527 0
0.2869913111669967 0.1849807547677169 0
0.1895736129312853 0.35084370224588 0
0.2196129425062418 0.07518619814770722 0
0.1064081135980559 0.1527178449112778 0
0.1816993255349107 0.2749061295961492 0
0.1401225000114705 0.2375791806381989 0
0.3051493896675187 0.1377066424217952 0
1.739391258612604 0.03631826671439311 0
0.3392284968496173 0.1860556708306862 0
0.2608053780192588 0.2292200343448188 0
0.1710698607639106 0.3843138278890496 0
0.05107842165826432 0.0300254700375085 0
0.2790001428235356 0.2620910616517181 0
0.3238703050710339 0.1050740837178487 0
0.2066555066656531 0.2657665336136513 0
0.1574726296889053 0.1465547370625843 0
0.1313436639574308 0.2004829680979498 0
0.2221488667859314 0.2760819970454786 0
0.2648070595793053 0.2281142804436494 0
0.4817840665414587 0.1360018072053599 0
0.2064430279142137 0.08311970941825413 0
0.1435423011396391 0.01467162267243767 0
0.2416640609058559 0.1483369566157798 0
0.2293100502390844 0.258683462162146 0
2.03953150272658 0.3334535005579994 0
0.1406611965807507 0.06868403058218966 0
0.4440233348491218 0.2942616528675137 0
0.1936853892541667 0.07436439910967872 0
0.1571726021942401 0.2644624254614135 0
0.1800230168566744 0.3032787853695725 0
1.40119921851656 0.3382442915564561 0
0.1717851331442456 0.2992412728937003 0
0.07147782881459948 0.1076739681455997 0
0.2863423374675048 0.2318573060166894 0
0.2215948448642331 0.1330114978382577 0
0.2351998393130597 0.1125771111853371 0
0.3132187572369627 0.1855270832148552 0
0.2147777750412601 0.1084271689043945 0
0.2843352518174864 0.1802641430046874 0
0.2450606983885292 0.2653261755843433 0
0.3161263996222556 0.2137362779302397 0
0.6927647556947838 0.07334178020943494 0
0.2759039586481828 0.1311832599939875 0
0.1871416435361543 0.2768018750414097 0
0.1110425793230199 0.1583974158592948 0
0.28058425139653 0.2690742546712043 0
2.166276547605471 0.03240948415995701 0
2.168195493101889 0.3794269470120123 0
0.2633189559731913 0.1696860664050657 0
0.2002128030794966 0.2700880533528681 0
0.1305533529188959 0.1844384585641884 0
0.0647179526310989 0.03012935330938952 0
0.1684775743990988 0.2702050998618201 0
0.06541906007656234 0.256889470565973 0
0.3194473660088849 0.3824224986897957 0
1.661424877954857 0.07447555484874949 0
0.5211697784457536 0.01698718709984322 0
0.1057752952980582 0.3171808703360152 0
0.7260459552458083 0.08432813165298178 0
0.1659911618159843 0.1103921639871202 0
0.1206703020380961 0.3221491838036843 0
0.0256724187513089 0.2492644158431762 0
0.3249053387343088 0.2164524042783789 0
0.1243194672829131 0.1244728543544228 0
1.150117722632951 0.07478224625172571 0
0.1235269162837546 0.0778723113760644 0
0.2764103565657633 0.009210743174849285 0
0.146430895116147 0.2462338846407522 0
0.1166349278701644 0.2487226369783902 0
1.60062354811726 0.06063921271976404 0
0.3114622491084142 0.1613159009405549 0
0.1348680440624347 0.07756201909373443 0
0.2186937740435482 0.1137524749027182 0
0.1303094059252259 0.2810459659455619 0
0.1518060698197684 0.1141298776161373 0
0.04955393369800656 0.1879029040174832 0
0.2612412742239212 0.2366981047489028 0
1.474507190406717 0.3808680961358007 0
0.2890322322642728 0.1906706686003936 0
0.2944077504011271 0.01012108204415022 0
0.299413954091087 0.07302107696753529 0
0.3668634859689336 0.3083843974669656 0
0.2549490302187402 0.1448818833501884 0
0.171491470707623 0.1344139978738588 0
0.8773535777064466 0.3766034862297236 0
0.08583852599127136 0.2781196407697624 0
0.08090281410535653 0.172698278996952 0
0.4055182367445745 0.1439641534521348 0
0.1700397810067977 0.3635049259058298 0
0.1324907815694309 0.01154112881467128 0
0.1065653942055273 0.3964048932543436 0
0.282219160882232 0.1701671675494199 0
0.1429617578411438 0.1570689807764724 0
1.077063175992264 0.1658858759836409 0
0.3392662169912737 0.216498220437312 0
0.04482215919301327 0.0726569126526268 0
0.2673120551384545 0.2844238270865108 0
0.1794978213450866 0.3581593825395815 0
2.132621429334827 0.2733333333329296 0
0.1500702625697952 0.289347583442674 0
0.3086255364907035 0.1753232562164712 0
0.6116551945216899 0.3575538462705985 0
0.08144955658325304 0.2540081192111895 0
0.2714445685275692 0.2771525381000365 0
0.5587631399348137 0.3269140793449141 0
0.4008245893036569 0.1298495073740836 0
0.1162077650530624 0.1954697109729134 0
0.200249265478311 0.1339930758048289 0
0.05894494653836192 0.09338941980408684 0
0.2371359603634654 0.2955791276068096 0
0.3195009979790384 0.2271475815471304 0
0.0123763272722664 0.2428551132431438 0
0.1235209429440703 0.2791960157521663 0
0.3315121602870521 0.2625210896455353 0
1.540176427698455 0.3747288032085632 0
0.2251401511961718 0.1143624376219339 0
0.1340288750217911 0.1070837975943833 0
0.1345643628780206 0.03928121572663474 0
0.3961924477699388 0.1163358250552263 0
0.2359213995275611 0.3466882688956724 0
0.229407950383135 0.2752363782991659 0
0.2293296438454268 0.2785228705228727 0
0.2264129403299187 0.2774203542485951 0
0.887537128171372 0.2657977825112073 0
0.8846963296424571 0.2728566005412182 0
0.8730450820158969 0.2698484472791584 0
0.04290589425320769 0.3809509153045147 0
0.03526651334999033 0.3761981195804888 0
0.04204194303026291 0.3691601925883295 0
0.3061222132089576 0.026625792662419 0
0.3148590962982673 0.02643734834993934 0
0.3104731680904598 0.03505569400335527 0
0.1212394921354737 0.02580876316130224 0
0.1268431128354171 0.0208550589673275 0
0.1297599483868549 0.03004176572043962 0
0.0246798964624937 0.2827714965904114 0
0.01640234127489715 0.281441699932953 0
0.02352401987766075 0.2730330966010164 0
0.2979817956726898 0.02969188523860731 0
0.3023677238804974 0.02107353958519137 0
0.1652624212932784 0.2939186657049105 0
0.1697775141680407 0.2954614709423034 0
0.1672700402694834 0.2976984676563075 0
0.2797519014537997 0.1629403326740006 0
0.2807444847118985 0.1659375959727625 0
0.2764461029611605 0.1641441771989554 0
0.2760378150020016 0.2131119812179817 0
0.273887036209076 0.2157826051028875 0
0.2728566969860801 0.2129364508324756 0
0.3738799967166071 0.05936251964721866 0
0.3816107963194281 0.06383981839064044 0
0.3761822038082717 0.07044105332189961 0
0.03334131941644071 0.2818418477104199 0
0.02621964081367711 0.2902504510423564 0
0.2836520034592181 0.2213398673170913 0
0.2816988474677459 0.2230246606213836 0
0.2812862018203885 0.2192959200841548 0
0.5041074427883767 0.1132568772402014 0
0.5080503443670701 0.119524071052664 0
0.4993964746635696 0.1193358763624524 0
0.2789388886844376 0.3763158263323571 0
0.2785379486475352 0.3852586513677245 0
0.2703771072209965 0.3827499703515441 0
0.09728138508792614 0.02454218718601582 0
0.08678085664456961 0.02446173307558261 0
0.08906321817741371 0.01592086358731606 0
0.3574515040461095 0.2470664207793109 0
0.3529131293709742 0.2510689938245312 0
0.3523282639333903 0.2424929890500115 0
0.2288668936381625 0.07531411279163415 0
0.2279351807128056 0.08092312316852369 0
0.2245506508423298 0.07586050486457112 0
0.2520872443880684 0.2584186419894957 0
0.2524643348281108 0.25523341185927 0
0.2544986386182669 0.2579089168585494 0
0.3499660829065945 0.2565606940887334 0
0.3542174591326688 0.2622636371938432 0
0.3461471725555698 0.2631819057287459 0
0.3208117682584793 0.2874622961832893 0
0.3251732154163091 0.2812850506201608 0
0.3262937362957626 0.2881253836753895 0
0.2314724744755876 0.0702738787094966 0
0.2348570043460634 0.0753364970134492 0
0.2703270792876584 0.2125378733301998 0
0.2724778580805841 0.209867249445294 0
1.1181163761639 0.1211286228162736 0
1.134085094870958 0.101389271340258 0
1.142452713761164 0.1317120844143974 0
0.1014451587348664 0.2163778133210172 0
0.09763967948987157 0.2175869880195847 0
0.09739917837113968 0.2137239574561646 0
0.3288017821306092 0.2940594716546012 0
0.3331632292884389 0.2878822260914728 0
0.2757806841327698 0.3254563371278763 0
0.2780907565798421 0.3307679915109419 0
0.2717767010348844 0.3316276362645074 0
0.3028759411637116 0.2514646617612494 0
0.3049521611127507 0.2555813263303398 0
0.2993388274932653 0.2565064248989161 0
0.1895299627722065 0.1057107429517525 0
0.1849364627865113 0.1052948504452279 0
0.1881690995048618 0.1024985362308451 0
0.1163550934197062 0.1418276283827636 0
0.1132792153452416 0.145676894429726 0
0.112612358007311 0.1417572094940562 0
0.190043923797732 0.2633765379836948 0
0.1925097836704578 0.2649093213485915 0
0.1894005887526443 0.2674902087648049 0
2.073040981495647 0.3331100802377698 0
2.093817447318268 0.3114082292098452 0
2.097261213391238 0.3383270017744605 0
0.2672255762318141 0.2431689004264217 0
0.2652027483055478 0.2463187668321343 0
0.2640734070460873 0.2428927800873627 0
0.2508616495351579 0.2611143263314462 0
0.2488273457450017 0.2584388213321668 0
0.1841430351140096 0.3875226800861744 0
0.1929877853363099 0.3873555072064074 0
0.1882436451576888 0.3952535583980175 0
0.08679085533993069 0.03266065064486166 0
0.07857268842941825 0.0240393270461619 0
0.3881090931681501 0.05446431062487454 0
0.3904113002598147 0.06554284429955549 0
0.2382676789060176 0.2745568023861062 0
0.2408792696337079 0.2716250863886718 0
0.2418523453120318 0.2747571810336432 0
0.1930683863001687 0.3086206175790155 0
0.1883121468410195 0.3111049549994163 0
0.1879354069228051 0.306586494299866 0
0.3307890177020828 0.2071577547137461 0
0.3357797921768113 0.2038911443476224 0
0.3366352745085625 0.2087770708341804 0
0.3448428427938753 0.251987262359434 0
0.5940610498014296 0.09469453520859153 0
0.5957528287724225 0.1046659730315953 0
0.5838172090780807 0.09939910280281841 0
1.103893979956646 0.139865105840439 0
1.09552636106644 0.1095422927662995 0
0.2633930091283186 0.1901326266338149 0
0.2673882159679158 0.1894926985996836 0
0.2647901579343096 0.1925069826912416 0
0.2827387756958825 0.1610999085691725 0
0.2784403939451445 0.1593064897953654 0
0.197608219101538 0.3803661188408581 0
0.2017088291452172 0.3880969971527011 0
0.02688681101683486 0.3807285692066106 0
0.02602285979389008 0.3689378464904253 0
0.2211180264513291 0.3028914951438677 0
0.2258998432294408 0.3039335217330686 0
0.2220468962687216 0.3067222756412016 0
0.2132874574399567 0.2999145429164651 0
0.2102107152563296 0.2981492714076673 0
0.2147139607440958 0.2965421915847646 0
0.05497659093652656 0.1945823523750406 0
0.05962094619424016 0.1976298804153348 0
0.0542463059038751 0.2012134696549155 0
0.2631514830705471 0.3854401488809261 0
0.2635524231074494 0.3764973238455587 0
0.1368774930768161 0.1904191742424393 0
0.1365958235273486 0.1924656472811715 0
0.1342689671722331 0.1897317028022298 0
0.2332981523236928 0.2556017392456029 0
0.2316769970795117 0.2590430131768154 0
0.2309312054832655 0.2552421882309336 0
0.2354620349741426 0.2532038576678082 0
0.2362078265703888 0.25700468261369 0
0.08532176754766178 0.272491478685107 0
0.08521729091973397 0.2675669152849726 0
0.09100840502332147 0.2679137665236788 0
0.1539641474083703 0.1392739316157664 0
0.1544218886633423 0.1426722400413822 0
0.1514598174579265 0.1407922432269634 0
0.4595621086142035 0.3718872849101051 0
0.4730728713981291 0.3721554957702015 0
0.4691620580680376 0.3856792850027476 0
0.2029538027136539 0.2835683422207479 0
0.1999606008397738 0.2856154546298813 0
0.1994741390308282 0.2823684496627338 0
0.3385830970365066 0.3977055437888076 0
0.3456601542317876 0.3876057427320708 0
0.3481827305045585 0.3999001989432631 0
0.1675733539453562 0.07388722340798794 0
0.170054209758747 0.06901801949517843 0
0.1739926327086111 0.07310747960880852 0
0.295220033506439 0.2334311851144241 0
0.2914737123271324 0.2322947904900285 0
0.295050999671904 0.2291314599655287 0
1.581629209054919 0.02644391704706132 0
1.601276862570325 0.03031960635988202 0
1.580975894601854 0.05676352340694334 0
0.3094376103622349 0.1539530477432904 0
0.3070178748732049 0.1495102770147306 0
0.3121293685674505 0.1492410149802838 0
0.1109906349331754 0.1380333378932037 0
0.1079147568587108 0.1418826039401661 0
0.2330992882082488 0.2796482041750191 0
0.2301042781550324 0.2818321801244483 0
0.1437296258041049 0.1697270861519741 0
0.1423676925445287 0.1717267700550675 0
0.1412199379361787 0.1679960437779472 0
0.3118838546476738 0.1389948138207638 0
0.3074295113729696 0.1412524433367596 0
0.3096037329422229 0.1354490129057993 0
0.1166836725151915 0.03378646358253109 0
0.1137668369637536 0.02459975682941897 0
0.316071316989068 0.3522357024071553 0
0.318983682287085 0.3594177760127686 0
0.3111985322399987 0.3611849691229296 0
0.09789769135465075 0.2218922633924483 0
0.09385171099092399 0.2192384075275957 0
0.3171655628117172 0.1386463567360209 0
0.314991341242464 0.1444497871669812 0
0.8045801158106429 0.3403177555019856 0
0.7994535704106096 0.3642583672175485 0
0.7805612867113898 0.3433228241018934 0
0.1575405685323974 0.1311237523091614 0
0.1603798927880417 0.1298455528591171 0
0.1600506113751531 0.1334965159770497 0
0.214770295311657 0.1346957213124862 0
0.2145727553096359 0.1317852838007052 0
0.2174401012306703 0.1322895005796716 0
0.1935139931690069 0.2798637751128133 0
0.1907320247499592 0.2789535540600203 0
0.1943449654572568 0.2769700528604144 0
0.5025010812556346 0.3679970474782649 0
0.5002661544508888 0.3485410330953663 0
0.5136273144860328 0.356832292069481 0
0.8207897507994559 0.3387227092221383 0
0.8018974671002361 0.3177871661064832 0
0.1968039355166263 0.2811479179925373 0
0.1931909948093287 0.2831314191921432 0
0.4559057076935371 0.3138854758549662 0
0.4666629829130364 0.3037600498356597 0
0.4660720707549237 0.3159651135520251 0
0.9412186631456676 0.3124674749851492 0
0.9485147925080076 0.3412017049988873 0
0.9235799498713895 0.3393983169189381 0
1.556709633097553 0.02644391704706132 0
0.8257651309998595 0.3074954752117857 0
0.843735783324052 0.3131924049461762 0
0.8360777544132416 0.3218890495610264 0
0.1906141745273723 0.09914687621048535 0
0.186020674541677 0.09873098370396073 0
0.08002250638108309 0.266921824835427 0
0.08570914385674278 0.2623441126739987 0
0.8501579601681063 0.09896770980655271 0
0.8453885934622748 0.08797598877704024 0
0.8569763228792038 0.08754520745896267 0
0.1541066816612316 0.1360843251142208 0
0.1570687528666474 0.1379643219286396 0
0.2854184953527012 0.2505340645560319 0
0.2864652599852727 0.2541318493286014 0
0.2828087166923516 0.2532640855627163 0
0.1636915541683121 0.345513820817298 0
0.1700890706777458 0.3483174576954446 0
0.1637023781903225 0.351154226936377 0
0.2175278912091664 0.3019938560727815 0
0.2130246457214002 0.3036009358956842 0
0.2632334595663813 0.2403338230026397 0
0.261210631640115 0.2434836894083522 0
0.6332593389314951 0.07715135273630079 0
0.6231350637299087 0.05454519437821444 0
0.6454042741981662 0.06109223671207225 0
0.2883034681388528 0.3871679544423101 0
0.2797416866754118 0.3936020984614971 0
0.2637469289855928 0.2027447718139717 0
0.2643588663136414 0.2004662808134177 0
0.2669258075460652 0.2032141762806583 0
0.3631431072226198 0.241363744379031 0
0.3637279726602036 0.2499397491535509 0
0.2862949258852346 0.2189931389971349 0
0.286707571532592 0.2227218795343637 0
0.2845920547150671 0.3315752810032 0
0.2805880716171818 0.3377465801398311 0
0.1355648499285586 0.3250750937224846 0
0.1330793147426077 0.3301208314246649 0
0.129748255974771 0.3244414343174193 0
0.1622971092191438 0.258902660855294 0
0.1646731804012888 0.2615130439996526 0
0.1614258318937649 0.2625063113711222 0
0.1089459795623076 0.1338186731267554 0
0.1136435807109077 0.1336932786806455 0
0.1826586734751621 0.1384079603672523 0
0.1816408503457284 0.1354071735642654 0
0.1853653035738147 0.1373538305355191 0
0.339433920668723 0.2876451550917457 0
0.3369258748338766 0.281711067112534 0
1.561306281130882 0.3431649232077653 0
1.572812305080339 0.3205883639455302 0
1.58857016049163 0.3411080032267088 0
0.1471325097226326 0.1068027917091801 0
0.1426487390653819 0.1069608018430146 0
0.1437542442399803 0.1024000904580461 0
0.1130834492888797 0.166887816811927 0
0.1148800815540565 0.1711192578710066 0
0.1112007336172813 0.1695453139148654 0
0.3197671181362215 0.1542223722969694 0
0.3174110767314939 0.1488925578955409 0
0.3226290908112349 0.1494311444836668 0
0.2161378044229437 0.2621878446197459 0
0.2150203826611942 0.2654091607743235 0
0.2124994515665946 0.2628666988089389 0
0.4791374899713118 0.3196056574778459 0
0.4683802147518125 0.3297310834971524 0
0.2430048511631793 0.07036785076914547 0
0.2454029119974659 0.07541650581109417 0
0.2398606460177752 0.07534491797326037 0
0.2097463033033884 0.111422584560038 0
0.2107563560487564 0.108804577460336 0
0.2137677222958921 0.1110451760040965 0
0.2317113829996393 0.1051564174154864 0
0.2328866552400621 0.108531918676408 0
0.2284703105358516 0.1077555214846501 0
0.3329977861428082 0.4033303706144144 0
0.3304752098700374 0.3910359144032221 0
0.2999808668577237 0.2343512834458196 0
0.2964035795129522 0.2375146139703194 0
0.2380933908653127 0.03274379434436337 0
0.2409645694283787 0.02682885292829557 0
0.2468490747756442 0.03184825757546738 0
0.3400715062528156 0.01008414105306331 0
0.3295443755628561 0.01008414105306331 0
0.2105114569960725 0.06389476513105512 0
0.2071967655112453 0.0691494921365102 0
0.2038161015052397 0.06391810999193905 0
0.991293876167589 0.02480328811856724 0
0.966374300210366 0.02480328811856724 0
1.509874735118661 0.09169608697317745 0
1.502659044994883 0.06489213547676977 0
1.527565098086901 0.06602721584120608 0
0.1695011350571813 0.2565160065257087 0
0.1715202871596507 0.2581240065941752 0
0.1675636098291372 0.2595173935522909 0
0.108943201602403 0.0163116870529697 0
0.1043873819821208 0.02428938747419855 0
0.990744894822143 0.163297747032268 0
1.008757790256321 0.1415071403609922 0
1.01841657893335 0.1647518671062693 0
0.5746249971121141 0.09784169123283225 0
0.5763167760831069 0.107813129055836 0
0.1092551429247609 0.1859144666812182 0
0.1117137697430921 0.1892995001460568 0
0.108051775176917 0.1894972933177844 0
0.2744337692350516 0.1665695013038764 0
0.2750726710528236 0.169615123058543 0
0.2720677540686159 0.169043183864702 0
0.1552391041421785 0.1328707150730656 0
0.1555683855550672 0.129219751955133 0
1.558620282120314 0.3692066828487535 0
1.542862426709023 0.348687043567575 0
0.1639172124313885 0.2997956209327498 0
0.1684323053061506 0.3013384261701426 0
0.4870176816321851 0.3001757030427496 0
0.4798110330507968 0.2976806703588644 0
0.4899993687085587 0.2920166858688953 0
0.114591010414824 0.2079929678296691 0
0.1146764827634082 0.2047199270458308 0
0.1180968818824527 0.2066266705736316 0
0.1386222214081898 0.2186577365208035 0
0.1386497404717316 0.2216842140267869 0
0.1350177008001765 0.2201325332432703 0
0.3279172583416389 0.1805332045752025 0
0.322181018451 0.1786529555800409 0
0.3278984832993945 0.1753838919753282 0
0.191210630519713 0.1271850704807088 0
0.1897762683330556 0.1297819280882289 0
0.1879667799566246 0.1272967677453367 0
0.2084679985986245 0.133655730979415 0
0.2076344514454848 0.1309100750577085 0
0.2110694022374829 0.1314458486118134 0
0.1370689403867623 0.319662844133366 0
0.1403999991545989 0.3253422412406116 0
0.2441776245302126 0.2612314373324792 0
0.2425386838649347 0.2584724249306505 0
0.2459628102268133 0.2583754932722886 0
0.2463312246403102 0.2632303406292303 0
0.2429070982784316 0.2633272722875922 0
0.1895869290895741 0.3161743872288502 0
0.1844539497122104 0.3141402639497006 0
0.1073765469005352 0.1687789768306122 0
0.109173179165712 0.1730104178896918 0
0.06413288297232686 0.1949148791707537 0
0.06340259793967541 0.2015459964506286 0
0.07093348623555823 0.1580515140328462 0
0.0745087051901768 0.1632218508921612 0
0.0689750424448789 0.1638296808798611 0
0.2760711329592335 0.1525201494058095 0
0.2799393219124196 0.1536373961647834 0
0.2775590792340411 0.1563488189315634 0
0.1419753965035374 0.1111847648059463 0
0.1385971310208851 0.1067820635548123 0
0.2388985062399558 0.2692196918123476 0
0.24248317264597 0.2694200704598846 0
0.2694779360884906 0.2404763030592091 0
0.2706072773479511 0.2439022898039807 0
0.1118723667123413 0.2095760020510201 0
0.1152927658313858 0.2114827455788209 0
0.206023514469322 0.1028094719308529 0
0.2084754710844166 0.1059601809672688 0
0.2042829804411581 0.1060312769798615 0
0.2137392081564962 0.1290396278789988 0
0.3425563632695297 0.1934303312478084 0
0.3454467799366129 0.1989227150772411 0
0.3387356323162077 0.2000180766386241 0
0.1497235406552651 0.2623290783002463 0
0.1524412906798361 0.2644498973761342 0
0.1489942186203127 0.2649869671910768 0
0.0256592230580221 0.3407078543116339 0
0.01737218514628801 0.3385971911212356 0
0.02376763811510759 0.3297876612412356 0
0.4763064215823928 0.3590346420908546 0
0.4859063710362269 0.372826642183497 0
0.3328893755097281 0.1983987605181897 0
0.3103657216622155 0.2556898594096426 0
0.3068286079917693 0.2607316225473094 0
2.134052409400246 0.1916279727633844 0
2.135219693635753 0.1692110269384779 0
2.158729325981176 0.1816251360964906 0
0.3518702720452662 0.008046764840463336 0
0.3459988729983134 0.01813090589352665 0
0.159396311481576 0.3236243470794971 0
0.1549753499055765 0.3267397841448003 0
0.1545286853064861 0.3216950294608611 0
0.3133708838527232 0.0426876923823642 0
0.3234265978894361 0.04154062096291703 0
0.3175874305623897 0.04936106365440562 0
0.3940284478631867 0.04584903478799745 0
0.4041924056013269 0.0382795830069694 0
0.4070735548466768 0.04859788475276155 0
0.2256819250409871 0.2583022427369948 0
0.2279289331787624 0.2569016855919025 0
0.227063042101309 0.2600840193072384 0
0.2184546466768716 0.3096833985165015 0
0.2232364634549833 0.3107254251057024 0
0.2372550651803501 0.08038515205539791 0
0.3422945060138912 0.02709886105354694 0
0.3540932718063419 0.02506148484094696 0
0.2568149692463308 0.258896756235219 0
0.2571920596863733 0.2557115261049932 0
0.2101011455018209 0.1143170308756356 0
0.2070897792546851 0.112076432331875 0
0.1997971373905064 0.2791008055834039 0
1.379734603865665 0.06330372133335059 0
1.363643360386562 0.08348409666176541 0
1.35451486598734 0.06220224044976972 0
0.2528134793083964 0.2413806789249412 0
0.2558939796698737 0.2417521896644945 0
0.2535034368892889 0.2445103632917708 0
0.1519957929426162 0.1530277833572118 0
0.1490454811151868 0.1522287593690467 0
0.1514846164075196 0.1497950396006325 0
0.3930838317447153 0.1673797408907331 0
0.3969070164223625 0.1608678268684357 0
0.4018766277043978 0.1658076722556746 0
0.1707927787792326 0.2924917195793476 0
0.1728003977554376 0.2962715215307445 0
0.2050065362332499 0.1304735350500594 0
0.2076079398721083 0.1282636526824578 0
0.3131472974236998 0.05499132484628971 0
0.3232030114604127 0.05384425342684254 0
0.3921803704462395 0.1566922846268391 0
0.400973166405922 0.1551202159917805 0
1.346013927715677 0.04069752624921525 0
1.329922684236574 0.06087790157763007 0
0.1338164966178305 0.1029457886093173 0
0.1366496743022604 0.104820949093132 0
0.1311956973373613 0.1052086371105687 0
0.6662477563188465 0.06140648072886225 0
0.65612348111726 0.03880032237077588 0
0.2929049241016048 0.2215192337570817 0
0.2938820163685992 0.2253291908204445 0
0.2903275862256029 0.2241851082777702 0
0.1025941254018567 0.3368232298528344 0
0.1086411273992266 0.3315175152414765 0
0.1097586331565829 0.3394191747875927 0
0.4534700722062348 0.1152655103717724 0
0.4550553360851015 0.1219055384998781 0
0.4469605111286803 0.1203222098966114 0
0.1897711679985675 0.2602212116819879 0
0.1866619730807539 0.2628020990982013 0
0.1397787883149345 0.1897711680136722 0
0.137451931959819 0.1870372235347305 0
0.9739636424290756 0.3396968015026217 0
0.9563249291547975 0.3666276434364105 0
0.1465365712168623 0.1704553706529486 0
0.1453888166085123 0.1667246443758283 0
0.2609878191603252 0.2034218788155928 0
0.2635547603927491 0.2061697742828334 0
0.1704553706323033 0.2534634287731247 0
0.1664986933017897 0.2548568157312404 0
0.9109375199258034 0.2534460082330793 0
0.8975910893335637 0.2551142425216404 0
0.9093402334614349 0.2397543149814527 0
0.1752343778496496 0.389867279583417 0
0.1799785180282706 0.3819692283918069 0
0.1409192343984484 0.2232284123906768 0
0.1373147137904351 0.2247032091131436 0
0.4800427441332222 0.1527666364613617 0
0.4725487861069469 0.1505482056583382 0
0.4776026626727428 0.1451040601289356 0
0.1307596933758877 0.09863848144440197 0
0.1362136703407867 0.09825079342696522 0
0.099590674908275 0.1512544461976996 0
0.1038789403863702 0.1495940749208806 0
0.1021198481199607 0.1543782161880967 0
0.1014944876545526 0.1577247341101024 0
0.1057827531326478 0.1560643628332834 0
0.3042387736330534 0.1581670343128041 0
0.3078941828882018 0.157769105359146 0
0.3078068398532658 0.1617138298942129 0
0.3271828139989978 0.3590064860210401 0
0.3223100292499285 0.3679557527368144 0
0.3086021129961529 0.2455071985273497 0
0.3132703253585129 0.2411128062171953 0
0.313157487145557 0.2461451708825187 0
0.02325214405896525 0.1203580789143571 0
0.02292362582252339 0.1117471582982043 0
0.03046793245583969 0.1162508700835858 0
0.2792988427852154 0.2522725112864297 0
0.2803456074177869 0.2558702960589993 0
0.2636117666372383 0.1948535242425524 0
0.2676069734768356 0.194213596208421 0
0.3169479923924938 0.2909418116286616 0
0.3140664180499406 0.2956333426549939 0
0.3090821213045015 0.2922725250451376 0
0.2324397650448464 0.1383130044754987 0
0.2298585477289432 0.1404847474415756 0
0.2298649119071536 0.137289983382092 0
0.03252492177296049 0.199371769910101 0
0.03238031967887786 0.2066217740260999 0
0.02664776717087925 0.2028287137853776 0
0.2103549369475109 0.07276017328144103 0
0.203659581456678 0.07278351814232496 0
0.6982350789962004 0.34604874492388 0
0.6773903799831358 0.3489066763391187 0
0.6950922743689525 0.3243727251251562 0
0.5050071998300677 0.2956091305079532 0
0.505700701193143 0.3052685915779232 0
0.4978995186530224 0.3041711796227505 0
0.2298291577157199 0.1008852982148718 0
0.2342455024199304 0.1016616954066296 0
0.2822487270904007 0.2749543594729557 0
0.2787886963446161 0.2720925033253163 0
0.2840442821423146 0.2719361108188437 0
0.5286462076367464 0.3623334635120066 0
0.5264112808320005 0.3428774491291079 0
0.2858302003286883 0.350980335168308 0
0.2829417609002561 0.3441675689123738 0
0.289977809180839 0.3453666358880234 0
0.2845773861079357 0.2792349983766322 0
0.2793218003102371 0.2793913908831048 0
0.163196200680179 0.07452316426272516 0
0.1581120780572876 0.07876498892466506 0
0.1585508083726007 0.07403958795629774 0
1.025338947197688 0.1883150765511132 0
1.043351842631866 0.1665244698798374 0
0.2264194769806985 0.03267676197124115 0
0.2168782556076075 0.03149758846720091 0
0.2226676641449563 0.02654521619315133 0
0.2602201668781032 0.1897650187143107 0
0.2628182249117095 0.1867507346227526 0
0.03808126758986112 0.0307703172755769 0
0.03037793230754535 0.03962283739079032 0
0.02835566551578187 0.02903293209764185 0
0.2798024899818143 0.2920837782635988 0
0.2779615502247034 0.2872661933606083 0
0.2834913990848832 0.2884896146897718 0
0.2515192050526017 0.2383825808299264 0
0.2491286622720169 0.2411407544572028 0
0.1531468323898251 0.1561014637849568 0
0.1555859676821579 0.1536677440165427 0
0.1429691540643182 0.2293291299146545 0
0.1403212124337238 0.2291789255939511 0
0.1422321493477464 0.226397611797737 0
0.1666923325037583 0.2631210440681191 0
0.1435547518652753 0.2985582213920134 0
0.1386631019942995 0.2971421329090638 0
0.1425940615179547 0.2941857771097615 0
0.2730278297494483 0.19597057853439 0
0.2701137154327048 0.1951547475569016 0
0.2716994790906504 0.1926828856345986 0
0.118136078631018 0.2367291094755075 0
0.118042796920962 0.2406628525040695 0
0.1154388976063088 0.2380008749817253 0
0.1766968497214415 0.1335181903888563 0
0.1752128454773494 0.1354376506349287 0
0.1729754749517151 0.1324945376277864 0
0.2649503551669334 0.2237068210753999 0
0.2665305618940652 0.2256645286953941 0
0.2632268528521736 0.2261565728236552 0
0.2652975290603997 0.1754505565676425 0
0.2662556636949667 0.1789612064600994 0
0.263147731820172 0.1778739735629167 0
0.3285296631617564 0.0976332990024303 0
0.3297083793355252 0.1029566634128965 0
0.322691588897265 0.09975071930738241 0
0.2242417502890709 0.2783944217588903 0
0.2243200568267791 0.2751079295351834 0
2.102738229752701 0.3655262383758334 0
2.123514695575322 0.3438243873479088 0
0.2365678692849921 0.02083830476637959 0
0.2453235531953237 0.01994276799748359 0
0.1950546797175843 0.2637424680793766 0
0.1944113446724967 0.2678561388604868 0
0.02036850088586995 0.1990179824056554 0
0.02022389879178733 0.2062679865216543 0
1.016540825462449 0.07139932866057803 0
1.042852550491423 0.06796676892100756 0
1.030482696579366 0.09372205664071342 0
0.103853961908432 0.1342165134273151 0
0.1065069076861644 0.1298764542147568 0
0.4474415738378675 0.1414512169906491 0
0.4444835503935071 0.133187970439339 0
0.4515037984519076 0.1352254845760273 0
0.4260754270516365 0.06160571916455864 0
0.4161908072011123 0.05136137767630672 0
0.4271221324353411 0.05127277445998542 0
0.4576490758073194 0.1373816641177024 0
0.4546910523629589 0.1291184175663923 0
0.3139825210825583 0.2512587958565847 0
0.3186507334449183 0.2468644035464303 0
0.1327801745212525 0.2282870300576049 0
0.1325921279047128 0.2248860872028862 0
0.135233266480258 0.2265599536039724 0
1.612662317461501 0.2969905056916456 0
1.638092128535441 0.2982113021318123 0
1.625505995515027 0.3197522404046403 0
0.1475494564754358 0.1457196668217653 0
0.1455792463464226 0.1485033503869798 0
0.1445943982417682 0.1452270015962776 0
0.2602265385821934 0.2600941932279078 0
0.257533117514087 0.262291583981464 0
0.2311115282825445 0.2855246329942789 0
0.2273418839197224 0.2843992993421325 0
0.1760259004346163 0.1378597519305775 0
0.1723045256648899 0.1368360991695075 0
0.2596981171586917 0.1073747835505772 0
0.2621286043821051 0.1100152685556761 0
0.2568199366962162 0.1092476064478112 0
0.2599676680598768 0.1770769532030678 0
0.2609258026944438 0.1805876030955248 0
0.5336134881809513 0.03624747034536517 0
0.5448752105998569 0.04643503627592362 0
0.5275524017937945 0.0523938653951995 0
0.0170888163434153 0.3008959250193118 0
0.02576845111807296 0.2980689061331744 0
0.02529904960175817 0.3077847312301382 0
0.3489872429011481 0.3101682801642062 0
0.3453074084695543 0.302354336441215 0
0.3526920268860924 0.3037081192659321 0
0.1710487540258295 0.2778209495640081 0
0.1735407802598958 0.2763419279885519 0
0.1741945701344664 0.2792331292986442 0
0.3740575032028829 0.2391311862409644 0
0.3674261324841279 0.2371612935448534 0
0.372064059850297 0.2320554070325467 0
0.04233689805438915 0.08651834816175967 0
0.04860781822835266 0.0929995696138808 0
0.04049816375581809 0.0946043780840161 0
0.2039446984892024 0.09952783113672191 0
0.2081371891324609 0.09945673512412923 0
0.4506800585270604 0.1089828272610826 0
0.4587748834834816 0.1105661558643493 0
0.2638986383506376 0.1123978781146319 0
0.2678149539889464 0.1123799010558168 0
0.2667068074950035 0.1166353335120067 0
0.2426646325716967 0.2784883597812066 0
0.2452762232993871 0.2755566437837721 0
0.1615095330406741 0.3060756448088539 0
0.156995379761666 0.3044362768679338 0
0.1605653241890475 0.3017962115056647 0
0.9979286003226661 0.342009415295662 0
0.9901184636758762 0.3165834768581388 0
0.2689002900870559 0.2262350012158156 0
0.267176787772296 0.2286847529640708 0
0.02207326408368727 0.2667565123630488 0
0.03035081927128382 0.2680863090205072 0
1.704179212102846 0.03218842111502213 0
1.688969164522809 0.05088110438914751 0
1.686398433272729 0.01869268327412538 0
0.184537952307805 0.3048726184827751 0
0.1892941917669542 0.3023882810623744 0
0.2173576318829896 0.2671112698690647 0
0.2137192790266405 0.2677901240582578 0
0.1912234138780717 0.1320932371481027 0
0.1879795633149832 0.1322049344127306 0
0.03442987407201997 0.2971392572531829 0
0.2475097974160448 0.1452836748551541 0
0.2479981219425117 0.1482821966750818 0
0.2451037000925194 0.1481283702250546 0
0.8975229761171341 0.133009848153528 0
0.9047618543853919 0.1196249481003052 0
0.9086006382700562 0.1284327177120181 0
0.2575049497464094 0.1028871106592985 0
0.2628136174322983 0.1036547727671634 0
0.1950246662980348 0.3736935744608258 0
0.2037457101069421 0.3744350644071195 0
0.1830868547194622 0.1413044392021786 0
0.1793624014913759 0.139357782230925 0
1.96342499257238 0.3898399053773664 0
1.934803129200895 0.3907372726310166 0
1.947521322788146 0.3705771780083831 0
0.09467809774674868 0.1520805427378483 0
0.09643719001315815 0.1472964014706322 0
0.01493732552886594 0.2635155017851705 0
0.02176412492248901 0.2585687142046612 0
0.03598338595285191 0.1794466176971928 0
0.04133048745295466 0.1853534861050152 0
0.03424221964875529 0.1850656276204116 0
0.1645347704421368 0.3582255900589576 0
0.1581372539327031 0.355421953180811 0
0.03670849123166543 0.1550296078854888 0
0.03965639944638871 0.1493282767808593 0
0.04334736234764351 0.1545208356709225 0
0.03710658196987034 0.0490612154278536 0
0.02738097989579109 0.04732383024991856 0
0.1375027604069748 0.2281041519678624 0
0.1751622602345789 0.2700314806833405 0
0.1718516567908898 0.2714290419681208 0
0.1717881778427879 0.2688075385770398 0
0.1639535055717055 0.2529617007064636 0
0.1629992699965835 0.2560142784590475 0
0.146951017432597 0.16433973968368 0
0.1441440720198396 0.1636114551827055 0
0.1836458520021661 0.2618190813846275 0
0.1839186078013306 0.2649744076863343 0
0.1377374542711499 0.1835926801366192 0
0.1348361590330314 0.1842406863653863 0
0.2630926850800007 0.2093191837486146 0
0.2658517949052683 0.2086420767469935 0
0.3284980467820584 0.1498954050353466 0
0.3261420053773308 0.1445655906339182 0
0.3439426422601448 0.2693592591486452 0
0.3396912660340706 0.2636563160435354 0
0.2397455315815718 0.3052576567615435 0
0.2349380314094661 0.3054166779259374 0
0.2380863757184261 0.3013021548109807 0
1.435983147997888 0.3399529279749646 0
1.454701581319509 0.3291665571915514 0
1.450679663818342 0.3569436483457881 0
0.3130056765824474 0.1574998433246992 0
0.1147952147648869 0.1883475261428739 0
0.113591847017043 0.1919303527794401 0
1.478497981276098 0.06683316294167287 0
1.496188344244338 0.0411642918097015 0
0.1320137212557689 0.1802130110023515 0
0.1304767902768633 0.1770736816096013 0
0.1335847503654566 0.1776568135745248 0
1.614361445878619 0.387501912445257 0
1.63929076598003 0.387501912445257 0
0.154341905318475 0.3166866093157194 0
0.1499209437424755 0.3198020463810226 0
0.1170717155708846 0.1981124618413365 0
0.1193178957186931 0.2001802808551973 0
0.1159361740832284 0.2012858107759326 0
0.6186202000767453 0.08254716321846885 0
0.6408894105450027 0.08909420555232667 0
1.720499869732686 0.01815913335719655 0
1.723070600982765 0.05034755447221869 0
0.2006804185990682 0.2890118582199327 0
0.1972007549162426 0.2878119656619186 0
0.2451861806862452 0.2466176088074587 0
0.2445816592450183 0.2504430362658448 0
0.2426584714334251 0.2470840030099935 0
0.1805461513253383 0.08728253937625248 0
0.1795502823083717 0.08236716567785979 0
0.1839906966429541 0.08258785773164984 0
0.2218637011191912 0.2661994052536168 0
0.2217373847405385 0.2631074415187306 0
0.2249423503421863 0.2645765401872169 0
0.1935851355700322 0.2742721170425813 0
0.1917147228317897 0.2725414119686616 0
0.1937368613636127 0.2707536972036216 0
0.2822843962986485 0.1504482779482827 0
0.2837723425734561 0.1542769474740366 0
0.1132739533654128 0.28217747189354 0
0.1118280441642487 0.2774297385311701 0
0.1162103680031893 0.2794479459497695 0
0.2230220280310612 0.2693529670577451 0
0.2198170624294134 0.2678838683892588 0
0.2291249244791843 0.3007819586055545 0
0.2300537942965769 0.3046127391028886 0
0.3046340007634134 0.04287613669484386 0
0.2233786167113803 0.256432823970957 0
0.2225127256339269 0.2596151576862928 0
0.1478413588919341 0.2604091244755254 0
0.1512884309514576 0.2598720546605828 0
0.229329908175959 0.1343869020698501 0
0.2267486908600558 0.136558645035927 0
0.1678973127944454 0.2764267018540706 0
0.1647564558924698 0.2750365889757332 0
0.1672541072492833 0.2735396353755783 0
0.7238989219294811 0.3457674087134579 0
0.7061970275436644 0.3703013599274204 0
0.5187302289103213 0.02959674328224214 0
0.5360530377163837 0.02363791416296626 0
0.6143212464194159 0.1035316771237616 0
0.6161234705930122 0.09722571073593154 0
0.6244480475166567 0.1007959824223248 0
0.2854142263303417 0.2150843903238937 0
0.2884697944037157 0.2164664025411661 0
0.2597133936940473 0.3930567534578255 0
0.2528887095805002 0.38680410695184 0
0.1892736646676395 0.274105594471004 0
0.18942539046122 0.2705871746320442 0
0.2395626036945863 0.2579675850133682 0
0.2373987210441365 0.2603654665911628 0
0.2689353241356335 0.1975012891082124 0
0.3611496638700338 0.2342879651706134 0
0.499267531071371 0.3811179011576118 0
0.04957794217208403 0.1930344228160522 0
0.05495258246244909 0.1894508335764716 0
0.3595529308515163 0.3999001989432631 0
1.618893888412253 0.02343352736152203 0
1.618240573959188 0.05375313372140405 0
0.2738721265433808 0.2445051970863492 0
0.2716197666867043 0.2471977944535619 0
0.0402696729585721 0.2475503822845213 0
0.03340845589750172 0.2515380494605437 0
0.03253363581237927 0.2452767486671538 0
0.2324902359949165 0.1448517652781259 0
0.2353697939724715 0.143216621282953 0
0.2354266291007521 0.1465606180260966 0
0.3461043793343296 0.2886840858278738 0
0.342341733788892 0.2948552448068126 0
0.2295500884229435 0.2534604116606901 0
0.2996515451214615 0.2488762932872935 0
0.3052648787409469 0.2479511947187171 0
0.148783342286868 0.1399186264162054 0
0.14924108354184 0.1433169348418212 0
0.264929941074226 0.1724510451523626 0
0.2680378729490207 0.1735382780495453 0
0.1185633646225935 0.1939926553484292 0
0.1198321215257363 0.1908191289718079 0
0.121722194109492 0.1938334055439799 0
0.4773941278277046 0.0918218638407548 0
0.4853232042842761 0.09185126958316261 0
0.4792189980802664 0.1014688227688343 0
1.525210744037834 0.3404058764433689 0
1.522524745027265 0.3664476360843572 0
0.1946598724931843 0.1320582007498213 0
0.192863167475112 0.1344812070743229 0
0.2702811386464308 0.1084218898623967 0
0.2730893077907966 0.1126593452597714 0
0.2640228541739477 0.1537759285394632 0
0.2625737234751273 0.1506993109772033 0
0.2656827860115102 0.1510151373027249 0
1.416580224506641 0.3529871553428288 0
1.420602142007807 0.3252100641885919 0
0.3111986163641582 0.3176734683412568 0
0.3087363146953885 0.3116341594820815 0
0.3153966484250968 0.3125761979647479 0
0.5089243058751466 0.3931441532261898 0
0.4923295956557389 0.3979737479314219 0
0.1299016526965524 0.1964759041651796 0
0.1279250865274457 0.1936386096749328 0
0.1310971021687151 0.1931371774394847 0
0.1873695044885222 0.03226145509201137 0
0.1890254802820024 0.02589794533759292 0
0.1950830429724647 0.03098506070046107 0
0.1669698651409667 0.06397709012997645 0
0.1733891439042216 0.06319734633079703 0
0.2623489340506099 0.1449918316316638 0
0.26102918794056 0.1483044617060757 0
0.2591444666784802 0.1453577735972745 0
0.2371254065249831 0.353864793556148 0
0.2386771293173318 0.3598531241168595 0
0.2325008107216773 0.3612994499354166 0
0.9914491849191377 0.07338059630870918 0
1.003819038831195 0.04762530858900332 0
0.2866885662071187 0.1768809533499131 0
0.285728416808028 0.1729492633804108 0
0.2886859349124765 0.1751287895565276 0
0.2969238289262692 0.1916321818769576 0
0.2933311865009192 0.1905436536461158 0
0.2963962694676416 0.1876671107491219 0
0.2737954213469364 0.2867879790618668 0
0.2774843304500052 0.2831938154880397 0
0.2097339488360414 0.03106998594359705 0
0.2015402368330812 0.03069774007206281 0
0.2049327307689051 0.02499379681757686 0
0.31743331794713 0.3004197591720453 0
0.3095674468591377 0.3017504725885212 0
0.4013451969266553 0.3739419698680407 0
0.4108930302250585 0.3638921154459888 0
0.4117988683509521 0.3764786005910415 0
0.3599886334313454 0.1399999681857383 0
0.3535705301121606 0.1429355561264238 0
0.3565903346032585 0.1346225087409712 0
0.2777943437952833 0.1701017797692351 0
0.2754283286288477 0.1725754623300607 0
0.1191427008730478 0.2769481141697829 0
0.1205886100742118 0.2816958475321528 0
1.0163855167109 0.02282202047043609 0
0.06272784527561108 0.1640472297550903 0
0.06630306423022965 0.1692175666144054 0
0.3271947056301434 0.1602733375863281 0
0.3242497615815261 0.1647298271520365 0
0.3220401881673453 0.1592174484508035 0
0.1182190893061435 0.2687171648540611 0
0.1186960262693331 0.2654278606370852 0
0.1219865104312212 0.2685752863653628 0
0.5008524221599726 0.1044935746588245 0
0.491300823810857 0.107283455530616 0
0.4966996728859533 0.09870834763945065 0
0.3375368562493709 0.1902906818199388 0
0.344248003869776 0.1891953202585559 0
0.1576784307844015 0.06909612429220202 0
0.1525943081615101 0.07333794895414192 0
1.022092184797109 0.3425071391816011 0
1.005937363550309 0.365620463826084 0
0.2931069566271913 0.2407848885882448 0
0.297867789978476 0.2417049869196403 0
0.3022913221806548 0.311098917760625 0
0.3064893542415934 0.3060016473841162 0
0.0791106267693813 0.1615367611530863 0
0.07715218297870195 0.1673149280001011 0
0.8940100466139842 0.1143139295375266 0
0.9050877087669065 0.1097367990960166 0
0.01739556710446128 0.06951287830714566 0
0.02406766372917664 0.06545514967162148 0
0.02423899065220652 0.07545642299922138 0
1.455406329879164 0.06493052654348998 0
1.461877030629708 0.08865837021055824 0
0.2976283375479059 0.2264655854448401 0
0.1038675868592393 0.1895966481789578 0
0.1063262136775706 0.1929816816437963 0
0.2529892110268128 0.06608436707561298 0
0.2571535727664513 0.06772805458038406 0
0.2527114788825087 0.07208312611175034 0
0.1021050204492767 0.0328302569624651 0
0.4948748026333916 0.08906138871137116 0
0.1382397651235466 0.2310356700847798 0
0.4402498568943796 0.0509721179916585 0
0.4303652370438554 0.04072777650340657 0
0.3025723681724433 0.0561042366255298 0
0.308320106288811 0.05971785759870944 0
0.3033607579355774 0.06531395915038644 0
0.3589977396849869 0.3041583131416737 0
0.3553179052533931 0.2963443694186824 0
0.1597519214890596 0.2570075458305171 0
1.207259258742992 0.05797619206989885 0
1.205449826811008 0.03714336689168173 0
1.230140728528755 0.0514544125295357 0
0.8387604031236484 0.3444196389565288 0
0.1730587115528435 0.09852960738147602 0
0.1704672960666001 0.1027224132867783 0
0.1684711460145282 0.09902922729554479 0
2.139784477708809 0.2182499636178583 0
2.116274845363386 0.2058358544598455 0
1.208566602277193 0.07809191032408601 0
1.183875700559446 0.06378086468623205 0
0.01893828520744875 0.04869852859620053 0
0.02566693486977374 0.0581369066332638 0
0.1099246367321668 0.2851891820845593 0
0.1143069605711074 0.2872073895031588 0
0.3664868603791395 0.1385669792496587 0
0.3634670558880415 0.1468800266351113 0
0.1163796052379973 0.386142107007657 0
0.1146658303886378 0.3948586520347194 0
0.1082791690548868 0.3876883482272812 0
0.106386768245032 0.3262966208831989 0
0.1135512759997583 0.3288925658179573 0
0.2468429647012318 0.2436987140519124 0
0.248766152512825 0.2470577473077638 0
0.2501589496017942 0.07597090475375674 0
0.24701474445639 0.08094797195787166 0
0.009631885044601258 0.3452319501340542 0
0.007740300101686753 0.334311757063656 0
0.03952470138743393 0.0803900346422609 0
0.0476343558599685 0.07878522617212559 0
0.03601548996558611 0.1437887119969001 0
0.04265436108156419 0.1432799397823338 0
0.33349509530135 0.09411415705089766 0
0.3264783048630897 0.09090821294538352 0
0.2690777068627591 0.1513873368300144 0
0.2676285761639386 0.1483107192677546 0
0.0086121200907157 0.0634672813660732 0
0.008783447013745581 0.0734685546936731 0
0.2857149837071747 0.1319840592005659 0
0.2841912665499988 0.1360433122617447 0
0.2816811928742379 0.1318982683551217 0
2.119574142412579 0.06513077827700195 0
2.095689451756357 0.06615006843952977 0
2.102419638997298 0.04212602050635955 0
0.1367306927006978 0.1776660601313544 0
0.1351937617217921 0.1745267307386042 0
0.9549997118461657 0.04768777805860114 0
0.942646613768648 0.02288448994003391 0
1.431751386858227 0.06398045191291522 0
1.448372337504617 0.04215524464402984 0
0.1668827899323324 0.2654367429121858 0
0.1697732193601807 0.2634410924648241 0
0.2546022094886212 0.1113783047911885 0
0.2513464550612604 0.1145504184719099 0
0.251133695045442 0.1097792351234336 0
0.107944703696082 0.2494757248565405 0
0.1122241102771867 0.2509517197189967 0
0.1093571953486217 0.2536539384327526 0
0.0747071284939935 0.2283233405260957 0
0.07934959817150453 0.2301805665014357 0
0.07528307123238728 0.2333272682801487 0
0.2508952536755195 0.1478882605906753 0
0.2484891563519941 0.1507329559605759 0
0.1740097230999158 0.1119239679229588 0
0.1755406609651204 0.1088106317477965 0
0.1775968550269482 0.1115972887174484 0
0.1466894512413979 0.2536941506754106 0
0.1436010109794934 0.2527120696903016 0
0.1460909965570741 0.2505253617695329 0
0.360292560105854 0.1241299662863572 0
0.3550268691790423 0.1286459247548568 0
0.352310991362453 0.1210889702409282 0
2.081905027350097 0.2870086493040398 0
2.106125259245688 0.2922255708407304 0
0.2615335908659338 0.01946501082044138 0
0.2673826056410277 0.01099370759542756 0
0.2705613417906694 0.0176820463998631 0
0.2412031010799703 0.3104862800840312 0
0.2443514453889302 0.3063717569690746 0
1.41382423874883 0.08567065567886083 0
1.406790246374284 0.06289537377940069 0
0.118414007648207 0.23386641670604 0
0.1210179069628602 0.2365283942283843 0
0.1271250707077982 0.199995193238893 0
0.1252617729601516 0.202192647120599 0
0.1248663393076363 0.1991747902823336 0
0.2124968900769203 0.1055827724113274 0
0.2275418515435036 0.02104755770275598 0
0.2180006301704126 0.01986838419871575 0
0.1181370161350285 0.2732824015848692 0
0.1148465319731403 0.2701349758565916 0
0.1226660843517669 0.1031860093627741 0
0.1250635844278273 0.1073578298333335 0
0.1193671491266627 0.1072103625693534 0
0.1174195552063673 0.3785511997953105 0
0.1238062165401183 0.3857215036027487 0
0.2909629444548881 0.1323254905101998 0
0.2884528707791272 0.1281804466035768 0
0.1620422214414465 0.1484175708206799 0
0.1596625445837108 0.1493621220168879 0
0.159852306546641 0.1456101858663764 0
0.2745722049919583 0.1581892430363915 0
0.2869906680645268 0.1796623112653587 0
0.2840331499600783 0.1774827850892418 0
0.1217282393831695 0.1991895880423204 0
0.1205926978955133 0.2023629369769164 0
0.2918869338282317 0.2176674599410036 0
0.2910062342733388 0.2137587112677624 0
0.6385690540111431 0.3042245533224103 0
0.642649565669438 0.2940552498047516 0
0.6461740922192561 0.3039541695187628 0
0.08307076484262708 0.2269565898074371 0
0.08364670758102088 0.2319605175614902 0
1.960152007202882 0.3520016320135723 0
1.931530143831397 0.3528989992672225 0
0.2964156719544575 0.3460873790856365 0
0.2935272325260253 0.3392746128297023 0
0.1912868097926862 0.1368606461889459 0
0.1947232684077988 0.1368256097906645 0
0.6044564057025588 0.01755879477295198 0
0.5845678906652261 0.01755879477295198 0
0.4474470285384726 0.3174071594849389 0
0.4480379406965853 0.3052020957685734 0
0.1738087569429881 0.08251926542204023 0
0.1772533022606039 0.07782458377743758 0
0.2021728390732297 0.2964016594031773 0
0.2068773270709606 0.2976473781488186 0
0.2040797239544596 0.3002759039937263 0
0.2186055425074598 0.007185362854160205 0
0.2140356919371757 0.01393051934689987 0
0.2097664168756755 0.006745156492739666 0
0.07089896227604864 0.3865912463115795 0
0.08040050268805674 0.3897036615620915 0
0.07130299763264483 0.3947800661637527 0
0.3823940551333154 0.4002359534108503 0
0.3895543691462204 0.3885001809173972 0
0.3950907210396439 0.3982642275065467 0
0.684865859466362 0.05622817329850041 0
0.6741466525472681 0.07852008763979677 0
0.422747450040148 0.293987614689252 0
0.4195267626031248 0.2869475530717092 0
0.4274544809353134 0.2877978618085577 0
0.1360265655127036 0.2025061141520721 0
0.1322883913680107 0.202749160028996 0
0.1350818381021237 0.2002399222210259 0
0.2725350987081043 0.02464964580298224 0
0.2783841134831982 0.01617834257796842 0
0.2864811879782203 0.1234443633780543 0
0.2815913282024194 0.1229304278997814 0
0.2848676061492258 0.1185357759838929 0
2.086452782061664 0.08880494464542864 0
2.069298278646382 0.06580018687478624 0
0.1521344986839014 0.1341803247601924 0
0.8405103218205552 0.02498309568914678 0
0.8155907458633586 0.02498309568914678 0
0.2629082068556778 0.2212710349824003 0
0.2662119158975693 0.2207789908541392 0
0.1675185130503113 0.1387697747530337 0
0.1702794399926471 0.1375716161348343 0
0.1703566536798211 0.1404563590833558 0
0.08523691333320579 0.2420675912584054 0
0.08955195442895934 0.2414954581930136 0
0.08629751084582563 0.2460005250693435 0
0.3404461329872823 0.2110043404526843 0
0.3354553585125538 0.214270950818808 0
0.7006086377882303 0.04159933112516002 0
0.7085075340166522 0.05871293803609456 0
0.9926285388477526 0.1186038183336374 0
1.02030022295896 0.1200579384076387 0
1.397661751975062 0.04161351756740499 0
0.5628218702012924 0.01514432061304465 0
0.5726823174509474 0.03270311538599663 0
0.225315040120042 0.1006658853945796 0
0.2230382518978954 0.1038361949338264 0
0.2210582537225085 0.1001220601046774 0
0.1591694778043146 0.3433568019738353 0
0.1655561702917379 0.3405200327329029 0
0.1735041953215017 0.1056800521630083 0
0.1689166297831864 0.106179672077077 0
0.1837316512062953 0.2829527181479042 0
0.186496340867515 0.2808992987803737 0
0.1871363628004895 0.2839006956799496 0
0.2872925883724314 0.02364278707123362 0
0.2873828104008802 0.01663351201261889 0
0.2943175283726783 0.01713035710276495 0
0.2810180350040251 0.2253167726954264 0
0.2786522333651954 0.2232728254624899 0
0.03935377370021038 0.3128967929489757 0
0.04139956681323123 0.3061243871142991 0
0.04677465613702579 0.314063467719274 0
0.3427464982141665 0.03556539364458292 0
0.3346520994061381 0.02863481469716261 0
0.6557913874742255 0.3063285211428573 0
0.6598718991325204 0.2961592176251985 0
0.2019524720526578 0.3118387542915105 0
0.2055592011636501 0.3090002427411258 0
0.2064192265147393 0.313607762468636 0
0.0278437437068072 0.1873687344409839 0
0.03319084520690996 0.1932756028488063 0
0.2614110639457591 0.2332322384899538 0
0.2595508430991672 0.2312813670278659 0
0.2626655988658507 0.2311709058069066 0
0.3330190756143763 0.1612391260502752 0
0.3308095022001954 0.1557267473490423 0
0.9655420155832081 0.07300204591336946 0
0.9418143291414902 0.07108324773483614 0
0.1409210379071749 0.2907763143294744 0
0.1458126877781507 0.292192402812424 0
0.1782186647959482 0.2685203372205374 0
0.1782821437440502 0.2711418406116186 0
0.3934933260535864 0.07530330125074493 0
0.3999916229023085 0.06592779348497901 0
0.008196859008088428 0.1471613181758558 0
0.007507335879953902 0.1381266084943939 0
0.01570419488804233 0.1420300182948032 0
0.1108836759994306 0.3472970825202712 0
0.1169306779968005 0.3419913679089134 0
0.2249248329707138 0.1071572396270041 0
0.2206680465731803 0.1066134143371019 0
0.09071251734795974 0.2080430457369569 0
0.08834264390685609 0.2048568035756358 0
0.09290560641662812 0.2039484931318061 0
0.2216159402116074 0.07832785669458393 0
0.2225476531369642 0.07271884631769439 0
1.073407789587345 0.3443753063477056 0
1.089656213224571 0.3229838868914377 0
1.097130676193679 0.3459019548562565 0
0.2625939034531364 0.2574409154290456 0
0.2617392079192886 0.2542380303882139 0
0.2648247210579877 0.2549795803355966 0
0.1515636545772643 0.3993921153089949 0
0.1589000081352696 0.3931771711216095 0
0.157198396618867 0.4037850558126145 0
0.1815189369201651 0.2722684133724824 0
0.1784625323587958 0.2737795568352854 0
0.03425874379934964 0.3398386760713496 0
0.02786329083053007 0.3486482059513497 0
0.2888168962088626 0.2892462181784963 0
0.2869759564517516 0.2844286332755058 0
0.2186662013436294 0.1091808139673371 0
0.2206242008447734 0.1118434669664989 0
0.2167357745424041 0.1110898219035564 0
0.1290366505063569 0.1987301522492887 0
0.1294320841588721 0.2017480090875541 0
0.1995908994445871 0.09937773425926032 0
0.1972968116583103 0.1028974983404077 0
0.195056687276834 0.0993946646562224 0
0.1662954123732032 0.2711773111795305 0
0.1694362692751788 0.2725674240578679 0
0.2702041116384459 0.1240926039589571 0
0.2684002246768361 0.1200742574004994 0
0.272427010094922 0.1206357030116492 0
0.4677472470714178 0.1571113489524372 0
0.4653071656109384 0.1494487726200112 0
0.1316856917540203 0.2128915717205824 0
0.1345893682993801 0.214067852033176 0
0.1320865051912748 0.2159297754246934 0
0.2854090534834453 0.009665912609499753 0
0.1878586976727545 0.03843906885433757 0
0.1818011349822922 0.03335195349146942 0
0.1433444223856112 0.1422931873861058 0
0.141374212256598 0.1450768709513202 0
0.1671346236300431 0.07861262437635526 0
1.222423377000289 0.3497587330147657 0
1.237399458620202 0.330450349185883 0
1.247758721572546 0.3505703811614087 0
0.2563868753935852 0.1467761435109374 0
0.2577066215036352 0.1434635134365255 0
0.2455454306936987 0.3597456547994682 0
0.240920834890393 0.3671803111787368 0
0.008779108929865047 0.2866024930147934 0
0.007623232345032099 0.2768640930253984 0
0.1294182504258591 0.2176859658345729 0
0.132321926971219 0.2188622461471666 0
0.2047313632738704 0.2633179982063226 0
0.2067542979758832 0.263280742353577 0
0.2046325719636403 0.2658037894663969 0
0.3324664145970071 0.1819903859869405 0
0.3267489497486126 0.1852594495916532 0
0.2567501651340284 0.235982602504289 0
0.2597687912014984 0.2350204022299079 0
0.2582226481564512 0.2376603050232838 0
0.2693325604262805 0.2908208806491036 0
0.2658522674346904 0.2876026157251412 0
0.2707923481300445 0.287642092010473 0
0.119134087911283 0.06660336226333417 0
0.1260582830883406 0.06529685724089471 0
0.122374556031349 0.07144424231288089 0
0.1416968478456778 0.2579667144500815 0
0.1452379671297794 0.2593735033556842 0
0.1427353493116401 0.2614593592095864 0
0.7298270100044024 0.3127796593676759 0
0.7486234419827227 0.3184848026046012 0
0.7347334053603374 0.3272199369468429 0
0.1254067190767333 0.0140815926114307 0
0.1339271753281146 0.01831459517056807 0
0.2102349813072287 0.260220166873932 0
0.2091175595454792 0.2634414830285096 0
0.6630734674000744 0.1040279987361083 0
0.6533535271540512 0.09650539621135884 0
0.6652484896457759 0.09122099759490805 0
0.643784379351966 0.1080566476735096 0
0.6459594015976674 0.0952496465323094 0
0.07879533728312586 0.1246392902043681 0
0.0837830061151011 0.1269625164863407 0
0.07726142283925685 0.1294330207583411 0
2.01728372405449 0.06392751244541602 0
1.991808556964561 0.06295752434573136 0
2.003239176260684 0.04181978923800082 0
0.1248602940339589 0.1938186077839931 0
0.1235915371308161 0.1969921341606144 0
0.2353448637416375 0.1501806870016778 0
0.2382244217191925 0.1485455430065049 0
0.1770913272485341 0.1053533729574978 0
0.2787179035439729 0.1262465324320249 0
0.2771043217149783 0.1213379450378635 0
0.2593692561029975 0.151065252942814 0
0.3864095801957914 0.3482206888799752 0
0.3752267166755309 0.3494334801339553 0
0.381030738347923 0.3408148058105127 0
0.1301732734198645 0.3884132848090309 0
0.1386474701658679 0.3904340847529001 0
0.1312404633177518 0.3953332107589644 0
0.1725312290376159 0.2665833843005751 0
0.1692206255939268 0.2679809455853554 0
0.8680899304010058 0.02318168551257736 0
0.8542573539175875 0.04816478120172413 0
1.106607837961553 0.3678601856611761 0
1.122856261598778 0.3464687662049081 0
0.3744464106990016 0.3352788300922259 0
0.3856292742192622 0.3340660388382458 0
0.05760698047869278 0.2469480824504693 0
0.05963136813457792 0.2539211209761922 0
0.05411597056730856 0.251696472988705 0
0.4060268494629721 0.05893082945733476 0
0.6027092331890593 0.05286094997417348 0
0.6148541684557305 0.03680183394994492 0
0.3176983926683073 0.009003723504501531 0
0.3223541243113139 0.01908786455756484 0
0.1811205175140811 0.2668110435607879 0
0.1780006340046099 0.2657006836325099 0
0.2226844408989945 0.3714235079816698 0
0.2280864464332506 0.3656526195030604 0
0.22865052797977 0.3730586689747375 0
0.313935687186834 0.06420104737114635 0
1.257517798838502 0.3713251675477613 0
1.272493880458414 0.3520167837188786 0
0.2510920111278452 0.06067206923374174 0
0.2466499172439025 0.06502714076510802 0
0.2082349694373067 0.2794102064604047 0
0.2105925101633019 0.2773237806390105 0
0.2111934791199466 0.280398929162792 0
0.3024579459089461 0.01406426452657664 0
0.236921064685185 0.09762950503051153 0
0.2388032899691044 0.1019006242311262 0
0.2485811545478754 0.2528598895267631 0
0.2471884050797238 0.2556798089303381 0
0.2457166190296869 0.252796561466885 0
0.0809540053299852 0.240878576195112 0
0.08420844891311892 0.2363735093187821 0
1.589380227053553 0.3868422812444719 0
1.602045355367238 0.364344193689729 0
0.2272590711415694 0.007185362854160205 0
0.2362850888830579 0.006976109917783807 0
0.2319008353104485 0.01416147277194401 0
0.3863096663048976 0.008929617583618465 0
0.3983804082763417 0.009895838971413353 0
0.3928819857234047 0.01882545655503182 0
0.2187621700484066 0.4024891413428976 0
0.2231781354745954 0.3949632359230021 0
0.2273041131951463 0.4024740945801044 0
0.302257260272116 0.1497737272095389 0
0.3049490184773316 0.1450616944465324 0
0.7224441079787061 0.29459847906991 0
0.7230120145753984 0.3084470284744029 0
0.7153690667853247 0.3076662443054247 0
0.1774602039187109 0.1305572532422047 0
0.1796975744443451 0.133500366249347 0
0.3224453000383862 0.3128784069010992 0
0.3199829983696165 0.3068390980419239 0
0.0926501549030737 0.3993686828102004 0
0.1002660081553514 0.3925711294373723 0
0.09894954095324959 0.4032024466271718 0
0.4458635718916652 0.265042471872073 0
0.4408138770525885 0.270368953452246 0
0.4381921614480648 0.2638165557516157 0
0.1055963921173292 0.2328462251093259 0
0.1089732312138551 0.2344564778791897 0
0.1059787011553037 0.2368908503315919 0
0.2628062187992821 0.2286671573942341 0
0.2646664396458739 0.230618028856322 0
1.981174577301902 0.08430689564901478 0
1.967130029508096 0.06219917244159959 0
0.1594030591523803 0.2981562529918296 0
0.02290556122609468 0.1289285496565399 0
0.01536125459277838 0.1244248378711584 0
1.040008374093852 0.3201766645170329 0
1.048017137321494 0.343787713047455 0
0.4612006134405134 0.1240617180415533 0
0.07120675201854676 0.2598578201557539 0
0.07715659340557451 0.2576831367470226 0
0.07456451793106414 0.2638737056331844 0
0.4007106072485749 0.3320788432220351 0
0.3915880672847865 0.3293312189497847 0
0.4000850726651778 0.3218080476152872 0
0.2002338413291486 0.3031307099060426 0
0.2049383293268795 0.3043764286516841 0
0.2577873531246951 0.239773618810647 0
0.2608059791921651 0.238811418536266 0
0.06289027899743299 0.2762718949307186 0
0.06269217884263212 0.269564951067582 0
0.06881277669883729 0.2727553329050522 0
0.2714768480729602 0.2952218871355096 0
0.2665367673776061 0.2951824108501778 0
0.2141362650713615 0.07481301782690503 0
0.2105990810167942 0.07844704383271979 0
0.900013511363555 0.2107418313215401 0
0.9098749004158003 0.2014114024255018 0
0.9132245086734053 0.211298138453917 0
0.01392299917493103 0.1941749883744011 0
0.02034686755402295 0.1907357156381243 0
0.05645501968221077 0.2658755123038381 0
0.06237751738361505 0.2623589502781717 0
0.06374509709975629 0.3836760515379609 0
0.07284260215516819 0.3785996469362997 0
0.1390125305766569 0.2034249828151077 0
0.136219083842544 0.2059342206230777 0
0.1549752400539121 0.2528891764386152 0
0.1518365435822226 0.2537184215517362 0
0.152318133290668 0.2506781976415208 0
0.2418673404895321 0.1516462520135342 0
0.239903358632967 0.1502512842989329 0
0.2436280427624211 0.1497319243303811 0
0.2589026556171438 0.2535830519525654 0
0.2611334732219951 0.2511217168591164 0
0.2098716379528032 0.2743625169355394 0
0.2128301476354431 0.2753512396379268 0
1.917143736515765 0.06011845014372844 0
1.891916262395583 0.06021024538217871 0
1.903741912871496 0.03987499790882475 0
0.234740397191236 0.2862237576041194 0
0.231978002955926 0.2887908768218035 0
0.1829953623811445 0.4027103656388922 0
0.1918401126034448 0.4025431927591251 0
0.2034250024675094 0.1390121808393882 0
0.2025180857315132 0.1359699848360775 0
0.2059399645426227 0.1361621534286208 0
0.2564352109072734 0.2233728541341266 0
0.2596972241859978 0.2222011929298046 0
0.2583846328463175 0.2253705264079831 0
0.1646551362573618 0.2498193129974393 0
0.1611557129521556 0.2509767757252465 0
0.1413027124744852 0.183092848327977 0
0.1386869395476977 0.1802963111586328 0
0.2534604116782122 0.1704499116117909 0
0.2553935810125846 0.1679672802565081 0
0.2570530783852106 0.170969552586661 0
0.2534634287731248 0.2295446293676967 0
0.2567094638733344 0.2299424436616091 0
0.2550502730788661 0.2329448854170007 0
0.1830928483128206 0.2586972875217241 0
0.1803494830333973 0.260869596109857 0
0.1501806870016779 0.1646551362583625 0
0.1489359424130052 0.1615419470652396 0
0.260221211681988 0.2102288320014325 0
0.2625182461945074 0.2127011344655926 0
0.1544554657156894 0.2407052667054585 0
0.1539698736132131 0.2441997105029531 0
0.1516839148805099 0.2416419843337596 0
0.1766213833388099 0.1435671760075065 0
0.1732848822820503 0.142069145707159 0
0.1764540816789164 0.1407562307655038 0
0.1646500493800772 0.1501842963328026 0
0.1648398113430073 0.1464323601822911 0
0.216907151672023 0.1413027124744852 0
0.215624211963364 0.1377765826446949 0
0.2189205809413504 0.1387260679212428 0
0.2317129501597226 0.3085682410534514 0
0.1996866032038905 0.07461262568210736 0
0.202844774640156 0.07822330682703819 0
0.2356637835084547 0.1092549628962907 0
0.2324227110446671 0.1118540669654544 0
0.1555812667183856 0.3324025490221621 0
0.1507136405432957 0.3304732314035261 0
0.13492692027554 0.2996634979633664 0
0.1339662299282194 0.2952910536811145 0
0.0724442491914688 0.2020693824596518 0
0.0726941099829799 0.2076735238725476 0
0.06816439550927322 0.2044351366189432 0
0.7251481337921644 0.06420611375786797 0
0.709405355470296 0.07883495593120836 0
0.2901885907060906 0.2550767760271892 0
0.287578812045741 0.2578067970338737 0
0.5260039053419899 0.3931441532261898 0
0.08456127168809574 0.1000526509691882 0
0.09116310414855944 0.09885648843949389 0
0.08858472648065471 0.1044215875338532 0
2.136420102630292 0.1015601515489037 0
2.137009379848616 0.07894069788292192 0
2.16058552730727 0.09134602322165343 0
0.4664274093931755 0.1091441280007328 0
0.4636373957140011 0.102861444890043 0
0.1809894234755247 0.3174606819127193 0
0.1797146412269701 0.3123912496832854 0
0.147374593445074 0.1370023083257536 0
0.1451558595289875 0.1395269999406114 0
0.1728103516669699 0.2737913661641687 0
0.1759561677756068 0.2752035458988049 0
0.3171486607760463 0.07075927767238227 0
0.3210223293112627 0.0778037620935533 0
0.3129821645871615 0.07597206454473711 0
1.652141302125772 0.3655381897358904 0
1.664405493913499 0.3880362772906332 0
0.131553916811187 0.1910390293951 0
0.1335304829802937 0.1938763238853468 0
0.1411092307067205 0.1629216395437678 0
0.1426714315308052 0.1605367348516195 0
0.1841366385926689 0.2677940612743618 0
0.08777501028285496 0.1176376763668378 0
0.08099962723731607 0.1193810915769433 0
0.08345771696120093 0.1148499820114134 0
0.1797341580739948 0.07295537986462808 0
0.2906722852055625 0.2665030750571362 0
0.2886599995925387 0.2619504455450415 0
0.2933144283795827 0.263304353244556 0
0.2509570286733928 0.2841377976040295 0
0.247211186493967 0.2831463385184907 0
0.2498343527384778 0.2802792816168743 0
0.3681534390639508 0.1258061101317624 0
0.3654375612473615 0.1182491556178339 0
0.1957038581073244 0.2975731946367129 0
0.1949765264667285 0.2936622866386555 0
0.1986479043161329 0.2951192772500276 0
0.2898081890181267 0.1402451001834162 0
0.2872696096326274 0.1438587661822659 0
0.2856864779974364 0.1397427691060388 0
0.3315195011171788 0.1715249286290254 0
0.3257832612265399 0.1696446796338638 0
0.284632657785811 0.1472221321812122 0
0.2807996371247745 0.146582580871959 0
0.1039341869546721 0.1257730449807771 0
0.1090262046085476 0.1253752046802175 0
0.2533377842024136 0.2922120660419492 0
0.2493901043975772 0.291182816971738 0
0.2522815422337183 0.2880341035758571 0
0.1476314652471038 0.1583440268080916 0
0.144334015342534 0.1591477656335148 0
0.1462592077457135 0.1562652419510492 0
0.8682226055135225 0.262983949569072 0
0.8653818069846076 0.2700427675990828 0
0.2189423573866848 0.3869039200695712 0
0.2274843005334244 0.3868888733067778 0
0.295341965873262 0.1328470424612107 0
0.2926040788013095 0.1366506550581999 0
0.1145326149689756 0.1252071549884047 0
0.1188283027338424 0.1251901126066995 0
0.1158946131049067 0.129461571532492 0
0.1413044392126918 0.216913145316332 0
0.1376723995411366 0.2153614645328155 0
0.2723571936480212 0.1519572454838168 0
0.2704114034955928 0.1546616635187871 0
0.1830054512041822 0.3751050455288673 0
0.1740967939398222 0.3774496450261099 0
0.1145813701381698 0.1826573020354817 0
0.1179481945979205 0.1824122671474322 0
0.1162839619506868 0.1854716386214411 0
0.2541443188946299 0.1655275707150078 0
0.2522999734823822 0.1637420680965672 0
0.2546433780714259 0.1618219995299371 0
0.3252631296704957 0.2383263569915898 0
0.3223791279719723 0.2423499777515106 0
0.3207097012064404 0.2377271578124435 0
0.1519499497667966 0.2569407505923463 0
0.1492928430035526 0.2547297717952519 0
0.1968920465417614 0.3056666957217328 0
0.1960334411693415 0.3015661710637751 0
0.04864242563344412 0.2562405972961695 0
0.04661803797755898 0.2492675587704466 0
1.613551379316695 0.3417676344274939 0
1.638981190390635 0.3429884308676606 0
1.88059737491771 0.08025781600285097 0
1.867195551273441 0.06001436376794728 0
0.2917944914687951 0.1977368677398127 0
0.2881974036938377 0.1980624155294448 0
0.2902616581845894 0.1948342725635835 0
0.3486087658598575 0.1315815126955422 0
0.1036442265037918 0.07737440085788687 0
0.1081456802355257 0.07220688477434441 0
0.1109489071225574 0.07791826341886283 0
0.2094050837889611 0.3061454368288095 0
0.4215102640496469 0.3989103374246538 0
0.4352074773571668 0.3989103374246538 0
0.1463380188136629 0.2664664768887093 0
0.149055768838234 0.2685872959645972 0
0.2703151283553463 0.2835697141379044 0
0.2899028832319152 0.2799916018653567 0
0.3168221740876043 0.1586788618626777 0
0.2914155134403529 0.2713274748615668 0
0.2867610846533089 0.2699735671620524 0
0.2627542765793981 0.1720246950377627 0
0.2654946204680191 0.1701124165196655 0
0.2585798084661959 0.2661306667377135 0
0.2551682391303334 0.2649332297450246 0
0.8294541098755185 0.1046414282093851 0
0.8195591314443755 0.09808273479715239 0
0.8286752523200345 0.09283979771239755 0
0.254605504326716 0.1495047117739279 0
0.253167659151871 0.1476104516131788 0
0.1614134948020747 0.102590819056916 0
0.1630824054419749 0.1061431416469589 0
0.1586161697157649 0.1055119275030277 0
0.1498370488123257 0.3467710290895213 0
0.1468443966499337 0.3406637322008501 0
0.1543122095184968 0.3422432931695592 0
0.4079061355517464 0.3982642275065467 0
0.2492276999742616 0.1427516940580222 0
0.2513277730333784 0.1402915311144154 0
0.2525042923251539 0.1429773383615745 0
0.1748539600345127 0.2820422315831568 0
0.1773459862685791 0.2805632100077006 0
0.2001261945673555 0.1364065440258369 0
0.2026411566424687 0.1335565166150695 0
0.07512364330449385 0.2824420940159169 0
0.07427076514885622 0.2758034521072949 0
0.08038353159971191 0.2787832693550229 0
0.2535041300338189 0.2355847882103766 0
0.2609587849166337 0.2192733627085438 0
0.2619082701914042 0.215976993739775 0
0.2647797435894168 0.2150673454869571 0
0.1772917909389896 0.259886363941566 0
0.177844794628335 0.2630081578044694 0
0.156099127105375 0.2465559727015259 0
0.1533275762701956 0.247492690329827 0
0.1508611348161847 0.158659423382774 0
0.1402959509040332 0.1771662283227122 0
0.1586570867000847 0.248841670272311 0
0.1579554560144284 0.2519840579813353 0
0.1705239553397146 0.1432673043253585 0
0.1675216830095617 0.1449268016979845 0
0.164913855070931 0.1431600761858619 0
0.1366968018843115 0.2089413688075892 0
0.1337108368203581 0.2080225001445536 0
0.2586547531182216 0.1739077538062018 0
0.260587922452594 0.171425122450919 0
0.2093749153346208 0.1366979269827257 0
1.055491600290603 0.3667057810122738 0
0.2127568660423296 0.1372723658657286 0
0.3926995986346857 0.1783121099902127 0
0.3836870420894427 0.1784487629465041 0
0.3890408864815076 0.1724562392342633 0
0.3592130678933571 0.1541711197734218 0
0.3657112948411512 0.1527381308373422 0
0.03559276095822114 0.1114108865100654 0
0.03592127919466299 0.1200218071262181 0
0.1926147536021767 0.1062792685720125 0
0.1893821168838261 0.1090755827863954 0
0.3639812961434603 0.02517246994748655 0
0.360276929159038 0.03414042510750685 0
0.4752685971662645 0.1081498412917391 0
0.470406084935745 0.1158545522660455 0
0.08740477125030438 0.295507822790164 0
0.0817921380768688 0.2920864829437653 0
0.08684904292878512 0.2888432511100436 0
0.2001782496142095 0.1057726160277504 0
0.1956440374464563 0.1057895464247125 0
0.1661397387375043 0.2676608971886505 0
0.1357867503278711 0.3430421796204861 0
0.1340500867041874 0.335823690974945 0
0.140632572320079 0.3379729794752712 0
0.213365311610774 0.05874335418624368 0
0.2167459756167797 0.06397473633081484 0
0.3703518886215425 0.4002359534108503 0
0.3660587454698657 0.3901361523541136 0
0.01593888339345118 0.1068111496665237 0
0.02315467179032562 0.1027039408357525 0
0.3693044412713624 0.0169763824240818 0
0.3754880986240586 0.02605532269064168 0
0.2278756771655992 0.1312749039037688 0
0.230991898212697 0.1320062422499338 0
0.1923620633199371 0.3001091804524031 0
0.1914665658427254 0.2924282449770817 0
0.1944106120515339 0.2899743275903963 0
0.2058622938539225 0.3950323341020229 0
0.2104827276191505 0.3880429457364737 0
0.006972316253389014 0.1986906728181021 0
0.006950682921542014 0.190408406050571 0
0.1803942129708609 0.01356144724201924 0
0.1848562079661064 0.02036995712882935 0
0.1768499468028144 0.0203658298423331 0
0.2841625138733855 0.2032288028646782 0
0.282135133716472 0.2056634795158452 0
0.2809747048664561 0.2025924826294205 0
0.2461010699029725 0.0981099624373994 0
0.2480842829639527 0.1019733271041571 0
0.2434620652953393 0.1017317985217659 0
0.05734729306606263 0.280065214676549 0
0.06346789092226779 0.2832555965140193 0
0.2407865030300846 0.1057639888978839 0
0.2764404627650311 0.3433602794201158 0
0.09488468456919733 0.160615496712821 0
0.09947707141338047 0.1604364358428856 0
0.09653017334071226 0.165013345090791 0
0.2617090205539686 0.06676220534670264 0
0.2614312884096645 0.07276096438284002 0
0.1876361622834003 0.2873472004881513 0
0.19040085194462 0.2852937811206208 0
0.2103711259625847 0.09634162726546487 0
0.2124499419427044 0.09962326805959583 0
0.1581436938567327 0.1513817852799945 0
0.1559537789619271 0.1485744003256909 0
0.02097989796925514 0.1359053968760087 0
0.02166942109738967 0.1449401065574706 0
0.4158551635504494 0.3871745649312007 0
0.4254029968488525 0.3771247105091487 0
2.058008125147599 0.3467411766801923 0
2.054564359074628 0.319822404115577 0
0.2559396003634331 0.3010245478185833 0
0.2515802455310907 0.2999101655521281 0
0.2548057011986149 0.2964751617042855 0
0.1255150556970978 0.2959693416230761 0
0.1245547725923555 0.2908572791655071 0
0.1292697651047177 0.292700356277848 0
0.2769869280744723 0.1462625544760217 0
0.2747374363263997 0.1492458227170368 0
0.27327298876326 0.145699650554029 0
0.2612260120721503 0.2267094497742399 0
0.257963998793426 0.2278811109785619 0
0.1087600315128913 0.2028432302007903 0
0.1100197228327115 0.199409113930892 0
0.1124303026155997 0.2026521080319701 0
0.1236299927758139 0.345381083380876 0
0.1225049499329662 0.3375031756481974 0
0.09901376341673279 0.1686402323510639 0
0.1032357763169306 0.1685391825131471 0
0.101126979548768 0.1723451306433555 0
0.2538308385397626 0.2713903783081091 0
0.2506742794588493 0.2706334281352462 0
0.2530583710015291 0.2680153623284113 0
0.2549047084782291 0.2851670466742407 0
0.3123864811145438 0.1275677626434107 0
0.3087892917674749 0.1315346497391637 0
0.3071176966650916 0.1259110289927709 0
0.2278491595403331 0.09717116338572279 0
0.1089779656588102 0.1167796284478561 0
0.1144843760192382 0.1166115787560433 0
0.1119598942374833 0.121103745754425 0
0.2061381014582754 0.2846503510860408 0
0.2056516396493299 0.2814033461188933 0
0.1447883515623085 0.4036770053514168 0
0.1464899630787111 0.3930691206604118 0
0.199884261039601 0.03706124982648127 0
0.1582373085314193 0.3813410166867747 0
0.1671396058665411 0.3791058153223045 0
0.1621675634287888 0.3865490292535197 0
0.1349799738945787 0.06941088393631555 0
0.1377646203215927 0.07312302483796206 0
0.1320833976354207 0.07384987819208792 0
0.3682031212967808 0.1599748861890239 0
0.3724571092914654 0.1526837930507134 0
0.03667317580723883 0.3197517728744375 0
0.03129808648344427 0.3118126922694626 0
0.2747162493096688 0.07637360699195583 0
0.2689255330952061 0.07664321298417874 0
0.2717774524116443 0.07152550915693572 0
0.1195037768055106 0.1795914595427253 0
0.1212063686180275 0.1824057961286847 0
0.1533994456777797 0.3069273259116973 0
0.1524552368261531 0.3026478926085081 0
0.1811885246539476 0.2846632136698466 0
0.1805485027209731 0.2816618167702707 0
0.2487676287780674 0.2766481333231397 0
0.2525134709574932 0.2776395924086785 0
0.2875265898507224 0.2036324052283885 0
0.2863661610007066 0.2005614083419638 0
0.2257270131883137 0.05895367456451661 0
0.2286682799564164 0.06466775911535569 0
0.2225410969995839 0.06453740993684248 0
0.9032478900947956 0.3262494304253806 0
0.9105440194571355 0.3549836604391187 0
0.4956422541946834 0.1258928417071558 0
0.4916993526159901 0.1196256478946933 0
0.2357827042414923 0.2770138958022606 0
0.2348096285631684 0.2738818011572892 0
0.4109785977337009 0.009895838971413353 0
0.3017403438133494 0.1250552011261994 0
0.2986106694224316 0.1291998970008673 0
0.2968305059177583 0.1243771820385429 0
0.2190094603587417 0.09672995538318109 0
0.2167326721365951 0.09990026492242783 0
0.2576971390347559 0.2933264483084045 0
0.3390013818753739 0.1624129711422107 0
0.3353865853053217 0.1669595613794966 0
0.2497681755962575 0.1374975495488185 0
0.2530447679471498 0.1377231938523708 0
0.1442415475419435 0.3033267594217937 0
0.1481725070655986 0.3003704036224914 0
0.1502259316464944 0.1465932836325234 0
0.1531762434739238 0.1473923076206884 0
0.06973435431434399 0.1841869507637834 0
0.07163603580057049 0.1795669316804638 0
0.0747946189231834 0.1842877826926028 0
0.1972687864599759 0.3101851564212831 0
0.1033978270519486 0.175776420176907 0
0.1072382371221756 0.175795672091796 0
0.1052870717251583 0.1793280114632643 0
0.1468028574259719 0.2569164797160207 0
0.1110223096431607 0.1825319684438219 0
0.1126865422903944 0.179472596969813 0
0.1330059468234772 0.2901789912235455 0
0.2388537282408185 0.1289840942327659 0
0.2405825544891355 0.1316467692363051 0
0.2373794412682501 0.1316224828176242 0
0.2941872104365005 0.140766652134427 0
0.515682098731702 0.1202066583513059 0
0.5109711306068948 0.1262856574735568 0
0.1282210496050131 0.3163401307990647 0
0.126452046599409 0.3207724402094617 0
0.1224393050437002 0.3177168743932873 0
0.1501842963416325 0.2353499506318558 0
0.1486736158456433 0.2378555543556508 0
0.1466884052042897 0.2350579644512416 0
0.2963585951044317 0.2596874066002339 0
0.2983708807174554 0.2642400361123285 0
0.24352694086137 0.2820268097449246 0
0.2401030628740147 0.2812273469947957 0
0.09892283905728878 0.1347386664199486 0
0.1013619109334319 0.1386808853319472 0
0.2887543688065014 0.1477244632585896 0
0.1388361522943113 0.356765158676756 0
0.1371880413694922 0.3498899814130866 0
0.1440173468685818 0.3520666453844816 0
0.1106630703748335 0.263345225319549 0
0.110017068767569 0.2581253224042616 0
0.1142826035369909 0.2603498362104962 0
0.2906196184087972 0.1623833362360926 0
0.2881051011471178 0.1653969767644353 0
0.2865648004662171 0.161720110919465 0
0.2753004347533685 0.1173195984794058 0
0.2158762821719219 0.3166137427429295 0
0.2110671530532211 0.315155094211554 0
0.2148350847444325 0.3122278994496268 0
0.1412973648458645 0.2546302805939148 0
0.1406989101615408 0.2514614916880372 0
0.2715997906901492 0.1576430528154027 0
0.268320303904887 0.1570731441616003 0
0.3193749924256063 0.2334944748363279 0
0.3164909907270829 0.2375180955962487 0
0.03256916542938823 0.07976092549779609 0
0.03786662323496758 0.072027803508162 0
0.3343224167662914 0.1508611934992937 0
0.2405853494126678 0.3946844503444741 0
0.2359223742986831 0.3875969685206808 0
0.2447876450900158 0.3873332297049461 0
0.2633120517208924 0.2608357431752906 0
0.1359468402923192 0.1979856741369168 0
0.1322086661476263 0.1982287200138407 0
0.1156738563145536 0.06021545456751417 0
0.111990129257562 0.06636283963950036 0
0.2917291487259336 0.1237857946876883 0
0.08898630553323267 0.3077305869433335 0
0.09490519464028815 0.3095822322233396 0
0.09017817355876168 0.3137166381235707 0
0.1032017168023022 0.2393664187532744 0
0.1065785558988281 0.2409766715231382 0
0.1470635656472533 0.1540613377098482 0
0.1437661157426835 0.1548650765352714 0
0.3002518037688531 0.1335250615488673 0
0.2805480895786284 0.1092672452343462 0
0.2827592165412003 0.1139274984539806 0
0.2777666194108529 0.1133615872859857 0
0.1594782862743005 0.09831608449714063 0
0.1639445220005106 0.09894729864107177 0
0.1073603150769855 0.1827297616155496 0
0.1046854486387963 0.0658189770785244 0
0.1752387899241287 0.3110934215667018 0
0.1787033161608145 0.307773003603683 0
0.1396379696501895 0.2635251189775706 0
0.1431790889342911 0.2649319078831733 0
0.1052633307684999 0.1650740785383207 0
0.08606911287281238 0.4039462407071323 0
0.08738558007491425 0.3933149235173328 0
0.3296501783983742 0.1392781403665017 0
0.3237812224275507 0.1388138798148218 0
0.2546876332394959 0.4022103557643696 0
0.2649504067295427 0.4008463976934557 0
0.4514310941850607 0.07327638564091145 0
0.4392348779005456 0.07196557443527236 0
0.4492029685703804 0.06282792715387643 0
0.1432406391522124 0.2685322366566936 0
0.09397770046696025 0.1436627681676808 0
0.09889027762848658 0.1428366716275321 0
0.201704574107726 0.09602499745253666 0
0.2009305937136475 0.05851316485201414 0
0.1976159022288203 0.06376789185746923 0
0.2014455074326339 0.2924907514051198 0
0.2042053533561651 0.2902942403730824 0
0.2956431729609801 0.2811540996077097 0
0.2932446026171642 0.2759604647088361 0
0.166535937486754 0.09475449273576943 0
0.2914454891119098 0.1925896966871725 0
0.2909179296532822 0.1886246255593368 0
0.2954436178820481 0.1983706349888063 0
0.2933793633912964 0.2015987779546675 0
0.1073065950852368 0.2451128730438027 0
0.1100835794382383 0.2426373046221202 0
0.2679739144182036 0.2555895693806999 0
0.2671192188843559 0.2523866843398682 0
0.1625186088964955 0.3105115973418945 0
0.166088553323877 0.3078715319796255 0
0.2876490763170013 0.1144414339322535 0
0.2520116800494202 0.2641762795721618 0
0.2643350044368327 0.1420594879549087 0
0.2662197256989124 0.14500617606371 0
0.7429801522954909 0.390010011858499 0
0.7536478058941509 0.3686417297672272 0
0.7647670877126966 0.388631717908728 0
0.1057376621864643 0.2566493275418054 0
0.168551102669016 0.2793179031641629 0
0.2407006159578951 0.1544513095557264 0
0.2444253000873493 0.1539319495871746 0
0.2074604239422287 0.3179936057619387 0
0.236557338551098 0.2803232054038362 0
0.1491986891158062 0.134161906862708 0
0.1503311115967531 0.1309482968215528 0
0.2237436076206299 0.140856962049601 0
0.2213237511880454 0.1397601729061272 0
0.224863838158666 0.1383649372046952 0
0.302268612505925 0.2731534351872935 0
0.2971558031694179 0.2724899726039199 0
0.3004395233291136 0.2685204453400242 0
0.1981288118110651 0.3147926761487933 0
0.1622384177171875 0.2766082756697512 0
0.1615952121720253 0.2737212091912589 0
0.1798891128209267 0.2788527144857582 0
0.8657009922219403 0.3520947327625703 0
0.8504129886081546 0.3689283924236822 0
0.06346350120931135 0.1852324314435521 0
0.06662208433192426 0.1899532824556911 0
0.125031283817435 0.3522288851734765 0
0.1306055557536006 0.3477406929127605 0
0.1787682861400867 0.128074204158112 0
0.1801025592613389 0.1253619427706678 0
0.1817952017628667 0.1278271677152512 0
0.2875983673437909 0.1548971498243291 0
0.285253292957562 0.1580862680408298 0
0.07447804396147183 0.1218515958489437 0
0.1293094439626007 0.2843171298829205 0
0.1259152124720229 0.2833921547862226 0
0.1269151744346481 0.2801209908488641 0
0.1886996232515423 0.05829573160359391 0
0.1915755577538407 0.06299840388065736 0
0.1855447865681548 0.06293118876670695 0
0.1387947470277252 0.256716136447817 0
0.4759463855939631 0.1394437182656361 0
0.4834403436202384 0.1416621490686595 0
0.2196872423848824 0.06968882088165392 0
0.8848907583690531 0.1050356422247873 0
0.8778960604884309 0.09563704252659895 0
0.8873412031148766 0.09502718083504967 0
0.08907369323680071 0.152574414793932 0
0.09222717813191757 0.1565324595209993 0
0.2909696343761493 0.2043811977178837 0
0.2887659872488283 0.2070485922405982 0
0.09270982947392911 0.1081659959027334 0
0.08610799701346541 0.1093621584324277 0
0.3437329100406661 0.1737851630776827 0
0.3398658258525231 0.1783505303272116 0
0.3375018073781764 0.172698773720961 0
0.1268653411225461 0.4016562054075475 0
0.1353395378685496 0.4036770053514168 0
0.1929082623136492 0.09562711212933801 0
0.2431889097768669 0.2532629556694198 0
0.2487517814063535 0.264196458914833 0
0.2960586857589877 0.1773656726548153 0
0.2934223353317371 0.180116899932352 0
0.2922824347388179 0.1763092522484932 0
0.2383034567450405 0.0593494333331333 0
0.2411076512642117 0.06495555292727422 0
0.2346583906643173 0.06469014333717073 0
0.1372715861038821 0.2123232608287045 0
0.1142360482455837 0.1076630017741343 0
0.116633548321644 0.1118348222446937 0
0.5798771261450291 0.3315977895422556 0
0.5690887597757599 0.3368359495818877 0
0.569551506304083 0.3216759193052821 0
0.1559255581084368 0.274057021554518 0
0.1553882179847233 0.2710805810420258 0
0.1585398338730294 0.2723164553727846 0
0.2144987353064713 0.1030153727810922 0
0.3840712751994723 0.1675163938470245 0
0.3249504585589948 0.1281245016235167 0
0.3206737358327605 0.1333589064686044 0
0.3183347989431614 0.1279569785447159 0
0.2680478188928372 0.213699280465078 0
0.267437842889734 0.2169751397392604 0
0.1749429419102021 0.2647174514642189 0
0.157473866305983 0.2550242818915507 0
0.1312811713709598 0.2098813146073355 0
0.1308034533291923 0.206874166422824 0
0.162174677121312 0.1415969557932741 0
0.1648565487878664 0.1400913973089674 0
0.1501888797985061 0.248321935442948 0
0.216779620270811 0.1058597692741594 0
0.06365245873118652 0.2071501378635243 0
0.2750211119911449 0.2386699405771591 0
0.2718972912546712 0.2380295101088035 0
0.2740587660411885 0.2354897582491946 0
2.044387976151151 0.06562242020918529 0
2.053624645845844 0.04296754400328643 0
0.09695470717844956 0.0883108158340425 0
0.0936976415311514 0.09397492376102702 0
0.09039671500329863 0.08882344394784437 0
0.2067615442017451 0.2879394979987482 0
0.209459381137421 0.2857745018968936 0
0.151768441149485 0.2978793545787278 0
0.2696146465501613 0.1453783755909994 0
0.5944177682941614 0.3365113245782643 0
0.5948805148224844 0.3213512943016587 0
0.1158788535612985 0.2921726821024567 0
0.1192281701945445 0.2891609719114374 0
0.2325941411111351 0.1289270259489687 0
0.2340483721214949 0.1320390241150501 0
0.1361453837997115 0.2586635068133183 0
0.1357459007998982 0.2553270729571517 0
0.122616664921541 0.1850571227816384 0
0.1242867472226396 0.1877737604986219 0
0.1213208687115362 0.1879432414503751 0
0.2492615797916188 0.3080299659789941 0
0.2478040102932204 0.3028013426565064 0
0.5238231681991758 0.3292754034461683 0
0.5388420613498894 0.3347765748886939 0
0.2378666607011962 0.2662768040792132 0
0.2379922051592543 0.2634336506328536 0
0.240627953710276 0.2641715224372007 0
0.07641646234524632 0.2959303532818057 0
0.07586073402372706 0.2892657816016852 0
0.2771884359918357 0.2451647501860748 0
0.2761759466530826 0.2418692455364936 0
0.3761164328401669 0.1066873802683199 0
0.3790991949231582 0.1139374725162546 0
0.370315678122467 0.1126752072153045 0
0.4485843068014522 0.3773729061921937 0
0.4524951201315438 0.3638491169596476 0
0.2346374280350568 0.2624707482331753 0
0.2331058479713286 0.1179181845286175 0
0.2324352001173824 0.1151973283052077 0
0.2358704871670059 0.1152979674087469 0
0.2346644865512242 0.1402855915605754 0
0.2376008796570597 0.141994444308546 0
0.3158589679615769 0.2564090920735543 0
0.3041256311208128 0.3469991257723159 0
0.3005762077756264 0.3530911488306369 0
0.06974796757287136 0.2862859643539572 0
0.008783447013745581 0.08353800948466021 0
0.1944610655454328 0.06840334902058227 0
0.1038214004796298 0.1423145186348986 0
0.1610578720483118 0.2707447686787667 0
0.2102288319863278 0.1397787883149344 0
0.2295446293470513 0.1465365712168622 0
0.2294877942187707 0.1431925744737186 0
0.1704499116117909 0.1465395883217877 0
0.2498193129974394 0.2353448637426382 0
0.1766271458658734 0.2564352109072733 0
0.1741224574608111 0.2585737726018857 0
0.1544513095557264 0.1592993840421049 0
0.1592993840431023 0.2455486904454371 0
0.2455486904454371 0.2407006159568977 0
0.2586972875217242 0.2169071516871793 0
0.216913145316332 0.2586955607873082 0
0.2194340764109317 0.2612380227526927 0
0.2353499506318558 0.2498157036583675 0
0.2382596248785519 0.2512186470264545 0
0.2609874694239407 0.1965718935360521 0
0.2638042849664666 0.1982785070532314 0
0.143564789081744 0.1766271458895425 0
0.1416085422347441 0.1739968948622641 0
0.143567176029043 0.2233786167113802 0
0.139779833126068 0.2102349813072286 0
0.2455445342922604 0.1592947333039415 0
0.2462593825290205 0.1561341784237335 0
0.2485453412655687 0.1586919045983083 0
0.1592947333039416 0.1544554657077396 0
0.1465395883393099 0.2295500884229435 0
0.1446286514252872 0.2323314022191575 0
0.1897650187143107 0.1397798331218968 0
0.1879049177816238 0.1374354304055551 0
0.2564328239924935 0.1766213833388099 0
0.1514851597371449 0.3536462063531907 0
0.178509556839442 0.1228063120320539 0
0.1815364724622219 0.1225592755891932 0
0.2556718687958009 0.09875929544783769 0
0.2525563685221944 0.1024793062312514 0
0.1965749975297068 0.2609878191603389 0
0.1984765585317456 0.2639346366722342 0
0.1390121808393741 0.1965749975327415 0
0.1361390088848767 0.1945637953255563 0
0.008196859008088428 0.1559035658360623 0
0.01535825069430985 0.16031862077329 0
0.00716139168622142 0.1651574586330873 0
0.4524460731788946 0.05228292919729758 0
0.104682616143053 0.2028567914376702 0
0.1070931959259413 0.2060997855387483 0
0.1642226867145941 0.05816961354943295 0
0.1608877525691195 0.06399028671381433 0
0.1282334927503998 0.3351900315698798 0
0.1754039145050508 0.0949123641170319 0
0.1774000645571227 0.09860555010826545 0
0.1179392684757745 0.1336762362989403 0
0.1936907942922395 0.2865779240003448 0
0.2034249828149907 0.2609874694233495 0
0.2013032568027478 0.2635105165361695 0
0.1647793351006924 0.1372066543604459 0
0.1625036532345224 0.1353732967216925 0
0.1651656174969674 0.1340516741657588 0
0.3012170136536942 0.192631053788763 0
0.2981519306869718 0.1955075966857569 0
1.64989418749233 0.2765655122255808 0
1.662737865545856 0.2993272469385755 0
0.2858880343589617 0.1679654255174165 0
0.2849724731978088 0.1706821335682226 0
0.2831347220433849 0.1674504594986138 0
2.117504017626541 0.1579402651358464 0
2.14218093420747 0.1479374284689527 0
0.2725765140633528 0.250398687560451 0
0.2693116648679231 0.2497957802780824 0
0.1904774501100505 0.3209925376931655 0
0.1943356472388596 0.3179572287428812 0
0.2050506706926852 0.2783281975951118 0
0.2667056921028187 0.1389289817988834 0
0.2628349004545162 0.1389146373668372 0
0.05760568938601612 0.1745389793084696 0
0.06331581912634646 0.1744506076206395 0
0.06086564145140073 0.1795544714394745 0
0.1716738720849914 0.3140095760794852 0
0.1706625470188357 0.3093913299998828 0
0.1639575767116088 0.268633108506361 0
0.06865019629453989 0.1325812809521233 0
0.07421213609032959 0.1331944339710282 0
0.07058857837758786 0.138665920446783 0
0.2876846637995864 0.2265318365977266 0
0.2316511446712384 0.2731572404124147 0
0.2341361193357637 0.2707001469962604 0
0.1455712063579257 0.1337702803871139 0
0.1261141491798389 0.05484172373149131 0
0.1324700117779605 0.05453466683372834 0
0.1291736775663962 0.06014892029358502 0
0.249964395481438 0.132030879372724 0
0.2483064035796025 0.1347514042121557 0
0.2467856285510117 0.1318530712981059 0
0.1497689709605342 0.2400739581930137 0
0.1462730798231914 0.2397819720123995 0
0.2942823751553926 0.2555707420311435 0
0.9344322696447537 0.08932196600905888 0
0.9238899659077113 0.06400769815429054 0
0.235777198369812 0.1347016991185892 0
0.1044396801566718 0.2478150917575585 0
2.032957356855028 0.08676015531691583 0
0.1124438597840972 0.2362841175273094 0
0.1123505780740412 0.2402178605558715 0
0.0321833289006262 0.09788155304966403 0
0.03845424907458971 0.1043627745017852 0
0.139406025127265 0.156807798003488 0
0.1372505891886777 0.1590218398705456 0
0.1370200240982567 0.1559827186613518 0
0.2744495023253197 0.06561982090737174 0
0.268658786110857 0.06588942689959464 0
0.2479553415184025 0.2729169545755764 0
0.1492833788580579 0.2435684019905083 0
0.2165565430504444 0.2792730006039396 0
0.2154660087597654 0.2763054260058664 0
0.2184715319642681 0.2772659232684081 0
0.008779108929865047 0.2959989097754291 0
0.1368840431448418 0.2655699488914943 0
0.1364403035221908 0.2620974002179073 0
0.104245738544948 0.1963406363023409 0
0.1084299268626256 0.1962412814411676 0
0.2833010539075242 0.267111711014413 0
0.1036259574712793 0.3230512203213667 0
0.108536106071811 0.3204262708978475 0
0.2661624715077073 0.2491857912329791 0
0.19421759258738 0.121865156645182 0
0.1926383528453204 0.1245498984244962 0
0.1909803818853416 0.1220151683585024 0
0.007507335879953902 0.1291618968845849 0
0.1696534711630144 0.3049553774668421 0
0.2213808381698856 0.2992051021646484 0
0.4858265662778765 0.06726510120144742 0
0.4724487594433049 0.07317152450729932 0
0.474776991689467 0.05823231505366361 0
0.2537796709788386 0.006388336008002917 0
0.2496408538841145 0.01336444592578672 0
0.2450656701466611 0.006976109917783807 0
0.2229483500235787 0.2804701721693916 0
0.2208554665204392 0.27815774745598 0
0.3624547991643702 0.1109990633698992 0
0.2583422615634847 0.09471266845192552 0
0.2533936803392697 0.09430486402387846 0
0.21675253175416 0.07215617271166674 0
0.2169966758234433 0.0778430432629455 0
0.2780307171826224 0.133570390705144 0
0.2795544343397984 0.1295111376439652 0
0.4483034789750479 0.3977055370713255 0
0.4425552936662309 0.3866158744959795 0
0.2566231741705575 0.1323157647592344 0
0.2548058355668707 0.1351370501502596 0
0.2533025091137155 0.1321079268957485 0
0.2779571577868372 0.2021375882191377 0
0.2799845379437508 0.1997029115679707 0
0.2453452715735456 0.4022103557643696 0
0.2364800007822129 0.4024740945801044 0
0.1927723518349802 0.006782787264257746 0
0.2011703979205995 0.006745156492739666 0
0.1967985202197722 0.01352794375699741 0
0.09878684115515876 0.3222449268551476 0
0.1009361789819377 0.316374576869796 0
0.336831558896597 0.3149528127665188 0
0.3295460716457448 0.3141162175859118 0
0.334317137233758 0.3079779021588821 0
0.1764868256761488 0.05819246672761928 0
0.1795711702939292 0.06323339609282125 0
0.124172247129131 0.1822363151769315 0
0.07131616573860662 0.2370143738465241 0
0.07595863541611766 0.2388715998218641 0
0.1181620392246376 0.1881024912548243 0
0.3527490216507402 0.1987152566992437 0
0.3489282906974183 0.2053030020900593 0
0.5912735455116129 0.06506716961071872 0
0.5829926502374347 0.04732380918244922 0
0.2793351895616348 0.1430364087089512 0
0.2833472196931667 0.1051163009423644 0
0.2783546225628193 0.1045503897743694 0
0.1573797399034729 0.09452864006028165 0
0.1548487127050371 0.09817216047612587 0
0.008084964680626704 0.1022901039775912 0
0.007853918712824474 0.111333321440043 0
0.2237333181044552 0.2725856461091376 0
0.2215621280636074 0.2735597136194328 0
0.1003902030025976 0.1965328100843348 0
0.1024939161876527 0.1997924098817061 0
0.2577369856016283 0.1660472116898779 0
0.02202936878192122 0.1574612809534909 0
0.02099390146005422 0.1667151737505159 0
0.2985937491224492 0.1849644796593189 0
0.2950011066970992 0.1838759514284771 0
0.2665625124840982 0.1595879032904307 0
0.2653741252895418 0.1566065139938151 0
0.3926725610117726 0.1070379336692868 0
0.3889763793233191 0.1000552974651533 0
0.3967489906942334 0.09914358556516996 0
0.2233728541104574 0.1435647890817439 0
0.226912941081078 0.1421695533803119 0
0.1824471047962276 0.06793606836988471 0
0.264381070467644 0.06085651709713868 0
0.2676689799873412 0.2106300790778964 0
0.1419356735438173 0.1393768692956539 0
0.176158622029817 0.006778659977761493 0
0.184164883193109 0.006782787264257746 0
0.2592953567061214 0.138695015768304 0
0.2575342890864004 0.1412811594704151 0
0.2563654330039916 0.1379310317158566 0
0.2565905100464302 0.1566432231414264 0
0.255505466759673 0.1594346409009415 0
0.2538840759459354 0.1572450791519814 0
0.1319717050284856 0.169101400414203 0
0.13341299728057 0.1718897945091783 0
0.1306065271344665 0.1717290900867993 0
0.2136455175581708 0.308224749985126 0
0.08928028005924936 0.1611093687689047 0
0.2407052667054586 0.2455445342843106 0
0.2401007452642317 0.2493699617426967 0
0.02470562317329374 0.1504508884858453 0
0.02998132625450655 0.1443262670670508 0
0.1264128337460806 0.07400502433325291 0
0.119488638569023 0.07531152935569239 0
0.2685155901385342 0.2372961207312445 0
1.761577130483728 0.3039966971285208 0
1.786080561464257 0.3050230166018362 0
1.773899837981268 0.3253881355178803 0
0.1239665114134581 0.325818177911642 0
0.09442137657254965 0.1688192932209993 0
0.8721301832089878 0.3347103766204891 0
0.883782768693494 0.3592191300876424 0
0.08546336382000194 0.3187553153439981 0
0.09138225292705743 0.3206069606240042 0
0.1324141456864622 0.06498980034313173 0
0.2465894086658312 0.1373197414742004 0
0.2912248556769295 0.182819531022155 0
0.2547407937341302 0.2474098714782801 0
0.2516602933726529 0.2470383607387268 0
0.2584773107055876 0.2429033031774767 0
0.5456270095000921 0.3947377336116264 0
0.5354853454488809 0.3778818868378164 0
1.535444049380883 0.2466618693693305 0
1.56122209086867 0.2494225886912884 0
1.54724788881927 0.2701523592912216 0
0.05195012766982038 0.007820316707800394 0
0.04657835315259665 0.0179105226990146 0
0.04143077531532137 0.01009020599121421 0
0.5154015501348916 0.09972300548008951 0
0.5178228708089936 0.09135101431407947 0
0.5269731497088164 0.09515555302650978 0
0.1124694591294976 0.05392439308824722 0
0.1196134177832185 0.05416491571208105 0
0.248561659432976 0.09417327566996597 0
0.2439394417643625 0.09393174708757475 0
0.3374672310472357 0.229628246099628 0
0.3312630739195536 0.2286807381360127 0
0.3349877965507676 0.2243695423366657 0
0.2168687294848416 0.3211178364742135 0
0.220636661176053 0.3181906417122863 0
0.1857077743482204 0.07265317253851378 0
0.2498157036671974 0.1646500493800771 0
0.2503147628439934 0.1609444781950064 0
0.2563969199005613 0.1515620325320763 0
0.2531777036588472 0.1523963406343178 0
0.2096785785222546 0.4024891413428976 0
0.2009046800483213 0.4025431927591251 0
1.25983983912374 0.07554700665281798 0
1.251407525316278 0.05472139516227403 0
1.279297203979278 0.0579811641073392 0
0.2521146543675107 0.1549925055552832 0
0.2510296110807536 0.1577839233147983 0
0.1068499978302384 0.2657612289922134 0
0.1111155325996603 0.2679857427984479 0
0.06956301629561426 0.1742330587454103 0
0.1894249842561614 0.1194942150948767 0
0.1878457445141017 0.1221789568741909 0
0.3166632038407781 0.1223333577983231 0
0.0491719391679022 0.3642122534996692 0
0.05635700015232827 0.3574192160451565 0
0.05686638491790634 0.3671199508578427 0
0.008309707413550256 0.3057147348723929 0
0.1273515397161264 0.1875937623895615 0
0.1260557435061216 0.1904798810582982 0
0.08268458971767281 0.2751321341080816 0
0.08353746787331046 0.2817707760167036 0
0.2618756245581165 0.1838838750793109 0
0.2650484668083319 0.1842514829988152 0
2.143739567089556 0.05491664994975171 0
0.1962785928207676 0.07720840673824965 0
0.1970933996372896 0.07176861805353642 0
0.2427815538203735 0.2661704257339519 0
0.2954413639712279 0.2188115424836779 0
0.3249597217012252 0.319853317508736 0
0.3053375331604182 0.1210883140304465 0
0.1354726699232643 0.2520720683684775 0
0.1350836624643544 0.2489215985861916 0
0.1380062565690019 0.2502292328093644 0
0.2200408114793865 0.136234043076337 0
0.225779956794233 0.2709011829734957 0
2.113417134306173 0.2705796621339273 0
2.125329554274343 0.2949792420397327 0
0.6605707757003615 0.360222735015525 0
0.6574279710731136 0.3385467152168012 0
0.2119814996505496 0.2835419334057627 0
0.2143390403765448 0.2814555075843685 0
0.2446496167962849 0.2858853257320798 0
0.09917581415175072 0.1758774700148238 0
0.218366060257796 0.2856334852898212 0
0.2173445635810474 0.2824160048469102 0
0.2205835629316956 0.2834509783093923 0
0.2685433879279887 0.09503714727322042 0
0.2657476515094241 0.09935467042440281 0
0.2634161864385806 0.09484957672470236 0
0.2718641382982339 0.1423951073499843 0
0.3313514625530956 0.3004788105244798 0
0.3386369498039478 0.3013154057050868 0
0.2732151727235567 0.1041217875196361 0
0.2679408189217065 0.1038423433156815 0
0.460151947305712 0.07658981754331705 0
0.4501838566358771 0.08572746482471298 0
0.1120615507461227 0.2322394923050435 0
0.06077970914987803 0.2577794910402004 0
0.06701686831029938 0.2614689298039443 0
0.2544417473334138 0.05516197510698218 0
0.2481024535505035 0.05410474879647722 0
0.08347045749985985 0.1904837929094162 0
0.08126843809483886 0.1953386369118128 0
0.07898644073353901 0.1917346645710603 0
0.1767407169631948 0.1202466708175238 0
0.1753068037623117 0.1230493379989983 0
0.1196154769003172 0.1161589395512625 0
0.2695495686068454 0.1682681643721504 0
0.2701884704246175 0.171313786126817 0
0.2346708507294346 0.1370908275010917 0
0.07933261396792653 0.1111055736425332 0
0.1596643289788781 0.1366514961717368 0
1.046611947987934 0.1166253786680682 0
0.1019797830047109 0.3838545844103099 0
0.06420498164150099 0.2900792840997877 0
0.2392995770783244 0.09381000404585477 0
0.2347417895291504 0.09357107522135813 0
0.2338826841289377 0.3174984118498652 0
0.2329065679844442 0.3128275495691519 0
0.2375733034171053 0.3140430421572134 0
0.2783374214395999 0.2393294936768846 0
0.1382904766599103 0.1448336839698851 0
0.1395404525160674 0.1477674981800569 0
0.1868922639630415 0.07962668410693223 0
0.1883401084400771 0.07601844157146793 0
0.1922375447771311 0.07797264164514302 0
1.797967825915701 0.2850715382552482 0
1.810290533413241 0.3064629766446077 0
0.2948588231168513 0.1196410988130204 0
0.3219758519109351 0.06603274491996254 0
0.1609021984126129 0.2672283546878867 0
0.257414866898525 0.3056149546099844 0
0.2606403225660492 0.3021799507621419 0
1.633664213243361 0.07275158094020315 0
1.616047187401433 0.07963765993856313 0
0.1880789294738242 0.290951123550866 0
0.1848144403296936 0.2895580381101948 0
0.09407203141639903 0.3272836040755749 0
0.265311027342398 0.2364323454753223 0
0.2677303825085786 0.2339855525249167 0
0.1346300682245465 0.1501458127709434 0
0.1378160884781119 0.150646493996458 0
0.1359894397832786 0.1532679955687796 0
0.00716139168622142 0.1737460459929353 0
0.01411207460776343 0.1777326175885925 0
0.006950682921542014 0.1819061500112128 0
0.3539975364437091 0.1871485474269972 0
0.3476822197024738 0.1858859446851795 0
0.3524122452562481 0.1806995224257511 0
0.1035199050067585 0.1827105097006606 0
0.03502227826050244 0.2578107039302254 0
0.02728624111430961 0.2555370703128579 0
0.1215618454975025 0.2992000136654575 0
0.1262768380098647 0.3010430907777983 0
0.2891433491390097 0.2401666514895017 0
0.2851395135312687 0.2404319910991377 0
0.2876389105539263 0.23685985524856 0
0.1229828796021644 0.2858919865662092 0
1.559287178013324 0.2977791812698831 0
1.586551057374072 0.2957222612888266 0
0.2466701111284021 0.2982519565422086 0
0.2428119664504276 0.2968940029856235 0
0.2465882016882979 0.2940028258812451 0
0.3302140697284598 0.2177328577866772 0
0.3340249282071796 0.2199601274051811 0
0.6248822362434081 0.01924303917699294 0
0.4439228381902824 0.2763290497851222 0
0.436251427746682 0.2751031336646649 0
0.08684334939231184 0.08340687713699302 0
0.08358628374501369 0.08907098506397755 0
1.054136891559798 0.04504734810330321 0
1.068078762676715 0.06737007608343859 0
1.249598093384293 0.03388856998405691 0
0.1721849322327669 0.2615751596284679 0
0.2404671827123784 0.126272676413634 0
0.2372640694914931 0.1262483899949531 0
0.1169848227571387 0.227163191475472 0
0.1177245194873724 0.2311533250443003 0
0.1147924825861312 0.230076998384335 0
0.2729962248502364 0.232563256191136 0
0.2761200455867101 0.2332036866594916 0
0.1349639659824095 0.03218463862654981 0
0.129360345282466 0.03713834282052455 0
0.2416404909578741 0.05407808690895065 0
0.2351912303579798 0.05381267731884717 0
0.2316865962107725 0.3795376526672498 0
0.2370886017450287 0.3737667641886404 0
0.7086610133854403 0.2902814264492335 0
0.704707819276694 0.29758286528675 0
0.698567672473502 0.2940465968350517 0
0.6781131898703605 0.2924198430917004 0
0.6906758318589934 0.293827076303338 0
0.6820518363761228 0.2999408024609306 0
0.1380953683726343 0.06426294698900585 0
0.423839174059241 0.01073202423400904 0
0.417813304020389 0.02062786320542239 0
0.258197206693461 0.3732113004674522 0
0.2654228308439104 0.3705211219380702 0
0.1031399764260676 0.1621225824880723 0
0.05140565758355095 0.2839331953114949 0
0.05082804565871616 0.2769494937281942 0
0.1831169084626232 0.1198308242305723 0
0.1847099108845202 0.1223864549691861 0
0.2374196468407712 0.2838616553675542 0
0.2261001052111365 0.1105327408879257 0
0.06224076662843295 0.1211101855217052 0
0.06880861582925971 0.1213936925198997 0
0.06570590480645486 0.126826287478174 0
1.688003800179629 0.3003904151068854 0
1.698745060346471 0.2787883100731128 0
1.712208936023356 0.3014972681476542 0
0.1277451909163562 0.093895990205834 0
0.1253480171933999 0.09859098538818613 0
0.2399851239920815 0.1466312153233517 0
0.09407712231856678 0.00800065884887464 0
0.08357659387521024 0.007920204738441424 0
0.4508321047652138 0.0108912335549767 0
0.4441740580142809 0.02162325778898574 0
0.4373319270968621 0.01073202423400904 0
0.2549807089942659 0.2748184346585189 0
0.2573648005369457 0.272200368851684 0
0.2681210370507044 0.05416146570046982 0
0.261171271493816 0.05503424414757783 0
0.1062693122776919 0.1123471849636237 0
0.1037448304959371 0.1168393519620053 0
0.2634507920150039 0.1645010942313265 0
0.2645686725101574 0.1672611425922417 0
0.2622010754780378 0.1669260180441505 0
0.3068484197954963 0.07529420728616008 0
0.3107220883307127 0.08233869170733112 0
0.2627580990613276 0.006388336008002917 0
0.2997368026094731 0.1993695069006116 0
0.117137138838361 0.4016562054075475 0
0.2302291216409555 0.09343656138318644 0
0.2257150040452776 0.09321714856289433 0
0.1738767479279502 0.4027103656388922 0
0.1674706171016253 0.006778659977761493 0
0.2570326967120345 0.1140187897962875 0
0.1225393467135559 0.008311028204095058 0
0.1131838248723893 0.008311028204095058 0
0.2296580718489897 0.114474284085325 0
0.2147451365492667 0.2733441623023953 0
0.3500180481164218 0.1746953522031182 0
0.347654029642075 0.1690435955968675 0
0.3038538494845225 0.4028266435540523 0
0.3141607041316057 0.4028266435540523 0
0.3615091236665552 0.2635626811275458 0
0.3576902133155306 0.2701838927675583 0
0.2505544069940693 0.3128223627311481 0
0.2540069718983594 0.3092519484185799 0
0.3244819695604194 0.3007219681083965 0
0.1310673051364084 0.3028281277082162 0
0.1357641772024886 0.3046792069361655 0
0.3297095628006337 0.3342498407388712 0
0.3304754440645534 0.3432844246810693 0
0.3230905857722347 0.3414339253547962 0
0.1925697464500489 0.01909356273727905 0
0.2946187607894023 0.2050149649668772 0
0.1990193328315415 0.3196108266131086 0
0.3076787328619286 0.009003723504501531 0
0.3765618858704872 0.2076557159146905 0
0.3738862799396458 0.2011793304630543 0
0.3809376486589242 0.2021982259505305 0
0.057753371468981 0.1853208031313822 0
0.14510773302625 0.333445243555309 0
0.2499173639145612 0.1061011423156179 0
0.1403099027026308 0.2483110219057512 0
0.5482693117948486 0.3639270438974433 0
0.2831679059033309 0.2086449249358562 0
0.2799800968964015 0.2080086047005984 0
0.2751556714324702 0.2789131765843632 0
0.3602760807907707 0.1995664921649945 0
0.3567945700299653 0.1931862051521763 0
0.05498002876113054 0.4008338254566202 0
0.06603842280448538 0.4008338254566202 0
0.07976695823782598 0.09524273988332117 0
0.07718858056992126 0.1008078389776805 0
0.4182759552352991 0.3013770579403861 0
0.4262036735674877 0.3022273666772345 0
0.2616660443721074 0.1355645096122787 0
0.1832824989996679 0.3668509794547799 0
0.1783107742304101 0.364372422351376 0
0.1844695461143444 0.3606379396429855 0
0.1117012796280876 0.2954056285611 0
0.1166224892515247 0.2973592109693786 0
0.2778399781141973 0.1393369518646571 0
0.2816526871644995 0.1396569782605945 0
0.1815714320826418 0.2880881773910276 0
0.1783882835973196 0.2867972760133941 0
0.06266513450078173 0.007820316707800394 0
0.5147053917215687 0.3240744705832443 0
0.5271361722394575 0.3159735963428302 0
0.1275541574572325 0.1715844001711036 0
0.128995449709317 0.1743727942660789 0
0.2745350549690546 0.4008463976934557 0
0.1243525154288503 0.1769065464371805 0
0.1274244205996293 0.1769289916939056 0
0.1258338559963966 0.1796074337807029 0
0.1328375171316291 0.1826173007657317 0
0.1297295570430357 0.1820341688008082 0
0.2899428523015418 0.1686286508340441 0
0.0704037360773595 0.1938693984909849 0
0.009631885044601258 0.3560617787853604 0
0.01845346377496856 0.3614928401540905 0
0.008821578730367308 0.3680372347478171 0
0.2702407306350008 0.2320522766326656 0
0.2723020101805224 0.2297662050429627 0
0.1294606190226972 0.1073855316339544 0
0.126161683797593 0.1114098848405338 0
0.2075266330353107 0.2914183911839353 0
0.278010172431133 0.2106279385340896 0
0.2769774002442742 0.2076464931140786 0
0.3206287437637418 0.1685887904983392 0
0.2288561501890982 0.05375872273966886 0
0.2227289672322657 0.05362837356115565 0
0.2447623172141257 0.2685758203102761 0
0.5206058796776234 0.1141944474401271 0
0.5235266659174481 0.12095603386102 0
0.531101363607257 0.1219794256747638 0
0.5261775826613356 0.1279916365859426 0
0.1522429554325072 0.269964466745362 0
0.1548572311970999 0.2682239005636286 0
0.0878637637946485 0.3328189870241057 0
0.09526835202274983 0.334456953255249 0
0.2901877496704767 0.1517184548064316 0
0.2916687000545826 0.1555277753732248 0
0.1365589396158112 0.1718990410660079 0
0.07407266499405535 0.2690965082441583 0
0.3744992540976836 0.008929617583618465 0
0.2913222853397271 0.1723775622789909 0
0.1659354461721345 0.1068070985939837 0
0.1631381210858246 0.1097282070400954 0
0.1012634121890254 0.1214239505678752 0
0.09874411526664215 0.1259252001024146 0
1.503426049757639 0.3840832344800755 0
1.521077732428829 0.3923644016042815 0
0.111564865216906 0.103006774386024 0
0.1088312644118873 0.1076312340613642 0
0.1739556746379894 0.1257355450751169 0
0.1721868347617423 0.1231759038605868 0
0.2466616094872004 0.1092732559963392 0
0.24359223905544 0.1317909883944922 0
0.2421179520828717 0.1344293769793505 0
0.2739453018631857 0.1395216710817594 0
0.2762627994660504 0.1361422406334027 0
0.2212919930399261 0.09307464125219031 0
0.2169664114540127 0.09285284606994069 0
0.2091615045386284 0.01942817783729521 0
0.3119093295056636 0.2022131536038409 0
0.3090275489221278 0.2050738353780084 0
0.3077610916887311 0.2011118517076082 0
0.1193640457668825 0.3571404553828517 0
0.1263396087446692 0.3595000649147362 0
0.007314093183833845 0.2507793138725825 0
0.007314093183833845 0.2596024832491762 0
0.025198586471554 0.09294554441798344 0
0.143117970929298 0.2348370059429526 0
0.1333914572943638 0.260708336727242 0
0.007853918712824474 0.120591426142402 0
0.07621359262683919 0.08982617307246983 0
0.006972316253389014 0.2071730964070976 0
0.3452276024395149 0.1632348946175002 0
0.3428600927485694 0.1575144592882789 0
0.1403681095776922 0.306357317060148 0
0.1449858647780155 0.3081694992906259 0
0.370245194002351 0.3561827343629393 0
0.3742841237564765 0.3648241408233577 0
0.3639237592354283 0.3641675119828792 0
0.008084964680626704 0.09266489976932339 0
0.3088972506034273 0.265012031775005 0
0.3034836900539625 0.2649034986957022 0
0.1110624238389217 0.1765620091760491 0
0.2547766978015054 0.142699529384078 0
0.259711115068042 0.2694565678362156 0
0.2620759934517956 0.2668149220726548 0
0.2340977223456061 0.1262324029838526 0
0.2310412484368081 0.1261996211187363 0
0.1212035057334538 0.176817725952348 0
0.1227940703366865 0.1741392838655507 0
0.462999111593176 0.3977055370713255 0
0.008309707413550256 0.3155087653601583 0
0.2482257344665156 0.3797166251280467 0
0.3669160731606023 0.2003371305225707 0
0.3712918359490393 0.1948796405584107 0
0.1328233066952506 0.2540194387339788 0
0.5607120785174509 0.09776187352013421 0
0.5682125115124245 0.08934784726711664 0
0.4653343623771387 0.0108912335549767 0
0.1752334430813346 0.2853958184330023 0
0.172082026947222 0.2840657377239459 0
0.2126049423940192 0.28683108031847 0
0.2586955607978213 0.1830868547194621 0
0.7902569171248803 0.02038525692460889 0
0.8013439165986588 0.04536835261375567 0
0.0086121200907157 0.05287228388979478 0
0.1694663850353802 0.1351495148391855 0
0.2019720272160583 0.2774655997656691 0
0.2045553570040352 0.2754724601071806 0
1.725432041428627 0.3237305946129959 0
1.736173301595469 0.3021284895792233 0
0.2517817340851248 0.1292095939816988 0
0.247182873980169 0.2695419385958787 0
0.6829404038100562 0.1023030504779592 0
0.6872148592119869 0.09618176127616052 0
0.6951868331302438 0.09974121163446216 0
0.7013301070173027 0.1006133785500448 0
0.7080643497526253 0.09942758663339853 0
0.7099331682377537 0.1064210427507798 0
0.2666318047071523 0.0815833342578874 0
0.2636930078091279 0.07673523642286727 0
0.1431195728436536 0.2849229504018451 0
0.1401636375322359 0.286812315445457 0
0.1391435462085187 0.2829523258151651 0
0.03009043302740595 0.01009020599121421 0
0.1735817540612657 0.3670451940345001 0
0.1747688011759422 0.3608321542227056 0
0.2331042737970041 0.267757259263126 0
0.2362627576889341 0.2684818200080004 0
0.2165094887386478 0.05347211918101779 0
0.2102749701179407 0.05339214798125806 0
0.1049313088957291 0.3522833011572599 0
0.1121033537359467 0.3548554942785807 0
0.007167779993273268 0.2149168012317279 0
0.007167779993273268 0.2234456878318756 0
0.2600347213512336 0.1663264454573067 0
0.2611526018463871 0.1690864938182219 0
0.07274972123910833 0.08343461843906101 0
0.06893039573192063 0.08960637325840463 0
0.2431564557076785 0.1089000625486522 0
0.2384976803814436 0.1090688882580125 0
0.2455319597196026 0.289824863415153 0
0.2418477140870057 0.2887053346415869 0
0.726572513470944 0.1066976042062722 0
0.7213566831094422 0.09478169124355766 0
0.7312617856073099 0.09624404461569629 0
0.09629746141154248 0.1304433995236627 0
0.09380541043654238 0.1349077714282948 0
0.1525926369865479 0.1021008426185982 0
0.1504940906157203 0.09831339818173922 0
0.2760143028380949 0.09997084322765422 0
1.533509136525537 0.2950184619479252 0
1.574504451145263 0.2276842208694761 0
1.586308290583649 0.2511747107913672 0
0.2450504231787397 0.139879981892425 0
0.2435886511620847 0.1371338365557622 0
0.5641135595964989 0.3947377336116264 0
0.175767561417183 0.1280920282976213 0
0.1726475924166136 0.1282185941592097 0
0.1008270806007027 0.2030489652196641 0
0.1334827999876562 0.361803200032697 0
0.1403121054867458 0.363979864004092 0
0.2758125933070625 0.2708680369457558 0
0.2735003400313903 0.2733309448085113 0
0.2723197920457506 0.2690882297748389 0
0.2126228438944909 0.09283904926286642 0
0.2083100910842474 0.09267251632739981 0
0.286456018786112 0.2094287268095139 0
0.2843009819660415 0.2117738519942672 0
0.3813746556533847 0.2410642675572604 0
0.3767367282872156 0.246170154069567 0
0.5084366206402762 0.08262604076921667 0
0.497060152038599 0.07576896271292864 0
0.1348149595318016 0.2457988454275825 0
0.1343175635899439 0.2427481522315663 0
0.1371198531682343 0.2440280698310623 0
0.5445048565538786 0.01514432061304465 0
0.2736799654162353 0.3005700967845183 0
0.2764757584649097 0.2962085665834441 0
0.2930047370118048 0.1593928652441625 0
0.2945450376927055 0.1630697310891328 0
0.2277202742919331 0.2973430850027673 0
0.2318742253590692 0.2980223023725874 0
0.1408998240747995 0.1508896809778931 0
0.1678023054703915 0.3909419697571393 0
0.2452502309572755 0.1290704635550605 0
0.1862653085137004 0.1249074082328118 0
0.1400087304778188 0.2451548371948919 0
0.1427013840703576 0.2463870960735646 0
0.1944478412217514 0.1270350587673885 0
0.3602945436921893 0.2772132780762892 0
0.3530028791583029 0.2759142341425866 0
0.1841055085367588 0.09518381526371114 0
0.1816604335142483 0.0985354752840709 0
0.1588322284095875 0.1120477714859145 0
0.1552255175145375 0.111824693267104 0
0.1566783694606151 0.1088411718742602 0
1.548054514648563 0.07285950071586819 0
1.540838824524785 0.04605554921946051 0
0.1478783439122157 0.1251485666761362 0
0.1464227079477438 0.1219352127064598 0
0.1498401013882482 0.1223728925141597 0
0.1492967332483656 0.3099662839440763 0
0.1538368761838785 0.3117546682035019 0
0.1183306011297058 0.1962383214467573 0
0.1164405285459501 0.1932240448745853 0
0.3404728839039326 0.1517609606254355 0
0.3381614284857956 0.1459296183117398 0
0.1121001979653341 0.1960501592723474 0
0.2644067888498078 0.2641554250436215 0
0.2667741537207508 0.2615021472447592 0
0.3106921178812594 0.1698584261201813 0
0.3092106153671413 0.1650088911862947 0
0.3129437516225324 0.1661654358744415 0
0.0868741657714252 0.2837064132442459 0
0.09248679894486078 0.2871277530906446 0
0.08684594552721778 0.1654111221108763 0
0.08418843908993803 0.1613280849190546 0
0.2736658469535609 0.2072260657518614 0
0.2756357714188292 0.2046067319183702 0
0.1689501871255312 0.282718843505315 0
0.1657987458941472 0.2813245957953776 0
0.1229097519947829 0.04855066225222437 0
0.2287344411557303 0.2720547241381371 0
0.2244300812797049 0.3149847336214029 0
0.2254225285926247 0.319488827352687 0
0.6465142814703773 0.01924303917699294 0
0.2974498458832183 0.2861658020268896 0
0.3007915652684674 0.282134664870369 0
0.6686721625078215 0.3902913480689212 0
0.6923942067129459 0.3902913480689212 0
0.1171853221481831 0.2570624431817464 0
0.1178313237554476 0.2622823460970338 0
0.1869595305884942 0.2690543912671474 0
0.1841614403012446 0.270891027141601 0
0.6909207518963787 0.01955728319378294 0
0.6673577635910575 0.01955728319378294 0
0.2036269919187175 0.2724759926780908 0
0.2008447583034524 0.272348957815303 0
0.2029950366947616 0.2702150882156559 0
0.3861555687976043 0.2353905079671403 0
0.3888347938819369 0.242429475795743 0
0.8354936150311318 0.0814172953648075 0
0.08997436243906798 0.1691466625879181 0
0.08488252146975664 0.169365378738068 0
0.1544422854195619 0.2657851058641891 0
0.157587547971778 0.2669012201608529 0
0.1382309713510262 0.09400416545607845 0
0.141287774592969 0.09831147262099382 0
1.648641238877987 0.06067130478589678 0
1.646447852320232 0.08655583100305586 0
0.241347789391187 0.2551116409531776 0
0.4351272149569287 0.3017808514123233 0
0.4373492516107292 0.2945497881468071 0
0.4418012981953213 0.3014927161330299 0
0.3267050791928161 0.02751776589850112 0
0.008821578730367308 0.3795147790532814 0
0.204135018241868 0.05328602165549431 0
0.1979348189654486 0.05313580352102449 0
0.132281372886064 0.2476416809866956 0
0.12724415229991 0.1822587604336566 0
0.4574447897804178 0.096662184740389 0
0.4486974698687149 0.1019237586866198 0
0.4501573898448256 0.09430247067334936 0
0.3827554474122815 0.3008887187244615 0
0.3839158943713333 0.3078169324063859 0
0.3765225827525678 0.3065563994604429 0
0.05768503045617805 0.3747987202375182 0
0.06487009144060413 0.3680056827830055 0
0.1549312523580289 0.06328864771165851 0
0.2382861215141527 0.2871278991950789 0
0.2391684644374704 0.291067436878152 0
0.09137751045401185 0.1394070575598582 0
0.08892442283868343 0.1438667874029584 0
1.091450880810667 0.02222532763286712 0
1.066531304853425 0.02222532763286712 0
0.2474261070606576 0.1533291208815413 0
0.5965577792851626 0.08001598769112883 0
0.576841196333538 0.07447884689940458 0
0.2040040774051245 0.09253303779324752 0
0.1996502783605093 0.09238294091578593 0
0.2942056865885816 0.4027557007680413 0
0.2991553690626704 0.3955823443220938 0
0.4125260749367813 0.3347027950385615 0
0.40402906955639 0.342225966373059 0
0.2959170818876038 0.1668346884115624 0
0.2972965149257891 0.1705835998565092 0
0.2935393521278833 0.1698091135260096 0
0.3697358813057555 0.2657597241692215 0
0.3662631271228937 0.2578394685955064 0
0.2821261134475606 0.214300588450236 0
0.2239698467003273 0.2836876526123026 0
0.2905662832192088 0.294376001744753 0
0.2940508405860772 0.290315020330487 0
0.1244769845931385 0.1714833853960669 0
0.1260880620182881 0.1688396812167872 0
0.2676635400732834 0.1624453761188168 0
0.2647173614579382 0.1619787459510316 0
0.2611379979820493 0.09039514530074312 0
1.041305092668132 0.02282202047043609 0
0.2690051862973383 0.2589033950838429 0
0.2712996841237064 0.2563104990881145 0
0.1584446177478891 0.3136476512833404 0
0.163023638031092 0.315443538454112 0
1.748354025078457 0.2817633706631791 0
0.335768827423377 0.1401930420375478 0
0.3334080444735969 0.1344413312184513 0
0.09020324908359234 0.2585413741697608 0
0.08500846454494146 0.2578962837202152 0
0.2788077614599959 0.1968180430493452 0
0.2757902921357628 0.1963733668848875 0
0.2776310627316269 0.1939433927765446 0
0.1137232732474057 0.2477480715605874 0
0.1151357648999454 0.2519262851367995 0
0.2439569031213956 0.3736592948712491 0
0.25205796761188 0.3731301721181431 0
0.1626776601035194 0.2799757966816032 0
0.1595164163830749 0.2786604168971289 0
0.2172031730434729 0.1236857725273387 0
0.2187730698184257 0.1265215946253777 0
0.2156726644536964 0.1265432409698516 0
0.1796226912590557 0.3001646296165933 0
0.17590407500046 0.3012600291316364 0
0.1755037494028414 0.2981458733786572 0
0.2279672485188036 0.1262418150380226 0
0.2265702721507999 0.1287930477427218 0
0.2249998534672663 0.1261406186968919 0
0.1480276209687089 0.09422478034468697 0
0.1457715452502197 0.0981534624871593 0
0.1910530551623099 0.07099913007672456 0
0.304190524455945 0.2779964584088094 0
0.3074742446156407 0.2740269311449138 0
1.187662901528276 0.3285145677118814 0
1.196399104414743 0.3501042308505882 0
1.171997891895073 0.3489800975232295 0
0.2622650627531589 0.1562906876682936 0
0.2694799912009897 0.2194109258322601 0
0.1723753896613411 0.2638908584725346 0
0.1567717055285432 0.2579126642877971 0
0.1287783082628544 0.2117432379988528 0
0.1595791010090813 0.1429097815501768 0
0.1595217947260167 0.1398411026732824 0
0.1286783787570145 0.2371870318492827 0
0.128377923801117 0.2342978450002605 0
0.1311005055573258 0.2355359709419411 0
0.1240810127300103 0.1146914617933213 0
0.1219318404276044 0.119468218304671 0
0.1044369858838213 0.2146543418721805 0
0.1041802158360997 0.2116904398489615 0
0.1074125441037865 0.2138299989635449 0
0.08199080431609646 0.2172415375214176 0
0.08200907686308329 0.21206461822074 0
0.08613128229120089 0.2141282754814641 0
0.06208234709371314 0.1322977739539288 0
0.3718204424159258 0.09905421772400572 0
0.380603959216617 0.1003164830249559 0
0.4993883842847611 0.06082975325929293 0
0.0733976266142625 0.007920204738441424 0
0.0678301976205764 0.01574052144624182 0
0.3863665348944417 0.116044561034995 0
0.3805657801767417 0.1220323879819794 0
0.2818253085396148 0.1972729374596279 0
0.2512320522006597 0.0901266486740538 0
0.1993018237018564 0.2762450680954727 0
0.1963671039890799 0.2751823380953744 0
0.1985419938146318 0.2735471322776397 0
0.03034127393903811 0.1568474414630712 0
0.1325519948202983 0.186061844163843 0
0.2639230555276215 0.2985864806536623 0
0.2617787678809418 0.2941854741672563 0
0.2421792172244637 0.3151571423647445 0
0.2357111768171661 0.1235209851647207 0
0.8433781899712693 0.2541309333012443 0
0.8385489459816122 0.2599123361919083 0
0.8359747723013506 0.2528451919361343 0
0.385003739635865 0.3237952432314979 0
0.1314379156928475 0.1499646367672606 0
0.1332645643876808 0.1473431351949391 0
0.1545927231416392 0.1145805852474478 0
0.1524388641926668 0.1113739856357935 0
0.2185561789045295 0.1211353877915759 0
0.2154557735398001 0.1211570341360498 0
0.2124894225987475 0.1212570153200181 0
0.2110595801584483 0.1237346527858584 0
0.2094462350784523 0.1212842492340638 0
1.304575631875826 0.05908998148747938 0
1.313076570147488 0.08059469568803386 0
0.07462328090445366 0.1743338906742297 0
0.4107180931412349 0.1142680399681223 0
0.4034411252737392 0.1131076495509687 0
0.4077221402501825 0.107286612186457 0
0.19178627403056 0.05318610430880422 0
0.1857555028448741 0.0531188891948538 0
0.2041934537858271 0.2680915841987931 0
0.2014112201705621 0.2679645493360053 0
0.483596202427969 0.1205214393982243 0
0.4873504228968552 0.1139644740535208 0
0.8138159406246098 0.2491228537469442 0
0.8090272585568384 0.2549567836240862 0
0.8064327169358532 0.247873009725912 0
0.2352074179548929 0.2985201517910921 0
0.2400149181269986 0.2983611306266983 0
0.7986169118969819 0.2266629728222002 0
0.8012209834591035 0.2337253882494607 0
0.7938259666669838 0.2324850694590908 0
0.2568172268634969 0.1196536683100889 0
0.2553059944500186 0.1233651834544442 0
0.2533037370909613 0.1198610032840201 0
0.122515258206051 0.2755303031672525 0
0.0864303579955075 0.1482863430361899 0
0.08397943838067638 0.1527382598193409 0
0.1306015627644767 0.1662763710898089 0
0.1334080329105801 0.166437075512188 0
0.05469574953264282 0.0891514797478556 0
0.05285701523407176 0.09723750967011204 0
0.828192278636114 0.23166277677595 0
0.8307888410286159 0.2387475046281528 0
0.823394891595574 0.2374924919991863 0
0.3043349484927707 0.1337922792551595 0
1.14779755618763 0.3479087156971752 0
1.138320394419755 0.3259504848922556 0
0.1886448438890187 0.2946390825991252 0
0.2399330086868944 0.2941119999657348 0
0.1953803488180723 0.09209339626915632 0
0.1909378360686107 0.09184560782341926 0
0.2790405116541289 0.2134740928045016 0
0.1277272772927508 0.1662209421366555 0
0.1291636051748454 0.1635566172346405 0
0.783829071542768 0.2241451000701317 0
0.7864309155679537 0.2312321092881524 0
0.7790380920058597 0.2299545553264537 0
0.1215341779713864 0.3318003160979172 0
0.7890349871300755 0.2382945247154129 0
0.2985710777765665 0.1743720560545165 0
0.2997109783694856 0.1781797037383754 0
0.3397387582537401 0.3224117449593024 0
0.3445098238417533 0.3162734295322726 0
0.8576757734691589 0.2365929362867532 0
0.8601311129232927 0.2435622142864986 0
0.8528402659723004 0.2423973540259307 0
0.05602807268633143 0.120669142047977 0
0.05913078370913627 0.1152365470897027 0
0.2670361678388646 0.2311885013767434 0
0.2500035093576664 0.2499572554942731 0
0.1728399420329308 0.1149502801466345 0
0.170783747971103 0.1121636231769826 0
0.1279847869981087 0.1553499970636229 0
0.1297021270181376 0.1526781214371178 0
0.1310860795096844 0.1554391899697701 0
1.48824311378296 0.3954340480679003 0
1.489690126381396 0.3695172825479759 0
0.7694597588082954 0.2415710680383774 0
0.7646639336077281 0.2473888254449237 0
0.7620584988573919 0.2403045987415345 0
0.1395113345359611 0.2421041439988756 0
0.1162940014045909 0.07848950833997155 0
0.111792547672857 0.083657024423514 0
0.04199461139673381 0.056955313429494 0
0.04735087621418241 0.06490266561231647 0
0.03946589437556468 0.06470956046980432 0
0.2735520728776112 0.253937697583842 0
0.2758601746963923 0.2513397117593215 0
0.4120608640903768 0.2860982203942726 0
0.4167678949855422 0.2799084675135782 0
0.4140002651261133 0.2732004137347027 0
0.4214661636388614 0.2740497464121393 0
0.5289971560510123 0.1348490676048475 0
0.5214224583612035 0.1338256757911037 0
0.8480498108587211 0.2482152105355732 0
0.8506239845389827 0.2552823547913472 0
0.1179453317133468 0.1768241969710955 0
0.9177270378114294 0.02288448994003391 0
0.6320927656735429 0.2445322289913112 0
0.6369117772049039 0.2387343389131169 0
0.6395116554817002 0.245769646264934 0
0.1679254471100596 0.3171623048465332 0
0.1725016900153525 0.3188643964133522 0
0.184830946327043 0.1275042658403319 0
0.2756949006623352 0.2183294473857601 0
0.2725137826464136 0.218153917000254 0
0.7229465553707141 0.2467202255109338 0
0.7303270363513615 0.2480136042971462 0
0.7255438947103543 0.2538162798410944 0
0.2746456044961239 0.2017171608569205 0
0.1563924153863671 0.2773064334726773 0
0.1532407994980609 0.2760705591419184 0
0.3310910605424036 0.1286682362269646 0
0.3287521236528044 0.1232663083030761 0
0.7542428149813778 0.2190869072490782 0
0.7568217615848364 0.2262005004819458 0
0.749427376789132 0.2249403525674079 0
0.1253584217701053 0.1212367974505763 0
0.1208928859404122 0.1227042752085175 0
0.7206106036800014 0.2792859006097035 0
0.7182836797427574 0.2721241305430477 0
0.7254783061489272 0.2737358967649039 0
0.2603108508847405 0.28992237850492 0
0.09011136629995861 0.2214244388413005 0
0.08985335443517944 0.2171191634684369 0
0.5367695888931705 0.1558613957407327 0
0.5341694632277431 0.1488731587232963 0
0.5415796357814262 0.1500344202134828 0
0.2843005744603723 0.4027557007680413 0
0.04446303704172918 0.2736567714467571 0
0.05040467252424086 0.2697887908118113 0
0.6620175489383896 0.2693877035514925 0
0.6594273820110704 0.2623200935638152 0
0.6668186769232709 0.2635638497554512 0
0.7107527195101695 0.2512444525401958 0
0.7132878947707733 0.2582303817652877 0
0.7058772005512359 0.2569519332506015 0
0.3107979658583196 0.2698570261639395 0
0.3141428837961263 0.2656851500155467 0
0.8930095063582245 0.02318168551257736 0
0.906554493951243 0.04606617545261126 0
0.2023471560833097 0.1313530601482146 0
0.2023206445099333 0.1287066377729639 0
0.69850479767727 0.2557126339494936 0
0.7010399729378738 0.2626985631745855 0
0.2294708297532746 0.1235471920729065 0
0.6911179411386704 0.2544440582373976 0
0.6959551687520326 0.2486974283134137 0
0.1317068152333673 0.2414720428095249 0
0.1340117088697999 0.2397012672130047 0
0.2064155618606402 0.1214219018102246 0
0.2049849780242025 0.1238646251937536 0
0.2033841472466895 0.1215246403040742 0
0.1196515818922354 0.09844351812420608 0
0.2609141173644604 0.158977029006516 0
0.2595628462488663 0.156146443552164 0
0.2474812551545725 0.266292293869946 0
0.2417601666083278 0.08987331727842134 0
0.1350412672074968 0.1446489962329903 0
0.1368750269480274 0.1419583690042535 0
0.8455944714045872 0.2412459325358278 0
0.4724592779562478 0.3458675615502661 0
0.4593938587398597 0.3422270176244453 0
0.1845714648893575 0.1169895076429953 0
0.1813980264670593 0.1171623282630024 0
0.6364428878957773 0.2188745135650589 0
0.6412036603150789 0.2130736713094251 0
0.6438424464855766 0.2201384619284034 0
0.2581817139164743 0.04846692371031331 0
0.04354592664085259 0.2065539426665967 0
0.0439297124635603 0.2006653858827223 0
0.04921816482345379 0.2040544983984957 0
0.08470606806777542 0.204994664335805 0
0.08689915713644378 0.2009001117306542 0
0.2302952873698604 0.2671426578056164 0
0.2324219257230308 0.2649243308173565 0
0.2560474329546764 0.2784495829522534 0
0.7546344985247075 0.2390881509741781 0
0.759430323725275 0.2332703935676319 0
1.094555930509393 0.0676282325039342 0
1.083271589441017 0.09054765332163854 0
0.6741758995765204 0.2647803345485729 0
0.6715857326492012 0.2577127245608957 0
0.2067056353953443 0.2733385905075335 0
0.2249082821140619 0.1311737075626381 0
0.339544978880474 0.3442418040435236 0
0.3329260018520749 0.3514258886594487 0
0.2083038303750998 0.2942750268171182 0
0.8285684911498846 0.2516019073390937 0
0.8333977351395419 0.2458205044484296 0
0.6767138182617879 0.2716700835361832 0
0.6814808739877182 0.2658189583416278 0
0.1338340038446913 0.1554820374358372 0
0.2219532277537324 0.1261779887922279 0
0.2204227191639559 0.1290354572347408 0
0.02160895076054769 0.1743656363914521 0
0.02139824199586828 0.1825257404097295 0
0.7351172964048376 0.2422324231691408 0
0.7325037880323253 0.235164058039023 0
0.7398913874254416 0.2364789312411782 0
0.7716452860193167 0.2286771937217107 0
0.7742471300445024 0.2357642029397314 0
0.7642457619175207 0.2274169482493022 0
0.1796027558186125 0.0530815379861403 0
0.1734207294289049 0.05304548822411608 0
0.7653373411676619 0.02038525692460889 0
0.7501302000993506 0.04242730485598597 0
0.7394574534068319 0.02204204793137708 0
0.8186064264958501 0.2433081498500796 0
0.8212009681168355 0.2503919237482538 0
0.7768525647948386 0.2428484296431205 0
0.6863052626831793 0.2601942366137475 0
0.6837556337579418 0.2531790309776675 0
0.1908942465273302 0.1167229098824553 0
0.1877596091560904 0.1168866983981439 0
0.6568435373243123 0.2552721344942613 0
0.6542583190652436 0.2482435582508921 0
0.6616432917368831 0.2494676635244047 0
0.007623232345032099 0.2677902814075638 0
0.7472556095952723 0.2378006210857857 0
0.74464210122276 0.230732255955668 0
0.4712015218941214 0.08562260369110085 0
0.6168501358597785 0.2221105223512838 0
0.6142216956599392 0.215052461843015 0
0.6216345057542713 0.2163373925858885 0
0.1038043698907565 0.00800065884887464 0
0.1149488794942412 0.1973438513674927 0
0.6172536600788819 0.2419982816494869 0
0.6124530369493932 0.2477899513676352 0
0.6098554526061304 0.2407418831299888 0
0.2587076941009755 0.3104073513621384 0
0.1867261576120541 0.09144127755682174 0
0.1823659165846254 0.09124576913693193 0
0.8381951221800819 0.2399907892251933 0
0.8160098641033483 0.2362234219978768 0
0.6072522968253055 0.2336649993553423 0
0.6024516736958168 0.2394566690734905 0
0.2764711752617058 0.1911134127544375 0
0.2794886445859389 0.1915580889188952 0
0.03046465502069345 0.3989944211483369 0
0.04214453243727972 0.3989944211483369 0
0.2405789665957802 0.1369896173975751 0
0.2463332781242694 0.142597867607995 0
0.2433325206205229 0.1424119626895568 0
0.2233502041217362 0.1236267560875288 0
0.1195771216180876 0.2251266423187927 0
0.1220208906768853 0.2231177740178486 0
0.1223606287171775 0.2262306498344933 0
0.295908696010748 0.3882048861433398 0
0.305556858906689 0.3882758289293508 0
0.3016175062637854 0.181716270426449 0
0.3030126690343278 0.1855074297470938 0
0.6290335238396951 0.2176025880201189 0
0.6316723100101929 0.2246673786390972 0
0.8086166638463631 0.2349711857306701 0
0.803825718616365 0.2407932823675607 0
0.3303375324260246 0.238444309414816 0
0.3286681056604928 0.2338214894757489 0
0.411042539365884 0.2464167773828685 0
0.4062181954180428 0.2521921566977733 0
0.4036142326048496 0.2451564307483276 0
0.7990370365485936 0.2466272122447027 0
0.3615245955837396 0.1879997828927479 0
0.4317970911913331 0.2809105150942779 0
0.4350177786283562 0.2879505767118208 0
0.278323283970957 0.2487335012630386 0
0.2806271040806588 0.246097549713183 0
0.5832607692924302 0.2624713338536968 0
0.5784912446669912 0.2681726329822841 0
0.575929554284429 0.2611779560501544 0
0.6888431813684468 0.2670839856013578 0
0.1989145634788053 0.1241836251993895 0
0.2008074138851224 0.1267767632793611 0
0.1977684139536759 0.1269930247911475 0
0.2003511057462257 0.1215392299557524 0
0.1973121058147793 0.1217554914675388 0
1.016746791577296 0.3880590938560115 0
1.041676111678886 0.3880590938560115 0
0.5030899461368878 0.03371014207504729 0
0.5055294956723202 0.02110058589264837 0
0.5733097153643301 0.2542314960655176 0
0.5685401907388912 0.2599327951941049 0
0.04356871122818097 0.02510294100996846 0
0.04559097801994446 0.03569284630311693 0
0.1173842715642916 0.3024329601241008 0
1.206758367367087 0.3702242628261138 0
0.7329393382887226 0.2750668126009356 0
0.7306124143514786 0.2679050425342798 0
0.7109141765428356 0.2708059984317704 0
0.7157818790117614 0.2652559945869707 0
0.2735039485546592 0.1906187206689847 0
0.2753615304089712 0.1882334168113354 0
0.6220744815661829 0.2362235675256673 0
0.6246720659094456 0.2432716357633137 0
0.2449902271634427 0.04856799278219109 0
0.5611545316565211 0.2587511969334415 0
0.5637743705766201 0.2656976569180783 0
0.1506548367313981 0.1054300869898306 0
0.1495493315567997 0.1099907983747992 0
0.7206573979706951 0.259548513876565 0
0.6342872807315107 0.2317181129117656 0
0.6417061705396681 0.2329555301853884 0
0.2330382235182177 0.2920367151007221 0
0.2294093546095262 0.2913375904908816 0
0.1772182267422062 0.3206005375349356 0
0.1819575352274465 0.3223495518013508 0
1.296143318068363 0.03826436999693542 0
0.1500800963875705 0.2747618681147967 0
0.1468929097932973 0.273384697334032 0
0.1495867556258574 0.2714439764429944 0
0.2704687716751437 0.1630260477841257 0
0.2686236206489837 0.1654168904447265 0
1.689334814014922 0.3880362772906332 0
0.5533087295264012 0.2376514282430534 0
0.5559191815182303 0.2447009118285421 0
0.5485255053690228 0.2434416706877717 0
0.2280231510823363 0.2688220450867446 0
0.5145848282973831 0.264056792725939 0
0.5193754870817349 0.2582841903544503 0
0.5219794993526123 0.2653176189707747 0
0.3962027978415824 0.2438437631344277 0
0.3914218846973628 0.2495175227245477 0
0.6420756043015061 0.2528077827819384 0
0.646894615832867 0.2470098927037442 0
0.7377146357444779 0.2493284774993014 0
0.9925832071028533 0.3875613699700724 0
0.652042409339431 0.2610959882903026 0
0.3835873210646613 0.2283946220818211 0
0.3910474592932135 0.2297598303203037 0
0.3183182743691493 0.181249744171786 0
0.3182994993269048 0.1761004315719117 0
0.7420631546193013 0.2236186627228004 0
0.1561101867132042 0.2608439683560336 0
0.1538321315301275 0.2588607044170672 0
0.1263572789929427 0.2135288491332011 0
0.1259527586098823 0.2105185920199541 0
0.6385757882350509 0.2060134389830455 0
0.6459753468248502 0.20727738734639 0
0.6507460338420876 0.2014789235516961 0
0.6533739059221156 0.2085391558780757 0
0.4010271417894237 0.2380683838195229 0
0.2928247015172931 0.1483550888074853 0
0.1561768256419225 0.3372495050851641 0
0.1072807470096721 0.1623623768055375 0
0.383057054256029 0.1291176109353529 0
0.3757897142847456 0.1270105224166126 0
0.3173382587177627 0.2613137741348743 0
0.3209550581381054 0.2568827105818163 0
0.5237302219623279 0.2326310349256332 0
0.5263370343312777 0.2396764388580081 0
0.5189404832509861 0.2384311569814689 0
0.4066491456772287 0.3153383102087752 0
0.3975266057134402 0.3125906859365248 0
0.4088422600672608 0.2592155322501162 0
0.4014139533062264 0.2579551856155753 0
0.6516943702454377 0.2412054217338876 0
0.6120467007505328 0.2278879025101254 0
0.6194595108448648 0.2291728332529989 0
0.6264050836398558 0.2105445275118502 0
1.713908628621393 0.3883668601697042 0
1.701829844665711 0.3664031374603375 0
0.1780046936010343 0.1173571348715951 0
0.1748019405239041 0.1176001608385395 0
0.511546286671546 0.2371710645310781 0
0.5141530990404958 0.244216468463453 0
0.1386546097868219 0.1392160058417915 0
0.1404660469301982 0.1364498183962971 0
0.03251035841751898 0.06408045132533952 0
0.5437432292295966 0.2492289592635034 0
0.5463493513287085 0.2562681985440149 0
0.5389566231974532 0.255006003534258 0
0.5950645583814386 0.2381508880970209 0
0.5976677141622635 0.2452277718716674 0
0.2653983220627135 0.3031768874450634 0
0.6002582555726259 0.2522861613060499 0
0.5928711402582477 0.2509803803295803 0
0.09638585778010614 0.3423586128013651 0
0.2326076340340949 0.08961706039852967 0
0.5854898388788767 0.2496993239083824 0
0.588080380289239 0.2567577133427649 0
0.2514752954077033 0.2528405029577262 0
0.06755705398414957 0.245865717913098 0
0.07289527870769706 0.2481129783289158 0
0.06846060276950963 0.2514199908537743 0
0.3447875603695368 0.3609947607817574 0
0.3390443725164598 0.3685753581433487 0
0.3362523488149184 0.3599638653834945 0
0.5537623344275509 0.2575036064653376 0
0.558528154589822 0.2517387447413642 0
0.5906420706718012 0.2637523902748946 0
0.03298391938447451 0.2391166444972473 0
0.02612270232340413 0.2431043116732698 0
0.07698709983620453 0.2445656817614873 0
0.07789064862156461 0.2501199547021637 0
0.3563333648576571 0.1759579549449359 0
0.5633113787472005 0.2459485022966459 0
0.5411327772377674 0.2421794756780147 0
0.5245858770915868 0.2723526071730732 0
0.5293765358759385 0.2665800048015845 0
0.5167640558232207 0.2512499625117292 0
0.52415872687845 0.2525107887565649 0
0.5337386370704804 0.2409215405279594 0
0.5289488983591386 0.2467216625837951 0
0.2318284416079131 0.2618561467756658 0
0.7498837847273891 0.2448348262596884 0
0.5315603296176528 0.2537558904265162 0
0.5341664517167646 0.2607951297070278 0
0.1271140949368132 0.3060587997505974 0
0.2089432728674855 0.2713660495064497 0
0.6512478979746517 0.2213641695864539 0
0.6464871255553502 0.2271650118420876 0
0.4584798906423576 0.1688311715255223 0
0.4610890599463031 0.1758662869638734 0
0.4537088962216735 0.1746114831534978 0
0.436749648287197 0.1849040656348108 0
0.4441434690763298 0.1861655236014835 0
0.4393593345506768 0.1919374637888868 0
0.4985176368096039 0.202001802325327 0
0.501121410611324 0.209030310217964 0
0.4937286872283985 0.2077932597829682 0
1.156533759074096 0.369498378835882 0
0.2667443370049852 0.1676874927068416 0
0.6763755226133323 0.2519082997306933 0
0.6811882010688235 0.2461581213543435 0
1.069049193233763 0.1092841363458039 0
1.058866719613357 0.1356200181127292 0
0.169072055257235 0.1233982212528495 0
0.167712340192032 0.1260880896474135 0
0.165948689811847 0.1236241999635576 0
0.5085164943576581 0.2102677303827613 0
0.5037275447764527 0.2160591878404025 0
0.4959035414177408 0.1949679314340914 0
0.4885021885190599 0.1937121304010285 0
0.4932808165101223 0.1879153099447886 0
0.5041522264461199 0.2359189117974566 0
0.5089396106566102 0.2301336003154725 0
0.4737208066433473 0.1911947638728229 0
0.4689408016571417 0.1969827194521117 0
0.4663233197044151 0.1899337879827483 0
0.2414607813221798 0.1450276612180253 0
0.2401779263766501 0.1423097755024552 0
0.1035981292490142 0.1076909575755134 0
0.5137281497024115 0.2243411805271469 0
0.5063340894769854 0.2230890277935254 0
0.3908554510200668 0.2099570324998352 0
0.3883016225548868 0.2029099679022673 0
0.395543818985188 0.2041923889999357 0
0.4880140427732361 0.173815831428263 0
0.4906572120671561 0.1808739672142637 0
0.4832362943175215 0.1796013731257251 0
0.2742230193526238 0.1854415307863234 0
0.2771902460596705 0.1859362228717762 0
0.4989390057306514 0.2218516076287282 0
0.478491394151031 0.1854026706575926 0
0.4811088761037576 0.192451602126956 0
0.1671976406120952 0.05276001280873715 0
0.161115528040248 0.05277320939257503 0
0.160487252635075 0.2647895599884472 0
0.15811118145293 0.2621791768440885 0
0.01032616511673305 0.0308526283091887 0
0.01032616511673305 0.04205920750644953 0
1.689361852957878 0.3445859638813467 0
1.713935667564348 0.3449165467604176 0
0.1232324117694779 0.2094251763778071 0
0.1256534410393896 0.2076395652434589 0
0.1266820497821464 0.2165204100377847 0
0.1238565001291743 0.215295764058886 0
0.4684816895288039 0.1771159038696787 0
0.4637106951081199 0.1828962154976542 0
0.4463167548652891 0.1733542465812771 0
0.4489259241692346 0.1803893620196282 0
0.3706447131432381 0.1328913330851359 0
0.3901530034198167 0.131390527474678 0
0.3853769375278205 0.1363686619093112 0
0.5032962648006664 0.1962049818690872 0
0.8237780052786443 0.2574166112359584 0
0.6268779166754286 0.2304461873668257 0
1.116408526628657 0.0211635818141865 0
1.104320749563081 0.04338890944705362 0
0.627271944186242 0.2503069431151307 0
0.4805163658372125 0.1270358471215921 0
0.4761674361180775 0.1213746732804196 0
0.7280378789513425 0.2608418926627774 0
0.483731601011376 0.1995042236162587 0
0.4515356104327143 0.1874227601737042 0
0.498058564965837 0.1821297682473267 0
0.4758482248571111 0.1783445348715919 0
0.1779255022500429 0.09102507708314188 0
0.1735841492457637 0.09094913435635245 0
0.6607693217043118 0.2097731723446434 0
0.6559986346870743 0.2155716361393373 0
0.4445791276103175 0.2060085285549247 0
0.4471848338274274 0.2130399867089125 0
0.4397906519846244 0.2117786735232195 0
0.1820141992730657 0.2916921004537422 0
1.096978225020009 0.2370271332035107 0
1.107958859803343 0.2592825244163028 0
1.082991479703415 0.2572277275862257 0
0.6324613953694735 0.2644105340182922 0
0.6298851259270217 0.2573638419769663 0
0.6372689133927911 0.2586142283844542 0
0.4058481699616863 0.2323434260869722 0
0.398436735198419 0.2310307584730723 0
0.394028418778719 0.2566843840899353 0
0.3866604148190734 0.2552700967512506 0
0.5254799720402374 0.1999668311090161 0
0.5180862750847468 0.1987125748894367 0
0.5228668721978733 0.1929336547558902 0
0.5268007240451837 0.1476916205302774 0
0.5316107709334394 0.1418646450030275 0
0.4323975522188513 0.210518977280901 0
0.4350032584359612 0.2175504354348888 0
0.2085796500574359 0.2682150690209801 0
0.2117456526148948 0.2692389954489861 0
0.06617234050345377 0.2346760896152531 0
0.06684790468718414 0.2402204211569684 0
0.2280223308715549 0.3120236107461031 0
0.4589306901219143 0.188684171076943 0
1.003724934533256 0.2955672628389073 0
0.9797599766396657 0.293254649045867 0
1.018661879218986 0.2743027996307546 0
1.029020366255196 0.2976316274430265 0
0.4297896738783602 0.2034841902729917 0
0.425002280329697 0.2092559521846611 0
0.3038744080908945 0.1895901556727595 0
0.3051025098515971 0.1934655704815588 0
0.2712503402943161 0.1850344182751023 0
0.2730790559450154 0.1827372243355431 0
1.132918699034333 0.2610469897723701 0
1.118931953717738 0.2812475841550852 0
0.6224644261629244 0.2561032487489687 0
0.6446518737439579 0.2598544748232644 0
1.057984077930504 0.2556697503041537 0
1.068964712713838 0.2779251415169458 0
0.6785920504326488 0.2391213823526739 0
0.6859721615772582 0.2403921135996481 0
0.270286959650087 0.1392003961187299 0
0.2687868556677706 0.1360555455306584 0
1.737900033136461 0.3455477681919867 0
0.1269174715620906 0.2194528807602579 0
0.3878362479443323 0.143454675894801 0
0.3807402987805446 0.1411817593554759 0
0.4345752297645292 0.1977116105957229 0
0.4419690505536621 0.1989730685623956 0
1.032751254949126 0.2536612322005981 0
1.007455823227185 0.2515968675964789 0
0.05386252008116739 0.2071020264387899 0
0.4673262483449885 0.1223689599894133 0
0.4523932388313252 0.2271019148115735 0
0.4449991301196834 0.2258410509813885 0
0.449790466913376 0.2200709955073924 0
0.4176137070608116 0.2079942674326791 0
0.4202215854013027 0.2150290544405884 0
0.6907629307504093 0.2346162403193604 0
0.6881553340621911 0.2275839117471925 0
0.695542253871517 0.2288447774685745 0
1.054945318779582 0.2989122013088803 0
0.4306227005350223 0.2431504544972503 0
0.4280307860306745 0.236127672323537 0
0.435408268181778 0.2373752278250175 0
0.4146065457772817 0.1811613378719464 0
0.4098768177751987 0.186965013536062 0
0.4073077352086624 0.1799682819208406 0
0.2720161900739667 0.1800172761798969 0
0.2749888691322745 0.180424388691118 0
0.2691926854319246 0.1874285336340697 0
0.2680487220243162 0.1847242271832895 0
0.4402091278575314 0.2316122079684369 0
0.4376063559395822 0.2245812886642557 0
0.6807669931649076 0.2263262803923159 0
0.6855463162860154 0.22055481754153 0
0.693359081386584 0.2416529793210301 0
0.3943597035607035 0.1447931260994101 0
0.3897230648134277 0.1496062235455748 0
0.4545789425390692 0.2143008505390976 0
0.4669619646228459 0.1295818390559274 0
0.4428010423618792 0.2386349901421503 0
0.4206415071817574 0.2348685143928655 0
0.4254270748285131 0.2290932877206327 0
0.4123959159761371 0.1939319622563571 0
0.4050971054075178 0.1927389063052513 0
1.079952720552493 0.3004701785909523 0
0.269255918910951 0.1794339506445736 0
0.2711657320982101 0.1771211150001485 0
1.182794720218039 0.2647589032334194 0
1.168810889294659 0.2850944929597992 0
1.157875623872108 0.2626764597847727 0
1.146902529957713 0.2407114000459903 0
0.3856569148298682 0.15535383442223 0
0.4715981520868943 0.1353873551648498 0
0.4654725171824191 0.1370801132169898 0
1.178495837324598 0.3072836853964844 0
1.153576740978667 0.3052012419478376 0
0.4576067080041139 0.2411687117082518 0
0.4502075426761337 0.2399063177068057 0
0.4550010673656127 0.2341343642870158 0
0.4454066830003804 0.2456693375633864 0
1.202897049844268 0.308407818723843 0
0.5133048675598202 0.2044923020014426 0
0.5106917677174561 0.1974591256483168 0
0.4597924041593054 0.2283643088130196 0
1.152260771573748 0.153619280723003 0
1.168229490280806 0.1338799292469874 0
1.213895949533332 0.1801232490439769 0
1.188960385822594 0.178332470325151 0
1.202973111804128 0.1575779042744188 0
1.191969566016098 0.1361517764245924 0
1.216905129726836 0.1379425551434183 0
0.4336890344379207 0.1580476325306287 0
0.4290880100238873 0.163869413409936 0
0.4264644785189458 0.1568585337781623 0
1.174928393187743 0.1993160116209555 0
1.16400555545854 0.1767706668513975 0
0.4241645531796074 0.1496851691366177 0
0.419563528765574 0.1555069500159251 0
0.431528151808579 0.1708334015198615 0
0.424303595889604 0.1696443027673951 0
1.23090176422273 0.1174041479070723 0
1.24190531001076 0.1388302757568988 0
1.182161508203514 0.1142445801159868 0
1.271815731146698 0.09854932205921803 0
1.297029124243125 0.1010610250396238 0
1.281115337603082 0.1208035715009586 0
1.274702425339315 0.2061096746336751 0
1.263771905224271 0.183656384782943 0
1.288709552485579 0.185424054219292 0
1.238836726796437 0.1818553440952854 0
1.2528438539427 0.1611697236809023 0
1.266840488438594 0.1406313164445564 0
1.218925872199772 0.09440183250067231 0
1.243926052483697 0.09528955311415284 0
1.30271097888294 0.1648163662157076 0
1.313641498997984 0.1872696560664398 0
1.292053881535022 0.1431430194249621 0
1.324576979861702 0.2096531359004506 0
1.338578406259063 0.1890454478968663 0
0.4945764991829913 0.2474738776310427 0
0.4993641852753333 0.2416989617164216 0
0.5019712163687137 0.2487312919276833 0
0.4871844831232385 0.2462128035177363 0
0.4897915142166188 0.253245133728998 0
0.5093698592437806 0.2499898700613384 0
0.5045821731514386 0.2557647859759595 0
0.4845790334896767 0.2391797890799876 0
0.4797940485233042 0.244951045177943 0
0.4724149537046516 0.2436847287317942 0
0.4750204033382133 0.2507177431695428 0
0.4134995387126535 0.1214463313914787 0
0.4161630302404838 0.1284866490031036 0
0.4091005696926218 0.127129394944259 0
0.470249773581557 0.2564836293182 0
0.4776288684002096 0.2577499457643488 0
1.332557600109958 0.2752630530041764 0
1.318759331640548 0.2951131180449804 0
1.307698586302568 0.2726937836728867 0
0.4231955399867948 0.1298683640020622 0
0.4187965709667631 0.1355514275548424 0
0.4950135417538235 0.2873138049792599 0
0.4878068931724352 0.2848187722953747 0
1.474197382117133 0.2203191015193143 0
1.484879627884143 0.2434157686249217 0
1.459942956695979 0.2416374369259232 0
1.455315133981021 0.2884549704261292 0
1.481863306376575 0.2870101692500876 0
1.466553237894607 0.3107310356446862 0
1.43508430932434 0.2391295716067358 0
1.44576655509135 0.2622262387123432 0
1.51030195031839 0.2447445365937883 0
1.496047524897236 0.2660628720003971 0
0.4854489993735702 0.2788474527432908 0
0.4804348263283054 0.2835503336329262 0
0.3727566634597654 0.2925960715415348 0
0.3684928769229019 0.2982113745364713 0
0.3658874045891513 0.2911792602994875 0
1.424324026478288 0.2167625792756279 0
1.41014762487366 0.2373513810620479 0
0.50982979754838 0.1578411290450544 0
0.5025514209060625 0.1566883329129331 0
0.5073674500261227 0.1509909678017968 0
0.5071857059124121 0.2627984139251724 0
0.4997870630373451 0.2615398357915173 0
1.385378882375054 0.2356911990077613 0
1.396139165221106 0.2580581913388692 0
0.7942425352729996 0.2524391596402315 0
0.7967622803813783 0.2594657117048296 0
0.7893607807862962 0.2581979317420072 0
0.4975837869418013 0.162258572886556 0
0.4951214394195441 0.1554084116432984 0
0.4949982228783073 0.2673125804817973 0
0.4923946901173338 0.2602789525325844 0
0.804168749786667 0.2607764903355715 0
0.7992869952999635 0.2665352624373472 0
0.836031643817944 0.1407061393287899 0
0.8334426358877165 0.1338610323526596 0
0.8408367614441001 0.1351167820317089 0
0.8040780244517314 0.2808880353061053 0
0.8016458062883178 0.2736879748581234 0
0.8091256828686656 0.275046101516071 0
0.7983836259128676 0.1124884172937168 0
0.791232361126041 0.1133332648541546 0
0.795774074201492 0.1054570417326031 0
1.507285628810822 0.2883389372189541 0
0.7838382358224047 0.1120775158561277 0
0.7762385562399611 0.1087226844621062 0
0.7810231298322219 0.1029470578990194 0
0.7864477875337802 0.1191088914172414 0
0.771659536452629 0.1165973921443364 0
0.7688444304624462 0.1074669341872281 0
0.8283262512026024 0.120729623702385 0
0.8357409204840995 0.1221716418154281 0
0.8308330842323757 0.1268296569425355 0
0.8580555246576244 0.1244964592558581 0
0.850385365521072 0.1233792621355609 0
0.8554459730022834 0.1174650838457314 0
0.7602703423989157 0.1079067259257141 0
0.7648493621862478 0.1000320182434838 0
0.7499010943720569 0.2851805548389142 0
0.7475897756082439 0.2776722892584106 0
0.754887649028257 0.2794440104909124 0
0.7403383337216589 0.276322395988362 0
0.745324888377859 0.2705858516403601 0
0.8165276496425193 0.2762779597626567 0
0.8140954314791059 0.2690778993146747 0
0.5602710450719073 0.219052699731198 0
0.5676652760480141 0.220307777612137 0
0.5628801830218693 0.2260866282579957 0
0.8239972981688353 0.2771784288665839 0
0.8288509337869688 0.2713042277170385 0
0.8313508337028443 0.2781728990223619 0
0.8263214632823266 0.2644681761940294 0
0.8336749988163357 0.2654626463498075 0
0.8260279666062194 0.1324190142396165 0
0.8021050971789461 0.1612971431050073 0
0.8047146487803141 0.1683285183697046 0
0.7973205232799138 0.1670727688415011 0
0.8482103432753703 0.1361862632767634 0
0.8456213353451427 0.1293411563006331 0
1.416476029417772 0.1510858361849844 0
1.430484471365663 0.1303792119777168 0
1.441412700796591 0.1528641657613324 0
0.801236038358826 0.1216203900000809 0
0.805777751434277 0.1137441668785294 0
0.8068896710789024 0.1555215173710035 0
0.7994955455785022 0.1542657678428 0
0.7638254639927293 0.2075080949236827 0
0.7612168802517481 0.2004744480316431 0
0.7686108523266741 0.2017313654790332 0
0.8775403746490256 0.1411674036703284 0
0.8703976470659028 0.139923443833682 0
0.8749357501150662 0.1341059597799717 0
0.7575720840576474 0.1152763468273181 0
0.753577015781449 0.1078414308835738 0
0.6890227564973757 0.1552801851286081 0
0.6864235416475775 0.1482766596683256 0
0.6938131022161317 0.1495201230692233 0
0.8377681309931054 0.2200702581323827 0
0.835161279138102 0.2130341094067299 0
0.8425553534338202 0.2142895847626563 0
0.7212043628174042 0.16732258938101 0
0.7285984477522633 0.1685782826305356 0
0.7238138510858305 0.1743538470208042 0
1.835218261239086 0.266674262255607 0
1.859492942711395 0.268287646970244 0
1.846452479336994 0.2881248830126567 0
0.7623057116951953 0.2805436407352786 0
0.7599943929313824 0.273035375154775 0
0.8189539402492774 0.2632581926031894 0
0.6968468985056945 0.176362062820203 0
0.6894538052192722 0.1751090177972824 0
0.6942383270901904 0.1693333543268345 0
0.7825322727204052 0.1645612709741456 0
0.7777476554864328 0.1703369965503497 0
0.7751381044643049 0.163305622846401 0
0.715111552336881 0.2255798628495745 0
0.7177210458622256 0.2326111929105985 0
0.7103284737165516 0.2313567273311692 0
0.8186338410498357 0.1311632645605678 0
0.8112397155145141 0.1299075149382683 0
0.8160242894155569 0.124131889207193 0
0.7198964367235013 0.2198044941489641 0
0.7125038645778274 0.2185500285695347 0
0.5700058844851248 0.1143123101651583 0
0.5791980964510912 0.1158697217351444 0
1.422166589609809 0.1076783081068721 0
1.447103260988628 0.1094566376832201 0
0.87082724935416 0.1597918888652393 0
0.8734332792987931 0.1668142441164429 0
0.8660391537424094 0.1655584944373934 0
0.7133768737559257 0.1462316046529444 0
0.7159855626568541 0.1532606553916455 0
0.7085923070549447 0.1520072497844166 0
0.8264624960158582 0.152257390790942 0
0.8290720476711992 0.159288766201068 0
0.8216779221148156 0.1580330165220185 0
0.6068222727281491 0.2137888287522345 0
0.6116066426226419 0.2080156989868391 0
0.7194637747274695 0.1999676619704868 0
0.7168542240635967 0.192936313332303 0
0.7242483364471586 0.1941920560902803 0
0.8499533504234476 0.2155409474675483 0
0.8473464985684442 0.2085047987418956 0
0.8807729451207992 0.1679305060579321 0
0.8759848495090485 0.1736971116300863 0
0.7942393368830293 0.2723771962273815 0
0.7181613889717899 0.1404558207960388 0
0.7107681333698805 0.13920241518881 0
0.8064551416627428 0.1356831408021064 0
0.803845590028464 0.1286517654487316 0
1.71572282300976 0.1723923592135436 0
1.729722892570053 0.1517842170124551 0
1.740652866209158 0.1742439889749951 0
0.7438208162800577 0.1909282180478246 0
0.7412115006855096 0.1838965402391159 0
0.7486053775797457 0.1851526817269499 0
0.8525571929131167 0.2225813363854353 0
0.8573483380477407 0.2167965503646746 0
1.87319099250771 0.2486766585608424 0
1.884425210605619 0.270127279317892 0
0.7390362702234956 0.1967032689645347 0
0.7464301471177317 0.1979594104523687 0
1.519324918004876 0.3159657591976157 0
1.718719150401554 0.1303538721946331 0
1.743649193600952 0.1322055019560846 0
0.8430117836898019 0.1223097808905064 0
0.8797153968947278 0.1283604025291287 0
0.872572669311605 0.1271164426924823 0
0.7316424132484265 0.1954477406442273 0
0.7290328625845537 0.1884163920060435 0
0.8656081460434786 0.1457291380449891 0
0.8630035215095193 0.1386676941546325 0
1.452340927953937 0.1753491438206632 0
1.466349369901829 0.1546425196133956 0
0.6229055908276118 0.1638045287238553 0
0.6302997164588264 0.1650602780172669 0
0.6255151424736617 0.170835904181862 0
0.8769092593068917 0.213528703955141 0
0.874534098152663 0.2063003149317259 0
0.8819277472022018 0.2075550851073658 0
0.6159459946961434 0.1823871555174068 0
0.6133364430255261 0.1753557801860068 0
0.6207305685130643 0.1766115302198504 0
0.7433865881517234 0.1710896683859338 0
0.7481712071748035 0.1653140374731942 0
0.7507806810082776 0.1723453730055016 0
0.7455616919545538 0.1582826832248521 0
0.7529557848111077 0.1595383878444199 0
0.6951065539569081 0.2090074686196801 0
0.6977176064839944 0.2160378157385423 0
0.6903236046562126 0.2147821017775445 0
0.7625249280462588 0.14798704706506 0
0.7577403711787098 0.1537627186924832 0
0.7551308264584069 0.1467313619686545 0
0.6846683716134281 0.1808821434914094 0
0.682059800197924 0.1738534349980408 0
0.8121087743251636 0.1695842680176751 0
0.8073242004261312 0.175359893754169 0
0.5911540638942707 0.1715885438372427 0
0.5863694807929252 0.177364216981822 0
0.583759930854806 0.1703328327220418 0
0.7725285972324195 0.1562741505295428 0
0.7677439799984471 0.1620498761057469 0
0.5889790317511718 0.1843955959844026 0
0.5815848987117074 0.1831398848692018 0
0.6020349999805024 0.2195611324258455 0
0.5994199469432051 0.2125243695696695 0
0.8702342241150512 0.1199765832038339 0
0.8654545773353897 0.1257221404546769 0
0.8669469361578517 0.2052101292931203 0
0.8719654240531619 0.1992365104453452 0
0.5580941788606857 0.2318711098804402 0
0.5654884098367925 0.2331261877613792 0
0.8647338953973813 0.2180554365310313 0
0.8621300529077123 0.2110150476131443 0
0.6163885186237855 0.2022367463194815 0
0.6089890956919954 0.2009731132287009 0
0.8203710592339999 0.2105250890835707 0
0.8129768378802142 0.209270540757145 0
0.8177618286482902 0.2034905286450529 0
2.036741334972228 0.2387705262683501 0
2.022742087053148 0.2591805683239474 0
2.011885114640996 0.2366606527096419 0
1.768627957318807 0.1333865749030056 0
1.757624215150308 0.1119562300851836 0
1.943183513295142 0.145839544460111 0
1.929211431826021 0.1660364327839242 0
1.918240214949039 0.1441542521820278 0
0.6750999825768942 0.1924343425707182 0
0.6724903590493578 0.1854029849461689 0
0.6798839901196162 0.186657918316717 0
0.7538230925460485 0.1992177685059756 0
0.7586084808799933 0.1934410390613261 0
0.6350849581305391 0.1592864515177728 0
0.637694509776589 0.1663178269757795 0
1.790532141137098 0.1776825591581007 0
1.765590617916654 0.1759830972184117 0
1.779594458989896 0.1553353087135956 0
2.028964568593476 0.1730591222618631 0
2.018007623430123 0.1508751807521783 0
2.04294426255699 0.1526539482401562 0
0.8268970254254967 0.1720957673422693 0
0.8316815993265398 0.1663201416111918 0
0.83429115098188 0.1733515170213165 0
0.883048304281417 0.2342175231967516 0
0.8912783239871008 0.2348826744403907 0
0.8877637831635113 0.2407573980263746 0
1.502214266203802 0.1789058511205628 0
1.491280471285306 0.1565129221565985 0
1.516217140429932 0.1582912756044349 0
0.8603939698541782 0.1316363187445065 0
0.605942317197977 0.1741000319044015 0
0.610726891014898 0.1683244066068451 0
0.6516130343178835 0.1291507739044268 0
0.6590249461703093 0.1304544483385232 0
0.6542403722692585 0.1362300740696402 0
1.801465239208962 0.2001001452152436 0
1.815469080282205 0.1794523567104275 0
0.7264233609019877 0.1813851238612131 0
0.7190292759671286 0.1801294306116875 0
0.5772348535064085 0.2087538908306447 0
0.5724502783502914 0.214529523029709 0
0.569840713254169 0.207498216886275 0
0.7094600930156002 0.1916805346912576 0
0.7142446547352893 0.185904928811051 0
0.8142837965694105 0.1567772668725516 0
0.8168933482247515 0.1638086422826776 0
0.730773555107144 0.1557714577897948 0
0.7381676325243502 0.1570271117212373 0
0.7333830369010432 0.1628026789221839 0
0.7760052207920491 0.2029871726450132 0
0.7733966370510679 0.1959535257529736 0
0.7668749636859311 0.1223730209318803 0
0.774269089463446 0.1236287712067583 0
0.7429522101606545 0.151251462092463 0
0.6403033936705511 0.1733474031064418 0
0.6450886353422638 0.1675735766069477 0
0.5763662666588236 0.1690770263792547 0
0.5811508497601691 0.1633013532346754 0
0.6698802203853095 0.1783708076874858 0
0.6672719002014644 0.1713429269582486 0
0.6746660464082346 0.1725986799629306 0
0.7925359493119074 0.1728483943921464 0
0.7951454364919245 0.1798799936390578 0
0.7877513109225502 0.1786242439250058 0
0.859561378808211 0.2039512431267636 0
1.893288370056951 0.1425887852632949 0
1.907260451526072 0.1223918969394818 0
1.643188015177284 0.1227628534555478 0
1.629672681587027 0.1447570649269973 0
1.617955493095349 0.1206303186288117 0
0.5515737730805087 0.158278994007572 0
0.5489817877131992 0.1512406452140139 0
0.5563757993468542 0.1524969819906667 0
0.7525213010634497 0.1397000573165154 0
0.7477367441959009 0.1454757289439386 0
1.640966272985923 0.1673662745543627 0
1.615733750903988 0.1652337397276267 0
0.7533901854413552 0.1793767684989902 0
0.7559995010359032 0.1864084463076989 0
0.8277650533497316 0.2117799298739674 0
0.8325522757904463 0.205999256504241 0
0.797754988136683 0.1869113690206677 0
0.8003642759890441 0.1939449139261885 0
0.7929700859549283 0.1926893880774381 0
0.5385209132099065 0.2351342519522277 0
2.067863147679946 0.1541734071533823 0
2.056906202516593 0.1319894656436974 0
0.8878191820066704 0.1682952083580969 0
0.895748455328615 0.1721292215038303 0
0.8912537886529992 0.1786473867173088 0
0.609014762185274 0.1079010277832795 0
0.605384194980485 0.1156648150772523 0
0.6023661022909825 0.1077251927313412 0
1.693756062313666 0.1289452612244137 0
1.707682363344565 0.1093665461680431 0
0.7011979676099731 0.1507509237876107 0
0.6985987527601749 0.1437473983273282 0
1.751590548356361 0.1965912394195003 0
0.7899263977105395 0.1658170191274491 0
0.6598782171789567 0.1700884188490722 0
0.6646640432018818 0.1643162911245171 0
0.7723068506774372 0.2683918058272695 0
0.7649318723251091 0.2671596993896845 0
0.7698262674042256 0.2614164998178128 0
1.651909955200303 0.1896024353764025 0
1.665848885883342 0.1691257605757731 0
0.6550917967073826 0.1758591037102069 0
0.6524839397077999 0.1688324678764754 0
0.8025396265260403 0.1811355194878082 0
0.6829352637589292 0.2135244704226679 0
0.5859349626193859 0.1575257825255686 0
0.5785412984234033 0.1562699761827815 0
0.7038066565109016 0.1577799745263117 0
0.7575138096581707 0.2660600691453183 0
0.8115519734754236 0.2620263343566037 0
0.5707121826009052 0.1351759040191749 0
0.573324623980533 0.1422063129811188 0
0.5659304984287934 0.1409505632781352 0
0.7233795444208361 0.1545160176254574 0
0.718594977719855 0.1602916627569295 0
0.8858441085433827 0.1128983329874386 0
0.8763989659169371 0.1135081946789879 0
0.5855004336874159 0.1376874035125873 0
0.5881099852524037 0.1447187793883454 0
0.5807158597176325 0.1434630295979166 0
0.6272556353776274 0.1381905261393938 0
0.634650540006731 0.1394483748862013 0
0.6298659660902175 0.1452240006970053 0
0.8608235721424357 0.1515047637760647 0
0.8682176976988192 0.1527605134551142 0
0.8756118232552029 0.1540162631341637 0
0.567231122481154 0.2004670430679933 0
0.5624465473250371 0.2062426752670576 0
0.8806345689546782 0.2273304464256463 0
0.8771200281310887 0.2332051700116302 0
0.7067660899662009 0.113484965751919 0
0.7135003327015236 0.1122991738352727 0
0.7007459379251837 0.242921555033126 0
0.5690647880280191 0.279415234749087 0
0.5665070524716884 0.2725764731774676 0
0.5737177652153208 0.2737180167503611 0
0.7246812762057644 0.214029088316593 0
0.7272889639648179 0.2210589225966327 0
0.677963201077213 0.1068129404712841 0
0.68593517499547 0.1103723908295857 0
0.8016705678275755 0.1414587667106829 0
0.8090646933136256 0.1427145162002197 0
0.849080617930542 0.1758619809657158 0
0.8564806991278981 0.1771105074258207 0
0.8516973410627504 0.1828850977431964 0
0.5520075213057245 0.1781213963710349 0
0.5567922063559669 0.172345584659695 0
0.559402229976897 0.1793745278083197 0
0.8225466432435977 0.1977125911429638 0
0.8273331304548317 0.1919343276842887 0
0.8299425372133098 0.1989668135128034 0
0.648132048645865 0.1944415292889349 0
0.6555306077431304 0.1957032978206207 0
0.8534294465860521 0.150249014097015 0
0.8560389982413927 0.15728038950714 0
0.5385339873968187 0.1231795399590687 0
0.5358830706529312 0.1161439372341461 0
0.7377332634652405 0.1371891332683614 0
0.7403426847656973 0.1442201574403238 0
0.7329487294299943 0.1429648664168857 0
0.6690483561029311 0.1387947427785518 0
0.6716463746317589 0.1457950424510781 0
0.664250302650512 0.1445340481762628 0
0.8099337520708898 0.1823912691357788 0
0.5402647488148251 0.2024764114819539 0
0.5328707561682913 0.2012199768557003 0
0.537654561799898 0.1954443456017232 0
1.48035224412796 0.1340279440972677 0
2.05039361570986 0.2182370098289426 0
2.061250588122012 0.2407569254432481 0
1.606218216531257 0.09872433527806855 0
1.592702882940999 0.1207185467495181 0
0.8195028998705687 0.170840017667142 0
0.8221124515259088 0.1778713930772668 0
0.673902128763157 0.1332055714725248 0
0.6665060567819101 0.1319445771977096 0
0.656853930502223 0.1432722451083681 0
0.6494420186497973 0.1419685706742717 0
1.912130967374288 0.2298198951352275 0
1.937066676415585 0.2316115952175339 0
1.923058969443232 0.2523079909907967 0
0.6990218687212713 0.1635550239396304 0
0.6916287754348491 0.1623019789167098 0
0.7890573391462197 0.1261402667117712 0
0.7816632138425833 0.1248845177137442 0
0.7612831354672078 0.2949440998347656 0
0.764645693443712 0.2866585850053173 0
0.7687298611188499 0.2946504087686669 0
0.7307990033026823 0.1150157748422449 0
0.7208939008048146 0.1135534214701063 0
2.07094334829562 0.1109819938188043 0
2.097334521405593 0.1113318753835478 0
0.711635144919132 0.1788736519706421 0
0.7042409720319527 0.1776177747598803 0
0.709025593263792 0.1718422765605168 0
0.7055439089008158 0.2371325817164678 0
0.7029344153754711 0.2301012516554437 0
1.909104356680041 0.2722598060736632 0
1.895406306883725 0.2918707944830648 0
0.6790388120064997 0.1470462293905388 0
0.6838291577252558 0.141286167331154 0
0.5611633768939829 0.1467198027185938 0
0.5637553622612924 0.1537581515121519 0
2.03370370090376 0.2813232222022902 0
2.008847480572528 0.279213348643582 0
0.8904834057311902 0.2078192847119529 0
0.8881082445769617 0.2005908956885378 0
0.6211650975822769 0.196449908525554 0
0.6237826445129233 0.2034924942836923 0
0.5550524083438693 0.2049869947722568 0
0.5576619991168843 0.2120181685905385 0
0.7055530432053061 0.1251504776961321 0
0.7129429515078578 0.1263948640841581 0
0.708162740283193 0.1321822449438783 0
0.5543011526792289 0.2772055806386103 0
0.5515684707841605 0.270326764379221 0
0.5591213933893183 0.2713948749168042 0
0.7748588410435913 0.2752895164933328 0
0.7797532361227077 0.2695463169214611 0
0.4641526307249392 0.2027551726702256 0
0.4593676280923947 0.2085292217595159 0
0.4567583120856651 0.2014957926513274 0
0.5419599243553677 0.2819100023308404 0
0.5503108979136426 0.2820160241634547 0
0.5455225921949391 0.2877885563932679 0
0.6037773228767198 0.2796900545185356 0
0.6081168910814627 0.2734621511968564 0
0.6112943060170779 0.2810716747574559 0
0.6882506152546395 0.1158645881248829 0
0.6932278179874827 0.1113546981315579 0
1.990019584472435 0.1919856384393407 0
2.014956146013342 0.1937654827139649 0
2.000947801019168 0.2144707663794204 0
0.5956359010887249 0.2777484647445347 0
0.5988133160243398 0.2853579883051342 0
0.8299601789976903 0.2914229653844214 0
0.8336471505222343 0.2840635186961971 0
0.8371101314352137 0.2914393839087113 0
0.7325142906533401 0.1231267340740024 0
0.7381929033194694 0.1162709168101683 0
0.597240596055275 0.2253382292710623 0
0.6046429218402192 0.2266026884536272 0
0.7983639616602168 0.2875721265701401 0
0.8058438382405646 0.2889302532280878 0
0.8173277812280502 0.1836478743582943 0
0.8125432073279593 0.1894235000919336 0
0.7442470156234215 0.2107806103518095 0
0.7490385464894864 0.2049928194226857 0
0.7516399610517384 0.2120389684054165 0
0.8477735659034951 0.2283769047572472 0
0.8551685535277882 0.2296325076543735 0
1.837330451483778 0.2243534844903824 0
1.851335113569847 0.2036995987158876 0
1.862263386699555 0.2261831404386997 0
0.6993710918745415 0.1122268650471406 0
0.697055651615372 0.1067346677518434 0
0.7177268225332619 0.1206173444712454 0
2.039892785140209 0.1955442502019428 0
2.064402038289993 0.1975306493768408 0
0.5820194264485952 0.2029782700410052 0
0.5846289915447176 0.2100095761844392 0
0.5271852693111659 0.2793877476698159 0
0.5345772661257885 0.2806487637822683 0
0.5297796218220416 0.2864215184482012 0
0.5393655718444919 0.2748762315524551 0
0.5578638205188005 0.2830841347010378 0
0.5640019247173007 0.2838231724865081 0
0.5600116699517145 0.2886336160113524 0
0.7499117407493329 0.1326686585755242 0
0.757305823011839 0.1339242916002401 0
1.498987236323118 0.3337263517143979 0
1.694734609304801 0.08616738871393399 0
1.719697697392689 0.08757599968415342 0
0.5920231193412313 0.2112653143190402 0
0.5872385463990446 0.2170409351086796 0
0.5898481008276799 0.2240722962267085 0
0.5924560226873966 0.2311138522544902 0
0.5533293552840568 0.1256274713879863 0
0.5459377256352875 0.1243707954032299 0
0.5507073240912621 0.1186007275032074 0
0.649875055813838 0.1618028917458131 0
0.647235718430716 0.2669024338928184 0
0.7690367238788781 0.2216073006360246 0
1.488205825182237 0.1996124654455196 0
1.513142494326863 0.201390818893356 0
1.552121842144905 0.1824857283487405 0
1.541165082201618 0.1599814566880111 0
1.566135988998095 0.1617829804683524 0
0.8469128907002074 0.1886627696247223 0
0.8543129718975635 0.1899112960848272 0
0.6081173393630811 0.1612930311785584 0
0.6155114651906304 0.1625487794601637 0
0.6617040924510841 0.1190057975240588 0
0.6691852030626849 0.1204959263832452 0
0.6638787188305351 0.1248652770324961 0
0.7603498863989596 0.1607940729408253 0
0.852136508546546 0.2027225647065704 0
0.8447385115569186 0.2014712020016783 0
0.6350675899987497 0.2714456144069895 0
0.6424484397644371 0.2726932424066575 0
0.637670846927944 0.2784779363878668 0
0.7363451383604118 0.2893940484226503 0
0.7431601337894158 0.2937266793159234 0
0.7369020511977837 0.2997118941321612 0
0.786882317169403 0.1389472685774794 0
0.7916668908158577 0.1331716421604218 0
0.794276442530238 0.1402030177296273 0
0.7138103810534222 0.1660672271471981 0
0.8569533917966855 0.1969176463865463 0
1.538284593389356 0.2033081516688983 0
1.563255500185833 0.2051096754492396 0
1.840406255848313 0.1812234166461016 0
1.865339191064091 0.1830530725944189 0
0.6650962128425875 0.1841472319414869 0
0.7229459783576411 0.1346802367884138 0
0.7255547187436864 0.1417094262525483 0
0.6394343348554868 0.1336706499820668 0
0.6420446655680769 0.1407041245396783 0
0.5654930792965701 0.1211131531662153 0
0.5626117589285859 0.1130565604869068 0
0.6281246941442789 0.177867279513262 0
0.8624594004787804 0.2307973679149413 0
0.6203557410627625 0.2690019595232905 0
0.6276838025329803 0.2701952279995015 0
0.6229619356920386 0.2760370399119877 0
0.610292361929254 0.148486028385818 0
0.6150769358904041 0.1427104023449784 0
0.6176864874999637 0.1497417779910374 0
0.5976791331400817 0.133167527485094 0
0.5902850075877786 0.1319117777850167 0
0.5950695815056732 0.1261361519670945 0
1.951074956912451 0.2109072107333805 0
1.940146702259383 0.188422612211986 0
1.965082984825192 0.1902063235834018 0
1.979091329819366 0.1695010399179463 0
0.803404736365644 0.2208503866451365 0
0.8081918062540552 0.2150512914366828 0
0.8107989985775128 0.2221041964041165 0
0.772094068592611 0.1364357760525064 0
0.7768786410758854 0.1306601465012881 0
0.7794881929717483 0.1376915225594923 0
0.5759341755455206 0.1492376888568769 0
0.57940986904012 0.1959469242794966 0
0.5868040070784293 0.1972026096332911 0
0.6629254722229945 0.196960050641776 0
0.6703158919391454 0.1982098993277128 0
0.6655350126555041 0.2039905407693187 0
0.6761589008523814 0.1206188433572966 0
0.68349745262352 0.1217248507822023 0
0.6786983812132745 0.1274614133165882 0
0.8164588188041337 0.1439702657017678 0
0.8116742449689665 0.1497458916103443 0
1.544980008632743 0.1160549380726184 0
1.557873197293792 0.09582186536819431 0
1.568072417715857 0.1190456361031989 0
0.858648549896733 0.1643117649172649 0
0.8612545798413661 0.1713341201684686 0
0.6603114870267718 0.1899226563790148 0
0.5340333752120493 0.294011492174666 0
0.5266413783974268 0.2927504760622137 0
0.7697524373468374 0.2802499496691799 0
0.538089960085479 0.2152828699994609 0
0.5333055362838514 0.2210584931264448 0
0.5306965193815908 0.214027665862915 0
0.6173393391089184 0.1114712994696728 0
0.5338186758369858 0.1089171292354642 0
0.5412512996265475 0.1101172435197691 0
1.530231287283123 0.1375885277240468 0
1.668812239462819 0.1274237674757785 0
1.657095050971142 0.103297021177593 0
1.571146923731677 0.07585019874644874 0
0.5420005403348754 0.1698512971123612 0
0.5393916722159051 0.1628163991166157 0
0.546788629565824 0.1640575552266647 0
0.5620118372231162 0.1864052299083673 0
0.5667965222733586 0.1806294181970274 0
0.8852676117964149 0.1614123408444536 0
0.6777095230094039 0.1994648326982609 0
0.6851030828881395 0.2007205152999743 0
0.6803189922503907 0.206496072056969 0
0.6872779951409644 0.1879135011159586 0
0.7220733180377396 0.2069990322986942 0
0.7294658452790561 0.2082534607463629 0
0.70796842192804 0.2822096461926913 0
0.7141085687312321 0.2857459146443896 0
0.7203365196111489 0.1276491117189917 0
0.7277298493830453 0.1289027171755011 0
0.8692808739407216 0.1121138924411826 0
1.793569480539251 0.1350860368426947 0
0.6472676641655318 0.1547773710946425 0
0.6398703110838115 0.1535129249600491 0
0.6446582238010414 0.1477462955784062 0
0.6359533491081185 0.1989614057548876 0
0.6311816625983472 0.2047576897179227 0
0.6853779890131084 0.2795074121316729 0
0.6912630229977182 0.2740992050934126 0
0.692622219337841 0.2808979098958475 0
0.6389998054506313 0.1138322734060882 0
0.646393931007015 0.1150880230851376 0
0.7964514645070546 0.127396015863919 0
0.8385007861403678 0.2781893175466518 0
0.7672582413052644 0.2544198440609972 0
0.7746332196575927 0.2556519504985822 0
0.6714926450064753 0.276282837189303 0
0.6787976194176731 0.2773214609823578 0
0.5712126374609332 0.2849647160594015 0
0.5776178554532434 0.2873599199996603 0
0.5834736975039982 0.2819865884265568 0
0.5848160521855901 0.2887897301042367 0
0.4715501176638713 0.2040161485603001 0
0.6007232137589966 0.1600372817453331 0
0.605507787934729 0.1542616545986517 0
0.5123945682967016 0.2768649622132806 0
0.5197882327878398 0.2781253618390062 0
0.5149939605162808 0.2839001027100234 0
0.572554992142525 0.2917678577370814 0
2.084557854068581 0.2440246999693828 0
2.070905573330949 0.2645582164087903 0
0.7342517440861005 0.2024789330487715 0
0.7664283179223688 0.2145560337673445 0
0.7738278420241648 0.2158162792397529 0
0.818192198834498 0.2233564326713232 0
0.8229800625816557 0.2175599419860596 0
0.8255861929502297 0.2246112734617199 0
0.8721109515308514 0.219296013510013 0
0.8795046005803902 0.220550783685653 0
0.5459122785323617 0.1046814407383569 0
0.5479766733483071 0.1119082487370388 0
0.8055825756683453 0.2080167309981651 0
0.7981884589247379 0.2067602073303309 0
0.802973490550897 0.2009794566507931 0
0.6194269804323862 0.1170963998019205 0
0.6247334646665283 0.1127270491424027 0
0.8386411954732849 0.1477375147389154 0
0.8460353210296685 0.1489932644179648 0
0.8412507471286257 0.1547688901490409 0
1.662773316609694 0.2120647539018796 0
1.68772471579265 0.213662451417968 0
1.673705464304621 0.2343652839220348 0
1.957173894521645 0.1253861545050665 0
1.944354173131798 0.1037529538015488 0
1.969315771235283 0.1051817444484007 0
1.430456486609383 0.2859471051069418 0
0.5472230450527346 0.183896518875593 0
0.5498330496865432 0.1909255598738182 0
0.5424385498126232 0.1896717392297516 0
0.6054373442561449 0.2663534024299622 0
0.612954327396503 0.2677350226688826 0
1.588341699900812 0.2068617975493184 0
0.5002106811214213 0.2813777972450185 0
0.5024031566575449 0.2885757108185391 0
0.6124673842480278 0.13567902686804 0
0.6198615098187377 0.1369347764732593 0
1.737604552464568 0.216983655081155 0
1.762542304172063 0.2187227633245716 0
1.829473157776449 0.1588058305889588 0
0.7351237493998324 0.1301578591434245 0
0.7425177047355354 0.1314131501668626 0
0.5265011379490419 0.1092356835711805 0
0.5186565707632957 0.1084863080614664 0
0.6498389753599103 0.2739347558736957 0
0.6572297478631265 0.2751899649705314 0
0.664621042775327 0.2764337211621674 0
0.5824539730311662 0.2228165580921075 0
1.686598393995161 0.2568222192352336 0
1.661646994812204 0.2552245217191452 0
0.5411560185896134 0.1302062838438476 0
0.8329801423832717 0.2258662860906864 0
0.8673292366708798 0.2250775162615433 0
0.8698364566122505 0.2320379448939231 0
0.8722501919389893 0.2389250216650283 0
0.6002886847709407 0.1401989030213876 0
0.6050732586888354 0.1344232772034655 0
0.6098578326171689 0.1286476513317464 0
0.6072482809663764 0.1216162758981812 0
0.6146424065255689 0.1228720255627557 0
0.7029382563383115 0.1181049961316334 0
0.7368597022541252 0.2095089890666702 0
0.7394611168163772 0.216555138049401 0
0.8854328767307185 0.2215631368707743 0
0.8938330139887952 0.2177060207403681 0
0.8949629823630832 0.2244856834803615 0
0.653788056563642 0.1163437727629344 0
0.6590945407957918 0.1119744221136835 0
0.7081399962662642 0.2441770307088514 0
0.6907900956155326 0.1227071580841745 0
0.6981580451136469 0.1238923769913537 0
0.6934048824825273 0.1297526396486731 0
0.5681026309511373 0.128144528580329 0
0.5607085053945985 0.1268887789020776 0
0.5428744016594675 0.2095072654158343 0
0.5454834185617281 0.2165380926793642 0
0.5097897181832896 0.2698318425414968 0
0.5350445571660893 0.188415304603498 0
0.6111614204508722 0.1881627830224532 0
0.6185555459384102 0.1894185330562968 0
0.6259496718275481 0.1906742810205076 0
0.6307342458089109 0.1848986548755056 0
0.6333437974527776 0.1919300303447628 0
0.5754967565028768 0.1294002782833126 0
0.7598569813543609 0.2531533747641542 0
0.8134051289460869 0.2291555278797768 0
0.5959386395717501 0.1658129089513512 0
0.593329088143398 0.1587815323714445 0
0.5359128750151795 0.2280950070325815 0
0.5285194343112912 0.2268398028960356 0
0.764699950011352 0.1351800451677667 0
0.7673095019072148 0.1422114212259709 0
0.5915885830597929 0.1914269731813399 0
0.5963731651410107 0.1856513052939602 0
0.7098946523745688 0.2115189212248011 0
0.7051097679879486 0.2172942899254115 0
0.6028982363251694 0.1472302789525927 0
0.5955041107764157 0.1459745292342212 0
0.5585509355143552 0.1396893937566499 0
0.7581748044644351 0.1736011375862506 0
0.554182641199479 0.1653138920033175 0
0.5615773498706516 0.1665670234406023 0
0.5985481895098692 0.1728442932111313 0
0.6407379230894812 0.1931857796098856 0
0.5318693669226582 0.1032089898568036 0
1.934040065721339 0.2740515061559696 0
1.602060045622133 0.186065100742037 0
1.613308996581563 0.2086396461622736 0
0.6295180385693213 0.1069514234023075 0
0.6316056798927892 0.1125765237345553 0
0.8508198949307113 0.1432176386868894 0
0.819027549558395 0.2831466310679802 0
1.590766454223237 0.1634558911146715 0
1.701722682373294 0.1931070262869483 0
1.712654830068221 0.2154075563071034 0
0.7064162081662428 0.1648113499364363 0
0.7960097195735242 0.2196100678547666 0
0.5102043391976654 0.2896731227737118 0
0.6524424691968476 0.2809807734843706 0
0.8878813349653294 0.1297759990792166 0
0.8855182541618682 0.1227864819917272 0
1.679849026519808 0.1484110935023684 0
0.7590343458474427 0.2132991163199544 0
0.5907195368066323 0.1517501553195505 0
0.7794531146182746 0.2499133372095878 0
0.7820211407172356 0.2569099929664034 0
1.438332484888834 0.1960557798944579 0
1.463269153994073 0.1978341337465211 0
1.88719565459378 0.2280227727863476 0
1.901203361566133 0.2073263770130848 0
1.637890703712275 0.2103052678804693 0
0.8624309108619356 0.1085596047272519 0
0.8547607517253832 0.1074424076069546 0
0.5524427554992269 0.1979561408383764 0
0.5476582072910742 0.2037316341618573 0
0.5720157089649319 0.1946913524921429 0
0.5768002895947659 0.1889156920844287 0
0.6011577415204975 0.1798756667902931 0
0.645522496990524 0.1874101538788102 0
0.7146792056541776 0.2057432895407169 0
0.581048980223322 0.2750113945539034 0
0.5882471769556686 0.2764412046584798 0
0.5211228832309998 0.2255945210194965 0
0.8212433927051765 0.1381946399706919 0
0.8312470699169011 0.146481765059866 0
0.7830579518362668 0.2844654797367683 0
0.7894516871801227 0.277986968117841 0
0.7902044125275277 0.286008420267085 0
0.8403742166789898 0.2271217614466127 0
0.6960874116931793 0.2684744833655324 0
0.5828908820530074 0.1306560279945879 0
1.690792708734189 0.1706472543244082 0
1.962002958981395 0.2333953065889497 0
0.6898875625095739 0.1949448783893429 0
0.6946719440033857 0.1891691035640352 0
0.7005140599523496 0.2811174304275613 0
0.7059616152981412 0.2765819186227172 0
0.7213031951374018 0.2873576808662457 0
0.7289461429274755 0.2881384650352239 0
0.8210782516862898 0.2888332971833098 0
0.8245412325992694 0.2962091623958239 0
0.5711500626863037 0.1550132595659837 0
0.5446130214318045 0.1768675757269683 0
0.6037672928291185 0.1869070439872303 0
0.6063768440713854 0.1939384215261203 0
0.5218517570788114 0.2985234961259022 0
0.5175980036888037 0.2909335223994374 0
0.6646612180437768 0.2903847759152496 0
0.6550439227888074 0.2880104242911552 0
0.7504580072094289 0.2954984005484251 0
0.5433070151824666 0.2293529421826369 0
0.6342152315478382 0.1196078991461833 0
0.7968859941811208 0.1472343931277405 0
1.624172357990953 0.2311019646877507 0
2.058597761403528 0.2837408747779052 0
2.044703154922908 0.3037736550975397 0
0.5076294401790633 0.1705730496313148 0
0.5124130204980252 0.1648146604844443 0
0.5150286922487687 0.1718492159595684 0
0.5224268692052065 0.1731079934839592 0
0.5272079277763435 0.167350483907505 0
0.5298225244138195 0.1743676505787663 0
0.5572272507393383 0.1921809204842178 0
0.5646215430357999 0.1934358108729255 0
0.5932111838080485 0.2707732708718812 0
0.6400481120774781 0.2870255989979669 0
0.6326672623117906 0.2857779709982989 0
0.620296039175795 0.1567731532955686 0
0.6250806131369453 0.150997527254729 0
0.5828873204769939 0.2426615213491856 0
0.5780965605079852 0.2484388543623703 0
0.6924970317505608 0.2019761177480509 0
1.986948553100089 0.2348808084350178 0
0.5172290496180854 0.159117295373308 0
0.6667048439312122 0.282085098608342 0
0.7033782250673288 0.137958028800784 0
0.6220365320831788 0.1241277752354856 0
0.7281641400441431 0.1487404504245107 0
1.945051485479632 0.2953699107968736 0
1.957089173123624 0.3155299768136614 0
1.93212314060214 0.3141633872556239 0
0.8556044688317539 0.1374420129558137 0
0.8789175720449693 0.1479894874672784 0
0.8834556750941327 0.1421720034135682 0
0.6998910335783426 0.2032318317090487 0
0.7046755868579514 0.1974562000249645 0
0.7072851090642988 0.2044875508965937 0
0.5741907386365193 0.1818843130818481 0
0.6755417038801936 0.2122687878209545 0
0.6812406805342957 0.1343115788974305 0
0.5553683029970763 0.1131649247217952 0
1.723606585883924 0.2375390802121747 0
0.6715328202749251 0.2902338919423853 0
0.6946290259677397 0.2865256374658215 0
0.7352042255191075 0.2821532502189861 0
0.7919702263163609 0.2940506381890675 0
1.968145111398627 0.1472683351069629 0
1.99308171104587 0.1490476499629018 0
0.8238529443605174 0.1452260153808166 0
1.787479513762158 0.2204889945977989 0
1.812416452907264 0.2222587921501257 0
0.7786144358013646 0.2100217059770723 0
0.7812228417578739 0.2170729728457524 0
0.6476531502855912 0.2867552151943194 0
0.5876720631538435 0.2368849550526671 0
1.773493517870365 0.2408814102594537 0
1.818482934136275 0.1371900229785234 0
1.843420109702383 0.1389610829141976 0
1.807516432465186 0.1152412891679335 0
0.654662968531068 0.1560362623641702 0
0.5528769060907395 0.2177970192363972 0
0.8917201188499937 0.1385837686909295 0
0.8930973162459375 0.1454058524878795 0
0.813608603159974 0.2879328280793826 0
0.5372160640818855 0.1756264196169192 0
1.397205449125866 0.1065932299733576 0
0.594198140468268 0.1984583189428486 0
0.7620903896972351 0.1281486464267756 0
1.402467575660185 0.1717925865218996 0
1.391539346229258 0.1493076327382841 0
0.7886156653199679 0.218350526807451 0
0.6490034826623072 0.122119398495513 0
0.6442189087612566 0.12789502422663 0
0.555938906938624 0.1326588468021001 0
0.5707071969624473 0.2471936935063208 0
0.5049954459117305 0.275606583412514 0
2.046024463172664 0.1094625349055783 0
0.5324350055107485 0.1813839291933735 0
1.823344726036973 0.2447423338729378 0
1.972940272603223 0.2555851929191711 0
1.413395800438153 0.19427758934977 0
1.524276152367791 0.2240147659938551 0
0.6429129453351831 0.1803787784686855 0
0.6503070708915668 0.1816345281477348 0
1.366561712669299 0.148103698810641 0
1.380570166426886 0.1273969484737258 0
0.7699190466275178 0.1492427779497996 0
0.6176761942374447 0.2618932107563964 0
0.615063012496665 0.2548363118945609 0
0.6739842744729304 0.1147593638488593 0
0.8815271237003102 0.1550208628774035 0
0.8885733605861814 0.1553855651775683 0
0.79340348978863 0.2125379406303873 0
1.959006098242822 0.2754180957140072 0
0.8437091960339591 0.2738174640820699 0
0.8410784164862545 0.2667483877149175 0
0.8485831431992356 0.2682671539241707 0
0.8460055128533489 0.2797080837559051 0
0.8538189294427674 0.2823692907997147 0
0.8486105195491762 0.2867411442642967 0
1.406059705584058 0.279835482478935 0
1.415608284473729 0.306064214192721 0
0.5028400362263388 0.1763480153116203 0
0.505463640669305 0.1833893580421452 0
1.372227815565907 0.1053892960457146 0
0.7473022266839247 0.1256373844505873 0
0.6594519490310509 0.1502725447808943 0
0.662059340679357 0.1572980654320649 0
0.5176432888862446 0.1788663826308297 0
1.520032066861057 0.1143647569890422 0
0.7834002205257583 0.2042438662510127 0
0.7921014202811646 0.1530100188617444 0
0.7034598145671451 0.2697137826666403 0
0.7594808366864181 0.1211172673643536 0
0.7820977446861286 0.1447228981286977 0
0.6577013483627234 0.1828904791203316 0
1.810304262662572 0.2645795699153504 0
0.7545421748845667 0.3034902243117747 0
0.7771988227921081 0.2814044607633715 0
0.7779515481395129 0.2894259129126155 0
0.8431730223084541 0.1078731889250322 0
0.8405049506600287 0.1162097476503559 0
0.8359021591027518 0.107735049849954 0
0.8429855772936613 0.2341729327155509 0
0.6709895032875166 0.1066900234972327 0
0.5802813304032395 0.123624652555742 0
0.559881108185631 0.1063640817207382 0
0.6076648050239135 0.2535799133750627 0
0.8078945403684594 0.2946169193434174 0
0.5185173620513749 0.2185499484975494 0
0.7845408858256143 0.2639365450310016 0
0.8512544243403495 0.1630560152382152 0
0.4789430790024057 0.2052768026960372 0
0.486336391417708 0.2065373309701097 0
1.983951692361516 0.2769035975600752 0
0.6281695439598289 0.2908790851488733 0
0.6257922788102946 0.2823314225387732 0
2.082221992387582 0.1770258766776064 0
2.092722822957233 0.1997186363046061 0
0.5680982238908556 0.2401558605934986 0
0.5802787847829519 0.2356244855066549 0
0.6368247831999105 0.126639274573153 0
2.096183932347186 0.1563613940811475 0
1.994913306212127 0.299046251438418 0
0.6801568157577959 0.2841201657847927 0
0.8077583927326516 0.1952014375940227 0
0.6184642173400768 0.2811381540625621 0
0.7155506904858016 0.2454554792235376 0
0.5865922220012219 0.1171254714464197 0
0.4741549080702032 0.2110492559141511 0
1.57980969427995 0.1409516194539421 0
0.4177805536890968 0.115625294026967 0
0.5276510174980232 0.1871565355653451 0
0.6355188197695083 0.1791230288375172 0
0.6694530237018648 0.1585525735412413 0
0.5002243644755953 0.1693134598364962 0
0.7338174377032556 0.1826408084151601 0
1.91520340391328 0.1867373199339028 0
0.6141246491353338 0.2873660573842413 0
0.6324755177660488 0.1522553760015365 0
0.4976058310080093 0.2743446775732347 0
2.007061405009384 0.1286424759411949 0
0.594563890232099 0.2923390397917195 0
0.588708048181344 0.2977123713648229 0
0.7842404858544815 0.2441064721109417 0
1.381290963085453 0.2781753004246484 0
1.367414924448171 0.2988174894704921 0
1.375546385787295 0.3192908322347944 0
1.351749806787062 0.3181557301405724 0
0.5968103920888781 0.2054930106454292 0
0.7359925251694696 0.1698339365619781 0
0.6246460837352511 0.1311591506624553 0
0.7633932887416028 0.1876651258333664 0
1.388459117249639 0.1924993859030697 0
0.5750594163002534 0.2215634515565067 0
0.6742407585540806 0.1527855347882497 0
0.679451480014079 0.1668255542688037 0
0.6294306576420685 0.1253835249016201 0
0.8685956526638214 0.1020912162024059 0
1.857369246348096 0.1190858526622556 0
1.844153274928888 0.09870360484619088 0
1.869092635214776 0.1004441822046842 0
0.602705312020094 0.2942806295657204 0
1.879339233411238 0.162464015515237 0
1.868359469988271 0.1407016602726909 0
0.7003268186872529 0.2230689230832758 0
0.8218782019753691 0.1176360020618162 0
0.8267860382270931 0.1129779869347088 0
0.7873168466884115 0.1587856454235003 0
0.5511717854038135 0.1384280862425587 0
0.8364661732275825 0.1605445158801152 0
0.5728842280520392 0.2343713789710541 0
0.5776689707288888 0.2285948126745355 0
0.8464698504393064 0.1688316409692896 0
0.8438602987839663 0.1618002655591647 0
0.5663624851391751 0.1607904388380565 0
0.568972050295663 0.167822131494434 0
0.6015949680702417 0.199717374193478 0
0.5932054955197819 0.1201846911461656 0
0.600599621072085 0.121440440846243 0
0.6959933596734874 0.1367272280823966 0
0.6886254101753733 0.1355420091752174 0
0.8247219067829783 0.1849036240334216 0
0.7847072952910303 0.1517542707084409 0
0.7773131710933755 0.1504985246904537 0
0.5921222615676336 0.1124297603255681 0
0.7436781867044961 0.1116855046817943 0
0.7453934740551539 0.1197964639135518 0
0.7386019990029435 0.1768652720942854 0
0.5715811313903001 0.1748536109818005 0
0.7707872824157227 0.1889212941064715 0
0.7781816508810977 0.1901771012724515 0
0.7527875100689514 0.1210519723222134 0
0.6842392148662948 0.1610585155158122 0
0.550700502711478 0.2306118687396699 0
0.6994564501610345 0.1833934382303283 0
0.6768454610766055 0.159803760480702 0
0.8151524218898121 0.1964580428165382 0
0.4325274116743894 0.1181160866948599 0
0.4377491989663675 0.1124616906751659 0
0.4401534599578354 0.1193365777881997 0
0.4927943829890768 0.1680335385668615 0
0.702066017529644 0.1904248155037126 0
0.7855759018095051 0.1914325880454354 0
0.7881851896618661 0.1984661329509563 0
0.3628792003304881 0.2842537883779342 0
0.3586154137936247 0.2898690913728708 0
0.7907944046711816 0.2055006662830153 0
0.4876252130771505 0.1541505712744402 0
0.4925928470414117 0.1485803313008173 0
0.4767607870205479 0.2180818811525412 0
0.4693678256820134 0.2168212270168041 0
0.4253425749717185 0.1170223925160746 0
0.4225611294002998 0.1098441010927183 0
0.7829665471741598 0.1844003563989334 0
0.490213458087998 0.2730837943143019 0
0.8373387630016803 0.2002209930455659 0
0.7803570599941427 0.1773687571520219 0
0.8321178007526904 0.1861578464032612 0
0.762959393630845 0.1678255452576835 0
0.8416864923741587 0.1746062312866653 0
0.8369019184731156 0.1803818570177429 0
0.8421287729797822 0.1944387590102407 0
1.890268091132772 0.184940197585023 0
0.485002674057581 0.2590178784192781 0
0.8395131421449691 0.18741256066861 0
0.5480924645167511 0.2235726238200237 0
0.7729628917380424 0.1761131090242773 0
0.7870928761917684 0.2708342556970648 0
1.374450614575194 0.2132066582309086 0
1.363522389797226 0.1907216554030382 0
0.8785979228750989 0.1807375071991307 0
0.8712582570530927 0.1796212452576415 0
1.35749438408522 0.2770401983304264 0
0.7681783025716326 0.1818887013528444 0
0.8144840764400475 0.1163802524395167 0
0.8116316639940891 0.1072482797331526 0
0.8664843763396248 0.1853976325149936 0
0.8638713029735745 0.1783572369459492 0
0.8691247962387467 0.1924039828167128 0
0.8617378421592286 0.1911399745050204 0
0.8830358327118931 0.1946771686058133 0
0.8915914912408816 0.1949413682104003 0
0.7251169107471381 0.2338759391979947 0
0.7203338321268088 0.2396528036795894 0
0.7655688980639226 0.1748569407511722 0
0.8928510706753784 0.185754520495359 0
0.8849217973534338 0.1819205073496256 0
0.8767119582335581 0.1934941684553183 0
0.8801952048974779 0.1878446409771809 0
0.3675665344877159 0.278523447002906 0
0.4735535855768908 0.2835704842169061 0
0.4759114793757557 0.28954180376899 0
0.4853734652394422 0.1667609444783228 0
0.4819737221576678 0.2321468275765404 0
0.489364156757602 0.2334085859163337 0
0.4828413912438683 0.2718153556518534 0
0.4825713365113546 0.1595947168038428 0
0.4662682398276585 0.282269898011495 0
0.4615177371100336 0.287282436864875 0
0.458755738313351 0.2799903805234001 0
0.4277468359631864 0.1238972796291085 0
0.4802320443009246 0.2647837645679352 0
0.4793662750289756 0.2251147383340404 0
0.4841533574171654 0.2193427672313873 0
0.3723535146197369 0.2727550317879423 0
0.3771075180760753 0.2670318192559029 0
1.360442154922641 0.2339134685077299 0
1.346433638747239 0.2546208639583327 0
0.4215463420696549 0.1426333639640907 0
0.4145138323233438 0.1412516489651322 0
0.4732265896952944 0.1713146063378111 0
0.4707915867802082 0.2762784278754312 0
0.4745811517610503 0.2308859414976943 0
0.4754675855864968 0.2705474229969242 0
0.3775439516641141 0.2868241679223533 0
0.3801494239978648 0.293856282159337 0
0.4777909962955139 0.1653770096652443 0
0.4303803766894657 0.1309620581808474 0
0.3749381712580357 0.2797955420895873 0
1.335505370947379 0.2321363231814799 0
0.4704244609672067 0.1641483786633311 0
0.4284472918230267 0.143984947726328 0
0.4331252032462706 0.1381734227038809 0
0.4376764992226622 0.1322023383309273 0
0.4681822398372645 0.269246836791513 0
0.4697944157916677 0.2366573945143281 0
0.4671869686629755 0.2296253052718281 0
0.3823309317961351 0.2810557527073896 0
1.3105684636863 0.2303605313510534 0
1.296559731755327 0.251070084303277 0
1.282761463285917 0.270920149344081 0
0.4631828404711982 0.163048945625004 0
0.389720791051235 0.2823144410555828 0
0.3871150106451566 0.2752858152228169 0
0.4357434143562232 0.1452252278764079 0
0.4655546500248119 0.2622217349164017 0
0.4608786512185232 0.2679527397949087 0
0.4650207706065769 0.2424240925059279 0
1.285631340669649 0.2285868970222477 0
0.4383909458262801 0.1523996762732507 0
0.4430688572495241 0.1465881512508036 0
0.4045128118359319 0.2848322002627987 0
0.4072716794535146 0.2918712858209297 0
0.4602272459170978 0.2481960459257179 0
0.3971142485496632 0.283574884630233 0
0.3923301697006416 0.2893448221148057 0
0.4558026767465687 0.1617941418146285 0
0.4629461849628157 0.2551895323215957 0
1.260693693408342 0.2268192275858987 0
0.4484080578186546 0.1606694836813966 0
0.4531110076474952 0.1548872577808783 0
0.4555321223603527 0.2539341515239196 0
0.4410144773312217 0.1594105559050244 0
0.4019034331865253 0.2778018192035759 0
1.235755260833167 0.2250587517268751 0
1.246684176163501 0.2475359741154477 0
1.224824000814903 0.2026099101460176 0
1.352586908933508 0.1683381755690274 0
0.4066700072141193 0.27201884800203 0
0.3992714439278505 0.2707615323694642 0
0.4480275198008882 0.2527153696497422 0
0.4507464588466061 0.2597088560456201 0
0.4437061464302952 0.1663174399387746 0
1.210814483570062 0.2233266566755665 0
1.196802599191907 0.2440581841574084 0
1.207737864614459 0.266476217332435 0
1.341617729131137 0.1464274913044691 0
0.4389231743778562 0.1720953188049049 0
0.4113682758674385 0.266160126900591 0
0.4406210194866337 0.2514440420850868 0
1.185871339173642 0.2216093425765509 0
0.4161725179792548 0.260397097982789 0
0.433132672725409 0.250106590041462 0
0.4357535095259167 0.257152622127818 0
0.4341387602435729 0.177870208162364 0
0.4193906004425205 0.1753864485670227 0
0.416950458657829 0.1684224604570973 0
1.138228778938897 0.1746028220188075 0
1.160916508809588 0.2200475391027974 0
1.316985828047428 0.1449886212721099 0
1.330960631783219 0.1247541445137236 0
0.4257551905743053 0.2488590345399815 0
0.4293546257179198 0.1836421483497674 0
0.4219596830090568 0.1823831801822441 0
0.4209558324718845 0.2546338367082537 0
0.4234818482720623 0.2615784313587285 0
1.135959583971813 0.2184180690903949 0
1.124948194766149 0.1971262920198314 0
1.113203410881358 0.173974905891437 0
0.4184458602814979 0.247677701164042 0
0.4271799578753749 0.196448585499483 0
0.424570571052681 0.189417037654691 0
1.110934215914274 0.2177901529630243 0
0.464579140128688 0.2225928557963859 0
0.4619732611783433 0.2155602305579957 0
0.3977839988632936 0.191458640993662 0
0.3901678723813144 0.1907249790524106 0
0.3949618807246001 0.1850382956437049 0
0.4197850151665119 0.1951896173319598 0
0.4158418974683048 0.2406419752145963 0
1.218464527063947 0.287815467581524 0
1.227631591267625 0.3090463498969211 0
0.9552479454466659 0.2917750168421761 0
0.9303131028100478 0.2899716287622269 0
1.085966835814346 0.2157353561329472 0
1.232472406037815 0.2671147485055131 0
1.268549693160231 0.2904989237341464 0
1.25741083861299 0.2688752243645367 0
0.4228239773248921 0.2220624344912658 0
0.4302132561738091 0.2233215924219372 0
0.4132381862661435 0.233607590611692 0
0.4150053027988311 0.2009635101011492 0
0.4003030970642321 0.1984255897139572 0
1.046778021938703 0.232963818269878 0
0.9688544163040459 0.2707588028229446 0
1.061142527908143 0.2125300078490575 0
1.075098518802407 0.1932930276085711 0
0.4967575092603975 0.234661497500816 0
0.7524568772567181 0.2519113435948336 0
0.7450779883272829 0.2506238137064412 0
0.4028569255294121 0.2054726543115251 0
0.4154354040560067 0.2208007497392838 0
0.4102246078704367 0.2067366123570765 0
0.4106477796751389 0.2265699652652414 0
0.4941521979283886 0.2276285359973688 0
1.035909704926764 0.2105214897455019 0
0.9807530807823486 0.2484647458050836 0
0.9562410495893487 0.2469851136013927 0
0.02029904316834191 0.008404114590237828 0
0.008238110539984786 0.008404114590237828 0
0.5980307948048573 0.2650596503609494 0
0.6028682311198976 0.2593325218329757 0
0.4054653297913926 0.2125034116430551 0
0.4080453877515494 0.219536585214564 0
0.4889401652194282 0.2135658388627467 0
0.4915456532278559 0.2205986960442459 0
0.2078454043009394 0.1189442643443843 0
0.3283162812514154 0.07999002310752468 0
0.3241497850625307 0.08520280997987952 0
1.010974441228248 0.2087488869719338 0
0.9948424565124878 0.227823178374927 0
0.2671061216707233 0.1818573676398478 0
0.508077672325593 0.1904252547570812 0
0.5159110017249489 0.2115211796238812 0
0.5280901590551648 0.2069988969892468 0
0.5128591435860947 0.1846435018213749 0
0.5202573205425325 0.1859022793457657 0
0.5233057352535371 0.2127745201162307 0
0.7916355369535115 0.2453594322818802 0
0.7428622636739428 0.263468144705949 0
0.7501137055605279 0.2648180379759976 0
0.7550511849542545 0.2589423622109071 0
0.1166450847168465 0.2240503156588274 0
0.1272290349908893 0.2224201090452977 0
0.1244928343471766 0.2212545532485094 0
0.6586433137568478 0.2225981860530216 0
0.4006777054105248 0.2182726271690127 0
0.3958684874654761 0.224034872587753 0
0.6681597414204627 0.2110230210305803 0
0.729891001767742 0.2281224472700321 0
0.7346758412500051 0.2223470414376611 0
0.4541482350290096 0.1944603326587983 0
0.4493632323964651 0.2002343817480886 0
0.5022227389494637 0.04726609560622638 0
0.4890220057114626 0.03876993821663262 0
0.161229412345965 0.1268934287746752 0
0.1637394551887206 0.1292661924425635 0
0.1436684464700374 0.2720505487737893 0
0.1405095165906655 0.2705159797682532 0
0.9842716987834119 0.2056167651805384 0
0.9782638022144621 0.09677606598494419 0
0.6690182999600829 0.2506918149375716 0
0.3629924516170854 0.008046764840463336 0
0.5489757283954075 0.2632806507360922 0
0.2321931844019318 0.04848737631548621 0
0.1866533452862443 0.3242628979660391 0
0.1914020634355298 0.32604573948007 0
0.2017816895826635 0.1190965065722235 0
0.396652483427937 0.2637077596422783 0
0.536772829455739 0.2678301179093263 0
0.5441554876853181 0.2690913564578984 0
0.3210007438750434 0.2049338336827575 0
0.3178128605014037 0.2078507396840801 0
0.3163636701127 0.2032582312729185 0
0.3595762431322433 0.1041870123300083 0
0.3546981262571379 0.1097609607325378 0
0.9676538870012746 0.3875613699700724 0
0.8137152369135386 0.3856266493088203 0
0.8386445570151062 0.3856266493088203 0
2.114637215765384 0.3905118119746408 0
2.139566535866888 0.3905118119746408 0
2.0119905067488 0.3899995076556473 0
2.036919826850305 0.3899995076556473 0
1.267469396934601 0.3913857850526155 0
1.292398717036086 0.3913857850526155 0
1.41711149362511 0.3888650095646006 0
1.442040813726564 0.3888650095646006 0
1.862931727548317 0.3887011694649788 0
1.88786104764978 0.3887011694649788 0
1.812968647703518 0.3892463269533709 0
1.83789796780496 0.3892463269533709 0
1.117721669451396 0.3892134985049138 0
1.142650989552859 0.3892134985049138 0
1.738837948722835 0.3883668601697042 0
2.063454413479882 0.3850144264011925 0
2.0883837335813 0.3850144264011925 0
1.564450906952145 0.3868422812444719 0
0.6707760129290012 0.2180514193962792 0
0.3983188100763129 0.1112310234122648 0
0.3905461987053985 0.1121427353122482 0
0.3918859094003431 0.2694907308438242 0
0.3818784168312617 0.2612367348769101 0
0.3844960501452431 0.2682320424956309 0
0.3963264803344726 0.3504787496397603 0
0.3905224586620805 0.3590974239632029 0
1.337078081707364 0.0196865936885378 0
1.312158505749998 0.0196865936885378 0
1.192892659365455 0.02183257321602244 0
1.167973083408091 0.02183257321602244 0
1.789989366763781 0.02072792700464975 0
1.765069790806419 0.02072792700464975 0
1.487139576859748 0.0215526596373023 0
1.462220000902395 0.0215526596373023 0
1.643813464369597 0.02343352736152203 0
1.939886813709009 0.01989160133518724 0
1.914967237751664 0.01989160133518724 0
2.138232588869357 0.02055336517191586 0
2.113313012912024 0.02055336517191586 0
2.039598443803128 0.02139488866884274 0
2.014678867845833 0.02139488866884274 0
0.05397419183577475 0.1695759122426495 0
0.05152401416082903 0.1746797760614844 0
0.6491116220287432 0.2341812378434389 0
0.8607091031169611 0.2761217478002462 0
0.8633141098127883 0.2831548083086378 0
0.2780694427867676 0.2306997143481396 0
0.2765144626486163 0.2279210610689828 0
0.2795264010396259 0.2283435908156894 0
0.1515049529432239 0.119794401386369 0
0.1500952676217724 0.1166447080803103 0
0.1532157551412199 0.1172795709221961 0
0.2940144335842519 0.3207719590866666 0
0.2889074142848661 0.3256801084815238 0
0.2872017589771132 0.3196885429794535 0
0.3792718827499056 0.2540698735115225 0
0.1963406916280686 0.1296281968473601 0
0.3719547302994039 0.2521367921952266 0
0.3932884295053193 0.2170016990162441 0
0.6712190610803874 0.2378638895054063 0
0.6760030215888221 0.2320978817507109 0
0.6660120413529156 0.2238230207546742 0
0.6612613046404929 0.2296155542017908 0
0.09855475880790709 0.1169915070836428 0
0.2565863249890799 0.2525952125758958 0
0.1422321927762008 0.1336285868974803 0
0.144056288446933 0.1307881854344347 0
0.2996285373541095 0.005060541022075112 0
0.3245538699534172 0.2526515714874488 0
0.3232041619089736 0.2474636027255767 0
0.3282822644804712 0.2481371456925291 0
0.5747626990441479 0.3803740665638149 0
0.5837678090336637 0.3956363329521883 0
0.2138424284598041 0.1187066305842552 0
0.2819520636927912 0.3181248093866783 0
0.287059082992177 0.313216659991821 0
0.121327974897742 0.1713945649112344 0
0.04896596089678593 0.3898282466049574 0
2.04995016093904 0.36501393405684 0
1.849840176773979 0.36794749641835 0
0.6733940038126465 0.2250687875450484 0
0.2928216637109813 0.1149063167817209 0
0.2907132741029558 0.1102980392518086 0
0.2236719551405486 0.08934003924965396 0
0.2889925418145861 0.2342259108278067 0
0.2888235079800511 0.2299261856789112 0
0.1246501044286568 0.1661199273616188 0
0.9777397561305692 0.1823394222726646 0
0.9616077714148086 0.2014137136756579 0
0.966721369511823 0.1182252679382977 0
0.1851166364047375 0.278376598144869 0
0.1885213479989318 0.2793245756769144 0
1.76347322632486 0.3890705301325167 0
1.788402546426323 0.3890705301325167 0
0.07553996321649348 0.4039462407071323 0
0.2026302062293041 0.1089233250641664 0
0.1954961915580759 0.1091543862593553 0
1.119513576327383 0.06656648668525357 0
0.1956541348548005 0.119220761401545 0
0.1017474026211058 0.1862111172193223 0
0.1000218411217594 0.1896955055453342 0
1.762535310738486 0.3462514381547993 0
1.751038936874207 0.3674373903022209 0
0.05944330554163206 0.1587814236252531 0
0.05677132732698282 0.1641693093597975 0
1.800240315753427 0.3683168570858877 0
0.2717898438965811 0.127445933282798 0
0.2677630584784951 0.1268844876716482 0
0.1334512394031203 0.1609044033581017 0
0.1360787207524075 0.1613408734576515 0
0.1346653719958584 0.1640485162873437 0
0.5168825971156712 0.1396692063038767 0
0.5140630237259944 0.1328117752849718 0
0.5194439292096602 0.1464134353719634 0
0.5120844945744512 0.1453995348658314 0
0.7971402606754739 0.09304969980920354 0
0.7899889958886475 0.09389454736964138 0
0.3515127405152706 0.1641450837429357 0
0.1365084944385606 0.3095219468049977 0
0.07919980492230483 0.1355176602530008 0
1.676201741222741 0.3220362050131169 0
0.1278290295963875 0.1608061269388811 0
0.1307033150681134 0.1608615558920346 0
0.2711362292551392 0.2068274882495857 0
0.2630103023219805 0.24890967089392 0
0.2608609855225454 0.2728846241866253 0
0.1465523891121568 0.1508285939532689 0
0.8579274679543338 0.2562724509573363 0
0.8532558470668821 0.2621881737230073 0
0.1004178257823403 0.2461043697487549 0
0.1010559343931855 0.2504672215614926 0
0.1113218540158891 0.2282493587362152 0
0.6664330817010142 0.2436632386942024 0
0.7354989110911379 0.2621728084988091 0
0.7402877282738067 0.2564049948344467 0
1.141328102586004 0.0211635818141865 0
0.1134116786631809 0.3621266740198404 0
0.3053777169539028 0.2429188300533937 0
0.5220026215039637 0.1534219490922321 0
0.5363658952335717 0.1360306057978664 0
0.133760919146341 0.2366994867872611 0
0.1363716675029176 0.2379755962093024 0
0.3359877042177297 0.08141408768922088 0
0.3328602484664617 0.07401503980289469 0
0.5245858444536089 0.1603954805316221 0
0.5463816620477717 0.1442524081965774 0
0.5319814996622219 0.1616551376264291 0
0.5437696334720405 0.1372218612420276 0
0.1690068408993411 0.09086470847574583 0
0.1644802168853235 0.09078277982127282 0
0.1560024084630907 0.1177302785535066 0
0.007857097898811487 0.2299723010779704 0
0.01502487789208476 0.2244712780372874 0
0.3564798654009416 0.09719622781837745 0
0.3642365383081739 0.09843433045573889 0
0.1756163505100289 0.2888207821541832 0
0.6638440528571876 0.2366397380922394 0
0.2849366688717209 0.2610055188464538 0
0.2273408030083631 0.2659891166409751 0
0.2036895812305965 0.3213039691515681 0
0.2083375077690782 0.322851300894486 0
0.1372278399404638 0.269132080078872 0
0.1340301738124651 0.2677043613192087 0
0.09932707265480853 0.2377186651480047 0
0.09992692739833293 0.2418044863395511 0
0.3525654185240604 0.21043447797158 0
0.345263176809933 0.2106419363495774 0
0.2820056073250895 0.2974319879126076 0
0.1110334594285453 0.2725509795292559 0
0.5672614146118446 0.3631166435210571 0
0.5869156640490094 0.364015242861619 0
0.4560836649626895 0.0418115837055025 0
0.4650367766386904 0.05366739286772044 0
0.2601142767703797 0.1324208812958328 0
0.2586109503172246 0.1293917580413217 0
0.4970776768348254 0.01260699234272677 0
0.4814418509852657 0.01260699234272677 0
0.3402290853348617 0.2209076353687965 0
0.2906075596045337 0.2443570244388225 0
0.293316202736055 0.2113785766988467 0
0.289899063311539 0.2101775192990092 0
0.2196386257394324 0.04827716735617003 0
0.3813407326366686 0.2212412906077935 0
0.3764488421410593 0.2268719682546301 0
0.6564753252611197 0.2354149033905868 0
0.1459281262501846 0.1278203828962523 0
0.1493455196906889 0.1282580627039522 0
0.01686841169437229 0.08864104191940873 0
0.1523175519889591 0.3607175694757713 0
1.53622021653589 0.0196116321723992 0
0.1546950942009019 0.1453726443575818 0
0.3860462330750181 0.2157192779185756 0
0.3321278326813135 0.2439167667045878 0
0.3355328086713106 0.2394118991887469 0
0.1656814476686209 0.1314706252157161 0
0.167957129534791 0.1333039828544696 0
0.09362668664589574 0.1260943051107608 0
0.2179999677292106 0.3745728475994998 0
0.2174358861826913 0.3671667981278227 0
1.470194912385563 0.1113592740814029 0
1.49512601376904 0.1132296766246059 0
0.1628191627344786 0.1238940417926539 0
0.1594596003337996 0.1244734022092075 0
0.2957901371486926 0.2086598158813703 0
0.2968973081104924 0.2122410078501235 0
0.3856260166240454 0.196433582450631 0
0.2249770968278393 0.2873801054821332 0
0.1278155619371037 0.3667147702420723 0
0.1442093703846422 0.007335811336218836 0
0.138016541354535 0.01310637574355448 0
0.138683610599538 0.00577056440733564 0
0.248193421863708 0.3481193580179602 0
0.2425985455548929 0.3462063169085161 0
0.2474902422979633 0.3419072071888853 0
0.2149053765756753 0.08918373513187565 0
0.07164032118257804 0.02298488139313618 0
0.06090782906909728 0.02288499336249515 0
0.2955941193384908 0.1562141702262651 0
0.2750674278523574 0.1279186547820472 0
1.155923376203158 0.04299615503020894 0
0.1015420668456991 0.2548906424729568 0
0.1022019402646465 0.2593620264444659 0
0.1435973308784891 0.1503359287277812 0
1.599137190394486 0.2741813230159985 0
0.3298205682274347 0.06693895191273784 0
0.3266075946382224 0.06038072161150192 0
1.612419550671079 0.2524429551941862 0
0.05292702706722773 0.324971885880308 0
0.05227170603947683 0.3176173851371101 0
0.06046987008269961 0.3217533974634674 0
0.1454232952841143 0.3129968415824305 0
0.3466991044680737 0.1525828841007249 0
0.123917288648782 0.2566893995058975 0
0.127214967939341 0.2579386973012486 0
0.1240317216571988 0.2602442508636351 0
0.288572184396856 0.1055127094173491 0
0.2863787173810469 0.1007958539573723 0
0.2655380954516539 0.2674813261421235 0
0.1472942180735158 0.366057788666201 0
0.153946312269074 0.3678335354938213 0
0.159876335132666 0.09062230396494825 0
0.1552467615634026 0.09047837994393348 0
0.2721668329291874 0.3222912621699583 0
0.2784808884741451 0.3214316174163928 0
0.2585237020917927 0.2860688253701636 0
0.2626053309379784 0.2869278512290153 0
0.8558866266145867 0.2692572500901598 0
1.63700125780179 0.254108576912382 0
0.7426953539078014 0.3514725519503831 0
0.7644822893250072 0.3500942580006122 0
0.06669021924295329 0.1002405514397506 0
0.05996555895230851 0.09893629739588729 0
0.0656696068290067 0.09469367384795015 0
0.3980500131563428 0.027661205492516 0
0.4110951201398329 0.0304100554572801 0
0.09813228982349095 0.1932582383619096 0
0.09638046746619569 0.1967100119412747 0
0.5127179596082587 0.008493593549921609 0
2.089428322255801 0.02157265533444369 0
2.06450874629836 0.02157265533444369 0
0.1693296701723531 0.2860724303551605 0
0.6574741526794295 0.3770969192683611 0
0.6375117437694073 0.3667369581460436 0
0.3150972128793033 0.1992962476025183 0
0.5064312693613625 0.1321291879863298 0
0.408141948022679 0.3531027014562867 0
0.3408072738790494 0.09508093405274763 0
0.3387559155803828 0.08835584799570086 0
0.1791929609517217 0.2763301186596687 0
0.008238110539984786 0.02031401679299888 0
0.9680809674535396 0.1590946955273875 0
0.9589384064278622 0.1406252586906753 0
0.9445736697945717 0.1187975063419821 0
0.1997829389906253 0.2662651654552072 0
0.3247425444283357 0.201306576749392 0
0.3261917348170393 0.2058990851605536 0
1.327914033278637 0.3159837438841851 0
1.303055019471247 0.3134144745528954 0
0.2878484013369524 0.1929152444768046 0
0.03403223684029291 0.1620400003531343 0
0.2072791953697418 0.04801478665026841 0
0.2991992328935645 0.2912955855931464 0
0.09772109632371037 0.09834386032569202 0
0.2131429150872677 0.324530935451693 0
0.2179032940913989 0.3261078344210498 0
0.3392850206794915 0.2349605458571788 0
0.3430097433107054 0.2306493500578319 0
0.1051726133383495 0.05343196026005856 0
0.1091121748070145 0.04738142140462544 0
1.067066763944736 0.3886466871562622 0
0.08875213280826555 0.1351117906635723 0
1.091996084046296 0.3886466871562622 0
0.1296234092062535 0.00577056440733564 0
0.1280679481757702 0.1846630501970368 0
0.1298369444592521 0.1873691707567131 0
0.2579414554351286 0.1539568818032039 0
0.1396330227259071 0.1145099687920328 0
0.143684630770404 0.1146887070802351 0
0.09752466930901071 0.06554461839950994 0
0.101369118331047 0.05970057326466588 0
0.05009001106522379 0.262582790022401 0
0.1027310498878657 0.263925831363039 0
0.1031835121126925 0.2685663488419379 0
0.1419408657668607 0.371095830022142 0
0.2062557953370306 0.08903045979064909 0
0.01902437301178764 0.24605976454316 0
0.01947465658388288 0.2398996603732536 0
0.02673313670610206 0.3903801745006606 0
0.01748948315000181 0.3831199014105972 0
0.2983022004906114 0.1638442174196324 0
1.83997870358457 0.01975096210378687 0
1.815059127627221 0.01975096210378687 0
0.2158424863794784 0.2879086220031864 0
0.2190814857301266 0.2889435954656685 0
0.2737801290741264 0.0952434350689655 0
0.2714486640032828 0.09073834136926505 0
0.2981313224418597 0.215865503014732 0
0.2991493127152328 0.21971727683081 0
1.710803529838887 0.2579290722760023 0
0.1504732799919015 0.09016709818604283 0
0.1457507346264009 0.09000716249146293 0
0.09914563020691741 0.2066240410343777 0
0.1021102190861188 0.2093140647666127 0
0.09824006873693314 0.2098247590253622 0
0.07742128127657717 0.2102428249869748 0
0.0815617592516816 0.2071295629470214 0
0.2700999234262536 0.2622230769521738 0
0.1429016037322425 0.121362398967379 0
0.1448633612082751 0.1185867248054024 0
0.3419192945610183 0.1410928091636895 0
0.1288989224655246 0.2402167924715803 0
0.1261763407093158 0.2389786665298996 0
0.09891355679338384 0.305519361389372 0
0.1001054248189129 0.3115054125696092 0
0.02589706880467287 0.08381865413332026 0
0.1121294288374728 0.1640842305477437 0
0.115808776774248 0.1656581745038849 0
0.1630767445600346 0.2833767370227552 0
0.5296215972832485 0.008493593549921609 0
0.2518667620530317 0.3379629839370495 0
0.2462718857442167 0.3360499428276054 0
0.4765098743771017 0.3979737479314219 0
0.3059971973781832 0.2830081608279894 0
0.8623481585904116 0.2501276178104361 0
0.864980021118311 0.2570334367420963 0
0.7180580496462267 0.390010011858499 0
0.6105381757466533 0.341909337804133 0
0.595534787069198 0.3521558330447299 0
0.2717858499860633 0.004605371587424642 0
0.2436852859985119 0.126344238334698 0
0.2420956272491865 0.1236085340968851 0
0.154582793649003 0.1265295178375324 0
0.1522813292587841 0.1282764806014367 0
0.2705560584107912 0.1743132975420969 0
0.2545871762528755 0.3500168146220693 0
0.2496954795098051 0.3543159243417001 0
0.2767546526375824 0.1780968977605706 0
0.277817518508631 0.1808168459162169 0
0.1334604641904435 0.2338102999382388 0
0.1217093272480867 0.2201505457328089 0
0.4114817079041403 0.1538146718038788 0
0.4056090245633097 0.151629955842756 0
0.4113909200854051 0.1461488694132576 0
0.05452784316216237 0.3338342062937189 0
0.04632967911893958 0.3296981939673616 0
0.7145624264466689 0.02204204793137708 0
0.2302115605183565 0.3209258284566858 0
0.2348782959510176 0.3221413210447472 0
0.2760380023162666 0.1753832797881123 0
0.2788666516926231 0.1757757370132112 0
0.56042227679971 0.3475682201952474 0
0.3469050575793658 0.2260704849297529 0
0.3450461291575124 0.2205452312656895 0
0.3507592330584285 0.2212986658951614 0
0.2608049880396245 0.1199055795256674 0
0.2588027306805671 0.1164013993552433 0
0.2825730151421764 0.2280954259745832 0
0.04631279372752892 0.1838186900996398 0
0.04457162742343231 0.1894377000228586 0
0.2179773458930147 0.3458490373557064 0
0.2216715559381993 0.3418766948530324 0
0.2229902250637235 0.3476112298506295 0
0.05695213056664492 0.1096393393018311 0
0.06316482450874644 0.1100803827755593 0
0.1704231843815573 0.1207120141767308 0
0.2121693113815434 0.1262038057809598 0
0.1949906985587805 0.04795896111228438 0
0.1213717469758653 0.217046443960255 0
0.1210469761866616 0.2140548830556713 0
0.103698427100865 0.273311462731906 0
0.1080970447907687 0.2752805054730265 0
0.1044930118365685 0.2781902217338201 0
0.2208486128617138 0.1162291562893456 0
0.22191696261986 0.114057456262326 0
0.2240718014380256 0.1165341376489534 0
2.142230754143602 0.1253160717769782 0
2.118654606684948 0.1129107464382467 0
0.06494238836322772 0.2970433239103152 0
0.05866231171262414 0.2940129560703773 0
0.0838301679825591 0.1440306324283673 0
0.2848333277165009 0.1976588131657345 0
0.9172757169786288 0.389066273466338 0
0.9422050370802066 0.389066273466338 0
0.4650973156901117 0.09524015687677252 0
0.3601346269844746 0.317720995521154 0
0.3616176736433099 0.3099532302279445 0
0.3653804393100983 0.3161521627601752 0
0.1207715694369195 0.2111019572558862 0
0.1204722518664268 0.2082229304793909 0
0.3817218090194792 0.3822833845275864 0
0.3944184749258076 0.3803116586232827 0
0.446682812240051 0.2830330746871607 0
0.4512452615459575 0.2782988944747417 0
0.07712119076217254 0.3026655406032009 0
0.07118978670903078 0.2998448392611208 0
0.08098195795067246 0.2578535707178213 0
0.08547606317752203 0.2540508322135834 0
0.2947049579828714 0.3798614390495671 0
0.1283366231812719 0.1498754438611134 0
0.1976798521154708 0.08860143660986719 0
0.1298963540757553 0.2236158001067824 0
0.1274717168608413 0.2254174725950339 0
0.3003953585662275 0.2235042960153701 0
0.3015643418695323 0.2273065651604542 0
0.5048061179321337 0.1442467387337101 0
0.1409664148076723 0.08980640505407313 0
0.1358923105554901 0.08974572586004452 0
1.942732718418557 0.06166587320762874 0
1.953366698081217 0.04031650190434532 0
0.4151206051599961 0.08485566393617559 0
0.4061493711450959 0.08398717194186338 0
0.4120448827109804 0.07655674243048066 0
0.01404526153494469 0.236926502263263 0
0.006188163636133198 0.2359009120578512 0
0.3009488075362871 0.1713976309400693 0
0.1146214843339309 0.1766873427677089 0
0.1163212132618741 0.1739136091773316 0
0.06960894378480974 0.2552783609177826 0
0.09245795251508851 0.1727735498481911 0
0.3440832608139244 0.216135816334205 0
0.1312132233882344 0.3808223775966845 0
2.018920211076003 0.107767627141809 0
1.993994298691749 0.1059400963525325 0
0.3698174714223043 0.2249020755585191 0
0.2693190441730663 0.2048394859186827 0
0.2681310553000896 0.2074806696121153 0
0.2745833447567459 0.257251523286985 0
0.2639338278452821 0.325238009308385 0
0.261866231811986 0.3202919938666336 0
0.2673990325545161 0.3213699664396904 0
0.1638514559614532 0.3202983587879791 0
0.188964608704937 0.2983953046353122 0
0.1855769723360358 0.2969181832090965 0
0.3016024477814668 0.241898769273238 0
0.298305824895706 0.2451690438911634 0
0.3372097095674064 0.1295831378980107 0
0.1568316577726991 0.2806739544845292 0
0.2801537560184292 0.2167846311341281 0
0.6038209066573188 0.3956363329521883 0
0.3127198778083397 0.2747000493854554 0
0.6456131305768673 0.3968055711994398 0
0.8991724344545065 0.064304893726834 0
0.1942773823048127 0.3591842184664176 0
0.1895074419074437 0.3569800994961347 0
0.1943435533286543 0.3530478212161628 0
1.438565057881459 0.02060258500672755 0
0.2791319839777197 0.2336262164061982 0
0.3548471896090933 0.2164955767115826 0
0.3585123034965786 0.2111566424520646 0
0.1279471461200538 0.2058730154813821 0
0.1303768115694521 0.2040142010186003 0
0.1843418289159903 0.2735287433652679 0
0.1318491146757978 0.1444678202293075 0
1.103675607158826 0.3019968270995032 0
0.1050559965448483 0.2831611911762584 0
0.1060890037505429 0.2881911087858772 0
0.05205266817570516 0.2911673735918556 0
0.04553342076835869 0.2880516526435007 0
0.5465568585652307 0.07592473044008828 0
0.5551855433863442 0.06105573007237621 0
0.5629282777388747 0.07439902918670653 0
0.3789077541514161 0.2141966240913847 0
0.3062295466499286 0.3409821347123431 0
0.3103900824710976 0.3479859044573435 0
0.2788881242477907 0.1836165177084944 0
0.2800266353041382 0.1864084037335063 0
0.3028937592263977 0.2312321665989422 0
0.3040773052329109 0.2353155954548376 0
1.128635446389816 0.3037612924555705 0
0.1826894065976301 0.04797191069135061 0
0.2593172581852936 0.2454622602621997 0
0.007740300101686753 0.3240413893274391 0
0.1307179798379096 0.08972227380408239 0
0.1253063036554218 0.08967477774786654 0
0.8726432961496002 0.2568391164221718 0
0.07234947802314007 0.1977102518897521 0
0.07687919249684676 0.2009486391433565 0
0.1860407271605264 0.1142182024305739 0
0.08154496130141287 0.1572350078111147 0
0.07890162606011966 0.1529469360533726 0
0.2469977396087468 0.3164409585695068 0
0.2517431317154875 0.3176629410090926 0
0.1270658886461201 0.2512132667393396 0
0.123974757191862 0.2534081844657487 0
0.1239401109070578 0.2502376052615773 0
0.1292047771856686 0.2432636774901418 0
0.1891982441164773 0.08790756169664006 0
0.2749349033771962 0.05423018938504702 0
0.2717251044033682 0.04840791643548616 0
0.2216535150440408 0.1211849819294189 0
0.2199061155403681 0.11865624353813 0
0.2810621231399273 0.06587840405689568 0
0.27794345683914 0.06024232179955463 0
0.06400210429732711 0.2128475362311809 0
0.0592403067277293 0.2099583960628663 0
0.4003157251166649 0.1790457719314641 0
0.3041298982813642 0.1787226538261502 0
1.786094290713588 0.2631396098725788 0
0.006188163636133198 0.244543018680763 0
1.33604549461776 0.3364570866484874 0
0.1734698017672744 0.3237532663019837 0
0.2979230209028059 0.1154977041325755 0
1.930907067942644 0.0820011206809827 0
1.988354312673885 0.3898399053773664 0
0.1505469536655008 0.278011280032956 0
0.1868870946521902 0.1344346436025683 0
0.3263194045355366 0.1179763881744819 0
0.3324600065189453 0.1185201227779298 0
0.199955264919152 0.131789619337974 0
0.2596664265682398 0.2793513616481764 0
0.2571991885314671 0.282172519398336 0
0.2724811054012526 0.1606007236792047 0
0.0996741592692786 0.1828093670670371 0
0.3628705247813772 0.2058661820696381 0
0.3192389739726549 0.2661587685238087 0
0.341820052417407 0.3775086705596134 0
0.3332848408627885 0.3764777751613506 0
0.2901085601630111 0.03003410361611836 0
0.2831738421912129 0.0295372585259723 0
0.1067104174350932 0.2934579470757998 0
0.1074540531253194 0.2986444759427216 0
0.02114359084656117 0.2339710493933728 0
0.2628835469681818 0.2349099410089486 0
0.1354054003344083 0.1390313181048967 0
0.1794592500277686 0.1145158182840181 0
0.1488780390936782 0.04204659599211352 0
0.1464253292614431 0.04812052961937963 0
0.1431705192699985 0.042492751565354 0
0.3268444890786971 0.2199372193257146 0
0.3282749193840714 0.2142480427393415 0
0.1090367026552505 0.4032024466271718 0
0.09443458949193829 0.2110339337239297 0
0.08987162698216627 0.2119422441677593 0
0.03792061948625559 0.2704294808944245 0
0.0364698636922821 0.2641528966564569 0
0.2247001407575747 0.1211476118340829 0
0.118899803305574 0.2189096647295941 0
0.4137816332434787 0.1609880364454234 0
0.8744672376061081 0.2454904251889658 0
0.882080906318699 0.2463359560966006 0
0.8770143804669794 0.2517341345028309 0
0.1142615666780664 0.09825489482222317 0
0.10885678284437 0.09822312710945315 0
0.1437889682769231 0.2403972397688709 0
0.141261355928508 0.240405046000452 0
0.1426501123598855 0.2375713744066177 0
0.2812757273259657 0.1891540229590407 0
0.2824356147958868 0.1919840029811478 0
0.07881880789813903 0.3160783158291079 0
0.08002288726643478 0.3229686383295414 0
0.08093264662190472 0.3302369603108437 0
0.08212896722825552 0.3374103094905178 0
0.1703135707545588 0.04764908406725817 0
0.06241322874899672 0.243527433681827 0
0.199896416658391 0.3244685217456559 0
1.481249753715062 0.3277217560155097 0
0.2090187682352491 0.2659272742885839 0
0.4259205001942103 0.2682423649825263 0
0.4286881300536392 0.2749504187614017 0
0.2526766247423886 0.1451596923276848 0
0.2090740418217669 0.3536380028534408 0
0.2045209963085368 0.3574422051128516 0
0.2036665392392533 0.3514477379270349 0
0.2825089996210271 0.2636201145046699 0
0.2797921971100328 0.2655826581614613 0
0.2636538205187746 0.132640502894366 0
0.3068981652322306 0.1863419464398895 0
0.2001378255147311 0.3615072301067665 0
0.1953017140935205 0.3654395083867383 0
0.179315230562041 0.102152718548515 0
0.1813516962056596 0.1052832981333033 0
0.4533681744511298 0.2662612537462503 0
0.4559957642635823 0.2732863556213617 0
0.1665309672265442 0.1285185011312743 0
0.2734411859769528 0.1635722380051145 0
0.2830681041089449 0.2431337929881493 0
0.2842029520880661 0.2467025440651132 0
0.43070381468684 0.2624791037079909 0
1.80376170970878 0.04047888910843662 0
0.3049396820366729 0.2394547730818706 0
0.3835957366612328 0.3654671127184449 0
0.3772743018943101 0.3734518903383847 0
0.117242790691263 0.2537812281415976 0
0.1207915109097197 0.2557137380281352 0
0.3828038984853518 0.1900132371006739 0
0.3752287221759936 0.1895733277709352 0
0.3797705779332626 0.1838647243727149 0
0.2981998661638397 0.2058773961181541 0
0.2443727868385594 0.1125781553564679 0
0.2453253218711596 0.1155761814210651 0
0.2418201680916377 0.1152029879733781 0
0.1318355863606545 0.1889925563563677 0
0.1441617872317504 0.2753684404455916 0
0.07165031987793913 0.03118379896241523 0
0.2673540406524639 0.3535337574034019 0
0.2720736887920271 0.3484770803489579 0
0.2740745039085424 0.3548379452471025 0
0.1828821485529258 0.3274027535882553 0
0.2914047293222058 0.3326586971104131 0
0.1664446755486921 0.4037850558126145 0
0.4011389512999457 0.09222352140429742 0
0.39806322885093 0.08392459989860249 0
0.3222038876404695 0.4033303706144144 0
0.266983163526939 0.198747911519918 0
0.8984272058226146 0.08393749878268729 0
0.8810917338661463 0.065995976081008 0
1.735753252235234 0.2595051710500539 0
0.1596702924942347 0.006263814102193538 0
0.1508318711112165 0.006263814102193538 0
0.04153255826468484 0.3594594577756433 0
0.260061776196246 0.3296875380175046 0
0.2655945769387761 0.3307655105905614 0
0.326033160709603 0.2575562535487688 0
0.2761465340005737 0.2231328484098296 0
0.2754897153458336 0.2256410557937395 0
0.2736648284449326 0.2232089666670365 0
0.1389511290192055 0.1334677234436179 0
0.2957898622647802 0.144843120950492 0
0.2972232431287556 0.148837112498334 0
0.3061127706001663 0.09751853063246464 0
0.3119107449768139 0.09839131558456056 0
0.3083561457044964 0.1030127302628288 0
0.1404933990945159 0.03075343973227638 0
0.1400937959901271 0.03785001683236131 0
0.5134563247101862 0.05576995711770761 0
0.5247180471290919 0.06595752304826605 0
0.05068965210179573 0.1643101061128123 0
0.1046774870025532 0.2185173724356006 0
0.356129957700595 0.05600958811462971 0
0.3649937249860724 0.05759899662773036 0
0.3595876369199732 0.06437434606537716 0
0.2853141663361067 0.3713135764532788 0
0.2908376794738305 0.3652076967063931 0
0.2926232432487 0.3727186276016517 0
0.2147888926779796 0.3799685831202494 0
0.01856427565671784 0.02734684069666547 0
0.0262676109390336 0.01849432058145204 0
0.8968378043420422 0.1517973304549297 0
0.9089253762480038 0.155356507060031 0
0.9044014205882477 0.1653362197497198 0
0.816883203688459 0.3049058070106741 0
0.7745889901630088 0.2977114277420638 0
0.7847492546475474 0.3059345721361714 0
0.7755275676268844 0.3111590679922229 0
0.7929088037802365 0.3074982784392266 0
1.664095918324104 0.3435227957130368 0
0.2381023844105392 0.03872356632718003 0
0.2322178790632737 0.03370416168000821 0
0.09763190025156016 0.3498035603961064 0
0.09885157798807626 0.3573619721544158 0
1.36167026345813 0.02101093256067745 0
1.964284124798548 0.02042490056915808 0
1.989203700755906 0.02042490056915808 0
0.1321166638246624 0.1581539130623423 0
0.1252267992796494 0.2047795998392351 0
0.1891642230881164 0.3713705628204768 0
0.5436362282358332 0.301081058825675 0
0.5463156367006483 0.311498098534213 0
0.5335745402522496 0.3107574894972163 0
0.1714662194511259 0.1306490056430705 0
0.1696543326719323 0.1282925224205662 0
0.303122454344404 0.3012152308670648 0
0.3473874995662851 0.1083979033471247 0
0.3502660555984118 0.1152099543870156 0
0.4852927775943456 0.3465387079635617 0
0.1354881215506092 0.1210945479930883 0
0.1338563303668425 0.1242512279261247 0
0.1320752191344443 0.1209394543795112 0
1.864820187674117 0.01998339657363751 0
1.853672954661767 0.03973435867742438 0
0.1551367116139348 0.05292859208970499 0
0.1581116655114359 0.04751899134900919 0
0.4877111829952604 0.3098351641127196 0
0.1385895474648771 0.2335421297472137 0
0.1357710954381282 0.232467356121125 0
0.09036593272718771 0.07731942623898148 0
0.08355550146890278 0.07756696735511466 0
0.1715284286443333 0.08697742144185582 0
0.1641788777996817 0.1212041733980899 0
0.1529605889076957 0.1230077553560455 0
0.1562476452039787 0.1239510267097418 0
0.3092013882805321 0.194337921149498 0
0.3065439938433319 0.1973788192655014 0
1.661478857315385 0.01869268327412538 0
0.2702597964942641 0.3042849297623482 0
0.2752587068862136 0.3052716092102827 0
2.098454891265796 0.22634062715908 0
0.1447167257056583 0.2478885827125881 0
0.1478051659675628 0.248870663697697 0
0.07641942643287343 0.07744698367126977 0
0.06913622953795487 0.07722718385720458 0
0.09654318163484663 0.2444566161434852 0
1.287472262150897 0.332773548862313 0
1.278317560512808 0.3119029230231083 0
0.1472057349859053 0.1152615208193159 0
0.4091088752567439 0.06869128640852419 0
0.4180801092716441 0.06955977840283641 0
0.241303568912265 0.3343622753247591 0
0.2456800886673333 0.3304180520729234 0
0.1376556472582888 0.2726503921959677 0
0.3210526262570834 0.1925430768944986 0
0.3193124599942729 0.1878709610760597 0
0.3239399597560549 0.1884743839983541 0
0.319184352922937 0.08872195193141215 0
0.1300985362514044 0.255829144633082 0
0.1298253053747705 0.2525741400444078 0
1.166851325260302 0.3902848803309681 0
0.1241066732704234 0.2467434762894495 0
0.1210155418161652 0.2489383940158586 0
0.0086679044196345 0.4013857533523236 0
0.02106732715386039 0.4013857533523236 0
0.2468786754940836 0.1264063212383117 0
0.3741231355999343 0.1397713915345089 0
0.8671836660872699 0.2443232000712587 0
0.04911358273406084 0.1796886596545505 0
0.04548208518381947 0.1747255925887304 0
0.4008823785871867 0.1474544136011593 0
0.2133203678663498 0.2901411904943174 0
0.1099286890954487 0.1523921685881039 0
0.1122459219579307 0.1552319540621125 0
0.1087253464605379 0.1555576303852863 0
0.3432998827954291 0.08238086469107085 0
0.3167602491276892 0.16734445441242 0
0.3152787466135711 0.1624949194785334 0
1.056746325179896 0.1544235682093172 0
1.063668693444234 0.1779867776541611 0
0.2202487149887182 0.3364076198381965 0
0.2252615941594271 0.3381698123331197 0
0.429011434505873 0.06947117518651512 0
0.0086679044196345 0.3891663843473315 0
0.2712878556542488 0.2219577681151327 0
0.1445018162134409 0.3277824786779472 0
0.1425891126684597 0.1276786894066188 0
0.278919578913389 0.09567203732369885 0
0.3334775407257571 0.24910473546646 0
0.09695693025151708 0.2035596594784136 0
0.7896964078142856 0.388631717908728 0
0.3158274715130401 0.284101478573433 0
0.1278089835117727 0.228408335482761 0
0.1251416644269067 0.2272126444212762 0
0.1878881329800081 0.08454205780532492 0
0.4898630963073516 0.1422948670509004 0
0.4973593226497452 0.1435527074197586 0
0.105085777306084 0.2084897218579771 0
0.2009677925356682 0.01905593196576097 0
0.09527760785783346 0.176155686876997 0
0.09083059372435176 0.1764830562439157 0
0.01414009624666228 0.2102009599665624 0
0.2742045284778173 0.1988452288071905 0
0.09752021247136766 0.2531799204641532 0
0.2380019198761898 0.1366742862036659 0
0.3426627126823151 0.1827462952573098 0
0.1182868162836106 0.2128526371572551 0
0.06184148120663417 0.07720344554069895 0
0.05795653843555675 0.08406417915831009 0
0.05433149529800115 0.07805280607401323 0
0.293744771790836 0.1059775922668165 0
0.3859792711848987 0.02669498410472112 0
0.1800852395575794 0.3414802098538627 0
0.1753934440445399 0.3448124479690307 0
0.1747700421687749 0.3393448134611975 0
0.337491991193749 0.06836301649443406 0
0.1182039289334725 0.1712561120743933 0
0.1940399439111774 0.1166747127055911 0
0.1971344571385766 0.1165650475279479 0
0.120282674142537 0.04143466207361423 0
0.1267834055391573 0.0421114700930245 0
0.8905144662149873 0.3933017431148617 0
0.9041148284700881 0.3723680165811998 0
0.2931688230949242 0.2518957943258713 0
0.08710971958074692 0.3761324361743664 0
0.09409479696760444 0.3797436981296077 0
0.08698154471831804 0.3851261036651596 0
0.1623472385452532 0.08673251970492464 0
0.09601210558535747 0.1898727074022741 0
0.2264181404147045 0.3241317365475691 0
0.109864948092484 0.2119659383702489 0
0.1091631926759222 0.2084761606210971 0
0.1383724786189235 0.2392782786366225 0
0.122697895368109 0.2292215127222203 0
0.04259207847547421 0.2601538758041427 0
0.1822397865907773 0.2951062175182618 0
0.1825595514066956 0.2988624395544489 0
0.1205577242150111 0.2049498896955526 0
0.1310947928267284 0.2698867859065642 0
0.1307509960311064 0.2663246547191865 0
1.918765191229006 0.1022055307376485 0
1.893813346336918 0.1006400638189156 0
0.4737817242907597 0.02349822589770347 0
0.3344994480128488 0.266177379554485 0
0.3367039783082738 0.2600000261345857 0
0.5095062918634731 0.1046817693490361 0
0.1510941222236488 0.3809789926511205 0
0.1560661646614012 0.3735357787199052 0
0.1513997718313224 0.2941620089347324 0
0.1556825015918769 0.2964394979207491 0
0.287139010346949 0.2985382106465937 0
0.2923729547241636 0.2996070127985845 0
0.06220573544127585 0.08830211921454133 0
0.8660013309744077 0.3147585773197962 0
0.8552361714380143 0.3084941653017616 0
0.867189095674988 0.2956667633261409 0
0.2814278120742294 0.259476465993502 0
1.322376176603873 0.1028489451297745 0
1.347008077687582 0.1042878151621337 0
0.09842796446615355 0.2295927905356761 0
0.09463078153021381 0.2276722704356555 0
0.09790690579164291 0.2254642030004799 0
0.3270472171487906 0.2107850116471115 0
0.2093720723756355 0.3278412988413223 0
2.181255708590463 0.307597584377622 0
2.181255708590463 0.2848198065997785 0
2.181099762879608 0.2617208632102047 0
2.181099762879608 0.2389430854323865 0
2.178781020872835 0.2159099298493588 0
2.178781020872835 0.1931321520715834 0
2.179948305108342 0.1707152062466769 0
2.179948305108342 0.1479374284689569 0
2.179998125044473 0.1253160717769825 0
2.179998125044473 0.1025382939992726 0
0.2806539077530987 0.181289026777947 0
0.3410753209347803 0.2404330031469507 0
0.2569696659699783 0.1262222449926181 0
0.2604607685698005 0.1263273615292166 0
0.2280336953784876 0.1207034657086356 0
0.2311076952964921 0.1206612717893493 0
0.2345429823461156 0.1207619108928884 0
0.2377093294920026 0.1207778979039889 0
0.09073879855392331 0.2261401118839755 0
0.08674044199817874 0.2240208678248167 0
0.2815636655238614 0.2398269967472076 0
0.1159787289643253 0.217629455446532 0
0.1129846785121005 0.2162595638680977 0
0.1155681725811279 0.214435671378606 0
1.129933239953323 0.08279402799692993 0
1.154269577550586 0.09337748959505376 0
0.3277539433863104 0.3839167931337055 0
0.3249782634853631 0.3749834807174408 0
0.2387043840399948 0.1151118927704688 0
0.239656919072595 0.118109918835066 0
0.1153326572991815 0.3716917191621651 0
0.1080719652682458 0.3694067580578941 0
0.09853545454710053 0.2621671462941905 0
0.1262744763970563 0.1580621068728508 0
0.1248905239055095 0.1553010383401985 0
0.09801183400856389 0.05315760158104409 0
0.1390988543668178 0.1722658524882371 0
0.1247347665037883 0.1607571682154567 0
0.1979804452251088 0.1320161667735803 0
0.3006052568544972 0.2131467421972556 0
0.3066075989299858 0.323110727846219 0
0.3132679326596941 0.3240527663288855 0
0.06494226390000887 0.1483715800192751 0
0.06211525867398297 0.1432162036852678 0
0.06785364380782408 0.1432081437618854 0
0.1529698752210946 0.08626076209070944 0
1.761157081123494 0.2613733785993514 0
0.2118168735346379 0.116234897436011 0
0.2147832244756905 0.1161349162520427 0
0.2223652111194041 0.290078859983294 0
0.2257372483387993 0.2907905067131239 0
0.5612466297735009 0.04490933502254189 0
1.787038741719014 0.3472777576281146 0
1.413645481924093 0.02060258500672755 0
0.283656551232746 0.1947739446471089 0
0.07704069878775845 0.187893811172293 0
0.07483867938273747 0.1927486551746896 0
0.2433679419458818 0.3199977206426889 0
0.3200918273010908 0.3255074241182607 0
0.3271925989084494 0.3267452348030733 0
0.05883858076636749 0.1379435304418336 0
0.05589428927828246 0.1321885369678843 0
0.0824433325886624 0.2222409167647621 0
0.0783211271605448 0.220177259504038 0
0.2363714161140414 0.2925345645192268 0
0.2338027677676417 0.2950812781883049 0
0.3648663521544826 0.3487768512934767 0
0.1923745688111064 0.1140671960088582 0
0.2881974255852542 0.3579910238509888 0
0.2955065024978475 0.3593960749993617 0
0.2490854066775421 0.08574871561033777 0
0.2539174275838358 0.08588030396425027 0
1.242734238048732 0.3899393824951456 0
0.4194972033229176 0.3265030965274017 0
0.4228156656307327 0.3366502196784256 0
0.2519391850828663 0.3616431114035773 0
0.284988706206845 0.2344912504374427 0
0.3487228472116216 0.2314027846873037 0
0.1257173640393219 0.2330762066083026 0
0.1281394908396332 0.231425145700961 0
0.03999258562035794 0.3352294194062033 0
0.03839176952542331 0.3263670989927922 0
0.06502405120631122 0.2236889941418805 0
0.06007685537513244 0.2211834980126149 0
0.06453714812504868 0.2181612905597886 0
0.1133590835241553 0.1941760188777682 0
0.298585752047963 0.1412486758252757 0
0.3032164616642028 0.3603078216860412 0
0.09957947915849229 0.2714760651027316 0
0.880256964862191 0.2576846473298066 0
0.1870629879166121 0.2744766160878981 0
0.1844204845355325 0.2758540023187795 0
0.3815315781048875 0.1611802219529447 0
0.3790742724720757 0.1540941608716804 0
0.05182846643183056 0.2388751328365739 0
0.04574321789243654 0.2430062579770567 0
0.04548010141284367 0.2371579563506486 0
0.2811613773046714 0.3567919568753393 0
0.3467975574979024 0.2751794224733313 0
0.3403416509764031 0.2756538327881208 0
1.511300640578533 0.0196116321723992 0
0.1235684311817486 0.2406997570750245 0
0.1233478874732384 0.2376699964527269 0
0.2288167615191184 0.3494750033613303 0
0.2251225514739337 0.3534473458640043 0
0.3345774572007681 0.3285957341293463 0
0.3422557221459244 0.3299163508951002 0
0.393512636799914 0.36772517347823 0
0.1304695432735678 0.2296299738747188 0
0.133110681849113 0.231303840275805 0
0.05252878263208242 0.1265879176046183 0
0.04941879971278575 0.1207142791726157 0
0.6961130221134791 0.08348085132104922 0
0.7127536218889914 0.08897402704282266 0
0.3718563854321377 0.2131777286039084 0
0.03834399262073089 0.2775901838108074 0
0.2618612572283697 0.2763074112625517 0
0.2630130128051604 0.2800303477086343 0
0.3030853170368593 0.2205582565464241 0
0.1434120738308649 0.08574872289542899 0
0.1198868431899245 0.1686002136049094 0
1.83603614925265 0.3481154773112968 0
1.861069908996007 0.3475703198229048 0
0.05574139057705851 0.382790319612798 0
0.05473834582973212 0.2188202489620331 0
0.04936055918317022 0.2159638793379566 0
0.05421216564730798 0.2127994248064465 0
0.2809405247369888 0.1738817731072745 0
0.2816571750583046 0.1765953910797328 0
0.06564711678015395 0.3037785112317103 0
0.1169434995196994 0.09365987084763525 0
0.2034667940350626 0.1258972381812059 0
0.1128512359183429 0.3181509394505317 0
0.1175379285146091 0.317389695622534 0
0.1159836094418299 0.322910427631682 0
0.1432516293108057 0.3783439567436088 0
0.1454227731808237 0.3861491947104783 0
0.2198416372410865 0.2923539966966592 0
0.4502599773503858 0.2979710325030573 0
0.2690381264251878 0.08601168219635942 0
0.2742748675713255 0.08621796999210449 0
0.3761118657800845 0.1780088536167654 0
0.3181752325181839 0.3462187113471826 0
0.3846803888990779 0.0924221349208391 0
0.1410686089389939 0.1554188287853833 0
0.1412991740294149 0.158457949994577 0
0.1167033246903468 0.1521490540961906 0
0.1152356076752391 0.1489069027916818 0
0.1184896677727444 0.1489894646229423 0
0.3174093512542642 0.3371841274049844 0
0.1418729668405336 0.1532149245441823 0
0.3619412929653414 0.07172618841252897 0
0.3530775256798639 0.07013677989942831 0
0.303662213259796 0.200239501039669 0
0.2733163295738069 0.1748966230774202 0
0.9459332677362884 0.1596669339310719 0
0.1054431235537654 0.146038390235751 0
0.3503805020089161 0.3314542969681853 0
0.3556572079250797 0.3238261448892205 0
0.3586206867350994 0.3315480801323495 0
0.09458705681041342 0.2003734173170925 0
0.09232914363130673 0.1970988455946672 0
0.3567061180309468 0.222020830375646 0
1.297231339416853 0.3535283352486657 0
0.1733134550084572 0.02634349942490942 0
0.1688514600132117 0.0195349895380993 0
0.04365702998922666 0.2134020633004948 0
0.03836857762933317 0.2100129507847215 0
0.1183645914006958 0.3084519851307816 0
0.113425235154718 0.3066111824347028 0
0.1055131731796689 0.0397332229135423 0
0.112810018970817 0.04022565574173096 0
1.918924036488474 0.3316517269753278 0
1.906886348844482 0.31149166095854 0
0.1006573788549446 0.281192148435138 0
0.05279007489743189 0.2981314134023831 0
0.2740327570929753 0.2279971793261897 0
0.1827125594730044 0.1084955048542107 0
0.1215687990461545 0.1551223820384388 0
0.120081030354747 0.1580169821391054 0
0.1184696160964445 0.1551262160281179 0
0.2412530803916958 0.04315226494309985 0
0.2477150429843251 0.04317892683062643 0
0.3056607802447194 0.2282708771694722 0
0.2227339308494594 0.3276977363809271 0
0.2190081164518855 0.3311108353584065 0
0.1334534232945558 0.08552451340207705 0
0.2804088308619236 0.2366276917878731 0
1.842354067183894 0.05978192929809664 0
0.09030612687245332 0.3474372837985211 0
1.252966935839881 0.309857998043564 0
0.0441832101716508 0.2194228874560814 0
0.04484458759171331 0.2258966290483371 0
0.03914105839776975 0.2233348130108753 0
1.889739763631483 0.01998339657363751 0
0.2705898342379157 0.1898028896914964 0
0.2699309815011148 0.2025609949181287 0
0.3452192009559441 0.3376382861382293 0
0.3476697587434656 0.3457797501166087 0
0.2669770635326918 0.3078783998708278 0
1.28688007785345 0.01857777630839762 0
0.2301731948272692 0.08492963882797236 0
0.234685862715464 0.08506415266614405 0
0.09811136802796859 0.1078161667409659 0
0.100673320162164 0.1031002158387064 0
0.2815475241918038 0.05448877253457097 0
0.3102764609117054 0.2088267424422307 0
0.3061282230947729 0.207725440545998 0
0.3603774875689436 0.1706325668943914 0
0.36277168470877 0.1766367371170243 0
0.2790491506344437 0.03623710139701303 0
0.276233178843864 0.02984578485212829 0
0.2829736055140861 0.1868343177957589 0
0.2610204578881621 0.114270701011866 0
0.4121121008558949 0.1003665480255845 0
0.4048351329883992 0.09920615760843086 0
0.3651522958664102 0.2119272808096408 0
0.1789967783437255 0.2936363567990946 0
0.1163163092365466 0.2207335572190859 0
0.1137240103755977 0.2227701063757652 0
0.0741289996946691 0.2229217127182184 0
0.07006247275555186 0.2260684144969315 0
0.03350585463082965 0.2271371654197219 0
0.03318771085666581 0.2333763810532472 0
0.02689112966966321 0.2307049918698381 0
0.2697199995089528 0.3420560915764151 0
0.04928501630473678 0.132233674092523 0
0.0458319872758492 0.1377873342270818 0
0.04246648062964917 0.1321867148638158 0
0.1018417772477748 0.2914299561674988 0
0.3364316100198254 0.1816599059005881 0
0.2007839289895749 0.3295273731248264 0
0.1961136805905199 0.327834230586367 0
0.1297906590899664 0.2494035608402364 0
0.1295219561574136 0.2462808076816274 0
0.4964190108247438 0.3353739525547778 0
0.3509401830746491 0.3539546867721819 0
0.3537322067761905 0.3625661795320362 0
0.145415614075261 0.2823697754124142 0
0.1464357053989782 0.2862297650427061 0
0.3078525744053469 0.2363356562349933 0
1.820286297533628 0.09851892931527269 0
1.832009686400308 0.07987725885770135 0
0.04053074756406851 0.2923033165431131 0
0.0398837369719143 0.2850691382627525 0
0.2992920995246289 0.1532856950665323 0
0.2944950217893818 0.3046178136815424 0
0.2961765700016793 0.3101233996236279 0
0.2906272300642014 0.3092748076425108 0
0.1182379685960244 0.3281313219899596 0
0.256850413101781 0.319102190953031 0
0.2532937457164585 0.3227207867913897 0
0.07357389900735306 0.1529036020705195 0
0.06804023626205516 0.1535114320582193 0
0.1366731089872431 0.3152978767721096 0
0.1320691766120395 0.3136197666481271 0
0.2540375540275012 0.0193549940877027 0
0.2657254218268386 0.1298673457867046 0
0.2672771894285663 0.1330109741031505 0
0.5534686225859413 0.09787023775502258 0
0.06560218000563561 0.2290906219497577 0
0.06113391895421314 0.2322966692602021 0
0.264207571759466 0.2735636102470833 0
0.0742880907000418 0.3275599607959535 0
0.4337215873423595 0.3385501107687195 0
0.4425507947761467 0.3272705303692987 0
0.4464855881016372 0.3373701199707524 0
0.1360355142598673 0.1668735456117378 0
0.138575429010874 0.1672403570339671 0
0.1373180899255958 0.1696289162588114 0
0.2838122788300443 0.3026629989664391 0
0.1715759653950913 0.1178398160925632 0
0.2055453280972446 0.3636974950331723 0
0.3364913581546183 0.1135385498254691 0
0.3327868705008471 0.10703472287864 0
0.3392509412537879 0.1073430700547735 0
0.3009539004548724 0.2031025393427184 0
0.405045453118748 0.1732420962673484 0
0.3436830119125138 0.1018940764002956 0
0.3489438321915466 0.09613576734509884 0
0.2170246078445821 0.04287502361066145 0
0.2232440863382 0.04303127799079931 0
0.2984235304554744 0.3157559117215932 0
0.3001291857632273 0.3217474772236635 0
0.1215946556915847 0.1660199982775112 0
0.1232338709660475 0.1634012591973794 0
0.1275725079965637 0.265000313982764 0
0.1305078889823004 0.2628178893954085 0
0.08824847667488309 0.1263906452321883 0
0.09069513052998276 0.1218724458109402 0
0.2764417291651082 0.3618486339297833 0
1.909873809099443 0.3907372726310166 0
1.906293352073739 0.3502272729701386 0
0.2124711090783992 0.08483491335149258 0
0.216814676637921 0.08484871015856686 0
0.1384647217814158 0.1621659527997877 0
0.1109581504609157 0.2247221312960407 0
0.1082272186209072 0.2268846252167492 0
0.3006281364818512 0.15715078493747 0
0.1184627740929 0.1397397535260419 0
0.1191296314308306 0.1436594384617117 0
0.1032078575447559 0.09821865116023955 0
0.1059045590059164 0.09346677159643875 0
0.06230185112821404 0.1535194919816017 0
0.05634533317958577 0.1536415715863088 0
0.3506403622818421 0.1475712005045362 0
0.3530275711264789 0.1533246991673796 0
0.3021985020587633 0.3281267752112924 0
0.3043210052625828 0.3347426909305817 0
0.2978425920958243 0.3333794403080262 0
0.09288757058697031 0.3628161310160384 0
0.08669310712064274 0.3680642692278365 0
0.08535770587757974 0.3601303696050605 0
0.06551118640039927 0.07121581077290771 0
0.06169120797305887 0.06447994966671576 0
0.06898595630437956 0.06450368798322138 0
1.215774129151217 0.01531079367565929 0
0.3704223174972289 0.0509977616964712 0
0.4417387238367022 0.1259766059163054 0
0.1051475054517316 0.2288982878787121 0
0.1021529753931802 0.2313326603311143 0
1.999779380234547 0.3698394130330139 0
1.306159876956746 0.3740229473910031 0
1.31630563626846 0.3926371623383874 0
0.2878594953809872 0.2475703078309982 0
0.2918231028691687 0.2481885449297413 0
0.1016948742905905 0.2238127834924689 0
0.1835198981467691 0.3326643375494865 0
0.188301925268449 0.3344613851648219 0
0.1842438648034944 0.3378096229613649 0
1.732604115298707 0.07006773978133303 0
1.745551869338471 0.09326689723544217 0
0.07994200976774929 0.07135953277325824 0
0.1362695167240356 0.3762660320814998 0
0.09887685113175113 0.2335407277662898 0
0.09560206172778188 0.2359787953525665 0
1.386589839415474 0.02101093256067745 0
1.9817550450031 0.3144753227344565 0
1.968826700125608 0.3332687991932068 0
0.07314142759438161 0.2126085791462662 0
0.1197355783443794 0.08903838174712043 0
0.1227083672659328 0.08486466534536881 0
0.3518944422582913 0.3176272123569898 0
0.2734815006621319 0.2631248233516705 0
0.2712504680855444 0.2657235755125868 0
0.1237894942986784 0.2437263460979639 0
0.120961041062601 0.2424176760207913 0
0.1033515435485629 0.08827403757481521 0
0.1090004688481769 0.08827851352402881 0
0.3707902111814413 0.318702270597876 0
0.3722732578402767 0.3109345053046664 0
0.07894238027398494 0.1832737920889735 0
1.195542314016226 0.1002065051170055 0
0.2685098626819856 0.04244241023703899 0
0.2753237290084774 0.04251113392161619 0
0.1634848642057343 0.2867146721504334 0
0.1603637784151065 0.285365873036659 0
0.1922895757667138 0.3311045908592405 0
0.2820098071600377 0.09118011758638521 0
0.2842439809240062 0.09590752574507394 0
0.2394726189554028 0.1393787457800776 0
0.3203611566091153 0.1178553382098753 0
0.3240690394752563 0.113109152684729 0
0.1021079578671398 0.3748609169195167 0
0.1220406408907932 0.1326892112560672 0
0.1197896084967943 0.1369209184042206 0
0.1001869792311392 0.365295871777192 0
0.04568389288503498 0.2314176929066485 0
0.03959864434564096 0.2355488180471312 0
0.04984358684840817 0.1079405515760559 0
0.05387762764801834 0.1027843872619125 0
0.4088686377963953 0.166730182245051 0
0.2708584569758345 0.1332823884229971 0
0.3236787950361528 0.2216488310560928 0
0.3241423187010619 0.2252848079600903 0
0.3190374743141292 0.2235116046431328 0
0.1550395558826194 0.04181023293278466 0
0.1517847458911747 0.03618245487875903 0
0.2396305956984902 0.3237221445040018 0
0.235959472087909 0.3271495611108224 0
0.1911346104014381 0.04267891617747182 0
0.1972831553363268 0.04262861538969209 0
0.05752278555619535 0.05745812272451779 0
0.05364675410437815 0.04998257374170226 0
0.06128994642522197 0.0502922778942139 0
0.2534561761974427 0.1264295799665493 0
0.3135339993837842 0.1950954119528225 0
0.3179883399908207 0.1961404896219001 0
0.2894689456276954 0.09630393422005869 0
0.2823582280619812 0.2341237194765211 0
0.1961408594802012 0.08418215316502908 0
0.2004107890226381 0.0844716978116587 0
0.277153324909568 0.3688048954370984 0
0.270066451513439 0.3668508838088616 0
0.310236590710359 0.1804782203389403 0
0.3138277562410084 0.182112151689256 0
0.3096275917063133 0.1838931518645395 0
0.2545247163010185 0.3281328781555489 0
0.249417434914725 0.3266936282116105 0
0.303316613155689 0.1681555280870482 0
0.3045911760064663 0.1719439842850556 0
0.368724064684624 0.09206343321237485 0
0.1642981205605436 0.3253431134719183 0
0.3178674232150221 0.2755760537662709 0
0.3145437019723432 0.2797459587472452 0
0.06816152058298114 0.3319680904919605 0
0.0672517612275112 0.3246997685106582 0
0.1754042680665504 0.3504528540881097 0
0.3110732397739168 0.2327409456140467 0
0.3119356165776788 0.2368801232410797 0
0.1408650916273593 0.1245586042040691 0
0.1393057448878905 0.1212101163030117 0
0.2263370063007922 0.1182616915505257 0
0.1286486100689673 0.1443130038563 0
0.1304253128887833 0.1416188648943512 0
1.088493001350437 0.1811921259380508 0
1.101773585523185 0.158668655937027 0
0.09746243351727289 0.2944806927069318 0
0.09684101983272254 0.2892138544170093 0
0.2623497644258186 0.1616436214029404 0
0.2596475479215261 0.1614993772868109 0
0.367498164147339 0.2184681889863349 0
0.1356719576172036 0.1273956735729593 0
0.1322590552010387 0.1272405799593821 0
0.4774358330343899 0.1319454441045737 0
1.396205360982482 0.3190984415605851 0
0.1302129692598211 0.2593839959908195 0
0.1845749544738248 0.1114140344207804 0
0.1877630987405576 0.1113112251759289 0
0.1488146089470903 0.2456851563860032 0
0.1622397488800512 0.1185388466871842 0
0.1592143635929116 0.1182526540529722 0
0.1604047617506496 0.1153174855129703 0
0.07600837608661656 0.1484068540787457 0
0.1322485464485382 0.286214992339528 0
0.13694501127204 0.2888056897427945 0
1.590794577247084 0.07972588805926945 0
0.1485100948198936 0.02997908051081058 0
0.143380264812176 0.02431370230499907 0
1.546007052530286 0.3923644016042815 0
1.672072076605767 0.0912167450232866 0
1.684087410653892 0.06942619853939687 0
0.04007955786846436 0.3001217716339311 0
0.09754845536101397 0.1795869764105485 0
0.2636687545981374 0.2382205092152765 0
1.745419445690052 0.01815913335719655 0
0.3226158397526026 0.1967439125441944 0
0.3278068306945985 0.1977091640219905 0
0.3425880902946088 0.06203593307827687 0
0.3392652805900673 0.05475735050617113 0
0.3474010599299542 0.05550635498017077 0
0.338924077271886 0.1188284699540633 0
0.1000506170207101 0.08312255776163256 0
0.09724739013367842 0.07741117911711415 0
0.1771252408573237 0.304876980428336 0
0.1730062990011094 0.3028582241903999 0
0.2855075611518043 0.04874029160118493 0
0.288516114613748 0.05475242401569253 0
0.3514196858854589 0.379703325714069 0
0.2970809267062925 0.101666103871545 0
0.2948859230216899 0.09658969220885068 0
0.3003631676432462 0.09706353364803859 0
1.391072562925901 0.3916342059191298 0
1.405922299797512 0.3704992154837305 0
0.1082793511451612 0.3040173495818317 0
0.1032884889521668 0.3020696680965315 0
0.1259030044303649 0.08168668636108965 0
0.1291974801730947 0.07771716523489942 0
0.131573568319705 0.08153154021992468 0
0.2773697260377451 0.08160366808267985 0
0.2797802636158401 0.08633032725558548 0
0.2204580327790435 0.2958983621539235 0
0.217174307389766 0.294763097636298 0
0.1698188531512431 0.3374408820531193 0
0.1745106486642826 0.3341086439379513 0
0.09125985722843395 0.2302686994191716 0
0.09198643989108878 0.1901079546751119 0
0.08993750457412436 0.1937616027345091 0
0.08780139017812411 0.1904341171907715 0
0.05689783118172736 0.2413027856943397 0
0.1653692759574197 0.1182690048580879 0
0.12819603765509 0.2721442157859107 0
0.1250430168664209 0.2738229714238091 0
0.1246625942567007 0.2701858349444404 0
0.09395954221026936 0.07157126933523579 0
0.09064321190252 0.06545286552137726 0
2.180922196887833 0.3530555555553901 0
2.180922196887833 0.3302777777775593 0
0.1375246336554924 0.1178983427563982 0
0.1358153993886258 0.1143944004821094 0
0.1417172351949118 0.0813360030325518 0
0.1465015550136403 0.08153676046994161 0
0.305813242098814 0.2177117906378633 0
0.3070592879498087 0.2214988098224234 0
0.1788240880879712 0.3307509913847983 0
0.1447428660374734 0.2788827748886938 0
0.1415184027142135 0.2775486263284511 0
2.180587402262796 0.07991884033329087 0
2.180587402262796 0.05714106255557311 0
0.09560363789895707 0.2745297544582564 0
0.09508872291078449 0.2697846405682884 0
0.2275229627751912 0.3291347374849258 0
0.3547424000444038 0.2326571677820079 0
0.3508470857757434 0.2372360329100869 0
0.2802441317580199 0.3066048513157493 0
0.2768239628360488 0.3103196842935791 0
0.3765824460164461 0.1468574055199987 0
0.1610183723089325 0.0416548502356547 0
0.1692314485965654 0.08243483954143362 0
0.04414598537175395 0.1649694378856081 0
0.04694312086296202 0.1595628350027561 0
0.3120925153920494 0.1911821631688798 0
0.2624984052214571 0.1233445034141601 0
0.2641396895687035 0.1265140164628637 0
0.2103607808189241 0.3329854543751166 0
0.2055553735007346 0.3313058198179096 0
0.2992220164123923 0.1064514337060044 0
0.09387599118935724 0.1865452218585365 0
0.3396094526280475 0.2511816595510774 0
0.3357638844272052 0.2554020385390187 0
0.1389932538241077 0.1275264067422515 0
0.09445582434573298 0.04646995876840119 0
0.09104767161534078 0.03956699281732399 0
0.09840717628547424 0.03998602262535957 0
0.4312395601205532 0.07991963367355014 0
0.08305617934676508 0.3449249667332544 0
0.0761250621740213 0.3423429400199924 0
0.2979222946616416 0.3004556047797017 0
0.2154180782306577 0.3348177178783193 0
0.2116013793557568 0.3382822388549065 0
0.1314752154364486 0.273523922385933 0
0.09375445734783619 0.2558484432957974 0
0.0932683248953225 0.2514250223843332 0
0.3456277705336359 0.0691120209684337 0
0.3033686905991448 0.1161660450143572 0
0.3087460434508871 0.1170218728809286 0
0.3528071479960534 0.04873100554252397 0
0.3472335775236661 0.04112860620451615 0
0.3559624752943069 0.04163183933897508 0
0.2091261238612482 0.1262310396950055 0
0.3104656604853788 0.1079925595398821 0
0.3046676861087313 0.1071197745877862 0
0.2644839090385274 0.1200922344593145 0
0.3155008098669183 0.3309446836232229 0
0.09065232933843045 0.05273857177300851 0
0.05592720085855228 0.1431069666992232 0
0.3039177669155637 0.09244211896977035 0
0.3013782537488455 0.08682397821704919 0
0.3071278567057657 0.08727897520147525 0
0.2561854653945126 0.3336603794377254 0
0.2574038219482593 0.3395176437990052 0
1.344974032157653 0.3569516987908248 0
1.369882318612244 0.3559487423715672 0
1.354975082643712 0.3742713682575173 0
0.4267504589562232 0.3467498092798794 0
0.8655851461133981 0.3933017431148617 0
0.126714063389571 0.2450255573436827 0
0.2592191720713636 0.3454965704017933 0
0.2607212297174607 0.3516931367255332 0
1.453234210451719 0.374299057632501 0
1.463313793681562 0.3954340480679003 0
0.06193141889212037 0.3368229250241029 0
0.05533407094383221 0.3415492331111566 0
0.2501180625651651 0.1263525324435248 0
0.5200082202142009 0.07805858831563695 0
0.5341042972978092 0.07468249659312884 0
0.2852034932870402 0.2284629569355047 0
0.283711859322641 0.2314897750557678 0
0.07367647142210317 0.2179223334748739 0
0.2124391307599869 0.3438790190128667 0
0.2137577998855111 0.3496135540104638 0
0.09308750135848992 0.2979303859997723 0
0.08803059650657361 0.3011736178334941 0
0.2146122569547946 0.3556080211962805 0
0.2207081871855071 0.3578005154316481 0
0.2160244291217628 0.3618249642746251 0
0.123279109647207 0.1524102722292109 0
0.02683316610812403 0.3569623905279687 0
0.05522524891099467 0.224347952544125 0
0.08330357542504713 0.3053080237337252 0
0.07807689978883162 0.3092225097130403 0
0.1987347936403908 0.3494005086489954 0
0.2032878391536209 0.3455963063895846 0
0.3073309813331837 0.1787912383653475 0
0.3115311458678788 0.177010238190064 0
0.2892329827777705 0.04246625907658177 0
0.2938630494914713 0.03558635669334598 0
0.2971062182874493 0.04212404069907071 0
0.2108600212206797 0.2919202844427839 0
0.2272144866297104 0.2628971529060888 0
0.226428470525925 0.0386565339540578 0
0.2854436339727728 0.1923698786872544 0
0.2240481680212062 0.2967960012250097 0
0.2802216453541833 0.07648596425543683 0
0.283476501119294 0.07149610330498081 0
0.2861299778473703 0.07672616439570483 0
0.2776081483589764 0.2678497882916439 0
0.2869704556331143 0.06611860419716369 0
0.2910845487364787 0.06110062156314269 0
0.2934989267158453 0.06671832081122782 0
0.1550094588207149 0.1052888492842173 0
0.2444491180827733 0.3250059607087641 0
0.2822643923558263 0.04220260759546021 0
0.1152155559989392 0.1550436541968573 0
0.1203414403871709 0.1462708730984543 0
0.1218091574022785 0.1495130244029631 0
0.4500891053079246 0.1486256653874919 0
0.03284447721076714 0.2206634238274662 0
0.3566144051501193 0.3473511688668876 0
1.321138258649228 0.3547797125344376 0
0.1834966732057908 0.1302165272277761 0
0.09808825877354213 0.3001464877502619 0
1.48713557974802 0.352161873261263 0
0.02146173462072501 0.2277318337598475 0
0.03490495114652157 0.1313010828490566 0
0.03835798017540915 0.1257474227144978 0
0.06896774836465097 0.3396831173093982 0
0.1106293749806158 0.2214053728562992 0
0.1143455631302104 0.08884975844513752 0
0.3021252768141626 0.2067473902572114 0
0.07263642323526444 0.3134358326985836 0
0.2073818333482533 0.342046755509664 0
0.08283950340018945 0.03914458678790327 0
0.4505646513060726 0.3535065980238661 0
0.05570010053805717 0.3495247352642618 0
0.04829652480809917 0.3465360165338778 0
0.3884829062084363 0.08353965071317897 0
0.2627220448339759 0.3580540016236778 0
0.1618576136967271 0.1123339641201265 0
0.1525934830740148 0.05856958995533654 0
0.1495896205452028 0.05331537191177069 0
0.2635378754128445 0.3411939659024691 0
0.07957985487135634 0.3734466747633884 0
0.05404801565221506 0.06417024551420412 0
0.1047838018967582 0.2253710604385376 0
0.2959168873184707 0.2486825109336957 0
0.1546716116088349 0.02974271745148172 0
0.1848672666792594 0.3432772574691981 0
1.793417328925194 0.06057421866804134 0
1.783300498124768 0.07772561032970247 0
1.768575118044914 0.05860724567096064 0
0.3013315311932748 0.1114312629830577 0
0.330762670833995 0.1938360963129921 0
0.04499156380848807 0.04925432057036576 0
0.04875872467751469 0.04208847574006187 0
0.6127522017231315 0.2953814850071816 0
0.6085027759308905 0.3023625364937669 0
0.2238473894210852 0.1121484483261068 0
0.06894930012850589 0.2153530323604466 0
0.2194187030464411 0.1311952804530741 0
0.2196162430484622 0.1341057179648551 0
0.2638056011391096 0.08610370563504795 0
0.3494018878745612 0.2822088077820621 0
0.1460059066716445 0.3223702290888287 0
0.1482643234754991 0.07275926294855531 0
0.1491367010636982 0.07770272661265103 0
0.184535717138186 0.3545015423927307 0
0.1762934266963217 0.2917620049511819 0
0.1731385861803367 0.29036054737079 0
0.2829751044924511 0.1724342973616081 0
1.818487089788634 0.05959725376717846 0
0.1399373622704502 0.1652406731308737 0
0.2574404290853082 0.2476743062273961 0
0.2555972855686723 0.2502023036743521 0
0.2587316762640137 0.08596679736227111 0
0.2679046493858485 0.3360771649736271 0
0.2706310369995087 0.2244659754990426 0
0.2712772628777396 0.2274861997677194 0
0.3450003646716002 0.1197259128555152 0
0.3167791317734503 0.3753947707091692 0
0.3577711365303161 0.3712075859924546 0
0.2402128296065185 0.2527581157521374 0
0.498984474078974 0.1314351566723783 0
0.4912873520313945 0.1317249282046193 0
0.3536041273674772 0.09038308547082942 0
0.08792961558424148 0.2331495326247836 0
0.4574837242358386 0.1497503235207238 0
0.4622852632713678 0.1431871802266248 0
1.870476563102748 0.3283591506970479 0
1.884280590624076 0.3481911698041009 0
0.2157257217970362 0.1137078290032583 0
0.1610894985768445 0.3681955595294755 0
0.3616112383446967 0.3813046581649119 0
0.3724101961147229 0.3816404126324992 0
0.07341558360361378 0.1438212967807903 0
0.04459563589750977 0.1945692188214276 0
0.2482385090316012 0.115862526925197 0
0.2456858902846795 0.1184873595421072 0
0.1501648018662134 0.01359962543841237 0
0.1193069315202132 0.312957386212137 0
0.2017726374328635 0.3346715286586207 0
0.254796446636952 0.04291236073046901 0
0.2615259707973542 0.04278462977106466 0
0.1965750171908865 0.1390125305760662 0
0.1981513748733123 0.1366330914614432 0
1.079183570425725 0.1470823258870529 0
0.4306557201520799 0.3091702946634574 0
0.1229680678794875 0.2039591968826757 0
0.3905556458662182 0.3106048375067207 0
0.3843227812065044 0.316272518242702 0
0.2637235128111806 0.311597154275741 0
0.260315617811015 0.3152341480843364 0
0.2853775347798795 0.3077110740497355 0
0.1604385350042034 0.3335160578264383 0
0.2485531176064015 0.1236263072231623 0
1.390541293807432 0.3557563516973579 0
1.191780645361765 0.3902848803309681 0
0.05235472270453848 0.1837728735723939 0
0.2396895043871758 0.08507257362595523 0
0.2443293690732139 0.0851943166676752 0
0.2265347236409019 0.3596642889423489 0
0.4154698956958026 0.3170862409079531 0
0.425759486389754 0.3190336655478172 0
0.3708823715835757 0.1656159487344374 0
0.3774886328416798 0.1662567202964748 0
0.3734220686781605 0.1719521206285172 0
0.118741953661482 0.2505775799831882 0
0.1323494460347608 0.2218887236531499 0
0.08814409391834208 0.1974250081103269 0
0.2140829018366902 0.2709411045437274 0
0.3261886711640247 0.2285627857127865 0
0.02828006884815907 0.1715082965716529 0
0.07193604796712548 0.1018359480187066 0
0.06623200009042729 0.1060785715666437 0
0.339591170915913 0.04266455984813181 0
0.1092596709815654 0.3100363745885126 0
1.653522992746904 0.04212621063564741 0
0.1689723454270361 0.1097647374702136 0
0.1216793177667162 0.1606572391313491 0
0.1280564350563306 0.3105642008319527 0
0.1232659679297869 0.308779163901535 0
2.108109876474733 0.2501419181246222 0
0.2851046656264572 0.08656581567696058 0
0.08430222181821909 0.3523699143279956 0
0.3523097009947301 0.2894188974971291 0
2.162355471470071 0.2732073364770264 0
2.159880783752442 0.2270752375044249 0
2.159946430152815 0.1365868335796096 0
1.748924772928546 0.05603845202350745 0
0.8903109260243827 0.2470011073402397 0
0.07101290578344992 0.1161354938924749 0
0.4234700983024263 0.0864939307991468 0
0.4336935416970988 0.08898833004790406 0
0.6030360715015013 0.3694132560874877 0
0.7696088347250405 0.3261536462850493 0
0.03892339771490858 0.1970686630895287 0
0.05408806358267999 0.02283305172655464 0
0.1184706097273152 0.16588154544067 0
0.09315322025386762 0.1173413362454103 0
0.09563463856077929 0.1127567376395404 0
0.2140975652061389 0.2929978261275003 0
0.2214339410260851 0.0853335235902053 0
0.2258569520314365 0.08547603090090931 0
0.1130786172604499 0.244354062076536 0
0.3448494623913367 0.136457164785577 0
0.3472420634537553 0.1421937410597691 0
0.3552718100795885 0.1591828033696105 0
0.3576982372821487 0.1649915043489778 0
1.811604842996209 0.3474535544489689 0
0.08574251976093156 0.2503331016753563 0
0.09005756085668509 0.2497609686099646 0
0.2950445856964791 0.05535214062975666 0
0.3148219418661321 0.1887333685935297 0
0.3177092753651035 0.1846646756973852 0
0.1356298328123013 0.1333369902743257 0
0.137395978658304 0.1305157587755089 0
0.614416034614894 0.3824419041516283 0
0.6238199927909002 0.3968055711994398 0
0.376470744995587 0.07742244352818876 0
0.3687399453927659 0.07294514478476698 0
0.1427339564792189 0.07290403559462703 0
0.139837380220061 0.07734302985039943 0
0.7747762559948096 0.07838889743571432 0
0.7823893163062038 0.09053971597561988 0
0.7658103899383841 0.08744140796509235 0
0.03292098646820057 0.174970472753177 0
0.04000925427239994 0.1752583312377806 0
0.193013542423439 0.336249876271119 0
0.3654614818106939 0.1826934701052725 0
0.3682585153969501 0.1887311278304516 0
0.1251308822616335 0.1496916807047228 0
0.1268666709363434 0.1469781960348657 0
0.2689382148098722 0.2681864833753422 0
0.2666074194118601 0.2708459804043756 0
0.1701157025929398 0.2895504967823488 0
0.166983862771249 0.2882036025637181 0
2.103145172918903 0.1350877956116223 0
0.1185801348170062 0.1606610731210282 0
0.4505835985927632 0.03110479357251652 0
0.4370834209244114 0.03094558425154886 0
0.168461185890584 0.1180621334848259 0
0.9054219037032368 0.09333609848087565 0
0.9161737114746444 0.09864711704365425 0
0.2037403491969433 0.04234129476129383 0
0.209880301073016 0.04244742108705759 0
0.945612805896651 0.2133293830707051 0
0.9390808632438081 0.1900520401628314 0
0.3005407934469153 0.1610955094725368 0
0.3019128376418135 0.1648604667949665 0
0.1182638600378918 0.243689441527009 0
0.137641086157892 0.04392395045962743 0
0.07874331065638036 0.1438646307636433 0
0.08123737549955629 0.1394450751304118 0
0.3173501751357378 0.2168059528346875 0
0.3205158691782822 0.2150943411043093 0
0.3217396446917644 0.2181640160087571 0
0.7594485702405016 0.3179305018909416 0
0.3000039340497127 0.04975603907807964 0
0.3269487962363557 0.1091521431835922 0
0.1765190140140333 0.2951761220157015 0
0.1236258164904274 0.2348073036832594 0
0.1233873835289437 0.23193460438396 0
1.858996521141991 0.3087382842215727 0
1.834721839669682 0.3071248995069357 0
0.2003941700695659 0.1166158958262102 0
0.2034272115700297 0.116601306174532 0
0.6413509736756502 0.3319931234648145 0
0.6250147618809779 0.3380638016154375 0
0.625757368766289 0.3201941511870445 0
0.05072604465891603 0.2275057673518545 0
0.09577595297536132 0.1830875839292102 0
0.2565850307408961 0.08158886429855509 0
0.1979100385906759 0.2712862278152047 0
0.1816010921601651 0.3061748085449196 0
0.1206063478192145 0.2309526097971771 0
0.1080999859951298 0.1589041483072919 0
0.2651245954024634 0.03688784725719469 0
1.984817879082357 0.3509469779343674 0
0.02077241671518679 0.2212052205137527 0
0.1299024598442894 0.3735742508752177 0
0.1227592686013025 0.3712711157572569 0
0.2503232387936654 0.1529351847971348 0
0.31559012129799 0.09366223542555628 0
0.3178334964023201 0.09915643505592044 0
2.15916842644944 0.3947134735060061 0
2.184097746550944 0.3947134735060061 0
0.06989496048316055 0.3471977745521348 0
2.183138273802736 0.0162047420799785 0
2.158218697845333 0.0162047420799785 0
0.3989955617180914 0.1413028659503855 0
0.01605000751523701 0.3191443740835564 0
0.2408251135436455 0.1208689931068982 0
0.2927511865646492 0.09170136399655231 0
0.2662599493018724 0.2807051122047602 0
0.2683262059964298 0.277069467711523 0
0.2693783118330119 0.2807881825932736 0
0.1573180085788909 0.2839911535837371 0
0.1541940075821831 0.2826371701592855 0
0.0494728967566518 0.143326899011041 0
0.3409690130359272 0.1247074858079759 0
0.3432859969671205 0.1304805807994626 0
0.1251395312198903 0.2668965307274644 0
0.1248964241710843 0.2633897654036865 0
0.2197649322297602 0.2751901728579068 0
0.07810775835189152 0.3576180525397938 0
0.2501957910613021 0.1211731117373072 0
0.2517070234747804 0.117461596592952 0
1.217804917947312 0.3899393824951456 0
0.6039385215997348 0.3137632551949866 0
0.5893978794506026 0.3088497201589779 0
0.3966487379976326 0.1342455429113599 0
0.4031714130241157 0.1369068304131092 0
2.162177905478296 0.3189864732665375 0
0.1652967767872456 0.3352838632096567 0
2.139941036494762 0.3291459087065052 0
2.140274548197393 0.306465715306568 0
0.2718831421098094 0.201314372506423 0
0.2694899054828083 0.1996890628683986 0
0.1987799791259428 0.1140698471302564 0
0.1551716074545143 0.2631272169733586 0
0.2783382124892089 0.3149597344287603 0
0.0303360823086572 0.3252829983132791 0
0.1215987448805253 0.2621404676083355 0
0.2064982086490133 0.1257944996873564 0
0.251059299865205 0.03749663289137777 0
0.3192881669430014 0.2116313100120794 0
0.3236776364990279 0.212989373186149 0
0.08011827248126929 0.2031728711020398 0
1.47195264377334 0.3635126868490878 0
0.2898974691046442 0.1857796686429985 0
0.288318697739282 0.1820206171468734 0
0.2685849872427313 0.3127051965930258 0
0.4882068192285719 0.1366345251876008 0
0.2225988609817478 0.1308516746199244 0
0.1647012178637086 0.3304369071466547 0
0.394328854725841 0.1269944919374017 0
0.1738728990704394 0.3288470599767201 0
0.1691563623435858 0.3271109188551367 0
0.02041936253167159 0.2140116913462846 0
0.392012783958982 0.120237650777973 0
0.3985085185367979 0.1230926662146549 0
0.06659644019976028 0.3173452677674604 0
0.1809901878929732 0.1114024821088557 0
0.1512197017032884 0.2814982805566764 0
0.148058998592798 0.2801895895295548 0
0.1578373955924923 0.1209516397277205 0
0.05431749915249767 0.3108449793024334 0
0.1321797972791945 0.1389077546240388 0
0.133959380117989 0.1361653914615768 0
0.3106799261063577 0.2832254741926175 0
0.3072809669188801 0.2873636806541772 0
0.2043873145565924 0.1116513407223981 0
0.2002825837296438 0.111392679770287 0
0.07250115568076551 0.0581414457326602 0
0.0763211341081059 0.06487730683885216 0
0.08428666224848355 0.1356836619177248 0
0.08671456223101409 0.1311843757861614 0
1.666306631823775 0.05593046069850013 0
0.3641365571332615 0.1656702865210662 0
0.3668726337394628 0.3329737625589388 0
0.3615959278232992 0.3406019146379036 0
0.03249142302725194 0.2134698946599981 0
0.06585453209045286 0.3104894616513927 0
0.05960713374464979 0.3076879463005872 0
0.1677121502990332 0.04227235667706666 0
0.173935239115843 0.0425578320924456 0
0.8670219593357051 0.06145842872730246 0
0.8394423507552546 0.06325983890387188 0
0.1105322745234029 0.2181236244613938 0
0.1101217181402055 0.2149298403934679 0
0.3010003872791859 0.2962044299841068 0
0.05663471470213449 0.2354544840679317 0
0.4295015411586027 0.3575392232695814 0
0.4185956194469758 0.3556393321792876 0
0.3479814265790041 0.07646386331558551 0
0.3507496379416571 0.08340562362206547 0
0.2573498121719207 0.161220143519382 0
0.2587854592332789 0.1638867359158065 0
0.2167187629610125 0.271895290911667 0
0.04989102907768529 0.1538615038981267 0
0.3109717802702741 0.2223250235595104 0
0.3141805818304917 0.2192639858264989 0
0.3153651490890023 0.2229366654721468 0
0.2273928669862231 0.1127467301837528 0
0.08702233624287661 0.05897063958697119 0
0.08346632658004569 0.05228299677432829 0
0.434683027779195 0.3185871502829059 0
0.02887078743544201 0.1318386379192073 0
0.2676076911176843 0.274268767480302 0
0.6230351576350827 0.3705824943347391 0
2.145418052856225 0.3563451453078783 0
0.1823954774041157 0.2774287254222388 0
2.184097746550944 0.3719356957281589 0
2.183138273802736 0.03898251985771577 0
0.2189996735288089 0.08098470180982222 0
0.2134857616717836 0.03720153172168687 0
0.2380337361860486 0.112391036547059 0
0.2601737500198357 0.2482546924582716 0
0.05606455420431634 0.2298690164024363 0
0.5020763671980737 0.1379612744837933 0
0.3949361931150584 0.2963772586799302 0
0.3875427356166303 0.29511681510528 0
2.008454073157274 0.3511065802126483 0
2.016512037365832 0.3328338228360007 0
2.031473538518021 0.3517262579346471 0
0.6581705779584246 0.3206770647884082 0
0.945413189060663 0.2313885686382116 0
0.9228862808896626 0.2200268951253852 0
0.1458191266836335 0.3173618089436869 0
0.05274957466426727 0.1485995722544753 0
0.2294614947674858 0.2614965957609964 0
0.5676687674095335 0.2979923647700059 0
0.5796500414040937 0.3053004104714951 0
0.5683585986787921 0.3091297135641608 0
0.1254428691493288 0.1441292406999094 0
0.1642708966263209 0.2901927385776218 0
0.1381868440256193 0.2760869003842785 0
0.1349051673754176 0.2747030006948973 0
0.3055552061119929 0.1654068201399527 0
0.3043993925763269 0.2920552116805094 0
0.3971197188782691 0.3041351001002087 0
0.08345720914413524 0.06499729052269705 0
0.301066244943601 0.1374394247155029 0
0.3026688967718807 0.1415158935315679 0
0.3132616014974309 0.08795683246005227 0
0.8662767307038133 0.08109103378315576 0
0.8710460974096448 0.09208275481266821 0
0.3852279439228001 0.0441460088790824 0
0.4395868494933213 0.3589922193059547 0
0.3095732725651847 0.2290970909065592 0
0.3136563147375167 0.2296415579126457 0
0.132132864355337 0.1146101805438147 0
0.1342412534257518 0.1112218065794493 0
0.1577261282245906 0.2873290887114153 0
0.09686614267536264 0.2840770165512116 0
0.1350641464145833 0.04889707773212738 0
0.1381236748011406 0.05420427429422108 0
0.08847570382126033 0.2754789853467878 0
0.09175028728109262 0.1833228312020479 0
0.3631133818565768 0.2236516277642515 0
0.08551939281682426 0.186830144850019 0
0.1602504135787308 0.08291030453984628 0
0.1648542953313883 0.08307078039617086 0
0.1665220569709536 0.1153968067739203 0
0.253928375348341 0.3671539702106546 0
0.02685621926031184 0.2172722470688447 0
0.3310477277769123 0.05475046041961783 0
0.3358606974122576 0.04822088232151175 0
0.2723813850499037 0.2799340696446673 0
0.2742188549101356 0.2761316450397324 0
0.3061288269622198 0.3674898952916544 0
0.4900193269921491 0.3236011340578469 0
0.5049927038486923 0.3256034591896514 0
2.142103219715582 0.241283119200886 0
0.3463087111006081 0.2412386059553073 0
0.3425564990924272 0.2456899592868753 0
0.4239556964653731 0.03124624071987579 0
0.1508315396996513 0.08211544647552822 0
0.1646400406702167 0.03656359826084214 0
0.09498424628285668 0.2648600771681539 0
0.1222548840763432 0.1269586917526049 0
0.09445513665963751 0.2602962722495808 0
0.3695056045219804 0.177368082054728 0
0.1320064122037792 0.2769604305742437 0
0.2768273464642945 0.2208407363357868 0
0.128979292672364 0.1387529382510314 0
0.5083057078889741 0.3123016520863134 0
0.07611519275906209 0.05168295458362542 0
0.07974518585461593 0.04545088676966274 0
0.9078360272345765 0.1756883981089317 0
0.9197874451099299 0.1854315529563499 0
0.9111344798502972 0.1922245547104605 0
0.1556050212711525 0.08242672823341886 0
0.7671037087435852 0.0580305516372023 0
0.7412238209827553 0.05968734264397049 0
0.2440432168297789 0.1209405550279622 0
0.1763228802291887 0.03217772221569865 0
0.168324393439586 0.03134688191146485 0
0.3046082031351075 0.2141247924860422 0
0.308582174048057 0.2150653457620414 0
0.1920998114365647 0.08494638807192244 0
0.8885713155046568 0.2853685555587213 0
0.8740792693491817 0.2894192203266723 0
0.06427071906126225 0.2530311005019648 0
0.072425989695064 0.3705314799897698 0
0.9077360981534909 0.2897350113392336 0
0.9217653804544892 0.2690425531962604 0
0.2177512767222025 0.1161795621515026 0
0.1908478895705277 0.1118797507961889 0
0.104774587459766 0.221799120830506 0
0.3590254253059119 0.2284547169478302 0
0.1387679228313423 0.2796012348273806 0
0.09630315796708287 0.2791060471087732 0
0.2779179381670932 0.2584848917172154 0
0.1699822152070338 0.1325684658891429 0
0.3082438552083193 0.2251714894680712 0
0.2091603494859345 0.1168887452078481 0
0.2647112350994506 0.3635648604307551 0
0.3033741888037402 0.2105002973214337 0
0.8919082124887512 0.2606928005918663 0
0.4831976736228358 0.108179247034147 0
0.04750044030527977 0.3012884464042294 0
0.2700992368958914 0.3173452467282069 0
0.3582856711510521 0.08446608409534408 0
0.4354883051835712 0.378577706545522 0
0.1448843233918139 0.2426156436062338 0
0.09181240171937508 0.27741462257433 0
0.111492872262844 0.1488364839029743 0
0.1077664146087209 0.2200756493816693 0
0.1415082582132834 0.3155650242902365 0
0.3124439962192244 0.1125438532924809 0
0.3144128387804978 0.1174661223085701 0
0.140590358580883 0.2348448121745337 0
0.07672653775242699 0.1708491483680641 0
0.07879955725738322 0.1761830213031176 0
0.06878001495533576 0.05130933572799465 0
0.1962817574107392 0.2695868439344066 0
0.226797468901091 0.2940363449920425 0
0.1189085160248476 0.2470834510110605 0
0.1159902718832086 0.2453286274943387 0
0.2353775685896568 0.0441126322787447 0
0.2066303904035787 0.07975695435275496 0
0.2026574121507911 0.08158606189253735 0
0.3209905483099345 0.1090310932189855 0
1.261960501896104 0.01857777630839762 0
0.1324042297570875 0.1332134267934678 0
0.6199221130461304 0.2954479643122879 0
0.1719668225561305 0.3964954214515068 0
0.1824042045429978 0.1324462364176138 0
1.88220720277006 0.3093591342027688 0
0.1571994241513457 0.1438543327463848 0
0.4129114287440651 0.3078688792291908 0
0.0469820987320396 0.114988663584336 0
0.04390759581341303 0.1081337115444174 0
0.1517060525094803 0.2848154796558843 0
0.4175745867365417 0.09392436031052952 0
0.37473677136196 0.04350634746500296 0
0.3806561260569966 0.03489107162812587 0
0.09382331598021657 0.2470924457783204 0
0.3284891160114231 0.189931565410092 0
0.3335716608265527 0.1906211619062912 0
0.1829598770043142 0.301976595307428 0
0.1583559643782042 0.02452600110210444 0
0.1616306154494853 0.0307293754700529 0
0.2538866896379018 0.2523307778267799 0
0.3105854566128675 0.3357294696156093 0
0.7836826351114049 0.06112885964772981 0
0.8090164638498831 0.06572669841226771 0
0.2104117185274293 0.08180979889821895 0
0.334070959596119 0.2758909037878479 0
0.5154133890660193 0.303739602971516 0
0.3161324558149895 0.1084368089675235 0
0.3658504996314254 0.04174282444551467 0
0.01350225681996704 0.2490914084349633 0
0.170069837853277 0.3587313948601767 0
0.1645047135956575 0.3629991211046107 0
0.08132845933163149 0.1691640586289891 0
0.09182159856053199 0.2346816911764636 0
0.6139854113027723 0.3148641106364478 0
0.2580784241644474 0.3617242397528864 0
1.896886697966999 0.3694384420959956 0
0.2069567851581731 0.36903932888637 0
0.2095403379616763 0.3757118732664023 0
0.1645876272001783 0.01304247407995503 0
0.2290424884207752 0.04405867769956637 0
0.8971190378602154 0.3062976311246877 0
0.8840831074459614 0.3218829746448683 0
0.1747988580224214 0.3560586231770526 0
0.237625315267987 0.3379589275746289 0
0.2370335181911037 0.3323270368199468 0
0.318293748772703 0.1722593068942473 0
0.1970228707986545 0.1113418314720247 0
0.1140122133640284 0.1582091159940397 0
0.2768160940724792 0.2643581917819008 0
0.2756655494131883 0.2608576932214878 0
0.31048933076288 0.1879758777902052 0
1.240693705108581 0.01531079367565929 0
0.3211663571237848 0.2708291146575054 0
0.3229901812877883 0.2758750240192951 0
0.288297381249398 0.08180529079399919 0
0.2905269247935955 0.08665508112479892 0
0.2543233113414327 0.07761459225852783 0
0.08450751807926141 0.1975628688704961 0
0.08002350131294057 0.1988137405321401 0
0.6084933989795045 0.08528285791990568 0
0.3117517673533031 0.21260731277023 0
0.3129568063170096 0.2161943109220511 0
0.1236451138043394 0.1296658504251123 0
0.1257096970109092 0.1271800130269303 0
0.1493841612892969 0.06367542753372422 0
0.1100904251445902 0.3149055388886995 0
0.02261845170878662 0.3146397111555999 0
0.04256268298709087 0.3511452731990242 0
0.04219665339286591 0.343169771045919 0
0.1287716773447915 0.1269916530059927 0
0.1273814476167953 0.1242844943334852 0
0.2959439021875899 0.08694083911359091 0
0.2991539919777919 0.0817776953452958 0
0.1939935869543749 0.1118315536193247 0
1.795372843936605 0.09641494317944393 0
0.3082105416963912 0.3746327067395698 0
0.3002284711205953 0.3737555593026814 0
0.3108787759318258 0.3816604347201962 0
0.4094552052167253 0.2996291272412082 0
0.4019071529622805 0.2983631071097344 0
0.232281218443631 0.3307462133606923 0
1.822834575218238 0.3270763778535238 0
0.4784145834732619 0.04776096956186853 0
0.7572363018748536 0.08788119970357829 0
0.7411606146842628 0.09239997081747577 0
0.7421216424363991 0.07980936053908429 0
2.147410477547021 0.2617208632101911 0
2.127314171503388 0.2528955893236245 0
0.9335145245823604 0.2536826256560727 0
0.04241968569916814 0.1702494476447146 0
0.03867315446033442 0.1655021765346584 0
0.2185159587948597 0.2702648316731931 0
0.07055186009743164 0.3550922553330295 0
0.06339454628806131 0.3524324326224352 0
0.02015030255948829 0.2522960597349795 0
0.2085024184651836 0.08614482387152775 0
0.314651093180658 0.2099557076022404 0
0.4414365367241743 0.09098903877094376 0
0.0434828086777906 0.1209074391409773 0
0.4433926585914681 0.1066231131940429 0
0.2024500877493907 0.3399995262316244 0
0.1976786432382311 0.3382210795385414 0
0.1855662408952081 0.04376941457692986 0
0.06490398350351854 0.04383378674517913 0
0.3054244534388839 0.1752546716772739 0
0.06841065323291864 0.1116757793545153 0
0.2389083827583547 0.3433412174875568 0
0.2346383320371934 0.3413059789827446 0
0.2810348631454634 0.004605371587424642 0
0.2900335600631453 0.005060541022075112 0
0.2300198498278669 0.339781288208886 0
0.2313029173182347 0.345163578121814 0
0.479281790660686 0.03420501603068944 0
0.4631743020525589 0.03248925724293938 0
0.3305720664059835 0.2579231020499683 0
0.2041964047860607 0.08600534533737546 0
0.09227182008358939 0.2388596285581784 0
0.5418470316503398 0.08802579570745918 0
0.2819592769157127 0.1793767489951784 0
1.341234956369895 0.3926371623383874 0
0.2431397182359543 0.1467334025104533 0
0.6303216230974447 0.3087934324858249 0
0.6267970965476264 0.2988945127718136 0
0.2113399559519789 0.3649743038924551 0
0.2191781935074363 0.272667889431861 0
1.770530633056326 0.09444797018236324 0
2.147566423257876 0.284819806599765 0
0.05411008384219876 0.3041340288827511 0
0.0323059371677071 0.1673200101122408 0
0.9130248918374173 0.2293573240214235 0
0.1444155534808463 0.2447323980017287 0
0.07160734415679228 0.3628527106100942 0
0.2733527876174026 0.3136264923232937 0
0.4729297922993821 0.2977008209428443 0
0.1936909927399663 0.3415778738441227 0
1.166343039829098 0.0592236963418853 0
1.139698059007011 0.05855470494004936 0
0.194830748343732 0.08081664927371394 0
0.08132964428254841 0.1798365299402555 0
0.08357572414712347 0.1834425584199457 0
0.2285970088783859 0.3343122131940502 0
0.05151929863104592 0.07192449255451445 0
0.2047421567550248 0.1145457870379957 0
0.2061296762681224 0.1170263977840089 0
0.2782006000269569 0.2184694244384204 0
0.2243288344274714 0.1354618558924533 0
0.1540921315651708 0.01803348564396017 0
0.1610511354058212 0.01902014366253134 0
0.3168467154674751 0.3961570141684668 0
0.09333241759620922 0.2427925623691166 0
0.5475085443259392 0.3240443042753342 0
0.550096656958764 0.3376463499582739 0
0.1102233403375622 0.1618556443575403 0
0.6718683848716889 0.312882112894844 0
0.449014285222424 0.2896322861221469 0
0.4416918618667489 0.2876624414325274 0
0.1300521932877543 0.1178917574966023 0
0.1284780473248803 0.1147191635939422 0
0.2915522370145086 0.07681542984354316 0
0.08171601316666255 0.2502903886729623 0
0.1939648532430218 0.3471963896787125 0
0.3243617320454212 0.266457738776833 0
1.366143242824487 0.3916342059191298 0
0.1893523202871817 0.2764308534245155 0
0.3271570713930915 0.03598429848953711 0
0.1284204021039876 0.1210484374296387 0
0.1367478990372855 0.08155499227588681 0
0.2239042659965471 0.1333335307809714 0
2.006650833214112 0.3167850738179633 0
0.2640651186417425 0.2837490625903848 0
0.1461915635770308 0.06853925793611794 0
0.4204615939983251 0.1020048148885557 0
0.1255578945968829 0.1386989709413456 0
0.1273123789872941 0.1359878606710332 0
0.1381216888954646 0.2362764982108788 0
0.5467432488641817 0.09607923253775295 0
2.148593602519337 0.375225285480647 0
1.171802238280934 0.09793465793940052 0
2.146290438629495 0.03675810725189437 0
0.3352633014267991 0.1863861509170387 0
0.4848645993442813 0.1310922102223783 0
0.03543268684945158 0.3560932122876845 0
0.1768120734134209 0.03835533597802485 0
0.1794134938689464 0.04373206336821635 0
0.3284721493250717 0.2765381115113953 0
0.4013147629673652 0.1182124511939302 0
0.07673036141739525 0.1066458591045736 0
2.029670298574859 0.3174047515399621 0
0.08917522388938612 0.2800552779973046 0
0.08790665682538773 0.183392882701301 0
0.07548836957920585 0.03854454459720041 0
0.3144310046908523 0.1748560954859925 0
1.759041603728972 0.0388870603618463 0
0.2798289235507456 0.1686543040235687 0
0.1225641465079187 0.1387527284831687 0
0.3801104861017343 0.08380083627298154 0
0.3726682276862285 0.08630492773584891 0
0.2062163884878399 0.2680543283460475 0
0.1438821007215231 0.05376152748501118 0
0.2684104071513351 0.03134948867402298 0
0.2741360409316108 0.1337551099222462 0
0.1359763317404158 0.1090449120560636 0
1.380540243321373 0.3384366822306654 0
0.2707260536488238 0.2743518378688154 0
0.1647106544268868 0.1129979210671513 0
0.1678025643600511 0.1127910496938893 0
0.08343290113052174 0.1763517876340898 0
0.4280236152809467 0.1034019133776634 0
0.3215473504420011 0.2304255592998265 0
0.3650843235784766 0.08568504046758209 0
0.9263151116244626 0.1281226573765774 0
0.9340980747084233 0.1057226666241999 0
0.4036308337342242 0.1249692923533588 0
0.2801845811267697 0.1716146432950864 0
0.2591375600216106 0.07770108565654869 0
0.1487779869793629 0.2924747245176926 0
0.1526920474217548 0.2910348678597139 0
0.4086411489825132 0.1390669330040093 0
0.4062943252620544 0.1320096099649837 0
0.08980661861139183 0.1799352447719746 0
0.08698696326864688 0.1765531077431688 0
0.08445687624348168 0.1728995991060309 0
0.2726263746924066 0.1307105384947383 0
0.1854399491071741 0.1321233345426945 0
0.6261317806560146 0.353708310081903 0
0.5575702323095229 0.3143678736037929 0
0.2469564039902206 0.1212269005320941 0
0.2985134869551483 0.06736070757237105 0
0.2943993938517839 0.07237869020639205 0
0.1617634227277637 0.2924297352916259 0
0.03297928788968203 0.1382779300685253 0
0.3318879254675983 0.2704808771869822 0
0.1242310601929886 0.1415178060631669 0
0.6844310268603218 0.3142893461064816 0
0.3622298341526566 0.07870757861881812 0
0.2539304784282711 0.03158169147530997 0
0.1666245659879847 0.3687013643306946 0
0.4314320099840739 0.3678817422053629 0
0.1412879660849003 0.05939911658661214 0
0.02204904439692312 0.3231723351228808 0
0.06106593380225184 0.03647304111039395 0
0.06855600233236561 0.03749009894417469 0
0.2614265152667037 0.03169170820804864 0
0.1985845218995598 0.26838866947207 0
0.1203322791193225 0.08105029036034356 0
0.4552509277236879 0.2933416657576905 0
0.1590343898342178 0.2944389073478342 0
0.1580428651672603 0.2907129802205455 0
0.3714711696108019 0.3262249955866719 0
0.07762419203815508 0.2538376852403908 0
0.1305873045951526 0.1301360986528273 0
0.3190122125760889 0.1044797994663867 0
0.9266398496024101 0.1550464467245904 0
0.9357824106280874 0.1735158835613026 0
0.4357666103080221 0.1054026221007031 0
0.3020011488150672 0.07734095570814468 0
0.3042612250715161 0.07097432854555068 0
0.1549970953310447 0.2893382607676235 0
0.1892997524282298 0.3452251864112901 0
0.2396115623240994 0.3495533683166317 0
0.2334352437284449 0.3509996941351888 0
0.1701665390424527 0.372241632459365 0
0.9190762333562046 0.1415075574298003 0
0.1851411271823149 0.3488957733037879 0
0.1322937967071271 0.109260692117769 0
0.2843579123296276 0.1845347266689707 0
0.2856070043514552 0.1872803458945051 0
0.8108528064386051 0.09544664923616501 0
0.1319874231347119 0.04425434299913469 0
0.1224491210603647 0.1441829982417326 0
0.1358119875199245 0.2814905998709926 0
0.3269732545906717 0.2621542411443358 0
0.3289006377418016 0.2668245872780325 0
0.1079722967654512 0.1491621602261482 0
0.2830298826548724 0.182176420787456 0
0.05424616831583454 0.03642109947445344 0
0.331373618102758 0.04265766976157852 0
0.1394529351132187 0.01987984209945127 0
0.1474696308385964 0.01910548287798547 0
0.07408008136513075 0.1121336826835593 0
0.3711128108812248 0.304006291622742 0
0.3642435520106106 0.3025894803806948 0
0.3783639881409802 0.3210073381311631 0
0.1289168519008403 0.1329644998400784 0
0.1175165892759083 0.1630779591764867 0
0.1489165371839013 0.112746690355143 0
0.1982744457842678 0.1342196232404352 0
2.165019943438777 0.3605468068392435 0
2.163725676065532 0.05056802685781434 0
0.1801032313892155 0.3525536134506387 0
0.2572162901771429 0.02604333289213825 0
0.3077922590582859 0.1720125688242528 0
0.8227290096130142 0.06812364783922918 0
0.8050677281257603 0.08388415487320333 0
0.2274053560589384 0.1160899915235061 0
0.4627634292379954 0.2956211832457853 0
0.2856632814922415 0.1826224488862022 0
0.1523753104790851 0.2876509763505837 0
0.1494010046001904 0.2865120867479746 0
0.3141254489837481 0.3890378928989502 0
0.2965667972538116 0.07745781660468641 0
0.1254954538253592 0.1329105325303926 0
0.2220194132951573 0.1351398229497396 0
0.4336670749060473 0.09756333589654044 0
0.1294429330950181 0.2784136591054207 0
0.1260487016044403 0.2774886840087229 0
0.115918301863939 0.1604377021842431 0
0.2880117717156347 0.1878257116840553 0
0.2866274649000933 0.1901253028108434 0
1.167650383363299 0.07933941459607245 0
0.1049445411350334 0.3123117060358284 0
0.147104963368583 0.2890652617374055 0
0.1332485084111635 0.2829438284021695 0
0.3158286727539115 0.2265726423761443 0
0.3173286399626435 0.2302164970836318 0
0.1438537942930167 0.06382020017979595 0
0.6313202627429175 0.1006454570144775 0
0.132872885033987 0.279592737414385 0
0.05789818714468161 0.03007741167344901 0
0.1468996650271146 0.2441171302452573 0
0.7052757258733864 0.3114314146912429 0
0.1129486678229305 0.1606260020494981 0
0.322168632492612 0.3895416199593123 0
0.311525395313677 0.1731691135123996 0
0.6838665927932914 0.08604269016454623 0
0.5244567637746425 0.3055565566342923 0
0.5342906875967601 0.09483699869079353 0
0.5612635494172235 0.2955971608297471 0
0.5551254452187231 0.2948581230442769 0
0.8091184387690495 0.3059032321593793 0
0.8996784612451776 0.2310255583099846 0
0.897923482540447 0.1916682475780835 0
0.5467744716604481 0.2947521012116627 0
0.7463764450457644 0.1043158837801903 0
0.8449235480246322 0.2941005909525209 0
0.2479031251182814 0.1832377492629407 0
0.2494115409835363 0.1857643441868483 0
0.249478696942202 0.1887065950762591 0
0.2487287035476989 0.1859612843331529 0
0.2494628340034741 0.1826914943390051 0
0.2511410528714433 0.1852655570282443 0
0.2510897598515055 0.1883384068760874 0
0.2502762969274898 0.1855149506075463 0
0.2513344846657054 0.1820359884302824 0
0.2532164671369318 0.1846670124379195 0
0.2530230353426697 0.1878965810358814 0
0.2521787600041875 0.1849662847330819 0
0.2535804654603829 0.1812493813398152 0
0.2557069642555179 0.1839487589295298 0
0.2553429659320667 0.1873663900276341 0
0.2544617156962249 0.1843078856837247 0
0.256275642413996 0.1803054528312545 0
0.2581268826393432 0.1867301608177374 0
0.2572012625266696 0.183517806824496 0
0.2506947393270196 0.1913861922796813 0
0.2504320454427296 0.1943174619814534 0
0.2499941451299235 0.1915054405775736 0
0.2524692228499488 0.1910841852816615 0
0.2520742023254628 0.1941319706852554 0
0.2515819810884842 0.1912351887806714 0
0.2545986030774637 0.1907217768840376 0
0.2540447905847427 0.1939093811298177 0
0.2535339129637063 0.1909029810828496 0
0.2571538593504816 0.190286886806889 0
0.2564094964958786 0.1936422736632925 0
0.2558762312139727 0.1905043318454633 0
0.2592471435892416 0.1933217447034623 0
0.2586870131142924 0.1900259527605999 0
0.2513404219132395 0.1971163640001547 0
0.2507511817185262 0.1999997901222002 0
0.2506308813323627 0.1971564208244463 0
0.2531375619115072 0.1970149350761415 0
0.2524037814992838 0.1999993283910408 0
0.2522389919123733 0.1970656495381481 0
0.2552941299094285 0.1968932203673257 0
0.2543869012361929 0.1999987743136496 0
0.2542158459104678 0.1969540777217336 0
0.257882011506934 0.1967471627167468 0
0.2567666449204839 0.19999810942078 0
0.2565880707081812 0.1968201915420363 0
0.2596223373416331 0.1999973115493366 0
0.2594347404654374 0.1966595281263994 0
0.1492488182814729 0.1999997901220236 0
0.1486595310905053 0.1971167811031554 0
0.1495679075624679 0.1943178790717459 0
0.1493690951698859 0.1971566293692472 0
0.1475962185007131 0.1999993283904756 0
0.146862334694989 0.197015852718205 0
0.1479256472847812 0.1941333054308848 0
0.1477609328927472 0.1970663169106802 0
0.1456130987638014 0.1999987743126179 0
0.1447056990203695 0.1968947386562645 0
0.1459549349515572 0.1939118170618515 0
0.1457840168576792 0.1969552956872347 0
0.1432333550795073 0.1999981094191888 0
0.1421177362108261 0.1967494017819359 0
0.1435900801516883 0.1936460310190115 0
0.1434117176155978 0.1968220702191001 0
0.1403776626583544 0.1999973115470738 0
0.1407522543918457 0.1933270877676035 0
0.1405649585251001 0.1966621996573387 0
0.1493051202793453 0.1913870185834488 0
0.1505212096672999 0.1887070042466942 0
0.1500057846785209 0.1915058536984876 0
0.1475304682740527 0.1910860032015977 0
0.1489099412686168 0.1883397163541617 0
0.148417794276699 0.1912365108925232 0
0.1454008858677016 0.1907247847433764 0
0.146976419190197 0.1878989708831226 0
0.1464656770708772 0.190905393972487 0
0.1428453869800801 0.1902913225935108 0
0.1446561926960934 0.1873700763178757 0
0.1441231364238909 0.1905080536684436 0
0.1418719209031689 0.1867354028395795 0
0.1413120876475073 0.1900312453035915 0
0.1505882269998503 0.185765149538401 0
0.1520967362793339 0.1832381453657548 0
0.1512711804553661 0.1859616869694574 0
0.1488584366635304 0.1852673288956245 0
0.1505367223947639 0.1826927620798638 0
0.1497233318316904 0.1855162392170127 0
0.1467826882599466 0.1846699441242928 0
0.1486647057332799 0.1820383021367947 0
0.1478205624617385 0.1849686365099587 0
0.144291790175646 0.1839530823986947 0
0.1464182857394992 0.1812529502051118 0
0.1455372392177963 0.1843115132614937 0
0.1437225817469623 0.1803105278870923 0
0.1427972513250656 0.1835229653633359 0
0.1524927154348067 0.1803222920022542 0
0.1542746742153824 0.1779800765722969 0
0.1531493694115525 0.1805940601752661 0
0.1508295398846833 0.1796339264820024 0
0.152785532924726 0.1772634564043929 0
0.151661127659745 0.1799781092421283 0
0.1488337292245351 0.1788078878577003 0
0.1509985633759384 0.176403512202908 0
0.1498316345546092 0.1792209071698514 0
0.1464387564323573 0.1778166415085377 0
0.1488541999173932 0.1753715791611262 0
0.1476362428284462 0.178312264683119 0
0.146280963767139 0.174133259510988 0
0.1450017727570506 0.1772218936990401 0
0.1549946355427892 0.1751268930620233 0
0.1570276346753883 0.1729989210534068 0
0.1556167322379287 0.175470474327592 0
0.1534189901765584 0.1742566392600347 0
0.1556280927946215 0.1721200759176652 0
0.1542068128596738 0.174691766161029 0
0.1515282157370814 0.1732123346976484 0
0.1539486425377014 0.1710654617547752 0
0.1524736029568199 0.1737344869788416 0
0.1492592864097091 0.1719591692227849 0
0.1519333022293973 0.1697999247593072 0
0.1503937510733953 0.1725857519602167 0
0.1495148938594323 0.1682812803647456 0
0.1478979288132857 0.1712072699378668 0
0.1580625242326331 0.1702442878598782 0
0.1603209975626913 0.1683573197808423 0
0.1586422404163151 0.1706553614916472 0
0.1565942237052569 0.1692030897224871 0
0.1590286551432685 0.1673273016647001 0
0.157328373968945 0.1697236887911826 0
0.1548322630724055 0.1679536519576177 0
0.157477844239961 0.1660912799253296 0
0.1557132433888312 0.1685783708400524 0
0.1527179103129839 0.1664543266397744 0
0.1556168711559921 0.1646080538380849 0
0.1537750866926947 0.167203989298696 0
0.1533837034552294 0.1628281825333912 0
0.1514492986573309 0.1655547314490684 0
0.1616578010150657 0.1657358780105992 0
0.1641133469319427 0.1641136435752565 0
0.1621878464190699 0.166209274518883 0
0.1603153100576628 0.1645368292087187 0
0.1629444559294601 0.1629454055546178 0
0.1609865555363643 0.1651363536096589 0
0.1587043209087791 0.1630979706464622 0
0.1615417867264809 0.1615435199298514 0
0.159509815483221 0.1638173999275905 0
0.1567711339301188 0.1613713403717543 0
0.1598585836829059 0.1598612571801316 0
0.157737727419449 0.1622346555091082 0
0.1578387400306159 0.1578425418804679 0
0.1556112217429226 0.1603353622069296 0
0.1657352531822382 0.1616583593941174 0
0.1683569917534317 0.1603212591558461 0
0.1662089621855087 0.1621881255363828 0
0.1645354543971606 0.1603165386626759 0
0.1673262516499387 0.1590294925021754 0
0.1651353537896994 0.1609874490283966 0
0.1630956958550674 0.1587063537849461 0
0.1660893635257472 0.1574793725177706 0
0.1638155751261141 0.159511446223811 0
0.1613679856045557 0.1567741319316704 0
0.1646050977767173 0.1556192285364849 0
0.1622318407298116 0.1577402428583083 0
0.1628239788778814 0.153387055758942 0
0.1603313594542486 0.155614798819705 0
0.2112929957533058 0.1505212096672998 0
0.214234850461599 0.1505882269998502 0
0.2167618546342452 0.1520967362793338 0
0.2140383130305425 0.151271180455366 0
0.2116602836458383 0.1489099412686167 0
0.2147326711043754 0.1488584366635304 0
0.2173072379201361 0.1505367223947639 0
0.2144837607829872 0.1497233318316903 0
0.2121010291168774 0.146976419190197 0
0.2153300558757072 0.1467826882599465 0
0.2179616978632052 0.1486647057332799 0
0.2150313634900413 0.1478205624617384 0
0.2126299236821242 0.1446561926960933 0
0.2160469176013053 0.1442917901756459 0
0.2187470497948882 0.1464182857394991 0
0.2156884867385062 0.1455372392177962 0
0.2132645971604205 0.1418719209031689 0
0.2196894721129077 0.1437225817469623 0
0.2164770346366641 0.1427972513250656 0
0.2196777079977457 0.1524927154348067 0
0.222019923427703 0.1542746742153824 0
0.2194059398247339 0.1531493694115525 0
0.2203660735179975 0.1508295398846832 0
0.2227365435956071 0.152785532924726 0
0.2200218907578717 0.1516611276597449 0
0.2211921121422997 0.1488337292245351 0
0.223596487797092 0.1509985633759383 0
0.2207790928301486 0.1498316345546091 0
0.2221833584914623 0.1464387564323573 0
0.2246284208388738 0.1488541999173932 0
0.221687735316881 0.1476362428284462 0
0.225866740489012 0.146280963767139 0
0.2227781063009599 0.1450017727570506 0
0.2248731069379767 0.1549946355427891 0
0.2270010789465931 0.1570276346753882 0
0.224529525672408 0.1556167322379286 0
0.2257433607399653 0.1534189901765583 0
0.2278799240823348 0.1556280927946215 0
0.225308233838971 0.1542068128596737 0
0.2267876653023515 0.1515282157370814 0
0.2289345382452248 0.1539486425377014 0
0.2262655130211584 0.1524736029568199 0
0.2280408307772151 0.149259286409709 0
0.2302000752406928 0.1519333022293972 0
0.2274142480397833 0.1503937510733952 0
0.2317187196352544 0.1495148938594323 0
0.2287927300621332 0.1478979288132856 0
0.2297557121401217 0.158062524232633 0
0.2316426802191577 0.1603209975626913 0
0.2293446385083528 0.1586422404163151 0
0.2307969102775129 0.1565942237052569 0
0.2326726983352998 0.1590286551432684 0
0.2302763112088173 0.1573283739689449 0
0.2320463480423823 0.1548322630724055 0
0.2339087200746704 0.1574778442399609 0
0.2314216291599476 0.1557132433888312 0
0.2335456733602256 0.1527179103129838 0
0.2353919461619151 0.155616871155992 0
0.2327960107013039 0.1537750866926946 0
0.2371718174666087 0.1533837034552293 0
0.2344452685509316 0.1514492986573308 0
0.2342641219894008 0.1616578010150657 0
0.2358863564247435 0.1641133469319426 0
0.233790725481117 0.1621878464190698 0
0.2354631707912812 0.1603153100576627 0
0.2370545944453822 0.16294445592946 0
0.234863646390341 0.1609865555363642 0
0.2369020293535378 0.1587043209087791 0
0.2384564800701486 0.1615417867264808 0
0.2361826000724095 0.1595098154832209 0
0.2386286596282456 0.1567711339301188 0
0.2401387428198684 0.1598585836829058 0
0.2377653444908917 0.1577377274194489 0
0.242157458119532 0.1578387400306158 0
0.2396646377930703 0.1556112217429226 0
0.2383416406058826 0.1657352531822381 0
0.2396787408441539 0.1683569917534316 0
0.2378118744636172 0.1662089621855087 0
0.2396834613373241 0.1645354543971605 0
0.2409705074978246 0.1673262516499387 0
0.2390125509716034 0.1651353537896993 0
0.2412936462150538 0.1630956958550674 0
0.2425206274822293 0.1660893635257471 0
0.2404885537761889 0.163815575126114 0
0.2432258680683296 0.1613679856045556 0
0.2443807714635151 0.1646050977767172 0
0.2422597571416917 0.1622318407298115 0
0.2466129442410579 0.1628239788778813 0
0.244385201180295 0.1603313594542486 0
0.2419369908315838 0.1702436044047411 0
0.2429721420802511 0.1729985657620652 0
0.2413575171670923 0.1706550198363777 0
0.243404709318099 0.1692015859575235 0
0.2443711926518583 0.172118938712326 0
0.2426708500748414 0.1697225951811323 0
0.2451659715019173 0.1679511638208624 0
0.246050053337787 0.1710633862526389 0
0.2442853404100082 0.168576374889193 0
0.2472794861224991 0.1664506572568691 0
0.2480646861609014 0.1697967233010143 0
0.2462227288122082 0.1672009105388658 0
0.2504822455486386 0.1682767277590649 0
0.2485475948948483 0.1655503533184731 0
0.2450049590780445 0.1751261595827943 0
0.2457251437173915 0.1779796985058277 0
0.2443830651082786 0.1754701076527353 0
0.24658011790818 0.1742550254600292 0
0.2472138843343662 0.1772622463304975 0
0.2457925384931122 0.1746905925214118 0
0.2484703085043428 0.1732096645127109 0
0.2490003730747358 0.1764013037201012 0
0.2475252132062614 0.1737323449863701 0
0.250738537219738 0.1719552313759291 0
0.2511441595631794 0.1753681725876257 0
0.2496044228620404 0.17258244794432 0
0.2537167033493116 0.174128415228655 0
0.2520994744489751 0.17120257149386 0
0.2475069638501473 0.1803215177254602 0
0.246850470251429 0.1805936730863713 0
0.2491697544876931 0.1796322229440424 0
0.2483383591689202 0.1799768703347513 0
0.2511651032527481 0.1788050692063412 0
0.2501674288702206 0.1792186460751918 0
0.2535595217708142 0.1778124847210997 0
0.2523623125117812 0.1783087769637205 0
0.2549961728816538 0.1772169340299548 0
0.2316430082595829 0.2396787408337745 0
0.2297563956046296 0.2419369908245734 0
0.2270014342432638 0.242972142076892 0
0.2293449801780144 0.2413575171566997 0
0.2326737483633559 0.2409705074872209 0
0.2307984140523245 0.2434047093107496 0
0.2278810612935981 0.2443711926481021 0
0.230277404828477 0.2426708500676615 0
0.2339106364878834 0.2425206274713565 0
0.2320488361895583 0.2451659714941611 0
0.2289366137539994 0.2460500533335543 0
0.2314236251209414 0.2442853404024554 0
0.2353949022373165 0.2443807714523193 0
0.2335493427542391 0.2472794861142549 0
0.2302032767064809 0.2480646861560968 0
0.2327990894718987 0.2462227288042081 0
0.2371760211366362 0.2466129442294746 0
0.2317232722494587 0.2504822455431479 0
0.2344496466930474 0.2485475948863112 0
0.2248738404468079 0.2450049590633606 0
0.2220203015472509 0.2457251436918234 0
0.2245298923773022 0.2443830650925157 0
0.2257449745705291 0.2465801178929674 0
0.2227377537237388 0.2472138843082259 0
0.2253094075086685 0.245792538478164 0
0.2267903355189946 0.2484703084884956 0
0.2235986963355243 0.2490003730479088 0
0.2262676550447619 0.2475252131907315 0
0.2280447686571532 0.2507385372031295 0
0.2246318274696669 0.2511441595355283 0
0.2274175520880739 0.2496044228458126 0
0.225871584830638 0.2537167033206717 0
0.2287974285400484 0.2520994744319098 0
0.2112934049503924 0.2494786969361242 0
0.2086138077384758 0.250694739323424 0
0.2056825380276843 0.2504320454417056 0
0.2084945594455196 0.2499941451257445 0
0.211661593151347 0.2510897598452604 0
0.2089158147371257 0.2524692228462459 0
0.2058680293242545 0.2520742023244094 0
0.2087648112378008 0.2515819810848349 0
0.2121034189924926 0.2530230353362241 0
0.2092782231355056 0.2545986030736322 0
0.2060906188801388 0.254044790583654 0
0.2090970189363157 0.253533912959939 0
0.2126336100018673 0.2553429659253805 0
0.2097131132135616 0.2571538593464957 0
0.2063577263472 0.2564094964947474 0
0.2094956681745336 0.255876231210064 0
0.2132698392131169 0.2581268826323681 0
0.2066782553076733 0.2592471435880596 0
0.2099740472603951 0.2586870131102139 0
0.2028832162487069 0.2513404219127226 0
0.1999997901220079 0.2507511817185279 0
0.2028433693044526 0.2506308813318533 0
0.2029841414659729 0.2531375619109765 0
0.1999993283904253 0.2524037814992897 0
0.2029336788573399 0.2522389919118495 0
0.2031052517266921 0.2552941299088812 0
0.1999987743125262 0.2543869012362037 0
0.2030446965963325 0.2542158459099288 0
0.2032505840395551 0.2578820115063667 0
0.1999981094190472 0.2567666449205004 0
0.2031779178831236 0.256588070707624 0
0.1999973115468724 0.2596223373416567 0
0.2033377834272729 0.2594347404648582 0
0.1779800765347843 0.2457253257665514 0
0.1751268930439678 0.2450053644486285 0
0.1729989210552105 0.2429723653257354 0
0.1754704743126413 0.2443832677545067 0
0.1772634563662643 0.2472144670569089 0
0.1742566392414968 0.2465810098145928 0
0.1721200759192002 0.2443719072063123 0
0.1746917661427323 0.2457931871316107 0
0.1764035121640403 0.2490014366053379 0
0.1732123346785315 0.2484717842537499 0
0.1710654617559879 0.2460513574630047 0
0.1737344869600141 0.2475263970341713 0
0.1753715791213715 0.2511458000634527 0
0.1719591692029732 0.2507407135807384 0
0.1697999247601332 0.2480666977710355 0
0.1725857519407524 0.2496062489172441 0
0.174133259470169 0.2537190362131905 0
0.1682812803651074 0.2504851061406725 0
0.1712072699176382 0.2521020711769315 0
0.1702442878596394 0.241937475767024 0
0.1683573197786792 0.239679002435583 0
0.1706553614902778 0.2413577595826265 0
0.1692030897221063 0.2434057762942996 0
0.1673273016625454 0.2409713448550112 0
0.1697236887908729 0.2426716260306618 0
0.1679536519570666 0.2451677369270303 0
0.166091279923185 0.2425221557583251 0
0.1685783708395864 0.2442867566106649 0
0.1664543266390189 0.2472820896863071 0
0.1646080538359524 0.2443831288423018 0
0.1672039892980428 0.2462249133066687 0
0.1628281825312733 0.2466162965430738 0
0.1655547314481904 0.2485507013418732 0
0.1657358780111671 0.2383421989857143 0
0.1641136435784887 0.2358866530712837 0
0.1662092745168942 0.2378121535792891 0
0.1645368292093666 0.2396846899431888 0
0.1629454055579883 0.2370555440738919 0
0.1651363536102669 0.2390134444644515 0
0.1630979706472061 0.2412956790921581 0
0.1615435199333878 0.2384582132770217 0
0.1638173999282864 0.2404901845176734 0
0.1613713403726135 0.2432288660709213 0
0.1598612571838672 0.2401414163207775 0
0.1622346555099098 0.2422622725815397 0
0.1578425418844425 0.2421612599732845 0
0.1603353622078579 0.2443887782581791 0
0.1616583594010055 0.2342647468259745 0
0.1603212591662254 0.2316430082595829 0
0.1621881255491506 0.2337910378290308 0
0.1603165386697618 0.2354645456112733 0
0.1590294925127791 0.2326737483633558 0
0.1609874490353837 0.2348646462186239 0
0.1587063537922694 0.2369043041536318 0
0.1574793725286435 0.2339106364878834 0
0.1595114462310156 0.2361844248824525 0
0.1567741319392785 0.2386320144044622 0
0.1556192285476807 0.2353949022373164 0
0.1577402428657739 0.237768159279047 0
0.1533870557705254 0.2371760211366361 0
0.1556147988274839 0.2396686405549603 0
0.1580630091754266 0.2297563956046295 0
0.1570278579231079 0.2270014342432637 0
0.1586424828433003 0.2293449801780144 0
0.1565952906892503 0.2307984140523244 0
0.1556288073518978 0.2278810612935981 0
0.1573291499323385 0.230277404828477 0
0.1548340285058388 0.2320488361895583 0
0.1539499466664457 0.2289366137539993 0
0.1557146595975446 0.2314236251209414 0
0.152720513885745 0.233549342754239 0
0.1519353138439032 0.2302032767064809 0
0.1537772711957919 0.2327990894718987 0
0.1495177544568521 0.2317232722494586 0
0.1514524051136888 0.2344496466930474 0
0.1549950409366394 0.2248738404468078 0
0.1542748563081765 0.2220203015472508 0
0.1556169349074842 0.2245298923773022 0
0.1534198821070325 0.225744974570529 0
0.1527861156917741 0.2227377537237387 0
0.154207461521836 0.2253094075086684 0
0.1515296915115043 0.2267903355189946 0
0.1509996269520912 0.2235986963355242 0
0.1524747868092684 0.2262676550447618 0
0.1492614627968705 0.2280447686571531 0
0.1488558404644716 0.2246318274696668 0
0.1503955771541874 0.2274175520880738 0
0.1462832966793282 0.225871584830638 0
0.1479005255680901 0.2287974285400483 0
0.15249303616853 0.2196784823178319 0
0.1520968748930612 0.2167622507694939 0
0.1531495297661357 0.2194063269551339 0
0.1508302455315168 0.2203677771005346 0
0.1505371660082727 0.2173085056946277 0
0.1516616408500234 0.2200231297091832 0
0.1488348967671009 0.2211949308397779 0
0.1486655153465265 0.2179640116047882 0
0.1498325711493088 0.2207813539701563 0
0.1464404782498018 0.2221875153268698 0
0.1464195345524311 0.2187506186969809 0
0.1476376875084514 0.2216912230833239 0
0.1437243575995165 0.2196945472076121 0
0.1450038271394224 0.222783066019125 0
0.1505884590253038 0.214235655843145 0
0.1505213030638758 0.2112934049503923 0
0.1512712964605592 0.2140387156951657 0
0.1488589471377084 0.2147344430028296 0
0.1489102401547395 0.211661593151347 0
0.1497237030815061 0.2144850494229873 0
0.1467835328725939 0.2153329875944512 0
0.1469769646637759 0.2121034189924925 0
0.1478212400051512 0.2150337152986404 0
0.1442930357544566 0.216051241104397 0
0.1446570340746195 0.2126336100018672 0
0.1455382843135252 0.2156921143494241 0
0.1418731173676318 0.2132698392131169 0
0.1427987374835741 0.2164821932103645 0
0.149305260676576 0.2086138077384757 0
0.1495679545582944 0.2056825380276842 0
0.1500058548742554 0.2084945594455196 0
0.1475307771537541 0.2089158147371257 0
0.1479257976755906 0.2058680293242545 0
0.148418018915165 0.2087648112378007 0
0.1454013969263678 0.2092782231355056 0
0.145955209416346 0.2060906188801388 0
0.1464660870400609 0.2090970189363157 0
0.1428461406535042 0.2097131132135615 0
0.1435905035052525 0.2063577263471999 0
0.144123768789936 0.2094956681745336 0
0.1407528564119404 0.2066782553076733 0
0.1413129868897861 0.2099740472603951 0
0.1486595780872783 0.2028832162487226 0
0.1493691186681471 0.2028433693044605 0
0.1468624380890254 0.2029841414660074 0
0.1477610080881518 0.202933678857365 0
0.144705870091122 0.2031052517267493 0
0.1457841540900737 0.2030446965963784 0
0.1421179884936379 0.2032505840396394 0
0.1434119292923799 0.2031779178831944 0
0.1405652595351474 0.2033377834273735 0
0.2513404689092524 0.2028827991432525 0
0.2504320924370576 0.2056821209325082 0
0.2506309048297402 0.2028431607584574 0
0.2531376653047578 0.2029832238214083 0
0.2520743527147264 0.2058666945736199 0
0.2522390671070051 0.2029330114823304 0
0.2552943009793642 0.2031037334351952 0
0.254045065047929 0.2060881829429539 0
0.254215983142061 0.2030434786283017 0
0.2578822637888919 0.2032483449717395 0
0.2564099198477722 0.2063539689861547 0
0.2565882823841281 0.2031760392034674 0
0.259247745607584 0.2066729122379957 0
0.2594350414746086 0.2033351118936662 0
0.2506948797179055 0.2086129814297212 0
0.2494787903277274 0.2112929957750911 0
0.2499942153194745 0.208494146311805 0
0.252469531723137 0.2089139968119327 0
0.2510900587263162 0.2116602836680339 0
0.2515822057205213 0.2087634891208269 0
0.2545991141294148 0.2092752152705864 0
0.2530235808046227 0.2121010291395652 0
0.2535343229262759 0.2090946060412595 0
0.2571546130169481 0.209708677420971 0
0.2553438072985906 0.2126299237054027 0
0.2558768635731815 0.2094919463457787 0
0.258128079091352 0.2132645971844078 0
0.2586879123494681 0.2099687547112017 0
0.2494117729971559 0.2142348504739861 0
0.247903263719775 0.2167618546368041 0
0.2487288195406179 0.21403831304548 0
0.2511415633333274 0.2147326711172784 0
0.2494632776041672 0.2173072379232306 0
0.2502766681652416 0.2144837607956323 0
0.2532173117367331 0.2153300558892292 0
0.2513352942654378 0.2179616978669424 0
0.2521794375350302 0.2150313635032538 0
0.25570820982082 0.2160469176155702 0
0.2535817142589624 0.2187470497993967 0
0.2544627607787765 0.2156884867523997 0
0.2562774182511921 0.2196894721183417 0
0.2572027486712721 0.2164770346513747 0
0.2475072845556063 0.2196777080180432 0
0.2457253257665514 0.2220199234652156 0
0.2468506305786023 0.2194059398470783 0
0.2491704601054698 0.2203660735389231 0
0.247214467056909 0.2227365436337356 0
0.2483388723305381 0.2200218907784831 0
0.251166270765306 0.221192112163979 0
0.249001436605338 0.2235964878359596 0
0.2501683654353879 0.2207790928514511 0
0.2535612435571093 0.2221833585140461 0
0.2511458000634528 0.2246284208786284 0
0.2523637571612076 0.2216877353390126 0
0.2537190362131906 0.225866740529831 0
0.2549982272321913 0.2227781063240863 0
0.2450053644486285 0.2248731069560322 0
0.2429723653257354 0.2270010789447895 0
0.2443832677545067 0.2245295256873587 0
0.2465810098145928 0.2257433607585032 0
0.2443719072063124 0.2278799240807997 0
0.2457931871316106 0.2253082338572677 0
0.2484717842537499 0.2267876653214685 0
0.2460513574630048 0.228934538244012 0
0.2475263970341713 0.2262655130399858 0
0.2507407135807385 0.2280408307970268 0
0.2480666977710356 0.2302000752398668 0
0.2496062489172442 0.2274142480592476 0
0.2504851061406727 0.2317187196348925 0
0.2521020711769317 0.2287927300823618 0
0.2419374757670241 0.2297557121403606 0
0.239679002435583 0.2316426802213208 0
0.2413577595826266 0.2293446385097221 0
0.2434057762942996 0.2307969102778937 0
0.2409713448550113 0.2326726983374545 0
0.2426716260306619 0.2302763112091271 0
0.2451677369270303 0.2320463480429334 0
0.2425221557583252 0.233908720076815 0
0.244286756610665 0.2314216291604135 0
0.2472820896863072 0.233545673360981 0
0.2443831288423019 0.2353919461640476 0
0.2462249133066687 0.2327960107019572 0
0.2466162965430739 0.2371718174687267 0
0.2485507013418733 0.2344452685518096 0
0.2383421989857144 0.2342641219888329 0
0.2358866530712837 0.2358863564215113 0
0.2378121535792891 0.2337907254831057 0
0.2396846899431888 0.2354631707906333 0
0.237055544073892 0.2370545944420117 0
0.2390134444644516 0.2348636463897331 0
0.2412956790921582 0.2369020293527938 0
0.2384582132770218 0.2384564800666122 0
0.2404901845176735 0.2361826000717136 0
0.2432288660709213 0.2386286596273865 0
0.2401414163207776 0.2401387428161328 0
0.2422622725815398 0.2377653444900902 0
0.2421612599732846 0.2421574581155575 0
0.2443887782581792 0.2396646377921421 0
0.2342647468259745 0.2383416405989944 0
0.2337910378290308 0.2378118744508493 0
0.2354645456112733 0.2396834613302381 0
0.2348646462186239 0.2390125509646163 0
0.2369043041536319 0.2412936462077306 0
0.2361844248824526 0.2404885537689843 0
0.2386320144044622 0.2432258680607215 0
0.237768159279047 0.242259757134226 0
0.2396686405549604 0.244385201172516 0
0.1702436044047412 0.1580630091684161 0
0.1729985657620653 0.1570278579197489 0
0.1706550198363777 0.1586424828329077 0
0.1692015859575236 0.156595290681901 0
0.172118938712326 0.1556288073481416 0
0.1697225951811324 0.1573291499251585 0
0.1679511638208625 0.1548340284980827 0
0.1710633862526389 0.153949946662213 0
0.1685763748891931 0.1557146595899918 0
0.1664506572568692 0.1527205138775008 0
0.1697967233010144 0.1519353138390986 0
0.1672009105388658 0.1537772711877918 0
0.168276727759065 0.1495177544513614 0
0.1655503533184732 0.1514524051051517 0
0.1751261595827944 0.1549950409219555 0
0.1779796985058278 0.1542748562826084 0
0.1754701076527354 0.1556169348917214 0
0.1742550254600292 0.1534198820918199 0
0.1772622463304975 0.1527861156656337 0
0.1746905925214118 0.1542074615068877 0
0.173209664512711 0.1515296914956572 0
0.1764013037201013 0.1509996269252642 0
0.1737323449863701 0.1524747867937386 0
0.1719552313759292 0.149261462780262 0
0.1753681725876257 0.1488558404368206 0
0.1725824479443201 0.1503955771379596 0
0.1741284152286551 0.1462832966506884 0
0.1712025714938601 0.1479005255510249 0
0.1803215177254602 0.1524930361498527 0
0.1832377492629408 0.1520968748817186 0
0.1805936730863713 0.153149529748571 0
0.1796322229440425 0.1508302455123069 0
0.1826914943390052 0.1505371659965258 0
0.1799768703347513 0.1516616408310798 0
0.1788050692063413 0.1488348967472518 0
0.1820359884302825 0.1486655153342945 0
0.1792186460751919 0.1498325711297794 0
0.1778124847210997 0.1464404782291858 0
0.1812493813398152 0.146419534539617 0
0.1783087769637205 0.1476376874882188 0
0.1803054528312545 0.143724357586004 0
0.1772169340299548 0.1450038271183462 0
0.1857643441868483 0.1505884590164637 0
0.1887065950762592 0.150521303057798 0
0.185961284333153 0.1512712964523011 0
0.1852655570282443 0.1488589471285566 0
0.1883384068760875 0.1489102401484945 0
0.1855149506075463 0.1497237030725102 0
0.1846670124379196 0.1467835328630682 0
0.1878965810358814 0.1469769646573303 0
0.1849662847330819 0.1478212399958124 0
0.1839487589295298 0.144293035744482 0
0.1873663900276342 0.1446570340679332 0
0.1843078856837247 0.1455382843037751 0
0.1867301608177375 0.1418731173606567 0
0.183517806824496 0.1427987374733303 0
0.2196784823178319 0.2475069638314699 0
0.2167622507694939 0.2479031251069387 0
0.2194063269551339 0.2468504702338643 0
0.2203677771005346 0.2491697544684832 0
0.2173085056946277 0.2494628339917272 0
0.2200231297091833 0.2483383591499766 0
0.221194930839778 0.251165103232899 0
0.2179640116047883 0.2513344846534734 0
0.2207813539701563 0.2501674288506911 0
0.2221875153268699 0.2535595217501981 0
0.218750618696981 0.2535804654475689 0
0.2216912230833239 0.2523623124915486 0
0.2196945472076122 0.2562756424004834 0
0.2227830660191251 0.2549961728605776 0
0.2142356558431451 0.2494115409746962 0
0.2140387156951657 0.2487287035394408 0
0.2147344430028297 0.2511410528622915 0
0.2144850494229874 0.2502762969184938 0
0.2153329875944512 0.253216467127406 0
0.2150337152986404 0.2521787599948488 0
0.2160512411043971 0.2557069642455433 0
0.2156921143494241 0.2544617156864746 0
0.2164821932103645 0.2572012625164258 0
0.1913861922796814 0.1493052606729804 0
0.1943174619814535 0.1495679545572704 0
0.1915054405775737 0.1500058548700764 0
0.1910841852816615 0.1475307771500512 0
0.1941319706852554 0.1479257976745371 0
0.1912351887806714 0.1484180189115158 0
0.1907217768840377 0.1454013969225363 0
0.1939093811298178 0.1459552094152572 0
0.1909029810828496 0.1464660870362937 0
0.190286886806889 0.1428461406495183 0
0.1936422736632925 0.1435905035041214 0
0.1905043318454633 0.1441237687860273 0
0.1933217447034623 0.1407528564107583 0
0.1900259527605999 0.1413129868857075 0
0.1971167837559646 0.1486595780867614 0
0.2000002098780101 0.1492488182814747 0
0.1971566307023512 0.1493691186676377 0
0.1970158585389232 0.1468624380884948 0
0.2000006716096323 0.1475962185007191 0
0.1970663211474439 0.1477610080876281 0
0.1968947482784736 0.1447058700905749 0
0.200001225687579 0.1456130987638125 0
0.1969553034086984 0.1457841540895349 0
0.196749415965934 0.142117988493071 0
0.200001890581115 0.1432333550795245 0
0.1968220821222038 0.1434119292918229 0
0.2000026884533582 0.1403776626583789 0
0.1966622165784102 0.1405652595345686 0
0.1971167811009557 0.2513404689092542 0
0.1943178790674917 0.2504320924370574 0
0.1971566293636466 0.250630904829741 0
0.1970158527158497 0.2531376653047618 0
0.1941333054263801 0.2520743527147263 0
0.1970663169084027 0.2522390671070079 0
0.1968947386537225 0.2552943009793708 0
0.193911817057046 0.254045065047929 0
0.1969552956847861 0.2542159831420663 0
0.1967494017791699 0.2578822637889017 0
0.1936460310138452 0.2564099198477721 0
0.1968220702164462 0.2565882823841363 0
0.1933270877620042 0.259247745607584 0
0.1966621996544383 0.2594350414746203 0
0.1913870185702788 0.2506948797179054 0
0.1887070042249088 0.2494787903277273 0
0.191505853688195 0.2499942153194745 0
0.1910860031880673 0.252469531723137 0
0.1883397163319661 0.2510900587263161 0
0.1912365108791731 0.2515822057205212 0
0.1907247847294135 0.2545991141294147 0
0.1878989708604348 0.2530235808046227 0
0.1909053939587404 0.2535343229262758 0
0.190291322579029 0.257154613016948 0
0.1873700762945973 0.2553438072985905 0
0.1905080536542212 0.2558768635731813 0
0.1867354028155922 0.258128079091352 0
0.1900312452887982 0.2586879123494679 0
0.1857651495260139 0.2494117729971559 0
0.1832381453631959 0.247903263719775 0
0.1859616869545199 0.2487288195406179 0
0.1852673288827216 0.2511415633333273 0
0.1826927620767693 0.2494632776041671 0
0.1855162392043677 0.2502766681652416 0
0.1846699441107708 0.253217311736733 0
0.1820383021330575 0.2513352942654377 0
0.1849686364967462 0.2521794375350301 0
0.1839530823844298 0.2557082098208199 0
0.1812529502006033 0.2535817142589624 0
0.1843115132476003 0.2544627607787764 0
0.1803105278816582 0.256277418251192 0
0.1835229653486252 0.257202748671272 0
0.1803222919819568 0.2475072845556063 0
0.1805940601529216 0.2468506305786023 0
0.1796339264610769 0.2491704601054698 0
0.1799781092215169 0.248338872330538 0
0.178807887836021 0.2511662707653059 0
0.1792209071485489 0.2501683654353878 0
0.1778166414859539 0.2535612435571092 0
0.1783122646609874 0.2523637571612076 0
0.1772218936759136 0.2549982272321913 0
0.2028832188968783 0.1486595310905071 0
0.2056821209282541 0.1495679075624678 0
0.2028433706307696 0.1493690951698868 0
0.2029841472818692 0.1468623346949932 0
0.2058666945691152 0.1479256472847812 0
0.2029336830893738 0.1477609328927502 0
0.2031052613438583 0.1447056990203764 0
0.2060881829381485 0.1459549349515571 0
0.2030447043128638 0.1457840168576848 0
0.2032505982182452 0.1421177362108363 0
0.2063539689809885 0.1435900801516883 0
0.2031779297810518 0.1434117176156064 0
0.2066729122323964 0.1407522543918457 0
0.2033378003428773 0.1405649585251123 0
0.2086129814165512 0.1493051202793453 0
0.2084941463015124 0.1500057846785208 0
0.2089139967984023 0.1475304682740526 0
0.2087634891074768 0.1484177942766989 0
0.2092752152566236 0.1454008858677015 0
0.2090946060275129 0.146465677070877 0
0.2097086774064891 0.1428453869800801 0
0.2094919463315564 0.1441231364238908 0
0.2099687546964085 0.1413120876475073 0
$EndNodes
$Elements
10 5206 1 5206
1 1 8 59
1 1 9 67 
2 9 10 68 
3 10 11 69 
4 11 12 70 
5 12 13 71 
6 13 14 72 
7 14 15 73 
8 15 16 74 
9 16 17 75 
10 17 18 76 
11 18 19 77 
12 19 20 78 
13 20 21 79 
14 21 22 80 
15 22 23 81 
16 23 24 82 
17 24 25 83 
18 25 26 84 
19 26 27 85 
20 27 28 86 
21 28 29 87 
22 29 30 88 
23 30 31 89 
24 31 32 90 
25 32 33 91 
26 33 34 92 
27 34 35 93 
28 35 36 94 
29 36 37 95 
30 37 38 96 
31 38 39 97 
32 39 40 98 
33 40 41 99 
34 41 42 100 
35 42 43 101 
36 43 44 102 
37 44 45 103 
38 45 46 104 
39 46 47 105 
40 47 48 106 
41 48 49 107 
42 49 50 108 
43 50 51 109 
44 51 52 110 
45 52 53 111 
46 53 54 112 
47 54 55 113 
48 55 56 114 
49 56 57 115 
50 57 58 116 
51 58 59 117 
52 59 60 118 
53 60 61 119 
54 61 62 120 
55 62 63 121 
56 63 64 122 
57 64 65 123 
58 65 66 124 
59 66 2 125 
1 2 8 9
60 2 126 134 
61 126 127 135 
62 127 128 136 
63 128 129 137 
64 129 130 138 
65 130 131 139 
66 131 132 140 
67 132 133 141 
68 133 3 142 
1 3 8 58
69 3 143 200 
70 143 144 201 
71 144 145 202 
72 145 146 203 
73 146 147 204 
74 147 148 205 
75 148 149 206 
76 149 150 207 
77 150 151 208 
78 151 152 209 
79 152 153 210 
80 153 154 211 
81 154 155 212 
82 155 156 213 
83 156 157 214 
84 157 158 215 
85 158 159 216 
86 159 160 217 
87 160 161 218 
88 161 162 219 
89 162 163 220 
90 163 164 221 
91 164 165 222 
92 165 166 223 
93 166 167 224 
94 167 168 225 
95 168 169 226 
96 169 170 227 
97 170 171 228 
98 171 172 229 
99 172 173 230 
100 173 174 231 
101 174 175 232 
102 175 176 233 
103 176 177 234 
104 177 178 235 
105 178 179 236 
106 179 180 237 
107 180 181 238 
108 181 182 239 
109 182 183 240 
110 183 184 241 
111 184 185 242 
112 185 186 243 
113 186 187 244 
114 187 188 245 
115 188 189 246 
116 189 190 247 
117 190 191 248 
118 191 192 249 
119 192 193 250 
120 193 194 251 
121 194 195 252 
122 195 196 253 
123 196 197 254 
124 197 198 255 
125 198 199 256 
126 199 4 257 
1 4 8 21
127 4 258 278 
128 258 259 279 
129 259 260 280 
130 260 261 281 
131 261 262 282 
132 262 263 283 
133 263 264 284 
134 264 265 285 
135 265 266 286 
136 266 267 287 
137 267 268 288 
138 268 269 289 
139 269 270 290 
140 270 271 291 
141 271 272 292 
142 272 273 293 
143 273 274 294 
144 274 275 295 
145 275 276 296 
146 276 277 297 
147 277 1 298 
1 5 8 14
148 5 299 312 
149 299 300 313 
150 300 301 314 
151 301 302 315 
152 302 303 316 
153 303 304 317 
154 304 305 318 
155 305 306 319 
156 306 307 320 
157 307 308 321 
158 308 309 322 
159 309 310 323 
160 310 311 324 
161 311 6 325 
1 6 8 14
162 6 326 339 
163 326 327 340 
164 327 328 341 
165 328 329 342 
166 329 330 343 
167 330 331 344 
168 331 332 345 
169 332 333 346 
170 333 334 347 
171 334 335 348 
172 335 336 349 
173 336 337 350 
174 337 338 351 
175 338 7 352 
1 7 8 14
176 7 353 366 
177 353 354 367 
178 354 355 368 
179 355 356 369 
180 356 357 370 
181 357 358 371 
182 358 359 372 
183 359 360 373 
184 360 361 374 
185 361 362 375 
186 362 363 376 
187 363 364 377 
188 364 365 378 
189 365 8 379 
1 8 8 14
190 8 380 393 
191 380 381 394 
192 381 382 395 
193 382 383 396 
194 383 384 397 
195 384 385 398 
196 385 386 399 
197 386 387 400 
198 387 388 401 
199 388 389 402 
200 389 390 403 
201 390 391 404 
202 391 392 405 
203 392 5 406 
2 1 9 4723
204 1489 1392 2015 2947 2948 2949 
205 2249 2190 2453 2950 2951 2952 
206 2521 2090 2662 2953 2954 2955 
207 1863 710 1876 2956 2957 2958 
208 1918 715 1974 2959 2960 2961 
209 1734 2077 2115 2962 2963 2964 
210 710 1863 1875 2956 2965 2966 
211 2733 2564 2858 2967 2968 2969 
212 2430 1255 2497 2970 2971 2972 
213 1503 1504 2036 2973 2974 2975 
214 1761 1772 2692 2976 2977 2978 
215 2077 1734 2466 2962 2979 2980 
216 2042 2653 2823 2981 2982 2983 
217 1560 1556 1633 2984 2985 2986 
218 1815 1865 2093 2987 2988 2989 
219 2139 1710 2613 2990 2991 2992 
220 1202 1877 2612 2993 2994 2995 
221 1887 1045 2555 2996 2997 2998 
222 1965 1894 2784 2999 3000 3001 
223 855 1877 2135 3002 3003 3004 
224 2130 877 2658 3005 3006 3007 
225 1045 1887 1931 2996 3008 3009 
226 1503 2036 2791 2975 3010 3011 
227 1616 2138 2220 3012 3013 3014 
228 2041 2632 2661 3015 3016 3017 
229 2128 2130 2658 3018 3007 3019 
230 2045 1696 2547 3020 3021 3022 
231 1873 957 2493 3023 3024 3025 
232 2016 1763 2630 3026 3027 3028 
233 2073 1885 2668 3029 3030 3031 
234 1908 606 2700 3032 3033 3034 
235 2415 1871 2544 3035 3036 3037 
236 1669 2003 2518 3038 3039 3040 
237 1894 1965 2086 2999 3041 3042 
238 721 1925 1976 3043 3044 3045 
239 1710 1888 2613 3046 3047 2991 
240 2692 1772 2764 2977 3048 3049 
241 1240 1408 2114 3050 3051 3052 
242 1194 811 1933 3053 3054 3055 
243 1971 1687 2431 3056 3057 3058 
244 1877 855 2612 3002 3059 2994 
245 1482 1307 2263 3060 3061 3062 
246 2138 1616 2504 3012 3063 3064 
247 521 2122 2726 3065 3066 3067 
248 1964 1255 2430 3068 2970 3069 
249 1976 1925 2509 3044 3070 3071 
250 2090 2110 2662 3072 3073 2954 
251 2676 1805 2684 3074 3075 3076 
252 1753 2070 2593 3077 3078 3079 
253 1966 1510 2591 3080 3081 3082 
254 1815 2093 2464 2989 3083 3084 
255 1912 506 2820 3085 3086 3087 
256 666 1948 2850 3088 3089 3090 
257 666 696 1948 3091 3092 3088 
258 803 2154 2614 3093 3094 3095 
259 1656 1906 2551 3096 3097 3098 
260 692 2053 2575 3099 3100 3101 
261 1479 1244 2085 3102 3103 3104 
262 183 1881 2133 3105 3106 3107 
263 1062 1960 2009 3108 3109 3110 
264 1477 1930 2024 3111 3112 3113 
265 2286 55 2896 3114 3115 3116 
266 1990 1365 1992 3117 3118 3119 
267 1047 2073 2668 3120 3031 3121 
268 1392 1241 2015 3122 3123 2948 
269 1914 486 2819 3124 3125 3126 
270 897 1992 2833 3127 3128 3129 
271 715 1918 2529 2959 3130 3131 
272 2450 2468 2651 3132 3133 3134 
273 2632 773 2661 3135 3136 3016 
274 897 1991 1992 3137 3138 3127 
275 2478 736 2654 3139 3140 3141 
276 1958 2061 2465 3142 3143 3144 
277 1862 707 2162 3145 3146 3147 
278 1822 1994 2565 3148 3149 3150 
279 2050 2054 2482 3151 3152 3153 
280 1530 736 2478 3154 3139 3155 
281 1994 1822 2085 3148 3156 3157 
282 1808 1848 1849 3158 3159 3160 
283 2189 2188 2516 3161 3162 3163 
284 54 55 2286 113 3114 3164 
285 1530 1417 2193 3165 3166 3167 
286 1007 2016 2630 3168 3028 3169 
287 2614 2154 2615 3094 3170 3171 
288 2312 2314 2621 3172 3173 3174 
289 1906 1656 1958 3096 3175 3176 
290 1269 1520 2527 3177 3178 3179 
291 1717 1956 1957 3180 3181 3182 
292 2070 1753 2676 3077 3183 3184 
293 2091 1669 2518 3185 3040 3186 
294 1949 1481 1975 3187 3188 3189 
295 2093 1865 2611 2988 3190 3191 
296 1916 501 2817 3192 3193 3194 
297 1877 1202 2120 2993 3195 3196 
298 2042 1278 2653 3197 3198 2981 
299 1696 2481 2547 3199 3200 3021 
300 1178 1998 2443 3201 3202 3203 
301 1898 1897 1987 3204 3205 3206 
302 1047 1963 2073 3207 3208 3120 
303 426 2582 2718 3209 3210 3211 
304 2657 2128 2658 3212 3019 3213 
305 741 2239 2241 3214 3215 3216 
306 1983 1806 2486 3217 3218 3219 
307 1118 2017 2532 3220 3221 3222 
308 1988 1990 1991 3223 3224 3225 
309 641 703 2060 3226 3227 3228 
310 1808 1849 1850 3160 3229 3230 
311 1931 2143 2541 3231 3232 3233 
312 1731 1982 2864 3234 3235 3236 
313 1099 1961 2035 3237 3238 3239 
314 1881 183 2815 3105 3240 3241 
315 1930 1477 2023 3111 3242 3243 
316 1771 2183 2762 3244 3245 3246 
317 25 26 1924 84 3247 3248 
318 1678 1950 1953 3249 3250 3251 
319 42 43 2100 101 3252 3253 
320 2284 2461 2696 3254 3255 3256 
321 1897 596 2783 3257 3258 3259 
322 2139 715 2529 3260 3131 3261 
323 1567 1566 2102 3262 3263 3264 
324 2118 1482 2263 3265 3062 3266 
325 1177 1273 2048 3267 3268 3269 
326 1787 2497 2737 3270 3271 3272 
327 2061 1958 2635 3142 3273 3274 
328 2239 741 2941 3214 3275 3276 
329 1070 2733 2858 3277 2969 3278 
330 1078 1849 2229 3279 3280 3281 
331 2457 2046 2517 3282 3283 3284 
332 2116 531 2752 3285 3286 3287 
333 1929 1754 2439 3288 3289 3290 
334 2096 2427 2701 3291 3292 3293 
335 707 2059 2633 3294 3295 3296 
336 1998 1178 2809 3201 3297 3298 
337 2086 2076 2510 3299 3300 3301 
338 2076 2086 2866 3299 3302 3303 
339 811 805 1933 3304 3305 3054 
340 1117 1118 2532 3306 3222 3307 
341 1991 1990 1992 3224 3119 3138 
342 1510 2000 2591 3308 3309 3081 
343 1110 1046 1955 3310 3311 3312 
344 1467 1147 1964 3313 3314 3315 
345 1806 1795 2486 3316 3317 3218 
346 1408 1886 2114 3318 3319 3051 
347 1669 1367 2003 3320 3321 3038 
348 765 2046 2457 3322 3282 3323 
349 1109 1981 1982 3324 3325 3326 
350 2162 707 2633 3146 3296 3327 
351 1934 866 2431 3328 3329 3330 
352 1985 1899 2703 3331 3332 3333 
353 1889 753 2641 3334 3335 3336 
354 2053 2054 2575 3337 3338 3100 
355 1687 1934 2431 3339 3330 3057 
356 957 841 2493 3340 3341 3024 
357 725 1921 2490 3342 3343 3344 
358 1924 26 2702 3247 3345 3346 
359 796 808 2525 3347 3348 3349 
360 2524 1876 2678 3350 3351 3352 
361 2764 2695 2767 3353 3354 3355 
362 2592 631 2850 3356 3357 3358 
363 817 2676 2684 3359 3076 3360 
364 1045 1931 2541 3009 3233 3361 
365 1816 1924 2702 3362 3346 3363 
366 1359 1965 2784 3364 3001 3365 
367 1982 1731 2800 3234 3366 3367 
368 1822 1479 2085 3368 3104 3156 
369 2627 1820 2670 3369 3370 3371 
370 1890 690 1891 3372 3373 3374 
371 1901 695 1902 3375 3376 3377 
372 2568 1947 2604 3378 3379 3380 
373 2564 2538 2858 3381 3382 2968 
374 2633 2059 2749 3295 3383 3384 
375 1373 2524 2678 3385 3352 3386 
376 1947 1946 2604 3387 3388 3379 
377 730 2627 2670 3389 3371 3390 
378 1022 2486 2943 3391 3392 3393 
379 735 1949 1975 3394 3189 3395 
380 1278 1277 2024 3396 3397 3398 
381 1698 1697 1999 3399 3400 3401 
382 1107 2175 2790 3402 3403 3404 
383 586 606 1908 3405 3032 3406 
384 511 506 1912 3407 3085 3408 
385 2188 737 2516 3409 3410 3162 
386 491 486 1914 3411 3124 3412 
387 411 501 1916 3413 3192 3414 
388 601 596 1897 3415 3257 3416 
389 2412 2190 2742 3417 3418 3419 
390 1925 721 2837 3043 3420 3421 
391 531 1917 2752 3422 3423 3286 
392 947 907 2179 3424 3425 3426 
393 1022 1019 2486 3427 3428 3391 
394 1059 1970 2830 3429 3430 3431 
395 2013 1059 2830 3432 3431 3433 
396 2571 1365 2897 3434 3435 3436 
397 2468 1718 2651 3437 3438 3133 
398 957 2032 2766 3439 3440 3441 
399 1789 2007 2008 3442 3443 3444 
400 1264 1269 2527 3445 3179 3446 
401 687 521 2726 3447 3067 3448 
402 2656 2130 2664 3449 3450 3451 
403 2072 699 2690 3452 3453 3454 
404 2422 1703 2601 3455 3456 3457 
405 1953 1950 2530 3250 3458 3459 
406 1525 724 2018 3460 3461 3462 
407 1078 2328 2553 3463 3464 3465 
408 1099 997 1961 3466 3467 3237 
409 2004 2075 2872 3468 3469 3470 
410 2051 2050 2482 3471 3153 3472 
411 2449 1813 2481 3473 3474 3475 
412 2004 2006 2075 3476 3477 3468 
413 1960 2609 2610 3478 3479 3480 
414 1570 1567 2102 3481 3264 3482 
415 2183 1824 2603 3483 3484 3485 
416 521 516 2122 3486 3487 3065 
417 2092 1938 2109 3488 3489 3490 
418 832 831 2006 3491 3492 3493 
419 651 690 1890 3494 3372 3495 
420 446 695 1901 3496 3375 3497 
421 526 697 1917 3498 3499 3500 
422 1987 1897 2783 3205 3259 3501 
423 1057 791 1962 3502 3503 3504 
424 1830 2681 2726 3505 3506 3507 
425 2472 1856 2785 3508 3509 3510 
426 1746 2582 2910 3511 3512 3513 
427 1923 2084 2845 3514 3515 3516 
428 689 2089 2408 3517 3518 3519 
429 2642 1038 2840 3520 3521 3522 
430 1489 2015 2844 2949 3523 3524 
431 756 2415 2544 3525 3037 3526 
432 2183 2044 2762 3527 3528 3245 
433 606 705 2700 3529 3530 3033 
434 722 2422 2601 3531 3457 3532 
435 1935 732 2101 3533 3534 3535 
436 1047 1030 1963 3536 3537 3207 
437 2675 1041 2790 3538 3539 3540 
438 2134 1466 2767 3541 3542 3543 
439 2176 2675 2790 3544 3540 3545 
440 843 957 2766 3546 3441 3547 
441 2728 2474 2752 3548 3549 3550 
442 2241 2477 2607 3551 3552 3553 
443 2028 1902 2094 3554 3555 3556 
444 1359 1175 1965 3557 3558 3364 
445 2015 1241 2428 3123 3559 3560 
446 2582 1969 2910 3561 3562 3512 
447 1940 2095 2795 3563 3564 3565 
448 581 689 2408 3566 3519 3567 
449 1846 716 2451 3568 3569 3570 
450 711 2077 2467 3571 3572 3573 
451 2501 1381 2685 3574 3575 3576 
452 1438 1668 1968 3577 3578 3579 
453 1765 2120 2618 3580 3581 3582 
454 2010 1531 2488 3583 3584 3585 
455 1109 1003 1981 3586 3587 3324 
456 2175 1107 2177 3402 3588 3589 
457 1688 2095 2433 3590 3591 3592 
458 1169 1240 2114 3593 3052 3594 
459 1070 795 1967 3595 3596 3597 
460 2186 737 2188 3598 3409 3599 
461 2084 1694 2845 3600 3601 3515 
462 1734 2115 2144 2964 3602 3603 
463 57 2276 2639 3604 3605 3606 
464 1194 1933 2534 3055 3607 3608 
465 2060 703 2694 3227 3609 3610 
466 2427 708 2701 3611 3612 3292 
467 2077 2466 2467 2980 3613 3572 
468 1818 1819 2495 3614 3615 3616 
469 1356 1395 2789 3617 3618 3619 
470 1940 991 2095 3620 3621 3563 
471 1925 1485 2509 3622 3623 3070 
472 426 421 2582 3624 3625 3209 
473 2574 147 2773 3626 3627 3628 
474 1059 1036 1970 3629 3630 3429 
475 2115 718 2144 3631 3632 3602 
476 2421 1475 2774 3633 3634 3635 
477 1717 1957 2022 3182 3636 3637 
478 1752 2560 2599 3638 3639 3640 
479 2109 1938 2754 3489 3641 3642 
480 1917 2728 2752 3643 3550 3423 
481 1919 2816 2879 3644 3645 3646 
482 1895 601 1897 3647 3416 3648 
483 1913 491 1914 3649 3412 3650 
484 1907 586 1908 3651 3406 3652 
485 1911 511 1912 3653 3408 3654 
486 1915 411 1916 3655 3414 3656 
487 879 1988 1991 3657 3225 3658 
488 855 2135 2136 3004 3659 3660 
489 1978 821 1979 3661 3662 3663 
490 740 2231 2616 3664 3665 3666 
491 1365 1990 2897 3117 3667 3435 
492 1273 1405 2048 3668 3669 3268 
493 2461 729 2696 3670 3671 3255 
494 1911 2106 2163 3672 3673 3674 
495 153 154 2242 211 3675 3676 
496 794 796 2525 3677 3349 3678 
497 2047 2049 2517 3679 3680 3681 
498 1378 1481 1949 3682 3187 3683 
499 2276 57 2834 3604 3684 3685 
500 1244 1236 2085 3686 3687 3103 
501 656 1893 2806 3688 3689 3690 
502 1008 1010 2062 3691 3692 3693 
503 2435 703 2592 3694 3695 3696 
504 2567 2565 2700 3697 3698 3699 
505 1147 1105 1964 3700 3701 3314 
506 1972 782 2796 3702 3703 3704 
507 703 2435 2812 3694 3705 3706 
508 1805 1979 2684 3707 3708 3075 
509 1863 1876 2524 2958 3350 3709 
510 636 631 2592 3710 3356 3711 
511 1899 1985 2631 3331 3712 3713 
512 1796 2072 2690 3714 3454 3715 
513 1668 1440 1973 3716 3717 3718 
514 724 1525 2107 3460 3719 3720 
515 716 1846 2883 3568 3721 3722 
516 1306 1307 1378 3723 3724 3725 
517 1278 2042 2470 3197 3726 3727 
518 2093 717 2464 3728 3729 3083 
519 2565 1910 2700 3730 3731 3698 
520 1948 696 2076 3092 3732 3733 
521 2681 687 2726 3734 3448 3506 
522 2120 1202 2618 3195 3735 3581 
523 2054 2050 2575 3151 3736 3338 
524 1510 1966 2902 3080 3737 3738 
525 182 183 2133 240 3107 3739 
526 55 728 2896 3740 3741 3115 
527 1367 1265 2003 3742 3743 3321 
528 2677 2626 2888 3744 3745 3746 
529 616 699 2111 3747 3748 3749 
530 2128 2657 2685 3212 3750 3751 
531 631 666 2850 3752 3090 3357 
532 957 1873 2674 3023 3753 3754 
533 2028 1656 2551 3755 3098 3756 
534 689 1959 2089 3757 3758 3517 
535 2049 1405 2055 3759 3760 3761 
536 1755 1747 2705 3762 3763 3764 
537 2240 2239 2941 3765 3276 3766 
538 708 2427 2636 3611 3767 3768 
539 2095 987 2433 3769 3770 3591 
540 1468 1664 2029 3771 3772 3773 
541 2231 740 2857 3664 3774 3775 
542 1153 1150 2131 3776 3777 3778 
543 2050 177 2575 3779 3780 3736 
544 734 2056 2448 3781 3782 3783 
545 1682 2098 2745 3784 3785 3786 
546 1960 1685 2009 3787 3788 3109 
547 1382 2029 2030 3789 3790 3791 
548 2514 1852 2669 3792 3793 3794 
549 732 1935 2100 3533 3795 3796 
550 1190 1847 2798 3797 3798 3799 
551 1187 1191 1951 3800 3801 3802 
552 2006 831 2074 3492 3803 3804 
553 2603 2569 2745 3805 3806 3807 
554 2130 2131 2664 3808 3809 3450 
555 2081 1759 2671 3810 3811 3812 
556 1945 880 2561 3813 3814 3815 
557 2497 1838 2737 3816 3817 3271 
558 1972 2796 2939 3704 3818 3819 
559 43 732 2100 3820 3796 3252 
560 1280 1110 1955 3821 3312 3822 
561 1988 899 1989 3823 3824 3825 
562 1874 1056 2732 3826 3827 3828 
563 1557 1560 2705 3829 3830 3831 
564 866 1934 2835 3328 3832 3833 
565 2148 1960 2610 3834 3480 3835 
566 737 2186 2194 3598 3836 3837 
567 1719 1930 2023 3838 3243 3839 
568 1150 886 2131 3840 3841 3777 
569 1955 1046 2469 3311 3842 3843 
570 1395 1545 2789 3844 3845 3618 
571 2026 754 2027 3846 3847 3848 
572 1939 729 2461 3849 3670 3850 
573 1277 1477 2024 3851 3113 3397 
574 1288 1177 2048 3852 3269 3853 
575 2143 1670 2824 3854 3855 3856 
576 1710 2139 2529 2990 3261 3857 
577 1747 1557 2705 3858 3831 3763 
578 1917 697 2728 3499 3859 3643 
579 2716 2134 2767 3860 3543 3861 
580 2523 2524 2572 3862 3863 3864 
581 2228 2501 2685 3865 3576 3866 
582 1895 1897 1898 3648 3204 3867 
583 2218 731 2768 3868 3869 3870 
584 736 1530 2193 3154 3167 3871 
585 1011 1098 1993 3872 3873 3874 
586 1921 725 2647 3342 3875 3876 
587 731 2218 2814 3868 3877 3878 
588 754 2109 2754 3879 3642 3880 
589 784 782 1972 3881 3702 3882 
590 880 1945 2605 3813 3883 3884 
591 2479 714 2917 3885 3886 3887 
592 1999 1697 2447 3400 3888 3889 
593 656 1890 1893 3890 3891 3688 
594 2143 1167 2541 3892 3893 3232 
595 753 260 2641 3894 3895 3335 
596 1531 2010 2922 3583 3896 3897 
597 2560 1788 2599 3898 3899 3639 
598 1144 1038 2642 3900 3520 3901 
599 1282 1468 2029 3902 3773 3903 
600 275 754 2026 3904 3846 3905 
601 1977 1064 2455 3906 3907 3908 
602 755 2367 2463 3909 3910 3911 
603 704 1911 2163 3912 3674 3913 
604 42 2100 2152 3253 3914 3915 
605 729 1939 2526 3849 3916 3917 
606 1920 1987 2783 3918 3501 3919 
607 1940 1779 2539 3920 3921 3922 
608 776 1112 2012 3923 3924 3925 
609 1081 806 2460 3926 3927 3928 
610 2495 1819 2741 3615 3929 3930 
611 1740 2063 2587 3931 3932 3933 
612 2014 1626 2123 3934 3935 3936 
613 2404 1945 2578 3937 3938 3939 
614 1871 1870 2544 3940 3941 3036 
615 2779 719 2893 3942 3943 3944 
616 822 821 1978 3945 3661 3946 
617 1939 1820 2526 3947 3948 3916 
618 1856 2472 2724 3508 3949 3950 
619 2056 2505 2756 3951 3952 3953 
620 1982 1981 2864 3325 3954 3235 
621 747 2183 2603 3955 3485 3956 
622 1056 1874 2796 3826 3957 3958 
623 1023 1022 1984 3959 3960 3961 
624 714 2479 2645 3885 3962 3963 
625 980 1064 1977 3964 3906 3965 
626 1903 451 2842 3966 3967 3968 
627 1467 1964 2430 3315 3069 3969 
628 1847 1190 2865 3797 3970 3971 
629 2517 2049 2756 3680 3972 3973 
630 1234 1278 2470 3974 3727 3975 
631 2020 1215 2339 3976 3977 3978 
632 806 798 2460 3979 3980 3927 
633 1869 2574 2773 3981 3628 3982 
634 1208 2449 2481 3983 3475 3984 
635 431 708 2636 3985 3768 3986 
636 34 35 2080 93 3987 3988 
637 1848 1808 2498 3158 3989 3990 
638 1010 1062 2062 3991 3992 3692 
639 1195 1237 2070 3993 3994 3995 
640 19 747 2099 3996 3997 3998 
641 746 1927 2786 3999 4000 4001 
642 181 702 2081 4002 4003 4004 
643 1949 735 2868 3394 4005 4006 
644 1526 1087 2146 4007 4008 4009 
645 441 757 2843 4010 4011 4012 
646 1952 2779 2893 4013 3944 4014 
647 981 1977 2038 4015 4016 4017 
648 2367 2366 2463 4018 4019 3910 
649 1958 1656 2635 3175 4020 3273 
650 39 40 2165 98 4021 4022 
651 1923 688 2084 4023 4024 3514 
652 700 1905 1969 4025 4026 4027 
653 2459 2706 2727 4028 4029 4030 
654 1971 2431 2921 3058 4031 4032 
655 735 2124 2868 4033 4034 4005 
656 1566 1935 2102 4035 4036 3263 
657 2526 1820 2627 3948 3369 4037 
658 716 34 2080 4038 3988 4039 
659 999 1099 1980 4040 4041 4042 
660 1956 1717 2720 3180 4043 4044 
661 1993 1098 2063 3873 4045 4046 
662 1380 1441 1994 4047 4048 4049 
663 1875 1952 2906 4050 4051 4052 
664 2653 1798 2823 4053 4054 2982 
665 1790 2467 2708 4055 4056 4057 
666 1924 1816 2805 3362 4058 4059 
667 1226 2020 2339 4060 3978 4061 
668 812 1139 2043 4062 4063 4064 
669 2422 2421 2774 4065 3635 4066 
670 2066 1900 2836 4067 4068 4069 
671 874 899 1988 4070 3823 4071 
672 2100 1692 2152 4072 4073 3914 
673 1057 1962 2736 3504 4074 4075 
674 1919 1909 2816 4076 4077 3644 
675 1399 2692 2764 4078 3049 4079 
676 720 271 2087 4080 4081 4082 
677 1701 1698 1999 4083 3401 4084 
678 1980 1099 2034 4041 4085 4086 
679 2040 1068 2522 4087 4088 4089 
680 1887 2555 2829 2998 4090 4091 
681 2483 2187 2552 4092 4093 4094 
682 1246 1359 2002 4095 4096 4097 
683 193 1996 2799 4098 4099 4100 
684 2816 1909 2831 4077 4101 4102 
685 753 1889 2770 3334 4103 4104 
686 835 832 2006 4105 3493 4106 
687 2864 2034 2899 4107 4108 4109 
688 2505 2056 2843 3951 4110 4111 
689 1005 1109 2016 4112 4113 4114 
690 1668 1973 2879 3718 4115 4116 
691 2065 1529 2433 4117 4118 4119 
692 907 905 2179 4120 4121 3425 
693 759 706 2116 4122 4123 4124 
694 1952 2893 2906 4014 4125 4051 
695 2098 1682 2794 3784 4126 4127 
696 1649 2028 2094 4128 3556 4129 
697 1960 1062 2609 3108 4130 3478 
698 2683 2210 2729 4131 4132 4133 
699 1382 2030 2909 3791 4134 4135 
700 1852 1853 2669 4136 4137 3793 
701 2077 263 2115 4138 4139 2963 
702 1473 759 2116 4140 4124 4141 
703 2608 646 2841 4142 4143 4144 
704 1754 1929 2711 3288 4145 4146 
705 690 1900 2903 4147 4148 4149 
706 831 2025 2923 4150 4151 4152 
707 2064 1662 2083 4153 4154 4155 
708 1453 1626 1985 4156 4157 4158 
709 1525 1252 2108 4159 4160 4161 
710 1974 715 2916 2960 4162 4163 
711 646 641 2060 4164 3228 4165 
712 1689 1310 1949 4166 4167 4168 
713 1310 1308 1949 4169 4170 4167 
714 2129 1058 2659 4171 4172 4173 
715 750 2528 2628 4174 4175 4176 
716 2049 2055 2056 3761 4177 4178 
717 621 616 2111 4179 3749 4180 
718 2063 1098 2587 4045 4181 3932 
719 2038 1977 2065 4016 4182 4183 
720 2029 1664 2030 3772 4184 3790 
721 1539 2140 2602 4185 4186 4187 
722 714 1995 2731 4188 4189 4190 
723 1920 1919 2879 4191 3646 4192 
724 40 733 2165 4193 4194 4021 
725 738 2483 2552 4195 4094 4196 
726 1539 2602 2748 4187 4197 4198 
727 1780 1704 2456 4199 4200 4201 
728 1466 2764 2767 4202 3355 3542 
729 1975 1481 2080 3188 4203 4204 
730 710 25 1924 4205 3248 4206 
731 1907 1909 1919 4207 4076 4208 
732 2069 1462 2669 4209 4210 4211 
733 2524 1373 2572 3385 4212 3863 
734 739 2683 2729 4213 4133 4214 
735 1672 1670 2143 4215 3854 4216 
736 1360 1480 2149 4217 4218 4219 
737 710 1875 2906 2966 4052 4220 
738 997 995 1961 4221 4222 3467 
739 1893 1894 2510 4223 4224 4225 
740 2459 2460 2706 4226 4227 4028 
741 154 741 2242 4228 4229 3675 
742 747 20 2044 4230 4231 4232 
743 701 28 2082 4233 4234 4235 
744 189 748 2039 4236 4237 4238 
745 1992 1365 2550 3118 4239 4240 
746 1224 1228 1525 4241 4242 4243 
747 1746 1826 2582 4244 4245 3511 
748 2127 1153 2131 4246 3778 4247 
749 196 1928 2917 4248 4249 4250 
750 893 2624 2625 4251 4252 4253 
751 770 768 2037 4254 4255 4256 
752 2066 2836 2845 4069 4257 4258 
753 2528 2132 2628 4259 4260 4175 
754 1070 1967 2733 3597 4261 3277 
755 2007 1789 2087 3442 4262 4263 
756 2186 2187 2194 4264 4265 3836 
757 2175 2176 2790 4266 3545 3403 
758 2068 1817 2615 4267 4268 4269 
759 1261 1539 1872 4270 4271 4272 
760 1139 1195 2070 4273 3995 4274 
761 2091 690 2903 4275 4149 4276 
762 2067 1630 2068 4277 4278 4279 
763 831 828 2025 4280 4281 4150 
764 1950 1193 2530 4282 4283 3458 
765 979 1044 2776 4284 4285 4286 
766 722 2105 2422 4287 4288 3531 
767 2068 1630 2456 4278 4289 4290 
768 1927 746 2666 3999 4291 4292 
769 441 541 757 4293 4294 4010 
770 694 1896 2014 4295 4296 4297 
771 2495 621 2849 4298 4299 4300 
772 2002 1359 2646 4096 4301 4302 
773 1480 1844 2149 4303 4304 4218 
774 726 2665 2710 4305 4306 4307 
775 1241 1470 2428 4308 4309 3559 
776 191 721 1976 4310 3045 4311 
777 466 416 2059 4312 4313 4314 
778 681 676 1923 4315 4316 4317 
779 546 601 1895 4318 3647 4319 
780 481 511 1911 4320 3653 4321 
781 576 571 1936 4322 4323 4324 
782 686 681 1900 4325 4326 4327 
783 591 586 1907 4328 3651 4329 
784 496 491 1913 4330 3649 4331 
785 671 411 1915 4332 3655 4333 
786 556 551 1879 4334 4335 4336 
787 421 461 1969 4337 4338 4339 
788 456 451 1903 4340 3966 4341 
789 476 471 1862 4342 4343 4344 
790 1979 821 2684 3662 4345 3708 
791 1033 1953 2530 4346 3459 4347 
792 2035 1961 2862 3238 4348 4349 
793 808 2113 2525 4350 4351 3348 
794 791 789 1962 4352 4353 3503 
795 2000 1069 2499 4354 4355 4356 
796 2868 2124 2885 4034 4357 4358 
797 1520 2079 2527 4359 4360 3178 
798 176 177 2050 234 3779 4361 
799 2142 2141 2513 4362 4363 4364 
800 752 2367 2537 4365 4366 4367 
801 1755 2175 2177 4368 3589 4369 
802 805 801 1933 4370 4371 3305 
803 1651 1656 2028 4372 3755 4373 
804 1968 1668 2816 3578 4374 4375 
805 2572 1146 2643 4376 4377 4378 
806 153 2242 2243 3676 4379 4380 
807 734 2448 2820 3783 4381 4382 
808 1913 1914 1986 3650 4383 4384 
809 1907 1908 1909 3652 4385 4207 
810 2554 1058 2761 4386 4387 4388 
811 1062 2009 2062 3110 4389 3992 
812 1101 2005 2079 4390 4391 4392 
813 1124 1123 1169 4393 4394 4395 
814 1801 1945 2404 4396 3937 4397 
815 1195 1196 1236 4398 4399 4400 
816 2816 1668 2879 4374 4116 3645 
817 1064 1065 1104 4401 4402 4403 
818 899 1929 2439 4404 3290 4405 
819 1104 1105 1147 4406 3700 4407 
820 1030 1028 1963 4408 4409 3537 
821 1122 1102 1123 4410 4411 4412 
822 695 1913 2919 4413 4414 4415 
823 2452 2249 2453 4416 2952 4417 
824 2039 748 2069 4237 4418 4419 
825 980 984 1064 4420 4421 3964 
826 1963 1103 2011 4422 4423 4424 
827 536 531 2116 4425 3285 4426 
828 1282 1467 1468 4427 4428 3902 
829 1926 1925 2837 4429 3421 4430 
830 1273 1274 1398 4431 4432 4433 
831 2679 571 2777 4434 4435 4436 
832 2723 845 2766 4437 4438 4439 
833 2014 1896 2631 4296 4440 4441 
834 1139 1194 1195 4442 4443 4273 
835 1780 2456 2626 4201 4444 4445 
836 2242 2241 2607 4446 3553 4447 
837 2665 2383 2710 4448 4449 4306 
838 1191 1231 2484 4450 4451 4452 
839 1945 2561 2578 3815 4453 3938 
840 1158 1164 2064 4454 4455 4456 
841 2043 1139 2070 4063 4274 4457 
842 179 180 2058 237 4458 4459 
843 1447 1985 2703 4460 3333 4461 
844 2074 831 2923 3803 4152 4462 
845 2004 835 2006 4463 4106 3476 
846 1988 1989 1990 3825 4464 3223 
847 1101 2004 2005 4465 4466 4390 
848 1959 689 2875 3757 4467 4468 
849 1175 1173 1965 4469 4470 3558 
850 2314 2389 2583 4471 4472 4473 
851 2030 2741 2909 4474 4475 4134 
852 1071 1993 2511 4476 4477 4478 
853 1717 1716 2113 4479 4480 4481 
854 180 181 2081 238 4004 4482 
855 1819 1492 2151 4483 4484 4485 
856 1436 1438 1968 4486 3579 4487 
857 2059 416 2934 4313 4488 4489 
858 2078 2067 2154 4490 4491 4492 
859 690 686 1900 4493 4327 4147 
860 676 688 1923 4494 4023 4316 
861 688 671 1915 4495 4333 4496 
862 698 591 1907 4497 4329 4498 
863 551 694 1879 4499 4500 4335 
864 695 496 1913 4501 4331 4413 
865 704 481 1911 4502 4321 3912 
866 694 546 1895 4503 4319 4504 
867 461 700 1969 4505 4027 4338 
868 700 456 1903 4506 4341 4507 
869 541 706 757 4508 4509 4294 
870 689 576 1936 4510 4324 4511 
871 707 466 2059 4512 4314 3294 
872 2194 2187 2483 4265 4092 4513 
873 471 707 1862 4514 3145 4343 
874 2568 2203 2680 4515 4516 4517 
875 2557 880 2605 4518 3884 4519 
876 1789 2008 2775 3444 4520 4521 
877 1763 2016 2699 3026 4522 4523 
878 1816 2702 2722 3363 4524 4525 
879 1755 2173 2175 4526 4527 4368 
880 1197 1199 2078 4528 4529 4530 
881 2016 1109 2672 4113 4531 4532 
882 1987 1920 2879 3918 4192 4533 
883 1716 1997 1998 4534 4535 4536 
884 1678 1676 1950 4537 4538 3249 
885 702 182 2133 4539 3739 4540 
886 2007 713 2008 4541 4542 3443 
887 2702 701 2722 4543 4544 4524 
888 1796 1497 2072 4545 4546 3714 
889 1195 1194 1196 4443 4547 4398 
890 1236 1196 1238 4399 4548 4549 
891 748 1976 2509 4550 3071 4551 
892 722 268 2105 4552 4553 4287 
893 723 2097 2098 4554 4555 4556 
894 1406 1239 1407 4557 4558 4559 
895 995 993 1075 4560 4561 4562 
896 1397 1630 2067 4563 4277 4564 
897 995 1075 1961 4562 4565 4222 
898 2481 1813 2547 3474 4566 3200 
899 1060 1059 1079 4567 4568 4569 
900 1670 2103 2824 4570 4571 3855 
901 1238 1380 1994 4572 4049 4573 
902 1003 1001 1981 4574 4575 3587 
903 451 1901 2842 4576 4577 3967 
904 720 2087 2808 4082 4578 4579 
905 2058 2081 2671 4580 3812 4581 
906 1871 2415 2851 3035 4582 4583 
907 827 825 1102 4584 4585 4586 
908 789 787 1048 4587 4588 4589 
909 1148 1147 1282 4590 4591 4592 
910 681 1923 2836 4317 4593 4594 
911 1900 681 2836 4326 4594 4068 
912 2046 1518 2047 4595 4596 4597 
913 1997 1701 1999 4598 4084 4599 
914 1116 1079 1117 4600 4601 4602 
915 1173 1171 1464 4603 4604 4605 
916 1122 1123 1124 4412 4393 4606 
917 898 897 950 4607 4608 4609 
918 999 997 1099 4610 3466 4040 
919 1028 1026 1103 4611 4612 4613 
920 1360 1244 1479 4614 3102 4615 
921 1996 193 2731 4098 4616 4617 
922 2569 1682 2745 4618 3786 3806 
923 1996 2594 2837 4619 4620 4621 
924 2083 2852 2898 4622 4623 4624 
925 2507 2557 2605 4625 4519 4626 
926 2467 1790 2811 4055 4627 4628 
927 1267 1063 2103 4629 4630 4631 
928 2058 180 2081 4458 4482 4580 
929 1398 1274 1434 4432 4632 4633 
930 795 793 1967 4634 4635 3596 
931 1380 1436 1441 4636 4637 4047 
932 1124 1169 1171 4395 4638 4639 
933 1231 1239 1406 4640 4557 4641 
934 1676 1674 1887 4642 4643 4644 
935 2192 2189 2516 4645 3163 4646 
936 1560 1633 1841 2986 4647 4648 
937 1240 1392 1408 4649 4650 3050 
938 28 29 2082 87 4651 4234 
939 951 950 980 4652 4653 4654 
940 1001 999 1980 4655 4042 4656 
941 827 1102 1122 4586 4410 4657 
942 874 870 899 4658 4659 4070 
943 1492 1386 2151 4660 4661 4484 
944 793 791 1057 4662 3502 4663 
945 1901 1902 2551 3377 4664 4665 
946 1760 1509 1954 4666 4667 4668 
947 1139 811 1194 4669 3053 4442 
948 1119 1117 1143 4670 4671 4672 
949 1626 2014 2631 3934 4441 4673 
950 1273 1143 1274 4674 4675 4431 
951 789 1048 1962 4589 4676 4353 
952 1495 1491 2071 4677 4678 4679 
953 1064 984 1065 4421 4680 4401 
954 1633 1556 2112 2985 4681 4682 
955 2548 1178 2887 4683 4684 4685 
956 561 556 2458 4686 4687 4688 
957 1101 2079 2493 4392 4689 4690 
958 1169 1170 1240 4691 4692 3593 
959 1032 1030 1047 4693 3536 4694 
960 1104 1065 1105 4402 4695 4406 
961 1714 1712 1716 4696 4697 4698 
962 1056 778 2012 4699 4700 4701 
963 1141 1181 1255 4702 4703 4704 
964 2038 2065 2433 4183 4119 4705 
965 817 814 2043 4706 4707 4708 
966 1626 1455 2123 4709 4710 3935 
967 1468 1467 1469 4428 4711 4712 
968 2033 2723 2766 4713 4439 4714 
969 2010 2027 2922 4715 4716 3896 
970 879 874 1988 4717 4071 3657 
971 717 2039 2145 4718 4719 4720 
972 1246 1175 1359 4721 3557 4095 
973 734 441 2843 4722 4012 4723 
974 1272 1662 2064 4724 4153 4725 
975 981 980 1977 4726 3965 4015 
976 1200 1198 2117 4727 4728 4729 
977 774 770 2037 4730 4256 4731 
978 2595 695 2919 4732 4415 4733 
979 980 950 984 4653 4734 4420 
980 987 983 2038 4735 4736 4737 
981 1071 1013 1993 4738 4739 4476 
982 1177 1143 1273 4740 4674 3267 
983 1028 1103 1963 4613 4422 4409 
984 421 1969 2582 4339 3561 3625 
985 1282 1147 1467 4591 3313 4427 
986 1164 1272 2064 4741 4725 4455 
987 801 1932 1933 4742 4743 4371 
988 1450 1453 1985 4744 4158 4745 
989 1117 1079 1118 4601 4746 3306 
990 1928 196 2786 4248 4747 4748 
991 888 879 1991 4749 3658 4750 
992 187 717 2093 4751 3728 4752 
993 2001 1457 2134 4753 4754 4755 
994 1447 1450 1985 4756 4745 4460 
995 1036 1032 1970 4757 4758 3630 
996 1005 1003 1109 4759 3586 4112 
997 1680 1678 1953 4760 3251 4761 
998 1237 1236 1244 4762 3686 4763 
999 837 835 2004 4764 4463 4765 
1000 1013 1011 1993 4766 3874 4739 
1001 1951 1191 2905 3801 4767 4768 
1002 1191 1192 1231 4769 4770 4450 
1003 1112 774 2037 4771 4731 4772 
1004 1263 1246 2002 4773 4097 4774 
1005 797 795 1070 4775 3595 4776 
1006 983 981 2038 4777 4017 4736 
1007 1173 1464 1965 4605 4778 4470 
1008 1382 1283 2029 4779 4780 3789 
1009 171 2107 2654 4781 4782 4783 
1010 778 776 2012 4784 3925 4700 
1011 1438 1440 1668 4785 3716 3577 
1012 626 621 2495 4786 4298 4787 
1013 814 812 2043 4788 4064 4707 
1014 1240 1241 1392 4789 3122 4649 
1015 1656 1653 2635 4790 4791 4020 
1016 2690 476 2738 4792 4793 4794 
1017 839 837 1101 4795 4796 4797 
1018 812 811 1139 4798 4669 4062 
1019 1440 1443 1973 4799 4800 3717 
1020 1441 1436 1968 4637 4487 4801 
1021 736 2193 2911 3871 4802 4803 
1022 1510 1509 1760 4804 4666 4805 
1023 1712 1701 1997 4806 4598 4807 
1024 1826 1742 2088 4808 4809 4810 
1025 1105 1141 1964 4811 4812 3701 
1026 1058 2129 2761 4171 4813 4387 
1027 2900 1048 2939 4814 4815 4816 
1028 1683 1680 1839 4817 4818 4819 
1029 1453 1455 1626 4820 4709 4156 
1030 947 2179 2846 3426 4821 4822 
1031 1676 1887 1950 4644 4823 4538 
1032 1545 1546 2780 4824 4825 4826 
1033 1043 1036 1059 4827 3629 4828 
1034 1231 1232 1239 4829 4830 4640 
1035 2142 2513 2554 4364 4831 4832 
1036 870 868 1929 4833 4834 4835 
1037 194 714 2731 4836 4190 4837 
1038 1007 1005 2016 4838 4114 3168 
1039 1893 2510 2806 4225 4839 3689 
1040 1965 1464 2086 4778 4840 3041 
1041 1183 1185 1190 4841 4842 4843 
1042 1674 1672 1931 4844 4845 4846 
1043 706 536 2116 4847 4426 4123 
1044 1026 1023 1984 4848 3961 4849 
1045 2336 2052 2931 4850 4851 4852 
1046 1443 1445 1448 4853 4854 4855 
1047 1001 1980 1981 4656 4856 4575 
1048 1947 2568 2680 3378 4517 4857 
1049 890 888 897 4858 4859 4860 
1050 688 1915 2036 4496 4861 4862 
1051 698 1907 1919 4498 4208 4863 
1052 694 1895 1896 4504 4864 4295 
1053 757 706 758 4509 4865 4866 
1054 700 1903 1904 4507 4867 4868 
1055 1879 694 2014 4500 4297 4869 
1056 1980 2034 2864 4086 4107 4870 
1057 2000 2499 2591 4356 4871 3309 
1058 1375 1367 1402 4872 4873 4874 
1059 2366 750 2463 4875 4876 4019 
1060 1159 1034 2141 4877 4878 4879 
1061 1251 1244 1360 4880 4614 4881 
1062 793 1057 1967 4663 4882 4635 
1063 1283 1282 2029 4883 3903 4780 
1064 2021 2052 2336 4884 4850 4885 
1065 787 784 1972 4886 3882 4887 
1066 1497 1495 2072 4888 4889 4546 
1067 1453 1454 1455 4890 4891 4820 
1068 1398 1484 2055 4892 4893 4894 
1069 825 822 1978 4895 3946 4896 
1070 2051 2482 2682 3472 4897 4898 
1071 1886 1709 2076 4899 4900 4901 
1072 1199 1249 2078 4902 4903 4529 
1073 897 888 1991 4859 4750 3137 
1074 1270 1265 1367 4904 3742 4905 
1075 1404 1800 1801 4906 4907 4908 
1076 2053 692 2782 3099 4909 4910 
1077 1709 1948 2076 4911 3733 4900 
1078 1499 2476 2862 4912 4913 4914 
1079 2111 699 2739 3748 4915 4916 
1080 843 841 957 4917 3340 3546 
1081 2449 1208 2450 3983 4918 4919 
1082 1249 2067 2078 4920 4490 4903 
1083 274 275 2026 295 3905 4921 
1084 1839 1680 1953 4818 4761 4922 
1085 1032 1047 1970 4694 4923 4758 
1086 1443 1448 1973 4855 4924 4800 
1087 471 466 707 4925 4512 4514 
1088 616 611 699 4926 4927 3747 
1089 461 456 700 4928 4506 4505 
1090 651 686 690 4929 4493 3494 
1091 596 591 698 4930 4497 4931 
1092 446 496 695 4932 4501 3496 
1093 551 546 694 4933 4503 4499 
1094 656 651 1890 4934 3495 3890 
1095 676 671 688 4935 4495 4494 
1096 641 636 703 4936 4937 3226 
1097 666 661 696 4938 4939 3091 
1098 501 521 687 4940 3447 4941 
1099 486 481 704 4942 4502 4943 
1100 531 526 1917 4944 3500 3422 
1101 541 536 706 4945 4847 4508 
1102 566 626 693 4946 4947 4948 
1103 451 446 1901 4949 3497 4576 
1104 526 561 697 4950 4951 3498 
1105 431 426 708 4952 4953 3985 
1106 581 576 689 4954 4510 3566 
1107 1714 1716 1717 4698 4479 4955 
1108 1742 1739 2088 4956 4957 4809 
1109 993 991 1940 4958 3620 4959 
1110 606 436 705 4960 4961 3529 
1111 506 441 734 4962 4722 4963 
1112 270 720 2104 4964 4965 4966 
1113 2001 2134 2716 4755 3860 4967 
1114 1750 1518 2046 4968 4595 4969 
1115 1101 837 2004 4796 4765 4465 
1116 1690 1685 1960 4970 3787 4971 
1117 747 2044 2183 4232 3527 3955 
1118 1998 1997 2443 4535 4972 3202 
1119 1011 1009 1098 4973 4974 3872 
1120 1963 2011 2073 4424 4975 3208 
1121 1236 1238 2085 4549 4976 3687 
1122 436 646 2608 4977 4142 4978 
1123 1905 1904 2465 4979 4980 4981 
1124 1187 1189 1191 4982 4983 3800 
1125 2477 1621 2607 4984 4985 3552 
1126 1255 2798 2918 4986 4987 4988 
1127 2490 1921 2712 3343 4989 4990 
1128 1265 1263 2003 4991 4992 3743 
1129 810 805 811 4993 3304 4994 
1130 1360 1479 1480 4615 4995 4217 
1131 1285 1283 1382 4996 4779 4997 
1132 1474 1280 1509 4998 4999 5000 
1133 801 797 1932 5001 5002 4742 
1134 1973 1987 2879 5003 4533 4115 
1135 1428 2129 2576 5004 5005 5006 
1136 1278 2024 2653 3398 5007 3198 
1137 1408 1392 1488 4650 5008 5009 
1138 1651 1653 1656 5010 4790 4372 
1139 1662 1663 1867 5011 5012 5013 
1140 741 2241 2242 3216 4446 4229 
1141 1387 1386 1490 5014 5015 5016 
1142 2458 556 2758 4687 5017 5018 
1143 2079 1873 2493 5019 3025 4689 
1144 2152 1692 2153 4073 5020 5021 
1145 1495 2071 2072 4679 5022 4889 
1146 776 774 1112 5023 4771 3923 
1147 750 2366 2528 4875 5024 4174 
1148 2037 2472 2785 5025 3510 5026 
1149 2008 2010 2488 5027 3585 5028 
1150 1749 1986 2704 5029 5030 5031 
1151 1514 1267 2103 5032 4631 5033 
1152 1171 1169 2114 4638 3594 5034 
1153 556 1879 2758 4336 5035 5017 
1154 1864 2149 2150 5036 5037 5038 
1155 262 263 2077 283 4138 5039 
1156 1141 1255 1964 4704 3068 4812 
1157 1450 1452 1453 5040 5041 4744 
1158 1518 1288 2048 5042 3853 5043 
1159 2005 2004 2872 4466 3470 5044 
1160 2447 1697 2884 3888 5045 5046 
1161 1263 2002 2003 4774 5047 4992 
1162 1716 1712 1997 4697 4807 4534 
1163 1733 1732 2096 5048 5049 5050 
1164 271 272 2087 292 5051 4081 
1165 797 1070 1932 4776 5052 5002 
1166 1753 1805 2676 5053 3074 3183 
1167 1845 1747 2001 5054 5055 5056 
1168 21 719 2044 5057 5058 5059 
1169 2015 1864 2844 5060 5061 3523 
1170 1404 1801 2404 4908 4397 5062 
1171 992 991 993 5063 4958 5064 
1172 1193 1950 2829 4282 5065 5066 
1173 1977 2455 2869 3908 5067 5068 
1174 692 179 2058 5069 4459 5070 
1175 1385 1383 1386 5071 5072 5073 
1176 1406 1407 1766 4559 5074 5075 
1177 717 188 2039 5076 5077 4718 
1178 2097 18 2099 5078 5079 5080 
1179 1697 2117 2884 5081 5082 5045 
1180 1902 2028 2551 3554 3756 4664 
1181 1381 1155 2127 5083 5084 5085 
1182 1685 1683 2009 5086 5087 3788 
1183 1398 1434 1484 4633 5088 4892 
1184 1691 1081 2460 5089 3928 5090 
1185 1405 1398 2055 5091 4894 3760 
1186 866 853 2431 5092 5093 3329 
1187 2080 1481 2663 4203 5094 5095 
1188 1104 1147 1148 4407 4590 5096 
1189 986 983 987 5097 4735 5098 
1190 1015 1013 1071 5099 4738 5100 
1191 273 713 2007 5101 4541 5102 
1192 2812 1489 2844 5103 3524 5104 
1193 1511 1288 1518 5105 5042 5106 
1194 899 870 1929 4659 4835 4404 
1195 1936 571 2679 4323 4434 5107 
1196 2104 720 2559 4965 5108 5109 
1197 1185 1187 1951 5110 3802 5111 
1198 1468 1469 1517 4712 5112 5113 
1199 2638 1800 2691 5114 5115 5116 
1200 611 476 2690 5117 4792 5118 
1201 1683 1839 2009 4819 5119 5087 
1202 1670 1514 2103 5120 5033 4570 
1203 2036 1915 2791 4861 5121 3010 
1204 1649 1651 2028 5122 4373 4128 
1205 723 17 2097 5123 5124 4554 
1206 1383 1382 2151 5125 5126 5127 
1207 2520 1858 2777 5128 5129 5130 
1208 1639 2161 2163 5131 5132 5133 
1209 2043 2070 2676 4457 3184 5134 
1210 1043 1059 1060 4828 4567 5135 
1211 661 656 2806 5136 3690 5137 
1212 2560 720 2808 5138 4579 5139 
1213 2064 2083 2892 4155 5140 5141 
1214 1402 1367 1669 4873 3320 5142 
1215 2245 2570 2648 5143 5144 5145 
1216 1178 2443 2887 3203 5146 4684 
1217 1060 1079 1116 4569 4600 5147 
1218 2193 2192 2911 5148 5149 4802 
1219 1250 1200 2117 5150 4729 5151 
1220 1662 1867 2083 5013 5152 4154 
1221 1490 1386 1492 5015 4660 5153 
1222 1190 1185 1951 4842 5111 5154 
1223 1890 1891 1892 3374 5155 5156 
1224 1891 690 2091 3373 4275 5157 
1225 709 176 2050 5158 4361 5159 
1226 1617 1592 2246 5160 5161 5162 
1227 10 745 2092 5163 5164 5165 
1228 1555 1557 1558 5166 5167 5168 
1229 1272 1506 1662 5169 5170 4724 
1230 994 993 995 5171 4560 5172 
1231 849 847 892 5173 5174 5175 
1232 816 814 817 5176 4706 5177 
1233 1887 1674 1931 4643 4846 3008 
1234 2009 1839 2062 5119 5178 4389 
1235 571 566 2777 5179 5180 4435 
1236 2030 2520 2741 5181 5182 4474 
1237 748 190 1976 5183 5184 4550 
1238 2219 2218 2715 5185 5186 5187 
1239 693 2520 2777 5188 5130 5189 
1240 780 778 1056 5190 4699 5191 
1241 1509 1280 1955 4999 3822 5192 
1242 1737 1733 2096 5193 5050 5194 
1243 890 897 898 4860 4607 5195 
1244 2521 1774 2730 5196 5197 5198 
1245 711 262 2077 5199 5039 3571 
1246 2055 1484 2448 4893 5200 5201 
1247 2078 2154 2912 4492 5202 5203 
1248 2122 516 2408 3487 5204 5205 
1249 2367 755 2537 3909 5206 4366 
1250 1953 1033 2854 4346 5207 5208 
1251 1886 2076 2866 4901 3303 5209 
1252 1234 1277 1278 5210 3396 3974 
1253 1155 1153 2127 5211 4246 5084 
1254 898 950 951 4609 4652 5212 
1255 1455 1456 1471 5213 5214 5215 
1256 476 1862 2738 4344 5216 4793 
1257 2435 1489 2812 5217 5103 3705 
1258 2544 1870 2925 3941 5218 5219 
1259 2018 724 2019 3461 5220 5221 
1260 1390 1360 2149 5222 4219 5223 
1261 1169 1123 1170 4394 5224 4691 
1262 1116 1117 1119 4602 4670 5225 
1263 1720 1390 1864 5226 5227 5228 
1264 990 988 991 5229 5230 5231 
1265 1148 1282 1283 4592 4883 5232 
1266 1381 2127 2128 5085 5233 5234 
1267 988 987 2095 5235 3769 5236 
1268 1457 2001 2178 4753 5237 5238 
1269 2037 768 2472 4255 5239 5025 
1270 2068 2456 2880 4290 5240 5241 
1271 1671 1670 1672 5242 4215 5243 
1272 2640 1829 2750 5244 5245 5246 
1273 1741 1739 1742 5247 4956 5248 
1274 1103 1026 1984 4612 4849 5249 
1275 1864 1390 2149 5227 5223 5036 
1276 1959 1787 2737 5250 3272 5251 
1277 699 2072 2739 3452 5252 4915 
1278 2142 2554 2761 4832 4388 5253 
1279 1904 1958 2465 5254 3144 4980 
1280 1935 2101 2102 3535 5255 4036 
1281 1928 2479 2917 5256 3887 4249 
1282 1249 1397 2067 5257 4564 4920 
1283 996 995 997 5258 4221 5259 
1284 820 818 821 5260 5261 5262 
1285 1270 1367 1375 4905 4872 5263 
1286 1647 1649 2094 5264 4129 5265 
1287 2713 2062 2854 5266 5267 5268 
1288 2570 1625 2648 5269 5270 5144 
1289 951 980 981 4654 4726 5271 
1290 1273 1398 1405 4433 5091 3668 
1291 1373 1146 2572 5272 4376 4212 
1292 1973 1448 1987 4924 5273 5003 
1293 826 825 827 5274 4584 5275 
1294 728 2327 2896 5276 5277 3741 
1295 1238 1379 1380 5278 5279 4572 
1296 1697 1250 2117 5280 5151 5081 
1297 1402 1669 2066 5142 5281 5282 
1298 1645 1647 1749 5283 5284 5285 
1299 1195 1236 1237 4400 4762 3993 
1300 269 2104 2105 5286 5287 5288 
1301 867 866 868 5289 5290 5291 
1302 1386 1383 2151 5072 5127 4661 
1303 1119 1143 1177 4672 4740 5292 
1304 2626 2144 2888 5293 5294 3745 
1305 788 787 789 5295 4587 5296 
1306 1930 1364 2485 5297 5298 5299 
1307 1048 787 1972 4588 4887 5300 
1308 2241 2239 2246 3215 5301 5302 
1309 1102 1978 2473 5303 5304 5305 
1310 892 1971 2921 5306 4032 5307 
1311 20 21 2044 79 5059 4231 
1312 35 1975 2080 5308 4204 3987 
1313 2624 2147 2625 5309 5310 4252 
1314 1166 1159 2141 5311 4879 5312 
1315 2101 732 2137 3534 5313 5314 
1316 1102 825 1978 4585 4896 5303 
1317 2715 2218 2768 5186 3870 5315 
1318 596 698 2783 4931 5316 3258 
1319 1494 1491 1495 5317 4677 5318 
1320 766 1176 2472 5319 5320 5321 
1321 1985 1626 2631 4157 4673 3712 
1322 1375 1402 1403 4874 5322 5323 
1323 1918 1974 2944 2961 5324 5325 
1324 1673 1672 1674 5326 4844 5327 
1325 2145 2069 2669 5328 4211 5329 
1326 18 19 2099 77 3998 5079 
1327 1222 1224 1227 5330 5331 5332 
1328 1226 1220 1227 5333 5334 5335 
1329 2083 1867 2852 5152 5336 4622 
1330 29 2057 2082 5337 5338 4651 
1331 1815 2464 2769 3084 5339 5340 
1332 1079 1059 2013 4568 3432 5341 
1333 1397 1629 1630 5342 5343 4563 
1334 1739 1737 2088 5344 5345 4957 
1335 1240 1170 1241 4692 5346 4789 
1336 2034 1099 2035 4085 3239 5347 
1337 1430 1828 2129 5348 5349 5350 
1338 991 988 2095 5230 5236 3621 
1339 2244 1621 2502 5351 5352 5353 
1340 1021 1019 1022 5354 3427 5355 
1341 621 2111 2849 4180 5356 4299 
1342 12 2139 2613 5357 2992 5358 
1343 30 691 2057 5359 5360 5361 
1344 2046 2047 2517 4597 3681 3283 
1345 1172 1171 1173 5362 4603 5363 
1346 187 188 717 245 5076 4751 
1347 1516 1514 1670 5364 5120 5365 
1348 1027 1026 1028 5366 4611 5367 
1349 1238 1994 2085 4573 3157 4976 
1350 2763 1786 2875 5368 5369 5370 
1351 1823 2572 2643 5371 4378 5372 
1352 21 22 719 80 5373 5057 
1353 1191 1189 1192 4983 5374 4769 
1354 194 195 714 252 5375 4836 
1355 998 997 999 5376 4610 5377 
1356 191 192 721 249 5378 4310 
1357 16 17 723 75 5123 5379 
1358 1779 1940 2795 3920 3565 5380 
1359 19 20 747 78 4230 3996 
1360 13 14 715 72 5381 5382 
1361 189 190 748 247 5183 4236 
1362 2476 2035 2862 5383 4349 4913 
1363 2149 1844 2150 4304 5384 5037 
1364 869 868 870 5385 4833 5386 
1365 184 185 712 242 5387 5388 
1366 1877 1665 2135 5389 5390 3003 
1367 188 189 2039 246 4238 5077 
1368 824 822 825 5391 4895 5392 
1369 2128 2127 2130 5233 5393 3018 
1370 790 789 791 5394 4352 5395 
1371 1154 1242 2468 5396 5397 5398 
1372 2098 2097 2745 4555 5399 3785 
1373 1231 1192 1232 4770 5400 4829 
1374 810 811 812 4994 4798 5401 
1375 24 25 710 83 4205 5402 
1376 857 854 2444 5403 5404 5405 
1377 1474 1509 1510 5000 4804 5406 
1378 1716 1998 2113 4536 5407 4480 
1379 1075 993 1940 4561 4959 5408 
1380 1455 1471 2123 5215 5409 4710 
1381 709 2050 2051 5159 3471 5410 
1382 1407 1239 1502 4558 5411 5412 
1383 2006 2074 2075 3804 5413 3477 
1384 858 853 866 5414 5092 5415 
1385 197 198 746 255 5416 5417 
1386 1524 2141 2142 5418 4362 5419 
1387 1132 1087 1526 5420 4007 5421 
1388 1285 1382 1383 4997 5125 5422 
1389 1486 1926 2924 5423 5424 5425 
1390 786 784 787 5426 4886 5427 
1391 1104 1148 2455 5096 5428 5429 
1392 1380 1435 1436 5430 5431 4636 
1393 10 11 745 69 5432 5163 
1394 2482 2329 2682 5433 5434 4897 
1395 1635 1639 2163 5435 5133 5436 
1396 186 187 2093 244 4752 5437 
1397 1434 1635 2106 5438 5439 5440 
1398 2106 1911 2877 3672 5441 5442 
1399 1255 1181 2798 4703 5443 4986 
1400 1510 1760 2000 4805 5444 3308 
1401 259 753 2110 5445 5446 5447 
1402 1403 1402 1694 5322 5448 5449 
1403 1984 1022 2660 3960 5450 5451 
1404 1237 1244 1251 4763 4880 5452 
1405 1407 1502 1503 5412 5453 5454 
1406 181 182 702 239 4539 4002 
1407 1989 899 2439 3824 4405 5455 
1408 1675 1674 1676 5456 4642 5457 
1409 2114 1886 2866 3319 5209 5458 
1410 1556 1553 2112 5459 5460 4681 
1411 1553 1552 2112 5461 5462 5460 
1412 1448 1445 2703 4854 5463 5464 
1413 1260 1250 1697 5465 5280 5466 
1414 1105 1140 1141 5467 5468 4811 
1415 2161 704 2163 5469 3913 5132 
1416 2067 2068 2154 4279 5470 4491 
1417 27 28 701 86 4233 5471 
1418 1183 1190 2798 4843 3799 5472 
1419 2511 1993 2886 4477 5473 5474 
1420 1048 1972 2939 5300 3819 4815 
1421 1029 1028 1030 5475 4408 5476 
1422 156 2240 2941 5477 3766 5478 
1423 987 2038 2433 4737 4705 3770 
1424 1025 1023 1026 5479 4848 5480 
1425 1741 1742 1743 5248 5481 5482 
1426 1075 1940 2539 5408 3922 5483 
1427 1491 1490 2071 5484 5485 4678 
1428 1148 1284 2455 5486 5487 5428 
1429 1000 999 1001 5488 4655 5489 
1430 2099 747 2603 3997 3956 5490 
1431 1275 2437 2496 5491 5492 5493 
1432 1711 1701 1712 5494 4806 5495 
1433 270 271 720 291 4080 4964 
1434 264 265 718 285 5496 5497 
1435 2008 713 2010 4542 5498 5027 
1436 1931 1672 2143 4845 4216 3231 
1437 269 270 2104 290 4966 5286 
1438 697 561 2458 4951 4688 5499 
1439 1453 1452 1454 5041 5500 4890 
1440 272 273 2007 293 5102 5501 
1441 1524 1166 2141 5502 5312 5418 
1442 267 268 722 288 4552 5503 
1443 873 870 874 5504 4658 5505 
1444 2056 734 2843 3781 4723 4110 
1445 792 791 793 5506 4662 5507 
1446 1707 2140 2584 5508 5509 5510 
1447 29 30 2057 88 5361 5337 
1448 273 274 713 294 5511 5101 
1449 841 839 2493 5512 5513 3341 
1450 1143 1117 2532 4671 3307 5514 
1451 2151 1382 2909 5126 4135 5515 
1452 1174 1173 1175 5516 4469 5517 
1453 1496 1495 1497 5518 4888 5519 
1454 1434 1478 1635 5520 5521 5438 
1455 178 179 692 236 5069 5522 
1456 261 262 711 282 5199 5523 
1457 717 2145 2464 4720 5524 3729 
1458 854 858 2444 5525 5526 5404 
1459 1455 1454 1456 4891 5527 5213 
1460 1482 2118 2119 3265 5528 5529 
1461 30 31 691 89 5530 5359 
1462 1436 1437 1438 5531 5532 4486 
1463 1251 1360 1390 4881 5222 5533 
1464 516 581 2408 5534 3567 5204 
1465 749 39 2165 5535 4022 5536 
1466 275 276 754 296 5537 3904 
1467 1969 1905 2910 4026 5538 3562 
1468 1480 1479 1821 4995 5539 5540 
1469 17 18 2097 76 5078 5124 
1470 2245 2244 2502 5541 5353 5542 
1471 1385 1386 1387 5073 5014 5543 
1472 259 260 753 280 3894 5445 
1473 1464 1171 2114 4604 5034 5544 
1474 2305 1689 2306 5545 5546 5547 
1475 1346 2306 2321 5548 5549 5550 
1476 2103 1063 2519 4630 5551 5552 
1477 1695 2736 2771 5553 5554 5555 
1478 9 10 2092 68 5165 5556 
1479 1926 2915 2924 5557 5558 5424 
1480 1408 1488 1709 5009 5559 5560 
1481 1677 1676 1678 5561 4537 5562 
1482 1700 1698 1701 5563 4083 5564 
1483 266 267 2577 287 5565 5566 
1484 1936 2763 2875 5567 5370 5568 
1485 1358 1166 1524 5569 5502 5570 
1486 1961 1075 2164 4565 5571 5572 
1487 1170 1123 2473 5224 5573 5574 
1488 1345 2321 2885 5575 5576 5577 
1489 1031 1030 1032 5578 4693 5579 
1490 1015 1071 1983 5100 5580 5581 
1491 986 987 988 5098 5235 5582 
1492 2239 1617 2246 5583 5162 5301 
1493 1592 1594 2246 5584 5585 5161 
1494 1490 1492 1799 5153 5586 5587 
1495 175 176 709 233 5158 5588 
1496 1743 1742 1746 5481 5589 5590 
1497 1511 1518 1750 5106 4968 5591 
1498 1713 1712 1714 5592 4696 5593 
1499 1394 2075 2563 5594 5595 5596 
1500 1002 1001 1003 5597 4574 5598 
1501 1502 1239 2470 5411 5599 5600 
1502 2120 1765 2121 3580 5601 5602 
1503 1559 1557 1747 5603 3858 5604 
1504 268 269 2105 289 5288 4553 
1505 1471 1472 1809 5605 5606 5607 
1506 33 34 716 92 4038 5608 
1507 830 828 831 5609 4280 5610 
1508 272 2007 2087 5501 4263 5051 
1509 1141 1180 1181 5611 5612 4702 
1510 1979 1805 2698 3707 5613 5614 
1511 1749 1647 2094 5284 5265 5615 
1512 2130 2127 2131 5393 4247 3808 
1513 2799 1996 2837 4099 4621 5616 
1514 1387 1490 1491 5016 5484 5617 
1515 2088 1737 2096 5345 5194 5618 
1516 1471 1812 2123 5619 5620 5409 
1517 2096 1732 2427 5049 5621 3291 
1518 1665 1667 2135 5622 5623 5390 
1519 1009 1007 2630 5624 3169 5625 
1520 2511 1770 2650 5626 5627 5628 
1521 2286 2284 2696 5629 3256 5630 
1522 1655 1654 2512 5631 5632 5633 
1523 190 191 1976 248 4311 5184 
1524 794 793 795 5634 4634 5635 
1525 1405 2049 2933 3759 5636 5637 
1526 878 874 879 5638 4717 5639 
1527 2047 1518 2048 4596 5043 5640 
1528 1245 1175 1246 5641 4721 5642 
1529 2807 1508 2897 5643 5644 5645 
1530 1197 2078 2620 4530 5646 5647 
1531 1043 1060 2469 5135 5648 5649 
1532 1407 1503 2436 5454 5650 5651 
1533 1438 1439 1440 5652 5653 4785 
1534 1662 1506 1663 5170 5654 5011 
1535 1488 1392 1489 5008 2947 5655 
1536 816 817 818 5177 5656 5657 
1537 35 36 1975 94 5658 5308 
1538 836 835 837 5659 4764 5660 
1539 172 173 724 230 5661 5662 
1540 1056 2012 2169 4701 5663 5664 
1541 1909 1908 1910 4385 5665 5666 
1542 36 37 735 95 5667 5668 
1543 1843 1821 2876 5669 5670 5671 
1544 2121 1765 2171 5601 5672 5673 
1545 2314 2583 2621 4473 5674 3173 
1546 1060 1137 2469 5675 5676 5648 
1547 1448 2703 2855 5464 5677 5678 
1548 1019 1017 2486 5679 5680 3428 
1549 2327 728 2882 5276 5681 5682 
1550 2076 696 2510 3732 5683 3300 
1551 2498 1526 2853 5684 5685 5686 
1552 1876 710 1924 2957 4206 5687 
1553 258 259 2110 279 5447 5688 
1554 2049 2056 2756 4178 3953 3972 
1555 1679 1678 1680 5689 4760 5690 
1556 1471 1456 1472 5214 5691 5605 
1557 1484 1434 2106 5088 5440 5692 
1558 2178 2177 2688 5693 5694 5695 
1559 1381 2128 2685 5234 3751 3575 
1560 1432 2225 2686 5696 5697 5698 
1561 2666 2521 2730 5699 5198 5700 
1562 1690 1960 2148 4971 3834 5701 
1563 1470 1170 2473 5702 5574 5703 
1564 1035 1032 1036 5704 4757 5705 
1565 44 45 2137 103 5706 5707 
1566 693 626 2495 4947 4787 5708 
1567 1481 1482 2663 5709 5710 5094 
1568 1004 1003 1005 5711 4759 5712 
1569 712 185 2611 5387 5713 5714 
1570 36 735 1975 5668 3395 5658 
1571 1261 1401 1539 5715 5716 4270 
1572 1181 1182 1183 5717 5718 5719 
1573 1666 1665 1877 5720 5389 5721 
1574 2042 1502 2470 5722 5600 3726 
1575 1720 1864 2015 5228 5060 5723 
1576 834 832 835 5724 4105 5725 
1577 1635 1636 1639 5726 5727 5435 
1578 1517 1469 1786 5112 5728 5729 
1579 990 991 992 5231 5063 5730 
1580 732 44 2137 5731 5707 5313 
1581 1262 1246 1263 5732 4773 5733 
1582 796 795 797 5734 4775 5735 
1583 2245 2502 2570 5542 5736 5143 
1584 887 879 888 5737 4749 5738 
1585 1254 2614 2615 5739 3171 5740 
1586 1767 1766 1830 5741 5742 5743 
1587 2106 1635 2163 5439 5436 3673 
1588 2012 1112 2895 3924 5744 5745 
1589 2145 1853 2464 5746 5747 5524 
1590 1440 1442 1443 5748 5749 4799 
1591 1725 1523 2162 5750 5751 5752 
1592 1632 2856 2858 5753 5754 5755 
1593 1498 1497 1522 5756 5757 5758 
1594 1017 1015 1983 5759 5581 5760 
1595 2062 1839 2854 5178 5761 5267 
1596 838 837 839 5762 4795 5763 
1597 2209 2210 2637 5764 5765 5766 
1598 1468 1517 1664 5113 5767 3771 
1599 688 2036 2084 4862 5768 4024 
1600 698 1919 1920 4863 4191 5769 
1601 1896 1895 1898 4864 3867 5770 
1602 758 706 759 4865 4122 5771 
1603 700 1904 1905 4868 4979 4025 
1604 1904 1903 1906 4867 5772 5773 
1605 1810 1854 1855 5774 5775 5776 
1606 1103 1984 2747 5249 5777 5778 
1607 2619 2041 2709 5779 5780 5781 
1608 2154 2068 2615 5470 4269 3170 
1609 799 807 1068 5782 5783 5784 
1610 1428 1430 2129 5785 5350 5004 
1611 1404 1793 1800 5786 5787 4906 
1612 1559 1747 1845 5604 5054 5788 
1613 745 11 2613 5432 5789 5790 
1614 1801 1800 1941 4907 5791 5792 
1615 1406 1766 1767 5075 5741 5793 
1616 992 993 994 5064 5171 5794 
1617 1821 1822 2567 5795 5796 5797 
1618 2559 720 2560 5108 5138 5798 
1619 1911 1912 2877 3654 5799 5441 
1620 828 827 2025 5800 5801 4281 
1621 820 821 822 5262 3945 5802 
1622 1494 1495 1496 5318 5518 5803 
1623 1136 2250 2251 5804 5805 5806 
1624 1872 1539 2748 4271 4198 5807 
1625 1645 1646 1647 5808 5809 5283 
1626 2650 1770 2901 5627 5810 5811 
1627 1534 1523 1725 5812 5750 5813 
1628 1726 1725 1727 5814 5815 5816 
1629 2219 730 2670 5817 3390 5818 
1630 1954 1509 1955 4667 5192 5819 
1631 1108 1179 2638 5820 5821 5822 
1632 1681 1680 1683 5823 4817 5824 
1633 2608 1843 2876 5825 5671 5826 
1634 1560 1841 2173 4648 5827 5828 
1635 1115 2252 2255 5829 5830 5831 
1636 1978 1979 2936 3663 5832 5833 
1637 960 962 2413 5834 5835 5836 
1638 1779 1388 2508 5837 5838 5839 
1639 2796 1874 2939 3957 5840 3818 
1640 1042 1036 1043 5841 4827 5842 
1641 1639 1641 2161 5843 5844 5131 
1642 2488 1531 2935 3584 5845 5846 
1643 964 966 2256 5847 5848 5849 
1644 950 897 2833 4608 3129 5850 
1645 2209 738 2552 5851 4196 5852 
1646 1238 1196 1379 4548 5853 5278 
1647 2473 1978 2936 5304 5833 5854 
1648 1006 1005 1007 5855 4838 5856 
1649 1503 1502 1504 5453 5857 2973 
1650 1639 1640 1641 5858 5859 5843 
1651 958 960 2170 5860 5861 5862 
1652 1997 1999 2443 4599 5863 4972 
1653 2170 960 2413 5861 5836 5864 
1654 1183 1184 1185 5865 5866 4841 
1655 1256 1155 1381 5867 5083 5868 
1656 968 970 2253 5869 5870 5871 
1657 1430 1483 1828 5872 5873 5348 
1658 1694 1402 2066 5448 5282 5874 
1659 1890 1892 1893 5156 5875 3891 
1660 2063 1740 2598 3931 5876 5877 
1661 1642 1644 1645 5878 5879 5880 
1662 2240 156 2904 5477 5881 5882 
1663 972 2155 2157 5883 5884 5885 
1664 1471 1809 1812 5607 5886 5619 
1665 1158 2064 2540 4456 5887 5888 
1666 2754 1792 2922 5889 5890 5891 
1667 1264 1263 1265 5892 4991 5893 
1668 1087 1083 2146 5894 5895 4008 
1669 1083 891 2146 5896 5897 5895 
1670 2112 1552 2196 5462 5898 5899 
1671 2250 1136 2253 5804 5900 5901 
1672 1434 1274 1478 4632 5902 5520 
1673 41 42 2152 100 3915 5903 
1674 2221 2200 2423 5904 5905 5906 
1675 800 797 801 5907 5001 5908 
1676 2088 2096 2701 5618 3293 5909 
1677 2036 1504 2515 2974 5910 5911 
1678 2297 2395 2432 5912 5913 5914 
1679 1766 1407 2436 5074 5651 5915 
1680 1443 1444 1445 5916 5917 4853 
1681 889 888 890 5918 4858 5919 
1682 952 955 2158 5920 5921 5922 
1683 1103 2747 2890 5778 5923 5924 
1684 1225 1223 2360 5925 5926 5927 
1685 827 1122 2025 4657 5928 5801 
1686 773 799 2661 5929 5930 3136 
1687 1051 2441 2442 5931 5932 5933 
1688 186 2093 2611 5437 3191 5934 
1689 1630 1629 1631 5343 5935 5936 
1690 1217 1214 2418 5937 5938 5939 
1691 2296 2297 2359 5940 5941 5942 
1692 840 839 841 5943 5512 5944 
1693 733 41 2152 5945 5903 5946 
1694 2059 1859 2749 5947 5948 3383 
1695 1290 2296 2359 5949 5942 5950 
1696 1496 1497 1498 5519 5756 5951 
1697 2296 1290 2298 5949 5952 5953 
1698 1809 1472 1810 5606 5954 5955 
1699 1728 1727 1729 5956 5957 5958 
1700 1021 1022 1023 5355 3959 5959 
1701 1664 1517 1858 5767 5960 5961 
1702 1464 2114 2866 5544 5458 5962 
1703 994 995 996 5172 5258 5963 
1704 1647 1648 1649 5964 5965 5264 
1705 1136 968 2253 5966 5871 5900 
1706 1808 1850 2053 3230 5967 5968 
1707 1738 1737 1739 5969 5344 5970 
1708 2205 934 2206 5971 5972 5973 
1709 1516 1670 1671 5365 5242 5974 
1710 703 636 2592 4937 3711 3695 
1711 1374 1703 1966 5975 5976 5977 
1712 2522 1068 2818 4088 5978 5979 
1713 1709 1488 1842 5559 5980 5981 
1714 1124 1171 1172 4639 5362 5982 
1715 972 2157 2158 5885 5983 5984 
1716 2101 2137 2138 5314 5985 5986 
1717 2299 1217 2418 5987 5939 5988 
1718 1480 1821 1843 5540 5669 5989 
1719 1522 1497 1796 5757 4545 5990 
1720 1242 1372 2468 5991 5992 5397 
1721 2070 1237 2593 3994 5993 3078 
1722 1136 2251 2256 5806 5994 5995 
1723 1219 1217 2299 5996 5987 5997 
1724 1408 1709 1886 5560 4899 3318 
1725 1645 1749 2704 5285 5031 5998 
1726 1523 1522 2162 5999 6000 5751 
1727 2105 2104 2421 5287 6001 6002 
1728 2159 2395 2420 6003 6004 6005 
1729 1821 1479 1822 5539 3368 5795 
1730 972 958 2170 6006 5862 6007 
1731 955 972 2158 6008 5984 5921 
1732 1684 1683 1685 6009 5086 6010 
1733 38 749 2124 6011 6012 6013 
1734 2252 1115 2256 5829 6014 6015 
1735 2155 972 2170 5883 6007 6016 
1736 2298 1290 2299 5952 6017 6018 
1737 1736 1733 1737 6019 5193 6020 
1738 2418 1291 2434 6021 6022 6023 
1739 264 718 2115 5497 3631 6024 
1740 2158 2159 2420 6025 6005 6026 
1741 2001 1747 2178 5055 6027 5237 
1742 2204 1784 2342 6028 6029 6030 
1743 12 13 2139 71 6031 5357 
1744 263 264 2115 284 6024 4139 
1745 2049 2047 2933 3679 6032 5636 
1746 2166 1419 2199 6033 6034 6035 
1747 824 825 826 5392 5274 6036 
1748 1008 1007 1009 6037 5624 6038 
1749 966 1136 2256 6039 5995 5848 
1750 1115 964 2256 6040 5849 6014 
1751 1776 2166 2199 6041 6035 6042 
1752 1767 1830 1831 5743 6043 6044 
1753 198 199 2090 256 6045 6046 
1754 1490 1799 2071 5587 6047 5485 
1755 1799 1492 1818 5586 6048 6049 
1756 1746 1742 1826 5589 4808 4244 
1757 1498 1522 1523 5758 5999 6050 
1758 1176 763 2462 6051 6052 6053 
1759 712 2611 2803 5714 6054 6055 
1760 1185 1186 1187 6056 6057 5110 
1761 2204 934 2205 6058 5971 6059 
1762 962 1115 2413 6060 6061 5835 
1763 847 845 2723 6062 4437 6063 
1764 871 881 2182 6064 6065 6066 
1765 1115 2255 2413 5831 6067 6061 
1766 858 866 867 5415 5289 6068 
1767 1526 2146 2147 4009 6069 6070 
1768 1269 1265 1270 6071 4904 6072 
1769 2167 1126 2344 6073 6074 6075 
1770 1290 1219 2299 6076 5997 6017 
1771 1732 1729 1859 6077 6078 6079 
1772 1730 1729 1732 6080 6077 6081 
1773 165 166 2194 223 6082 6083 
1774 1846 2471 2883 6084 6085 3721 
1775 2168 2167 2344 6086 6075 6087 
1776 1938 2092 2838 3488 6088 6089 
1777 786 787 788 5427 5295 6090 
1778 2637 2210 2683 5765 4131 6091 
1779 1289 1225 2360 6092 5927 6093 
1780 1223 2359 2360 6094 6095 5926 
1781 1831 1830 1832 6043 6096 6097 
1782 1419 2166 2200 6033 6098 6099 
1783 1671 1672 1673 5243 5326 6100 
1784 1235 2168 2344 6101 6087 6102 
1785 1806 1983 2650 3217 6103 6104 
1786 2359 2297 2360 5941 6105 6095 
1787 2200 2205 2423 6106 6107 5905 
1788 2428 1470 2698 4309 6108 6109 
1789 804 801 805 6110 4370 6111 
1790 730 2219 2715 5817 5187 6112 
1791 1445 1446 1447 6113 6114 6115 
1792 1786 1469 1787 5728 6116 6117 
1793 152 153 2243 210 4380 6118 
1794 1538 2326 2345 6119 6120 6121 
1795 1488 1489 2435 5655 5217 6122 
1796 1077 1129 2236 6123 6124 6125 
1797 2121 2171 2182 5673 6126 6127 
1798 1291 2221 2423 6128 5906 6129 
1799 2395 2159 2432 6003 6130 5913 
1800 166 737 2194 6131 3837 6082 
1801 1214 1291 2418 6132 6021 5938 
1802 1765 859 2171 6133 6134 5672 
1803 2439 1754 2440 3289 6135 6136 
1804 952 2158 2420 5922 6026 6137 
1805 1896 1898 1899 5770 6138 6139 
1806 758 759 760 5771 6140 6141 
1807 1904 1906 1958 5773 3176 5254 
1808 934 933 2206 6142 6143 5972 
1809 933 936 2206 6144 6145 6143 
1810 2171 871 2182 6146 6066 6126 
1811 1105 1065 1140 4695 6147 5467 
1812 2056 2055 2448 4177 5201 3782 
1813 1717 2113 2720 4481 6148 4043 
1814 1118 1079 2013 4746 5341 6149 
1815 1801 1941 1942 5792 6150 6151 
1816 842 841 843 6152 4917 6153 
1817 1623 1537 2235 6154 6155 6156 
1818 1089 1261 1872 6157 4272 6158 
1819 881 1082 2182 6159 6160 6065 
1820 1291 2423 2434 6129 6161 6022 
1821 2166 1784 2204 6162 6028 6163 
1822 934 2204 2342 6058 6030 6164 
1823 742 152 2243 6165 6118 6166 
1824 1740 1739 1741 6167 5247 6168 
1825 2234 1623 2235 6169 6156 6170 
1826 1649 1650 1651 6171 6172 5122 
1827 2027 2754 2922 6173 5891 4716 
1828 1775 2345 2424 6174 6175 6176 
1829 1777 1776 2199 6177 6042 6178 
1830 826 827 828 5275 5800 6179 
1831 1777 2199 2407 6178 6180 6181 
1832 1260 1697 1698 5466 3399 6182 
1833 996 997 998 5259 5376 6183 
1834 2167 1777 2407 6184 6181 6185 
1835 1893 1892 1894 5875 6186 4223 
1836 1704 1691 1817 6187 6188 6189 
1837 1372 1708 1718 6190 6191 6192 
1838 2168 1235 2345 6101 6193 6194 
1839 1126 2167 2407 6073 6185 6195 
1840 1882 2677 2888 6196 3746 6197 
1841 1817 1691 2459 6188 6198 6199 
1842 2039 2069 2145 4419 5328 4719 
1843 867 868 869 5291 5385 6200 
1844 2326 2168 2345 6201 6194 6120 
1845 1775 1538 2345 6202 6121 6174 
1846 1091 1077 2236 6203 6125 6204 
1847 1129 2235 2236 6205 6206 6124 
1848 1537 1775 2235 6207 6208 6155 
1849 1709 1842 1948 5981 6209 4911 
1850 2158 2157 2159 5983 6210 6025 
1851 2236 1775 2424 6211 6176 6212 
1852 788 789 790 5296 5394 6213 
1853 1480 1843 1844 5989 6214 4303 
1854 2205 2206 2207 5973 6215 6216 
1855 896 906 2212 6217 6218 6219 
1856 876 884 2417 6220 6221 6222 
1857 2180 2214 2409 6223 6224 6225 
1858 738 2209 2637 5851 5766 6226 
1859 1786 1787 1959 6117 5250 6227 
1860 2298 2299 2300 6018 6228 6229 
1861 13 715 2139 5382 3260 6031 
1862 2102 2101 2504 5255 6230 6231 
1863 1744 1743 1745 6232 6233 6234 
1864 2214 1624 2409 6235 6236 6224 
1865 1100 2180 2213 6237 6238 6239 
1866 1623 2234 2405 6169 6240 6241 
1867 1257 2172 2181 6242 6243 6244 
1868 1818 1492 1819 6048 4483 3614 
1869 1799 1818 2111 6049 6245 6246 
1870 1025 1026 1027 5480 5366 6247 
1871 1624 1623 2405 6248 6241 6249 
1872 860 857 2160 6250 6251 6252 
1873 908 910 2213 6253 6254 6255 
1874 1831 1832 1833 6097 6256 6257 
1875 1624 2405 2409 6249 6258 6236 
1876 2172 1257 2213 6242 6259 6260 
1877 1686 1685 1690 6261 4970 6262 
1878 1898 1987 2855 3206 6263 6264 
1879 276 277 2109 297 6265 6266 
1880 742 2243 2244 6166 6267 6268 
1881 758 760 1203 6141 6269 6270 
1882 760 759 761 6140 6271 6272 
1883 906 1257 2212 6273 6274 6218 
1884 884 896 2212 6275 6219 6276 
1885 1801 1942 1945 6151 6277 4396 
1886 1942 1941 1943 6150 6278 6279 
1887 2180 1100 2214 6237 6280 6223 
1888 2251 2252 2256 6281 6015 5994 
1889 2200 2166 2204 6098 6163 6282 
1890 2137 45 2438 5706 6283 6284 
1891 1419 2200 2221 6099 5904 6285 
1892 2173 1841 2174 5827 6286 6287 
1893 2360 2297 2432 6105 5914 6288 
1894 2180 2172 2213 6289 6260 6238 
1895 884 2212 2417 6276 6290 6221 
1896 910 1100 2213 6291 6239 6254 
1897 1257 908 2213 6292 6255 6259 
1898 1010 1009 1011 6293 4973 6294 
1899 2206 936 2419 6145 6295 6296 
1900 1423 2197 2406 6297 6298 6299 
1901 1380 1379 1435 5279 6300 5430 
1902 1571 1573 2195 6301 6302 6303 
1903 1212 1210 2221 6304 6305 6306 
1904 861 871 2171 6307 6146 6308 
1905 2121 2182 2425 6127 6309 6310 
1906 2343 2410 2411 6311 6312 6313 
1907 2441 2196 2442 6314 6315 5932 
1908 2198 1423 2406 6316 6299 6317 
1909 1844 1843 2060 6214 6318 6319 
1910 1121 1081 1691 6320 5089 6321 
1911 818 817 2684 5656 3360 6322 
1912 1257 2181 2212 6244 6323 6274 
1913 2184 2186 2188 6324 3599 6325 
1914 2184 1620 2186 6326 6327 6324 
1915 864 1423 2198 6328 6316 6329 
1916 1187 1188 1189 6330 6331 4982 
1917 1833 1832 1834 6256 6332 6333 
1918 2195 1573 2208 6302 6334 6335 
1919 1210 1419 2221 6336 6285 6305 
1920 1291 1212 2221 6337 6306 6128 
1921 1620 1571 2195 6338 6303 6339 
1922 2298 2300 2301 6229 6340 6341 
1923 1284 1283 1285 6342 4996 6343 
1924 742 2244 2245 6268 5541 6344 
1925 761 759 1473 6271 4140 6345 
1926 2235 1775 2236 6208 6211 6206 
1927 1942 1943 1944 6279 6346 6347 
1928 1423 876 2417 6348 6222 6349 
1929 1569 1620 2184 6350 6326 6351 
1930 1374 1966 2591 5977 3082 6352 
1931 2173 2174 2175 6287 6353 4527 
1932 2402 2211 2406 6354 6355 6356 
1933 862 864 2198 6357 6329 6358 
1934 2295 2301 2374 6359 6360 6361 
1935 2186 1620 2187 6327 6362 4264 
1936 885 872 2201 6363 6364 6365 
1937 1138 875 2202 6366 6367 6368 
1938 1833 1834 1835 6333 6369 6370 
1939 1834 1832 2122 6332 6371 6372 
1940 2211 2201 2406 6373 6374 6355 
1941 2301 941 2374 6375 6376 6360 
1942 2295 2298 2301 6377 6341 6359 
1943 1944 1943 1946 6346 6378 6379 
1944 2197 2402 2406 6380 6356 6298 
1945 2175 2174 2176 6353 6381 4266 
1946 885 2201 2211 6365 6373 6382 
1947 872 865 2201 6383 6384 6364 
1948 875 863 2202 6385 6386 6367 
1949 2200 2204 2205 6282 6059 6106 
1950 2187 1620 2195 6362 6339 6387 
1951 1835 1834 2089 6369 6388 6389 
1952 1575 1622 2208 6390 6391 6392 
1953 1573 1575 2208 6393 6392 6334 
1954 1944 1946 1947 6379 3387 6394 
1955 2176 2174 2179 6381 6395 6396 
1956 2208 1622 2209 6391 6397 6398 
1957 1130 894 2211 6399 6400 6401 
1958 894 885 2211 6402 6382 6400 
1959 2209 1622 2210 6397 6403 5764 
1960 2410 2214 2411 6404 6405 6312 
1961 1130 2211 2402 6401 6354 6406 
1962 2215 1616 2220 6407 3014 6408 
1963 1583 1576 2215 6409 6410 6411 
1964 1583 2215 2216 6411 6412 6413 
1965 1037 895 2223 6414 6415 6416 
1966 1576 1574 2215 6417 6418 6410 
1967 1542 1037 2223 6419 6416 6420 
1968 895 883 2223 6421 6422 6415 
1969 1583 2216 2217 6413 6423 6424 
1970 2216 2215 2220 6412 6408 6425 
1971 2217 2219 2401 6426 6427 6428 
1972 1580 1578 2222 6429 6430 6431 
1973 1578 1583 2222 6432 6433 6430 
1974 1583 2217 2222 6424 6434 6433 
1975 2217 2216 2218 6423 6435 6436 
1976 1580 2222 2400 6431 6437 6438 
1977 2222 2217 2401 6434 6428 6439 
1978 2217 2218 2219 6436 5185 6426 
1979 1582 1580 2400 6440 6438 6441 
1980 2233 1783 2234 6442 6443 6444 
1981 2224 1783 2233 6445 6442 6446 
1982 1129 2234 2235 6447 6170 6205 
1983 1129 2233 2234 6448 6444 6447 
1984 1292 1783 2224 6449 6445 6450 
1985 901 1292 2224 6451 6450 6452 
1986 1179 1074 2227 6453 6454 6455 
1987 954 901 2224 6456 6452 6457 
1988 1581 1634 2226 6458 6459 6460 
1989 1074 1050 2227 6461 6462 6454 
1990 1066 1078 2229 6463 3281 6464 
1991 1588 1590 2237 6465 6466 6467 
1992 2231 2237 2238 6468 6469 6470 
1993 2230 1588 2237 6471 6467 6472 
1994 1590 1617 2237 6473 6474 6466 
1995 1054 1066 2229 6475 6464 6476 
1996 1369 1432 2228 6477 6478 6479 
1997 1585 1588 2230 6480 6471 6481 
1998 1135 911 2232 6482 6483 6484 
1999 1129 1067 2233 6485 6486 6448 
2000 1584 1585 2230 6487 6481 6488 
2001 2156 2255 2372 6489 6490 6491 
2002 911 909 2232 6492 6493 6483 
2003 1067 1055 2233 6494 6495 6486 
2004 2255 2254 2372 6496 6497 6490 
2005 1336 1334 2356 6498 6499 6500 
2006 1414 1412 2254 6501 6502 6503 
2007 2390 1342 2391 6504 6505 6506 
2008 2237 1617 2238 6474 6507 6469 
2009 2391 2267 2392 6508 6509 6510 
2010 1342 2267 2391 6511 6508 6505 
2011 2267 1343 2392 6512 6513 6509 
2012 1341 2315 2356 6514 6515 6516 
2013 2311 1344 2313 6517 6518 6519 
2014 2392 1343 2393 6513 6520 6521 
2015 1253 1229 2257 6522 6523 6524 
2016 1229 1289 2257 6525 6526 6523 
2017 1535 1414 2254 6527 6503 6528 
2018 2375 2307 2384 6529 6530 6531 
2019 1416 1535 2247 6532 6533 6534 
2020 2247 1535 2251 6533 6535 6536 
2021 1334 1341 2356 6537 6516 6499 
2022 2258 1351 2259 6538 6539 6540 
2023 1344 1336 2356 6541 6500 6542 
2024 1587 1619 2318 6543 6544 6545 
2025 2320 1342 2390 6546 6504 6547 
2026 1331 1351 2258 6548 6538 6549 
2027 956 953 2370 6550 6551 6552 
2028 1355 1340 2348 6553 6554 6555 
2029 1343 2379 2393 6556 6557 6520 
2030 2270 2340 2377 6558 6559 6560 
2031 967 965 2351 6561 6562 6563 
2032 2272 2271 2361 6564 6565 6566 
2033 1625 1604 2282 6567 6568 6569 
2034 1409 1253 2257 6570 6524 6571 
2035 2251 1535 2252 6535 6572 6281 
2036 2380 1061 2381 6573 6574 6575 
2037 2385 2260 2388 6576 6577 6578 
2038 2293 1052 2294 6579 6580 6581 
2039 1341 1332 2320 6582 6583 6584 
2040 945 1052 2293 6585 6579 6586 
2041 1427 2118 2263 6587 3266 6588 
2042 1619 1939 2318 6589 6590 6544 
2043 1339 1353 2308 6591 6592 6593 
2044 2268 1348 2269 6594 6595 6596 
2045 1333 1335 2277 6597 6598 6599 
2046 2342 1784 2355 6029 6600 6601 
2047 946 944 2362 6602 6603 6604 
2048 2291 967 2351 6605 6563 6606 
2049 1353 1561 2308 6607 6608 6592 
2050 2254 1412 2372 6502 6609 6497 
2051 1319 1348 2268 6610 6594 6611 
2052 1332 1330 2320 6612 6613 6583 
2053 1599 1611 2273 6614 6615 6616 
2054 2279 975 2280 6617 6618 6619 
2055 969 967 2291 6620 6605 6621 
2056 1604 1606 2282 6622 6623 6568 
2057 949 975 2279 6624 6617 6625 
2058 2238 1617 2239 6507 5583 6626 
2059 2273 1611 2274 6615 6627 6628 
2060 2313 1344 2356 6518 6542 6629 
2061 1544 1355 2348 6630 6555 6631 
2062 975 946 2362 6632 6604 6633 
2063 1340 1338 2348 6634 6635 6554 
2064 1589 1587 2318 6636 6545 6637 
2065 2309 2310 2330 6638 6639 6640 
2066 977 976 2289 6641 6642 6643 
2067 930 928 2309 6644 6645 6646 
2068 2280 2347 2371 6647 6648 6649 
2069 2347 2304 2371 6650 6651 6648 
2070 940 943 2374 6652 6653 6654 
2071 1325 1349 2304 6655 6656 6657 
2072 1061 2323 2381 6658 6659 6574 
2073 2259 1351 2261 6539 6660 6661 
2074 1296 927 2322 6662 6663 6664 
2075 1349 2385 2388 6665 6578 6666 
2076 927 924 2322 6667 6668 6663 
2077 1784 1350 2355 6669 6670 6600 
2078 2311 1544 2348 6671 6631 6672 
2079 2289 976 2290 6642 6673 6674 
2080 2326 2375 2384 6675 6531 6676 
2081 976 969 2291 6677 6621 6678 
2082 929 2342 2355 6679 6601 6680 
2083 973 963 2364 6681 6682 6683 
2084 1614 1723 2357 6684 6685 6686 
2085 2266 2273 2274 6687 6628 6688 
2086 1757 1612 2376 6689 6690 6691 
2087 939 937 2323 6692 6693 6694 
2088 953 2279 2370 6695 6696 6551 
2089 2330 2310 2331 6639 6697 6698 
2090 2264 1601 2273 6699 6700 6701 
2091 1618 1613 2365 6702 6703 6704 
2092 2278 2277 2373 6705 6706 6707 
2093 2319 978 2742 6708 6709 6710 
2094 1591 1589 2283 6711 6712 6713 
2095 1344 2311 2348 6517 6672 6714 
2096 928 1040 2309 6715 6716 6645 
2097 1425 1311 2287 6717 6718 6719 
2098 1603 1601 2264 6720 6699 6721 
2099 2272 2361 2362 6566 6722 6723 
2100 923 1230 2307 6724 6725 6726 
2101 944 2346 2362 6727 6728 6603 
2102 1351 1333 2277 6729 6599 6730 
2103 2271 2303 2347 6731 6732 6733 
2104 974 956 2370 6734 6552 6735 
2105 1326 1343 2267 6736 6512 6737 
2106 2303 2304 2347 6738 6650 6732 
2107 1073 2330 2331 6739 6698 6740 
2108 1296 2322 2358 6664 6741 6742 
2109 2323 2324 2334 6743 6744 6745 
2110 2260 2259 2353 6746 6747 6748 
2111 2290 976 2291 6673 6678 6749 
2112 1757 2376 2382 6691 6750 6751 
2113 2327 2317 2341 6752 6753 6754 
2114 1551 1051 2350 6755 6756 6757 
2115 1323 1325 2304 6758 6657 6759 
2116 2317 1595 2341 6760 6761 6753 
2117 2279 2280 2281 6619 6762 6763 
2118 965 973 2351 6764 6765 6562 
2119 2353 2262 2363 6766 6767 6768 
2120 1537 1538 1775 6769 6202 6207 
2121 1922 1618 2365 6770 6704 6771 
2122 1561 1357 1562 6772 6773 6774 
2123 1307 1304 2378 6775 6776 6777 
2124 2274 1611 2275 6627 6778 6779 
2125 2268 2270 2377 6780 6560 6781 
2126 1601 1599 2273 6782 6616 6700 
2127 2258 2259 2260 6540 6746 6783 
2128 2324 2332 2334 6784 6785 6744 
2129 1536 1409 1543 6786 6787 6788 
2130 1597 1595 2317 6789 6760 6790 
2131 2324 1073 2332 6791 6792 6784 
2132 2259 2262 2353 6793 6766 6747 
2133 941 940 2374 6794 6654 6376 
2134 2333 1296 2358 6795 6742 6796 
2135 2268 2269 2270 6596 6797 6780 
2136 1543 1409 2257 6787 6571 6798 
2137 2252 1535 2254 6572 6528 6799 
2138 1547 1426 2352 6800 6801 6802 
2139 2269 1348 2271 6595 6803 6804 
2140 1545 1544 1546 6805 6806 4824 
2141 1426 1300 2333 6807 6808 6809 
2142 2338 2354 2368 6810 6811 6812 
2143 1339 1338 1340 6813 6634 6814 
2144 1339 1340 1353 6814 6815 6591 
2145 920 923 2307 6816 6726 6817 
2146 971 978 2319 6818 6708 6819 
2147 1318 1346 2321 6820 5550 6821 
2148 2295 2296 2298 6822 5953 6377 
2149 1097 1095 2344 6823 6824 6825 
2150 945 948 1052 6826 6827 6585 
2151 1314 1689 2305 6828 5545 6829 
2152 1331 1330 1332 6830 6612 6831 
2153 2386 1352 2399 6832 6833 6834 
2154 918 917 2369 6835 6836 6837 
2155 973 2394 2398 6838 6839 6840 
2156 933 935 936 6841 6842 6144 
2157 1337 1338 1339 6843 6813 6844 
2158 1550 1552 1553 6845 5461 6846 
2159 1321 1323 2303 6847 6848 6849 
2160 2287 1347 2288 6850 6851 6852 
2161 2259 2261 2262 6661 6853 6793 
2162 919 1293 2343 6854 6855 6856 
2163 2283 1589 2318 6712 6637 6857 
2164 1614 1722 1723 6858 6859 6684 
2165 2285 2327 2341 6860 6754 6861 
2166 2261 2277 2278 6862 6705 6863 
2167 1313 1347 2287 6864 6850 6865 
2168 1425 2287 2316 6719 6866 6867 
2169 1606 1607 1609 6868 6869 6870 
2170 2270 2380 2381 6871 6575 6872 
2171 1342 1328 2267 6873 6874 6511 
2172 1361 1253 1362 6875 6876 6877 
2173 1345 1320 2321 6878 6879 5575 
2174 1922 2366 2367 6880 4018 6881 
2175 2303 1323 2304 6848 6759 6738 
2176 2272 2346 2380 6882 6883 6884 
2177 2293 2294 2295 6581 6885 6886 
2178 1606 1781 2282 6887 6888 6623 
2179 2340 1347 2377 6889 6890 6559 
2180 1551 2350 2352 6757 6891 6892 
2181 1723 2302 2357 6893 6894 6685 
2182 1044 977 2289 6895 6643 6896 
2183 929 931 2342 6897 6898 6679 
2184 921 920 2307 6899 6817 6900 
2185 1317 1318 1319 6901 6902 6903 
2186 1095 1093 1235 6904 6905 6906 
2187 1410 1409 1536 6907 6786 6908 
2188 2181 1541 2197 6909 6910 6911 
2189 1092 1093 1094 6912 6913 6914 
2190 1156 1127 1157 6915 6916 6917 
2191 1316 1314 2305 6918 6829 6919 
2192 1610 1613 1614 6920 6921 6922 
2193 1114 1127 1156 6923 6915 6924 
2194 1417 1416 1418 6925 6926 6927 
2195 1322 1320 1345 6928 6878 6929 
2196 1776 1350 1784 6930 6669 6931 
2197 1413 1412 1414 6932 6501 6933 
2198 2262 2261 2394 6853 6934 6935 
2199 952 949 953 6936 6937 6938 
2200 968 967 969 6939 6620 6940 
2201 1604 1603 1605 6941 6942 6943 
2202 1346 1316 2305 6944 6919 6945 
2203 1320 1318 2321 6946 6821 6879 
2204 1614 1618 1722 6947 6948 6858 
2205 923 925 1230 6949 6950 6724 
2206 1090 1091 1092 6951 6952 6953 
2207 1092 1091 1093 6952 6954 6912 
2208 1094 1095 1096 6955 6956 6957 
2209 1323 1324 1325 6958 6959 6758 
2210 2238 2239 2240 6626 3765 6960 
2211 2274 2275 2276 6779 6961 6962 
2212 1230 925 1350 6950 6963 6964 
2213 1421 1350 1776 6965 6930 6966 
2214 1548 1549 1550 6967 6968 6969 
2215 1073 2331 2332 6740 6970 6792 
2216 1214 1212 1291 6971 6337 6132 
2217 955 958 972 6972 6006 6008 
2218 1590 1589 1591 6973 6711 6974 
2219 1593 1591 1615 6975 6976 6977 
2220 2292 2386 2399 6978 6834 6979 
2221 1040 1298 2309 6980 6981 6716 
2222 1311 1312 1313 6982 6983 6984 
2223 2304 1349 2371 6656 6985 6651 
2224 2292 2291 2351 6986 6606 6987 
2225 1211 1212 1213 6988 6989 6990 
2226 1228 1229 1252 6991 6992 6993 
2227 1329 1328 1330 6994 6995 6996 
2228 2269 2271 2272 6804 6564 6997 
2229 2290 2291 2292 6749 6986 6998 
2230 1592 1591 1593 6999 6975 7000 
2231 1605 1603 1608 6942 7001 7002 
2232 2323 937 2324 6693 7003 6743 
2233 1311 1313 2287 6984 6865 6718 
2234 1319 1321 1348 7004 7005 6610 
2235 2354 1425 2368 7006 7007 6811 
2236 1427 1548 2118 7008 7009 6587 
2237 930 2309 2330 6646 6640 7010 
2238 968 969 970 6940 7011 5869 
2239 1157 1210 1211 7012 7013 7014 
2240 1298 1299 2338 7015 7016 7017 
2241 1301 1300 1303 7018 7019 7020 
2242 1610 1607 1612 7021 7022 7023 
2243 1610 1612 1613 7023 7024 6920 
2244 962 961 963 7025 7026 7027 
2245 1327 1326 1328 7028 7029 7030 
2246 1328 1326 2267 7029 6737 6874 
2247 1426 2333 2352 6809 7031 6801 
2248 923 924 925 7032 7033 6949 
2249 936 937 938 7034 7035 7036 
2250 1313 1314 1315 7037 7038 7039 
2251 1331 1332 1333 6831 7040 7041 
2252 1615 2284 2285 7042 7043 7044 
2253 1352 1339 2308 7045 6593 7046 
2254 936 935 937 6842 7047 7034 
2255 1090 1092 1133 6953 7048 7049 
2256 1362 1253 1409 6876 6570 7050 
2257 1293 1294 1295 7051 7052 7053 
2258 1306 1304 1307 7054 6775 3723 
2259 1550 1553 1554 6846 7055 7056 
2260 1615 1591 2283 6976 6713 7057 
2261 2275 2317 2327 7058 6752 7059 
2262 2285 2284 2286 7043 5629 7060 
2263 917 915 1051 7061 7062 7063 
2264 922 918 2369 7064 6837 7065 
2265 1353 1357 1561 7066 6772 6607 
2266 938 939 940 7067 7068 7069 
2267 1061 939 2323 7070 6694 6658 
2268 945 946 948 7071 7072 6826 
2269 1222 1223 1224 7073 7074 5330 
2270 1319 1320 1321 7075 7076 7004 
2271 1546 1544 2311 6806 6671 7077 
2272 2266 2264 2273 7078 6701 6687 
2273 2316 2331 2368 7079 7080 7081 
2274 931 933 934 7082 6142 7083 
2275 1220 1219 1221 7084 7085 7086 
2276 1309 1308 1310 7087 4169 7088 
2277 1330 1328 1342 6995 6873 7089 
2278 1418 1416 2247 6926 6534 7090 
2279 1536 1543 2155 6788 7091 7092 
2280 1218 1217 1219 7093 5996 7094 
2281 1096 1095 1097 6956 6823 7095 
2282 1113 1097 1114 7096 7097 7098 
2283 1211 1210 1212 7013 6304 6988 
2284 2172 1541 2181 7099 6909 6243 
2285 1040 1297 1298 7100 7101 6980 
2286 1076 1077 1090 7102 7103 7104 
2287 1096 1097 1113 7095 7096 7105 
2288 1319 1318 1320 6902 6946 7075 
2289 1723 1722 1870 6859 7106 7107 
2290 949 946 975 7108 6632 6624 
2291 955 956 958 7109 7110 6972 
2292 964 963 965 7111 7112 7113 
2293 971 976 977 7114 6641 7115 
2294 1550 1554 2325 7056 7116 7117 
2295 2346 2272 2362 6882 6723 6728 
2296 963 961 2364 7026 7118 6682 
2297 961 2363 2364 7119 7120 7118 
2298 1305 1304 1306 7121 7054 7122 
2299 1335 1336 1337 7123 7124 7125 
2300 1596 1597 1598 7126 7127 7128 
2301 1706 1757 2132 7129 7130 7131 
2302 2231 2230 2237 7132 6472 6468 
2303 916 918 919 7133 7134 7135 
2304 1157 1127 1209 6916 7136 7137 
2305 1592 1593 1594 7000 7138 5584 
2306 1066 1076 1078 7139 7140 6463 
2307 1299 1302 2338 7141 7142 7016 
2308 1600 1599 1601 7143 6782 7144 
2309 1608 1603 2264 7001 6721 7145 
2310 1321 1322 1323 7146 7147 6847 
2311 1555 1553 1556 7148 5459 7149 
2312 1094 1093 1095 6913 6904 6955 
2313 1095 1235 2344 6906 6102 6824 
2314 1213 1212 1214 6989 6971 7150 
2315 1216 1214 1217 7151 5937 7152 
2316 1230 1350 1421 6964 6965 7153 
2317 1596 1598 1621 7128 7154 7155 
2318 1550 1549 1552 6968 7156 6845 
2319 964 965 966 7113 7157 5847 
2320 970 969 971 7011 7158 7159 
2321 970 971 2319 7159 6819 7160 
2322 1299 1300 1301 7161 7018 7162 
2323 1299 1301 1302 7162 7163 7141 
2324 1302 1301 1304 7163 7164 7165 
2325 1318 1316 1346 7166 6944 6820 
2326 1614 1613 1618 6921 6702 6947 
2327 948 949 952 7167 6936 7168 
2328 978 977 979 7169 7170 7171 
2329 1311 1310 1312 7172 7173 6982 
2330 2295 2294 2296 6885 7174 6822 
2331 1315 1316 1317 7175 7176 7177 
2332 1427 1547 1548 7178 7179 7008 
2333 1293 921 1294 7180 7181 7051 
2334 1077 1067 1129 7182 6485 6123 
2335 916 919 2343 7135 6856 7183 
2336 929 928 930 7184 6644 7185 
2337 931 930 932 7186 7187 7188 
2338 1427 1426 1547 7189 6800 7178 
2339 2155 1543 2157 7091 7190 5884 
2340 962 963 964 7027 7111 7191 
2341 1040 1296 1297 7192 7193 7100 
2342 1295 1294 1537 7052 7194 7195 
2343 1325 1326 1327 7196 7028 7197 
2344 926 924 927 7198 6667 7199 
2345 943 945 2293 7200 6586 7201 
2346 1299 1297 1300 7202 7203 7161 
2347 1331 1333 1351 7041 6729 6548 
2348 2350 1547 2352 7204 6802 6891 
2349 2281 2280 2371 6762 6649 7205 
2350 917 1551 2369 7206 7207 6836 
2351 1040 927 1296 7208 6662 7192 
2352 931 932 933 7188 7209 7082 
2353 1554 1553 1555 7055 7148 7210 
2354 1606 1609 1781 6870 7211 6887 
2355 1594 1593 1595 7138 7212 7213 
2356 1305 1306 1308 7122 7214 7215 
2357 1337 1336 1338 7124 7216 6843 
2358 1416 1414 1535 7217 6527 6532 
2359 1595 1593 2341 7212 7218 6761 
2360 1598 1597 1599 7127 7219 7220 
2361 2270 2269 2380 6797 7221 6871 
2362 960 961 962 7222 7025 5834 
2363 965 963 973 7112 6681 6764 
2364 1078 1076 2328 7140 7223 3463 
2365 1213 1214 1216 7150 7151 7224 
2366 1395 1355 1544 7225 6630 7226 
2367 2275 1611 2317 6778 7227 7058 
2368 952 953 955 6938 7228 5920 
2369 1297 1296 2333 7193 6795 7229 
2370 1536 2155 2156 7092 7230 7231 
2371 1588 1587 1589 7232 6636 7233 
2372 1606 1605 1607 7234 7235 6868 
2373 1596 1595 1597 7236 6789 7126 
2374 2312 2311 2313 7237 6519 7238 
2375 919 920 921 7239 6899 7240 
2376 923 922 924 7241 7242 7032 
2377 928 927 1040 7243 7208 6715 
2378 933 932 935 7209 7244 6841 
2379 945 944 946 7245 6602 7071 
2380 1114 1097 1126 7097 7246 7247 
2381 1295 1537 1623 7195 6154 7248 
2382 1317 1316 1318 7176 7166 6901 
2383 1321 1320 1322 7076 6928 7146 
2384 1334 1332 1341 7249 6582 6537 
2385 1335 1334 1336 7250 6498 7123 
2386 1411 1410 1412 7251 7252 7253 
2387 966 965 967 7157 6561 7254 
2388 1221 1219 1290 7085 6076 7255 
2389 1300 1297 2333 7203 7229 6808 
2390 1303 1300 1426 7019 6807 7256 
2391 1599 1597 1611 7219 7257 6614 
2392 1609 1607 1610 6869 7021 7258 
2393 942 939 1061 7259 7070 7260 
2394 953 949 2279 6937 6625 6695 
2395 1222 1221 1223 7261 7262 7073 
2396 1224 1225 1228 7263 7264 4241 
2397 1415 1416 1417 7265 6925 7266 
2398 2352 2333 2358 7031 6796 7267 
2399 916 917 918 7268 6835 7133 
2400 926 928 929 7269 7184 7270 
2401 929 930 931 7185 7186 6897 
2402 1090 1077 1091 7103 6203 6951 
2403 1090 1133 2328 7049 7271 7272 
2404 1216 1226 2339 7273 4061 7274 
2405 1252 1229 1253 6992 6522 7275 
2406 1537 1294 1538 7194 7276 6769 
2407 1305 1308 1309 7215 7087 7277 
2408 1329 1330 1331 6996 6830 7278 
2409 1594 1595 1596 7213 7236 7279 
2410 1723 1871 2302 7280 7281 6893 
2411 912 911 913 7282 7283 7284 
2412 914 913 915 7285 7286 7287 
2413 917 1051 1551 7063 6755 7206 
2414 920 918 922 7288 7064 7289 
2415 1114 1126 1127 7247 7290 6923 
2416 1211 1213 1215 6990 7291 7292 
2417 2310 1298 2338 7293 7017 7294 
2418 1778 1777 2167 7295 6184 7296 
2419 938 937 939 7035 6692 7067 
2420 940 939 942 7068 7259 7297 
2421 962 964 1115 7191 6040 6060 
2422 1610 1614 2357 6922 6686 7298 
2423 913 911 1135 7283 6482 7299 
2424 1076 1090 2328 7104 7272 7223 
2425 1216 1217 1218 7152 7093 7300 
2426 1317 1319 2268 6903 6611 7301 
2427 2261 1351 2277 6660 6730 6862 
2428 1302 1304 1305 7165 7121 7302 
2429 2271 1348 2303 6803 7303 6731 
2430 1604 1605 1606 6943 7234 6622 
2431 1781 1782 1869 7304 7305 7306 
2432 1338 1336 1344 7216 6541 7307 
2433 1354 1340 1355 7308 6553 7309 
2434 1588 1589 1590 7233 6973 6465 
2435 1611 1597 2317 7257 6790 7227 
2436 943 942 944 7310 7311 7312 
2437 948 946 949 7072 7108 7167 
2438 955 953 956 7228 6550 7109 
2439 1315 1314 1316 7038 6918 7175 
2440 1330 1342 2320 7089 6546 6613 
2441 924 922 2322 7242 7313 6668 
2442 938 940 941 7069 6794 7314 
2443 1313 1315 1347 7039 7315 6864 
2444 1548 1550 2325 6969 7117 7316 
2445 1598 1599 1600 7220 7143 7317 
2446 1216 1218 1226 7300 7318 7273 
2447 943 944 945 7312 7245 7200 
2448 1220 1221 1222 7086 7261 7319 
2449 1228 1225 1229 7264 7320 6991 
2450 1411 1412 1413 7253 6932 7321 
2451 1613 1612 1706 7024 7322 7323 
2452 1333 1332 1334 7040 7249 7324 
2453 1395 1544 1545 7226 6805 3844 
2454 1776 1784 2166 6931 6162 6041 
2455 926 927 928 7199 7243 7269 
2456 1126 1097 2344 7246 6825 6074 
2457 1602 1601 1603 7325 6720 7326 
2458 958 956 959 7110 7327 7328 
2459 971 969 976 7158 6677 7114 
2460 979 977 1044 7170 6895 4284 
2461 1213 1216 2339 7224 7274 7329 
2462 2309 1298 2310 6981 7293 6638 
2463 1421 1776 1777 6966 6177 7330 
2464 1600 1601 1602 7144 7325 7331 
2465 1608 2264 2265 7145 7332 7333 
2466 2265 2264 2266 7332 7078 7334 
2467 1215 1213 2339 7291 7329 3977 
2468 2331 2316 2332 7079 7335 6970 
2469 921 2307 2375 6900 6529 7336 
2470 1354 1355 1356 7309 7337 7338 
2471 1415 1414 1416 7339 7217 7265 
2472 916 915 917 7340 7061 7268 
2473 919 921 1293 7240 7180 6854 
2474 1619 1820 1939 7341 3947 6589 
2475 925 924 926 7033 7198 7342 
2476 1325 1324 1326 6959 7343 7196 
2477 1587 1586 1619 7344 7345 6543 
2478 958 959 960 7328 7346 5860 
2479 1309 1311 1425 7347 6717 7348 
2480 1548 1547 1549 7179 7349 6967 
2481 1224 1223 1225 7074 5925 7263 
2482 1778 2167 2168 7296 6086 7350 
2483 920 922 923 7289 7241 6816 
2484 1076 1067 1077 7351 7182 7102 
2485 1922 2365 2366 6771 7352 6880 
2486 914 915 916 7287 7340 7353 
2487 1333 1334 1335 7324 7250 6597 
2488 1602 1603 1604 7326 6941 7354 
2489 1609 1610 2357 7258 7298 7355 
2490 1425 2316 2368 6867 7081 7007 
2491 1585 1587 1588 7356 7232 6480 
2492 1590 1591 1592 6974 6999 7357 
2493 935 932 1073 7244 7358 7359 
2494 1619 1586 1748 7345 7360 7361 
2495 1229 1225 1289 7320 6092 6525 
2496 1325 1327 1349 7197 7362 6655 
2497 1210 1209 1419 7363 7364 6336 
2498 1313 1312 1314 6983 7365 7037 
2499 1353 1354 1357 7366 7367 7066 
2500 960 959 961 7346 7368 7222 
2501 1781 1609 1782 7211 7369 7304 
2502 2248 2247 2250 7370 7371 7372 
2503 1309 1310 1311 7088 7172 7347 
2504 1356 1355 1395 7337 7225 3617 
2505 1418 2248 2454 7373 7374 7375 
2506 1825 2230 2231 7376 7132 7377 
2507 910 912 1100 7378 7379 6291 
2508 1619 1748 1820 7361 7380 7341 
2509 1323 1322 1324 7147 7381 6958 
2510 2316 2288 2332 7382 7383 7335 
2511 912 913 914 7284 7285 7384 
2512 1615 2283 2284 7057 7385 7042 
2513 959 956 974 7327 6734 7386 
2514 1329 1331 2258 7278 6549 7387 
2515 1221 1290 2359 7255 5950 7388 
2516 1157 1209 1210 7137 7363 7012 
2517 1326 1324 1343 7343 7389 6736 
2518 1327 1328 1329 7030 6994 7390 
2519 935 1073 2324 7359 6791 7391 
2520 1602 1604 1625 7354 6567 7392 
2521 1252 1253 1361 7275 6875 7393 
2522 1362 1410 1411 7394 7251 7395 
2523 2314 2313 2315 7396 7397 7398 
2524 966 967 968 7254 6939 7399 
2525 1314 1312 1689 7365 7400 6828 
2526 1590 1592 1617 7357 5160 6473 
2527 2250 2247 2251 7371 6536 5805 
2528 1303 1426 1427 7256 7189 7401 
2529 2118 1548 2325 7009 7316 7402 
2530 1419 1209 2199 7364 7403 6034 
2531 1706 1612 1757 7322 6689 7129 
2532 1723 1870 1871 7107 3940 7280 
2533 2312 2313 2314 7238 7396 3172 
2534 1353 1340 1354 6815 7308 7366 
2535 1413 1414 1415 6933 7339 7404 
2536 971 977 978 7115 7169 6818 
2537 1295 1623 1624 7248 6248 7405 
2538 1536 2156 2372 7231 6491 7406 
2539 966 968 1136 7399 5966 6039 
2540 919 918 920 7134 7288 7239 
2541 1337 1339 1352 6844 7045 7407 
2542 1540 2172 2180 7408 6289 7409 
2543 1782 1609 2357 7369 7355 7410 
2544 1211 1215 2349 7292 7411 7412 
2545 2252 2254 2255 6799 6496 5830 
2546 1298 1297 1299 7101 7202 7015 
2547 1722 1618 1921 6948 7413 7414 
2548 1778 2168 2326 7350 6201 7415 
2549 1421 1777 1778 7330 7295 7416 
2550 940 942 943 7297 7310 6652 
2551 1309 1425 2354 7348 7006 7417 
2552 1921 1618 1922 7413 6770 7418 
2553 2302 1782 2357 7419 7410 6894 
2554 931 934 2342 7083 6164 6898 
2555 1218 1219 1220 7094 7084 7420 
2556 2363 2262 2364 6767 7421 7120 
2557 1348 1321 2303 7005 6849 7303 
2558 1157 1211 2349 7014 7412 7422 
2559 2296 2294 2297 7174 7423 5940 
2560 1362 1409 1410 7050 6907 7394 
2561 937 935 2324 7047 7391 7003 
2562 1303 1427 2263 7401 6588 7424 
2563 1540 1541 2172 7425 7099 7408 
2564 1615 2285 2341 7044 6861 7426 
2565 1108 1074 1179 7427 6453 5820 
2566 914 916 2343 7353 7183 7428 
2567 932 930 2330 7187 7010 7429 
2568 1593 1615 2341 6977 7426 7218 
2569 2332 2288 2334 7383 7430 6785 
2570 910 911 912 7431 7282 7378 
2571 2361 975 2362 7432 6633 6722 
2572 1612 1607 2376 7022 7433 6690 
2573 1073 932 2330 7358 7429 6739 
2574 1156 1157 2349 6917 7422 7434 
2575 2310 2338 2368 7294 6812 7435 
2576 1066 1067 1076 7436 7351 7139 
2577 1613 1706 2365 7323 7437 6703 
2578 2269 2272 2380 6997 6884 7221 
2579 1113 1114 2335 7098 7438 7439 
2580 2156 2155 2170 7230 6016 7440 
2581 1825 1584 2230 7441 6488 7376 
2582 1634 1825 1880 7442 7443 7444 
2583 1223 1221 2359 7262 7388 6094 
2584 1350 925 2355 6963 7445 6670 
2585 2271 2347 2361 6733 7446 6565 
2586 2338 1302 2354 7142 7447 6810 
2587 1338 1344 2348 7307 6714 6635 
2588 2315 2313 2356 7397 6629 6515 
2589 2279 2281 2370 6763 7448 6696 
2590 1585 1586 1587 7449 7344 7356 
2591 2307 1230 2384 6725 7450 6530 
2592 2288 1347 2340 6851 6889 7451 
2593 2323 2334 2381 6745 7452 6659 
2594 1302 1305 2354 7302 7453 7447 
2595 1546 2311 2312 7077 7237 7454 
2596 2382 2265 2383 7455 7456 7457 
2597 1114 1156 2335 6924 7458 7438 
2598 1305 1309 2354 7277 7417 7453 
2599 2287 2288 2316 6852 7382 6866 
2600 1418 2247 2248 7090 7370 7373 
2601 2376 1608 2382 7459 7460 6750 
2602 943 2293 2374 7201 7461 6653 
2603 2315 1341 2389 6514 7462 7463 
2604 2331 2310 2368 6697 7435 7080 
2605 2258 2260 2385 6783 6576 7464 
2606 1608 2265 2382 7333 7455 7460 
2607 1549 1547 2350 7349 7204 7465 
2608 2277 1335 2373 6598 7466 6706 
2609 1421 1778 2384 7416 7467 7468 
2610 1337 1352 2373 7407 7469 7470 
2611 1551 2352 2358 6892 7267 7471 
2612 1778 2326 2384 7415 6676 7467 
2613 1551 2358 2369 7471 7472 7207 
2614 926 929 2355 7270 6680 7473 
2615 1301 1303 2378 7020 7474 7475 
2616 1315 1317 2377 7177 7476 7477 
2617 1347 1315 2377 7315 7477 6890 
2618 1304 1301 2378 7164 7475 6776 
2619 2261 2278 2394 6863 7478 6934 
2620 1327 1329 2385 7390 7479 7480 
2621 925 926 2355 7342 7473 7445 
2622 1303 2263 2378 7424 7481 7474 
2623 1322 1345 2379 6929 7482 7483 
2624 2280 975 2361 6618 7432 7484 
2625 2322 922 2369 7313 7065 7485 
2626 1335 1337 2373 7125 7470 7466 
2627 1317 2268 2377 7301 6781 7476 
2628 974 2370 2387 6735 7486 7487 
2629 1230 1421 2384 7153 7468 7450 
2630 1343 1324 2379 7389 7488 6556 
2631 2340 2270 2381 6558 6872 7489 
2632 2326 1538 2375 6119 7490 6675 
2633 2346 1061 2380 7491 6573 6883 
2634 2334 2288 2340 7430 7451 7492 
2635 1324 1322 2379 7381 7483 7488 
2636 2364 2262 2394 7421 6935 7493 
2637 1072 1106 1107 7494 7495 7496 
2638 2358 2322 2369 6741 7485 7472 
2639 910 909 911 7497 6492 7431 
2640 944 942 2346 7311 7498 6727 
2641 974 2353 2363 7499 6768 7500 
2642 1667 1369 2228 7501 6479 7502 
2643 961 959 2363 7368 7503 7119 
2644 909 947 2232 7504 7505 6493 
2645 1540 1422 1541 7506 7507 7425 
2646 1106 1074 1108 7508 7427 7509 
2647 2293 2295 2374 6886 6361 7461 
2648 2353 974 2387 7499 7487 7510 
2649 1066 1055 1067 7511 6494 7436 
2650 1329 2258 2385 7387 7464 7479 
2651 2351 973 2398 6765 6840 7512 
2652 2260 2353 2387 6748 7510 7513 
2653 2394 2278 2398 7478 7514 6839 
2654 2371 1349 2388 6985 6666 7515 
2655 973 2364 2394 6683 7493 6838 
2656 2278 2373 2386 6707 7516 7517 
2657 2292 2351 2398 6987 7512 7518 
2658 1605 1608 2376 7002 7459 7519 
2659 1055 2224 2233 7520 6446 6495 
2660 1607 1605 2376 7235 7519 7433 
2661 2347 2280 2361 6647 7484 7446 
2662 1349 1327 2385 7362 7480 6665 
2663 2386 2292 2398 6978 7518 7521 
2664 1294 921 2375 7181 7336 7522 
2665 2260 2387 2388 7513 7523 6577 
2666 1412 1410 2372 7252 7524 6609 
2667 2334 2340 2381 7492 7489 7452 
2668 1585 1582 1586 7525 7526 7449 
2669 1538 1294 2375 7276 7522 7490 
2670 2308 1561 2396 6608 7527 7528 
2671 942 1061 2346 7260 7491 7498 
2672 1634 1584 1825 7529 7441 7442 
2673 2370 2281 2387 7448 7530 7486 
2674 2389 2320 2390 7531 6547 7532 
2675 959 974 2363 7386 7500 7503 
2676 1410 1536 2372 6908 7406 7524 
2677 2308 2396 2399 7528 7533 7534 
2678 2373 1352 2386 7469 6832 7516 
2679 2396 2290 2399 7535 7536 7533 
2680 1044 2289 2397 6896 7537 7538 
2681 2294 1052 2395 6580 7539 7540 
2682 1341 2320 2389 6584 7531 7462 
2683 2290 2292 2399 6998 6979 7536 
2684 1352 2308 2399 7046 7534 6833 
2685 2387 2281 2388 7530 7541 7523 
2686 1561 1562 2397 6774 7542 7543 
2687 2281 2371 2388 7205 7515 7541 
2688 2289 2290 2396 6674 7535 7544 
2689 2297 2294 2395 7423 7540 5912 
2690 2278 2386 2398 7517 7521 7514 
2691 2396 1561 2397 7527 7543 7545 
2692 1665 1369 1667 7546 7501 5622 
2693 1131 1054 2229 7547 6476 7548 
2694 908 909 910 7549 7497 6253 
2695 2289 2396 2397 7544 7545 7537 
2696 1292 1424 1783 7550 7551 6449 
2697 1054 1055 1066 7552 7511 6475 
2698 909 907 947 7553 3424 7504 
2699 1053 1131 1827 7554 7555 7556 
2700 1072 1074 1106 7557 7508 7494 
2701 1055 954 2224 7558 6457 7520 
2702 1424 1422 1540 7559 7506 7560 
2703 1368 1665 1666 7561 5720 7562 
2704 1584 1582 1585 7563 7525 6487 
2705 1581 1584 1634 7564 7529 6458 
2706 1050 1542 2227 7565 7566 6462 
2707 906 908 1257 7567 6292 6273 
2708 1053 1054 1131 7568 7547 7554 
2709 1292 1422 1424 7569 7559 7550 
2710 1054 954 1055 7570 7558 7552 
2711 1369 1088 1432 7571 7572 6477 
2712 908 907 909 7573 7553 7549 
2713 1072 1050 1074 7574 6461 7557 
2714 1368 1369 1665 7575 7546 7561 
2715 1581 1582 1584 7576 7563 7564 
2716 906 907 908 7577 7573 7567 
2717 1050 1037 1542 7578 6419 7565 
2718 1041 1050 1072 7579 7574 7580 
2719 1053 954 1054 7581 7570 7568 
2720 1292 1130 1422 7582 7583 7569 
2721 1368 1088 1369 7584 7571 7575 
2722 1581 1580 1582 7585 6440 7576 
2723 1579 1581 2226 7586 6460 7587 
2724 906 905 907 7588 4120 7577 
2725 1085 1088 1368 7589 7584 7590 
2726 1041 1037 1050 7591 7578 7579 
2727 900 954 1053 7592 7581 7593 
2728 901 1130 1292 7594 7582 6451 
2729 1579 1580 1581 7595 7585 7586 
2730 904 1037 1041 7596 7591 7597 
2731 1086 1083 1087 7598 5894 7599 
2732 901 894 1130 7600 6399 7594 
2733 1085 1086 1088 7601 7602 7589 
2734 896 905 906 7603 7588 6217 
2735 900 901 954 7604 6456 7592 
2736 1579 1578 1580 7605 6429 7595 
2737 896 904 905 7606 7607 7603 
2738 900 894 901 7608 7600 7604 
2739 904 895 1037 7609 6414 7596 
2740 1085 1083 1086 7610 7598 7601 
2741 1577 1578 1579 7611 7605 7612 
2742 1578 1576 1583 7613 6409 6432 
2743 1586 1582 2400 7526 6441 7614 
2744 1082 1083 1085 7615 7610 7616 
2745 893 894 900 7617 7608 7618 
2746 896 895 904 7619 7609 7606 
2747 1577 1576 1578 7620 7613 7611 
2748 1575 1577 1622 7621 7622 6390 
2749 1748 1586 2400 7360 7614 7623 
2750 884 895 896 7624 7619 6275 
2751 1082 891 1083 7625 5896 7615 
2752 893 885 894 7626 6402 7617 
2753 1575 1576 1577 7627 7620 7621 
2754 881 891 1082 7628 7625 6159 
2755 882 885 893 7629 7626 7630 
2756 884 883 895 7631 6421 7624 
2757 883 1138 2223 7632 7633 6422 
2758 1574 1616 2215 7634 6407 6418 
2759 1575 1574 1576 7635 6417 7627 
2760 1748 2400 2401 7623 7636 7637 
2761 2400 2222 2401 6437 6439 7636 
2762 882 872 885 7638 6363 7629 
2763 876 883 884 7639 7631 6220 
2764 883 875 1138 7640 6366 7632 
2765 881 882 891 7641 7642 7628 
2766 1573 1574 1575 7643 7635 6393 
2767 1574 1572 1616 7644 7645 7634 
2768 881 872 882 7646 7638 7641 
2769 864 876 1423 7647 6348 6328 
2770 876 875 883 7648 7640 7639 
2771 1573 1572 1574 7649 7644 7643 
2772 1422 1130 2402 7583 6406 7650 
2773 2197 1541 2402 6910 7651 6380 
2774 2202 2160 2203 7652 7653 7654 
2775 864 875 876 7655 7648 7647 
2776 871 872 881 7656 7646 6064 
2777 1541 1422 2402 7507 7650 7651 
2778 2210 1622 2403 6403 7657 7658 
2779 2185 2188 2189 7659 3161 7660 
2780 1571 1572 1573 7661 7649 6301 
2781 1622 1577 2403 7622 7662 7657 
2782 1579 2226 2403 7587 7663 7664 
2783 1577 1579 2403 7612 7664 7662 
2784 865 2198 2201 7665 7666 6384 
2785 871 865 872 7667 6383 7656 
2786 864 863 875 7668 6385 7655 
2787 863 2160 2202 7669 7652 6386 
2788 1569 1571 1620 7670 6338 6350 
2789 2185 2184 2188 7671 6325 7659 
2790 1571 1570 1572 7672 7673 7661 
2791 2234 1783 2405 6443 7674 6240 
2792 2159 2157 2414 6210 7675 7676 
2793 863 860 2160 7677 6252 7669 
2794 865 862 2198 7678 6358 7665 
2795 862 863 864 7679 7668 6357 
2796 861 865 871 7680 7667 6307 
2797 1783 1424 2405 7551 7681 7674 
2798 2201 2198 2406 7666 6317 6374 
2799 1569 1570 1571 7682 7672 7670 
2800 1568 2184 2185 7683 7671 7684 
2801 1 9 2735 67 7685 7686 
2802 1127 1126 2407 7290 6195 7687 
2803 2199 1209 2407 7403 7688 6180 
2804 862 860 863 7689 7677 7679 
2805 861 862 865 7690 7678 7680 
2806 1540 2180 2409 7409 6225 7691 
2807 2405 1424 2409 7681 7692 6258 
2808 1726 1727 1728 5816 5956 7693 
2809 1146 1144 2643 7694 7695 4377 
2810 1569 1567 1570 7696 3481 7682 
2811 1568 1569 2184 7697 6351 7683 
2812 1209 1127 2407 7136 7687 7688 
2813 1834 2122 2408 6372 5205 7698 
2814 2089 1834 2408 6388 7698 3518 
2815 2214 1100 2411 6280 7699 6405 
2816 1624 2214 2410 6235 6404 7700 
2817 2343 1293 2410 6855 7701 6311 
2818 1100 912 2411 7379 7702 7699 
2819 914 2343 2411 7428 6313 7703 
2820 1295 1624 2410 7405 7700 7704 
2821 1424 1540 2409 7560 7691 7692 
2822 2255 2156 2413 6489 7705 6067 
2823 2257 1289 2414 6526 7706 7707 
2824 2157 1543 2414 7190 7708 7675 
2825 766 763 1176 7709 6051 5319 
2826 761 1473 2462 6345 7710 7711 
2827 2207 2206 2419 6215 6296 7712 
2828 861 860 862 7713 7689 7690 
2829 859 861 2171 7714 6308 6134 
2830 1293 1295 2410 7053 7704 7701 
2831 912 914 2411 7384 7703 7702 
2832 936 938 2419 7036 7715 6295 
2833 2395 1052 2420 7539 7716 6004 
2834 948 952 2420 7168 6137 7717 
2835 2212 2181 2417 6323 7718 6290 
2836 2181 2197 2417 6911 7719 7718 
2837 1846 1845 2471 7720 7721 6084 
2838 2197 1423 2417 6297 6349 7719 
2839 2061 1745 2465 7722 7723 3143 
2840 1447 1449 1450 7724 7725 4756 
2841 2156 2170 2413 7440 5864 7705 
2842 1543 2257 2414 6798 7707 7708 
2843 1568 1567 1569 7726 7696 7697 
2844 1935 1692 2100 7727 4072 3795 
2845 2300 2299 2418 6228 5988 7728 
2846 27 701 2702 5471 4543 7729 
2847 2345 1235 2424 6193 7730 6175 
2848 1673 1674 1675 5327 5456 7731 
2849 809 805 810 7732 4993 7733 
2850 1728 1729 1730 5958 6080 7734 
2851 2182 1082 2425 6160 7735 6309 
2852 1091 2236 2424 6204 6212 7736 
2853 1093 1091 2424 6954 7736 7737 
2854 1420 1840 2437 7738 7739 7740 
2855 1039 1404 2404 7741 5062 7742 
2856 166 167 737 224 7743 6131 
2857 169 170 736 227 7744 7745 
2858 143 144 756 201 7746 7747 
2859 145 146 744 203 7748 7749 
2860 160 161 739 218 7750 7751 
2861 157 158 740 215 7752 7753 
2862 148 149 743 206 7754 7755 
2863 149 150 2416 207 7756 7757 
2864 163 164 738 221 7758 7759 
2865 151 152 742 209 6165 7760 
2866 144 145 2415 202 7761 7762 
2867 154 155 741 212 7763 4228 
2868 938 941 2419 7314 7764 7715 
2869 1052 948 2420 6827 7717 7716 
2870 38 39 749 97 5535 6011 
2871 1800 2638 2945 5114 7765 7766 
2872 1082 1085 2425 7616 7767 7735 
2873 1368 1666 2425 7562 7768 7769 
2874 1539 1759 2140 7770 7771 4185 
2875 49 50 730 108 7772 7773 
2876 46 47 731 105 7774 7775 
2877 58 59 727 117 7776 7777 
2878 52 53 729 111 7778 7779 
2879 55 56 728 114 7780 3740 
2880 61 62 726 120 7781 7782 
2881 65 66 755 124 7783 7784 
2882 63 64 750 122 7785 7786 
2883 43 44 732 102 5731 3820 
2884 40 41 733 99 5945 4193 
2885 1281 1280 1474 7787 4998 7788 
2886 2205 2207 2423 6216 7789 6107 
2887 2248 2453 2454 7790 7791 7374 
2888 1627 1403 1798 7792 7793 7794 
2889 2781 2512 2901 7795 7796 7797 
2890 1149 1151 1696 7798 7799 7800 
2891 1666 2121 2425 7801 6310 7768 
2892 1732 1859 2427 6079 7802 5621 
2893 1666 1877 2120 5721 3196 7803 
2894 859 860 861 7804 7713 7714 
2895 2301 2300 2429 6340 7805 7806 
2896 2207 2419 2429 7712 7807 7808 
2897 1027 1028 1029 5367 5475 7809 
2898 1235 1093 2424 6905 7737 7730 
2899 2646 1359 2784 4301 3365 7810 
2900 1651 1652 1653 7811 7812 5010 
2901 24 710 2906 5402 4220 7813 
2902 844 843 845 7814 7815 7816 
2903 175 709 2475 5588 7817 7818 
2904 1534 1725 1726 5813 5814 7819 
2905 1149 1696 2494 7800 7820 7821 
2906 1635 1478 1636 5521 7822 5726 
2907 746 198 2090 5416 6046 7823 
2908 145 744 2415 7749 7824 7761 
2909 756 144 2415 7746 7762 3525 
2910 743 149 2416 7754 7757 7825 
2911 1064 1104 2455 4403 5429 3907 
2912 2419 941 2429 7764 7826 7807 
2913 982 981 983 7827 4777 7828 
2914 1085 1368 2425 7590 7769 7767 
2915 1894 2086 2510 3042 3301 4224 
2916 998 999 1000 5377 5488 7829 
2917 2024 1930 2860 3112 7830 7831 
2918 1639 1636 1640 5727 7832 5858 
2919 1565 1567 1568 7833 7726 7834 
2920 1566 1692 1935 7835 7727 4035 
2921 1994 1441 2870 4048 7836 7837 
2922 150 151 2426 208 7838 7839 
2923 197 746 2786 5417 4001 7840 
2924 1109 1982 2672 3326 7841 4531 
2925 2016 2672 2699 4532 7842 4522 
2926 2138 2137 2438 5985 6284 7843 
2927 1730 1732 1733 6081 5048 7844 
2928 1287 1177 1288 7845 3852 7846 
2929 742 2245 2426 6344 7847 7848 
2930 1279 1110 1280 7849 3821 7850 
2931 2416 150 2426 7756 7839 7851 
2932 151 742 2426 7760 7848 7838 
2933 1529 2065 2549 4117 7852 7853 
2934 1641 2704 2788 7854 7855 7856 
2935 2112 2196 2480 5899 7857 7858 
2936 2196 1135 2480 7859 7860 7857 
2937 941 2301 2429 6375 7806 7826 
2938 2126 2390 2391 7861 6506 7862 
2939 869 870 873 5386 5504 7863 
2940 790 791 792 5395 5506 7864 
2941 2576 2129 2659 5005 4173 7865 
2942 1621 2244 2607 5351 7866 4985 
2943 1641 1640 1642 5859 7867 7868 
2944 2101 2138 2504 5986 3064 6230 
2945 2436 1503 2791 5650 3011 7869 
2946 2003 2002 2518 5047 7870 3039 
2947 1172 1173 1174 5363 5516 7871 
2948 1902 695 2595 3376 4732 7872 
2949 2250 2253 2452 5901 7873 7874 
2950 775 774 776 7875 5023 7876 
2951 768 766 2472 7877 5321 5239 
2952 2300 2418 2434 7728 6023 7878 
2953 1289 2360 2432 6093 6288 7879 
2954 2414 1289 2432 7706 7879 7880 
2955 45 46 2438 104 7881 6283 
2956 1700 1701 1711 5564 5494 7882 
2957 2032 957 2674 3439 3754 7883 
2958 1135 2196 2441 7859 6314 7884 
2959 2196 1552 2442 5898 7885 6315 
2960 1809 1810 2491 5955 7886 7887 
2961 1145 1144 1146 7888 7694 7889 
2962 913 1135 2441 7299 7884 7890 
2963 2350 1051 2442 6756 5933 7891 
2964 1051 915 2441 7062 7892 5931 
2965 1552 1549 2442 7156 7893 7885 
2966 1012 1011 1013 7894 4766 7895 
2967 1770 2781 2901 7896 7797 5810 
2968 2492 266 2577 7897 5566 7898 
2969 1039 1128 1404 7899 7900 7741 
2970 1436 1435 1437 5431 7901 5531 
2971 2429 2300 2434 7805 7878 7902 
2972 2079 2005 2527 4391 7903 4360 
2973 1842 1488 2435 5980 6122 7904 
2974 813 812 814 7905 4788 7906 
2975 1450 1451 1452 7907 7908 5040 
2976 772 770 774 7909 4730 7910 
2977 853 851 2431 7911 7912 5093 
2978 830 831 832 5610 3491 7913 
2979 780 1056 2796 5191 3958 7914 
2980 2159 2414 2432 7676 7880 6130 
2981 709 2052 2475 7915 7916 7817 
2982 2001 2716 2825 4967 7917 7918 
2983 1384 1383 1385 7919 5071 7920 
2984 31 32 2471 90 7921 7922 
2985 849 892 2921 5175 5307 7923 
2986 1719 1364 1930 7924 5297 3838 
2987 1232 1234 2470 7925 3975 7926 
2988 1675 1676 1677 5457 5561 7927 
2989 856 859 1765 7928 6133 7929 
2990 2207 2429 2434 7808 7902 7930 
2991 1653 1654 1655 7931 5631 7932 
2992 713 274 2026 5511 4921 7933 
2993 1714 1717 2022 4955 3637 7934 
2994 54 2286 2696 3164 5630 7935 
2995 1901 2551 2842 4665 7936 4577 
2996 2423 2207 2434 7789 7930 6161 
2997 859 857 860 7937 6250 7804 
2998 846 845 847 7938 6062 7939 
2999 1905 2465 2740 4981 7940 7941 
3000 1029 1030 1031 5476 5578 7942 
3001 1462 2069 2826 4209 7943 7944 
3002 2318 1939 2461 6590 3850 7945 
3003 2284 2283 2461 7385 7946 3254 
3004 1768 1745 2061 7947 7722 7948 
3005 1232 1233 1234 7949 7950 7925 
3006 2160 857 2444 6251 5405 7951 
3007 1720 2015 2428 5723 3560 7952 
3008 1711 1712 1713 5495 5592 7953 
3009 15 2848 2916 7954 7955 7956 
3010 1123 1102 2473 4411 5305 5573 
3011 1206 1852 2445 7957 7958 7959 
3012 1000 1001 1002 5489 5597 7960 
3013 745 2613 2878 5790 7961 7962 
3014 1141 1140 1180 5468 7963 5611 
3015 2065 1977 2869 4182 5068 7964 
3016 1372 1718 2468 6192 3437 5992 
3017 46 731 2438 7775 7965 7881 
3018 777 776 778 7966 4784 7967 
3019 2094 1902 2595 3555 7872 7968 
3020 915 913 2441 7286 7890 7892 
3021 1549 2350 2442 7465 7891 7893 
3022 2241 2246 2477 5302 7969 3551 
3023 1366 1146 1373 7970 5272 7971 
3024 2246 1594 2477 5585 7972 7969 
3025 1389 1790 2558 7973 7974 7975 
3026 792 793 794 5507 5634 7976 
3027 873 874 878 5505 5638 7977 
3028 2169 1501 2503 7978 7979 7980 
3029 985 983 986 7981 5097 7982 
3030 1174 1175 1245 5517 5641 7983 
3031 1715 1714 2022 7984 7934 7985 
3032 1014 1013 1015 7986 5099 7987 
3033 1696 2045 2707 3020 7988 7989 
3034 2025 1122 2542 5928 7990 7991 
3035 2248 2452 2453 7992 4417 7790 
3036 1594 1596 2477 7279 7993 7972 
3037 2107 2108 2654 7994 7995 4782 
3038 1524 2031 2935 7996 7997 7998 
3039 2695 2082 2767 7999 8000 3354 
3040 1500 1288 1511 8001 5105 8002 
3041 2471 32 2883 7921 8003 6085 
3042 65 755 2463 7784 3911 8004 
3043 750 64 2463 7785 8005 4876 
3044 1438 1437 1439 5532 8006 5652 
3045 2019 724 2804 5220 8007 8008 
3046 1275 1420 2437 8009 7740 5491 
3047 1633 2112 2480 4682 7858 8010 
3048 1539 1401 1759 5716 8011 7770 
3049 1111 1038 1144 8012 3900 8013 
3050 1968 2816 2831 4375 4102 8014 
3051 277 1 2735 298 7686 8015 
3052 1565 1566 1567 8016 3262 7833 
3053 1566 1564 1692 8017 8018 7835 
3054 754 276 2109 5537 6266 3879 
3055 705 436 2608 4961 4978 8019 
3056 1420 1687 1840 8020 8021 7738 
3057 2226 1634 2487 6459 8022 8023 
3058 1191 2484 2905 4452 8024 4767 
3059 1752 2559 2560 8025 5798 3638 
3060 1677 1678 1679 5562 5689 8026 
3061 834 835 836 5725 5659 8027 
3062 2141 1034 2513 4878 8028 4363 
3063 815 814 816 8029 5176 8030 
3064 848 847 849 8031 5173 8032 
3065 1272 1505 1506 8033 8034 5169 
3066 1239 1232 2470 4830 7926 5599 
3067 165 2194 2483 6083 4513 8035 
3068 1031 1032 1035 5579 5704 8036 
3069 738 164 2483 7758 8037 4195 
3070 14 15 2916 73 7956 8038 
3071 2248 2250 2452 7372 7874 7992 
3072 2448 1484 2877 5200 8039 8040 
3073 2030 1664 2520 4184 8041 5181 
3074 1659 1795 1806 8042 3316 8043 
3075 1164 1271 1272 8044 8045 4741 
3076 1630 1631 2456 5936 8046 4289 
3077 779 778 780 8047 5190 8048 
3078 1713 1714 1715 5593 7984 8049 
3079 1002 1003 1004 5598 5711 8050 
3080 1882 2888 2938 6197 8051 8052 
3081 2459 1691 2460 6198 5090 4226 
3082 2110 2090 2759 3072 8053 8054 
3083 1181 1180 1182 5612 8055 5717 
3084 59 60 2500 118 8056 8057 
3085 1391 1390 1720 8058 5226 8059 
3086 989 988 990 8060 5229 8061 
3087 1234 1276 1277 8062 8063 5210 
3088 839 1101 2493 4797 4690 5513 
3089 1621 1598 2502 7154 8064 5352 
3090 1016 1015 1017 8065 5759 8066 
3091 2040 1750 2041 8067 8068 8069 
3092 1666 2120 2121 7803 5602 7801 
3093 1068 807 1069 5783 8070 8071 
3094 794 795 796 5635 5734 3677 
3095 1245 1246 1262 5642 5732 8072 
3096 1654 1659 2512 8073 8074 5632 
3097 878 879 887 5639 5737 8075 
3098 1810 1811 1854 8076 8077 5774 
3099 2117 1198 2573 4728 8078 8079 
3100 2010 2026 2027 8080 3848 4715 
3101 2017 1118 2810 3220 8081 8082 
3102 2283 2318 2461 6857 7945 7946 
3103 1440 1439 1442 5653 8083 5748 
3104 33 716 2883 5608 3722 8084 
3105 1163 1206 2445 8085 7959 8086 
3106 177 178 2575 235 8087 3780 
3107 836 837 838 5660 5762 8088 
3108 2452 2253 2644 7873 8089 8090 
3109 171 172 2107 229 8091 4781 
3110 2052 2021 2928 4884 8092 8093 
3111 719 22 2893 5373 8094 3943 
3112 1493 1491 1494 8095 5317 8096 
3113 1655 2061 2635 8097 3274 8098 
3114 2089 1959 2737 3758 5251 8099 
3115 1206 1459 1852 8100 8101 7957 
3116 1833 1835 1837 6370 8102 8103 
3117 2105 2421 2422 6002 4065 4288 
3118 1810 1855 2491 5776 8104 7886 
3119 763 761 2462 8105 7711 6052 
3120 1542 2604 2914 8106 8107 8108 
3121 1389 1773 1790 8109 8110 7973 
3122 37 38 2124 96 6013 8111 
3123 64 65 2463 123 8004 8005 
3124 819 818 820 8112 5260 8113 
3125 1837 1835 1838 8102 8114 8115 
3126 709 2051 2052 5410 8116 7915 
3127 850 849 851 8117 8118 8119 
3128 1688 1388 1779 8120 5837 8121 
3129 1627 1798 2653 7794 4053 8122 
3130 2774 1475 2902 3634 8123 8124 
3131 1205 1161 1724 8125 8126 8127 
3132 1828 1483 2031 5873 8128 8129 
3133 1741 1743 1744 5482 6232 8130 
3134 1725 2162 2633 5752 3327 8131 
3135 1679 1680 1681 5690 5823 8132 
3136 760 761 762 6272 8133 8134 
3137 781 780 782 8135 8136 8137 
3138 1533 2899 2942 8138 8139 8140 
3139 2367 752 2712 4365 8141 8142 
3140 1249 1396 1397 8143 8144 5257 
3141 1035 1036 1042 5705 5841 8145 
3142 1231 1406 2484 4641 8146 4451 
3143 167 168 2516 225 8147 8148 
3144 1747 1755 2178 3762 8149 6027 
3145 1693 2501 2908 8150 8151 8152 
3146 1203 760 2457 6269 8153 8154 
3147 2081 702 2725 4003 8155 8156 
3148 1827 2147 2624 8157 5309 8158 
3149 1199 1247 1249 8159 8160 4902 
3150 1254 2615 2929 5740 8161 8162 
3151 2611 1865 2803 3190 8163 6054 
3152 1645 1644 1646 5879 8164 5808 
3153 1004 1005 1006 5712 5855 8165 
3154 2462 1473 2474 7710 8166 8167 
3155 1277 1363 1477 8168 8169 3851 
3156 1135 2232 2480 6484 8170 7860 
3157 1018 1017 1019 8171 5679 8172 
3158 2132 726 2628 8173 8174 4260 
3159 1393 1377 1399 8175 8176 8177 
3160 266 2492 2938 7897 8178 8179 
3161 1183 1182 1184 5718 8180 5865 
3162 1478 1274 2532 5902 8181 8182 
3163 1817 2068 2880 4267 5241 8183 
3164 1060 1116 1137 5147 8184 5675 
3165 2431 851 2921 7912 8185 4031 
3166 1995 714 2645 4188 3963 8186 
3167 2366 2365 2528 7352 8187 5024 
3168 1706 2132 2528 7131 4259 8188 
3169 856 1765 2618 7929 3582 8189 
3170 1916 2436 2791 8190 7869 8191 
3171 1262 1263 1264 5733 5892 8192 
3172 2045 1125 2536 8193 8194 8195 
3173 796 797 800 5735 5907 8196 
3174 1379 1196 2534 5853 8197 8198 
3175 1719 2023 2674 3839 8199 8200 
3176 887 888 889 5738 5918 8201 
3177 1443 1442 1444 5749 8202 5916 
3178 1596 1621 2477 7155 4984 7993 
3179 1504 1502 2042 5857 5722 8203 
3180 174 175 2475 232 7818 8204 
3181 838 839 840 5763 5943 8205 
3182 724 173 2804 5661 8206 8007 
3183 733 2152 2153 5946 5021 8207 
3184 1463 1486 2828 8208 8209 8210 
3185 52 729 2526 7779 3917 8211 
3186 1375 1403 1627 5323 7792 8212 
3187 852 851 853 8213 7911 8214 
3188 757 758 2505 4866 8215 8216 
3189 1909 1910 2831 5666 8217 4101 
3190 1647 1646 1648 5809 8218 5964 
3191 2187 2195 2552 6387 8219 4093 
3192 783 782 784 8220 3881 8221 
3193 1397 1628 1629 8222 8223 5342 
3194 2119 2451 2663 8224 8225 8226 
3195 856 857 859 8227 7937 7928 
3196 2450 1208 2693 4918 8228 8229 
3197 1148 1283 1284 5232 6342 5486 
3198 1831 1833 2446 6257 8230 8231 
3199 1477 1487 2023 8232 8233 3242 
3200 2208 2209 2552 6398 5852 8234 
3201 1681 1683 1684 5824 6009 8235 
3202 2027 754 2754 3847 3880 6173 
3203 1891 2091 2518 5157 3186 8236 
3204 164 165 2483 222 8035 8037 
3205 260 261 2641 281 8237 3895 
3206 1020 1019 1021 8238 5354 8239 
3207 2249 2452 2644 4416 8090 8240 
3208 1069 2000 2750 4354 8241 8242 
3209 1736 1737 1738 6020 5969 8243 
3210 1042 1043 1046 5842 8244 8245 
3211 823 822 824 8246 5391 8247 
3212 2562 1501 2652 8248 8249 8250 
3213 1810 1472 1811 5954 8251 8076 
3214 1006 1007 1008 5856 6037 8252 
3215 1515 1514 1516 8253 5364 8254 
3216 1533 1523 1534 8255 5812 8256 
3217 1513 1267 1514 8257 5032 8258 
3218 2499 1142 2591 8259 8260 4871 
3219 2202 2203 2568 7654 4515 8261 
3220 1185 1184 1186 5866 8262 6056 
3221 1602 1625 2570 7392 5269 8263 
3222 1264 1265 1269 5893 6071 3445 
3223 265 266 2938 286 8179 8264 
3224 1634 1880 2487 7444 8265 8022 
3225 800 801 804 5908 6110 8266 
3226 951 981 982 5271 7827 8267 
3227 726 2132 2665 8173 8268 4305 
3228 146 147 2574 204 3626 8269 
3229 1445 1444 1446 5917 8270 6113 
3230 708 426 2718 4953 3211 8271 
3231 889 890 902 5919 8272 8273 
3232 1859 2059 2934 5947 4489 8274 
3233 1124 1172 2542 5982 8275 8276 
3234 1469 1467 2430 4711 3969 8277 
3235 1119 1177 1287 5292 7845 8278 
3236 854 853 858 8279 5414 5525 
3237 840 841 842 5944 6152 8280 
3238 1718 1708 1881 6191 8281 8282 
3239 1875 1528 1952 8283 8284 4050 
3240 785 784 786 8285 5426 8286 
3241 2492 1882 2938 8287 8052 8178 
3242 1900 2066 2903 4067 8288 4148 
3243 1649 1648 1650 5965 8289 6171 
3244 1738 1739 1740 5970 6167 8290 
3245 1804 1802 2797 8291 8292 8293 
3246 1971 892 2889 5306 8294 8295 
3247 195 196 2917 253 4250 8296 
3248 1068 2040 2661 4087 8297 8298 
3249 1631 1734 2144 8299 3603 8300 
3250 1498 1523 1533 6050 8255 8301 
3251 762 761 763 8133 8105 8302 
3252 1542 2223 2604 6420 8303 8106 
3253 2644 2319 2743 8304 8305 8306 
3254 1024 1023 1025 8307 5479 8308 
3255 2458 1812 2832 8309 8310 8311 
3256 1017 1983 2486 5760 3219 5680 
3257 1767 1831 1836 6044 8312 8313 
3258 1248 1200 1250 8314 5150 8315 
3259 1241 1170 1470 5346 5702 4308 
3260 1259 1250 1260 8316 5465 8317 
3261 1684 1685 1686 6010 6261 8318 
3262 1121 1691 1704 6321 6187 8319 
3263 810 812 813 5401 7905 8320 
3264 2231 2238 2616 6470 8321 3665 
3265 646 2060 2841 4165 8322 4143 
3266 1008 1009 1010 6038 6293 3691 
3267 2146 891 2625 5897 8323 8324 
3268 2741 1819 2909 3929 8325 4475 
3269 1204 1461 1463 8326 8327 8328 
3270 2839 2005 2872 8329 5044 8330 
3271 1285 1383 1384 5422 7919 8331 
3272 1187 1186 1188 6057 8332 6330 
3273 1463 1485 1486 8333 8334 8208 
3274 2587 1098 2630 4181 8335 8336 
3275 893 900 2624 7618 8337 4251 
3276 1053 1827 2624 7556 8158 8338 
3277 2465 1745 2740 7723 8339 7940 
3278 1787 1469 2430 6116 8277 8340 
3279 1269 1270 1364 6072 8341 8342 
3280 882 893 2625 7630 4253 8343 
3281 727 59 2500 7776 8057 8344 
3282 2023 2032 2674 8345 7883 8199 
3283 2584 2140 2725 5509 8346 8347 
3284 2169 2012 2652 5663 8348 8349 
3285 2203 2444 2649 8350 8351 8352 
3286 1232 1192 1233 5400 8353 7949 
3287 2164 2539 2673 8354 8355 8356 
3288 1912 2448 2877 8357 8040 5799 
3289 1447 1446 1449 6114 8358 7724 
3290 2613 1888 2878 3047 8359 7961 
3291 1460 1207 1813 8360 8361 8362 
3292 804 805 809 6111 7732 8363 
3293 2203 2160 2444 7653 7951 8350 
3294 1696 1151 2481 7799 8364 3199 
3295 192 193 2799 250 4100 8365 
3296 1399 1377 2691 8176 8366 8367 
3297 183 184 2815 241 8368 3240 
3298 501 687 2817 4941 8369 3193 
3299 733 2153 2780 8207 8370 8371 
3300 1598 1600 2502 7317 8372 8064 
3301 15 16 2821 74 8373 8374 
3302 1774 2521 2662 5196 2955 8375 
3303 1168 1125 2045 8376 8193 8377 
3304 842 843 844 6153 7814 8378 
3305 2515 1798 2753 8379 8380 8381 
3306 1651 1650 1652 6172 8382 7811 
3307 1140 1065 2550 6147 8383 8384 
3308 1458 1794 1878 8385 8386 8387 
3309 1974 1804 2944 8388 8389 5324 
3310 1559 1846 2451 8390 3570 8391 
3311 1279 1280 1281 7850 7787 8392 
3312 2147 2146 2625 6069 8324 5310 
3313 2041 2619 2632 5779 8393 3015 
3314 1376 1751 1761 8394 8395 8396 
3315 1865 1814 1866 8397 8398 8399 
3316 2069 748 2509 4418 4551 8400 
3317 2092 2109 2735 3490 8401 8402 
3318 1357 1356 1563 8403 8404 8405 
3319 1415 1417 1530 7266 3165 8406 
3320 1361 1411 2478 8407 8408 8409 
3321 1411 1413 2478 7321 8410 8408 
3322 2243 2242 2607 4379 4447 8411 
3323 2183 1771 2757 3244 8412 8413 
3324 1699 1698 1700 8414 5563 8415 
3325 730 50 2627 7772 8416 3389 
3326 726 62 2628 7781 8417 8174 
3327 63 750 2628 7786 4176 8418 
3328 1641 1642 2704 7868 8419 7854 
3329 758 1203 2505 6270 8420 8215 
3330 1486 1925 1926 8421 4429 5423 
3331 1133 1134 2682 8422 8423 8424 
3332 2244 2243 2607 6267 8411 7866 
3333 1743 1746 2740 5590 8425 8426 
3334 2131 886 2664 3841 8427 3809 
3335 903 1039 2404 8428 7742 8429 
3336 2053 1850 2054 5967 8430 3337 
3337 1705 1658 1797 8431 8432 8433 
3338 2500 60 2710 8056 8434 8435 
3339 1686 1690 1802 6262 8436 8437 
3340 1849 1078 2553 3279 3465 8438 
3341 697 2491 2728 8439 8440 3859 
3342 1165 1159 1166 8441 5311 8442 
3343 1010 1011 1012 6294 7894 8443 
3344 1744 1745 1768 6234 7947 8444 
3345 2061 1655 2781 8097 8445 8446 
3346 1189 1188 1275 6331 8447 8448 
3347 56 57 2639 115 3606 8449 
3348 829 828 830 8450 5609 8451 
3349 1722 1921 2647 7414 3876 8452 
3350 2014 2123 2894 3936 8453 8454 
3351 1258 1166 1358 8455 5569 8456 
3352 772 774 775 7910 7875 8457 
3353 2226 2487 2729 8023 8458 8459 
3354 1659 1806 2512 8043 8460 8074 
3355 1393 1399 1466 8177 8461 8462 
3356 1163 2445 2543 8086 8463 8464 
3357 1450 1449 1451 7725 8465 7907 
3358 1521 1370 1754 8466 8467 8468 
3359 1144 2642 2643 3901 8469 7695 
3360 1456 1454 1501 5527 8470 8471 
3361 163 738 2637 7759 6226 8472 
3362 1857 2562 2652 8473 8250 8474 
3363 199 4 2759 257 8475 8476 
3364 1387 1491 1493 5617 8095 8477 
3365 1945 1942 2605 6277 8478 3883 
3366 970 2319 2644 7160 8304 8479 
3367 1281 1474 1475 7788 8480 8481 
3368 2604 1946 2914 3388 8482 8107 
3369 1251 1390 1391 5533 8058 8483 
3370 2010 713 2026 5498 7933 8080 
3371 2830 1884 2871 8484 8485 8486 
3372 1111 1144 1145 8013 7888 8487 
3373 1989 2807 2897 8488 5645 8489 
3374 1570 2102 2920 3482 8490 8491 
3375 1724 1161 2531 8126 8492 8493 
3376 1393 1466 2134 8462 3541 8494 
3377 4 258 2759 278 8495 8475 
3378 2084 2036 2515 5768 5911 8496 
3379 2113 1998 2525 5407 8497 4351 
3380 1653 1652 1654 7812 8498 7931 
3381 986 988 989 5582 8060 8499 
3382 1664 1858 2520 5961 5128 8041 
3383 844 845 846 7816 7938 8500 
3384 1511 1750 2040 5591 8067 8501 
3385 170 171 2654 228 4783 8502 
3386 877 2130 2656 3005 3449 8503 
3387 2462 2474 2617 8167 8504 8505 
3388 1008 2062 2713 3693 5266 8506 
3389 2232 947 2667 7505 8507 8508 
3390 2041 1750 2709 8068 8509 5780 
3391 2099 2603 2745 5490 3807 8510 
3392 1137 1116 2596 8184 8511 8512 
3393 267 722 2577 5503 8513 5565 
3394 1830 1766 2681 5742 8514 3505 
3395 775 776 777 7876 7966 8515 
3396 2072 2071 2739 5022 8516 5252 
3397 1046 1043 2469 8244 5649 3842 
3398 868 866 2835 5290 3833 8517 
3399 760 762 2457 8134 8518 8153 
3400 1476 1358 1531 8519 8520 8521 
3401 982 983 985 7828 7981 8522 
3402 701 2082 2695 4235 7999 8523 
3403 1201 1861 1956 8524 8525 8526 
3404 1145 1146 1366 7889 7970 8527 
3405 2017 1478 2532 8528 8182 3221 
3406 1730 1733 1735 7844 8529 8530 
3407 1663 1506 1918 5654 8531 8532 
3408 2516 168 2911 8147 8533 8534 
3409 1196 1194 2534 4547 3608 8197 
3410 1520 1873 2079 8535 5019 4359 
3411 1927 1702 1928 8536 8537 8538 
3412 1012 1013 1014 7895 7986 8539 
3413 1287 1288 1500 7846 8001 8540 
3414 816 818 819 5657 8112 8541 
3415 2046 765 2709 3322 8542 8543 
3416 1274 1143 2532 4675 5514 8181 
3417 1812 1809 2832 5886 8544 8310 
3418 1176 2462 2617 6053 8505 8545 
3419 2456 1631 2626 8046 8546 4444 
3420 1632 1379 2534 8547 8198 8548 
3421 1203 2457 2517 8154 3284 8549 
3422 1452 1451 1785 7908 8550 8551 
3423 1915 1916 2791 3656 8191 5121 
3424 172 724 2107 5662 3720 8091 
3425 2132 1757 2665 7130 8552 8268 
3426 2382 2383 2665 7457 4448 8553 
3427 691 31 2471 5530 7922 8554 
3428 855 2136 2940 3660 8555 8556 
3429 1557 1556 1560 8557 2984 3829 
3430 1996 1715 2594 8558 8559 4619 
3431 1967 1057 2765 4882 8560 8561 
3432 833 832 834 8562 5724 8563 
3433 1358 1524 2935 5570 7998 8564 
3434 737 167 2516 7743 8148 3410 
3435 2191 2193 2454 8565 8566 8567 
3436 2527 2005 2839 7903 8329 8568 
3437 2401 2219 2670 6427 5818 8569 
3438 1820 1748 2670 7380 8570 3370 
3439 769 771 773 8571 8572 8573 
3440 1840 1687 1971 8021 3056 8574 
3441 813 814 815 7906 8029 8575 
3442 131 132 751 140 8576 8577 
3443 130 131 2489 139 8578 8579 
3444 129 130 725 138 8580 8581 
3445 128 129 2490 137 8582 8583 
3446 127 128 752 136 8584 8585 
3447 1833 1837 2446 8103 8586 8230 
3448 1655 2512 2781 5633 7795 8445 
3449 846 847 848 7939 8031 8587 
3450 1384 1385 1388 7920 8588 8589 
3451 1496 1498 2476 5951 8590 8591 
3452 1494 1496 1499 5803 8592 8593 
3453 1559 1845 1846 5788 7720 8390 
3454 773 798 799 8594 8595 5929 
3455 1364 1270 2485 8341 8596 5298 
3456 762 764 765 8597 8598 8599 
3457 2220 2138 2891 3013 8600 8601 
3458 1718 1881 2881 8282 8602 8603 
3459 1499 2164 2673 8604 8356 8605 
3460 1700 1711 2479 7882 8606 8607 
3461 777 778 779 7967 8047 8608 
3462 1642 1643 1644 8609 8610 5878 
3463 1272 1271 1505 8045 8611 8033 
3464 486 704 2819 4943 8612 3125 
3465 1122 1124 2542 4606 8276 7990 
3466 1642 1640 1643 7867 8613 8609 
3467 2427 1859 2636 7802 8614 3767 
3468 1234 1233 1276 7950 8615 8062 
3469 1152 1150 1153 8616 3776 8617 
3470 699 611 2690 4927 5118 3453 
3471 1084 1243 1428 8618 8619 8620 
3472 1014 1015 1016 7987 8065 8621 
3473 2502 1600 2570 8372 8622 5736 
3474 1534 1726 1731 7819 8623 8624 
3475 735 37 2124 5667 8111 4033 
3476 1721 1720 2428 8625 7952 8626 
3477 716 2080 2663 4039 5095 8627 
3478 2426 2245 2648 7847 5145 8628 
3479 51 52 2526 110 8211 8629 
3480 1406 1767 2484 5793 8630 8146 
3481 2365 1706 2528 7437 8188 8187 
3482 1760 2640 2750 8631 5246 8632 
3483 820 822 823 5802 8246 8633 
3484 1154 1153 1155 8634 5211 8635 
3485 1428 1429 1430 8636 8637 5785 
3486 799 806 807 8638 8639 5782 
3487 2698 1470 2936 6108 8640 8641 
3488 1098 1009 2630 4974 5625 8335 
3489 2140 1707 2602 5508 8642 4186 
3490 1735 1733 1736 8529 6019 8643 
3491 1866 1814 2449 8398 8644 8645 
3492 992 994 1167 5794 8646 8647 
3493 739 161 2683 7750 8648 4213 
3494 1261 1400 1401 8649 8650 5715 
3495 1852 1459 1853 8101 8651 4136 
3496 1930 2485 2860 5299 8652 7830 
3497 848 849 850 8032 8117 8653 
3498 1855 1854 2617 5775 8654 8655 
3499 1790 1773 1889 8110 8656 8657 
3500 1080 1120 1142 8658 8659 8660 
3501 2048 1405 2933 3669 5637 8661 
3502 1065 984 2550 4680 8662 8383 
3503 1866 2449 2450 8645 4919 8663 
3504 779 780 781 8048 8135 8664 
3505 2249 2644 2743 8240 8306 8665 
3506 2831 1910 2870 8217 8666 8667 
3507 1944 1947 2507 6394 8668 8669 
3508 2600 1780 2677 8670 8671 8672 
3509 1814 1813 2449 8673 3473 8644 
3510 2136 2135 2657 3659 8674 8675 
3511 53 54 2696 112 7935 8676 
3512 1854 1811 1856 8077 8677 8678 
3513 1205 1724 2514 8127 8679 8680 
3514 1242 1155 1256 8681 5867 8682 
3515 1759 2081 2725 3810 8156 8683 
3516 1855 2474 2728 8684 3548 8685 
3517 1430 1431 1483 8686 8687 5872 
3518 2306 2868 2885 8688 4358 8689 
3519 856 854 857 8690 5403 8227 
3520 1631 1629 1734 5935 8691 8299 
3521 1172 1532 2542 8692 8693 8275 
3522 1277 1276 1363 8063 8694 8168 
3523 1016 1017 1018 8066 8171 8695 
3524 1636 1478 2017 7822 8528 8696 
3525 743 2416 2687 7825 8697 8698 
3526 746 2090 2521 7823 2953 8699 
3527 1142 1286 1374 8700 8701 8702 
3528 1837 1838 1847 8115 8703 8704 
3529 1249 1247 1396 8160 8705 8143 
3530 1021 1023 1024 5959 8307 8706 
3531 1859 1729 2749 6078 8707 5948 
3532 2447 802 2887 8708 8709 8710 
3533 1995 1715 1996 8711 8558 8712 
3534 1391 1720 1721 8059 8625 8713 
3535 1848 2498 2853 3990 5686 8714 
3536 989 990 1063 8061 8715 8716 
3537 2203 2649 2680 8352 8717 4516 
3538 2468 2450 2693 3132 8229 8718 
3539 1800 1793 2691 5787 8719 5115 
3540 1986 1749 2919 5029 8720 8721 
3541 1660 1884 1885 8722 8723 8724 
3542 1154 2468 2693 5398 8718 8725 
3543 1749 2094 2595 5615 7968 8726 
3544 1376 1761 2586 8396 8727 8728 
3545 1189 1275 2496 8448 5493 8729 
3546 506 734 2820 4963 4382 3086 
3547 1835 2089 2737 6389 8099 8730 
3548 1565 1564 1566 8731 8017 8016 
3549 1970 1047 2668 4923 3121 8732 
3550 1371 1256 1693 8733 8734 8735 
3551 1500 1511 2522 8002 8736 8737 
3552 850 851 852 8119 8213 8738 
3553 2487 739 2729 8739 4214 8458 
3554 723 2098 2751 4556 8740 8741 
3555 1374 1637 1703 8742 8743 5975 
3556 786 788 802 6090 8744 8745 
3557 1506 1505 2529 8034 8746 8747 
3558 1781 1869 2721 7306 8748 8749 
3559 781 782 783 8137 8220 8750 
3560 1397 1396 1628 8144 8751 8222 
3561 1798 1403 2753 7793 8752 8380 
3562 1763 2587 2630 8753 8336 3027 
3563 1501 2169 2652 7978 8349 8249 
3564 1660 1643 1883 8754 8755 8756 
3565 1671 1673 1771 6100 8757 8758 
3566 1477 1363 1487 8169 8759 8232 
3567 815 816 2531 8030 8760 8761 
3568 1018 1019 1020 8172 8238 8762 
3569 1270 1375 2485 5263 8763 8596 
3570 2383 2500 2710 8764 8435 4449 
3571 1260 1698 1699 6182 8414 8765 
3572 2210 2403 2729 7658 8766 4132 
3573 1637 1286 1638 8767 8768 8769 
3574 61 726 2710 7782 4307 8770 
3575 1832 1830 2726 6096 3507 8771 
3576 2436 1916 2817 8190 3194 8772 
3577 1242 1371 1372 8773 8774 5991 
3578 826 828 829 6179 8450 8775 
3579 49 730 2715 7773 6112 8776 
3580 996 998 1045 6183 8777 8778 
3581 1025 1027 2513 6247 8779 8780 
3582 2474 1855 2617 8684 8655 8504 
3583 1513 1514 1515 8258 8253 8781 
3584 2496 2437 2629 5492 8782 8783 
3585 867 869 1268 6200 8784 8785 
3586 1952 1528 2556 8284 8786 8787 
3587 1836 1831 2446 8312 8231 8788 
3588 2095 1688 2795 3590 8789 3564 
3589 1653 1655 2635 7932 8098 4791 
3590 1377 1108 2638 8790 5822 8791 
3591 762 765 2457 8599 3323 8518 
3592 2195 2208 2552 6335 8234 8219 
3593 852 853 854 8214 8279 8792 
3594 1435 1379 1632 6300 8547 8793 
3595 764 763 766 8794 7709 8795 
3596 1080 806 1081 8796 3926 8797 
3597 1758 1638 1882 8798 8799 8800 
3598 1813 1207 2547 8361 8801 4566 
3599 1431 1429 1788 8802 8803 8804 
3600 783 784 785 8221 8285 8805 
3601 1929 868 2835 4834 8517 8806 
3602 810 813 2546 8320 8807 8808 
3603 1472 1456 2562 5691 8809 8810 
3604 2054 1850 2482 8430 8811 3152 
3605 1372 1707 1708 8812 8813 6190 
3606 1695 2585 2736 8814 8815 5553 
3607 2023 1487 2032 8233 8816 8345 
3608 2383 2265 2755 7456 8817 8818 
3609 1629 1628 2466 8223 8819 8820 
3610 1365 1140 2550 8821 8384 4239 
3611 833 886 1149 8822 8823 8824 
3612 2443 1999 2887 5863 8825 5146 
3613 823 824 1125 8247 8826 8827 
3614 1084 1046 1110 8828 3310 8829 
3615 790 792 1178 7864 8830 8831 
3616 2044 719 2762 5058 8832 3528 
3617 1285 1384 2549 8331 8833 8834 
3618 2119 2118 2325 5528 7402 8835 
3619 1120 1081 1121 8836 6320 8837 
3620 762 763 764 8302 8794 8597 
3621 1172 1174 1532 7871 8838 8692 
3622 1248 1250 1259 8315 8316 8839 
3623 1807 1400 1808 8840 8841 8842 
3624 2161 2788 2819 8843 8844 8845 
3625 817 2043 2676 4708 5134 3359 
3626 830 832 833 7913 8562 8846 
3627 1740 1741 2598 6168 8847 5876 
3628 2164 1075 2539 5571 5483 8354 
3629 1463 1461 1485 8327 8848 8333 
3630 903 902 1038 8849 8850 8851 
3631 1192 1189 2496 5374 8729 8852 
3632 2192 2516 2911 4646 8534 5149 
3633 1138 2202 2568 6368 8261 8853 
3634 1039 1038 1111 8854 8012 8855 
3635 1675 1677 1824 7927 8856 8857 
3636 1600 1602 2570 7331 8263 8622 
3637 1149 1150 1151 8858 8859 7798 
3638 1640 1636 2506 7832 8860 8861 
3639 1452 1785 2503 8551 8862 8863 
3640 1029 1031 1058 7942 8864 8865 
3641 1460 1813 1814 8362 8673 8866 
3642 147 148 2773 205 8867 3627 
3643 2721 1869 2773 8748 3982 8868 
3644 1000 1002 1193 7960 8869 8870 
3645 903 1038 1039 8851 8854 8428 
3646 2704 1986 2788 5030 8871 7855 
3647 767 766 768 8872 7877 8873 
3648 1180 1140 1365 7963 8821 8874 
3649 1885 2073 2792 3029 8875 8876 
3650 1024 1025 1034 8308 8877 8878 
3651 1243 1110 1279 8879 7849 8880 
3652 873 878 880 7977 8881 8882 
3653 1486 1485 1925 8334 3622 8421 
3654 1151 1152 1208 8883 8884 8885 
3655 1699 1702 1762 8886 8887 8888 
3656 1258 1476 1791 8889 8890 8891 
3657 731 47 2768 7774 8892 3869 
3658 1761 1751 1772 8395 8893 2976 
3659 1041 1072 2790 7580 8894 3539 
3660 769 768 770 8895 4254 8896 
3661 744 146 2574 7748 8269 8897 
3662 160 739 2772 7751 8898 8899 
3663 1520 1364 1719 8900 7924 8901 
3664 1927 1928 2786 8538 4748 4000 
3665 1999 2447 2887 3889 8710 8825 
3666 769 773 2632 8573 3135 8902 
3667 1201 809 1860 8903 8904 8905 
3668 2274 2276 2793 6962 8906 8907 
3669 1165 1166 1258 8442 8455 8908 
3670 1713 1715 1995 8049 8711 8909 
3671 771 770 772 8910 7909 8911 
3672 51 2526 2627 8629 4037 8912 
3673 1869 1782 2802 7305 8913 8914 
3674 1069 807 2499 8070 8915 4355 
3675 1020 1021 2540 8239 8916 8917 
3676 1693 1256 2501 8734 8918 8150 
3677 1245 1262 1394 8072 8919 8920 
3678 1856 1811 1857 8677 8921 8922 
3679 1024 1034 1158 8878 8923 8924 
3680 2686 1693 2908 8925 8152 8926 
3681 1760 1954 2640 4668 8927 8631 
3682 2218 2216 2814 6435 8928 3877 
3683 1515 1516 2556 8254 8929 8930 
3684 1442 1439 1661 8083 8931 8932 
3685 809 810 2546 7733 8808 8933 
3686 1787 2430 2497 8340 2972 3270 
3687 986 989 2545 8499 8934 8935 
3688 1799 2111 2739 6246 4916 8936 
3689 902 890 2744 8272 8937 8938 
3690 1928 1702 2479 8537 8939 5256 
3691 2073 2011 2689 4975 8940 8941 
3692 1699 1700 1702 8415 8942 8886 
3693 1638 2600 2677 8943 8672 8944 
3694 2031 1483 2488 8128 8945 8946 
3695 1138 2568 2604 8853 3380 8947 
3696 1284 1285 2549 6343 8834 8948 
3697 2623 892 2937 8949 8950 8951 
3698 1803 1802 1804 8952 8291 8953 
3699 819 820 2543 8113 8954 8955 
3700 1679 1681 1682 8132 8956 8957 
3701 1258 1358 1476 8456 8519 8889 
3702 1151 1208 2481 8885 3984 8364 
3703 1791 1792 1937 8958 8959 8960 
3704 1388 1385 2508 8588 8961 5838 
3705 1275 1370 1420 8962 8963 8009 
3706 985 986 2545 7982 8935 8964 
3707 1375 1627 2485 8212 8965 8763 
3708 1004 1006 1033 8165 8966 8967 
3709 1460 1814 1815 8866 8968 8969 
3710 1186 2440 2863 8970 8971 8972 
3711 823 1125 1163 8827 8973 8974 
3712 1184 1182 1508 8180 8975 8976 
3713 1987 1448 2855 5273 5678 6263 
3714 1404 1128 1793 7900 8977 5786 
3715 796 800 808 8196 8978 3347 
3716 838 840 877 8205 8979 8980 
3717 1248 1259 1389 8839 8981 8982 
3718 1956 1861 1957 8525 8983 3181 
3719 2032 1487 2033 8816 8984 8985 
3720 1654 1658 1659 8986 8987 8073 
3721 1498 1533 2476 8301 8988 8590 
3722 1648 1646 1657 8218 8989 8990 
3723 1616 1572 2920 7645 8991 8992 
3724 783 785 1197 8805 8993 8994 
3725 1858 1517 2763 5960 8995 8996 
3726 852 854 856 8792 8690 8997 
3727 1511 2040 2522 8501 4089 8736 
3728 1797 1658 2581 8432 8998 8999 
3729 2179 2174 2846 6395 9000 4821 
3730 1825 2231 2857 7377 3775 9001 
3731 1454 1452 2503 5500 8863 9002 
3732 1736 1738 1763 8243 9003 9004 
3733 1879 2014 2894 4869 8454 9005 
3734 1769 1768 1770 9006 9007 9008 
3735 1042 1046 1084 8245 8828 9009 
3736 1962 1048 2771 4676 9010 9011 
3737 2327 2285 2896 6860 9012 5277 
3738 1851 1804 1974 9013 8388 9014 
3739 1918 1506 2529 8531 8747 3130 
3740 155 156 2941 213 5478 9015 
3741 2276 2275 2882 6961 9016 9017 
3742 2466 1628 2467 8819 9018 3613 
3743 1116 1119 2596 5225 9019 8511 
3744 1669 2091 2903 3185 4276 9020 
3745 57 58 2834 116 9021 3684 
3746 1420 1521 1687 9022 9023 8020 
3747 1376 1366 1465 9024 9025 9026 
3748 889 902 903 8273 8849 9027 
3749 1158 1159 1164 9028 9029 4454 
3750 2856 1932 2858 9030 9031 5754 
3751 1513 1515 1527 8781 9032 9033 
3752 1881 1708 2133 8281 9034 3106 
3753 1458 985 1756 9035 9036 9037 
3754 740 158 2822 7752 9038 9039 
3755 785 786 2573 8286 9040 9041 
3756 1020 2892 2898 9042 9043 9044 
3757 989 1063 1266 8716 9045 9046 
3758 1391 1721 1753 8713 9047 9048 
3759 1201 1956 2588 8526 9049 9050 
3760 773 771 798 8572 9051 8594 
3761 1764 1500 1829 9052 9053 9054 
3762 2066 1669 2903 5281 9020 8288 
3763 1121 1704 1780 8319 4199 9055 
3764 1744 1768 1769 8444 9006 9056 
3765 1785 1868 1874 9057 9058 9059 
3766 1164 1165 1271 9060 9061 8044 
3767 132 133 2535 141 9062 9063 
3768 1269 1364 1520 8342 8900 3177 
3769 1659 1705 1795 9064 9065 8042 
3770 1016 1018 1049 8695 9066 9067 
3771 1363 1276 1519 8694 9068 9069 
3772 804 809 1201 8363 8903 9070 
3773 1449 1446 1695 8358 9071 9072 
3774 126 127 2537 135 9073 9074 
3775 779 781 803 8664 9075 9076 
3776 816 819 2531 8541 9077 8760 
3777 848 850 1202 8653 9078 9079 
3778 829 830 2494 8451 9080 9081 
3779 1944 2507 2605 8669 4626 9082 
3780 1686 1802 1803 8437 8952 9083 
3781 1010 1012 1062 8443 9084 3991 
3782 1279 1281 1752 8392 9085 9086 
3783 1275 1188 1370 8447 9087 8962 
3784 1384 1388 1529 8589 9088 9089 
3785 813 815 1160 8575 9090 9091 
3786 982 985 1458 8522 9035 9092 
3787 1287 1500 1764 8540 9052 9093 
3788 844 846 855 8500 9094 9095 
3789 1654 1652 1658 8498 9096 8986 
3790 1505 1507 1710 9097 9098 9099 
3791 1457 1393 2134 9100 8494 4754 
3792 1259 1260 2580 8317 9101 9102 
3793 833 834 886 8563 9103 8822 
3794 1160 815 1161 9090 9104 9105 
3795 1785 1451 1868 8550 9106 9057 
3796 775 777 1254 8515 9107 9108 
3797 1145 1366 1376 8527 9024 9109 
3798 898 951 2597 5212 9110 9111 
3799 799 798 806 8595 3979 8638 
3800 1256 1381 2501 5868 3574 8918 
3801 1751 1465 1816 9112 9113 9114 
3802 1727 1725 2633 5815 8131 9115 
3803 1458 1878 2597 8387 9116 9117 
3804 1529 1388 1688 9088 8120 9118 
3805 1152 1153 1154 8617 8634 9119 
3806 1505 1271 1507 8611 9120 9097 
3807 1428 1243 1429 8619 9121 8636 
3808 1794 1756 1823 9122 9123 9124 
3809 1163 1168 1206 9125 9126 8085 
3810 11 12 2613 70 5358 5789 
3811 2772 1880 2822 9127 9128 9129 
3812 1401 1400 1807 8650 8840 9130 
3813 169 736 2911 7745 4803 9131 
3814 1811 1472 2562 8251 8810 9132 
3815 1206 1207 1459 9133 9134 8100 
3816 157 740 2904 7753 9135 9136 
3817 2223 1138 2604 7633 8947 8303 
3818 1389 1433 1773 9137 9138 8109 
3819 1385 1387 2508 5543 9139 8961 
3820 1558 1559 2451 9140 8391 9141 
3821 1627 2653 2860 8122 9142 9143 
3822 1154 1155 1242 8635 8681 5396 
3823 1430 1429 1431 8637 8802 8686 
3824 807 806 1080 8639 8796 9144 
3825 1204 1161 1205 9145 8125 9146 
3826 1197 1198 1199 9147 9148 4528 
3827 1734 1629 2466 8691 8820 2979 
3828 1461 1205 1462 9149 9150 9151 
3829 1644 1643 1660 8610 8754 9152 
3830 2110 753 2662 5446 9153 3073 
3831 1142 1120 1286 8659 9154 8700 
3832 1199 1200 1247 9155 9156 8159 
3833 1204 1463 2719 8328 9157 9158 
3834 2440 1186 2927 8970 9159 9160 
3835 1242 1256 1371 8682 8733 8773 
3836 1527 1528 1863 9161 9162 9163 
3837 1237 1251 2593 5452 9164 5993 
3838 1842 2435 2592 7904 3696 9165 
3839 1374 1286 1637 8701 8767 8742 
3840 845 843 2766 7815 3547 4438 
3841 1824 2183 2757 3483 8413 9166 
3842 1767 1836 2484 8313 9167 8630 
3843 1753 1721 1805 9047 9168 5053 
3844 1266 1063 1267 9045 4629 9169 
3845 1266 1267 1512 9169 9170 9171 
3846 2075 1394 2872 5594 9172 3469 
3847 1512 1513 2523 9173 9174 9175 
3848 1983 1071 2650 5580 9176 6103 
3849 820 823 2543 8633 9177 8954 
3850 1527 1515 1528 9032 9178 9161 
3851 1660 1883 1884 8756 9179 8722 
3852 821 818 2684 5261 6322 4345 
3853 1512 1267 1513 9170 8257 9173 
3854 1660 1885 2566 8724 9180 9181 
3855 904 1041 2675 7597 3538 9182 
3856 1637 1638 1758 8769 8798 9183 
3857 185 186 2611 243 5934 5713 
3858 1372 1371 1707 8774 9184 8812 
3859 2487 1880 2772 8265 9127 9185 
3860 1826 2088 2701 4810 5909 9186 
3861 1197 785 1198 8993 9187 9147 
3862 2238 2240 2616 6960 9188 8321 
3863 566 693 2777 4948 5189 5180 
3864 1863 1528 1875 9162 8283 2965 
3865 2031 2488 2935 8946 5846 7997 
3866 1758 1882 2492 8800 8287 9189 
3867 1080 1081 1120 8797 8836 8658 
3868 1431 1788 1789 8804 9190 9191 
3869 1389 1259 1433 8981 9192 9137 
3870 764 766 767 8795 8872 9193 
3871 1163 1125 1168 8973 8376 9125 
3872 1021 1024 2540 8706 9194 8916 
3873 1233 1192 2496 8353 8852 9195 
3874 1529 1688 2433 9118 3592 4118 
3875 1247 1200 1248 9156 8314 9196 
3876 1149 886 1150 8823 3840 8858 
3877 1160 1161 1204 9105 9145 9197 
3878 1199 1198 1200 9148 4727 9155 
3879 1815 1814 1865 8968 8397 2987 
3880 1710 1507 1888 9098 9198 3046 
3881 1084 1110 1243 8829 8879 8618 
3882 1204 1205 1461 9146 9149 8326 
3883 1807 1808 2053 8842 5968 9199 
3884 1773 1433 1774 9138 9200 9201 
3885 1158 1034 1159 8923 4877 9028 
3886 1458 1756 1794 9037 9122 8385 
3887 1399 2691 2692 8367 9202 4078 
3888 1459 1207 1460 9134 8360 9203 
3889 1376 1465 1751 9026 9112 8394 
3890 1769 1770 2511 9008 5626 9204 
3891 1802 1690 2697 8436 9205 9206 
3892 1206 1168 1207 9126 9207 9133 
3893 1762 1702 1927 8887 8536 9208 
3894 1791 1476 1792 8890 9209 8958 
3895 1151 1150 1152 8859 8616 8883 
3896 1659 1658 1705 8987 8431 9064 
3897 767 768 769 8873 8895 9210 
3898 1520 1719 1873 8901 9211 8535 
3899 1420 1370 1521 8963 8466 9022 
3900 1803 1804 1851 8953 9013 9212 
3901 1201 1860 1861 8905 9213 8524 
3902 727 2755 2793 9214 9215 9216 
3903 769 770 771 8896 8910 8571 
3904 1164 1159 1165 9029 8441 9060 
3905 951 982 2597 8267 9217 9110 
3906 1687 1521 1934 9023 9218 3339 
3907 1937 1792 1938 8959 9219 9220 
3908 2335 1156 2337 7458 9221 9222 
3909 900 1053 2624 7593 8338 8337 
3910 2899 2034 2942 4108 9223 8139 
3911 1990 1989 2897 4464 8489 3667 
3912 1080 1142 2499 8660 8259 9224 
3913 1862 2162 2861 3147 9225 9226 
3914 1063 990 2519 8715 9227 5551 
3915 1702 1700 2479 8942 8607 8939 
3916 891 882 2625 7642 8343 8323 
3917 2135 1667 2657 5623 9228 8674 
3918 2525 1998 2809 8497 3298 9229 
3919 1049 2148 2610 9230 3835 9231 
3920 2828 1486 2924 8209 5425 9232 
3921 799 1068 2661 5784 8298 5930 
3922 1437 1435 2538 7901 9233 9234 
3923 2798 1847 2918 3798 9235 4987 
3924 2500 2383 2755 8764 8818 9236 
3925 2788 1914 2819 9237 3126 8844 
3926 1892 1891 2646 5155 9238 9239 
3927 990 992 2519 5730 9240 9227 
3928 1168 2045 2547 8377 3022 9241 
3929 1896 1899 2631 6139 3713 4440 
3930 1853 2145 2669 5746 5329 4137 
3931 1034 1025 2513 8877 8780 8028 
3932 1694 2084 2753 3600 9242 9243 
3933 50 51 2627 109 8912 8416 
3934 903 2404 2578 8429 3939 9244 
3935 62 63 2628 121 8418 8417 
3936 2651 1718 2881 3438 8603 9245 
3937 1708 1707 2584 8813 5510 9246 
3938 696 661 2806 4939 5137 9247 
3939 689 1936 2875 4511 5568 4467 
3940 1841 1633 2667 4647 9248 9249 
3941 1039 1111 1128 8855 9250 7899 
3942 739 2487 2772 8739 9185 8898 
3943 1456 1501 2562 8471 8248 8809 
3944 2736 1962 2771 4074 9011 5554 
3945 1499 1496 2476 8592 8591 4912 
3946 2460 798 2706 3980 9251 4227 
3947 2179 905 2675 4121 9252 9253 
3948 743 2687 2721 8698 9254 9255 
3949 1482 2119 2663 5529 8226 5710 
3950 2253 970 2644 5870 8479 8089 
3951 178 692 2575 5522 3101 8087 
3952 1631 2144 2626 8300 5293 8546 
3953 1731 2864 2899 3236 4109 9256 
3954 1501 1454 2503 8470 9002 7979 
3955 1715 2022 2594 7985 9257 8559 
3956 2047 2048 2933 5640 8661 6032 
3957 702 2133 2584 4540 9258 9259 
3958 1084 1428 2576 8620 5006 9260 
3959 1966 2774 2902 9261 8124 3737 
3960 2673 2539 2801 8355 9262 9263 
3961 15 2821 2848 8374 9264 7954 
3962 802 2548 2887 9265 4685 8709 
3963 727 2500 2755 8344 9236 9214 
3964 813 1160 2546 9091 9266 8807 
3965 1516 1671 2533 5974 9267 9268 
3966 416 431 2636 9269 3986 9270 
3967 2504 1616 2920 3063 8992 9271 
3968 1132 1526 2498 5421 5684 9272 
3969 1203 2517 2756 8549 3973 9273 
3970 2225 1872 2686 9274 9275 5697 
3971 824 826 2536 6036 9276 9277 
3972 830 833 2494 8846 9278 9080 
3973 2113 808 2720 4350 9279 6148 
3974 1384 1529 2549 9089 7853 8833 
3975 1387 1493 2508 8477 9280 9139 
3976 740 2822 2857 9039 9281 3774 
3977 162 163 2637 220 8472 9282 
3978 1475 1474 2902 8480 9283 8123 
3979 994 996 2541 5963 9284 9285 
3980 1462 1205 2514 9150 8680 9286 
3981 1261 1132 1400 9287 9288 8649 
3982 1268 2507 2680 9289 9290 9291 
3983 905 904 2675 7607 9182 9252 
3984 1142 1374 2591 8702 6352 8260 
3985 2652 2012 2895 8348 5745 9292 
3986 1473 2116 2752 4141 3287 9293 
3987 1125 824 2536 8826 9277 8194 
3988 1829 1500 2522 9053 8737 9294 
3989 1844 2060 2694 6319 3610 9295 
3990 892 847 2723 5174 6063 9296 
3991 2421 2104 2559 6001 5109 9297 
3992 2031 1524 2859 7996 9298 9299 
3993 1816 1465 2805 9113 9300 4058 
3994 786 802 2573 8745 9301 9040 
3995 728 56 2639 7780 8449 9302 
3996 807 1080 2499 9144 9224 8915 
3997 1993 2063 2886 4046 9303 5473 
3998 1942 1944 2605 6347 9082 8478 
3999 1505 1710 2529 9099 3857 8746 
4000 1643 1640 2506 8613 8861 9304 
4001 788 790 2548 6213 9305 9306 
4002 1870 1722 2647 7106 8452 9307 
4003 989 1266 2545 9046 9308 8934 
4004 1260 1699 2580 8765 9309 9101 
4005 2657 1667 2685 9228 9310 3750 
4006 131 751 2489 8577 9311 8578 
4007 725 130 2489 8580 8579 9312 
4008 129 725 2490 8581 3344 8582 
4009 752 128 2490 8584 8583 9313 
4010 1161 815 2531 9104 8761 8492 
4011 2793 2276 2834 8906 3685 9314 
4012 2319 2742 2743 6710 9315 8305 
4013 2129 1828 2761 5349 9316 4813 
4014 1162 1393 1457 9317 9100 9318 
4015 2475 2052 2928 7916 8093 9319 
4016 2108 2478 2654 9320 3141 7995 
4017 1703 2422 2774 3455 4066 9321 
4018 1642 1645 2704 5880 5998 8419 
4019 1822 2565 2567 3150 3697 5796 
4020 2092 745 2838 5164 9322 6088 
4021 1636 2017 2506 8696 9323 8860 
4022 1027 1029 2554 7809 9324 9325 
4023 1251 1391 2593 8483 9326 9164 
4024 2097 2099 2745 5080 8510 5399 
4025 998 1000 2555 7829 9327 9328 
4026 1112 2037 2785 4772 5026 9329 
4027 878 887 2561 8075 9330 9331 
4028 869 873 2557 7863 9332 9333 
4029 2416 2426 2648 7851 8628 9334 
4030 1254 2459 2727 9335 4030 9336 
4031 833 1149 2494 8824 7821 9278 
4032 1445 1447 2703 6115 4461 5463 
4033 1513 1527 2523 9033 9337 9174 
4034 1754 1370 2863 8467 9338 9339 
4035 1652 1650 2581 8382 9340 9341 
4036 174 2475 2804 8204 9342 9343 
4037 1761 2692 2813 2978 9344 9345 
4038 2852 1049 2898 9346 9347 4623 
4039 2125 2126 2392 9348 9349 9350 
4040 1475 2421 2760 3633 9351 9352 
4041 1860 809 2546 8904 8933 9353 
4042 858 867 2649 6068 9354 9355 
4043 1646 1644 2566 8164 9356 9357 
4044 1174 1245 2563 7983 9358 9359 
4045 1439 1437 2564 8006 9360 9361 
4046 2440 1754 2863 6135 9339 8971 
4047 1922 2367 2712 6881 8142 9362 
4048 1883 1643 2506 8755 9304 9363 
4049 2057 691 2716 5360 9364 9365 
4050 1981 1980 2864 4856 4870 3954 
4051 1741 1744 2598 8130 9366 8847 
4052 1545 2153 2789 9367 9368 3845 
4053 1677 1679 2569 8026 9369 9370 
4054 1565 1568 2776 7834 9371 9372 
4055 1182 1180 2571 8055 9373 9374 
4056 1856 1857 2785 8922 9375 3509 
4057 1804 2797 2944 8293 9376 8389 
4058 1035 1042 2576 8145 9377 9378 
4059 2623 2867 2889 9379 9380 9381 
4060 2108 1361 2478 9382 8409 9320 
4061 1558 1557 1559 5167 5603 9140 
4062 823 1163 2543 8974 8464 9177 
4063 2510 696 2806 5683 9247 4839 
4064 1024 1158 2540 8924 5888 9194 
4065 1527 1863 2524 9163 3709 9383 
4066 1038 902 2840 8850 9384 3521 
4067 2538 1632 2858 9385 5755 3382 
4068 736 170 2654 7744 8502 3140 
4069 2617 1854 2724 8654 9386 9387 
4070 2133 1708 2584 9034 9246 9258 
4071 1950 1887 2829 4823 4091 5065 
4072 1625 2282 2687 6569 9388 9389 
4073 1728 1730 2655 7734 9390 9391 
4074 1528 1515 2556 9178 8930 8786 
4075 2020 2019 2021 9392 9393 9394 
4076 1638 1286 2600 8768 9395 8943 
4077 1119 1287 2596 8278 9396 9019 
4078 992 1167 2519 8647 9397 9240 
4079 1821 2567 2876 5797 9398 5670 
4080 1933 1932 2856 4743 9030 9399 
4081 2472 1176 2724 5320 9400 3949 
4082 2013 2830 2871 3433 8486 9401 
4083 1921 1922 2712 7418 9362 4989 
4084 1516 2533 2556 9268 9402 8929 
4085 2574 1869 2802 3981 8914 9403 
4086 1758 2492 2577 9189 7898 9404 
4087 1711 1713 2645 7953 9405 9406 
4088 693 2495 2741 5708 3930 9407 
4089 1198 785 2573 9187 9041 8078 
4090 2444 858 2649 5526 9355 8351 
4091 1878 1794 2642 8386 9408 9409 
4092 3 143 2874 200 9410 9411 
4093 1433 1259 2580 9192 9102 9412 
4094 66 2 2873 125 9413 9414 
4095 1946 1943 2914 6378 9415 8482 
4096 1167 994 2541 8646 9285 3893 
4097 2000 1760 2750 5444 8632 8241 
4098 1857 1811 2562 8921 9132 8473 
4099 261 711 2641 5523 9416 8237 
4100 1494 1499 2673 8593 8605 9417 
4101 1756 985 2545 9036 8964 9418 
4102 2923 1532 2930 9419 9420 9421 
4103 1839 1953 2854 4922 5208 5761 
4104 1444 1442 2579 8202 9422 9423 
4105 1788 1429 2599 8803 9424 3899 
4106 887 889 2578 8201 9425 9426 
4107 2503 1785 2732 8862 9427 9428 
4108 982 1458 2597 9092 9117 9217 
4109 1864 2150 2844 5038 9429 5061 
4110 1699 1762 2580 8888 9430 9309 
4111 2523 1527 2524 9337 9383 3862 
4112 1779 2508 2801 5839 9431 9432 
4113 162 2637 2683 9282 6091 9433 
4114 2335 2021 2336 9434 4885 9435 
4115 2914 1943 2932 9415 9436 9437 
4116 751 132 2535 8576 9063 9438 
4117 2588 1956 2720 9049 4044 9439 
4118 127 752 2537 8585 4367 9073 
4119 751 2535 2544 9438 9440 9441 
4120 2681 2436 2817 9442 8772 9443 
4121 2474 1473 2752 8166 9293 3549 
4122 1730 1735 2655 8530 9444 9390 
4123 2703 1899 2855 3332 9445 5677 
4124 2494 1696 2707 7820 7989 9446 
4125 1790 1889 2811 8657 9447 4627 
4126 2169 2503 2732 7980 9428 9448 
4127 1435 1632 2538 8793 9385 9233 
4128 1727 2633 2749 9115 3384 9449 
4129 1671 1771 2533 8758 9450 9267 
4130 802 788 2548 8744 9306 9265 
4131 2867 1840 2889 9451 9452 9380 
4132 1068 1069 2818 8071 9453 5978 
4133 740 2616 2904 3666 9454 9135 
4134 1190 1951 2827 5154 9455 9456 
4135 1932 1070 2858 5052 3278 9031 
4136 2479 1711 2645 8606 9406 3962 
4137 1757 2382 2665 6751 8553 8552 
4138 826 829 2536 8775 9457 9276 
4139 2667 947 2846 8507 4822 9458 
4140 2162 1522 2861 6000 9459 9225 
4141 808 2588 2720 9460 9439 9279 
4142 1644 1660 2566 9152 9181 9356 
4143 1943 1941 2932 6278 9461 9436 
4144 800 804 2588 8266 9462 9463 
4145 2577 722 2601 8513 3532 9464 
4146 2932 1941 2945 9461 9465 9466 
4147 1248 1389 2558 8982 7975 9467 
4148 1738 1740 2587 8290 3933 9468 
4149 1446 1444 2585 8270 9469 9470 
4150 2513 1027 2554 8779 9325 4831 
4151 1768 2061 2781 7948 8446 9471 
4152 2558 1790 2708 7974 4057 9472 
4153 2507 1947 2680 8668 4857 9290 
4154 1207 1168 2547 9207 9241 8801 
4155 996 1045 2541 8778 3361 9284 
4156 1650 1648 2590 8289 9473 9474 
4157 1748 2401 2670 7637 8569 8570 
4158 836 838 2656 8088 9475 9476 
4159 1982 2655 2672 9477 9478 7841 
4160 1258 1791 2589 8891 9479 9480 
4161 1045 998 2555 8777 9328 2997 
4162 1031 1035 2659 8036 9481 9482 
4163 2639 2276 2882 3605 9017 9483 
4164 1268 869 2557 8784 9333 9484 
4165 1371 1693 2602 8735 9485 9486 
4166 1703 1637 2601 8743 9487 3456 
4167 1396 1247 2558 8705 9488 9489 
4168 1684 1686 2634 8318 9490 9491 
4169 2165 733 2621 4194 9492 9493 
4170 2040 2041 2661 8069 3017 8297 
4171 765 764 2619 8598 9494 9495 
4172 886 834 2664 9103 9496 8427 
4173 1121 1780 2600 9055 8670 9497 
4174 1401 1807 2671 9130 9498 9499 
4175 1111 1145 2586 8487 9500 9501 
4176 2176 2179 2675 6396 9253 3544 
4177 790 1178 2548 8831 4683 9305 
4178 2679 1858 2763 9502 8996 9503 
4179 2150 1844 2694 5384 9295 9504 
4180 1279 1752 2599 9086 3640 9505 
4181 2622 1519 2623 9506 9507 9508 
4182 2034 2035 2942 5347 9509 9223 
4183 1507 1271 2589 9120 9510 9511 
4184 1808 1400 2498 8841 9512 3989 
4185 2087 1789 2808 4262 9513 4578 
4186 1532 1174 2563 8838 9359 9514 
4187 2804 2475 2928 9342 9319 9515 
4188 2153 1545 2780 9367 4826 8370 
4189 1029 1058 2554 8865 4386 9324 
4190 2535 756 2544 9516 3526 9440 
4191 1441 1968 2831 4801 8014 9517 
4192 1176 2617 2724 8545 9387 9400 
4193 133 3 2874 142 9411 9518 
4194 2 126 2873 134 9519 9413 
4195 1000 1193 2555 8870 9520 9327 
4196 1391 1753 2593 9048 3079 9326 
4197 1824 1677 2569 8856 9370 9521 
4198 880 878 2561 8881 9331 3814 
4199 1941 1800 2945 5791 7766 9465 
4200 2164 1499 2862 8604 4914 9522 
4201 1891 2518 2646 8236 9523 9238 
4202 873 880 2557 8882 4518 9332 
4203 1120 1121 2600 8837 9497 9524 
4204 1633 2480 2667 8010 9525 9248 
4205 1088 1086 2225 7602 9526 9527 
4206 1432 1088 2225 7572 9527 5696 
4207 744 2802 2851 9528 9529 9530 
4208 2018 2019 2020 5221 9392 9531 
4209 161 162 2683 219 9433 8648 
4210 1180 1365 2571 8874 3434 9373 
4211 1568 2412 2776 9532 9533 9371 
4212 794 2525 2809 3678 9229 9534 
4213 1247 1248 2558 9196 9467 9488 
4214 1658 1652 2581 9096 9341 8998 
4215 26 27 2702 85 7729 3345 
4216 1243 1279 2599 8880 9505 9535 
4217 2892 2083 2898 5140 4624 9043 
4218 1842 2592 2850 9165 3358 9536 
4219 1966 1703 2774 5976 9321 9261 
4220 1245 1394 2563 8920 5596 9358 
4221 1134 1113 2336 9537 9538 9539 
4222 1657 1646 2566 8989 9357 9540 
4223 1661 1439 2564 8931 9361 9541 
4224 2126 2391 2392 7862 6510 9349 
4225 1451 1449 2606 8465 9542 9543 
4226 1679 1682 2569 8957 4618 9369 
4227 1508 1182 2571 8975 9374 9544 
4228 834 836 2664 8027 9545 9496 
4229 1042 1084 2576 9009 9260 9377 
4230 1089 1872 2225 6158 9274 9546 
4231 1824 2569 2603 9521 3805 3484 
4232 1713 1995 2645 8909 8186 9405 
4233 1271 1165 2589 9061 9547 9510 
4234 2550 984 2833 8662 9548 9549 
4235 1794 1823 2643 9124 5372 9550 
4236 1750 2046 2709 4969 8543 8509 
4237 2312 2621 2780 3174 9551 9552 
4238 1772 2695 2764 9553 3353 3048 
4239 1766 2436 2681 5915 9442 8514 
4240 2480 2232 2667 8170 8508 9525 
4241 1807 2053 2782 9199 4910 9554 
4242 2033 1487 2622 8984 9555 9556 
4243 1795 1705 2660 9065 9557 9558 
4244 1442 1661 2579 8932 9559 9422 
4245 1745 1743 2740 6233 8426 8339 
4246 783 1197 2620 8994 5647 9560 
4247 1867 1663 2797 5012 9561 9562 
4248 2154 803 2912 3093 9563 5202 
4249 1287 1764 2596 9093 9564 9396 
4250 889 903 2578 9027 9244 9425 
4251 852 856 2618 8997 8189 9565 
4252 1764 1829 2640 9054 5244 9566 
4253 1058 1031 2659 8864 9482 4172 
4254 1012 1014 2609 8539 9567 9568 
4255 1873 1719 2674 9211 8200 3753 
4256 1744 1769 2598 9056 9569 9366 
4257 2507 1268 2557 9289 9484 4625 
4258 1181 1183 2798 5719 5472 5443 
4259 2464 1853 2769 5747 9570 5339 
4260 1145 1376 2586 9109 8728 9500 
4261 1758 2577 2601 9404 9464 9571 
4262 1465 1366 2678 9025 9572 9573 
4263 2075 2074 2930 5413 9574 9575 
4264 1786 1959 2875 6227 4468 5369 
4265 1866 2450 2651 8663 3134 9576 
4266 2482 1850 2553 8811 9577 9578 
4267 804 1201 2588 9070 9050 9462 
4268 1910 1908 2700 5665 3034 3731 
4269 1695 1446 2585 9071 9470 8814 
4270 1437 2538 2564 9234 3381 9360 
4271 725 2489 2647 9312 9579 3875 
4272 846 848 2612 8587 9580 9581 
4273 2057 2716 2767 9365 3861 9582 
4274 1016 1049 2610 9067 9231 9583 
4275 1686 1803 2634 9083 9584 9490 
4276 1165 1258 2589 8908 9480 9547 
4277 779 803 2614 9076 3095 9585 
4278 808 800 2588 8978 9463 9460 
4279 2011 1103 2890 4423 5924 9586 
4280 838 877 2656 8980 8503 9475 
4281 1763 1738 2587 9003 9468 8753 
4282 848 1202 2612 9079 2995 9580 
4283 777 779 2614 8608 9585 9587 
4284 867 1268 2649 8785 9588 9354 
4285 1868 1451 2606 9106 9543 9589 
4286 1798 2515 2823 8379 9590 4054 
4287 1992 2550 2833 4240 9549 3128 
4288 1648 1657 2590 8990 9591 9473 
4289 2329 2482 2553 5433 9578 9592 
4290 1507 2589 2746 9511 9593 9594 
4291 1562 1563 2776 9595 9596 9597 
4292 193 194 2731 251 4837 4616 
4293 1014 1016 2610 8621 9583 9598 
4294 2124 749 2125 6012 9599 9600 
4295 1493 1494 2673 8096 9417 9601 
4296 2098 2634 2751 9602 9603 8740 
4297 1519 1276 2629 9068 9604 9605 
4298 2518 2002 2646 7870 4302 9523 
4299 1006 1008 2713 8252 8506 9606 
4300 2190 2191 2453 9607 9608 2951 
4301 729 53 2696 7778 8676 3671 
4302 1403 1694 2753 5449 9243 8752 
4303 2451 716 2663 3569 8627 8225 
4304 2456 1704 2880 4200 9609 5240 
4305 1762 1927 2666 9208 4292 9610 
4306 2185 2189 2190 7660 9611 9612 
4307 1759 1401 2671 8011 9499 3811 
4308 1429 1243 2599 9121 9535 9424 
4309 1707 1371 2602 9184 9486 8642 
4310 1637 1758 2601 9183 9571 9487 
4311 1286 1120 2600 9154 9524 9395 
4312 1819 2151 2909 4485 5515 8325 
4313 1533 1534 2899 8256 9613 8138 
4314 1736 1763 2699 9004 4523 9614 
4315 767 769 2632 9210 8902 9615 
4316 850 852 2618 8738 9565 9616 
4317 1449 1695 2606 9072 9617 9542 
4318 781 783 2620 8750 9560 9618 
4319 1264 2527 2839 3446 8568 9619 
4320 2740 1746 2910 8425 3513 9620 
4321 1487 1363 2622 8759 9621 9555 
4322 1667 2228 2685 7502 3866 9310 
4323 1731 1726 2800 8623 9622 3366 
4324 2415 744 2851 7824 9530 4582 
4325 1460 1815 2769 8969 5340 9623 
4326 1276 1233 2629 8615 9624 9604 
4327 715 14 2916 5381 8038 4162 
4328 1062 1012 2609 9084 9568 4130 
4329 2742 2190 2743 3418 9625 9315 
4330 2173 1755 2705 4526 3764 9626 
4331 1560 2173 2705 5828 9626 3830 
4332 2467 1628 2708 9018 9627 4056 
4333 2045 2536 2707 8195 9628 7988 
4334 1128 1111 2586 9250 9501 9629 
4335 855 846 2612 9094 9581 3059 
4336 692 2058 2782 5070 9630 4909 
4337 1254 777 2614 9107 9587 5739 
4338 1812 2458 2758 8309 5018 9631 
4339 1363 1519 2622 9069 9506 9621 
4340 2161 1641 2788 5844 7856 8843 
4341 803 781 2620 9075 9618 9632 
4342 1885 1884 2668 8723 9633 3030 
4343 1202 850 2618 9078 9616 3735 
4344 764 767 2619 9193 9634 9494 
4345 792 794 2809 7976 9534 9635 
4346 898 2597 2744 9111 9636 9637 
4347 1366 1373 2678 7971 3386 9572 
4348 697 2458 2832 5499 8311 9638 
4349 1954 1955 2913 5819 9639 9640 
4350 2589 1791 2746 9479 9641 9593 
4351 2561 887 2578 9330 9426 4453 
4352 705 2567 2700 9642 3699 3530 
4353 1805 1721 2698 9168 9643 5613 
4354 2090 199 2759 6045 8476 8053 
4355 2785 1857 2895 9375 9644 9645 
4356 60 61 2710 119 8770 8434 
4357 1771 1673 2757 8757 9646 8412 
4358 1033 2530 2847 4347 9647 9648 
4359 902 2744 2840 8938 9649 9384 
4360 48 49 2715 107 8776 9650 
4361 2581 1650 2590 9340 9474 9651 
4362 2337 1156 2349 9221 7434 9652 
4363 721 192 2799 5378 8365 9653 
4364 1850 1849 2553 3229 8438 9577 
4365 892 2623 2889 8949 9381 8294 
4366 1882 1638 2677 8799 8944 6196 
4367 1035 2576 2659 9378 7865 9481 
4368 2582 1826 2718 4245 9654 3210 
4369 1071 2511 2650 4478 5628 9176 
4370 2282 1781 2721 6888 8749 9655 
4371 2551 1906 2842 3097 9656 7936 
4372 1089 1132 1261 9657 9287 6157 
4373 2488 1483 2775 8945 9658 9659 
4374 2642 1794 2643 9408 9550 8469 
4375 2082 2057 2767 5338 9582 8000 
4376 1961 2164 2862 5572 9522 4348 
4377 1444 2579 2585 9423 9660 9469 
4378 1233 2496 2629 9195 8783 9624 
4379 1162 1377 1393 9661 8175 9317 
4380 2695 1772 2722 9553 9662 9663 
4381 775 1254 2727 9108 9336 9664 
4382 2102 2504 2920 6231 9271 8490 
4383 1934 1521 2711 9218 9665 9666 
4384 2122 1832 2726 6371 8771 3066 
4385 702 2584 2725 9259 8347 8155 
4386 1729 1727 2749 5957 9449 8707 
4387 2534 1933 2856 3607 9399 9667 
4388 1803 1851 2751 9212 9668 9669 
4389 1892 2646 2784 9239 7810 9670 
4390 2403 2226 2729 7663 8459 8766 
4391 1838 1835 2737 8114 8730 3817 
4392 1986 1914 2788 4383 9237 8871 
4393 1152 1154 2693 9119 8725 9671 
4394 2126 749 2165 9672 5536 9673 
4395 2530 1193 2847 4283 9674 9647 
4396 2136 2657 2658 8675 3213 9675 
4397 2328 2329 2553 9676 9592 3464 
4398 2597 1878 2744 9116 9677 9636 
4399 1772 1751 2722 8893 9678 9662 
4400 718 265 2938 5496 8264 9679 
4401 2022 1957 2915 3636 9680 9681 
4402 1955 2469 2913 3843 9682 9639 
4403 798 771 2706 9051 9683 9251 
4404 2021 2335 2337 9434 9222 9684 
4405 1853 1459 2769 8651 9685 9570 
4406 2071 1799 2739 6047 8936 8516 
4407 743 2721 2773 9255 8868 9686 
4408 2509 1485 2826 3623 9687 9688 
4409 16 723 2821 5379 9689 8373 
4410 744 2574 2802 8897 9403 9528 
4411 2069 2509 2826 8400 9688 7943 
4412 1675 1824 2757 8857 9166 9690 
4413 2191 2189 2192 9691 4645 9692 
4414 2915 1957 2924 9680 9693 5558 
4415 2086 1464 2866 4840 5962 3302 
4416 2543 2445 2714 8463 9694 9695 
4417 1780 2626 2677 4445 3744 8671 
4418 1785 1874 2732 9059 3828 9427 
4419 173 174 2804 231 9343 8206 
4420 2140 1759 2725 7771 8683 8346 
4421 1989 2439 2807 5455 9696 8488 
4422 836 2656 2664 9476 3451 9545 
4423 2655 1735 2672 9444 9697 9478 
4424 1884 1883 2871 9179 9698 8485 
4425 1394 2839 2872 9699 8330 9172 
4426 1262 1264 2839 8192 9619 9700 
4427 1188 1186 2863 8332 8972 9701 
4428 48 2715 2768 9650 5315 9702 
4429 877 840 2734 8979 9703 9704 
4430 2545 1266 2717 9308 9705 9706 
4431 1167 2143 2824 3892 3856 9707 
4432 2750 1829 2818 5245 9708 9709 
4433 9 2092 2735 5556 8402 7685 
4434 890 898 2744 5195 9637 8937 
4435 1481 1307 1482 9710 3060 5709 
4436 1517 1786 2763 5729 5368 8995 
4437 1519 2629 2867 9605 9711 9712 
4438 2778 2011 2890 9713 9586 9714 
4439 1690 2148 2697 5701 9715 9205 
4440 802 2447 2884 8708 5046 9716 
4441 711 2467 2811 3573 4628 9717 
4442 1773 1774 2770 9201 9718 9719 
4443 1797 2778 2890 9720 9714 9721 
4444 196 197 2786 254 7840 4747 
4445 1823 1756 2717 9123 9722 9723 
4446 1735 1736 2699 8643 9614 9724 
4447 782 780 2796 8136 7914 3703 
4448 2265 2266 2755 7334 9725 8817 
4449 2649 1268 2680 9588 9291 8717 
4450 1866 2651 2803 9576 9726 9727 
4451 2803 2651 2881 9726 9245 9728 
4452 1756 2545 2717 9418 9706 9722 
4453 1086 1087 1089 7599 9729 9730 
4454 2609 1014 2610 9567 9598 3479 
4455 819 2543 2714 8955 9695 9731 
4456 2648 1625 2687 5270 9389 9732 
4457 1845 2001 2825 5056 7918 9733 
4458 2125 2393 2885 9734 9735 9736 
4459 2647 2489 2925 9579 9737 9738 
4460 2185 2190 2412 9612 3417 9739 
4461 2687 2282 2721 9388 9655 9254 
4462 1752 1281 2760 9085 9740 9741 
4463 2694 703 2812 3609 3706 9742 
4464 1208 1152 2693 8884 9671 8228 
4465 1721 2428 2698 8626 6109 9643 
4466 1433 2580 2730 9412 9743 9744 
4467 2619 767 2632 9634 9615 8393 
4468 2144 718 2888 3632 9745 5294 
4469 746 2521 2666 8699 5699 4291 
4470 1193 1002 2847 8869 9746 9674 
4471 2629 2437 2867 8782 9747 9711 
4472 1457 2178 2688 5238 5695 9748 
4473 1431 1789 2775 9191 4521 9749 
4474 2177 1107 2688 3588 9750 5694 
4475 2546 1160 2719 9266 9751 9752 
4476 1682 1681 2794 8956 9753 4126 
4477 1791 1937 2746 8960 9754 9641 
4478 1186 1184 2927 8262 9755 9159 
4479 1828 2031 2859 8129 9299 9756 
4480 47 48 2768 106 9702 8892 
4481 2672 1735 2699 9697 9724 7842 
4482 2714 2445 2946 9694 9757 9758 
4483 2893 23 2906 9759 9760 4125 
4484 1724 2714 2946 9761 9758 9762 
4485 691 2471 2825 8554 9763 9764 
4486 844 855 2940 9095 8556 9765 
4487 32 33 2883 91 8084 8003 
4488 1004 1033 2847 8967 9648 9766 
4489 771 772 2706 8911 9767 9683 
4490 2119 1558 2451 9768 9141 8224 
4491 1837 1847 2865 8704 3971 9769 
4492 159 160 2772 217 8899 9770 
4493 1818 2495 2849 3616 4300 9771 
4494 1215 2020 2337 3976 9772 9773 
4495 698 1920 2783 5769 3919 5316 
4496 148 743 2773 7755 9686 8867 
4497 1485 1461 2826 8848 9774 9687 
4498 2150 2812 2844 9775 5104 9429 
4499 1858 2679 2777 9502 4436 5129 
4500 1913 1986 2919 4384 8721 4414 
4501 2755 2266 2793 9725 9776 9215 
4502 751 2544 2925 9441 5219 9777 
4503 851 849 2921 8118 7923 8185 
4504 1628 1396 2708 8751 9778 9627 
4505 2559 1752 2760 8025 9741 9779 
4506 1894 1892 2784 6186 9670 3000 
4507 2412 979 2776 9780 4286 9533 
4508 2123 1812 2894 5620 9781 8453 
4509 2491 1855 2728 8104 8685 8440 
4510 2580 1762 2730 9430 9782 9743 
4511 2536 829 2707 9457 9783 9628 
4512 1849 1131 2229 9784 7548 3280 
4513 2653 2024 2860 5007 7831 9142 
4514 1860 2546 2719 9353 9752 9785 
4515 2438 731 2891 7965 9786 9787 
4516 984 950 2833 4734 5850 9548 
4517 1033 1006 2713 8966 9606 9788 
4518 1396 2558 2708 9489 9472 9778 
4519 2640 1954 2787 8927 9789 9790 
4520 1724 2531 2714 8493 9791 9761 
4521 1521 1754 2711 8468 4146 9665 
4522 1792 1476 2922 9209 9792 5890 
4523 1728 2655 2800 9391 9793 9794 
4524 1504 2042 2823 8203 2983 9795 
4525 1796 2690 2738 3715 4794 9796 
4526 2109 277 2735 6265 8015 8401 
4527 2751 1851 2821 9668 9797 9798 
4528 1215 2337 2349 9773 9652 7411 
4529 184 712 2815 5388 9799 8368 
4530 772 775 2727 8457 9664 9800 
4531 2051 2682 2931 4898 9801 9802 
4532 1118 2013 2871 6149 9401 9803 
4533 1226 2018 2020 9804 9531 4060 
4534 2138 2438 2891 7843 9787 8600 
4535 829 2494 2707 9081 9446 9783 
4536 2147 1827 2853 8157 9805 9806 
4537 2660 1705 2747 9557 9807 9808 
4538 2052 2051 2931 8116 9802 4851 
4539 2107 1525 2108 3719 4161 7994 
4540 2531 819 2714 9077 9731 9791 
4541 1266 1512 2717 9171 9809 9705 
4542 1751 1816 2722 9114 4525 9678 
4543 23 24 2906 82 7813 9760 
4544 1462 2514 2669 9286 3794 4210 
4545 1056 2169 2732 5664 9448 3827 
4546 2111 1818 2849 6245 9771 5356 
4547 1072 1107 2790 7496 3404 8894 
4548 258 2110 2759 5688 8054 8495 
4549 1854 1856 2724 8678 3950 9386 
4550 2459 1254 2929 9335 8162 9810 
4551 714 195 2917 5375 8296 3886 
4552 2719 1463 2828 9157 8210 9811 
4553 840 842 2734 8280 9812 9703 
4554 1508 2571 2897 9544 3436 5644 
4555 22 23 2893 81 9759 8094 
4556 159 2772 2822 9770 9129 9813 
4557 1673 1675 2757 7731 9690 9646 
4558 2453 2191 2454 9608 8567 7791 
4559 1948 1842 2850 6209 9536 3089 
4560 1466 1399 2764 8461 4079 4202 
4561 2565 1994 2870 3149 7837 9814 
4562 2616 2240 2904 9188 5882 9454 
4563 1160 1204 2719 9197 9158 9751 
4564 1870 2647 2925 9307 9738 5218 
4565 704 2161 2819 5469 8845 8612 
4566 2266 2274 2793 6688 8907 9776 
4567 1876 1924 2805 5687 4059 9815 
4568 1705 1797 2747 8433 9816 9807 
4569 1018 1020 2898 8762 9044 9817 
4570 2437 1840 2867 7739 9451 9747 
4571 1522 1796 2861 5990 9818 9459 
4572 1782 2302 2802 7419 9819 8913 
4573 2542 1532 2923 8693 9419 9820 
4574 2074 2923 2930 4462 9421 9574 
4575 2148 1049 2852 9230 9346 9821 
4576 2008 2488 2775 5028 9659 4520 
4577 1162 1108 1377 9822 8790 9661 
4578 2471 1845 2825 7721 9733 9763 
4579 2590 1657 2689 9591 9823 9824 
4580 2515 1504 2823 5910 9795 9590 
4581 1809 2491 2832 7887 9825 8544 
4582 1554 2119 2325 9826 8835 7116 
4583 143 756 2874 7747 9827 9410 
4584 2216 2220 2814 6425 9828 8928 
4585 2416 2648 2687 9334 9732 8697 
4586 755 66 2873 7783 9414 9829 
4587 2025 2542 2923 7991 9820 4151 
4588 1774 1433 2730 9200 9744 5197 
4589 2711 1929 2835 4145 8806 9830 
4590 1841 2667 2846 9249 9458 9831 
4591 2706 772 2727 9767 9800 4029 
4592 1774 2662 2770 8375 9832 9718 
4593 2491 697 2832 8439 9638 9825 
4594 1684 2634 2794 9491 9833 9834 
4595 2190 2249 2743 2950 8665 9625 
4596 2539 1779 2801 3921 9432 9262 
4597 158 159 2822 216 9813 9038 
4598 2505 1203 2756 8420 9273 3952 
4599 2658 877 2734 3006 9704 9835 
4600 1906 1903 2842 5772 3968 9656 
4601 2638 1179 2945 5821 9836 7765 
4602 2520 693 2741 5188 9407 5182 
4603 1524 2142 2859 5419 9837 9298 
4604 2802 2302 2851 9819 9838 9529 
4605 1995 1996 2731 8712 4617 4189 
4606 2084 2515 2753 8496 8381 9242 
4607 1762 2666 2730 9610 5700 9782 
4608 2620 2078 2912 5646 5203 9839 
4609 1764 2640 2787 9566 9790 9840 
4610 1694 2066 2845 5874 4258 3601 
4611 1888 1507 2746 9198 9594 9841 
4612 1400 1132 2498 9288 9272 9512 
4613 2439 2440 2807 6136 9842 9696 
4614 1726 1728 2800 7693 9794 9622 
4615 58 727 2834 7777 9843 9021 
4616 2497 1255 2918 2971 4988 9844 
4617 1281 1475 2760 8481 9352 9740 
4618 2073 2689 2792 8941 9845 8875 
4619 2692 1793 2813 9846 9847 9344 
4620 2060 1843 2841 6318 9848 8322 
4621 1484 2106 2877 5692 5442 8039 
4622 1568 2185 2412 7684 9739 9532 
4623 1770 1768 2781 9007 9471 7896 
4624 2174 1841 2846 6286 9831 9000 
4625 1802 2697 2797 9206 9849 8292 
4626 1526 2147 2853 6070 9806 5685 
4627 1952 2556 2779 8787 9850 4013 
4628 1984 2660 2747 5451 9808 5777 
4629 1899 1898 2855 6138 6264 9445 
4630 752 2490 2712 9313 4990 8141 
4631 2302 1871 2851 7281 4583 9838 
4632 2455 1284 2869 5487 9851 5067 
4633 2486 1795 2943 3317 9852 3392 
4634 2020 2021 2337 9394 9684 9772 
4635 2691 1793 2692 8719 9846 9202 
4636 1880 1825 2857 7443 9001 9853 
4637 1531 1358 2935 8520 8564 5845 
4638 2032 2033 2766 8985 4714 3440 
4639 2563 2075 2930 5595 9575 9854 
4640 2448 1912 2820 8357 3087 4381 
4641 2598 1769 2886 9569 9855 9856 
4642 765 2619 2709 9495 5781 8542 
4643 2787 1954 2913 9789 9640 9857 
4644 1889 1773 2770 8656 9719 4103 
4645 1106 1108 1162 7509 9822 9858 
4646 1936 2679 2763 5107 9503 5567 
4647 892 2723 2937 9296 9859 8950 
4648 1793 1128 2813 8977 9860 9847 
4649 2275 2327 2882 7059 5682 9016 
4650 1483 1431 2775 8687 9749 9658 
4651 1692 1564 2789 8018 9861 9862 
4652 1179 2932 2945 9863 9466 9836 
4653 1459 1460 2769 9203 9623 9685 
4654 728 2639 2882 9302 9483 5681 
4655 1838 2497 2918 3816 9844 9864 
4656 1938 1792 2754 9219 5889 3641 
4657 2063 2598 2886 5877 9856 9303 
4658 2103 2519 2824 5552 9865 4571 
4659 2285 2286 2896 7060 3116 9012 
4660 1847 1838 2918 8703 9864 9235 
4661 2765 1057 2926 8560 9866 9867 
4662 2227 1542 2914 7566 8108 9868 
4663 156 157 2904 214 9136 5881 
4664 1572 1570 2920 7673 8491 8991 
4665 2227 2914 2932 9868 9437 9869 
4666 1137 2596 2787 8512 9870 9871 
4667 168 169 2911 226 9131 8533 
4668 2469 1137 2913 5676 9872 9682 
4669 1179 2227 2932 6455 9869 9863 
4670 1089 1087 1132 9729 5420 9657 
4671 1284 2549 2869 8948 9873 9851 
4672 1826 2701 2718 9186 9874 9654 
4673 701 2695 2722 8523 9663 4544 
4674 1688 1779 2795 8121 5380 8789 
4675 2822 1880 2857 9128 9853 9281 
4676 741 155 2941 7763 9015 3275 
4677 2021 2019 2928 9393 9875 8092 
4678 1840 1971 2889 8574 8295 9452 
4679 1134 2336 2931 9539 4852 9876 
4680 1493 2673 2801 9601 9263 9877 
4681 1865 1866 2803 8399 9727 8163 
4682 1979 2698 2936 5614 8641 5832 
4683 1681 1684 2794 8235 9834 9753 
4684 1512 2523 2907 9175 9878 9879 
4685 1661 2564 2733 9541 2967 9880 
4686 1788 2560 2808 3898 5139 9881 
4687 727 2793 2834 9216 9314 9843 
4688 2136 2658 2734 9675 9835 9882 
4689 2689 1657 2792 9823 9883 9845 
4690 1226 1227 2018 5335 9884 9804 
4691 2586 1761 2813 8727 9345 9885 
4692 2533 1771 2762 9450 3246 9886 
4693 1178 792 2809 8830 9635 3297 
4694 2594 2022 2915 9257 9681 9887 
4695 1470 2473 2936 5703 5854 8640 
4696 2421 2559 2760 9297 9779 9351 
4697 2716 691 2825 9364 9764 7917 
4698 2671 1807 2782 9498 9554 9888 
4699 1749 2595 2919 8726 4733 8720 
4700 1378 1307 1481 3724 9710 3682 
4701 2697 1867 2797 9889 9562 9849 
4702 1889 2641 2811 3336 9890 9447 
4703 2746 1937 2878 9754 9891 9892 
4704 2556 2533 2779 9402 9893 9850 
4705 705 2608 2876 8019 5826 9894 
4706 2540 2064 2892 5887 5141 9895 
4707 1474 1510 2902 5406 3738 9283 
4708 2641 711 2811 9416 9717 9890 
4709 1827 1848 2853 9896 8714 9805 
4710 1661 2733 2765 9880 9897 9898 
4711 1843 2608 2841 5825 4144 9848 
4712 1137 2787 2913 9871 9857 9872 
4713 2662 753 2770 9153 4104 9832 
4714 2602 1693 2748 9485 9899 4197 
4715 1817 2459 2929 6199 9810 9900 
4716 2634 1803 2751 9584 9669 9603 
4717 2655 1982 2800 9477 3367 9793 
4718 1704 1817 2880 6189 8183 9609 
4719 1797 2581 2778 8999 9901 9720 
4720 2744 1878 2840 9677 9902 9649 
4721 2701 708 2718 3612 8271 9874 
4722 723 2751 2821 8741 9798 9689 
4723 1563 1564 1565 9903 8731 9904 
4724 1107 1106 2688 7495 9905 9750 
4725 2191 2192 2193 9692 5148 8565 
4726 757 2505 2843 8216 4111 4011 
4727 2572 1823 2907 5371 9906 9907 
4728 2579 1661 2765 9559 9898 9908 
4729 1860 2719 2828 9785 9811 9909 
4730 2445 1852 2946 7958 9910 9757 
4731 1888 2746 2878 9841 9892 8359 
4732 2514 1724 2946 8679 9762 9911 
4733 1002 1004 2847 8050 9766 9746 
4734 2508 1493 2801 9280 9877 9431 
4735 1461 1462 2826 9151 7944 9774 
4736 1441 2831 2870 9517 8667 7836 
4737 1926 2594 2915 9912 9887 5557 
4738 1564 1356 2789 9913 3619 9861 
4739 1861 1860 2828 9213 9909 9914 
4740 1394 1262 2839 8919 9700 9699 
4741 2660 1022 2943 5450 3393 9915 
4742 1836 2446 2827 8788 9916 9917 
4743 2523 2572 2907 3864 9907 9878 
4744 2634 2098 2794 9602 4127 9833 
4745 2389 2390 2583 7532 9918 4472 
4746 1789 1788 2808 9190 9881 9513 
4747 1663 1918 2944 8532 5325 9919 
4748 1377 2638 2691 8791 5116 8366 
4749 1370 1188 2863 9087 9701 9338 
4750 2566 1885 2792 9180 8876 9920 
4751 2606 1695 2771 9617 5555 9921 
4752 2734 842 2940 9812 9922 9923 
4753 1970 2668 2830 8732 9924 3430 
4754 1852 2514 2946 3792 9911 9910 
4755 2446 1837 2865 8586 9769 9925 
4756 2549 2065 2869 7852 7964 9873 
4757 1937 1938 2838 9220 6089 9926 
4758 2567 705 2876 9642 9894 9398 
4759 1769 2511 2886 9204 5474 9855 
4760 2668 1884 2830 9633 8484 9924 
4761 1910 2565 2870 3730 9814 8666 
4762 1465 2678 2805 9573 9927 9300 
4763 721 2799 2837 9653 5616 3420 
4764 1851 1974 2848 9014 9928 9929 
4765 1086 1089 2225 9730 9546 9526 
4766 2142 2761 2859 5253 9930 9837 
4767 2485 1627 2860 8965 9143 8652 
4768 2623 1519 2867 9507 9712 9379 
4769 2519 1167 2824 9397 9707 9865 
4770 2228 1432 2908 6478 9931 9932 
4771 1632 2534 2856 8548 9667 5753 
4772 1534 1731 2899 8624 9256 9613 
4773 1829 2522 2818 9294 5979 9708 
4774 1693 2686 2748 8925 9933 9899 
4775 2136 2734 2940 9882 9923 8555 
4776 2581 2590 2778 9651 9934 9901 
4777 1878 2642 2840 9409 3522 9902 
4778 2058 2671 2782 4581 9888 9630 
4779 2506 2017 2810 9323 8082 9935 
4780 2512 1806 2901 8460 9936 7796 
4781 1112 2785 2895 9329 9645 5744 
4782 2636 1859 2934 8614 8274 9937 
4783 756 2535 2874 9516 9938 9827 
4784 2537 755 2873 5206 9829 9939 
4785 1476 1531 2922 8521 3897 9792 
4786 416 2636 2934 9270 9937 4488 
4787 1861 2828 2924 9914 9232 9940 
4788 2533 2762 2779 9886 9941 9893 
4789 1657 2566 2792 9540 9920 9883 
4790 1184 1508 2927 8976 9942 9755 
4791 1049 1018 2898 9066 9817 9347 
4792 2594 1926 2837 9912 4430 4620 
4793 2126 2165 2583 9673 9943 9944 
4794 2615 1817 2929 4268 9900 8161 
4795 2035 2476 2942 5383 9945 9509 
4796 1128 2586 2813 9629 9885 9860 
4797 1827 1131 1848 7555 9946 9896 
4798 2678 1876 2805 3351 9815 9927 
4799 2827 2446 2865 9916 9925 9947 
4800 2585 2579 2926 9660 9948 9949 
4801 712 2803 2881 6055 9728 9950 
4802 1905 2740 2910 7941 9620 5538 
4803 1957 1861 2924 8983 9940 9693 
4804 1190 2827 2865 9456 9947 3970 
4805 1934 2711 2835 9666 9830 3832 
4806 1823 2717 2907 9723 9951 9906 
4807 2590 2689 2778 9824 9952 9934 
4808 1020 2540 2892 8917 9895 9042 
4809 2555 1193 2829 9520 5066 4090 
4810 842 844 2940 8378 9765 9922 
4811 2596 1764 2787 9564 9840 9870 
4812 1796 2738 2861 9796 9953 9818 
4813 1755 2177 2178 4369 5693 8149 
4814 1162 1457 2688 9318 9748 9954 
4815 2761 1828 2859 9316 9756 9930 
4816 1069 2750 2818 8242 9709 9453 
4817 687 2681 2817 3734 9443 8369 
4818 1868 2900 2939 9955 4816 9956 
4819 2821 1851 2848 9797 9929 9264 
4820 1883 2506 2810 9363 9935 9957 
4821 2733 1967 2765 4261 8561 9897 
4822 2535 133 2874 9062 9518 9938 
4823 126 2537 2873 9074 9939 9519 
4824 2797 1663 2944 9561 9919 9376 
4825 1874 1868 2939 9058 9956 5840 
4826 2689 2011 2778 8940 9713 9952 
4827 2150 2694 2812 9504 9742 9775 
4828 1836 2827 2905 9917 9958 9959 
4829 1563 1356 1564 8404 9913 9903 
4830 2484 1836 2905 9167 9959 8024 
4831 731 2814 2891 3878 9960 9786 
4832 2717 1512 2907 9809 9879 9951 
4833 2573 802 2884 9301 9716 9961 
4834 1563 1565 2776 9904 9372 9596 
4835 2019 2804 2928 8008 9515 9875 
4836 2190 2189 2191 9611 9691 9607 
4837 2736 2585 2926 8815 9949 9962 
4838 2476 1533 2942 8988 8140 9945 
4839 2771 1048 2900 9010 4814 9963 
4840 2622 2623 2937 9508 8951 9964 
4841 2117 2573 2884 8079 9961 5082 
4842 2686 1872 2748 9275 5807 9933 
4843 2501 2228 2908 3865 9932 8151 
4844 1806 2650 2901 6104 5811 9936 
4845 2033 2622 2937 9556 9964 9965 
4846 2697 2148 2852 9715 9821 9966 
4847 1857 2652 2895 8474 9292 9644 
4848 1848 1131 1849 9946 9784 3159 
4849 2489 751 2925 9311 9777 9737 
4850 2848 1974 2916 9928 4163 7955 
4851 2583 2165 2621 9943 9493 5674 
4852 2888 718 2938 9745 9679 8051 
4853 2738 1862 2861 5216 9226 9953 
4854 2836 1923 2845 4593 3516 4257 
4855 2125 749 2126 9599 9672 9348 
4856 1308 1378 1949 9967 3683 4170 
4857 1868 2606 2900 9589 9968 9955 
4858 2723 2033 2937 4713 9965 9859 
4859 2762 719 2779 8832 3942 9941 
4860 803 2620 2912 9632 9839 9563 
4861 1432 2686 2908 5698 8926 9931 
4862 1033 2713 2854 9788 5268 5207 
4863 1532 2563 2930 9514 9854 9420 
4864 2827 1951 2905 9455 4768 9958 
4865 1937 2838 2878 9926 9969 9891 
4866 1812 2758 2894 9631 9970 9781 
4867 1867 2697 2852 9889 9966 5336 
4868 1227 1224 1525 5331 4243 9971 
4869 2810 1118 2871 8081 9803 9972 
4870 2606 2771 2900 9921 9963 9968 
4871 2747 1797 2890 9816 9721 5923 
4872 1881 2815 2881 3241 9973 8602 
4873 1795 2660 2943 9558 9915 9852 
4874 1508 2807 2927 5643 9974 9942 
4875 1057 2736 2926 4075 9962 9866 
4876 2758 1879 2894 5035 9005 9970 
4877 1227 1525 2018 9971 3462 9884 
4878 1555 1556 1557 7149 8557 5166 
4879 2807 2440 2927 9842 9160 9974 
4880 2579 2765 2926 9908 9867 9948 
4881 2838 745 2878 9322 7962 9969 
4882 1689 1949 2868 4168 4006 9975 
4883 1883 2810 2871 9957 9972 9698 
4884 2815 712 2881 9799 9950 9973 
4885 1106 1162 2688 9858 9954 9905 
4886 2814 2220 2891 9828 8601 9960 
4887 2329 1133 2682 9976 8424 5434 
4888 2124 2125 2885 9600 9736 4357 
4889 2328 1133 2329 7271 9976 9676 
4890 1554 1558 2119 9977 9768 9826 
4891 2321 2306 2885 5549 8689 5576 
4892 1554 1555 1558 7210 5168 9977 
4893 2306 1689 2868 5546 9975 8688 
4894 2153 1692 2789 5020 9862 9368 
4895 2682 1134 2931 8423 9876 9801 
4896 2390 2126 2583 7861 9944 9918 
4897 1094 1096 1134 6957 9978 9979 
4898 2621 733 2780 9492 8371 9551 
4899 1113 2335 2336 7439 9435 9538 
4900 1413 1530 2478 9980 3155 8410 
4901 1308 1306 1378 7214 3725 9967 
4902 1220 1222 1227 7319 5332 5334 
4903 1346 2305 2306 6945 5547 5548 
4904 1562 1357 1563 6773 8405 9595 
4905 1413 1415 1530 7404 8406 9980 
4906 978 979 2742 7171 9981 6709 
4907 979 2412 2742 9780 3419 9981 
4908 1562 1044 2397 9982 7538 7542 
4909 1044 1562 2776 9982 9597 4285 
4910 1092 1094 1134 6914 9979 9983 
4911 1133 1092 1134 7048 9983 8422 
4912 1096 1113 1134 7105 9537 9978 
4913 1218 1220 1226 7420 5333 7318 
4914 1228 1252 1525 6993 4159 4242 
4915 1252 1361 2108 7393 9382 4160 
4916 2263 1307 2378 3061 6777 7481 
4917 1312 1310 1689 7173 4166 7400 
4918 2379 1345 2393 7482 9984 6557 
4919 2393 1345 2885 9984 5577 9735 
4920 1354 1356 1357 7338 8403 7367 
4921 1361 1362 1411 6877 7395 8407 
4922 1417 1418 2454 6927 7375 9985 
4923 2193 1417 2454 3166 9985 8566 
4924 1546 2312 2780 7454 9552 4825 
4925 2125 2392 2393 9350 6521 9734 
4926 2314 2315 2389 7398 7463 4471 
2 1 10 280
4927 390 577 512 391 9986 9987 9988 404 9989 
4928 577 578 513 512 9990 9991 9992 9987 9993 
4929 578 579 514 513 9994 9995 9996 9991 9997 
4930 579 580 515 514 9998 9999 10000 9995 10001 
4931 580 581 516 515 10002 5534 10003 9999 10004 
4932 391 512 517 392 9988 10005 10006 405 10007 
4933 512 513 518 517 9992 10008 10009 10005 10010 
4934 513 514 519 518 9996 10011 10012 10008 10013 
4935 514 515 520 519 10000 10014 10015 10011 10016 
4936 515 516 521 520 10003 3486 10017 10014 10018 
4937 392 517 497 5 10006 10019 10020 406 10021 
4938 517 518 498 497 10009 10022 10023 10019 10024 
4939 518 519 499 498 10012 10025 10026 10022 10027 
4940 519 520 500 499 10015 10028 10029 10025 10030 
4941 520 521 501 500 10017 4940 10031 10028 10032 
4942 7 437 502 353 10033 10034 10035 366 10036 
4943 437 438 503 502 10037 10038 10039 10034 10040 
4944 438 439 504 503 10041 10042 10043 10038 10044 
4945 439 440 505 504 10045 10046 10047 10042 10048 
4946 440 441 506 505 10049 4962 10050 10046 10051 
4947 353 502 507 354 10035 10052 10053 367 10054 
4948 502 503 508 507 10039 10055 10056 10052 10057 
4949 503 504 509 508 10043 10058 10059 10055 10060 
4950 504 505 510 509 10047 10061 10062 10058 10063 
4951 505 506 511 510 10050 3407 10064 10061 10065 
4952 354 507 477 355 10053 10066 10067 368 10068 
4953 507 508 478 477 10056 10069 10070 10066 10071 
4954 508 509 479 478 10059 10072 10073 10069 10074 
4955 509 510 480 479 10062 10075 10076 10072 10077 
4956 510 511 481 480 10064 4320 10078 10075 10079 
4957 355 477 482 356 10067 10080 10081 369 10082 
4958 477 478 483 482 10070 10083 10084 10080 10085 
4959 478 479 484 483 10073 10086 10087 10083 10088 
4960 479 480 485 484 10076 10089 10090 10086 10091 
4961 480 481 486 485 10078 4942 10092 10089 10093 
4962 356 482 487 357 10081 10094 10095 370 10096 
4963 482 483 488 487 10084 10097 10098 10094 10099 
4964 483 484 489 488 10087 10100 10101 10097 10102 
4965 484 485 490 489 10090 10103 10104 10100 10105 
4966 485 486 491 490 10092 3411 10106 10103 10107 
4967 357 487 492 358 10095 10108 10109 371 10110 
4968 487 488 493 492 10098 10111 10112 10108 10113 
4969 488 489 494 493 10101 10114 10115 10111 10116 
4970 489 490 495 494 10104 10117 10118 10114 10119 
4971 490 491 496 495 10106 4330 10120 10117 10121 
4972 358 492 442 359 10109 10122 10123 372 10124 
4973 492 493 443 442 10112 10125 10126 10122 10127 
4974 493 494 444 443 10115 10128 10129 10125 10130 
4975 494 495 445 444 10118 10131 10132 10128 10133 
4976 495 496 446 445 10120 4932 10134 10131 10135 
4977 359 442 447 360 10123 10136 10137 373 10138 
4978 442 443 448 447 10126 10139 10140 10136 10141 
4979 443 444 449 448 10129 10142 10143 10139 10144 
4980 444 445 450 449 10132 10145 10146 10142 10147 
4981 445 446 451 450 10134 4949 10148 10145 10149 
4982 381 467 472 382 10150 10151 10152 395 10153 
4983 467 468 473 472 10154 10155 10156 10151 10157 
4984 468 469 474 473 10158 10159 10160 10155 10161 
4985 469 470 475 474 10162 10163 10164 10159 10165 
4986 470 471 476 475 10166 4342 10167 10163 10168 
4987 382 472 607 383 10152 10169 10170 396 10171 
4988 472 473 608 607 10156 10172 10173 10169 10174 
4989 473 474 609 608 10160 10175 10176 10172 10177 
4990 474 475 610 609 10164 10178 10179 10175 10180 
4991 475 476 611 610 10167 5117 10181 10178 10182 
4992 383 607 612 384 10170 10183 10184 397 10185 
4993 607 608 613 612 10173 10186 10187 10183 10188 
4994 608 609 614 613 10176 10189 10190 10186 10191 
4995 609 610 615 614 10179 10192 10193 10189 10194 
4996 610 611 616 615 10181 4926 10195 10192 10196 
4997 384 612 617 385 10184 10197 10198 398 10199 
4998 612 613 618 617 10187 10200 10201 10197 10202 
4999 613 614 619 618 10190 10203 10204 10200 10205 
5000 614 615 620 619 10193 10206 10207 10203 10208 
5001 615 616 621 620 10195 4179 10209 10206 10210 
5002 385 617 622 386 10198 10211 10212 399 10213 
5003 617 618 623 622 10201 10214 10215 10211 10216 
5004 618 619 624 623 10204 10217 10218 10214 10219 
5005 619 620 625 624 10207 10220 10221 10217 10222 
5006 620 621 626 625 10209 4786 10223 10220 10224 
5007 386 622 562 387 10212 10225 10226 400 10227 
5008 622 623 563 562 10215 10228 10229 10225 10230 
5009 623 624 564 563 10218 10231 10232 10228 10233 
5010 624 625 565 564 10221 10234 10235 10231 10236 
5011 625 626 566 565 10223 4946 10237 10234 10238 
5012 387 562 567 388 10226 10239 10240 401 10241 
5013 562 563 568 567 10229 10242 10243 10239 10244 
5014 563 564 569 568 10232 10245 10246 10242 10247 
5015 564 565 570 569 10235 10248 10249 10245 10250 
5016 565 566 571 570 10237 5179 10251 10248 10252 
5017 388 567 572 389 10240 10253 10254 402 10255 
5018 567 568 573 572 10243 10256 10257 10253 10258 
5019 568 569 574 573 10246 10259 10260 10256 10261 
5020 569 570 575 574 10249 10262 10263 10259 10264 
5021 570 571 576 575 10251 4322 10265 10262 10266 
5022 389 572 577 390 10254 10267 9986 403 10268 
5023 572 573 578 577 10257 10269 9990 10267 10270 
5024 573 574 579 578 10260 10271 9994 10269 10272 
5025 574 575 580 579 10263 10273 9998 10271 10274 
5026 575 576 581 580 10265 4954 10002 10273 10275 
5027 306 657 662 307 10276 10277 10278 320 10279 
5028 657 658 663 662 10280 10281 10282 10277 10283 
5029 658 659 664 663 10284 10285 10286 10281 10287 
5030 659 660 665 664 10288 10289 10290 10285 10291 
5031 660 661 666 665 10292 4938 10293 10289 10294 
5032 307 662 627 308 10278 10295 10296 321 10297 
5033 662 663 628 627 10282 10298 10299 10295 10300 
5034 663 664 629 628 10286 10301 10302 10298 10303 
5035 664 665 630 629 10290 10304 10305 10301 10306 
5036 665 666 631 630 10293 3752 10307 10304 10308 
5037 310 637 642 311 10309 10310 10311 324 10312 
5038 637 638 643 642 10313 10314 10315 10310 10316 
5039 638 639 644 643 10317 10318 10319 10314 10320 
5040 639 640 645 644 10321 10322 10323 10318 10324 
5041 640 641 646 645 10325 4164 10326 10322 10327 
5042 311 642 432 6 10311 10328 10329 325 10330 
5043 642 643 433 432 10315 10331 10332 10328 10333 
5044 643 644 434 433 10319 10334 10335 10331 10336 
5045 644 645 435 434 10323 10337 10338 10334 10339 
5046 645 646 436 435 10326 4977 10340 10337 10341 
5047 329 592 597 330 10342 10343 10344 343 10345 
5048 592 593 598 597 10346 10347 10348 10343 10349 
5049 593 594 599 598 10350 10351 10352 10347 10353 
5050 594 595 600 599 10354 10355 10356 10351 10357 
5051 595 596 601 600 10358 3415 10359 10355 10360 
5052 330 597 542 331 10344 10361 10362 344 10363 
5053 597 598 543 542 10348 10364 10365 10361 10366 
5054 598 599 544 543 10352 10367 10368 10364 10369 
5055 599 600 545 544 10356 10370 10371 10367 10372 
5056 600 601 546 545 10359 4318 10373 10370 10374 
5057 331 542 547 332 10362 10375 10376 345 10377 
5058 542 543 548 547 10365 10378 10379 10375 10380 
5059 543 544 549 548 10368 10381 10382 10378 10383 
5060 544 545 550 549 10371 10384 10385 10381 10386 
5061 545 546 551 550 10373 4933 10387 10384 10388 
5062 332 547 552 333 10376 10389 10390 346 10391 
5063 547 548 553 552 10379 10392 10393 10389 10394 
5064 548 549 554 553 10382 10395 10396 10392 10397 
5065 549 550 555 554 10385 10398 10399 10395 10400 
5066 550 551 556 555 10387 4334 10401 10398 10402 
5067 333 552 557 334 10390 10403 10404 347 10405 
5068 552 553 558 557 10393 10406 10407 10403 10408 
5069 553 554 559 558 10396 10409 10410 10406 10411 
5070 554 555 560 559 10399 10412 10413 10409 10414 
5071 555 556 561 560 10401 4686 10415 10412 10416 
5072 334 557 522 335 10404 10417 10418 348 10419 
5073 557 558 523 522 10407 10420 10421 10417 10422 
5074 558 559 524 523 10410 10423 10424 10420 10425 
5075 559 560 525 524 10413 10426 10427 10423 10428 
5076 560 561 526 525 10415 4950 10429 10426 10430 
5077 335 522 527 336 10418 10431 10432 349 10433 
5078 522 523 528 527 10421 10434 10435 10431 10436 
5079 523 524 529 528 10424 10437 10438 10434 10439 
5080 524 525 530 529 10427 10440 10441 10437 10442 
5081 525 526 531 530 10429 4944 10443 10440 10444 
5082 336 527 532 337 10432 10445 10446 350 10447 
5083 527 528 533 532 10435 10448 10449 10445 10450 
5084 528 529 534 533 10438 10451 10452 10448 10453 
5085 529 530 535 534 10441 10454 10455 10451 10456 
5086 530 531 536 535 10443 4425 10457 10454 10458 
5087 337 532 537 338 10446 10459 10460 351 10461 
5088 532 533 538 537 10449 10462 10463 10459 10464 
5089 533 534 539 538 10452 10465 10466 10462 10467 
5090 534 535 540 539 10455 10468 10469 10465 10470 
5091 535 536 541 540 10457 4945 10471 10468 10472 
5092 338 537 437 7 10460 10473 10033 352 10474 
5093 537 538 438 437 10463 10475 10037 10473 10476 
5094 538 539 439 438 10466 10477 10041 10475 10478 
5095 539 540 440 439 10469 10479 10045 10477 10480 
5096 540 541 441 440 10471 4293 10049 10479 10481 
5097 5 497 407 299 10020 10482 10483 312 10484 
5098 497 498 408 407 10023 10485 10486 10482 10487 
5099 498 499 409 408 10026 10488 10489 10485 10490 
5100 499 500 410 409 10029 10491 10492 10488 10493 
5101 500 501 411 410 10031 3413 10494 10491 10495 
5102 299 407 667 300 10483 10496 10497 313 10498 
5103 407 408 668 667 10486 10499 10500 10496 10501 
5104 408 409 669 668 10489 10502 10503 10499 10504 
5105 409 410 670 669 10492 10505 10506 10502 10507 
5106 410 411 671 670 10494 4332 10508 10505 10509 
5107 300 667 672 301 10497 10510 10511 314 10512 
5108 667 668 673 672 10500 10513 10514 10510 10515 
5109 668 669 674 673 10503 10516 10517 10513 10518 
5110 669 670 675 674 10506 10519 10520 10516 10521 
5111 670 671 676 675 10508 4935 10522 10519 10523 
5112 301 672 677 302 10511 10524 10525 315 10526 
5113 672 673 678 677 10514 10527 10528 10524 10529 
5114 673 674 679 678 10517 10530 10531 10527 10532 
5115 674 675 680 679 10520 10533 10534 10530 10535 
5116 675 676 681 680 10522 4315 10536 10533 10537 
5117 302 677 682 303 10525 10538 10539 316 10540 
5118 677 678 683 682 10528 10541 10542 10538 10543 
5119 678 679 684 683 10531 10544 10545 10541 10546 
5120 679 680 685 684 10534 10547 10548 10544 10549 
5121 680 681 686 685 10536 4325 10550 10547 10551 
5122 303 682 647 304 10539 10552 10553 317 10554 
5123 682 683 648 647 10542 10555 10556 10552 10557 
5124 683 684 649 648 10545 10558 10559 10555 10560 
5125 684 685 650 649 10548 10561 10562 10558 10563 
5126 685 686 651 650 10550 4929 10564 10561 10565 
5127 304 647 652 305 10553 10566 10567 318 10568 
5128 647 648 653 652 10556 10569 10570 10566 10571 
5129 648 649 654 653 10559 10572 10573 10569 10574 
5130 649 650 655 654 10562 10575 10576 10572 10577 
5131 650 651 656 655 10564 4934 10578 10575 10579 
5132 305 652 657 306 10567 10580 10276 319 10581 
5133 652 653 658 657 10570 10582 10280 10580 10583 
5134 653 654 659 658 10573 10584 10284 10582 10585 
5135 654 655 660 659 10576 10586 10288 10584 10587 
5136 655 656 661 660 10578 5136 10292 10586 10588 
5137 360 447 452 361 10137 10589 10590 374 10591 
5138 447 448 453 452 10140 10592 10593 10589 10594 
5139 448 449 454 453 10143 10595 10596 10592 10597 
5140 449 450 455 454 10146 10598 10599 10595 10600 
5141 450 451 456 455 10148 4340 10601 10598 10602 
5142 361 452 457 362 10590 10603 10604 375 10605 
5143 452 453 458 457 10593 10606 10607 10603 10608 
5144 453 454 459 458 10596 10609 10610 10606 10611 
5145 454 455 460 459 10599 10612 10613 10609 10614 
5146 455 456 461 460 10601 4928 10615 10612 10616 
5147 362 457 417 363 10604 10617 10618 376 10619 
5148 457 458 418 417 10607 10620 10621 10617 10622 
5149 458 459 419 418 10610 10623 10624 10620 10625 
5150 459 460 420 419 10613 10626 10627 10623 10628 
5151 460 461 421 420 10615 4337 10629 10626 10630 
5152 363 417 422 364 10618 10631 10632 377 10633 
5153 417 418 423 422 10621 10634 10635 10631 10636 
5154 418 419 424 423 10624 10637 10638 10634 10639 
5155 419 420 425 424 10627 10640 10641 10637 10642 
5156 420 421 426 425 10629 3624 10643 10640 10644 
5157 308 627 632 309 10296 10645 10646 322 10647 
5158 627 628 633 632 10299 10648 10649 10645 10650 
5159 628 629 634 633 10302 10651 10652 10648 10653 
5160 629 630 635 634 10305 10654 10655 10651 10656 
5161 630 631 636 635 10307 3710 10657 10654 10658 
5162 309 632 637 310 10646 10659 10309 323 10660 
5163 632 633 638 637 10649 10661 10313 10659 10662 
5164 633 634 639 638 10652 10663 10317 10661 10664 
5165 634 635 640 639 10655 10665 10321 10663 10666 
5166 635 636 641 640 10657 4936 10325 10665 10667 
5167 364 422 427 365 10632 10668 10669 378 10670 
5168 422 423 428 427 10635 10671 10672 10668 10673 
5169 423 424 429 428 10638 10674 10675 10671 10676 
5170 424 425 430 429 10641 10677 10678 10674 10679 
5171 425 426 431 430 10643 4952 10680 10677 10681 
5172 365 427 412 8 10669 10682 10683 379 10684 
5173 427 428 413 412 10672 10685 10686 10682 10687 
5174 428 429 414 413 10675 10688 10689 10685 10690 
5175 429 430 415 414 10678 10691 10692 10688 10693 
5176 430 431 416 415 10680 9269 10694 10691 10695 
5177 6 432 602 326 10329 10696 10697 339 10698 
5178 432 433 603 602 10332 10699 10700 10696 10701 
5179 433 434 604 603 10335 10702 10703 10699 10704 
5180 434 435 605 604 10338 10705 10706 10702 10707 
5181 435 436 606 605 10340 4960 10708 10705 10709 
5182 326 602 582 327 10697 10710 10711 340 10712 
5183 602 603 583 582 10700 10713 10714 10710 10715 
5184 603 604 584 583 10703 10716 10717 10713 10718 
5185 604 605 585 584 10706 10719 10720 10716 10721 
5186 605 606 586 585 10708 3405 10722 10719 10723 
5187 327 582 587 328 10711 10724 10725 341 10726 
5188 582 583 588 587 10714 10727 10728 10724 10729 
5189 583 584 589 588 10717 10730 10731 10727 10732 
5190 584 585 590 589 10720 10733 10734 10730 10735 
5191 585 586 591 590 10722 4328 10736 10733 10737 
5192 328 587 592 329 10725 10738 10342 342 10739 
5193 587 588 593 592 10728 10740 10346 10738 10741 
5194 588 589 594 593 10731 10742 10350 10740 10743 
5195 589 590 595 594 10734 10744 10354 10742 10745 
5196 590 591 596 595 10736 4930 10358 10744 10746 
5197 8 412 462 380 10683 10747 10748 393 10749 
5198 412 413 463 462 10686 10750 10751 10747 10752 
5199 413 414 464 463 10689 10753 10754 10750 10755 
5200 414 415 465 464 10692 10756 10757 10753 10758 
5201 415 416 466 465 10694 4312 10759 10756 10760 
5202 380 462 467 381 10748 10761 10150 394 10762 
5203 462 463 468 467 10751 10763 10154 10761 10764 
5204 463 464 469 468 10754 10765 10158 10763 10766 
5205 464 465 470 469 10757 10767 10162 10765 10768 
5206 465 466 471 470 10759 4925 10166 10767 10769 
$EndElements
