$MeshFormat
4.1 0 8
$EndMeshFormat
$PhysicalNames
5
1 1 "inlet"
1 2 "outlet"
1 3 "walls"
1 4 "cylinder"
2 5 "fluid"
$EndPhysicalNames
$Entities
9 8 1 0
1 0 0 0 0 
2 2.5 0 0 0 
3 2.5 0.41 0 0 
4 0 0.41 0 0 
5 0.5 0.2 0 0 
6 0.55 0.2 0 0 
7 0.5 0.25 0 0 
8 0.45 0.2 0 0 
9 0.5 0.15 0 0 
1 0 0 0 2.5 0 0 1 3 2 1 -2 
2 2.5 0 0 2.5 0.41 0 1 2 2 2 -3 
3 0 0.41 0 2.5 0.41 0 1 3 2 3 -4 
4 0 0 0 0 0.41 0 1 1 2 4 -1 
5 0.5 0.2 0 0.55 0.2500000000000001 0 1 4 2 6 -7 
6 0.45 0.2 0 0.5 0.25 0 1 4 2 7 -8 
7 0.45 0.15 0 0.5 0.2 0 1 4 2 8 -9 
8 0.5 0.15 0 0.55 0.2 0 1 4 2 9 -6 
1 0 0 0 2.5 0.41 0 1 5 8 1 2 3 4 -8 -7 -6 -5 
$EndEntities
$Nodes
17 4735 1 4735
0 1 0 1
1
0 0 0
0 2 0 1
2
2.5 0 0
0 3 0 1
3
2.5 0.41 0
0 4 0 1
4
0 0.41 0
0 6 0 1
5
0.55 0.2 0
0 7 0 1
6
0.5 0.25 0
0 8 0 1
7
0.45 0.2 0
0 9 0 1
8
0.5 0.15 0
1 1 0 85
9
10
11
12
13
14
15
16
17
18
19
20
21
22
23
24
25
26
27
28
29
30
31
32
33
34
35
36
37
38
39
40
41
42
43
44
45
46
47
48
49
50
51
52
53
54
55
56
57
58
59
60
61
62
63
64
65
66
67
68
69
70
71
72
73
74
75
76
77
78
79
80
81
82
83
84
85
86
87
88
89
90
91
92
93
0.07167879754320908 0 0
0.1344421131714224 0 0
0.1896319085940684 0 0
0.238424326282104 0 0
0.281854457505652 0 0
0.3208380802436777 0 0
0.3561908942850068 0 0
0.3886458240854763 0 0
0.418868546851465 0 0
0.4474722315110672 0 0
0.4750313066500195 0 0
0.5020949094066086 0 0
0.5292000485443789 0 0
0.5568847735688256 0 0
0.585701271715536 0 0
0.6162291026669656 0 0
0.6490886411213606 0 0
0.684955057045741 0 0
0.7245730379751482 0 0
0.7687726391565184 0 0
0.8184868490442722 0 0
0.8747711583195115 0 0
0.9388257298148744 0 0
1.012020719757679 0 0
1.090335325892755 0 0
1.168650030009824 0 0
1.246964734126893 0 0
1.325279438243962 0 0
1.403594142361031 0 0
1.481908846478101 0 0
1.56022355059517 0 0
1.638538254712239 0 0
1.716852958829308 0 0
1.795167662946378 0 0
1.873482367063446 0 0
1.951797071180516 0 0
2.030111775297585 0 0
2.108426479414654 0 0
2.186741183531723 0 0
2.265055887648793 0 0
2.343370591765862 0 0
2.421685295882931 0 0
0.03583939877160397 0 0
0.1030604553573179 0 0
0.1620370108827377 0 0
0.2140281174380847 0 0
0.2601393918938781 0 0
0.3013462688746684 0 0
0.3385144872643439 0 0
0.3724183591852416 0 0
0.4037571854684729 0 0
0.4331703891812623 0 0
0.4612517690805441 0 0
0.4885631080283096 0 0
0.5156474789754959 0 0
0.5430424110566034 0 0
0.5712930226421749 0 0
0.600965187191247 0 0
0.6326588718941611 0 0
0.6670218490835496 0 0
0.7047640475104467 0 0
0.7466728385658343 0 0
0.7936297441004004 0 0
0.8466290036818941 0 0
0.9067984440671988 0 0
0.9754232247862539 0 0
1.051178022825205 0 0
1.129492677951259 0 0
1.207807382068349 0 0
1.286122086185397 0 0
1.364436790302489 0 0
1.442751494419539 0 0
1.521066198536627 0 0
1.599380902653709 0 0
1.677695606770753 0 0
1.756010310887823 0 0
1.834325015004944 0 0
1.912639719121951 0 0
1.99095442323907 0 0
2.069269127356133 0 0
2.147583831473169 0 0
2.225898535590297 0 0
2.304213239707436 0 0
2.382527943824425 0 0
2.460842647941446 0 0
1 2 0 11
94
95
96
97
98
99
100
101
102
103
104
2.5 0.06833333333319166 0
2.5 0.1366666666663299 0
2.5 0.2049999999994735 0
2.5 0.2733333333329568 0
2.5 0.3416666666664673 0
2.5 0.03416666666659425 0
2.5 0.1024999999997604 0
2.5 0.1708333333329123 0
2.5 0.2391666666661992 0
2.5 0.3074999999997419 0
2.5 0.3758333333332337 0
1 3 0 83
105
106
107
108
109
110
111
112
113
114
115
116
117
118
119
120
121
122
123
124
125
126
127
128
129
130
131
132
133
134
135
136
137
138
139
140
141
142
143
144
145
146
147
148
149
150
151
152
153
154
155
156
157
158
159
160
161
162
163
164
165
166
167
168
169
170
171
172
173
174
175
176
177
178
179
180
181
182
183
184
185
186
187
2.421134563019987 0.41 0
2.342269126039974 0.41 0
2.263403689059961 0.41 0
2.184538252079948 0.41 0
2.105672815099935 0.41 0
2.026807378119922 0.41 0
1.947941941139909 0.41 0
1.869076504159896 0.41 0
1.790211067179884 0.41 0
1.711345630199871 0.41 0
1.632480193219858 0.41 0
1.553614756239845 0.41 0
1.474749319259833 0.41 0
1.39588388227982 0.41 0
1.317018445299807 0.41 0
1.238153008319794 0.41 0
1.159287571339782 0.41 0
1.080422134359769 0.41 0
1.001596221388162 0.41 0
0.9286848483159531 0.41 0
0.8648257856249959 0.41 0
0.8086350380950924 0.41 0
0.7588990939310478 0.41 0
0.7145489851298641 0.41 0
0.6746375442544212 0.41 0
0.6383190477709082 0.41 0
0.6048312632242352 0.41 0
0.5734785740104797 0.41 0
0.5436164873098415 0.41 0
0.5146366905901745 0.41 0
0.4859525164829921 0.41 0
0.45698462511732 0.41 0
0.4271466428486761 0.41 0
0.3958308465748446 0.41 0
0.3623936358171873 0.41 0
0.3261406020817721 0.41 0
0.2863109977937723 0.41 0
0.2420610491647324 0.41 0
0.1924458354494329 0.41 0
0.1363991082074287 0.41 0
0.07271056325522185 0.41 0
2.46056728151003 0.41 0
2.381701844529942 0.41 0
2.302836407549987 0.41 0
2.223970970569912 0.41 0
2.145105533589958 0.41 0
2.066240096609904 0.41 0
1.987374659629922 0.41 0
1.908509222649899 0.41 0
1.829643785669906 0.41 0
1.750778348689843 0.41 0
1.671912911709837 0.41 0
1.593047474729852 0.41 0
1.514182037749822 0.41 0
1.435316600769822 0.41 0
1.356451163789866 0.41 0
1.277585726809856 0.41 0
1.198720289829754 0.41 0
1.119854852849788 0.41 0
1.041009177873991 0.41 0
0.9651405348520639 0.41 0
0.8967553169704769 0.41 0
0.8367304118600629 0.41 0
0.783767066013066 0.41 0
0.7367240395304711 0.41 0
0.694593264692144 0.41 0
0.6564782960126634 0.41 0
0.621575155497569 0.41 0
0.589154918617373 0.41 0
0.5585475306601537 0.41 0
0.5291265889500043 0.41 0
0.5002946035365836 0.41 0
0.4714685708001607 0.41 0
0.4420656339830122 0.41 0
0.4114887447117606 0.41 0
0.3791122411960295 0.41 0
0.3442671189494826 0.41 0
0.3062257999377289 0.41 0
0.264186023479263 0.41 0
0.2172534423070744 0.41 0
0.1644224718284244 0.41 0
0.1045548357313062 0.41 0
0.03635528162755719 0.41 0
1 4 0 11
188
189
190
191
192
193
194
195
196
197
198
0 0.3394006079507881 0
0 0.2713548000901145 0
0 0.2046149560179077 0
0 0.1379595433004169 0
0 0.07016873642372257 0
0 0.3747003039753901 0
0 0.3053777040204301 0
0 0.237984878054025 0
0 0.1712872496591539 0
0 0.1040641398620783 0
0 0.03508436821186128 0
1 5 0 17
199
200
201
202
203
204
205
206
207
208
209
210
211
212
213
214
215
0.5492403876518407 0.2086824088763697 0
0.5469846310114617 0.2171010072427563 0
0.5433012701491473 0.2250000000694114 0
0.5383022220870485 0.2321393805664394 0
0.5321393804314961 0.2383022222002793 0
0.525000000028652 0.2433012701726798 0
0.5171010071542727 0.2469846310436671 0
0.5086824089380745 0.2492403876409605 0
0.5498097349049613 0.2043577871331084 0
0.548296291304571 0.2129409522920076 0
0.5453153893143534 0.2211309131674092 0
0.5409576021471734 0.2286788219136329 0
0.5353553389748379 0.235355339143817 0
0.5286788218028471 0.2409576022247464 0
0.5211309130798775 0.2453153893551702 0
0.5129409523189098 0.2482962912973627 0
0.504357787206857 0.2498097348985091 0
1 6 0 17
216
217
218
219
220
221
222
223
224
225
226
227
228
229
230
231
232
0.4913175911131639 0.2492403876499951 0
0.4828989928045319 0.2469846310286731 0
0.4749999999393701 0.2433012701542172 0
0.4678606194296982 0.2383022220838075 0
0.4616977777655865 0.2321393803908165 0
0.4566987297691037 0.2249999999278179 0
0.4530153689544886 0.2171010071492051 0
0.4507596123471316 0.208682408870541 0
0.4956422128887273 0.2498097349068716 0
0.4870590477367661 0.2482962913122809 0
0.4788690868543762 0.2453153893245121 0
0.4713211781098776 0.2409576021636355 0
0.464644660847721 0.2353553389663758 0
0.4590423977287964 0.2286788217364991 0
0.4546846106252539 0.2211309130378966 0
0.4517037086912739 0.2129409522765004 0
0.4501902650952481 0.204357787135501 0
1 7 0 17
233
234
235
236
237
238
239
240
241
242
243
244
245
246
247
248
249
0.4507596123572313 0.1913175910721809 0
0.4530153689865131 0.1828989927628082 0
0.456698729850329 0.1749999999314958 0
0.4616977779035712 0.1678606194447397 0
0.4678606195761881 0.161697777793273 0
0.475000000069344 0.1566987297707423 0
0.482898992923649 0.1530153689279719 0
0.4913175911705674 0.1507596123398831 0
0.4501902650976443 0.1956422128371102 0
0.4517037087046987 0.1870590476733975 0
0.4546846106829732 0.178869086838324 0
0.459042397841994 0.171321178101838 0
0.4646446610074107 0.1646446608739346 0
0.4713211782412444 0.1590423977443806 0
0.4788690869782777 0.1546846106177117 0
0.4870590478273801 0.1517037086634392 0
0.4956422128954981 0.150190265092536 0
1 8 0 17
250
251
252
253
254
255
256
257
258
259
260
261
262
263
264
265
266
0.5086824089785565 0.1507596123661777 0
0.5171010072611993 0.1530153689952511 0
0.5250000000755765 0.1566987298544121 0
0.5321393805467861 0.1616977778964606 0
0.5383022222326376 0.1678606196070671 0
0.5433012702548086 0.1750000001135993 0
0.5469846310561933 0.1828989928801432 0
0.5492403876559533 0.1913175911469543 0
0.5043577872203134 0.1501902651026682 0
0.5129409523747614 0.1517037087176028 0
0.5211309131536154 0.1546846106792145 0
0.5286788218464474 0.159042397805783 0
0.535355339180009 0.1646446610613543 0
0.5409576023163596 0.1713211783279902 0
0.5453153893908058 0.1788690869965434 0
0.5482962913257822 0.1870590477871535 0
0.5498097349058242 0.1956422128767544 0
2 1 0 4469
267
268
269
270
271
272
273
274
275
276
277
278
279
280
281
282
283
284
285
286
287
288
289
290
291
292
293
294
295
296
297
298
299
300
301
302
303
304
305
306
307
308
309
310
311
312
313
314
315
316
317
318
319
320
321
322
323
324
325
326
327
328
329
330
331
332
333
334
335
336
337
338
339
340
341
342
343
344
345
346
347
348
349
350
351
352
353
354
355
356
357
358
359
360
361
362
363
364
365
366
367
368
369
370
371
372
373
374
375
376
377
378
379
380
381
382
383
384
385
386
387
388
389
390
391
392
393
394
395
396
397
398
399
400
401
402
403
404
405
406
407
408
409
410
411
412
413
414
415
416
417
418
419
420
421
422
423
424
425
426
427
428
429
430
431
432
433
434
435
436
437
438
439
440
441
442
443
444
445
446
447
448
449
450
451
452
453
454
455
456
457
458
459
460
461
462
463
464
465
466
467
468
469
470
471
472
473
474
475
476
477
478
479
480
481
482
483
484
485
486
487
488
489
490
491
492
493
494
495
496
497
498
499
500
501
502
503
504
505
506
507
508
509
510
511
512
513
514
515
516
517
518
519
520
521
522
523
524
525
526
527
528
529
530
531
532
533
534
535
536
537
538
539
540
541
542
543
544
545
546
547
548
549
550
551
552
553
554
555
556
557
558
559
560
561
562
563
564
565
566
567
568
569
570
571
572
573
574
575
576
577
578
579
580
581
582
583
584
585
586
587
588
589
590
591
592
593
594
595
596
597
598
599
600
601
602
603
604
605
606
607
608
609
610
611
612
613
614
615
616
617
618
619
620
621
622
623
624
625
626
627
628
629
630
631
632
633
634
635
636
637
638
639
640
641
642
643
644
645
646
647
648
649
650
651
652
653
654
655
656
657
658
659
660
661
662
663
664
665
666
667
668
669
670
671
672
673
674
675
676
677
678
679
680
681
682
683
684
685
686
687
688
689
690
691
692
693
694
695
696
697
698
699
700
701
702
703
704
705
706
707
708
709
710
711
712
713
714
715
716
717
718
719
720
721
722
723
724
725
726
727
728
729
730
731
732
733
734
735
736
737
738
739
740
741
742
743
744
745
746
747
748
749
750
751
752
753
754
755
756
757
758
759
760
761
762
763
764
765
766
767
768
769
770
771
772
773
774
775
776
777
778
779
780
781
782
783
784
785
786
787
788
789
790
791
792
793
794
795
796
797
798
799
800
801
802
803
804
805
806
807
808
809
810
811
812
813
814
815
816
817
818
819
820
821
822
823
824
825
826
827
828
829
830
831
832
833
834
835
836
837
838
839
840
841
842
843
844
845
846
847
848
849
850
851
852
853
854
855
856
857
858
859
860
861
862
863
864
865
866
867
868
869
870
871
872
873
874
875
876
877
878
879
880
881
882
883
884
885
886
887
888
889
890
891
892
893
894
895
896
897
898
899
900
901
902
903
904
905
906
907
908
909
910
911
912
913
914
915
916
917
918
919
920
921
922
923
924
925
926
927
928
929
930
931
932
933
934
935
936
937
938
939
940
941
942
943
944
945
946
947
948
949
950
951
952
953
954
955
956
957
958
959
960
961
962
963
964
965
966
967
968
969
970
971
972
973
974
975
976
977
978
979
980
981
982
983
984
985
986
987
988
989
990
991
992
993
994
995
996
997
998
999
1000
1001
1002
1003
1004
1005
1006
1007
1008
1009
1010
1011
1012
1013
1014
1015
1016
1017
1018
1019
1020
1021
1022
1023
1024
1025
1026
1027
1028
1029
1030
1031
1032
1033
1034
1035
1036
1037
1038
1039
1040
1041
1042
1043
1044
1045
1046
1047
1048
1049
1050
1051
1052
1053
1054
1055
1056
1057
1058
1059
1060
1061
1062
1063
1064
1065
1066
1067
1068
1069
1070
1071
1072
1073
1074
1075
1076
1077
1078
1079
1080
1081
1082
1083
1084
1085
1086
1087
1088
1089
1090
1091
1092
1093
1094
1095
1096
1097
1098
1099
1100
1101
1102
1103
1104
1105
1106
1107
1108
1109
1110
1111
1112
1113
1114
1115
1116
1117
1118
1119
1120
1121
1122
1123
1124
1125
1126
1127
1128
1129
1130
1131
1132
1133
1134
1135
1136
1137
1138
1139
1140
1141
1142
1143
1144
1145
1146
1147
1148
1149
1150
1151
1152
1153
1154
1155
1156
1157
1158
1159
1160
1161
1162
1163
1164
1165
1166
1167
1168
1169
1170
1171
1172
1173
1174
1175
1176
1177
1178
1179
1180
1181
1182
1183
1184
1185
1186
1187
1188
1189
1190
1191
1192
1193
1194
1195
1196
1197
1198
1199
1200
1201
1202
1203
1204
1205
1206
1207
1208
1209
1210
1211
1212
1213
1214
1215
1216
1217
1218
1219
1220
1221
1222
1223
1224
1225
1226
1227
1228
1229
1230
1231
1232
1233
1234
1235
1236
1237
1238
1239
1240
1241
1242
1243
1244
1245
1246
1247
1248
1249
1250
1251
1252
1253
1254
1255
1256
1257
1258
1259
1260
1261
1262
1263
1264
1265
1266
1267
1268
1269
1270
1271
1272
1273
1274
1275
1276
1277
1278
1279
1280
1281
1282
1283
1284
1285
1286
1287
1288
1289
1290
1291
1292
1293
1294
1295
1296
1297
1298
1299
1300
1301
1302
1303
1304
1305
1306
1307
1308
1309
1310
1311
1312
1313
1314
1315
1316
1317
1318
1319
1320
1321
1322
1323
1324
1325
1326
1327
1328
1329
1330
1331
1332
1333
1334
1335
1336
1337
1338
1339
1340
1341
1342
1343
1344
1345
1346
1347
1348
1349
1350
1351
1352
1353
1354
1355
1356
1357
1358
1359
1360
1361
1362
1363
1364
1365
1366
1367
1368
1369
1370
1371
1372
1373
1374
1375
1376
1377
1378
1379
1380
1381
1382
1383
1384
1385
1386
1387
1388
1389
1390
1391
1392
1393
1394
1395
1396
1397
1398
1399
1400
1401
1402
1403
1404
1405
1406
1407
1408
1409
1410
1411
1412
1413
1414
1415
1416
1417
1418
1419
1420
1421
1422
1423
1424
1425
1426
1427
1428
1429
1430
1431
1432
1433
1434
1435
1436
1437
1438
1439
1440
1441
1442
1443
1444
1445
1446
1447
1448
1449
1450
1451
1452
1453
1454
1455
1456
1457
1458
1459
1460
1461
1462
1463
1464
1465
1466
1467
1468
1469
1470
1471
1472
1473
1474
1475
1476
1477
1478
1479
1480
1481
1482
1483
1484
1485
1486
1487
1488
1489
1490
1491
1492
1493
1494
1495
1496
1497
1498
1499
1500
1501
1502
1503
1504
1505
1506
1507
1508
1509
1510
1511
1512
1513
1514
1515
1516
1517
1518
1519
1520
1521
1522
1523
1524
1525
1526
1527
1528
1529
1530
1531
1532
1533
1534
1535
1536
1537
1538
1539
1540
1541
1542
1543
1544
1545
1546
1547
1548
1549
1550
1551
1552
1553
1554
1555
1556
1557
1558
1559
1560
1561
1562
1563
1564
1565
1566
1567
1568
1569
1570
1571
1572
1573
1574
1575
1576
1577
1578
1579
1580
1581
1582
1583
1584
1585
1586
1587
1588
1589
1590
1591
1592
1593
1594
1595
1596
1597
1598
1599
1600
1601
1602
1603
1604
1605
1606
1607
1608
1609
1610
1611
1612
1613
1614
1615
1616
1617
1618
1619
1620
1621
1622
1623
1624
1625
1626
1627
1628
1629
1630
1631
1632
1633
1634
1635
1636
1637
1638
1639
1640
1641
1642
1643
1644
1645
1646
1647
1648
1649
1650
1651
1652
1653
1654
1655
1656
1657
1658
1659
1660
1661
1662
1663
1664
1665
1666
1667
1668
1669
1670
1671
1672
1673
1674
1675
1676
1677
1678
1679
1680
1681
1682
1683
1684
1685
1686
1687
1688
1689
1690
1691
1692
1693
1694
1695
1696
1697
1698
1699
1700
1701
1702
1703
1704
1705
1706
1707
1708
1709
1710
1711
1712
1713
1714
1715
1716
1717
1718
1719
1720
1721
1722
1723
1724
1725
1726
1727
1728
1729
1730
1731
1732
1733
1734
1735
1736
1737
1738
1739
1740
1741
1742
1743
1744
1745
1746
1747
1748
1749
1750
1751
1752
1753
1754
1755
1756
1757
1758
1759
1760
1761
1762
1763
1764
1765
1766
1767
1768
1769
1770
1771
1772
1773
1774
1775
1776
1777
1778
1779
1780
1781
1782
1783
1784
1785
1786
1787
1788
1789
1790
1791
1792
1793
1794
1795
1796
1797
1798
1799
1800
1801
1802
1803
1804
1805
1806
1807
1808
1809
1810
1811
1812
1813
1814
1815
1816
1817
1818
1819
1820
1821
1822
1823
1824
1825
1826
1827
1828
1829
1830
1831
1832
1833
1834
1835
1836
1837
1838
1839
1840
1841
1842
1843
1844
1845
1846
1847
1848
1849
1850
1851
1852
1853
1854
1855
1856
1857
1858
1859
1860
1861
1862
1863
1864
1865
1866
1867
1868
1869
1870
1871
1872
1873
1874
1875
1876
1877
1878
1879
1880
1881
1882
1883
1884
1885
1886
1887
1888
1889
1890
1891
1892
1893
1894
1895
1896
1897
1898
1899
1900
1901
1902
1903
1904
1905
1906
1907
1908
1909
1910
1911
1912
1913
1914
1915
1916
1917
1918
1919
1920
1921
1922
1923
1924
1925
1926
1927
1928
1929
1930
1931
1932
1933
1934
1935
1936
1937
1938
1939
1940
1941
1942
1943
1944
1945
1946
1947
1948
1949
1950
1951
1952
1953
1954
1955
1956
1957
1958
1959
1960
1961
1962
1963
1964
1965
1966
1967
1968
1969
1970
1971
1972
1973
1974
1975
1976
1977
1978
1979
1980
1981
1982
1983
1984
1985
1986
1987
1988
1989
1990
1991
1992
1993
1994
1995
1996
1997
1998
1999
2000
2001
2002
2003
2004
2005
2006
2007
2008
2009
2010
2011
2012
2013
2014
2015
2016
2017
2018
2019
2020
2021
2022
2023
2024
2025
2026
2027
2028
2029
2030
2031
2032
2033
2034
2035
2036
2037
2038
2039
2040
2041
2042
2043
2044
2045
2046
2047
2048
2049
2050
2051
2052
2053
2054
2055
2056
2057
2058
2059
2060
2061
2062
2063
2064
2065
2066
2067
2068
2069
2070
2071
2072
2073
2074
2075
2076
2077
2078
2079
2080
2081
2082
2083
2084
2085
2086
2087
2088
2089
2090
2091
2092
2093
2094
2095
2096
2097
2098
2099
2100
2101
2102
2103
2104
2105
2106
2107
2108
2109
2110
2111
2112
2113
2114
2115
2116
2117
2118
2119
2120
2121
2122
2123
2124
2125
2126
2127
2128
2129
2130
2131
2132
2133
2134
2135
2136
2137
2138
2139
2140
2141
2142
2143
2144
2145
2146
2147
2148
2149
2150
2151
2152
2153
2154
2155
2156
2157
2158
2159
2160
2161
2162
2163
2164
2165
2166
2167
2168
2169
2170
2171
2172
2173
2174
2175
2176
2177
2178
2179
2180
2181
2182
2183
2184
2185
2186
2187
2188
2189
2190
2191
2192
2193
2194
2195
2196
2197
2198
2199
2200
2201
2202
2203
2204
2205
2206
2207
2208
2209
2210
2211
2212
2213
2214
2215
2216
2217
2218
2219
2220
2221
2222
2223
2224
2225
2226
2227
2228
2229
2230
2231
2232
2233
2234
2235
2236
2237
2238
2239
2240
2241
2242
2243
2244
2245
2246
2247
2248
2249
2250
2251
2252
2253
2254
2255
2256
2257
2258
2259
2260
2261
2262
2263
2264
2265
2266
2267
2268
2269
2270
2271
2272
2273
2274
2275
2276
2277
2278
2279
2280
2281
2282
2283
2284
2285
2286
2287
2288
2289
2290
2291
2292
2293
2294
2295
2296
2297
2298
2299
2300
2301
2302
2303
2304
2305
2306
2307
2308
2309
2310
2311
2312
2313
2314
2315
2316
2317
2318
2319
2320
2321
2322
2323
2324
2325
2326
2327
2328
2329
2330
2331
2332
2333
2334
2335
2336
2337
2338
2339
2340
2341
2342
2343
2344
2345
2346
2347
2348
2349
2350
2351
2352
2353
2354
2355
2356
2357
2358
2359
2360
2361
2362
2363
2364
2365
2366
2367
2368
2369
2370
2371
2372
2373
2374
2375
2376
2377
2378
2379
2380
2381
2382
2383
2384
2385
2386
2387
2388
2389
2390
2391
2392
2393
2394
2395
2396
2397
2398
2399
2400
2401
2402
2403
2404
2405
2406
2407
2408
2409
2410
2411
2412
2413
2414
2415
2416
2417
2418
2419
2420
2421
2422
2423
2424
2425
2426
2427
2428
2429
2430
2431
2432
2433
2434
2435
2436
2437
2438
2439
2440
2441
2442
2443
2444
2445
2446
2447
2448
2449
2450
2451
2452
2453
2454
2455
2456
2457
2458
2459
2460
2461
2462
2463
2464
2465
2466
2467
2468
2469
2470
2471
2472
2473
2474
2475
2476
2477
2478
2479
2480
2481
2482
2483
2484
2485
2486
2487
2488
2489
2490
2491
2492
2493
2494
2495
2496
2497
2498
2499
2500
2501
2502
2503
2504
2505
2506
2507
2508
2509
2510
2511
2512
2513
2514
2515
2516
2517
2518
2519
2520
2521
2522
2523
2524
2525
2526
2527
2528
2529
2530
2531
2532
2533
2534
2535
2536
2537
2538
2539
2540
2541
2542
2543
2544
2545
2546
2547
2548
2549
2550
2551
2552
2553
2554
2555
2556
2557
2558
2559
2560
2561
2562
2563
2564
2565
2566
2567
2568
2569
2570
2571
2572
2573
2574
2575
2576
2577
2578
2579
2580
2581
2582
2583
2584
2585
2586
2587
2588
2589
2590
2591
2592
2593
2594
2595
2596
2597
2598
2599
2600
2601
2602
2603
2604
2605
2606
2607
2608
2609
2610
2611
2612
2613
2614
2615
2616
2617
2618
2619
2620
2621
2622
2623
2624
2625
2626
2627
2628
2629
2630
2631
2632
2633
2634
2635
2636
2637
2638
2639
2640
2641
2642
2643
2644
2645
2646
2647
2648
2649
2650
2651
2652
2653
2654
2655
2656
2657
2658
2659
2660
2661
2662
2663
2664
2665
2666
2667
2668
2669
2670
2671
2672
2673
2674
2675
2676
2677
2678
2679
2680
2681
2682
2683
2684
2685
2686
2687
2688
2689
2690
2691
2692
2693
2694
2695
2696
2697
2698
2699
2700
2701
2702
2703
2704
2705
2706
2707
2708
2709
2710
2711
2712
2713
2714
2715
2716
2717
2718
2719
2720
2721
2722
2723
2724
2725
2726
2727
2728
2729
2730
2731
2732
2733
2734
2735
2736
2737
2738
2739
2740
2741
2742
2743
2744
2745
2746
2747
2748
2749
2750
2751
2752
2753
2754
2755
2756
2757
2758
2759
2760
2761
2762
2763
2764
2765
2766
2767
2768
2769
2770
2771
2772
2773
2774
2775
2776
2777
2778
2779
2780
2781
2782
2783
2784
2785
2786
2787
2788
2789
2790
2791
2792
2793
2794
2795
2796
2797
2798
2799
2800
2801
2802
2803
2804
2805
2806
2807
2808
2809
2810
2811
2812
2813
2814
2815
2816
2817
2818
2819
2820
2821
2822
2823
2824
2825
2826
2827
2828
2829
2830
2831
2832
2833
2834
2835
2836
2837
2838
2839
2840
2841
2842
2843
2844
2845
2846
2847
2848
2849
2850
2851
2852
2853
2854
2855
2856
2857
2858
2859
2860
2861
2862
2863
2864
2865
2866
2867
2868
2869
2870
2871
2872
2873
2874
2875
2876
2877
2878
2879
2880
2881
2882
2883
2884
2885
2886
2887
2888
2889
2890
2891
2892
2893
2894
2895
2896
2897
2898
2899
2900
2901
2902
2903
2904
2905
2906
2907
2908
2909
2910
2911
2912
2913
2914
2915
2916
2917
2918
2919
2920
2921
2922
2923
2924
2925
2926
2927
2928
2929
2930
2931
2932
2933
2934
2935
2936
2937
2938
2939
2940
2941
2942
2943
2944
2945
2946
2947
2948
2949
2950
2951
2952
2953
2954
2955
2956
2957
2958
2959
2960
2961
2962
2963
2964
2965
2966
2967
2968
2969
2970
2971
2972
2973
2974
2975
2976
2977
2978
2979
2980
2981
2982
2983
2984
2985
2986
2987
2988
2989
2990
2991
2992
2993
2994
2995
2996
2997
2998
2999
3000
3001
3002
3003
3004
3005
3006
3007
3008
3009
3010
3011
3012
3013
3014
3015
3016
3017
3018
3019
3020
3021
3022
3023
3024
3025
3026
3027
3028
3029
3030
3031
3032
3033
3034
3035
3036
3037
3038
3039
3040
3041
3042
3043
3044
3045
3046
3047
3048
3049
3050
3051
3052
3053
3054
3055
3056
3057
3058
3059
3060
3061
3062
3063
3064
3065
3066
3067
3068
3069
3070
3071
3072
3073
3074
3075
3076
3077
3078
3079
3080
3081
3082
3083
3084
3085
3086
3087
3088
3089
3090
3091
3092
3093
3094
3095
3096
3097
3098
3099
3100
3101
3102
3103
3104
3105
3106
3107
3108
3109
3110
3111
3112
3113
3114
3115
3116
3117
3118
3119
3120
3121
3122
3123
3124
3125
3126
3127
3128
3129
3130
3131
3132
3133
3134
3135
3136
3137
3138
3139
3140
3141
3142
3143
3144
3145
3146
3147
3148
3149
3150
3151
3152
3153
3154
3155
3156
3157
3158
3159
3160
3161
3162
3163
3164
3165
3166
3167
3168
3169
3170
3171
3172
3173
3174
3175
3176
3177
3178
3179
3180
3181
3182
3183
3184
3185
3186
3187
3188
3189
3190
3191
3192
3193
3194
3195
3196
3197
3198
3199
3200
3201
3202
3203
3204
3205
3206
3207
3208
3209
3210
3211
3212
3213
3214
3215
3216
3217
3218
3219
3220
3221
3222
3223
3224
3225
3226
3227
3228
3229
3230
3231
3232
3233
3234
3235
3236
3237
3238
3239
3240
3241
3242
3243
3244
3245
3246
3247
3248
3249
3250
3251
3252
3253
3254
3255
3256
3257
3258
3259
3260
3261
3262
3263
3264
3265
3266
3267
3268
3269
3270
3271
3272
3273
3274
3275
3276
3277
3278
3279
3280
3281
3282
3283
3284
3285
3286
3287
3288
3289
3290
3291
3292
3293
3294
3295
3296
3297
3298
3299
3300
3301
3302
3303
3304
3305
3306
3307
3308
3309
3310
3311
3312
3313
3314
3315
3316
3317
3318
3319
3320
3321
3322
3323
3324
3325
3326
3327
3328
3329
3330
3331
3332
3333
3334
3335
3336
3337
3338
3339
3340
3341
3342
3343
3344
3345
3346
3347
3348
3349
3350
3351
3352
3353
3354
3355
3356
3357
3358
3359
3360
3361
3362
3363
3364
3365
3366
3367
3368
3369
3370
3371
3372
3373
3374
3375
3376
3377
3378
3379
3380
3381
3382
3383
3384
3385
3386
3387
3388
3389
3390
3391
3392
3393
3394
3395
3396
3397
3398
3399
3400
3401
3402
3403
3404
3405
3406
3407
3408
3409
3410
3411
3412
3413
3414
3415
3416
3417
3418
3419
3420
3421
3422
3423
3424
3425
3426
3427
3428
3429
3430
3431
3432
3433
3434
3435
3436
3437
3438
3439
3440
3441
3442
3443
3444
3445
3446
3447
3448
3449
3450
3451
3452
3453
3454
3455
3456
3457
3458
3459
3460
3461
3462
3463
3464
3465
3466
3467
3468
3469
3470
3471
3472
3473
3474
3475
3476
3477
3478
3479
3480
3481
3482
3483
3484
3485
3486
3487
3488
3489
3490
3491
3492
3493
3494
3495
3496
3497
3498
3499
3500
3501
3502
3503
3504
3505
3506
3507
3508
3509
3510
3511
3512
3513
3514
3515
3516
3517
3518
3519
3520
3521
3522
3523
3524
3525
3526
3527
3528
3529
3530
3531
3532
3533
3534
3535
3536
3537
3538
3539
3540
3541
3542
3543
3544
3545
3546
3547
3548
3549
3550
3551
3552
3553
3554
3555
3556
3557
3558
3559
3560
3561
3562
3563
3564
3565
3566
3567
3568
3569
3570
3571
3572
3573
3574
3575
3576
3577
3578
3579
3580
3581
3582
3583
3584
3585
3586
3587
3588
3589
3590
3591
3592
3593
3594
3595
3596
3597
3598
3599
3600
3601
3602
3603
3604
3605
3606
3607
3608
3609
3610
3611
3612
3613
3614
3615
3616
3617
3618
3619
3620
3621
3622
3623
3624
3625
3626
3627
3628
3629
3630
3631
3632
3633
3634
3635
3636
3637
3638
3639
3640
3641
3642
3643
3644
3645
3646
3647
3648
3649
3650
3651
3652
3653
3654
3655
3656
3657
3658
3659
3660
3661
3662
3663
3664
3665
3666
3667
3668
3669
3670
3671
3672
3673
3674
3675
3676
3677
3678
3679
3680
3681
3682
3683
3684
3685
3686
3687
3688
3689
3690
3691
3692
3693
3694
3695
3696
3697
3698
3699
3700
3701
3702
3703
3704
3705
3706
3707
3708
3709
3710
3711
3712
3713
3714
3715
3716
3717
3718
3719
3720
3721
3722
3723
3724
3725
3726
3727
3728
3729
3730
3731
3732
3733
3734
3735
3736
3737
3738
3739
3740
3741
3742
3743
3744
3745
3746
3747
3748
3749
3750
3751
3752
3753
3754
3755
3756
3757
3758
3759
3760
3761
3762
3763
3764
3765
3766
3767
3768
3769
3770
3771
3772
3773
3774
3775
3776
3777
3778
3779
3780
3781
3782
3783
3784
3785
3786
3787
3788
3789
3790
3791
3792
3793
3794
3795
3796
3797
3798
3799
3800
3801
3802
3803
3804
3805
3806
3807
3808
3809
3810
3811
3812
3813
3814
3815
3816
3817
3818
3819
3820
3821
3822
3823
3824
3825
3826
3827
3828
3829
3830
3831
3832
3833
3834
3835
3836
3837
3838
3839
3840
3841
3842
3843
3844
3845
3846
3847
3848
3849
3850
3851
3852
3853
3854
3855
3856
3857
3858
3859
3860
3861
3862
3863
3864
3865
3866
3867
3868
3869
3870
3871
3872
3873
3874
3875
3876
3877
3878
3879
3880
3881
3882
3883
3884
3885
3886
3887
3888
3889
3890
3891
3892
3893
3894
3895
3896
3897
3898
3899
3900
3901
3902
3903
3904
3905
3906
3907
3908
3909
3910
3911
3912
3913
3914
3915
3916
3917
3918
3919
3920
3921
3922
3923
3924
3925
3926
3927
3928
3929
3930
3931
3932
3933
3934
3935
3936
3937
3938
3939
3940
3941
3942
3943
3944
3945
3946
3947
3948
3949
3950
3951
3952
3953
3954
3955
3956
3957
3958
3959
3960
3961
3962
3963
3964
3965
3966
3967
3968
3969
3970
3971
3972
3973
3974
3975
3976
3977
3978
3979
3980
3981
3982
3983
3984
3985
3986
3987
3988
3989
3990
3991
3992
3993
3994
3995
3996
3997
3998
3999
4000
4001
4002
4003
4004
4005
4006
4007
4008
4009
4010
4011
4012
4013
4014
4015
4016
4017
4018
4019
4020
4021
4022
4023
4024
4025
4026
4027
4028
4029
4030
4031
4032
4033
4034
4035
4036
4037
4038
4039
4040
4041
4042
4043
4044
4045
4046
4047
4048
4049
4050
4051
4052
4053
4054
4055
4056
4057
4058
4059
4060
4061
4062
4063
4064
4065
4066
4067
4068
4069
4070
4071
4072
4073
4074
4075
4076
4077
4078
4079
4080
4081
4082
4083
4084
4085
4086
4087
4088
4089
4090
4091
4092
4093
4094
4095
4096
4097
4098
4099
4100
4101
4102
4103
4104
4105
4106
4107
4108
4109
4110
4111
4112
4113
4114
4115
4116
4117
4118
4119
4120
4121
4122
4123
4124
4125
4126
4127
4128
4129
4130
4131
4132
4133
4134
4135
4136
4137
4138
4139
4140
4141
4142
4143
4144
4145
4146
4147
4148
4149
4150
4151
4152
4153
4154
4155
4156
4157
4158
4159
4160
4161
4162
4163
4164
4165
4166
4167
4168
4169
4170
4171
4172
4173
4174
4175
4176
4177
4178
4179
4180
4181
4182
4183
4184
4185
4186
4187
4188
4189
4190
4191
4192
4193
4194
4195
4196
4197
4198
4199
4200
4201
4202
4203
4204
4205
4206
4207
4208
4209
4210
4211
4212
4213
4214
4215
4216
4217
4218
4219
4220
4221
4222
4223
4224
4225
4226
4227
4228
4229
4230
4231
4232
4233
4234
4235
4236
4237
4238
4239
4240
4241
4242
4243
4244
4245
4246
4247
4248
4249
4250
4251
4252
4253
4254
4255
4256
4257
4258
4259
4260
4261
4262
4263
4264
4265
4266
4267
4268
4269
4270
4271
4272
4273
4274
4275
4276
4277
4278
4279
4280
4281
4282
4283
4284
4285
4286
4287
4288
4289
4290
4291
4292
4293
4294
4295
4296
4297
4298
4299
4300
4301
4302
4303
4304
4305
4306
4307
4308
4309
4310
4311
4312
4313
4314
4315
4316
4317
4318
4319
4320
4321
4322
4323
4324
4325
4326
4327
4328
4329
4330
4331
4332
4333
4334
4335
4336
4337
4338
4339
4340
4341
4342
4343
4344
4345
4346
4347
4348
4349
4350
4351
4352
4353
4354
4355
4356
4357
4358
4359
4360
4361
4362
4363
4364
4365
4366
4367
4368
4369
4370
4371
4372
4373
4374
4375
4376
4377
4378
4379
4380
4381
4382
4383
4384
4385
4386
4387
4388
4389
4390
4391
4392
4393
4394
4395
4396
4397
4398
4399
4400
4401
4402
4403
4404
4405
4406
4407
4408
4409
4410
4411
4412
4413
4414
4415
4416
4417
4418
4419
4420
4421
4422
4423
4424
4425
4426
4427
4428
4429
4430
4431
4432
4433
4434
4435
4436
4437
4438
4439
4440
4441
4442
4443
4444
4445
4446
4447
4448
4449
4450
4451
4452
4453
4454
4455
4456
4457
4458
4459
4460
4461
4462
4463
4464
4465
4466
4467
4468
4469
4470
4471
4472
4473
4474
4475
4476
4477
4478
4479
4480
4481
4482
4483
4484
4485
4486
4487
4488
4489
4490
4491
4492
4493
4494
4495
4496
4497
4498
4499
4500
4501
4502
4503
4504
4505
4506
4507
4508
4509
4510
4511
4512
4513
4514
4515
4516
4517
4518
4519
4520
4521
4522
4523
4524
4525
4526
4527
4528
4529
4530
4531
4532
4533
4534
4535
4536
4537
4538
4539
4540
4541
4542
4543
4544
4545
4546
4547
4548
4549
4550
4551
4552
4553
4554
4555
4556
4557
4558
4559
4560
4561
4562
4563
4564
4565
4566
4567
4568
4569
4570
4571
4572
4573
4574
4575
4576
4577
4578
4579
4580
4581
4582
4583
4584
4585
4586
4587
4588
4589
4590
4591
4592
4593
4594
4595
4596
4597
4598
4599
4600
4601
4602
4603
4604
4605
4606
4607
4608
4609
4610
4611
4612
4613
4614
4615
4616
4617
4618
4619
4620
4621
4622
4623
4624
4625
4626
4627
4628
4629
4630
4631
4632
4633
4634
4635
4636
4637
4638
4639
4640
4641
4642
4643
4644
4645
4646
4647
4648
4649
4650
4651
4652
4653
4654
4655
4656
4657
4658
4659
4660
4661
4662
4663
4664
4665
4666
4667
4668
4669
4670
4671
4672
4673
4674
4675
4676
4677
4678
4679
4680
4681
4682
4683
4684
4685
4686
4687
4688
4689
4690
4691
4692
4693
4694
4695
4696
4697
4698
4699
4700
4701
4702
4703
4704
4705
4706
4707
4708
4709
4710
4711
4712
4713
4714
4715
4716
4717
4718
4719
4720
4721
4722
4723
4724
4725
4726
4727
4728
4729
4730
4731
4732
4733
4734
4735
0.5090318924603067 0.2512173748267118 0
0.509468746863097 0.253688608808901 0
0.5100148148665848 0.2567776512866377 0
0.5106973998709446 0.2606389543838084 0
0.4909698287581141 0.2512176783239987 0
0.4905351258143017 0.2536892916665033 0
0.4899917471345362 0.256778808344634 0
0.4893125237848295 0.2606407041922974 0
0.4822131608178854 0.2488714939148704 0
0.4813558708345773 0.2512300725226171 0
0.4802842583554422 0.2541782957823006 0
0.4789447427565233 0.2578635748569048 0
0.4739969369786717 0.2450403738780196 0
0.4727431082777988 0.2472142535327726 0
0.4711758224017075 0.2499316031012139 0
0.4692167150565935 0.2533282900617655 0
0.4665708030558214 0.2398407248582102 0
0.4649585325884754 0.2417638533262137 0
0.4629431945042928 0.244167763911218 0
0.4604240218990647 0.2471726521424735 0
0.4601603983974222 0.2334305355880034 0
0.4582386741872168 0.2350444795844872 0
0.45583651892446 0.2370619095800918 0
0.452833824846014 0.2395836970745976 0
0.4549604999016598 0.2260045764518029 0
0.4527877125673549 0.2272602971067841 0
0.4500717283994739 0.2288299479255108 0
0.4466767481896226 0.2307920114489191 0
0.4511291038223673 0.2177884814513267 0
0.4487712724072157 0.2186478243289788 0
0.4458239831382762 0.2197220029260439 0
0.4421398715521019 0.2210647261723752 0
0.4487826251611358 0.209031892391363 0
0.4463113911786409 0.2094687467923906 0
0.4432223487005224 0.2100148147936752 0
0.4393610456028741 0.2106973997952809 0
0.4487823216834108 0.1909698287158646 0
0.4463107083411351 0.1905351257704693 0
0.4432211916632905 0.1899917470887251 0
0.4393592958159848 0.1893125237365449 0
0.4511285061008216 0.1822131607748537 0
0.4487699274937071 0.1813558707899107 0
0.445821704234814 0.1802842583087319 0
0.4421364251611976 0.1789447427072584 0
0.4549596261267923 0.1739969369704492 0
0.4527857464723715 0.172743108269141 0
0.4500683969043454 0.1711758223925058 0
0.4466717099443128 0.1692167150467117 0
0.4601592751287328 0.1665708030714537 0
0.4582361466601849 0.1649585326048464 0
0.4558322360744999 0.1629431945215871 0
0.4528273478423936 0.1604240219175131 0
0.4665694643781529 0.1601603984258022 0
0.4649555203806089 0.1582386742164637 0
0.462938090383679 0.1558365189547906 0
0.4604163028875166 0.1528338248776993 0
0.4739954235455432 0.1549604999030696 0
0.4727397028907922 0.1527877125684787 0
0.4711700520723535 0.1500717284002401 0
0.4692079885493051 0.1466767481899419 0
0.4822115186233368 0.151129103795149 0
0.4813521757479466 0.1487712723791204 0
0.4802779971537089 0.1458239831090847 0
0.4789352739109118 0.14213987152154 0
0.4909681076513526 0.1487826251536722 0
0.4905312532523342 0.1463113911709086 0
0.489985185253561 0.1432223486924541 0
0.4893026002550946 0.1393610455943861 0
0.5090301713361467 0.1487823216925584 0
0.5094648742831344 0.1463107083505343 0
0.510008252966869 0.1432211916730042 0
0.5106874763215373 0.1393592958260916 0
0.517786839250188 0.1511285061099759 0
0.5186441292364238 0.148769927503382 0
0.5197157417192185 0.1458217042451395 0
0.521055257322712 0.1421364251723365 0
0.5260030630368765 0.1549596261310587 0
0.5272568917385017 0.152785746476867 0
0.528824177615533 0.1500683969091274 0
0.5307832849618221 0.1466717099494529 0
0.5334291969202917 0.1601592751217694 0
0.5350414673871735 0.1582361466534055 0
0.5370568054707759 0.1558322360679506 0
0.5395759780752789 0.152827347836132 0
0.539839601600927 0.1665694644099218 0
0.541761325811289 0.1649555204134903 0
0.5441634810742413 0.162938090417951 0
0.5471661751529318 0.1604163029235268 0
0.5450395001229009 0.1739954235906765 0
0.5472122874580162 0.1727397029370231 0
0.5499282716269105 0.1711700521199563 0
0.5533232518380282 0.1692079885986228 0
0.5488708961887305 0.1822115185792397 0
0.5512287276044019 0.1813521757031103 0
0.5541760168739912 0.1802779971079486 0
0.5578601284609779 0.1789352738639965 0
0.5512173748420391 0.1909681076267984 0
0.5536886088246463 0.1905312532266036 0
0.5567776513029055 0.18998518522636 0
0.5606389544007292 0.1893026002260556 0
0.4479923605150664 0.1999991261402335 0
0.4454828111588993 0.1999980338155254 0
0.4423458744636904 0.1999966684096404 0
0.4384247035946793 0.199994961652284 0
0.5000008738607031 0.1479923605150581 0
0.500001966186582 0.1454828111588808 0
0.5000033315939306 0.1423458744636591 0
0.5000050383531165 0.1384247035946321 0
0.5520076394848726 0.1999991261410586 0
0.5545171888409632 0.199998033817382 0
0.5576541255360766 0.1999966684127862 0
0.5615752964049683 0.1999949616570414 0
0.4999991261413383 0.2520076394849577 0
0.4999980338180112 0.254517188841155 0
0.4999966684138523 0.2576541255364016 0
0.4999949616586536 0.2615752964054598 0
0.5512176783258378 0.2090301712317121 0
0.5536892916683341 0.2094648741758901 0
0.5567788083464547 0.2100082528561126 0
0.5606407041941052 0.2106874762063908 0
0.5488714938973331 0.2177868392303529 0
0.5512300725046724 0.2186441292148487 0
0.5541782957638465 0.2197157416954685 0
0.5578635748378141 0.2210552572962432 0
0.5450403738725774 0.2260030630306579 0
0.547214253526865 0.2272568917322161 0
0.5499316030947246 0.2288241776091639 0
0.553328290054549 0.2307832849553487 0
0.5398407248617487 0.2334291969398748 0
0.5417638533301241 0.2350414674066692 0
0.5441677639155933 0.2370568054901621 0
0.5471726521474298 0.2395759780945284 0
0.533430535630366 0.2398396015669024 0
0.5350444796289535 0.2417613257751814 0
0.5370619096271878 0.2441634810355301 0
0.5395836971249807 0.2471661751109659 0
0.5260045765551924 0.2450395000386952 0
0.5272602972133678 0.2472122873712145 0
0.5288299480360872 0.2499282715368637 0
0.5307920115644863 0.2533232517439252 0
0.5177884814582575 0.2488708961751539 0
0.5186478243382387 0.2512287275895125 0
0.5197220029382151 0.2541760168574609 0
0.5210647261881857 0.2578601284423963 0
0.5700870847824646 0.1936270110081966 0
0.4296065593818878 0.2046763377724506 0
0.5636055602741195 0.2298499412273156 0
0.4367136250103304 0.169951868948574 0
0.4420207319157221 0.2404076882378871 0
0.5574615716554852 0.1591140355071926 0
0.7437433668352782 0.03863839796652215 0
0.2611907260752109 0.03348459075386367 0
0.5405105703023385 0.1421348332925354 0
0.5191908602041555 0.13229521641872 0
0.4592946309675939 0.2571071531077398 0
0.4807276089533413 0.2678910950134987 0
0.5499514780518799 0.2499433044200794 0
0.4500485219087469 0.1500566955403517 0
0.4691726431104251 0.1356988702291169 0
0.5304477238975783 0.2636921911136375 0
0.5063284013225553 0.2699571237337792 0
0.4938635807520823 0.1298641339358723 0
0.7367240395304561 0.3735136787088983 0
0.270707429674222 0.3699124956170061 0
0.6374201382792238 0.0217270429277759 0
0.3747732279751788 0.02977171441554262 0
0.3791122411960159 0.3819611254696491 0
0.6215751554975716 0.3819232512650252 0
0.8967553169704745 0.3580169073146168 0
0.5688188823572465 0.0249066488681425 0
0.4408431141672954 0.3889980552856869 0
0.4374232316053859 0.02689656637268245 0
0.5611443442992565 0.3832910320927407 0
0.4954501793608653 0.3849733256196082 0
0.5141064300093108 0.02658599548794542 0
0.1712247719079414 0.3666456229344223 0
0.8487789766188565 0.04483230018777435 0
0.1635285289578863 0.05131482743506677 0
0.9779207374277823 0.05157653418176752 0
1.12399601869767 0.342501088609703 0
2.228234997988124 0.06652287731635668 0
1.983124735733793 0.06932741341853221 0
1.744672544790066 0.05926464364171649 0
1.528465376648842 0.07393861579099972 0
1.286122086185428 0.0678225232552436 0
2.436290938906656 0.2371930853323581 0
1.431444139614741 0.3446709774745861 0
1.675550494001982 0.3286647424053729 0
1.920661345228975 0.346056389590902 0
2.131662811149629 0.3465711761566215 0
1.132974619832555 0.06834688035767594 0
1.277526733526551 0.3451590276452683 0
0.05964748126534139 0.2379685173590634 0
2.304342095202584 0.3366485805907438 0
2.383761894365236 0.05710704597765251 0
0.06339771969028912 0.1052834958287689 0
0.5159004732303439 0.2686891033912784 0
0.5121756693390617 0.2779514222029889 0
0.5023678766467645 0.2791113377385761 0
0.5085241714707848 0.286940403728265 0
0.4987267898809423 0.288519778918741 0
0.5186351442471402 0.2859514357963991 0
0.515136339055752 0.29550711380508 0
0.526603290215561 0.2942715515003428 0
0.5217940174744398 0.3056290838982585 0
0.5349970368414366 0.3040269080070496 0
0.5291114546016906 0.3171688254720642 0
0.5435121954532034 0.315440084092505 0
0.5487893767836135 0.3014624640210653 0
0.5584768257893264 0.3132763882465631 0
0.5640772625122374 0.2985946699492423 0
0.5741962357004705 0.3110300950410668 0
0.5801026308222679 0.2954841843041607 0
0.5908525083690607 0.3086434277732816 0
0.5961265533429223 0.2931364137764397 0
0.6083145776531153 0.3060199179489246 0
0.6128394771621295 0.286858209196469 0
0.627723605906931 0.3034937293206788 0
0.6345189170285936 0.284246326282368 0
0.6217396161970818 0.268749189768038 0
0.6410716903711232 0.2651561780196175 0
0.6255743497794829 0.2491167209924262 0
0.6473097859248415 0.2465156996242053 0
0.6343357617876981 0.2319164555156679 0
0.6540421879040448 0.2283605855687842 0
0.640820165311186 0.213702918685455 0
0.6603208275664822 0.2085848142930689 0
0.6458218208929516 0.1948349974466453 0
0.6750661370658204 0.2248444302733157 0
0.6816114707888874 0.2034345012348889 0
0.6974544388278772 0.2206673166772457 0
0.7045519764107091 0.1981862163966142 0
0.7208038039073352 0.2158010822017542 0
0.7280320036652542 0.1920258118629509 0
0.7442548956385237 0.2105732994965354 0
0.7116403980177433 0.1751785503300164 0
0.7516043445148809 0.1878680222415092 0
0.7677361409451244 0.2056072080747934 0
0.7604107272455399 0.2284671464548886 0
0.7838599905445911 0.223317157389696 0
0.7911910302002241 0.2005220308207663 0
0.8073129561226061 0.2182160244342786 0
0.814644651866731 0.1954290474305792 0
0.8307819802797833 0.2131938259267883 0
0.838100697099027 0.190347910523136 0
0.8542384294216047 0.2081146634738163 0
0.7768097637911324 0.2461074864238626 0
0.6557129196464834 0.2803726830852666 0
0.5133273284961977 0.316342417520889 0
0.7132792178112164 0.238550491718321 0
0.7985113086222609 0.1776819193359364 0
0.8232754009443026 0.2352913192583213 0
0.8615550504340654 0.1852592540829009 0
0.8776925007351384 0.2030247537695431 0
0.8454178424462524 0.1674948451582091 0
0.8703764131594205 0.2258825725404152 0
0.8938299821966004 0.2207903964830246 0
0.6212191109176811 0.2185081549585123 0
0.5832112765747488 0.2793893440306383 0
0.901146075716305 0.1979326040947961 0
0.9172833962915103 0.2156975215764187 0
0.8688714207469059 0.162402707875748 0
0.9245995114621431 0.1928398267744873 0
0.940736810882532 0.2106046488945983 0
0.9334206961098384 0.233462345493031 0
0.9570853349705 0.2293421843356428 0
0.8865138523398015 0.2436480250293726 0
0.9642254229834656 0.2056738653385308 0
0.9805798143642775 0.2244384203279264 0
0.9876915424662716 0.2006395008565659 0
0.9715201856993829 0.1827178402575673 0
1.003830953791572 0.2184140492031128 0
0.9966811320129589 0.2412202947118459 0
0.9494314181181741 0.2514615137379299 0
1.011097030655075 0.1953259226486309 0
1.027242662627767 0.2131291177588476 0
0.5853577948620781 0.3243604497113864 0
1.034551826922478 0.1902394135357888 0
1.018413376188322 0.1724692888141423 0
1.050689351045212 0.2080052711105226 0
1.043373275773632 0.2308631495295269 0
1.066825568903231 0.2257651131934289 0
1.074141497246842 0.2029065581550642 0
1.041866821147399 0.1673765567787202 0
1.090278579691947 0.2206703817560292 0
0.5229200261579106 0.3311337234510202 0
0.5067023587494401 0.3322945477403642 0
1.097594627645412 0.1978123775341142 0
1.11373187412334 0.2155769565241642 0
1.121047969350584 0.1927191700031717 0
1.137170822616548 0.2104174666791942 0
1.10491067377185 0.1749543648985342 0
1.144498955283826 0.1876151138850474 0
1.160621415921135 0.2053116024632057 0
1.16795148939031 0.1825181872738892 0
1.180860494550205 0.1967262031160068 0
1.183105602610288 0.2194826179759382 0
1.128462033648378 0.2320513674806604 0
1.082962430807428 0.2435279211794059 0
1.186070520110279 0.1777415447162361 0
0.5535159428666555 0.2872677046912308 0
0.4975268570865613 0.3186823944224287 0
0.4903714869151844 0.3333356342552213 0
0.4811380991948726 0.3195841154134346 0
0.4737547950846033 0.3341339296851452 0
0.4652159343211414 0.320045971884356 0
0.4723206889816741 0.3064329813841133 0
0.4572163797793918 0.3064343181896128 0
0.4491865923527565 0.3202934646599226 0
0.4418805334181833 0.3036440567604028 0
0.4325425649857522 0.3198111043614489 0
0.4250069729907319 0.3048900413454027 0
0.4324251345271055 0.2908804228539149 0
0.417645715947454 0.2906377044669553 0
0.4081220561311065 0.304640382023108 0
0.4008560860222843 0.2889289706596039 0
0.3903936148747221 0.3035162851731271 0
0.3825978343121479 0.286820631426493 0
0.3959223220085578 0.2715903010291638 0
0.3753231905449792 0.269809704498701 0
0.3866942526662039 0.2560583515031195 0
0.3683937329233007 0.2533510183326589 0
0.3562553460704842 0.2683320515387118 0
0.3489431059653419 0.2497696228184491 0
0.3608945444011816 0.2357314791662161 0
0.3419823161295432 0.23084817372231 0
0.3569528608492221 0.2158122982971763 0
0.334805257581176 0.211624067889375 0
0.3485770422517402 0.1962416514819093 0
0.3200196811465878 0.2270002595077275 0
0.3116969514957859 0.2058265454509452 0
0.2951181369139434 0.2242635963896777 0
0.2866058971981026 0.2004557685378985 0
0.2677048531072062 0.2213706067057215 0
0.2571947718056904 0.1934013067373188 0
0.3710362401592713 0.3026041712126533 0
0.36766584478667 0.1989032827018244 0
0.361162284120445 0.1819336141773645 0
0.3425148899314243 0.1770295712927611 0
0.3556950502329365 0.1629466373757425 0
0.3357798071871348 0.1574487147465937 0
0.3505640718550094 0.1426090508241257 0
0.3687565458426153 0.1485751162608296 0
0.3649758994843325 0.1285447942687909 0
0.3841322450437482 0.1353600125152772 0
0.3291007701712781 0.1361830004588169 0
0.3792660034214541 0.1854521478765585 0
0.3351036935349466 0.2662193340654119 0
0.2340124173933074 0.2200569524845243 0
0.3791192152635479 0.115338184276803 0
0.3995761973956116 0.1214881066964363 0
0.3603938979022145 0.1088976307432155 0
0.2229304343467292 0.1847113739022665 0
0.3928699385946953 0.1023350623558958 0
0.4103226048358305 0.106950825843542 0
0.282146635790618 0.251470404352417 0
0.2534562170457176 0.1578547552615956 0
0.3845658596886822 0.2008589664216095 0
0.3944467782006327 0.1899177119250031 0
0.4016838264952462 0.1371827381419397 0
0.4056818560286187 0.08934273207656289 0
0.4226241610430888 0.09464688774832392 0
0.4270301536578646 0.1104398173439839 0
0.4386291386086855 0.09948255819438799 0
0.4264592032011756 0.2782636499560385 0
0.4349548766333263 0.08318903174918174 0
0.4519751318379378 0.09059458291924723 0
0.1972047539765152 0.2134109925533274 0
0.4414132329195022 0.1144919507131774 0
0.43168048847332 0.1239366574040945 0
0.184073632067565 0.175957169721486 0
0.4649959750523492 0.2941793373184688 0
0.2110154789985348 0.2517987141200841 0
0.6085044300803261 0.2549720213566101 0
0.4009431703310082 0.2026230478677529 0
0.3906964274109385 0.2138564447973796 0
0.4043168387599645 0.2157996285035254 0
0.3988886637374698 0.3202863802635746 0
0.5528805425883138 0.3282555954120102 0
0.4480411601474082 0.07208010686100944 0
0.4637630363986239 0.07812598776707395 0
0.467158823635856 0.09215131475301915 0
0.4784745579333337 0.0828061920193809 0
0.4762369200988843 0.0662926496725616 0
0.4912563326916803 0.07364781762904211 0
0.4926553449561355 0.09046477066899955 0
0.5053157759293389 0.08066918479021261 0
0.5077068911711645 0.09506106223135656 0
0.5187985585705572 0.08670880728083713 0
0.5199789515879311 0.1004904045763436 0
0.531656506456917 0.0926597910272004 0
0.5291774969267878 0.07664921267740327 0
0.5437142325131599 0.08269942126738984 0
0.543901981046591 0.1008351069889061 0
0.5577641657060061 0.09106217323481398 0
0.5578501084441714 0.1083024453509682 0
0.5713878214437978 0.09823218288148791 0
0.5721968486139329 0.1132656787520295 0
0.5851205788050412 0.1049984959955147 0
0.5853751695050924 0.1197108083516197 0
0.5998749820239078 0.1118441556874571 0
0.5979805629031556 0.1290550272077206 0
0.6141674670544546 0.1195372785225898 0
0.5869559201770158 0.08740637200726394 0
0.6146885786512718 0.1363311447544999 0
0.6307245275610923 0.127232190089284 0
0.6010195205009862 0.1453123041444071 0
0.6296556507831156 0.1081699667952324 0
0.6492816937797475 0.1177132010477592 0
0.6472962915514097 0.09493796763589027 0
0.6693513812120507 0.1060798956743477 0
0.6159401633129044 0.1529750682711863 0
0.6016732669640171 0.1603041487437872 0
0.6472313917963697 0.1364546082284123 0
0.6668771505568409 0.07987311754518121 0
0.5732047264044507 0.1263246866518047 0
0.6898239425638923 0.09162337029648719 0
0.4076930592734052 0.191401449836436 0
0.4037527991334973 0.1803204400270846 0
0.8527341710150017 0.1446381094910505 0
0.876187613146592 0.1395453604822738 0
0.5878926217184879 0.1540429515157039 0
0.5898306224360679 0.1673160436311274 0
0.6012682581544389 0.1734710180535572 0
0.4018443579338253 0.2565944766147728 0
0.3869463918131618 0.08343121322464314 0
0.5565155199862789 0.07532518387344178 0
0.5466639732429277 0.1123710108491789 0
0.4009322888155567 0.07036691092810556 0
0.4393870107188097 0.2790618750508034 0
0.4335820810709726 0.2672789068855789 0
0.6237898788734212 0.08737926235534309 0
0.6921797989879255 0.1175439367314395 0
0.7127516593912026 0.101943669787866 0
0.5101940914905079 0.1073927663360562 0
0.6205988926447769 0.3232666394925509 0
0.6431742434344703 0.3205290422115036 0
0.4147950451471275 0.1824973051202916 0
0.4119109177788268 0.1717055606046645 0
0.4004597011987036 0.1688774991941432 0
1.025729342067768 0.1496109066334213 0
1.049182723751721 0.1445178832082783 0
0.3131186266271953 0.1554273508052256 0
0.3032445557244152 0.1311601711064445 0
0.1698431235760982 0.2450130211209858 0
0.4402372203334265 0.3353812113514025 0
0.5878270104574836 0.180111671803013 0
0.6001347620202381 0.1861330468022615 0
0.6118346124804184 0.1804774322339782 0
0.4439750257902527 0.127233692716657 0
0.4520812843184968 0.1189416316703203 0
0.5046505825634479 0.06409042655567621 0
0.3968939703300487 0.2256080860866006 0
0.409530131890078 0.226848072328843 0
0.436015215515655 0.1358354502645669 0
0.5297459557497289 0.2837740143405246 0
0.7531188300792954 0.251323890697227 0
0.7695576400649775 0.2690258908943343 0
0.7458258217829107 0.2741850375504901 0
0.7634625566330792 0.2873773871528535 0
0.7853840928026472 0.2868775123712985 0
0.7415570262759672 0.296374983855368 0
0.7700420079239538 0.3116085621359239 0
0.8091071413641626 0.3070703204569886 0
0.7221522990365996 0.2789835236678879 0
0.7150238596399304 0.3021561768686937 0
0.8292807717447674 0.1497310513645818 0
0.8365969376241946 0.1268735843273801 0
0.8131435261214636 0.1319664710229085 0
0.8609947994726351 0.2516218676694635 0
0.8791977711429223 0.2665058730571048 0
0.8923249115810497 0.1573101780736788 0
0.8996410395408709 0.1344525407907902 0
0.9157783353523596 0.1522173466017089 0
0.9026511720459413 0.2614129386561581 0
1.002275904615179 0.1547036732383024 0
0.7138619855608085 0.1285686355659248 0
0.7345945252565272 0.1135119413706742 0
0.7348228724720254 0.1403628654165426 0
0.7546652398345192 0.1279303761829615 0
0.7570317735096639 0.09935240458649132 0
0.8820405254040653 0.1212592951216603 0
0.5162041008569296 0.3473431674424586 0
0.5891294583372995 0.1922442265370247 0
0.5999154587179334 0.1981895415803843 0
0.5895001226193456 0.2038515473783099 0
0.5793675049036141 0.1731395978980253 0
0.6880877455801638 0.05901454938474149 0
1.174380721889819 0.1597232426409241 0
1.206977278332841 0.1575889411460792 0
1.033045396067935 0.126752930259365 0
0.5212613069873 0.1146884689897359 0
0.8204596504303915 0.1091088172560734 0
0.843213711716964 0.1062008599153041 0
0.4820268354036716 0.3493323383182982 0
0.5997362929800254 0.2100276938459956 0
0.5892380758754123 0.2156829833123463 0
0.599171793583306 0.2219435064148657 0
0.5892240569550892 0.2267153315953744 0
0.4094871902852288 0.1604524618814477 0
0.4777406544714953 0.2938897304987482 0
0.9230944521351262 0.1293596590405389 0
0.9392317456466099 0.1471244545083299 0
0.3235822274958938 0.1109016273387275 0
0.2960151962718436 0.09545239271873524 0
0.3210415962713484 0.0809370019042648 0
0.7966844395005499 0.1136131845621345 0
0.7969338450593111 0.08256378309799092 0
0.4705054475735612 0.2836070974401992 0
0.579891089960791 0.2089612923464161 0
0.6939961239928741 0.1417831660035218 0
1.065320012110546 0.1622826550642939 0
1.193345853467803 0.1262555354142692 0
1.16077836784763 0.1401583248688343 0
1.072636071116393 0.1394247017397788 0
0.4241691569935678 0.1337682309976682 0
0.4286722514242075 0.1458181169852136 0
0.8967982852994171 0.2796991188073308 0
0.9198070806327127 0.2791976662985129 0
0.8755243177487994 0.2917249161322942 0
0.4910216971610694 0.2803025752555636 0
0.4314339918158688 0.06588609435800849 0
0.4157351935049366 0.2177980050905133 0
0.4202147932604606 0.2278727180198863 0
0.4144926606888675 0.2371949780242121 0
0.4262496432561242 0.2370689344788336 0
0.4201278503617117 0.2471389648776278 0
0.3966597259279437 0.1570758030392012 0
0.187082472527252 0.2850902194427089 0
0.2334004941364297 0.2889129280094105 0
0.1417590746799174 0.2793018841623657 0
0.4649039451782359 0.3505167128136075 0
0.7905485105371348 0.1361195159376053 0
0.4191072061204174 0.1921081824197333 0
0.4216788017178169 0.163685171557916 0
0.5990313121490571 0.2339702093861818 0
0.5869366642122086 0.2401990152448257 0
0.4593787441151234 0.2832433334624394 0
0.4649765130838621 0.2726766451988933 0
0.4232020577275034 0.3354083281702305 0
0.4839630203001537 0.1310653430933139 0
0.4878986980462267 0.1219452090187204 0
0.4784215598963238 0.1226235551765411 0
0.4822744841051061 0.1140640699464415 0
0.4732341180548927 0.1136781962862508 0
0.4922553276675581 0.1129381819047679 0
0.50332424575225 0.1298306508206433 0
0.5278044615647588 0.1351351941489553 0
0.5516417858562684 0.15155784922516 0
0.5614959007919099 0.1503986670475697 0
0.5564182912358341 0.1409360975745009 0
0.5669898216986965 0.1580055271109886 0
0.5709158571531283 0.1488448394252868 0
0.451594832669175 0.2515895276760271 0
0.4517579070739139 0.2623004059824297 0
0.5592608325945603 0.2386579451305375 0
0.5691258978653209 0.2381071285185488 0
0.565224969725128 0.2468030565197709 0
0.4408275729921461 0.1614409518029352 0
0.4612122384348883 0.140143605296494 0
0.5385360501958517 0.2590073254998182 0
0.5381691262749114 0.2691748208398072 0
0.5476316331028085 0.2643945335646111 0
0.7558270948124762 0.1518293449634954 0
0.34723998111593 0.2896162271799735 0
0.3204761568484946 0.2846174137266733 0
0.3306129527606323 0.3098710291535407 0
0.3017054205132969 0.3052631184774469 0
0.3146354498450081 0.3324478708367971 0
0.3429450673476941 0.3351658988509925 0
1.205690497071604 0.07080074279596664 0
0.3891397005913833 0.1655350363300551 0
0.4301956801715008 0.2482987020735873 0
0.4439830888668754 0.2566613682143347 0
0.3279553082756064 0.3590503698743868 0
0.5334213950654721 0.3456314080632666 0
0.5275886704368042 0.3635159468349065 0
0.4265834343556863 0.2197214643940794 0
0.6342663324684688 0.3418573808682545 0
0.6601526255384979 0.339163861418922 0
0.6105870244905161 0.3430490389741957 0
0.6675477187217018 0.3157141411450323 0
0.6854741665148008 0.334559849780626 0
0.47439486617914 0.367353573556801 0
0.6982299511463815 0.2843771424015125 0
0.5749948146293096 0.2457176153138194 0
0.571059807305286 0.2556160039429705 0
0.5825803577004398 0.2539486838560866 0
0.4434342738144564 0.05224242742999572 0
0.4316599858550017 0.1791936564262232 0
0.5675591301673975 0.2207267308374253 0
0.4208746484079591 0.2670047828205877 0
0.9123618462768817 0.06435471725897769 0
0.4123440734327853 0.2076480523815986 0
0.9465478601832001 0.1242667568435921 0
0.962685152937096 0.1420315489036483 0
0.3798416523683342 0.06006613316864236 0
0.3631486825218582 0.08044753030209148 0
0.5682789777259967 0.1838642345477761 0
1.054717681597803 0.06788535828858441 0
0.587683645387445 0.1411291805501936 0
0.5683863095606411 0.1744773881688047 0
0.4319075308750693 0.3526791931015397 0
0.4127485702504915 0.3508371322793793 0
0.2845493252841675 0.3317878052132481 0
0.400850948488457 0.04866345593501948 0
0.2738577433086365 0.1255639675176998 0
0.262937590574217 0.09133958150745809 0
0.4622938683810501 0.1308181115180961 0
0.6751811901790311 0.3604238454388654 0
0.7338271382887441 0.3279601033025111 0
0.3836099586250371 0.2252958386567299 0
0.3541576300780964 0.05167191769534408 0
0.8318553635228974 0.3606997535776872 0
0.8201899639807503 0.2745470947017514 0
0.4356031780841955 0.2334228374052539 0
0.5618476887249264 0.1216617050621721 0
0.5485230942666794 0.1270811349155168 0
0.5599577007273449 0.2550602383815773 0
0.5652488275062638 0.265786088255992 0
0.6045457835080656 0.2703013702213311 0
0.9700012671220749 0.1191738496576917 0
0.9090181387187813 0.310913982346076 0
0.9500766911593862 0.2970246728026509 0
0.4871463886883228 0.1038510102914013 0
0.5805941036391944 0.1632959453398176 0
0.4545720969698817 0.27286092376605 0
0.4879354078492011 0.3046255207833379 0
0.525561002864956 0.125245365192152 0
0.5340215962906927 0.128318000927353 0
0.5317945117931508 0.1181014237560312 0
0.2397954172411434 0.1197144620697923 0
0.2280832949780816 0.08285286092130646 0
0.2049523976726878 0.1107864561743402 0
0.5481540744497712 0.2760619662830574 0
0.5729912032435269 0.2291335554423009 0
0.6112408970968428 0.2055813459685261 0
0.5788021964737041 0.220204979906498 0
0.6194496466492032 0.2340313419490224 0
0.3953080471835569 0.2452187812259963 0
0.6614178251561925 0.05625149801581304 0
0.568752350387308 0.2855836611868456 0
0.5112950862375939 0.1181592466486049 0
0.4167626453971926 0.1429662872638914 0
0.4510025940394378 0.1059386333407172 0
0.5784706163068577 0.1879352103554279 0
0.2042247977474575 0.3266905793466022 0
0.4465189094393511 0.1389122208597399 0
0.5018790652665326 0.3062666885978161 0
0.4527153222965016 0.2931339807791081 0
0.3110026755968152 0.2614649371817499 0
0.6260644609415424 0.1993846939307625 0
0.6331628016681665 0.1828512902268536 0
0.6490714069932713 0.1757466037840263 0
0.6309713714727451 0.1650037254805763 0
0.1221625223081635 0.2360405640542129 0
0.5797925249352149 0.1983917791244613 0
0.5419191978782346 0.02372386836074547 0
0.5306241392857788 0.04472689878977713 0
0.5540427069016849 0.04370765022558658 0
0.5784030657937634 0.04688353786866281 0
0.5943349256015573 0.0274245230935596 0
0.6006213323815313 0.05303853717171594 0
0.588116218138218 0.3843764799269303 0
0.5730427458559423 0.3627156388130186 0
0.300945198654425 0.03520959700493288 0
0.5942583958834494 0.2529165924329677 0
0.5552834243510024 0.2706625375222172 0
0.4399754619240351 0.146194264791644 0
0.4289306371274719 0.1894872532540603 0
0.4120480612790748 0.2770827607028911 0
0.2699097990056841 0.3008358145167552 0
0.5914404169272011 0.266303145377997 0
0.5311015420614437 0.1064611022874788 0
0.4112789881566989 0.3884033799027387 0
0.4627827950293367 0.0225385512892598 0
0.4872259986420439 0.02283733938793862 0
0.475507093995666 0.0450940761448811 0
0.4957998395086644 0.04403831322912594 0
0.2217192963159358 0.369479761698243 0
0.7824805654908614 0.3723212471235247 0
0.4722789150886876 0.2647209206520217 0
0.2182350045471009 0.04337627579533932 0
0.1191833727267601 0.3639296935115492 0
0.7965037769006416 0.04407643378240848 0
0.5705871604143566 0.2040118293591797 0
0.6899845952772623 0.2424671947705296 0
0.1030604553573157 0.05020177535283685 0
0.1340012682662063 0.1029164221153845 0
0.09745589315353753 0.150510542969591 0
0.668390812246806 0.1332910476774133 0
0.6771146127518325 0.1576686270088285 0
0.7943090662627463 0.2636704604715668 0
0.2886484336180931 0.1547267522303165 0
0.8456181326597669 0.2915365920026011 0
0.8433102507675905 0.270588199005954 0
1.167157125677359 0.105941491135378 0
1.136589794134724 0.1170272237636566 0
1.134886557816487 0.1455251417553928 0
1.116639638140295 0.1320909662811022 0
0.5495689257582838 0.3595348637690143 0
0.4157915132213891 0.1212567820046968 0
0.2474185236939828 0.3312698974002108 0
0.5410370599360865 0.2905810326572527 0
0.7367692559722824 0.1672195472044404 0
1.038094157790626 0.3417859915568962 0
0.9781278155509262 0.2785431782115798 0
0.9742787842579149 0.2519706926506314 0
0.9285650590395318 0.1061970141106595 0
0.05545114264430367 0.3011977032507371 0
0.4220477702048487 0.1748390680989208 0
0.4317153274923434 0.1622096327162071 0
0.4961995770892714 0.2708265532808405 0
0.4806361631176186 0.2832054750297752 0
0.704098726794091 0.02952952080920617 0
0.6648518832931365 0.1890109428015813 0
0.6858280400468134 0.1795119950969026 0
0.7055344637643375 0.2608865425141861 0
1.245326459361254 0.114127198137642 0
1.309549636201268 0.1386874951884303 0
1.207545460046706 0.1952051353921733 0
1.221920857850533 0.2488649956860106 0
1.181082780162028 0.2725604269205942 0
1.157127599728339 0.2556452269328268 0
1.202007064801823 0.3411470428409827 0
1.177761758843403 0.2461400910723365 0
1.155763146100369 0.2743525332523249 0
1.136437863077051 0.2656252973259338 0
1.360692641638595 0.07009334316077209 0
1.394386656216875 0.1438238088673283 0
1.349518489162286 0.2091995794602737 0
1.42822039411499 0.2169910279300657 0
1.476192755403616 0.1496298921560651 0
1.507919595637752 0.2257039496110886 0
1.556208459213936 0.1623394369183494 0
1.587674054847805 0.2341318660850075 0
1.635298691901756 0.173953907901187 0
1.543879583093632 0.2919387487635853 0
1.666476063291092 0.2489895665562859 0
1.714268068089529 0.1871892215514852 0
1.743836919903043 0.2592702973357859 0
1.793268342531691 0.1975309063612755 0
1.825311768757728 0.2682566002369897 0
1.873426350985215 0.203325340912801 0
1.849317835633555 0.1335586822923431 0
1.928687212351031 0.1391811433136846 0
1.954179538275342 0.2121268075281777 0
1.610618598978772 0.1021929038959485 0
2.0008332145297 0.1499678768772744 0
2.032432291040764 0.2232621483594759 0
2.082669072724961 0.1559327780196447 0
2.112559998914167 0.2284040248891885 0
2.159798024713978 0.1713782812143894 0
2.1919763337072 0.2388244973446651 0
2.238229726241967 0.1815860294305451 0
2.063565327494029 0.2971571495945131 0
2.128302863867385 0.09564027341708695 0
2.271149072423779 0.2545805334628899 0
2.310738427465655 0.1924061381153408 0
2.362047417344326 0.2670186651997135 0
2.387088264610991 0.3489259755431562 0
2.213294522666725 0.3255189150009117 0
1.755067001448496 0.338346571573566 0
0.3049903884787101 0.1798610256888353 0
0.4227462881964553 0.04643088883769193 0
0.7675583058083962 0.0724866386998297 0
0.7346748243801572 0.0803386699693107 0
0.3801481466982498 0.2399545277752975 0
0.4973307901306601 0.1215159767715992 0
0.7369059757915152 0.2335520611883381 0
0.7752661629188441 0.1837347991184962 0
0.7795491646267104 0.1593139171858737 0
1.690564289178107 0.1178407974347329 0
0.8219637824044572 0.1725848320331688 0
0.9861385683005424 0.1369386805499411 0
0.9966821337077528 0.1176339060016282 0
0.9553713480823196 0.1648998828322608 0
0.846923186199654 0.2309762914794684 0
0.9084622145731643 0.1750750161140764 0
1.01012990409687 0.132438021111887 0
1.016197941480075 0.1143886433476403 0
0.9788251496366197 0.1598087929403907 0
0.8850086956311047 0.1801674190017905 0
0.9262532557656089 0.2563624284945058 0
0.9422418763133754 0.2740848441787112 0
0.8596899036728616 0.1229067011541107 0
0.8687003449545377 0.09412768853249572 0
1.111610628864664 0.1523255218086568 0
1.095502913008577 0.1348452957935377 0
1.977332811309861 0.2838116746141454 0
0.9099920591248832 0.2385622759554185 0
1.128128708974015 0.1696512960000293 0
0.902400544558502 0.1082918191425204 0
0.9949705315434747 0.1776108364592666 0
1.151770800200348 0.1641985510706862 0
0.9480614853538568 0.1877863708054531 0
1.019964270214091 0.2360243217880434 0
1.013215255542693 0.2583313333952649 0
0.9560279262334413 0.09279868520904068 0
1.055035572421893 0.1262315272979515 0
1.04036148617664 0.1038951201637655 0
1.058004283599026 0.1851421303512727 0
1.081457331315119 0.1800475689684771 0
1.105402228919573 0.2379703331565741 0
1.097709015351484 0.2608238774973405 0
1.075414454677766 0.2663071253889654 0
1.087700365257776 0.2803176437490122 0
1.130728859197057 0.2940187233640174 0
1.059470671010137 0.2486090849618418 0
1.05214779703242 0.2714631338901151 0
1.068921335279192 0.2838862352986103 0
1.036151776234504 0.2536436548386442 0
1.088700322324703 0.1572346305930483 0
1.028850127425164 0.2764777066279455 0
1.003240446487143 0.280965972105273 0
1.048984011767522 0.2966748751119546 0
1.020885937984808 0.3016248190904299 0
1.070276552611394 0.1139593490948265 0
1.101116866554225 0.1056925122632306 0
0.9319174400784088 0.169990482939386 0
0.8055931998108676 0.154639979881886 0
0.7294694347109791 0.256246924556075 0
1.388820404387057 0.2788382550018051 0
0.6303169100146069 0.1449819796078893 0
2.307061575524405 0.06256805729391895 0
0.564712059712344 0.1333245856425849 0
1.441410000637383 0.07137936747638966 0
1.155226886643478 0.2306249277430232 0
0.4989094496349455 0.1035927651843311 0
0.5429801051922269 0.06343364997670775 0
0.5225346343617577 0.06173282676381849 0
0.5301767437159859 0.2734486110412273 0
0.8000566218416822 0.240091028835672 0
0.3581469566900417 0.3602196828800732 0
0.3682357616892462 0.3377061401176293 0
0.4074275928756468 0.02309326774464577 0
0.4687458280218317 0.1238609640277587 0
1.164800118925926 0.3031877369377447 0
1.203709248234168 0.291032757563827 0
0.5211431712174096 0.3850435257777576 0
1.837147925036028 0.3423853310702638 0
1.909292775623157 0.06570169604666273 0
0.3432476341260546 0.09577316821954079 0
0.7150791987827645 0.152504170640006 0
0.6589349754543844 0.3850248624084167 0
0.9852609464535848 0.3122195500500805 0
0.4885361177134637 0.291344810727002 0
0.652589411666921 0.1547974582607033 0
0.5845456470521845 0.06762683634331214 0
0.6044346637048901 0.07549440368444425 0
0.6214435934896638 0.06222030641745011 0
2.44082159740823 0.1708333333329017 0
0.5781355400683956 0.2659586507780404 0
0.5214769828986836 0.2766647882789341 0
0.4183989929202164 0.1527833993991429 0
0.4353367403563059 0.1540553357768718 0
2.43612857300793 0.1008766886534984 0
0.6021770860270416 0.09401810217495875 0
0.3385684316803138 0.02543092432064327 0
1.303118387637122 0.2741345191932092 0
0.7744690787899071 0.1169671234067424 0
0.6142819345564783 0.1666854922586748 0
0.2124084726014825 0.1480196337910487 0
0.1736491047817716 0.1348195176579308 0
0.4080278108042728 0.2467727484516844 0
0.4745904594861541 0.2742379567156985 0
0.3279836475873683 0.19155832332665 0
0.3756755427194217 0.167816036364203 0
0.5657251672789156 0.1423431537000376 0
0.5750489054134743 0.138748332071063 0
0.5777263587904671 0.2368666111025277 0
0.5375813694418221 0.2784301383548077 0
0.5083204488640125 0.365310422662932 0
0.460591423064243 0.05909480671281687 0
0.3920558402530855 0.1774235938782307 0
1.24165645841004 0.3000676685858595 0
0.3750340643208917 0.2126589450046144 0
0.298876559596188 0.3567458144611798 0
0.6434787554556728 0.07136911306478159 0
0.4622740263730747 0.1129551506793142 0
1.594744936044665 0.3457209133729753 0
0.05261580227323465 0.1723230430899543 0
0.6681625719650693 0.2446387143775487 0
0.6787657410093646 0.2665182935597037 0
0.3453107501724638 0.1204848786422029 0
2.439057442606519 0.3050877222572367 0
2.063160022640577 0.06429543000321283 0
0.4182990716446345 0.07766073521652259 0
0.2470306574176037 0.2550307524864423 0
0.8628648708170551 0.3274623525648254 0
1.898009956598858 0.2759936906588799 0
0.4568622105312261 0.3350195365502855 0
0.4263676376311762 0.2575055909952188 0
1.822127568432391 0.06566633611786628 0
0.4222025320485745 0.210784391986225 0
0.3664905184405625 0.2834365571713066 0
0.5715075436610783 0.2127727457544364 0
0.1618239527681832 0.3206389136249856 0
1.1101329128005 0.2774039000622305 0
0.4160321373690652 0.3196220870699171 0
0.3764956252190955 0.09808992418052979 0
0.5702368467892375 0.07980785076330948 0
0.6103305034117992 0.1925396592525326 0
0.4440467757845118 0.2682771897684399 0
1.355371102097039 0.3490441988126217 0
0.4989916622380002 0.3485526682799204 0
0.3425238500818146 0.3848538625338254 0
0.3272154974125117 0.2462185964717937 0
0.2795862272201595 0.06340335611271693 0
0.2912577497407061 0.2800684858662645 0
0.6084208983299075 0.2166288303965973 0
1.278855645313082 0.1965866461719604 0
0.1518073749995016 0.205674512364586 0
0.6480329082700368 0.3003984184122546 0
0.4689427561076572 0.3890165750808941 0
1.086936808684335 0.3023697796789176 0
0.5384841414058401 0.3300141899397308 0
0.1957526350769223 0.07478242421398142 0
0.6666099086242065 0.02842195551660064 0
0.5695165851217437 0.327200545811142 0
0.5627486460283746 0.3439909822798697 0
0.7054760230373094 0.3513135630850836 0
0.6013842286112632 0.3218773042964229 0
0.4543357356144012 0.1317587152361507 0
0.4507269294607278 0.3671929124247408 0
0.4593152686245376 0.2665577390884352 0
0.8360277802302418 0.2520794596736161 0
0.3234038924590018 0.1724465406449021 0
0.4060100930800724 0.1493225124907207 0
0.3836533745740329 0.1528461086506404 0
0.3267976014836281 0.05306755718348072 0
0.5636448248743056 0.1654535762165021 0
0.4698863907330517 0.1036816461193192 0
0.4339781557952794 0.2409920792327147 0
0.3122810566782301 0.3838088712337741 0
0.5801479086542836 0.3425473925343251 0
0.4288913538626535 0.2285542704115493 0
2.362903222783173 0.1307990968999138 0
0.9547141509335186 0.3563078652875584 0
0.5989148680353908 0.3587556043522336 0
0.4878743615561186 0.2717587424384443 0
0.4236424257318268 0.18320069832906 0
0.42634758256341 0.1977547032230115 0
0.4890200836897653 0.05823907061438874 0
0.5135431251457919 0.04823489216526864 0
2.000424816650438 0.3512436553314722 0
0.478662018616912 0.09600723666601559 0
0.1412721108785793 0.1642830295197236 0
1.769036441442557 0.1268417645665699 0
0.6967316747184055 0.161329301815855 0
1.464915654999932 0.2832525133153045 0
0.05944242661054866 0.3575399097699564 0
0.09357871703211197 0.2721366677472554 0
0.6590922237278803 0.2606424888243024 0
0.5025469057285712 0.1142905135827522 0
0.04933884554979012 0.04887432883928048 0
0.4115966679006015 0.1313324290209265 0
0.9931086867703268 0.2622062942149189 0
0.9595364350439854 0.2697506659994569 0
0.7634958480139927 0.3438099792800835 0
0.6916148806700287 0.3067776493511665 0
0.6742982646685683 0.2922735972487355 0
0.380754365607601 0.3579161473439536 0
0.3544280486515197 0.3144999369008392 0
2.382989126982825 0.2026659650863216 0
0.7785354885335656 0.09699662687063776 0
0.5416772560992898 0.1214109103322071 0
0.5418673049630135 0.1325595936688651 0
0.5494495279462918 0.1359037786174844 0
0.5803884404273263 0.1477559575297768 0
0.44930997207731 0.281549548548823 0
1.118681201177594 0.2541554385566004 0
0.8147719914327365 0.2533666875733631 0
0.1052064477436375 0.3157907953444749 0
0.3794890788394085 0.3198609094376654 0
0.3939521439242221 0.3405525429581695 0
0.4758476650479292 0.1310777208096541 0
0.5569519979179895 0.2465068553226272 0
0.5521309528646982 0.2581073659551643 0
0.4440982100027492 0.2482017338455072 0
0.5479471936149343 0.144302297495958 0
0.4963816347171163 0.2972599861440098 0
0.5643550551366834 0.06103267015227513 0
0.3416786288961972 0.07237943506094437 0
0.4023657397457906 0.2360534374458555 0
0.4431879441788075 0.1537040825095884 0
1.001109899298664 0.09272206377669252 0
0.5726256486101813 0.1658990403111432 0
0.413773295535953 0.2561228216970408 0
0.4198280201404369 0.2018217308535103 0
2.278575489612554 0.1274071486297421 0
0.6942504595975776 0.3817126582735439 0
0.6088092224935127 0.2415259573664343 0
0.5054355183401393 0.2965096516834591 0
0.4283844664501409 0.1693975994919495 0
0.5602735718118801 0.2787177409778714 0
0.7708510028183437 0.1392956085308728 0
0.5163509309470656 0.07386315993773825 0
0.4536917341777248 0.1432694674168322 0
2.065626629702791 0.3629943962165213 0
0.7599878385203288 0.1703944421501223 0
1.669892500641911 0.05241568572681422 0
1.502432145129798 0.3498707611879319 0
0.7162113042446642 0.05650273946606707 0
0.7108328356153689 0.07993489790772451 0
0.4347393854924189 0.2176153494717395 0
0.6139330129523882 0.1041897531071162 0
0.5177889557815115 0.1237137295792657 0
0.5238133299861555 0.2680709644534947 0
0.5116365226135526 0.1281803506471156 0
0.09752776730967723 0.196785266604051 0
0.3930681774546066 0.1454743852187018 0
0.4262215178005044 0.3720403482273774 0
0.8618224563722309 0.2735442108626336 0
1.245953519601646 0.1619186727945564 0
2.201784438918052 0.1192281253170554 0
0.5712464646861062 0.2741847493240768 0
0.5353583704586447 0.1367195839942406 0
0.5763115865763977 0.1801542434476255 0
0.4155231523913362 0.06180282726060652 0
0.408892537033074 0.2656790285728912 0
0.8298117482425437 0.07848494857689205 0
0.4565660539304198 0.04073359240137939 0
0.4486267697447247 0.3486116320080192 0
0.6183494809209084 0.0353271560049189 0
0.6229294061648361 0.3570718199039465 0
0.7913961852631735 0.3391019725148415 0
0.6090213773928627 0.2278531353759854 0
0.6455066142171315 0.360910836883905 0
0.6207935403022423 0.1861046597051965 0
0.459946148541771 0.123666914626328 0
0.5455667622680437 0.2557237409101277 0
0.5572469462256409 0.2631710349639989 0
0.5838586019227237 0.1309936069664803 0
0.437114287430607 0.2508186909509641 0
0.4357723285894464 0.225195109883986 0
0.6652536825562834 0.1706728894011235 0
0.4652174511956517 0.2623279620653697 0
0.5406123198043191 0.3802770736948838 0
0.3706662743320245 0.2251905952353765 0
1.621323907959397 0.2890462626269426 0
0.5749135732999632 0.1559058336762159 0
0.6223883480535326 0.1757571091569577 0
0.5811360959349992 0.2306238986583053 0
0.491836798409138 0.363104465687512 0
0.4119831058596106 0.1991204926718063 0
0.6414532836543112 0.04588617865789003 0
2.144758498973413 0.2839345617465487 0
0.2781791416292628 0.177259921691193 0
0.3062415121018356 0.2420092515351137 0
0.5446637413081034 0.2829827686434602 0
0.4604593933238716 0.1010642655623234 0
0.5482232629362088 0.3419605565889778 0
1.599380902653704 0.04346274419303816 0
0.443143594607582 0.2896539767986104 0
0.3048771639802809 0.0656139809848261 0
0.5996872565997605 0.2611232823472265 0
2.448817354508255 0.04794848077115246 0
0.5383847475404705 0.1119347465412129 0
2.448918034777138 0.3623886074687684 0
2.169525474040837 0.05515451001235138 0
0.4084564354849017 0.332741901308257 0
0.1731149876825896 0.0971806909212737 0
0.4820453452264531 0.2757502615624109 0
0.3905698623806227 0.2345861858465356 0
0.4304985913762883 0.2126989886839551 0
0.2647490672182083 0.2752636770462579 0
1.142338973136252 0.2453261215970006 0
0.5052267100925255 0.122395347694143 0
0.8022475661025767 0.2830413470004013 0
0.2500065686789539 0.06289133301813689 0
0.5520070998392081 0.1201428045031694 0
0.398519566352858 0.3674207504337196 0
0.5970171089819596 0.2805910587715962 0
0.427160422782178 0.1557103312870703 0
0.5119651096497082 0.3045639389068425 0
0.4330089496560371 0.1954228350609737 0
0.4782406800396571 0.1062564318618857 0
0.5952681591379305 0.3357422299156691 0
0.5554929602875472 0.1298416843859047 0
0.5995080049637107 0.2447167591574039 0
0.7062832136301627 0.3245534684776162 0
0.4354975778936189 0.2579138280300462 0
0.5608036286834882 0.1720185567119815 0
0.580965739420759 0.2429583152793226 0
0.5847585109563243 0.2470738495504562 0
0.5787875861648747 0.249833149584953 0
1.169105189945184 0.2641028269267104 0
1.168422963131198 0.2734564800864596 0
1.156445372914354 0.2649988800925758 0
1.671013278646537 0.2888271544808294 0
1.705156491597067 0.2541299319460359 0
1.709693706952513 0.2939675198705794 0
0.5831488133821707 0.1840234410792204 0
0.5773911014416278 0.1840447269015267 0
0.5820692985169407 0.1801329576253192 0
1.167444679285871 0.2508926590025816 0
1.179422269502715 0.2593502589964653 0
0.8605712252042832 0.2916307540674477 0
0.853720294515999 0.2825404014326173 0
0.8686733870605151 0.2826345634974639 0
0.8753704351793015 0.107693491827078 0
0.8855504447565199 0.1012097538375081 0
0.8922205349812837 0.1147755571320904 0
0.3773074401717564 0.0449189237920925 0
0.3878120882318179 0.03921758517528105 0
0.3903463004283956 0.05436479455183092 0
0.7557995170999605 0.3039917729956459 0
0.7519345731063489 0.3197843327192175 0
0.7376920822823556 0.3121675435789396 0
0.8329040483202585 0.2830418433521762 0
0.8317501073741704 0.2725676468538527 0
0.8444641917136787 0.2810623955042775 0
0.5884782343973916 0.1861779491700188 0
0.5838000373220786 0.1900897184462263 0
0.6578111020215878 0.1348728279529128 0
0.6604901119568635 0.1440442529690583 0
0.6499104017316453 0.1456260332445578 0
1.13478220698364 0.09268705206066628 0
1.118853330344475 0.1113598680134436 0
1.11704574319339 0.08701969631045325 0
0.3591381106376006 0.2961101991963134 0
0.3568652497782462 0.28652639217564 0
0.3687633792999169 0.2930203641919799 0
0.6052820141342614 0.0137122615467798 0
0.617289291793937 0.01766357800245945 0
0.6063422032612329 0.03137583954923925 0
1.74945196067577 0.2988084344546759 0
1.715308747725239 0.3335056569894695 0
0.3722160442810185 0.1581955763125163 0
0.3762049602083241 0.150710612455735 0
0.3796644586467273 0.1603310725074217 0
0.09869949397824773 0.1040999589720767 0
0.1157285807098719 0.1267134825424878 0
0.08042680642191333 0.12789701939918 0
0.4404287527099212 0.03956949690133908 0
0.4469946427679028 0.03381507938703092 0
0.4500001638724381 0.04648800991568756 0
2.041751143627331 0.1529503274484596 0
2.031996618585139 0.1071316534402437 0
2.072914547682769 0.1101141040114288 0
2.43847508520808 0.1358550109932 0
2.401862410095701 0.1508162151164077 0
2.399515897895551 0.1158378927767061 0
1.201501819006281 0.2607127113033024 0
1.212815053042351 0.2699488766249187 0
1.192396014198098 0.2817965922422106 0
1.502329066026229 0.1117842539735324 0
1.542336917931389 0.1181390263546746 0
1.516200607308776 0.1559846645372072 0
0.7236730923238649 0.1077278055792701 0
0.7237132418856799 0.09114116987858836 0
0.7346346748183422 0.09692530566999243 0
0.7458131493830955 0.1064321729785827 0
0.7458532989449105 0.08984553727790101 0
0.3669996412232153 0.05586902543199322 0
0.3644654290266376 0.04072181605544335 0
0.4849225227700026 0.3761634495882046 0
0.483115832294139 0.3652290196221565 0
0.4936434888850016 0.3740388956535601 0
0.308528396271596 0.08819469731150002 0
0.3004461801260623 0.08053318685178067 0
0.3129593801258146 0.07327549144454544 0
1.120430885998779 0.285711311713124 0
1.108832833940696 0.2981942515214676 0
1.098534860742417 0.2898868398705741 0
0.4440149323256936 0.2624692789913873 0
0.4397721768390653 0.263095508899243 0
0.4397403333802472 0.2572875981221904 0
0.4330902810054559 0.04933665813384382 0
0.4300847599009206 0.03666372760518719 0
0.5602661259286331 0.2682243128891046 0
0.562761199659072 0.2722519146169317 0
0.5577784980814413 0.2746901392500443 0
0.5501148762497194 0.07901230257041582 0
0.5433471688526934 0.0730665356220488 0
0.549747812589253 0.06937941692507477 0
0.6960932361871275 0.04427203509697383 0
0.6773488271021852 0.04371825245067106 0
0.6853543177091488 0.0289757381629034 0
0.5900180986585466 0.0137122615467798 0
0.5763605867098883 0.2412921132081736 0
0.5823315115013379 0.2385328131736767 0
0.5364458647199739 0.07967431697239656 0
0.5360788010595074 0.07004143132705551 0
0.5846956062900683 0.206406419862363 0
0.579841807448003 0.2036765357354387 0
0.5846463237772803 0.2011216632513856 0
0.6727527124993192 0.1454798373431209 0
0.6648520122093767 0.1562330426347659 0
0.6234557673928247 0.1589893968758813 0
0.6226266530146116 0.1658446088696256 0
0.6151110489346914 0.1598302802649305 0
0.153825186523989 0.1188679698866577 0
0.1574606078301755 0.1495512735888272 0
0.1376366895723928 0.1335997258175541 0
2.198916387373337 0.3677594575004557 0
2.238349105863343 0.3677594575004557 0
0.08322908752380243 0.0777426355908029 0
0.118530861811761 0.07655909873411069 0
0.5006662143256773 0.02471166743794202 0
0.5049531347589875 0.03531215435853568 0
0.4915129190753541 0.03343782630853228 0
0.5281746229826449 0.2890227829204338 0
0.5353915078429077 0.2871775234988886 0
0.5338201750758238 0.2924262920787977 0
2.411905362195528 0.1867496492096117 0
2.372946174882999 0.1667325309931177 0
0.2776283774791947 0.3508501504151271 0
0.2590629766841024 0.3505911965086085 0
0.2659839244890752 0.3315288513067295 0
1.183403591863874 0.3221673898893637 0
1.184254683580047 0.2971102472507858 0
1.202858156517995 0.3160899002024048 0
0.3622257980377759 0.155760876818286 0
0.3656852964761791 0.1653813368699728 0
0.2462133629950789 0.3696961286576245 0
0.2345689100049593 0.3503748295492269 0
0.4899008668222292 0.09715789048020043 0
0.4957823972955405 0.09702876792666533 0
0.4930279191616342 0.1037218877378662 0
1.831229846896878 0.3053209656536268 0
1.861660862678293 0.2721251454479348 0
1.867578940817443 0.3091895108645719 0
0.577391246920711 0.07371734355331082 0
0.5672959509629605 0.0704202604577923 0
0.5744503510944339 0.06432975324779362 0
1.569541987813807 0.0880657598434741 0
1.583413529096354 0.1322661704071489 0
0.8281088721054961 0.2633132771876838 0
0.8396690154989161 0.2613338293397851 0
0.9688325746673887 0.2268903023317846 0
0.9774292993110962 0.2382045564892789 0
0.9656820596142075 0.2406564384931371 0
1.878904635132501 0.3442208603305829 0
1.909335650913917 0.3110250401248909 0
0.2636569801771771 0.1417093613896477 0
0.2812530884633648 0.1401453598740082 0
0.2710523253319054 0.1562907537459561 0
0.8691945942829272 0.3095936343485599 0
0.8542415017384111 0.3094994722837133 0
0.8174809777067433 0.2639568911375572 0
0.8253998858314892 0.2527230736234896 0
1.16933255845208 0.06957381157682128 0
1.186423811374481 0.08837111696567233 0
1.150065872754957 0.08714418574652698 0
0.622511998214343 0.2415740314707243 0
0.6171917861364977 0.2453213391794303 0
0.6141294345713579 0.2377786496577284 0
0.4927560504370504 0.265733628736569 0
0.492036969322695 0.2712926478596424 0
0.4885934426704741 0.2661997233153708 0
2.399169178125491 0.2521058752660358 0
2.437674190756587 0.2711404037947974 0
2.400552429975423 0.2860531937284751 0
0.7398181740900676 0.18994691705223 0
0.7324006298187683 0.1796226795336957 0
0.7441868002435816 0.1775437847229748 0
0.5138247775775513 0.03741044382660703 0
0.5046714823272281 0.04613660269719729 0
0.3911004104254128 0.02643249108009419 0
0.4041392706820519 0.03587836183983262 0
0.2129720470316967 0.3480851705224226 0
0.2258216607207201 0.3289802383734066 0
0.2878007117460015 0.07942787441572609 0
0.2922316956002202 0.06450866854877151 0
0.4821964677342613 0.3869949503502512 0
0.4716688111433986 0.3781850743188476 0
1.093846150715179 0.06811611932313018 0
1.077917274076014 0.08678893527590749 0
1.991978975131747 0.1096476451479033 0
2.023142379187185 0.06681142171087252 0
0.8525663535699106 0.2720662049342938 0
0.5587966026894464 0.2929311873202365 0
0.5611341466269817 0.2864256829390382 0
0.5664148064497727 0.292089165568044 0
0.5568947573392677 0.2829927228345511 0
0.564512961099594 0.2821507010823586 0
0.3824076216554025 0.1666755363471291 0
0.3863965375827081 0.1591905724903478 0
1.458801378020499 0.1105046298162274 0
1.484937688643112 0.0726589916336947 0
0.448283715674049 0.1444844582000458 0
0.445011991916391 0.1481254801659978 0
0.4432471856816931 0.142553242825692 0
0.5840131267143966 0.2234601557509362 0
0.5851800764450441 0.2286696151268398 0
0.5799691462043517 0.2254144392824017 0
0.5308001635284988 0.2991492297536962 0
0.5380170483887616 0.2973039703321511 0
0.5892310664152507 0.2211991574538603 0
0.5840201361745583 0.2179439816094221 0
0.3627321444053955 0.3085520540567462 0
0.3508340148837248 0.3020580820404064 0
0.4478704979703947 0.2594808870983822 0
0.4479023414292129 0.2652887978754347 0
0.6170393899299045 0.2520443711745181 0
0.6086568262869194 0.2482489893615222 0
0.5738769072321276 0.173808493033415 0
0.5778395457400058 0.1766469206728254 0
0.5723489480685193 0.1773158158082151 0
1.163001541749746 0.3418240657253428 0
1.144398068811798 0.3228444127737238 0
0.537779243751754 0.09674744900805325 0
0.5375017615540174 0.1036481046381925 0
0.5313790242591803 0.09956044665733961 0
1.835722702032973 0.09961250920510469 0
1.809177138538056 0.1302002234294565 0
1.795582004937474 0.09625405034221809 0
0.4655099271974532 0.1184080573535364 0
0.4643459882818013 0.1237639393270433 0
0.4611100874574229 0.1183110326528211 0
0.4076838553085004 0.1213724443505666 0
0.4136940905609953 0.1262946055128117 0
0.4055864326481066 0.1264102678586814 0
0.6593165374958991 0.1118965483610534 0
0.6688710967294283 0.1196854716758805 0
0.6588362530132768 0.1255021243625862 0
0.5845645829181016 0.2123221378293812 0
0.5793466432172476 0.214583136126457 0
0.5656139323042308 0.2073496527827852 0
0.5710473520377175 0.2083922875568081 0
0.5660741239275917 0.2117301109804136 0
1.783400056611228 0.06246548987979138 0
1.756854493116311 0.09305320410414319 0
0.3617712902120364 0.09467258052265351 0
0.3698221538704768 0.08926872724131064 0
0.368444761560655 0.1034937774618727 0
0.8861613015241082 0.2857120174698125 0
0.9029082120090992 0.2953065505767034 0
0.8922712282337903 0.3013194492391851 0
0.630644140743676 0.1549928525442328 0
0.6414531608407639 0.1498897189342963 0
0.641780391569833 0.1599005918706398 0
0.4006300119454289 0.129335422419188 0
0.4066402471979238 0.1342575835814331 0
0.3983892040154211 0.2802596358443839 0
0.4039851916438163 0.2743365308660274 0
0.4064520736506795 0.2830058656812475 0
0.1877247848276994 0.3466681011405123 0
0.1964720341119386 0.3680626923163327 0
0.5752391251875738 0.2064865608527979 0
0.5751898426747858 0.2012018042418205 0
0.82048125244353 0.3338850370173379 0
0.8116257743930354 0.3499008630462644 0
0.800251663313668 0.323086146485915 0
0.6186526790191926 0.2024830199496443 0
0.610785700254321 0.1990605026105294 0
0.6181974821766708 0.1959621765916476 0
0.5517187494003868 0.2733622519026373 0
0.5542138231308256 0.2773898536304644 0
0.4828380311603482 0.299257625641043 0
0.4831383860924795 0.2926172706128751 0
0.4882357627813324 0.2979851657551699 0
0.5280128139437728 0.02515493192434544 0
0.5362716685820067 0.0342253835752613 0
0.5223652846475448 0.03565644713886127 0
0.5652186134956299 0.1378338696713112 0
0.5698804825629091 0.136036458856824 0
0.5703870363461949 0.1405457428855503 0
0.5508350086582133 0.2816648354871441 0
0.5705059790854112 0.170188214239974 0
0.5759965767568977 0.1695193191045843 0
0.5630695530934873 0.1813997542058863 0
0.5631232190108095 0.1767063310164006 0
0.5683326436433189 0.1791708113582904 0
0.3081815911758052 0.143293760955835 0
0.3008835301226442 0.1550770515177711 0
0.2959464946712542 0.1429434616683805 0
0.5490898420873794 0.2851252366673455 0
0.5464089078789373 0.2795223674632588 0
0.5746302812187373 0.3838337560098355 0
0.5670935450775993 0.3730033354528797 0
0.5805794819970802 0.3735460593699745 0
0.4750306717265847 0.3001613559414307 0
0.4801280484154375 0.3055292510837256 0
0.523411154926128 0.119966917090944 0
0.5265279093902254 0.1163949463728836 0
0.5286777573290534 0.1216733944740916 0
0.5835972576805488 0.1766256348505192 0
0.4024074295208159 0.2686346648010275 0
0.4104702991560744 0.2713808946378911 0
0.5633761833877582 0.07756651731837563 0
0.5604352875614811 0.06817892701285845 0
0.590597530047829 0.2465578038388967 0
0.5884193767919446 0.2534326381445272 0
0.3518207660141346 0.1023353994813782 0
0.3531981583239564 0.08811034926081614 0
0.4355096408354933 0.184253090081384 0
0.4341449664717284 0.1893998884953026 0
0.4302953114912368 0.1843404548401417 0
0.1193640020160584 0.1573967862446573 0
0.5611080002995368 0.2053412189317161 0
0.5660812284096625 0.2020033955081106 0
0.4309264106701599 0.2352458859420437 0
0.4275704985593889 0.2328116024451914 0
0.4322472659734245 0.2309885539084016 0
2.374567840977659 0.3079723203714348 0
2.413072853608755 0.3270068489001964 0
0.4139430916027226 0.1566179306402953 0
0.4077486416826506 0.1548874871860842 0
0.4122045430001444 0.1510529559449318 0
0.4709899730383622 0.1187695801570047 0
0.4677540722139837 0.1133166734827825 0
0.2466258171434305 0.1387846086656939 0
0.25682658027489 0.122639214793746 0
0.4829042036526174 0.09992912347870846 0
0.4856586817865238 0.09323600366750757 0
0.7352755889096001 0.3507368910057048 0
0.7211000312838827 0.362413620896991 0
0.7196515806630268 0.3396368331937974 0
0.2508586352502568 0.2207137795951229 0
0.257367755262405 0.2382006795960819 0
0.2405215374054556 0.2375438524854833 0
1.180433680726845 0.2328113545241374 0
1.16649432274344 0.2383825094076799 0
1.169166244626883 0.2250537728594807 0
0.4814491471055328 0.136602607307427 0
0.4773914694794205 0.1366087961655971 0
0.4799053426740414 0.131071531951484 0
0.8905310956157098 0.0792412028957367 0
0.9073811954176918 0.08632326820074905 0
0.4657332557457377 0.1332584908736065 0
0.4655198482014409 0.1273395377729274 0
0.4689592355661284 0.1297799171284378 0
0.5054270927913795 0.3175124059716588 0
0.4997029611765469 0.3124745415101224 0
0.5076031968813651 0.3113045530593526 0
0.4522143287575945 0.2455866123753124 0
0.4478465213359621 0.2498956307607672 0
0.4484660174243816 0.2438927154600524 0
0.5532167423709951 0.239116961612533 0
0.5581064152562749 0.2425824002265824 0
0.5520623250327097 0.2430414167085778 0
0.5456088819657736 0.152192598530646 0
0.5437615858451066 0.148564822666045 0
0.5497944897356013 0.147930073360559 0
1.199518175269704 0.09852813910511792 0
1.225508478216429 0.09246397046680432 0
1.219336156414528 0.1201913667759556 0
0.4117986183424562 0.0475471723863557 0
0.4150869405360511 0.03476207829116885 0
1.574179846142255 0.3778604566864876 0
1.528023450684822 0.3799353805939659 0
1.548588540587231 0.3477958372804536 0
0.6231285366637556 0.1489785239395378 0
0.667239330327924 0.2734454883224851 0
0.6765320028389665 0.2793959454042196 0
0.6650055921575259 0.2863231401670011 0
0.4232477439964439 0.2523222779364233 0
0.4200704665835646 0.2568142063461298 0
0.4169505729488323 0.2516308932873343 0
0.5069220874581204 0.3054153137523293 0
0.5126462190729529 0.3104531782138657 0
0.3905977704222344 0.1714793151041429 0
0.3838656914862536 0.1726198151212169 0
0.3090545075529527 0.1676441882470305 0
0.2968194110484016 0.1672938889595759 0
0.6268246204730947 0.01086352146388795 0
0.6278848096000661 0.0285270994663474 0
0.4240189216239446 0.1907977178368968 0
0.421374815926122 0.1876544403743967 0
0.4262865314296493 0.1863439757915601 0
0.4339948785079857 0.3994990276428433 0
0.4192128155026875 0.3992016899513693 0
0.4260610511619972 0.3887007175942128 0
0.5844609916362572 0.195318002830743 0
0.5791315706210363 0.1931634947399446 0
2.287745583813181 0.2956145570268169 0
2.316598244884053 0.2607995993313017 0
2.333194756273455 0.3018336228952286 0
1.784574344330386 0.2637634487863878 0
1.790189385103112 0.3033015859052778 0
0.5081006697079598 0.01329299774397271 0
0.4946604540243262 0.01141866969396931 0
0.5682476460961849 0.2699854187900344 0
0.5657600182489931 0.2764512451509741 0
0.3613319051703829 0.3261030385092342 0
0.3669585637454641 0.3171804231692523 0
0.3738624202643274 0.3287835247776473 0
0.2917129424401778 0.344266809837214 0
0.284791994635205 0.363329155039093 0
0.5216749793232338 0.1244795473857088 0
0.5195251313844058 0.1192010992845008 0
0.4187502529786017 0.380221864065058 0
0.4335323159838999 0.3805192017565321 0
0.5893147904783225 0.1980478869576673 0
0.3528523240373391 0.1146912546927092 0
0.3442791921492592 0.1081290234308718 0
1.955905974042412 0.1042542783661084 0
1.964760213440366 0.1445745100954795 0
0.6162300040072619 0.2120447504635192 0
0.6236417859296117 0.2089464244446374 0
0.274925744448912 0.2364205055290692 0
0.2645886466041109 0.2532505784194296 0
0.3774707730704379 0.1766340921203808 0
0.3856609218372697 0.1814378708773946 0
0.3055788081372091 0.370277342847477 0
0.291494243176226 0.3768606834253901 0
0.4850200663690853 0.264265899602898 0
0.48430098525473 0.2698249187259715 0
0.4468274604172698 0.1609324868602242 0
0.4420077585854768 0.1575725171562618 0
0.4480076460106006 0.1570640522135508 0
1.435289705810245 0.1467268505116967 0
1.417898328427129 0.107601588171859 0
0.4347906669397374 0.2372074583189843 0
0.4301138995257018 0.2390305068557741 0
0.6482565427880587 0.1270839046380857 0
0.4577739870246447 0.1359511602663223 0
0.4574519863063066 0.1417065363566631 0
0.454013734896063 0.1375140913264914 0
0.4279248227334439 0.1288524442008813 0
0.4199803351074785 0.1275125065011825 0
0.4237360008473545 0.1225967197043957 0
0.5794312273627331 0.2337452548804165 0
0.5840363800736039 0.2354114569515655 0
0.3817095260303275 0.01488585720777131 0
0.3980367084805615 0.01154663387232288 0
0.2785092137339972 0.389956247808503 0
0.2992960272360012 0.396904435616887 0
0.945141291852332 0.05796562572037261 0
0.9669743318306119 0.0721876096954041 0
0.9341948862551614 0.07857670123400919 0
0.4453021352233116 0.09503857055681761 0
0.4514888629386878 0.09826660812998224 0
0.4448158663240617 0.1027105957675526 0
0.5673114591548681 0.3966455160463703 0
0.5807973960743489 0.3971882399634651 0
0.4251617652666062 0.2477188334756075 0
0.4282816589013385 0.252902146534403 0
0.5411433642935308 0.1063849267650595 0
0.5347431448009571 0.1091979244143458 0
0.5857507836146001 0.07751660417528804 0
0.5944901553785373 0.0715606200138782 0
0.5956952919409529 0.08145038784585409 0
0.7198362008414987 0.1836021810964836 0
0.7242048269950128 0.1711990487672284 0
0.5069209959830825 0.1162248801156786 0
0.5082608981650597 0.120277297171374 0
0.5038868079105483 0.1183429306384476 0
1.796107463242262 0.3403659513219149 0
0.5536675801644552 0.06223316006449144 0
0.283413787623678 0.1659933369607547 0
0.2658176793374902 0.1675573384763943 0
0.5614307946294657 0.03430714954686454 0
0.573610974075505 0.03589509336840265 0
0.5662228863477241 0.04529559404712469 0
0.3976949742658205 0.196270379896378 0
0.401069918737019 0.1906595808807196 0
0.4043181148022067 0.1970122488520945 0
2.283872892131273 0.3733242902953718 0
2.258818308934655 0.3310837477958277 0
2.158100531614789 0.3782855880783106 0
2.172478666908177 0.3360450455787666 0
0.4722967465348804 0.1274693424187064 0
0.4725101540791772 0.1333882955193855 0
0.5157276992389039 0.111040617662896 0
0.516278196612447 0.1164238578191704 0
0.5107445888640509 0.1127760064923305 0
0.4379994438555008 0.2406998837353009 0
0.4395675096731646 0.2456131895944256 0
0.4355462216129432 0.2459053850918394 0
0.2794763934230303 0.09339598711309667 0
0.2712619088971882 0.07737146881008751 0
0.4713683147619223 0.2940345339086085 0
0.4677507113129552 0.288893217379334 0
0.4741230510225283 0.2887484139694737 0
0.4365468606964111 0.1192143040586359 0
0.4426941293548775 0.1208628217149172 0
0.4378277571317863 0.1255851750603758 0
0.4399951206529539 0.131534571490612 0
0.4452469676148019 0.1330729567881985 0
0.441267062477503 0.1373738355621534 0
0.4169511256337725 0.1873027437700124 0
0.4192187354394771 0.1828490017246758 0
0.3819159315550681 0.193155557149084 0
0.3868563908110434 0.1876849299007808 0
0.3895063189446575 0.1953883391733063 0
1.569312259569148 0.3188298310682803 0
1.523155864111715 0.3209047549757586 0
0.4927311324678812 0.3116539576028833 0
0.4949072365578668 0.305446104690577 0
0.5698077351544388 0.1619522837110659 0
0.5709516974993298 0.1569556803936022 0
0.5737696109550723 0.1609024369936795 0
0.5216532392768448 0.01329299774397271 0
0.5355596232113067 0.01186193418037273 0
0.552380415804549 0.3966455160463703 0
0.5421144035570803 0.3951385368474419 0
0.5508783320517878 0.3817840528938123 0
0.680765590099988 0.1118119162028936 0
0.6802853056173657 0.1254174922044264 0
0.4608142706612024 0.1464887150870967 0
0.4570540185326207 0.1480516461472657 0
0.5928321041453003 0.1350921038789571 0
0.5857711236550843 0.136061393758337 0
0.5909195824129396 0.1300243170871005 0
0.9886304731886182 0.2328293575198861 0
0.985479958135437 0.2465954936812386 0
0.953258376544337 0.2404018490367864 0
0.9618551011880445 0.2517161031942807 0
0.255325494425704 0.1756280309994572 0
0.2676869567174766 0.1853306142142559 0
1.918989993987094 0.1024414196801737 0
1.946208755678475 0.06751455473259747 0
0.5323798292636255 0.3975217628888787 0
0.5308777455108644 0.3826602997363207 0
0.3927545150098452 0.2017410071446812 0
0.5640999171807513 0.2157071035219081 0
0.5695333369142379 0.2167497382959309 0
0.4758720070472752 0.05569336290872135 0
0.4684141715815636 0.06269372819268923 0
0.4680492585299545 0.05209444142884898 0
0.4531650020218978 0.2675806648742398 0
0.4555365878492258 0.2644290725354324 0
0.4569436827972096 0.2697093314272426 0
0.8359860060906088 0.317266336510907 0
0.8473601171699763 0.3440810530712563 0
0.5220836322157854 0.04648089547752288 0
0.861775067469184 0.02241615009388718 0
0.8935665022981966 0.03217735862948885 0
0.8805704114478691 0.05459350872337602 0
0.5947829443412525 0.1571735501297455 0
0.5957519447000426 0.1638100961874573 0
0.5888616220772779 0.1606794975734156 0
0.4066436218818968 0.2051355501246758 0
0.4064631380953094 0.2008717702697796 0
0.4121635896461979 0.2033842725267025 0
0.4329231069599927 0.278662762503421 0
0.4300206421360742 0.2727712784208087 0
0.4364845458948912 0.2731703909681912 0
0.4388144284277422 0.2677780483270094 0
0.4345398294822957 0.2625963674578126 0
0.5888288164467758 0.1737138577170702 0
0.584599063669841 0.1702278207645763 0
0.4293553210655923 0.1171882373740392 0
0.4214108334396269 0.1158482996743404 0
0.6013463937325016 0.1528082264440971 0
0.5944560711097371 0.1496776278300555 0
0.4112440522102664 0.1869493774783638 0
0.4134001326969113 0.1917548161280847 0
0.4294421688641405 0.2845720364049767 0
0.4359060726229576 0.2849711489523591 0
0.5553690401177406 0.02431525861444398 0
0.5479809523899597 0.03371575929316602 0
0.432829646133275 0.104961187769186 0
0.4400211857640939 0.1069872544537827 0
0.4342216932886834 0.1124658840285807 0
0.4822635888427157 0.05166657337963492 0
0.4826285018943248 0.06226586014347518 0
0.5138429213795478 0.09777573340385005 0
0.5150865215392195 0.1039415854561999 0
0.5089504913308363 0.1012269142837064 0
0.3108916394490513 0.01760479850246644 0
0.2913998280800385 0.01760479850246644 0
0.373465924104062 0.1921777152891914 0
0.3761158522376761 0.1998811245617169 0
0.4493094363771968 0.2705690567672449 0
0.3918542212196799 0.1284240596058567 0
0.3929080357694972 0.1362713753286084 0
0.4069234853250213 0.2213238504161842 0
0.4100260161324506 0.2167988167970194 0
0.4126326626975073 0.2223230387096782 0
0.07503584771338609 0.1614167930297727 0
0.05800676098176188 0.1388032694593616 0
0.4686583320170116 0.3003061593512911 0
0.3334149308109742 0.1033373977791342 0
0.3344464888341788 0.1156932529904652 0
0.6236569829882823 0.2589329553802321 0
0.615122023138704 0.261860605562324 0
1.019845189589394 0.375892995778448 0
0.9781551861608401 0.3831539326437791 0
0.9964041543620721 0.3490469284222272 0
0.5722952821511972 0.1820092389977008 0
0.3913082873373809 0.2638243262661417 0
0.3942693053000146 0.2563264140589461 0
0.3988833399711916 0.2640923888219683 0
2.242221797545252 0.2900497242319008 0
0.5206201292876156 0.1075894367830397 0
0.5816569536985083 0.2874367641673994 0
0.5744274906047879 0.2905339227455032 0
0.5759818134810284 0.2824865026087419 0
2.409945233686583 0.07899186731557546 0
2.373332558574204 0.09395307143878316 0
0.3110907886808957 0.2949402661020601 0
0.2964815851270015 0.2926658021718557 0
0.3058669532946003 0.2823429497964689 0
0.5553566350287702 0.3714129479308775 0
0.561305835807113 0.3611252512910164 0
0.489448029358594 0.2760306588470039 0
0.4865335211937613 0.2780264184089873 0
0.4849598533912859 0.2737545020004276 0
0.5070058610368937 0.1345949733233674 0
0.5074803841829013 0.1290055007338794 0
0.5111619994675449 0.1337698232366036 0
0.5184825997092648 0.2632746159168374 0
0.5224390280871706 0.2629655464479455 0
0.5198569016082497 0.2683800339223866 0
0.7486614931513684 0.3358850412912973 0
0.7501099437722244 0.3586618289944909 0
0.6299550557835905 0.2405165882540471 0
0.6268927042184507 0.2329738987323452 0
0.4562172625809047 0.0958294242407853 0
0.4557309936816547 0.1035014494515203 0
0.5842433626788411 0.1586694484277607 0
0.5777538384695788 0.1596008895080167 0
0.5814030975092255 0.1549743925959599 0
0.489332478140717 0.3191332549179317 0
0.4845367535220368 0.3121048180983862 0
1.156177243185908 0.243135077337925 0
0.5549545893896124 0.2525017714008284 0
0.5534517379849347 0.2482250798713533 0
0.5584548493226672 0.2507835468521022 0
0.5650234785290522 0.1107840620514989 0
0.5670222686694297 0.1174636919071008 0
0.5598488985845489 0.1149820752065702 0
0.5880803605836489 0.2334571734201001 0
0.6172895466796057 0.2778036994822535 0
0.6086926303350976 0.2785797897089 0
0.6131426998525737 0.2695252799946846 0
0.6155620218570208 0.1893221594788645 0
0.6234290006218923 0.1927446768179795 0
0.03169885984514456 0.1216215195645929 0
0.02630790113661732 0.1551412931951856 0
0.4407478604885912 0.1841286332219016 0
0.4368982055080997 0.1790691995667408 0
0.5053462573373269 0.1388919997103618 0
0.5016646420526832 0.1341276772076377 0
0.5158810630295652 0.2592495414131023 0
0.5132989365506443 0.2646640288875434 0
0.4841189370830032 0.1407504585579631 0
0.4866328102776242 0.13521319434385 0
0.3714951674450961 0.07025683173536691 0
0.3586531562999773 0.06605972399871778 0
0.5592521395159596 0.215871366751317 0
0.5627113525026057 0.2208909940668343 0
0.4566289233725394 0.2433781746085356 0
0.4560094272841199 0.2493810899092503 0
0.5502504711009895 0.2351796315249385 0
0.5562945613245547 0.2347206150429431 0
0.5433710766141053 0.1566218253798294 0
0.5494039805046 0.1559870760743434 0
0.5592495414308536 0.1841189370450261 0
0.564458966063363 0.1865834173869159 0
0.4497495288933532 0.1648203684821124 0
0.4437496414682294 0.1653288334248235 0
0.5351878543447335 0.2502447134274455 0
0.5390598736604162 0.2530867503053921 0
0.534664030880169 0.2561652886218717 0
0.4648121457184108 0.1497552865338206 0
0.4652101134920967 0.143410176743218 0
0.4617530534079692 0.1354808584072951 0
0.4583148019977257 0.1312884133771234 0
0.4740807289065584 0.2555959324593352 0
0.4756118289226055 0.2612922477544633 0
0.4707478150726405 0.2590246053568936 0
0.5259192711422671 0.1444040675608947 0
0.5244298594437353 0.1386358096606459 0
0.5292938732632905 0.1409034520492041 0
0.5508760447453812 0.1045687761699372 0
0.5522570408435495 0.1103367281000736 0
0.5452829771447594 0.1066030589190425 0
0.4338478519944875 0.1298860538343307 0
0.4519410345235959 0.2772052361574365 0
0.4466783739309109 0.2749133691586315 0
0.441139963136909 0.2321074244270865 0
0.435687753336821 0.2293089736446199 0
0.4412245383895345 0.2279935606664525 0
0.2885511495165259 0.1283620693120721 0
0.4026300045454864 0.2092113381856392 0
0.408330456096375 0.211723840442562 0
0.4647685343805329 0.306433649786863 0
0.4611061774158705 0.3003068277540408 0
0.524365920827107 0.374279736306332 0
0.514731810040711 0.3751769742203448 0
0.5179545596504084 0.3644131847489193 0
0.4155829960015229 0.1620688167196818 0
0.4200388973190167 0.1582342854785294 0
0.4179749933826986 0.2228353615551998 0
0.4148724625752693 0.2273603951743647 0
0.5727007875091918 0.1197951827019171 0
0.5675262075646885 0.1239931958569884 0
0.6129834824502314 0.09069868226515092 0
0.6188614459129047 0.09578450773122966 0
0.6080550494897149 0.0991039276410375 0
0.4649420958443423 0.2834252154513193 0
0.4621776285994927 0.2779599893306663 0
0.4677409803287116 0.2781418713195463 0
0.5720899466672527 0.2970394271267015 0
0.4164733829394597 0.100798856795933 0
0.4248271573504767 0.1025433525461539 0
0.4186763792468475 0.108695321593763 0
0.4767293940882733 0.313008548398774 0
0.589369099247379 0.2097672653453281 0
0.4211593139303115 0.2187597347422963 0
0.4233991138080734 0.2237970912069829 0
0.5560443267960216 0.2565838021683708 0
0.5510412154582891 0.2540253351876218 0
0.4175808191587045 0.1478748433315171 0
0.4113863692386325 0.146144399877306 0
0.6387741509054883 0.1407182939181508 0
0.6033058748659659 0.0847562529297015 0
0.5945665031020286 0.09071223709111134 0
0.5852123630376311 0.1653059944854725 0
0.4740539585106684 0.1389193708753285 0
2.11836467164102 0.04782013670854347 0
2.095731443253981 0.07996785171014989 0
2.085793251027615 0.03214771500160642 0
0.4379953387198451 0.1410148575281055 0
0.4946537427217416 0.2611080002988787 0
0.4980972693739625 0.2662009248431502 0
0.447427278380868 0.2399956926562423 0
0.4430594709592357 0.2443047110416971 0
0.5400432741888087 0.1474810905643337 0
0.5442288819586364 0.1432185653942467 0
0.5485620650996549 0.2447596412573039 0
0.4495484565987875 0.3050391874750079 0
0.4472979278573425 0.2983890187697555 0
0.4549658510379467 0.2997841494843604 0
0.5063704986095395 0.1108416399594042 0
0.5315814160117017 0.1359273890715979 0
0.5330708277102334 0.1416956469718468 0
0.3297032559619957 0.01271546216032163 0
0.3197568151673694 0.03032026066278807 0
0.3644140644535575 0.1904184484395945 0
0.3702141437709495 0.1836928810269615 0
0.925593788045878 0.03217735862948885 0
0.4057229292034512 0.1858609449317603 0
0.4092739221403124 0.1814088725736881 0
0.4189688627767555 0.2142911985383691 0
0.4243929832021304 0.2152529281901522 0
0.5529339095910629 0.1384199380959927 0
0.5524712441169195 0.1328727315016946 0
0.5559556257616907 0.1353888909802028 0
0.5995000417020708 0.1371836656760638 0
0.5943515829442156 0.1432207423473003 0
0.3646441386622411 0.2445412487494375 0
0.3705213455497157 0.2378430034707568 0
0.3742709398107752 0.2466527730539783 0
0.6375779635494421 0.2228096871005615 0
0.6277774363526896 0.2252123052370901 0
0.6310196381144335 0.2161055368219837 0
0.3910011499248804 0.2506385663645579 0
0.3985762025586911 0.2509066289203845 0
0.6203343787834421 0.2262697484537674 0
0.5689583930583973 0.1298246361471948 0
0.5741268159089625 0.1325365093614339 0
1.222682853322104 0.2955502130748432 0
1.221831761605931 0.3206073557134211 0
0.8521525251201127 0.2611050333377087 0
0.8485112898514384 0.2518506636715398 0
0.565317323286501 0.1617295516637453 0
0.5681352367422434 0.1656763082638227 0
2.345715179906787 0.34278727806695 0
1.889002523992293 0.1363699128030139 0
1.879305305628356 0.09963018916950291 0
0.4966947869039169 0.2797069564970698 0
0.4936106371251704 0.275564564268202 0
0.4992837268680179 0.2749689455097083 0
0.4323437334699313 0.1408267836248903 0
0.4343238566741213 0.1460061908884288 0
0.5423334230937318 0.04421727450768186 0
1.133583361137054 0.2798220103449756 0
1.123285387938775 0.2715145986940822 0
0.4480281550543748 0.1230876621934887 0
0.453208509966449 0.1253501734532355 0
0.449155380702327 0.1294962039764039 0
0.1465397429390405 0.1849787709421548 0
0.1246675711545894 0.2012298894843185 0
0.1193999390941283 0.1805341480618873 0
0.4049494011157211 0.1142194662699892 0
0.4130570590286098 0.1141038039241194 0
0.7967188109799763 0.0633201084401997 0
0.7822460754338536 0.0775252108989103 0
0.7820310413545188 0.0582815362411191 0
0.473177016758007 0.3198150436488953 0
0.4687683116514078 0.3132394766342346 0
0.4425120640128827 0.2966490167795067 0
0.4479294584520418 0.2913939787888593 0
0.5751548700673912 0.2164888628304672 0
0.5756993168109346 0.2108670190504263 0
0.5787860090595127 0.1164882435518246 0
0.5792899479547715 0.1230177475017122 0
0.2329323448236001 0.1529371945263222 0
0.226101944921313 0.1338670479304205 0
0.591677866204124 0.1243829177796702 0
0.584616885713908 0.12535220765905 0
0.4689070508396781 0.0112692756446299 0
0.4811286526460317 0.01141866969396931 0
0.4750043968356903 0.02268794533859921 0
0.4098380825665079 0.1952609712541211 0
0.6048456868178949 0.3831498655959777 0
0.5935155430868044 0.3715660421395819 0
0.6102450117664813 0.3703394278086294 0
0.861408627922433 0.2625830392660486 0
0.5655823452207585 0.2252883360323705 0
0.5702751667054622 0.2249301431398631 0
0.5682983817588232 0.2294917483348083 0
2.105485968296173 0.1257865257183658 0
0.702465729189564 0.1097438032596527 0
0.7133068224760055 0.1152561526768954 0
0.703020892274367 0.1230562861486822 0
0.3527649515504812 0.2060269748895428 0
0.3581214435192051 0.1975724670918668 0
0.3623093528179461 0.2073577904995003 0
0.50018111806365 0.09276291645017805 0
0.5033081704030551 0.09932691370784383 0
0.5418932068125251 0.3027446860140575 0
0.54491321835985 0.296021748339159 0
0.3555904145184702 0.3364360194843108 0
0.3486865579996069 0.3248329178759158 0
0.1818353036786872 0.3883228114672111 0
0.2070825658826844 0.3897398808491214 0
0.5772600770363913 0.01245332443407125 0
0.5815769039794019 0.02616558598085105 0
2.138975976727745 0.02757725500617569 0
2.148914168954111 0.07539739171471917 0
0.5425752296965122 0.2514449580105468 0
0.5420514062319477 0.257365533204973 0
0.5411889376326759 0.1373472134807003 0
0.5456584164546526 0.1342316861431748 0
0.5449800491243151 0.1390193059550099 0
0.4813665463188549 0.03396570776640986 0
0.4691449445125014 0.03381631371707045 0
0.4514379348755703 0.1552403587289324 0
0.4466182330437772 0.1518803890249701 0
0.4548929351374763 0.3890073151832905 0
0.4457850218140116 0.3780954838552138 0
0.4598348427841925 0.3781047437528174 0
0.5564333196479254 0.3000285669851538 0
0.5511526598251345 0.2943650843561481 0
0.4191347202938958 0.05411685804914922 0
0.4081870504398967 0.055233141597813 0
0.4413172301678985 0.3599360527631403 0
0.4384742236306161 0.3696166303260591 0
0.4290645243377869 0.3623597706644585 0
0.4687481831421696 0.2635244413586957 0
0.4672170831261226 0.2578281260635676 0
0.5964737406812266 0.3971882399634651 0
0.4467472586189996 0.1167167911917489 0
0.4224254122405163 0.02499491705866411 0
0.8587396607866971 0.06947999436013504 0
0.4578690841182809 0.08436028534316059 0
0.46546093001724 0.08513865126004655 0
0.4595669777368969 0.09137294883613319 0
0.7483785472463056 0.1688069946772814 0
0.7557960915176049 0.1791312321958157 0
0.3157394162226549 0.2730411754542116 0
0.3011302126687606 0.2707667115240072 0
0.450105321808538 0.141090844138286 0
0.4518701280432359 0.1466630814785919 0
0.6574025716871819 0.2705075859547845 0
0.6689289823686224 0.263580391192003 0
0.6132032093609034 0.3959616256325125 0
0.5043481389846599 0.2745342307361776 0
0.5012639892059133 0.2703918385073098 0
0.3752626594993399 0.3112325403251593 0
0.6065251067941959 0.2626366957889706 0
0.7101911250914905 0.2816803330347002 0
0.7018822074553595 0.2726318424578493 0
0.7138433814004685 0.269935033091037 0
0.635943140917247 0.1971098456887039 0
0.6296136313048545 0.1911179920788081 0
0.6394923112805591 0.1888431438367495 0
1.114407056989047 0.2657796693094155 0
1.127559532127322 0.2598903679412671 0
0.4306266498258872 0.09706472297135595 0
1.865710172027774 0.0656840160822645 0
0.6084798419069453 0.1491436862077967 0
0.6088067151384607 0.1566396085074867 0
0.4989855604427372 0.08556697772960607 0
0.5065113335502517 0.08786512351078458 0
0.5486983607806131 0.1401030380567212 0
0.3505460120188679 0.3476927908655328 0
0.363191359189644 0.3489629114988512 0
1.199841308346968 0.2475025433791735 0
0.4250354252372798 0.2907590636604351 0
0.4220524595743148 0.2844506772114969 0
0.485828930139344 0.2817540251426694 0
0.4813407541720359 0.2794778682960931 0
0.5336636625957756 0.2811020763476662 0
0.5393092146889543 0.2845055855060302 0
0.5731806633205507 0.2204658553719616 0
0.5758966998586155 0.2246692676743995 0
0.8336329128315643 0.02241615009388718 0
0.822641376759749 0.04445436698509141 0
0.8074953129724569 0.02203821689120424 0
0.414039633468861 0.212723028736056 0
0.3713499545537808 0.2057811138532194 0
0.3659934625850569 0.2142356216508953 0
0.5628518279630361 0.01245332443407125 0
0.5494019857235302 0.01186193418037273 0
0.4424477315582265 0.01344828318634122 0
0.455127513270202 0.0112692756446299 0
0.4501030133173613 0.02471755883097113 0
0.3958197988709733 0.2082397463325663 0
0.3975066330854515 0.2148280366504526 0
1.172941449543977 0.2878740819291695 0
1.160281632513147 0.2887701350950349 0
1.14610050458871 0.2699889152891293 0
1.146782731402695 0.2606352621293803 0
0.4897789074372665 0.2858236929912828 0
0.4845861404155412 0.2872751428783886 0
0.4053684474834497 0.261136752593832 0
0.5955494402952534 0.1703935308423423 0
0.5945476343059612 0.1767913449282851 0
0.4133529814629772 0.177101432862478 0
0.4169793439918378 0.1732723143517926 0
0.4184214076759881 0.1786681866096062 0
0.2715225917904315 0.01674229537693183 0
0.281067962364818 0.03434709387939827 0
0.688497846077873 0.2754477179806081 0
0.6862641079074749 0.288325369825124 0
0.4560137164301339 0.1213042731483241 0
0.4571409420780861 0.1277128149312393 0
0.3686295989430288 0.3710904041748611 0
0.3608180456389153 0.3834074940017372 0
0.3503354033859282 0.3725367727069493 0
0.5378494261949913 0.12486445562978 0
0.5417722805311517 0.1269852520005361 0
0.5379444506268531 0.1304387972981091 0
0.3668662226634739 0.1385599552648102 0
0.3745540722640404 0.131952403392034 0
0.3764443954431818 0.1419675643880534 0
0.4908811393991545 0.1259046714772964 0
0.4926147440884434 0.1217305928951598 0
0.4955971854413712 0.1256900553537358 0
0.3707529385066016 0.3959805627348245 0
0.352458742949501 0.3974269312669126 0
0.484865445312507 0.07822700482421151 0
0.4919558388239079 0.08205629414902084 0
0.4855649514447346 0.08663548134419023 0
0.8146485526724565 0.29080870757937 0
0.8273626370119648 0.2993034562297948 0
0.5658311905937164 0.196810986332619 0
0.5703371225984106 0.1988194201836882 0
0.5569273942820673 0.1209022547826707 0
0.5549286041416898 0.1142226249270688 0
0.6063345707772136 0.1326930859811103 0
0.607854049576129 0.1408217244494535 0
0.4755708053455899 0.2834062862349872 0
0.4791884087945569 0.2885476027642617 0
1.011677552122105 0.3270027708034883 0
0.9699875486935516 0.3342637076688195 0
0.4334437532044576 0.3042670490529027 0
0.4287160537589187 0.2978852320996587 0
0.4371528339726444 0.2972622398071589 0
0.4167948597483219 0.1676953660812902 0
0.4218632859613328 0.1692621198284184 0
0.4236211430195677 0.2622551869079032 0
0.417323971971956 0.2615638022588143 0
0.4035549173657718 0.3992016899513693 0
0.525817729022424 0.09657509780177198 0
0.5255402468246874 0.1034757534319112 0
1.290322560581836 0.3096467734192388 0
1.329244744867081 0.3115893590029155 0
1.316448917811795 0.347101613228945 0
2.020449069401945 0.2904844121043292 0
2.031995072072233 0.3242004024629926 0
1.988878813980149 0.3175276649728088 0
0.8131577625715927 0.06128069117965027 0
0.8133727966509274 0.08052436583744148 0
0.2516551465710569 0.2948743712630829 0
0.2586641613498334 0.316052855958483 0
0.2404095089152062 0.3100914127048107 0
0.4263505617124314 0.21174169033509 0
0.4285410128659873 0.2162102265390172 0
0.5132527248708609 0.09088493475609684 0
0.5193887550792442 0.09359960592859035 0
0.5799808042714043 0.1682177716189215 0
0.5881145920825951 0.2943102990403002 0
0.5896689149588356 0.286262878903539 0
0.6222522808312039 0.3694975355844859 0
0.6342180101909838 0.3589913283939257 0
0.6335408848573516 0.3714170440744651 0
0.4621873595837363 0.2887113353904541 0
0.6433209931020688 0.2042689580660501 0
0.6334423131263642 0.2065438063081088 0
0.3531295610439729 0.1527778440999341 0
0.3596603088488123 0.1455920835424776 0
0.4969343095525994 0.1341444187652522 0
0.4985939132521661 0.1298473923782578 0
0.4598593264333293 0.2521399026251067 0
0.4554447318183844 0.2543483403918835 0
0.4416926674773216 0.1695842919976429 0
0.4387705990012383 0.1656964103757546 0
0.439425025085764 0.1744483058279162 0
0.4341868054326661 0.1745727626873986 0
0.5584669251643342 0.2303166130913321 0
0.5614331964343399 0.2342539431789266 0
0.5607345675559667 0.2254525992617794 0
0.4691903158298651 0.1411878092095294 0
0.4651924407726567 0.1379212377628055 0
0.5653630195915968 0.1914648056171261 0
0.5691830312542306 0.1887456227779864 0
0.5523138734042085 0.1597651692153597 0
0.5545516787558769 0.1553359423661763 0
0.5306198677310323 0.2585077214287814 0
0.534491887046715 0.2613497583067279 0
0.4443487400526723 0.2355998498434031 0
0.4388119549999588 0.2369152628215705 0
0.4915830905035884 0.1346125897651292 0
0.488913300526118 0.1304647385145931 0
0.5085129005967499 0.2652980390587937 0
0.5111144372764496 0.2693231135625288 0
0.4596744244798783 0.0316360718453196 0
0.5201230587634338 0.1372158207955283 0
0.5234976608844571 0.1337152052838377 0
0.4798361758549323 0.2628773349352018 0
0.4765032620210145 0.2663060078327602 0
0.4106990540320278 0.1660790112430561 0
0.4376561011401705 0.1501248002842579 0
0.4320044958902567 0.1499367263810427 0
0.6109221371001134 0.35791371212809 0
1.377539648927735 0.1069585760140502 0
1.401051321137989 0.07073635531858087 0
0.1452040723173508 0.3652876582229858 0
0.1405036627474717 0.3422843035682674 0
0.1665243623380623 0.343642268279704 0
0.4776133113018863 0.2787217158727368 0
0.4783179023563037 0.2749941091390547 0
0.6049282930720445 0.2837246339840326 0
0.6007814462450126 0.2754462144964637 0
0.4444083098708622 0.2259283688106472 0
0.4389561000707741 0.2231299180281806 0
0.399099788667065 0.1851190759760439 0
0.6520150234517152 0.02507449922218826 0
0.6540315961392589 0.03715406708724533 0
0.6394367109667676 0.03380661079283296 0
0.8859415047679182 0.3191881674554507 0
0.4612161570502666 0.3132401450369844 0
0.5145420210095527 0.1209364881139353 0
1.948997078269418 0.3149340321025237 0
1.937671383954359 0.2799026826365126 0
0.587325846750975 0.2728462447043177 0
0.5806734083215722 0.2726739974043393 0
0.5847879784977983 0.2661308980780188 0
0.6670580828167078 0.3727243539236411 0
0.6847158248883043 0.3710682518562047 0
0.6765927175259809 0.3833687603409803 0
0.6141122712891556 0.08143683301989367 0
0.381625730153648 0.1253490983960401 0
0.3893477063295797 0.1184131454866197 0
0.6266798597631389 0.170380417318767 0
0.6183351413050054 0.1712213007078163 0
0.2965746556937165 0.2564676707670834 0
0.2941940739462268 0.2467398279437654 0
0.3086220938493254 0.2517370943584318 0
0.2188126459419436 0.3078017536780064 0
0.4006054045450066 0.220703857295063 0
0.4032120511100633 0.2262280792077218 0
0.4552324123981317 0.1514452602090255 0
2.06459597859841 0.3300757729055172 0
2.033025723176614 0.3571190257739967 0
0.547276501401371 0.2889243686742417 0
0.5939808862388609 0.1831223593026372 0
0.5946321101787688 0.1891886366696431 0
0.4268538780299252 0.177016362262572 0
0.4252161183274948 0.1721183337954352 0
0.4300222261525713 0.1742956279590864 0
0.4725479535298577 0.2789225270779489 0
0.5877881335529664 0.1475860660329487 0
0.4489138696423077 0.3994990276428433 0
0.5082966752891375 0.3850084256986829 0
0.5018853141124389 0.3751418741412701 0
0.3548696631860926 0.1890876328296369 0
0.4625608978199339 0.3672732429907709 0
0.4907013479219287 0.397486662809804 0
0.5050434349755198 0.397486662809804 0
0.4785682882751229 0.08940671434269824 0
0.440267150309897 0.3506454125547795 0
0.4496768496027262 0.35790227221638 0
0.3874715438854303 0.3959805627348245 0
0.4555262690207539 0.2597037795450848 0
0.4516763698715445 0.2569449668292283 0
0.4342144762513369 0.1660807508323906 0
0.4362714502422448 0.1618252922595712 0
0.5663657290697202 0.2339785348729322 0
0.5641933652299406 0.2383825368245432 0
0.5565688433240892 0.1509782581363648 0
0.5594787362236975 0.1547563512773812 0
0.5733747970164271 0.185899722451602 0
0.5742788505446612 0.1907811106818122 0
0.5383525882353816 0.2640910731698127 0
0.5343084250862449 0.2664335059767224 0
0.4859308591731902 0.1265052760560172 0
0.5140380712847028 0.2733202627971337 0
0.5092520353308085 0.273954272968384 0
0.6299471016342399 0.3959616256325125 0
0.5223759315345557 0.128770290805436 0
0.5266827322148574 0.1301902796705536 0
1.202513230230411 0.2341738068309744 0
0.4504273225268761 0.1353354680479453 0
0.500327517941455 0.1256733137961212 0
0.4281458892284254 0.01344828318634122 0
0.3657804093666031 0.2304610372007963 0
0.3754072105151371 0.232572561505337 0
0.3951956146763574 0.3851822526861939 0
0.5053461807647991 0.2611071253946341 0
0.5031616814906045 0.2657662100696195 0
0.4388928745987767 0.2053461807237824 0
0.4344838024923809 0.2076868687838657 0
0.4340156314882836 0.2023356497123673 0
0.4946538193041056 0.1388928745945091 0
0.4841286332706763 0.2592521395246011 0
0.5158713668221246 0.140747860499214 0
0.5149391682628464 0.1358272561224058 0
0.525928368876336 0.2555916900931607 0
0.525756225042882 0.2607761597780169 0
0.4648203684778291 0.2502504711021195 0
0.4642556730120937 0.2552177215847527 0
0.55024471349548 0.1648121457610748 0
0.5553924117467567 0.1641610120529078 0
0.4740716312301084 0.144408309855741 0
0.4444040675527552 0.174080728876985 0
0.5555959324461816 0.2259192711257959 0
0.5351796315185505 0.1497495288927925 0
0.5356469276320803 0.1444032716209942 0
0.4566218253649551 0.1566289233976062 0
0.5433781746362052 0.2433710766027471 0
0.5447675875884304 0.2485547397655227 0
0.5611071254028488 0.1946487809415485 0
0.4497552865178183 0.2351878542617583 0
0.6314056532841026 0.2669526838938278 0
0.6333230200753031 0.2571364495060218 0
0.3239195988774882 0.06700227954387276 0
0.3342381151899126 0.06272349612221255 0
0.3313601125837728 0.07665821848260458 0
0.4325490457302357 0.1696747342202618 0
0.133294492157601 0.05075830139395181 0
0.1487648986120463 0.07711562477522564 0
0.7774708664338124 0.2779517016328164 0
0.7819333531638619 0.2663481756829505 0
0.7898465795326968 0.2752739864214326 0
0.773183701928055 0.2575666886590984 0
0.7855594150269394 0.2548889734477147 0
2.364678695325483 0.379462987771578 0
2.404111413815489 0.379462987771578 0
0.560565175474089 0.1371303416085429 0
0.5601025099999456 0.1315831350142448 0
1.382143391999813 0.03504667158038605 0
1.342986039941279 0.03504667158038605 0
0.5766098761246878 0.1645974928254804 0
0.3856227562767685 0.2707000027639324 0
0.3810087216055915 0.2629340280009102 0
0.4406062487166781 0.2495102123982356 0
0.5841405310729071 0.1508994545227403 0
0.5776510068636447 0.1518308956029963 0
0.4569754205425026 0.2780521286142447 0
0.4597743050268719 0.2727687844824716 0
0.3654820611300928 0.01488585720777131 0
0.4900770128568924 0.1174416954617442 0
0.4947930588991091 0.1172270793381835 0
0.6432543897002923 0.01086352146388795 0
0.4711187971659788 0.08046608989322743 0
0.4728166907845949 0.08747875338620002 0
0.3838928098088905 0.1441030605829588 0
0.4856534667521652 0.04456619468700352 0
0.3818790526616434 0.2326251832160137 0
0.3771381164785308 0.2252432169460532 0
0.6977595295207999 0.2516768686423578 0
0.692150102386851 0.2637024180369449 0
0.6843751681433135 0.2544927441651166 0
0.6910018707759089 0.1045836535139633 0
0.7012878009775474 0.09678352004217661 0
0.417353726974664 0.2325338480220492 0
0.4232322182582924 0.23247082624936 0
0.4203711519724959 0.2371319562515229 0
0.614235512021033 0.2309422386625039 0
0.6151202441552719 0.2231806451672489 0
0.6236791970953616 0.2855522677394185 0
0.6281292666128377 0.276497758025203 0
0.7478115667307519 0.3917568393544491 0
0.7596023025106587 0.3729174629162115 0
0.7706898297109546 0.3911606235617623 0
0.6667862598544028 0.3975124312042083 0
0.6844440019259994 0.3958563291367719 0
0.3917269601672161 0.2878748010430485 0
0.3892600781603529 0.2792054662278284 0
0.424553073561557 0.2282134942157178 0
0.2563842394194772 0.389956247808503 0
0.72563651233016 0.3917568393544491 0
0.3962230679951534 0.1119115845261661 0
0.4015962717152629 0.1046429440997189 0
0.4686277140862748 0.2686987829254575 0
0.4734346872874209 0.2694794386838601 0
0.4697834862850081 0.2734573009572959 0
1.960543080939706 0.3486500224611871 0
2.323305610621279 0.3733242902953718 0
0.5261814245243719 0.1105747856386074 0
0.5314480269272972 0.112281263021755 0
0.7667689279689733 0.3277092707080037 0
0.44620791347947 0.1102152920269473 0
0.407831858456162 0.1760130003158746 0
0.3463630308792051 0.03855142100799367 0
0.3566708298277463 0.02760131936809295 0
0.5561587858933292 0.351762923024442 0
0.5678956959421584 0.3533533105464441 0
0.5772288706304275 0.2767870466773575 0
0.5746910023772509 0.2700717000510586 0
1.34596939601209 0.2764863870975072 0
1.372095753242048 0.3139412269072134 0
0.4300921862546114 0.1348018406311176 0
0.4264207042088877 0.1397931739914409 0
0.5945224585276164 0.1952168840587045 0
0.5947077906686395 0.2010205444793471 0
0.5942287629545804 0.2734471020747967 0
0.5901141927783542 0.2799902014011172 0
0.1369849486538325 0.2208575382093994 0
0.1098451448089204 0.216412915329132 0
0.4629636906124886 0.399508287540447 0
0.5632798742186351 0.1274931453523785 0
0.6013814129818877 0.2539443068947889 0
0.59688320042358 0.2488166757951858 0
0.6040062175220184 0.249844390257007 0
0.8202452008089949 0.3853498767888435 0
0.795557801792977 0.3911606235617623 0
0.8071679645068794 0.366510500350606 0
0.5493355365410679 0.1162569076761742 0
0.5749398048588398 0.196009395066329 0
0.5258560656442728 0.06919101972061088 0
0.5327573697769923 0.06258323837026313 0
0.5699994075367071 0.2798842052554613 0
0.2498075261786574 0.01674229537693183 0
0.4650969821397569 0.2675023036321315 0
0.7562580029958983 0.01931919898326108 0
0.7341582024052131 0.01931919898326108 0
0.4774476362953247 0.399508287540447 0
0.4377843645673438 0.2902671998262626 0
0.7016319065442393 0.2405088432444253 0
0.7094068407877769 0.2497185171162536 0
0.1990489757628934 0.2684444667813965 0
0.2222079865674822 0.2703558210647473 0
0.2102414833318408 0.2870015737260597 0
0.7676881297195933 0.1555716310746845 0
0.7697685015735196 0.164854179667998 0
0.7579074666664025 0.1611118935568088 0
0.1538119400576851 0.3883228114672111 0
0.8483405745739466 0.3853498767888435 0
0.4092509009848692 0.2897833375632796 0
0.4148468886132644 0.2838602325849232 0
0.7080961872142262 0.1866823833633153 0
0.6951900082287612 0.1888491057467584 0
0.6987342190322783 0.1773452727134595 0
2.097614069321829 0.3218641628755672 0
2.104161913233721 0.2905458556705309 0
2.138210655061521 0.3152528689515851 0
0.02982374063267069 0.2546616587245888 0
0.05754931195482253 0.2695831103049002 0
0.02772557132215183 0.2862762516704258 0
0.8807905512977352 0.3840084536573083 0
0.8643053402466859 0.359358330446152 0
0.2397128653111559 0.03843043327460149 0
0.2283296654146024 0.02168813789766966 0
0.02972121330527433 0.3837699548849782 0
0.06607649493288525 0.3837699548849782 0
0.7239210468146846 0.03408395938786416 0
0.7143358823846195 0.01476476040460309 0
0.6364420678521622 0.2478162103083158 0
0.6408227738562697 0.2392160775699366 0
0.5924977804144744 0.1084213258414859 0
0.5936488324160414 0.09950829908523673 0
0.6010260340254747 0.1029311289312079 0
2.09864472042621 0.3547827861865714 0
0.4417168932516607 0.2736695324096217 0
0.4443484913980599 0.2803057117998132 0
0.5241905499984345 0.2848627250684619 0
0.5200560635729119 0.2813081120376666 0
0.5256114693242062 0.2802194013097294 0
0.9127200826432138 0.3840084536573083 0
0.5508330733762985 0.09594864011186005 0
0.5578071370750888 0.09968230929289111 0
2.231562703065489 0.2467025154037776 0
2.202635428186962 0.2821717061727884 0
0.5425243603916992 0.1121528786951959 0
0.5451001751829847 0.124246022623862 0
0.5451951996148465 0.129820364292191 0
0.1765802187759774 0.02565741371753338 0
0.1489853210646543 0.02565741371753338 0
0.286702192765662 0.2657694451093407 0
0.5376853694850384 0.08767960614729513 0
0.5438081067798755 0.09176726412814798 0
0.3876311435498103 0.2073577056094946 0
0.6148200046237944 0.2175684926775548 0
0.6098308977133752 0.2111050881825617 0
0.2039334565705846 0.02168813789766966 0
0.1908817667524936 0.04734555161520305 0
0.681471326399323 0.1685903110528655 0
0.6755408613015483 0.1750924422490131 0
0.6711841476540579 0.164170758204976 0
0.6267227648282684 0.09777461457528773 0
0.6217943318677519 0.1061798599511743 0
0.6014707625592279 0.1668875833986722 0
0.5485114060469559 0.05357065010114717 0
0.5368021222390029 0.05408027438324244 0
1.059258146075197 0.375892995778448 0
0.5605531982648954 0.1622838058618474 0
0.5584840383561669 0.1673307824075625 0
0.4236669258045674 0.2726342163883131 0
0.4272283647394659 0.2671418448530833 0
0.1121949102351988 0.339860244428012 0
0.1335152002559103 0.3182148544847302 0
0.6153143709820881 0.1446531065128431 0
0.76229503965903 0.08591952164316051 0
0.7511165650942767 0.0764126543345702 0
0.6518729139582601 0.2903855507487605 0
0.6611655864693026 0.296336007830495 0
0.4231887468089179 0.2421039496782307 0
0.4282226617138125 0.2426838182762104 0
0.4982860543105096 0.07715850120962736 0
0.08931289966865438 0.3607348016407528 0
0.08232443717709308 0.3366653525572157 0
1.028279713828358 0.1091418817557029 0
1.00865392038937 0.1035553535621664 0
1.020735692737652 0.09830859197022902 0
0.9630145966777581 0.1059862674333662 0
0.9785689127660528 0.0927603744928666 0
0.9855555832103697 0.1059479567171921 0
0.9833417004149139 0.11840387782966 0
0.9988960165032086 0.1051779848891604 0
0.4080022304322246 0.09814677896005246 0
0.4141530085358538 0.0919948099124434 0
0.421326344469093 0.297763872906179 0
0.5785963834831267 0.08360711138528672 0
0.5946182077996855 0.2069396206121528 0
0.5944871844277189 0.212855338579171 0
0.9949707285927306 0.02578826709088376 0
0.9583732336213284 0.02578826709088376 0
0.4092232359462194 0.1400745127029155 0
0.4038469597876593 0.1432526253163302 0
0.4897008581779405 0.1083945960980846 0
0.4955823886512518 0.1082654735445495 0
0.4948742435210058 0.2844111770871523 0
0.493631453797203 0.2899322948228715 0
0.6640138668901996 0.04233672676620684 0
0.6514355544052519 0.05106883833685153 0
0.7039290547768413 0.1351759007847233 0
0.6930879614903998 0.1296635513674806 0
0.7242282554086679 0.1210402884682995 0
1.262519622743828 0.2614997574396098 0
1.250388251581808 0.2227258209289855 0
1.290987016475102 0.2353605826825848 0
0.2225139481959211 0.2359278333023042 0
0.2290230682080693 0.2534147333032632 0
0.3886002112491774 0.1404171988669895 0
0.3883607760143197 0.1491602469346711 0
0.5154136914088541 0.1302377835329178 0
1.733206315824184 0.3741732857867829 0
1.77263903431419 0.3741732857867829 0
0.5271305269418669 0.2658815777835661 0
2.372518272163576 0.2348423151430175 0
2.409640032944741 0.2199295252093399 0
0.608721137861385 0.2222409828862914 0
0.4279770709726489 0.201215520497731 0
0.4296782661097236 0.1965887691419926 0
0.4313077545189624 0.2000495864167121 0
0.4939491720008728 0.326009014338825 0
0.4857547930550285 0.326459874834328 0
1.143246002648713 0.2841856283081712 0
0.03169885984514456 0.08772611612624574 0
0.5100148436228189 0.3243184826306266 0
0.5021146079180008 0.3254884710813964 0
0.4588556486744254 0.2936566590487885 0
0.3577699856696709 0.1355769225464583 0
0.02982374063267069 0.2212917366884855 0
0.1187512842643691 0.02510088767641843 0
0.08736962645026242 0.02510088767641843 0
0.5646189649439846 0.1032673141162281 0
0.5717923350288654 0.1057489308167587 0
0.7633390488154099 0.1455624767471841 0
0.775200083722527 0.1493047628583732 0
0.6441889748458715 0.2301385205422261 0
0.6474311766076154 0.2210317521271196 0
0.02772557132215183 0.3202991556007626 0
0.6795876618879715 0.09885163298541742 0
0.02972121330527433 0.3484702588603723 0
1.305700762214695 0.0339112616276218 0
1.323407363912011 0.06895793320800785 0
0.705879618333736 0.3379335157813499 0
0.7200551759594533 0.3262567858900636 0
1.693448062100927 0.3693323712026864 0
0.5120571672499481 0.08368899603552486 0
0.2915847650539864 0.1785604736900141 0
0.5681543174057749 0.2607010460994812 0
0.5745976736868408 0.2607873273605055 0
0.5716921837873297 0.2658723695170163 0
0.3586684194443213 0.251560320575554 0
0.3549188251832618 0.2427505509923326 0
0.4357168266253582 0.1977088983566289 0
0.3514384302653624 0.233289826444263 0
0.3494675884893826 0.2233302360097431 0
0.3589237026252018 0.2257718887316962 0
0.7053668283195468 0.2296089041977834 0
0.6937195170525697 0.2315672557238877 0
0.332683016581971 0.03924924075206199 0
0.3138714000690266 0.0441385770942068 0
0.4776590342197477 0.2710645258645986 0
0.5710585505544239 0.2336203419804249 0
0.5642428612453032 0.1542020970792791 0
0.5622256966770909 0.1585597813090906 0
0.5341729349954487 0.2713117159405172 0
0.5303122338067821 0.2685704010774324 0
0.507271772992913 0.2785313799707825 0
0.5299613497328575 0.278611312690876 0
0.5258268633073347 0.2750566996600807 0
0.5860382494910286 0.09620243400138932 0
0.8392953624307 0.0616586243823332 0
0.7043997223637208 0.3958563291367719 0
0.7154872495640168 0.3776131684912211 0
0.7936164750188424 0.1248663502498699 0
0.782508794663521 0.1265433196721738 0
0.7855767591452285 0.1152901539844384 0
0.5591988810191841 0.05237016018893086 0
0.4259045457152312 0.2077303648793378 0
0.4210152760945057 0.2063030614198676 0
0.4247172897611623 0.2032490343129804 0
0.5671754337952244 0.2424550925191598 0
0.5622429011598442 0.2427305008251542 0
0.5430838416493301 0.2617009295322146 0
0.54290037968886 0.2667846772022092 0
0.4477889607680252 0.2541254479451809 0
0.5540300385460513 0.1462469733998304 0
0.558957096013872 0.1456673823110353 0
0.5297912995778243 0.1267816830597525 0
0.5309130289277257 0.1317265975381541 0
0.4811922900982387 0.1268444491349275 0
0.4831601289712752 0.1222843820976307 0
0.7884331928164073 0.2430992576297673 0
0.7971828440522143 0.2518807446536194 0
0.4367920076210059 0.09133579497178486 0
0.4434650042356321 0.08689180733421449 0
0.3473796629826603 0.01271546216032163 0
0.5942049347293592 0.218813244863606 0
0.5941979252691976 0.22432941900512 0
0.5005473332638534 0.2838155583286585 0
0.249074780677319 0.2820883025278342 0
0.2673294331119462 0.2880497457815065 0
1.648437200980689 0.3088555025161577 0
1.643899985625244 0.2690179145916142 0
1.650591444078439 0.1100168506653407 0
1.640255549810341 0.07730429481138135 0
1.680228394910009 0.08512824158077355 0
0.05744678462742617 0.3293688065103468 0
0.08032879519397058 0.308494249297606 0
0.3720475573739401 0.121941489272797 0
0.5863689956976603 0.0371540304811112 0
0.5974781289915443 0.04023153013263777 0
0.5895121990876473 0.04996103752018937 0
0.414179656648897 0.1371493581424089 0
1.422502071499207 0.03568968373819483 0
0.5226192172313506 0.290111493648371 0
0.6811934681198401 0.1375371068404675 0
0.7347086988642764 0.1269374033936083 0
0.7243424290164169 0.1344657504912337 0
0.3932513092268591 0.1836706529016169 0
0.7213743262610978 0.247398708137198 0
0.7175019492376583 0.2585667335351305 0
0.7258108668737894 0.2676152241119814 0
0.3937951988704936 0.2197322654419901 0
0.686923143735119 0.1594989644123418 0
0.6912798573826094 0.1704206484563788 0
0.6155929585676465 0.3331578392333733 0
0.6059856265508896 0.3324631716353093 0
0.6109915606280201 0.3225719718944869 0
0.2223739074569156 0.1152504591220662 0
0.2086804351370852 0.1294030449826944 0
0.4593049497960657 0.2618324460980875 0
0.5045517705627267 0.1054927657601936 0
0.6007015100873385 0.1798020324279094 0
0.4774464471397379 0.3268590225492899 0
0.4694853647028723 0.3270899507847506 0
0.749472325931103 0.2627544641238586 0
0.7376476282469449 0.2652159810532825 0
0.7412941323951372 0.253785407626651 0
0.5379344703804916 0.139427208643388 0
0.6486270116126462 0.3975124312042083 0
0.5002252110360561 0.05406436989240108 0
0.4968353331266065 0.06116474858503248 0
0.4924099615992148 0.05113869192175734 0
0.4638091084798638 0.09660779015767126 0
0.7523328114420318 0.219520222975712 0
0.7486583515185276 0.2310096038216133 0
0.7405804357150194 0.2220626803424367 0
0.7450124029354053 0.2424379759427825 0
0.7331877052512472 0.2448994928722066 0
0.5786587137094871 0.1091320873737721 0
0.5852478741550668 0.1123546521735672 0
0.9906841310190344 0.2797545751584264 0
0.9856182511606265 0.2703747362132494 0
0.9981745666287347 0.2715861331600959 0
0.6855553683723533 0.1497258965061751 0
0.7446298825455232 0.1207211587768178 0
0.7447440561532723 0.134146620799752 0
0.7339890604097552 0.276584280609189 0
0.7567647786624176 0.2398955185760578 0
0.6709661491776848 0.2060096577639789 0
0.6625863554298094 0.1987978785473251 0
0.6732316770410119 0.1962227220182351 0
0.7325293497729295 0.2131871908491448 0
0.7288548898494251 0.2246765716950462 0
0.4924588762152901 0.2943023984355059 0
0.4921585212831587 0.3009427534636739 0
0.4320869179833901 0.244645390653151 0
0.4336549838010539 0.2495586965122757 0
0.6505704964388341 0.2111438664892619 0
0.6530713242297169 0.2017099058698571 0
0.4120113962894727 0.2320215251765276 0
0.7558485066720915 0.1136413903847264 0
0.7552461673234977 0.1398798605732284 0
0.7453249836422509 0.1460961051900189 0
0.5774371899919108 0.3257804977612642 0
0.5827528517581808 0.3334539211228557 0
0.5748322468880136 0.3348739691727335 0
0.7462981753923793 0.1595244460839679 0
0.7357960642221539 0.1537912063104915 0
0.7948511694112426 0.1891019750783514 0
0.783228596559534 0.1921284149696313 0
0.7868887357705525 0.1807083592272163 0
0.7774076637727773 0.1715243581521849 0
0.7890302366244857 0.1684979182609051 0
0.7794635855726743 0.2030646194477799 0
0.7715011519319843 0.1946710035966448 0
0.7925711822187891 0.1569769485338799 0
0.8020522542165642 0.1661609496089112 0
0.7850488375819227 0.1477167165617395 0
0.7980708551740012 0.1453797479097456 0
1.622958645440264 0.1380734058985677 0
1.662931490539932 0.1458973526679599 0
0.8417592697726397 0.1789213778406726 0
0.8300322397517421 0.1814663712781524 0
0.8336908124253548 0.170039838595689 0
0.810237545513359 0.1751333756845526 0
0.8137784911076624 0.1636124059575274 0
0.8373493070955099 0.1586129482613955 0
0.8256222770746123 0.1611579416988753 0
0.826372674482879 0.1928884789768576 0
0.8183042171355941 0.184006939731874 0
0.827028690612043 0.2242425725925548 0
0.8388525832397187 0.2220850587031284 0
0.8350992935719783 0.2331338053688949 0
1.014002623341473 0.1521572899358619 0
1.006202904356024 0.1435708471750947 0
1.017929623082319 0.1410244638726542 0
0.9942072364578605 0.1458211768941218 0
0.9981342361987061 0.1346883508309141 0
1.024621668774005 0.1205707868035027 0
1.036703441122288 0.1153240252115653 0
0.9751726676680013 0.171263316598979 0
0.9868978405900473 0.1687098146998287 0
0.9832453586214288 0.180164338358417 0
1.021587650082403 0.129595475685626 0
1.013163922788473 0.1234133322297637 0
0.9634457668908513 0.173808861544914 0
0.9670982488594697 0.1623543378863257 0
1.029387369067851 0.1381819184463932 0
0.9524811169329988 0.2081392571165646 0
0.9443991481181944 0.1991955098500257 0
0.9561434541686612 0.1967301180719919 0
0.9905505271258992 0.1572562330893466 0
0.9824818589685811 0.1483737367451659 0
0.8656856063160279 0.2387522201049394 0
0.8539589928361446 0.241299079574466 0
0.8586497996795373 0.2284294320099418 0
0.9986232180793266 0.1661572548487845 0
0.9165308630176537 0.1839574214442819 0
0.9201898273257866 0.1725327495267312 0
0.928258475770276 0.1814151548569367 0
0.9597908355266198 0.1852521055315102 0
0.9517164167180883 0.1763431268188569 0
0.9326681611723375 0.2017222378345428 0
0.936330498408 0.1903130987899702 0
0.9678728043414242 0.1941958527980491 0
0.912872793589224 0.1953862154346417 0
0.9048041451447346 0.1865038101044362 0
0.8930773856737049 0.1890500115482933 0
0.8967354551021345 0.1776212175579334 0
0.8623074212905126 0.2169986180071158 0
0.8505808078106294 0.2195454774766424 0
0.9399894627161328 0.1788884268724195 0
0.8894192882257217 0.2004786789321696 0
0.8813505981831216 0.1915960863856668 0
0.8696237755846019 0.194142003926222 0
0.8732818730325851 0.1827133365423457 0
0.9473015468644648 0.1560121686702953 0
0.9436443940803643 0.1674451828858234 0
0.9355745928625094 0.1585574687238579 0
0.9590282505097079 0.1534657158679545 0
0.9707551512868579 0.1509201709220195 0
0.9744118606188192 0.1394851147267947 0
0.9003935630771069 0.1661925970938776 0
0.8886668036060772 0.1687387985377346 0
0.9414260571140063 0.2424619296154805 0
0.9378423369418916 0.2539119711162178 0
0.9298369759377236 0.2449123869937684 0
0.9230301681991608 0.2677800473965093 0
0.9342475660394922 0.2652236363366084 0
0.931024478473044 0.276641255238612 0
0.9458366472157748 0.2627731789583205 0
0.8805981661639778 0.1598564429747134 0
0.8769400581890053 0.1712850634387692 0
0.9181226574452461 0.2474623522249621 0
0.9217063776173609 0.2360123107242247 0
0.8399053246705793 0.1165372221213421 0
0.8514518076949128 0.1145537805347074 0
0.8481434206485281 0.1248901427407454 0
0.8945825121928714 0.2525304818427653 0
0.8982529557323424 0.2411051504923955 0
0.9063216155854122 0.2499876073057883 0
0.8446655543195982 0.1357558469092153 0
0.8562120373439317 0.1337724053225806 0
0.9144522139057751 0.2588876835753319 0
0.890171917268201 0.2322192107561986 0
0.9019110206607418 0.2296763362192215 0
1.108260651318257 0.1636399433535955 0
1.119869668919339 0.160988408904343 0
1.116519691372932 0.1723028304492817 0
1.082889732809985 0.1244023224441821 0
1.085696709582809 0.1098259306790285 0
1.098309889781401 0.1202689040283842 0
1.147832462832059 0.1428417333121136 0
1.156274584023989 0.1521784379697602 0
1.143328679008418 0.1548618464130395 0
1.167579544868725 0.1499407837548792 0
1.163075761045083 0.1619608968558051 0
1.084069492062485 0.1371349987666582 0
1.09210161766664 0.146039963193293 0
1.080668196720548 0.1483296661664135 0
1.123248593340576 0.1489253317820248 0
1.131507633395251 0.157588218877711 0
1.073388671712832 0.1711651120163855 0
1.077010167217624 0.1597586428286711 0
1.085078826819911 0.1686410997807627 0
1.093184002543484 0.1775009669335056 0
1.096805498048276 0.1660944977457913 0
1.060534566155806 0.2776746845943627 0
1.058952673523357 0.2902805552052825 0
1.050565904399971 0.2840690045010348 0
1.100155475594684 0.1547800762008526 0
0.8644608920807968 0.1420917349866622 0
0.8679387584097268 0.1312260308181923 0
1.016589762878392 0.2471778275916541 0
1.028058023224298 0.2448339883133438 0
1.024683515888598 0.2559874941169545 0
1.139949754587182 0.1669249235353577 0
0.8908407824724681 0.1278559179562253 0
0.9010207920496864 0.1213721799666553 0
0.9796058640828272 0.1916786705570666 0
0.9913310370048731 0.1891251686579163 0
1.102005226907643 0.2181236691400967 0
1.109567051521456 0.2267736448403692 0
1.09784040430576 0.2293203574563016 0
0.9055566892440554 0.2182439590297217 0
0.9136377277081968 0.2271298987659186 0
0.9253520462006743 0.2245799335347249 0
1.101252650708631 0.1863833712163242 0
1.089525979480265 0.1889299732512957 0
1.132773462317205 0.1901671419441096 0
1.1245883391623 0.1811852330016005 0
1.136313832128921 0.1786332049425383 0
1.10355677093662 0.1435854088010973 0
0.9113677458379985 0.1319060999156646 0
0.9127474983468141 0.1188257390915296 0
1.068978041613469 0.1508536784020363 0
1.055099422338432 0.2283141313614779 0
1.063148119956684 0.2371870990776353 0
1.051421973391884 0.2397361172456844 0
2.047998809267397 0.2602096489769944 0
2.004882551175313 0.2535369114868106 0
1.171166105640065 0.1711207149574067 0
1.159861144795329 0.1733583691722877 0
1.042620588983845 0.1991223423231557 0
1.046278055260752 0.1876907719435308 0
1.054346817322119 0.1965737007308977 0
1.062415424146027 0.2054559146327934 0
1.066072890422934 0.1940243442531685 0
1.03014009866786 0.1699229227964312 0
1.022071359128045 0.1610400977237818 0
1.033798081607583 0.1584937317060708 0
1.086620505249687 0.2320991514677176 0
1.094182329863501 0.24074912716799 0
1.125763097978391 0.1388080540182475 0
1.114125133502479 0.1422082440448795 0
0.8248702318728292 0.1294200276751443 0
0.8168015882759275 0.1205376441394909 0
0.8285282940272931 0.1179912007917268 0
1.121096953885859 0.2238141620024123 0
1.116932131283976 0.2350108503186173 0
1.008322701113525 0.2386223082499446 0
1.004948193777826 0.2497758140535554 0
1.070483533075036 0.2143358356742465 0
1.082210038469395 0.2117884699555467 0
1.078552074297589 0.223217747474729 0
1.109321298497998 0.195265773768643 0
1.112979321561217 0.183836767450853 0
0.8049139828110068 0.1227898277925215 0
0.8018460183292992 0.1340429934802569 0
1.019169846641421 0.2042275202037392 0
1.022824428788776 0.1927826680922098 0
1.030897244775123 0.2016842656473182 0
1.014755203421698 0.1838976057313866 0
1.0264826015554 0.1813543511749655 0
0.9194363937437429 0.1407885028211238 0
0.9311630988908681 0.1382420567744344 0
0.9275050404994848 0.1496709005550194 0
0.8959829755609603 0.1458813594322345 0
0.9077096874466153 0.1433349436962496 0
0.9040516234667046 0.1547637623376938 0
0.9663432100295855 0.13060269928067 0
0.9780699177113086 0.1280562651038164 0
0.9759584827248686 0.2031566830975484 0
0.8909244715944318 0.2639594058566314 0
0.8997247286726792 0.2705560287317444 0
0.8879980282211697 0.2731024959322178 0
0.948911072926516 0.2199734166151206 0
0.9606553789769827 0.2175080248370868 0
0.9546165065601481 0.1331491528736202 0
0.9582745636526375 0.1217203032506419 0
0.9452530155401692 0.2314022649143369 0
1.085868062446127 0.2003594678445892 0
1.077799414280981 0.1914770635617707 0
0.9121202749627619 0.1636461813578926 0
0.8318366810736777 0.1076548385856887 0
0.8773610444458608 0.2791153945946995 0
0.8085720449654707 0.111361000909104 0
0.9258297555873289 0.1177783365755992 0
0.9154828017990169 0.1072444166265899 0
1.090335723079456 0.2521758993383732 0
1.086561735014625 0.263565501443153 0
1.079188442742597 0.2549175232841857 0
0.9841356784152746 0.2125389605922461 0
0.995761248128922 0.2095267750298394 0
0.992205384077925 0.2214262347655196 0
0.8791140692753286 0.1304023278019671 0
0.8708652145384634 0.1220829981378855 0
0.911229126339327 0.2703053024773355 0
0.9083026829660649 0.2794483925529218 0
1.093936603668679 0.2092413796450717 0
1.037456032909744 0.1470643949208498 0
1.041114059909828 0.1356354067338217 0
2.254689399332872 0.2180832814467175 0
2.274484076853811 0.1869960837729429 0
2.290943749944717 0.2234933357891154 0
2.175887179210589 0.2051013892795273 0
2.199013875477972 0.1764821553224672 0
2.215103029974583 0.2102052633876051 0
1.183863287678811 0.1429893890275966 0
1.177062110657717 0.1332069301415517 0
0.9348211561591632 0.1268132079420655 0
0.9375564596113659 0.1152318854771258 0
0.9993942865606731 0.1979827117525984 0
1.007463992223324 0.2068699859258718 0
1.129109395983566 0.201568318341183 0
1.140834888950187 0.1990162902821208 0
1.135738175975606 0.1312761827595247 0
1.12661471613751 0.1245590950223794 0
2.072496144977466 0.2258330866243322 0
2.088062663204098 0.2627805872418508 0
1.163967746762494 0.1230499080021061 0
1.148684080991177 0.1285927743162454 0
1.151873459906041 0.1114843574495173 0
0.9209414538768268 0.204268674175453 0
0.9290101035870212 0.2131510852355085 0
0.8879143263437315 0.136998950636532 0
0.9914103510041476 0.1272862932757847 0
0.9724026186738716 0.2150561428332286 0
1.105663250884376 0.2066946670291392 0
1.117389921736962 0.204148063263668 0
1.164286452655722 0.1939148948685475 0
1.174405991970258 0.189622195194948 0
1.17074095523567 0.2010189027896062 0
0.9512878932083207 0.1085327210263164 0
1.09270469030463 0.2705707606231764 0
1.081557409967771 0.2733123845689888 0
1.180251489572581 0.1160985132748236 0
0.9370787534961852 0.2220334971938147 0
1.058757459974221 0.2168851921519757 0
2.121233548719469 0.163655529617017 0
2.144050444290682 0.1335092773157382 0
1.19067900011133 0.1586560918935017 0
1.200161565900322 0.1419222382801742 0
1.038209324034939 0.1788079851572545 0
1.01034464040175 0.1635864810262223 0
1.04552477244956 0.1559472199934992 0
1.057251367931133 0.1534002691362861 0
1.060909397434057 0.1419712924740285 0
1.044040484244914 0.1264922287786583 0
1.047698529299267 0.1150633237308585 0
1.106071275574436 0.13346813103732 0
1.10887825234726 0.1188917392721664 0
2.136179011814072 0.199891153051789 0
2.152268166310683 0.2336142611169268 0
1.01553680820967 0.2157715834809802 0
1.152560185602481 0.1964633581741266 0
1.156225222337068 0.1850666505794683 0
1.003033781099275 0.1864683795539488 0
0.8842562623638208 0.1484277692779763 0
1.031668772993862 0.2334437356587852 0
1.039762526004068 0.2422534021840856 0
2.336392922404991 0.2297124016575271 0
0.9428898029149051 0.135695605675961 0
1.000256042902266 0.2298171719574793 0
1.181983048580247 0.2081044105459725 0
1.171863509265711 0.2123971102195719 0
2.097614535819564 0.1921684014544166 0
0.9092147360039077 0.2068150628356074 0
1.011897612002832 0.2272191854955781 0
1.003406018902311 0.1250359635567576 0
1.006440037593914 0.1160112746746343 0
1.063781125855093 0.2688851296395403 0
1.072167894978479 0.2750966803437879 0
1.180225621000049 0.1687323936785801 0
1.19652389922156 0.1676652429311577 0
1.047031313409422 0.2194342103200247 0
1.006691953865898 0.1750400626367044 0
1.074893999855329 0.2346465171864174 0
1.071216550908782 0.2460685030706239 0
1.049935552373213 0.1762593435649965 0
1.148896119268841 0.2078645345711999 0
0.950958449291853 0.1445780017059891 0
0.8828558117413619 0.2550769490432387 0
1.03896600683649 0.2105671944346851 0
1.0353079692007 0.2219961336441872 0
1.177011004750295 0.1801298659950627 0
1.183465507330242 0.1872338739161215 0
2.057550681882863 0.1895974631895603 0
1.053593416628972 0.164829605921507 0
0.832938854684481 0.138302317845981 0
0.8212121489331154 0.1408487611937451 0
1.032500951829834 0.2650606807332949 0
1.021032691483928 0.2674045200116052 0
1.052109148086807 0.1353747052531149 0
0.9422964926364865 0.09949784965985009 0
0.8737543259062184 0.2476349463494181 0
0.8700962853077787 0.2590638703632842 0
2.016632752785232 0.1866150126183752 0
1.125451348369944 0.2129972116016792 0
1.132816428132463 0.2212344170799273 0
1.101555622135528 0.2493971053269573 0
1.040498962228792 0.2739704202590303 0
1.038917069596343 0.28657629086995 0
1.067442562843951 0.2574581051754036 0
1.055809234021278 0.2600361094259784 0
1.023603466420929 0.2245767197734455 0
1.063835821769143 0.1328281145188651 0
0.8974880289564526 0.2093615002889103 0
0.8410074713798845 0.1471845804278162 0
1.993305914658053 0.2176944779438268 0
1.965756174792601 0.2479692410711616 0
1.078310850268484 0.2821019395238112 0
1.069730807457073 0.1825948496598749 0
0.872529516946749 0.1509740341790109 0
0.878445132749611 0.2347652987848939 0
1.061662147854786 0.1737123927077833 0
1.148134877742087 0.1759068324778668 0
1.044149786633461 0.2625533943643796 0
1.016045286956153 0.2787218393666093 0
1.008227851014917 0.2696486527502689 0
1.04781122362232 0.251126369900243 0
1.977506376402521 0.1810473422027261 0
0.8608027958809539 0.1535204086833993 0
0.8490760067306271 0.1560664773246298 0
0.8821031976780105 0.2233364845117199 0
0.8857612414658693 0.2119075751262839 0
1.071456311863893 0.1266920254173026 0
1.024868032704986 0.2890512628591878 0
1.012063192235975 0.2912953955978514 0
1.034934974876165 0.2991498471011922 0
1.062656062516644 0.120095438196389 0
1.941433375313186 0.1756539754209312 0
0.8652132355904857 0.1738309809793244 0
0.8571446315965792 0.1649487765169786 0
0.8740344569472794 0.2144536631549792 0
1.901056781668123 0.1712532421132428 0
1.913802944630278 0.2077260742204894 0
0.8534864464401589 0.176377049620555 0
0.8659654650783715 0.2055697086216797 0
1.861372093309385 0.168442011602572 0
0.9238478877153842 0.1611039147705474 0
0.8498278737665462 0.1878035823030185 0
0.857896739927835 0.1966869587783586 0
1.833347346758453 0.2004281236370382 0
1.821293089082623 0.1655447943268093 0
0.743691424029439 0.285280010702929 0
0.7318546626562834 0.2876792537616279 0
0.8461695632603159 0.1992312869984762 0
0.8425102048506941 0.2106542447003023 0
1.80929005564471 0.2328937532991326 0
1.849369059871471 0.2357909705748954 0
0.7546441892079949 0.2807812123516718 0
0.7525097914545231 0.2918761855041107 0
0.7665100983490283 0.2782016390235939 0
0.7744233247178631 0.287127449762076 0
0.8344413386894052 0.2017708682249622 0
1.768552631217367 0.2284006018485307 0
0.8190474682011948 0.2157049251805335 0
0.8152941785334544 0.2267536718462999 0
0.8065779802444959 0.1865554833832578 0
0.8227133160732572 0.2043114366786838 0
0.7576917309239442 0.2716054642224122 0
0.8174369857778175 0.1521855156232339 0
0.8093683629661657 0.1433032254523972 0
1.729052493996286 0.2232297594436356 0
1.75376820531061 0.1923600639563803 0
0.7613382350721365 0.2601748907957807 0
0.8109788039946686 0.2068225359324289 0
0.8029178410334775 0.1979755391256728 0
1.69037206569031 0.2180893940538856 0
1.674783379995643 0.1805715647263361 0
1.702416178633818 0.1525150094931091 0
0.799251993161415 0.2093690276275225 0
0.7649642969352139 0.2487156885605448 0
1.650887377596424 0.2114717372287364 0
0.7875255103724076 0.2119195941052312 0
0.7955864733335987 0.2207665909119873 0
0.7686102455183361 0.2372873164393756 0
1.61148637337478 0.2040428869930972 0
1.627075059069448 0.2415607163206467 0
1.595753575557846 0.1681466724097682 0
0.7757980657448578 0.2144621827322447 0
0.7721353588950655 0.2258921519222923 0
0.7803348771678618 0.2347123219067793 0
1.571941257030871 0.1982356515016784 0
1.547796825242778 0.229917907848048 0
1.565776818970718 0.2630353074242964 0
1.525899589365692 0.258821349187337 0
0.7640734340953321 0.217037177264841 0
1.532064027425844 0.194021693264719 0
0.7596702427300026 0.1967376151581513 0
0.7634352537168625 0.1858014106800027 0
0.7559955182918241 0.2080902537856644 0
1.492056175520684 0.1876669208835769 0
0.7479296200767023 0.1992206608690223 0
1.452206574759303 0.1833104600430654 0
1.468069994876371 0.2213474887705772 0
0.7361434496518889 0.2012995556797431 0
0.5252275325137371 0.08968429915401877 0
1.411303525165932 0.180407418398697 0
0.7162919900379816 0.1951060141297825 0
0.7244179037862948 0.2039134470323526 0
0.7170415108592758 0.2271757869600376 0
0.7250925968013657 0.2360512764533295 0
0.6411171043307189 0.17929894700544 0
0.6320670865704558 0.173927507853715 0
0.6400213892330082 0.1703751646323013 0
0.3226242013028202 0.3211594499951689 0
0.3367790100541632 0.3225184640022666 0
0.3287902585963511 0.3338068848438948 0
1.37195257268958 0.176511694163801 0
1.388869441638638 0.2130953036951697 0
0.2318901727403341 0.3897398808491214 0
0.4131480698635559 0.01154663387232288 0
0.7091291213676062 0.2182341994395 0
0.7126778901590222 0.2069936492991842 0
0.6079776007602478 0.163494820501231 0
0.6077750963554586 0.170078255156116 0
0.345879059215199 0.2137181830932756 0
0.3416911499164581 0.2039328596856421 0
1.408520399251024 0.2479146414659354 0
1.369169446774671 0.2440189172310394 0
0.568142388515207 0.2512095302313707 0
0.5655087540163155 0.2553381211622739 0
0.5625913352262364 0.250931647450674 0
0.694526891919916 0.01476476040460309 0
0.5178899309037921 0.3975217628888787 0
1.351968146209071 0.1412556520278793 0
1.329534062681777 0.173943537324352 0
0.7010032076192931 0.20942676653693 0
0.4230878013519235 0.1997882170382609 0
0.5661326155750592 0.3355957640455058 0
0.5714482773413291 0.3432691874070974 0
0.5562651852883216 0.2669167862431081 0
0.5612478868659523 0.2644785616099954 0
0.4172733027406799 0.2092162221839118 0
0.1830243752578204 0.323664746485794 0
0.53925461614732 0.3097334960497773 0
0.5461507861184085 0.3084512740567851 0
0.78263820802858 0.02203821689120424 0
0.5941276845520731 0.2303427704907781 0
0.5929839881806329 0.2370846123155038 0
0.6377953036998585 0.2747012521509928 0
0.5536331012864699 0.3073694261338142 0
0.5612770441507819 0.3059355290979027 0
0.5979931002176333 0.268302257799664 0
1.10220907652872 0.3762505443048514 0
1.141641795018726 0.3762505443048514 0
0.7144705921717864 0.1405364031029654 0
0.7045376613878194 0.1471436683217639 0
1.894868924694436 0.3780281947954509 0
1.934301643184442 0.3780281947954509 0
1.257839870923173 0.3775795138226341 0
1.297272589413179 0.3775795138226341 0
1.65401534361092 0.3693323712026864 0
1.413664010947281 0.377335488737293 0
1.453096729437287 0.377335488737293 0
2.118667813124782 0.3782855880783106 0
1.146198854630013 0.2205211972111087 0
1.141844460145928 0.2313381476118418 0
1.157924151282306 0.2179682651031144 0
0.5488960943472463 0.350747710178996 0
0.5554859544822917 0.3429757694344237 0
0.6041586137286117 0.2431213582619191 0
0.3728501693264581 0.2189247701199954 0
0.3638095675906233 0.2205014467662764 0
0.09594696799099098 0.3869648467557745 0
0.1277912404670944 0.3869648467557745 0
0.6021165200539131 0.2657123262842788 0
0.6040958433400433 0.2580476518519183 0
0.3789605124285635 0.278315167962597 0
0.7919583061931367 0.231704093112684 0
0.8116660113929924 0.2376911740469966 0
0.8036847889821441 0.2291535266349753 0
0.7133597984002539 0.1638413604850112 0
0.7259242273775235 0.1598618589222232 0
0.6577903134958694 0.3080562797786434 0
0.6709229916951351 0.3039938691968839 0
1.604999750816238 0.07282782404449333 0
1.634636701647807 0.04793921495992619 0
0.640255065475978 0.3834740568367209 0
0.6522207948357579 0.3729678496461609 0
0.3775439927947523 0.2547046849178892 0
0.3834211996822268 0.2480064396392085 0
0.308343669987248 0.1928437855698902 0
0.3164870180330392 0.1857096745077427 0
0.3198402995415771 0.1986924343887976 0
0.4016679289939148 0.2459957648388403 0
0.404936084369049 0.2516836125332286 0
0.5768200825028629 0.2547823438995285 0
0.5803579488844177 0.2599536673170635 0
0.450008145992673 0.08133734489012832 0
0.4559020982730161 0.0751030473140417 0
0.6578492748727836 0.01421097775830032 0
1.335121138919932 0.1043904191746012 0
0.6998632413174435 0.3665131106793137 0
0.6930817235997982 0.2008103588157515 0
0.6837197554178505 0.1914732481658958 0
0.3859945769291215 0.1088366233163494 0
1.563923139651273 0.05870067999201894 0
1.15081232492119 0.03417344017883797 0
1.111654972862655 0.03417344017883797 0
1.266543410156161 0.0339112616276218 0
1.544344463622006 0.03696930789549986 0
1.505187111563471 0.03696930789549986 0
1.769920103868222 0.02963232182085825 0
1.730762751809687 0.02963232182085825 0
2.246645442818458 0.03326143865817834 0
2.207488090759924 0.03326143865817834 0
2.006618255515689 0.03466370670926611 0
1.967460903457155 0.03466370670926611 0
2.402723595124083 0.02855352298882625 0
2.363566243065549 0.02855352298882625 0
2.325216083645133 0.03128402864695948 0
2.286058731586599 0.03128402864695948 0
0.3891888712884392 0.32007364485062 0
0.3964204038308459 0.330419461610872 0
0.3867206113818153 0.3302067261979175 0
0.6000251103690857 0.1921612941913229 0
0.3877280969409033 0.2425866545006469 0
0.4532014860660741 0.3133638914247677 0
0.4455335628854699 0.3119687607101627 0
0.6862602879468488 0.2227558734752807 0
0.6825253661715414 0.2336558125219226 0
0.6895329548083823 0.2120509089560673 0
1.461659423557742 0.03568968373819483 0
0.326341498833586 0.1235423138987723 0
0.3372057601718709 0.1283339395505099 0
1.081045088244148 0.3421435400832996 0
0.5926250757645001 0.1157774820195384 0
0.5989277724635317 0.1204495914475888 0
0.3584286671766908 0.1724401257765535 0
0.3684189134199334 0.1748748252707838 0
0.5713790604652234 0.05395810401046897 0
0.3828652458659151 0.213257694900997 0
0.3797999620047869 0.206758955713112 0
0.168321758320238 0.07424775917817023 0
0.153558127974398 0.1000485565183291 0
1.043539084779074 0.3192304333344254 0
1.029490047887716 0.321705405323663 0
0.3354501878116503 0.3471081343626897 0
0.343051132482824 0.35963502637723 0
0.1956536351373548 0.3058903993946556 0
0.2231591497625912 0.0631145683583229 0
0.2341207866130274 0.05313380440673811 0
0.2390449318285177 0.07287209696972168 0
0.4611200084614105 0.127242513072212 0
0.2991514243469443 0.2031411569944218 0
0.2957981428384064 0.1901583971133669 0
0.4991303499918245 0.3017633373709129 0
0.6753399616699749 0.1842614689492419 0
0.3518385870259346 0.1794815927350628 0
0.3491049700821804 0.1699881043342518 0
0.6441907381479823 0.2558359388219114 0
0.4192536322401252 0.2776732053294648 0
1.717618416984087 0.08855272053822469 0
1.729800365310332 0.1223412810006514 0
0.7249510356273949 0.1464335180282743 0
0.3718584617341399 0.2615803614156799 0
2.267648286756264 0.06454546730513781 0
2.34541173494482 0.05983755163578574 0
0.6757824828349738 0.01421097775830032 0
2.179026510820069 0.3047267383737302 0
2.168367416340306 0.2613795295456069 0
0.5691367491063539 0.3048123824951546 0
0.5771494332613691 0.3032571396726138 0
0.655336852093044 0.1919229701241133 0
0.4621458908541999 0.2696171921436643 0
0.4622663599100946 0.2644428505769025 0
0.436305932662113 0.2543662594905051 0
0.4328466290325599 0.2531062650518167 0
0.5925834897168578 0.06033268675751404 0
0.581474356422974 0.05725518710598747 0
0.5507391991095829 0.08688079725110191 0
0.902886727844628 0.3344654448303464 0
0.93186614482615 0.3336109238168172 0
0.9257347339519966 0.3571623863010876 0
0.427639109845441 0.1936209782385359 0
0.4227273943419137 0.1949314428213724 0
0.2400626030762098 0.1890563403197927 0
0.2381933256962234 0.1712830645819311 0
0.0605088215464996 0.02443716441964024 0
0.02466942277489506 0.02443716441964024 0
0.6044830152525259 0.2899973114864544 0
0.5965718311624409 0.286863736274018 0
0.4276512057934142 0.1811971773776416 0
0.477355739016109 0.07454942084597126 0
0.4837466263952823 0.06997023365080186 0
0.09090500178675243 0.2370045407066381 0
0.07858762428750932 0.2173768919815572 0
0.5090968538546199 0.05616265936047243 0
1.272387423023581 0.2871010938895344 0
1.231788658130287 0.274466332135935 0
0.4173102555252896 0.2421669714509199 0
1.813679496107956 0.3761926655351318 0
1.098916639029138 0.2788607719056214 0
1.087318586971055 0.2913437117139649 0
0.2858076097594905 0.303049466497101 0
0.2805837743731951 0.2904521501915098 0
0.399275897311657 0.09583889721622935 0
0.9416994996247359 0.3831539326437791 0
0.5928494064053252 0.2596098689054824 0
0.5870103873138204 0.2601259146170418 0
1.853112214597962 0.3761926655351318 0
0.5998258758489794 0.20410861771319 0
0.7806997566777393 0.137707562234239 0
0.7726600408041254 0.1281313659688076 0
0.6060740149788051 0.1242961528651552 0
0.6144280228528631 0.1279342116385449 0
0.6274326125566227 0.3325620101804027 0
0.6224266784794924 0.3424532099212251 0
0.6389779596787311 0.1318433991588482 0
0.6305207187878497 0.1361070848485866 0
0.4372115492019677 0.3117275805609259 0
0.428774768988242 0.3123505728534258 0
0.4228450979683377 0.1790198832139904 0
0.4227174484107 0.1443922021245525 0
0.4204659011953802 0.1383672591307798 0
0.6065514353174286 0.1769742251437677 0
0.6130582735184483 0.1735814622463265 0
0.3389264669382811 0.2997436281667571 0
0.342520500706076 0.3121854830271899 0
0.7185880793382651 0.2905698502682908 0
0.706626905393156 0.2932666596351031 0
0.2402155757770167 0.2719718402479264 0
0.5498812929837533 0.2612509497598877 0
0.5546889495451695 0.2606392004595816 0
0.5524392896642247 0.263782784264305 0
0.6129391285972769 0.06885735505094717 0
0.6226167361815425 0.07479978438639659 0
0.4287895188382076 0.08891795974875283 0
0.4515419391789673 0.1124401325055188 0
0.5610884838215588 0.246654955921199 0
0.4266970646050802 0.1629474021370616 0
0.4244196122499975 0.1596977514224932 0
0.4294378751372607 0.1589599820016387 0
0.8251356993364676 0.09379688291648274 0
0.8365127299797539 0.09234290424609805 0
1.123571617412986 0.2431034030186304 0
1.135400503392315 0.2386887445388305 0
1.130510087156923 0.2497407800768005 0
1.245906291628516 0.06931163302560513 0
1.226327615599248 0.03540037139798332 0
1.187170263540714 0.03540037139798332 0
0.5854775695956642 0.3020638060387211 0
0.5934895308559915 0.3008899207748607 0
0.5610717292573748 0.1416396256372692 0
1.930544923401836 0.03285084802333137 0
0.4061853094887652 0.1702915298994038 0
0.4049734457419662 0.1646649805377954 0
2.336820825124414 0.1616026175076273 0
2.34686377722424 0.1975360516008312 0
0.6506759869144432 0.2374381425964948 0
0.564575993574902 0.09464717805815094 0
0.3457374287100357 0.1601976760611681 0
0.3431719395210721 0.1500288827853597 0
0.4985369228323123 0.3328150909977928 0
0.5622242267788968 0.1687360664642418 0
0.5570634402607582 0.1706132726553022 0
1.297835861193348 0.1032550092218369 0
0.02630790113661732 0.188468999553931 0
0.7392090956077177 0.05948853396791643 0
0.7254430643124107 0.06842070471768888 0
0.7299773355399712 0.04757056871629461 0
1.077929071981763 0.2931280074887639 0
1.067960410225929 0.2995223273954361 0
1.194202977298456 0.1959656692540901 0
1.195325531328497 0.2073438766840558 0
1.207261369189774 0.1763970382691263 0
1.196807990078493 0.1864733400542047 0
0.3524136557090277 0.07641348268151792 0
0.3479181294871468 0.06202567637814423 0
1.885718153792036 0.2396595157858404 0
1.9260947474371 0.2440602490935288 0
1.613612564632262 0.3778604566864876 0
1.220080036560808 0.3755735214204913 0
1.239766899164187 0.3431530352431255 0
1.180647318070802 0.3755735214204913 0
1.891387571343301 0.03285084802333137 0
0.6474466139431114 0.1852908006153358 0
0.3454627110474425 0.2403088982703795 0
0.4335260339243246 0.1581324842465395 0
0.438082156674226 0.1577481437899035 0
0.2555986473770824 0.04818796188600028 0
0.4415817030514213 0.1499491736506162 0
0.6384759711672626 0.1015539672155613 0
0.6355430852124154 0.09115861499561669 0
0.5477591201599619 0.2528335226651036 0
0.5186887280645138 0.2726769458351063 0
0.5168263261188726 0.2773081052409615 0
2.046635898969081 0.03214771500160642 0
0.5994540432816657 0.2159856001304307 0
0.4194850440254979 0.3614387402533784 0
0.4123705420766812 0.3697305493305485 0
0.4056340683016748 0.3591289413565495 0
1.707282522715988 0.05584016468426536 0
0.4128838860392803 0.2976390432450317 0
0.4044890710766954 0.296784676341356 0
0.3871531930179878 0.2195761417270548 0
0.3793220114729644 0.2189773918306721 0
0.6400031106704199 0.1224726955685216 0
0.6774824480685024 0.06944383346496134 0
0.6641474878565168 0.06806230778049713 0
0.6747527853681782 0.05763302370027727 0
0.6022205654980188 0.2995781658626822 0
0.6105770274076223 0.2964390635726968 0
0.1078706196701377 0.2540886159007341 0
0.07661309914872669 0.2550525925531594 0
0.4820631409998938 0.3337347819701832 0
0.6783388039273539 0.2141394657541023 0
0.8414754832149479 0.2415278755765423 0
0.5782542001244195 0.1016153394385013 0
0.5859788069456666 0.3607356215826261 0
0.6571815077352635 0.2184726999309266 0
0.4349298184895812 0.211698194239618 0
0.430052575379088 0.2086876632282028 0
0.5103499204049232 0.282445912965627 0
0.5054460240587746 0.2830258707334206 0
0.5662058789725191 0.1496217532364283 0
0.5689528394259125 0.1534251832681377 0
0.7729882067524271 0.3580656132018041 0
0.3161726629478466 0.1336715857826307 0
0.3134133916101545 0.121030899222586 0
0.6269781709852045 0.1844779749660251 0
0.457201263336949 0.3201697182721393 0
0.4758278389756082 0.1181508757313959 0
0.4735836939590777 0.1232422596021499 0
0.3383937868553596 0.2212361208058425 0
0.2902657129372923 0.0493064765588249 0
0.2703884766476852 0.0484439734332903 0
1.410132272000899 0.3117546162381956 0
1.39340762085589 0.3468575881436039 0
0.5329080540419218 0.1232097123416921 0
0.5720603562473152 0.2419123719161841 0
0.5701098921772187 0.2462603359167952 0
0.5478928537762898 0.2702282499238343 0
0.5431616003623413 0.2726183935614323 0
0.480348022000715 0.1183438125614912 0
0.4850865910756664 0.1180046394825809 0
1.336194773698423 0.3795220994063108 0
1.37562749218843 0.3795220994063108 0
0.3973760019749264 0.1413285616803207 0
0.4560470332058125 0.2881886571207737 0
0.1796405820174043 0.06304862582452408 0
0.1844338113797559 0.08598155756762756 0
0.6650527829247099 0.1798419161013524 0
1.741652254766043 0.1570154930590275 0
1.781152391987124 0.1621863354639227 0
0.7101550155193777 0.04301613013763662 0
1.504397619046782 0.2875956310394449 0
1.486417625318842 0.2544782314631965 0
0.3212953790603073 0.345749120355592 0
0.661102379934557 0.2364996499731665 0
0.6577361789449554 0.245577207000877 0
1.033369200677741 0.03394267914429221 0
1.016319209512793 0.05973094623517597 0
0.3097987118838688 0.1031770100287314 0
0.3223119118836211 0.09591931462149618 0
1.426868029693494 0.2810453841585548 0
1.448179897307337 0.3139617453949453 0
1.446568024557461 0.2501217706226851 0
0.5991015528661816 0.2279568579005238 0
0.7701235718679599 0.04135741587446532 0
0.6025279980432107 0.06426647042808009 0
1.808647615689384 0.03283316805893314 0
0.651663434486484 0.3298464518152128 0
0.655360981078086 0.318121591678268 0
0.6638501721300998 0.3274390012819772 0
1.00316197115651 0.2602688138050919 0
0.3455459660915823 0.1866356113873352 0
0.3321446151987015 0.0883550850619028 0
0.6202815415345302 0.2951759692585739 0
0.6311212614677624 0.2938700278015234 0
1.326318438399704 0.2416670493267415 0
0.7657504261497855 0.1081597639966169 0
0.7645671593122132 0.1224487497948519 0
0.4414980183903673 0.07763456930509559 0
0.3956248504485032 0.2962226279163655 0
0.3864957245934351 0.29516845829981 0
0.4622560410816228 0.2597175575865548 0
1.112041715048584 0.2460628858565873 0
0.5509945106212649 0.3143582361695341 0
0.5626032641168044 0.2604231633187846 0
0.3192108293800011 0.396904435616887 0
1.072526503745279 0.03394267914429221 0
0.2156085856849113 0.2167339725189259 0
0.204110116487525 0.2326048533367058 0
0.4178829124470846 0.1325503300092974 0
0.4277373941091699 0.2241378674028143 0
0.7556508363218373 0.05556251833317593 0
0.7869383753770174 0.3557116098191831 0
0.4299748593510744 0.2623922489403989 0
0.4699999782487541 0.07220931871981777 0
0.4872649058863321 0.1135011259256047 0
0.5514575287269055 0.2675285355434142 0
0.423535622172212 0.1493007581921783 0
0.7676270007195864 0.1770646206343092 0
0.4059479358179343 0.2314507548873493 0
0.3996298550379196 0.2308307617662281 0
0.6482889926655786 0.1063255843418247 0
0.6583238363817302 0.100508931655119 0
0.3343322260817934 0.3974269312669126 0
0.2814114950105748 0.2228171015476995 0
0.2886323863522807 0.2378670003710473 0
0.1904293012873165 0.2484058676205349 0
0.1784627980516751 0.2650516202818473 0
0.8705101137575766 0.2700250419598693 0
1.974183378895173 0.380621827665736 0
0.6029275918142233 0.3393956344449324 0
0.5983261938745968 0.328809767106046 0
2.165043651392718 0.1074341993670712 0
2.180791231816015 0.1453032032657224 0
0.5154054067931009 0.281951428999694 0
0.5135796578589624 0.2864459197623321 0
0.568320512216022 0.1455939965626622 0
0.5729823812833013 0.1437965857481749 0
0.6047509462629534 0.3509023216632146 0
0.6167582153276761 0.3500604294390711 0
1.604498981403601 0.261589064355975 0
1.582601745526514 0.2904925056952639 0
0.5840360429073856 0.1444425690399852 0
0.5304170016918524 0.08465450185230183 0
2.12865924894379 0.2561692933178686 0
0.3744950636484236 0.3478111437307914 0
0.3694506611488214 0.3590679151120134 0
0.6508304093300961 0.1652720310223648 0
0.5663365307448984 0.3121532416438149 0
0.4021062501661004 0.1745989696106139 0
1.483673900064865 0.3165616372516182 0
0.472910421126384 0.09407927570951737 0
1.488590732194815 0.3799353805939659 0
0.4204616163438616 0.08615381148242325 0
0.4266269741389804 0.08042488348285216 0
0.5036254806758635 0.287730091323503 0
0.4585787384973314 0.04991419955709813 0
0.4660365739630429 0.04291383427313025 0
0.02466942277489506 0.05952153263150151 0
0.4771346124721265 0.1268506379930976 0
1.847804967747919 0.03283316805893314 0
0.6070212245391812 0.1156907171050234 0
0.4408645786692543 0.3200522845106858 0
0.2176694534741059 0.1663655038466576 0
0.4250316340839789 0.1665413855249328 0
0.05636828262003962 0.07707891233402471 0
0.07619965045355293 0.04953805209605867 0
0.5411225553749628 0.2807064534991339 0
0.5428504006220949 0.2867819006503564 0
1.314187067237684 0.202893112816117 0
0.5254527360380652 0.3113989546851614 0
0.5212193915489441 0.3167556214964766 0
0.5175606729853187 0.3109857507095737 0
0.342463131511126 0.08407630164024259 0
0.2931273728987321 0.3185254618453475 0
0.2772295621449258 0.3163118098650017 0
0.6225027443329394 0.1406565621811946 0
0.8072495151217483 0.2691087775866591 0
0.8045405288477414 0.2585185740224649 0
2.085649722401363 0.3864971981082606 0
0.4979534576275641 0.06886912209235917 0
0.5049831792463934 0.0723798056729444 0
0.4165645145609192 0.3047652116842554 0
0.2119179650275019 0.07881764256764394 0
0.2069938198120116 0.05907935000466037 0
2.17813332878628 0.02757725500617569 0
0.5265793868237683 0.05322986277679781 0
0.5730273109672979 0.250666809628395 0
2.468145469453328 0.2552632093326574 0
2.468145469453328 0.2210965426659158 0
2.470410798704115 0.1879166666661876 0
2.470410798704115 0.1537499999996158 0
0.4777543010799994 0.1138711331163461 0
0.5825243720347656 0.3098367614071741 0
0.3391473485592795 0.1672391430196774 0
0.3313944525842721 0.2015911956080125 0
0.3382803449195542 0.1938999874042797 0
1.139388418106651 0.2554757094614672 0
0.5181236773270541 0.3237380704859545 0
0.5148111924536753 0.3317141355956921 0
0.5378752478583668 0.2738024795973075 0
0.533879056578904 0.2759393746980175 0
0.575358781016997 0.2330000832724143 0
0.573426128327894 0.2374868698105382 0
0.3623245394968925 0.2608415349356853 0
0.352599226017913 0.2590508371785804 0
0.416461354843517 0.2720437717617394 0
0.4033503570873568 0.3456948376187745 0
0.39623585513854 0.3539866466959445 0
0.383394022090748 0.07174867319664276 0
0.37504753716751 0.08193937176336731 0
0.6110324629355975 0.05762942179458302 0
0.5218963856468669 0.3554295571386826 0
0.512262274860471 0.3563267950526953 0
0.6676934823161513 0.2167146222831923 0
1.635147715023324 0.3371928278891741 0
0.6551779530062569 0.0756211153049814 0
0.6524482903059327 0.06381030554029732 0
0.8056773537333697 0.2950558337286949 0
0.8112187650416636 0.2787942208510764 0
2.468064286503965 0.1187716776599141 0
2.468064286503965 0.08460501099334503 0
0.6456035758522536 0.3104637303118791 0
0.4543162916058256 0.06558745678691315 0
0.4621772297314335 0.0686103972399454 0
1.69337272973561 0.02620784286340711 0
0.3277899251917206 0.2754183738960426 0
0.3230531845658809 0.2638421356235809 0
2.185654956479444 0.08719131766470341 0
0.6224459973077734 0.1233847343059369 0
0.6227065531061821 0.131781667421892 0
0.6324611744726683 0.06679470974111584 0
0.633634317164547 0.07937418771006234 0
0.5636105340354127 0.1463709103738036 0
0.5660155672174734 0.1699654821926534 0
0.3456795198027154 0.2672756928020619 0
0.3517476635932071 0.2789741393593426 0
0.3411718373254383 0.2779177806226927 0
0.6277755748608496 0.1793041996919057 0
0.3963141239208903 0.08638697265060301 0
0.3939393403143593 0.07689906207637436 0
0.4033070724220877 0.07985482150233422 0
0.5895313883448372 0.3506514984432793 0
0.587708033896107 0.3391448112249971 0
0.5970915135866607 0.3472489171339513 0
0.4311778814725664 0.2224582871390327 0
0.43233184122605 0.2268746901477676 0
0.4571776553457858 0.1159483911748172 0
0.6790735836211659 0.2435529545740392 0
0.673464156487217 0.2555785039686262 0
0.5195620635074201 0.3392384454467394 0
0.5281707106116913 0.3383825657571434 0
0.5248127479612008 0.3464872877528626 0
0.599583543011088 0.3073316728611031 0
1.579802226624437 0.02173137209651908 0
0.5168857416514461 0.2907292748007396 0
0.5208698146356565 0.2948893326527114 0
0.7041860363680743 0.1682539260729357 0
0.3324402886792064 0.1468158576027053 0
0.3398324210131437 0.1393960256414713 0
0.4309326077623976 0.2577097095126325 0
0.3626848986932735 0.1187212125060032 0
0.3697565565828812 0.1121179075100093 0
0.4610390724261837 0.3275327542173208 0
0.4530244014419913 0.327656500605104 0
0.3338580689822123 0.2871168204533234 0
0.3255445548045635 0.297244221440107 0
0.3985597135633236 0.1629766511166722 0
0.4030734581065863 0.1587641324603244 0
0.3902519644775428 0.2254519623716653 0
0.3964678010632067 0.2353198116461956 0
0.3937319163553357 0.2300971359665681 0
0.5465991976854261 0.2600591372373695 0
0.6059846872503283 0.1833052395181199 0
0.05613164176928802 0.2051457802245088 0
1.103920964075992 0.2691138887797855 0
0.3903869705919454 0.06521652204837396 0
0.4008916186520068 0.05951518343156252 0
0.5305050327511383 0.3545736774490866 0
0.541495160411878 0.3525831359161404 0
0.5385787980975441 0.3615254053019604 0
0.4306614099240526 0.2186684069329094 0
0.4352558570409326 0.2214052296778628 0
0.4227797078511972 0.1542468653431066 0
2.292818532568479 0.09498760296183052 0
2.253405243800339 0.09696501297304938 0
0.5239880277486726 0.0816790099791202 0
0.5241986538450003 0.2999503176993007 0
0.5283955271579381 0.3048279959526541 0
0.3161591866369646 0.3075670738154938 0
0.3081704351791525 0.318855494657122 0
0.4300498969712422 0.1658036161040783 0
0.6483923050088033 0.272764430552442 0
0.6451159183375386 0.2823095046838173 0
0.431248581569242 0.1548828335319711 0
0.4279163371031928 0.150764224136142 0
0.4119904638366266 0.08350173364654274 0
0.2996298759981294 0.1133062819125899 0
0.6180190917800231 0.3047568236348017 0
0.6645541624849326 0.2266025079210499 0
0.6716143545154449 0.2347415723254322 0
0.3992578355029143 0.3040783335981175 0
0.1558010991280078 0.2621574526416757 0
0.1319607984940404 0.2576712241082893 0
0.1460028229421308 0.2405267925875993 0
0.4778908152441375 0.3417331340017217 0
0.4734653902909537 0.3499245255659529 0
0.4693293701314196 0.3423253212493764 0
0.5320542457215636 0.3105978667395569 0
0.536311825027447 0.3163044547822846 0
0.5785316641635871 0.1286591468091425 0
0.3810939528067341 0.3391293415378994 0
1.003073442219196 0.3069221845702552 0
0.4082277206034465 0.06608486909435603 0
0.4566383102062563 0.1094468920100157 0
0.6765109426182513 0.3251369954628291 0
0.6728133960266494 0.3368618555997739 0
0.3274124693638819 0.2193121636985513 0
0.3158583163211869 0.2164134024793364 0
0.3232511045384809 0.2087253066701601 0
0.559331878572233 0.175476915287989 0
0.5645949691220646 0.1732479724403931 0
0.5036560555510063 0.3569315454714262 0
0.5075978815474649 0.3479479178611895 0
0.6453875235035412 0.08315354035033594 0
0.3657892683077317 0.2690708780187064 0
1.294202640757175 0.1676370706801953 0
0.9295474149390838 0.3039693275743634 0
0.9523954210464525 0.3266662690451046 0
0.5571398428461425 0.08319367855412789 0
0.4361841227360109 0.1923676793987593 0
0.4309697933917545 0.192455044157517 0
0.4653085028079147 0.3345767331177154 0
0.8492560465985407 0.08630631855469388 0
0.1835239387763067 0.2292120068371566 0
0.6803276783469159 0.3474918476097457 0
0.6676669078587645 0.3497938534288936 0
0.4140778305829922 0.2469558566646561 0
0.4112602357465701 0.2419838632379483 0
0.3807149275169967 0.3030602281928902 0
0.3768170372357096 0.2947124013195732 0
0.3899081652039286 0.09288313779026948 0
0.4035053599342882 0.3124633811433413 0
0.394641139306096 0.3119013327183509 0
0.4397375759816385 0.06898310060950896 0
0.4374341328151626 0.05906426089400211 0
0.4457377169809323 0.06216126714550258 0
0.6055781779073881 0.2018854437744552 0
0.6054885950384341 0.2078045199072609 0
0.4412653026631959 0.2843579259247069 0
0.6241612492758539 0.3133801844066148 0
0.6144567351489461 0.3146432787207377 0
0.3034075442048647 0.2150450709203114 0
0.290862017056023 0.2123596824637881 0
0.6953638993556398 0.1515562339096884 0
0.2849364697902401 0.1105081801182175 0
0.6570867210541254 0.08740554259053575 0
0.6681142658844459 0.09297650660976443 0
0.7627581213264314 0.1336129923569171 0
0.3006798245078895 0.2331364239623957 0
0.4847104363967145 0.1089575401189214 0
0.2771553751526544 0.21091318762181 0
0.2624498124564483 0.2073859567215201 0
0.2719003345018965 0.1969285376376086 0
0.3947997008950435 0.1672062677620991 0
0.3928997132596636 0.1613054196846281 0
0.6569616451432039 0.1823787732928038 0
0.324449216907165 0.1564380327759096 0
0.3211096983992366 0.1458051756320212 0
0.1644207736035847 0.2821960518025373 0
1.608034422002031 0.317383587999959 0
0.2456035945994989 0.2067291296109215 0
0.2284714258700183 0.2023841631933954 0
0.3352492687593963 0.1842939473097056 0
0.5118302552632683 0.2912237587666725 0
0.6219115589187851 0.1138536226589111 0
0.630190089172104 0.1177010784422582 0
0.4223280505627804 0.3517581626904595 0
0.486199161159428 0.3413339862867598 0
0.2100675941616222 0.199061183227797 0
0.1906391930220401 0.1946840811374067 0
0.2035020332071471 0.1803342718118762 0
0.5791718708104068 0.09281927744437592 0
0.3310009986380655 0.2289242166150188 0
0.5881051516155693 0.316501938742334 0
0.5797770152812742 0.3176952723762266 0
0.6318865680396235 0.3218978408520272 0
0.6387202879514695 0.3311932115398791 0
0.4447119063430915 0.3278373380056626 0
0.4363898926595893 0.3275961578564258 0
0.4331944342245976 0.07453756305359512 0
0.3191090865046634 0.2538417668267718 0
0.3311595954737292 0.2562189652686028 0
0.07451492983820782 0.2866671854989962 0
0.5556786841888202 0.3207659918292866 0
0.5481963690207585 0.3218478397522576 0
0.2683976669414267 0.108451774512579 0
0.2513665039076802 0.1055270217886252 0
0.2339393561096125 0.1012836614955494 0
0.2165178463253847 0.09681965854782332 0
0.431719639030465 0.3353947697608166 0
0.4278723113566277 0.3276097162658397 0
0.4999388479296156 0.1179032451771757 0
0.5012787501115927 0.1219556622328711 0
0.3404776157808623 0.0523697374394124 0
0.5260157403798006 0.3241512744615422 0
0.8074143066372094 0.2467288582045175 0
0.4275547943012863 0.3440437606358851 0
0.4179753139889975 0.3431227302248049 0
0.5114532298031849 0.3398188575914113 0
2.435026298898562 0.3861943037343842 0
2.474459017388569 0.3861943037343842 0
0.4248665317302517 0.07177341478726554 0
0.3420233997501443 0.2579944784419305 0
0.6394686722814316 0.1129415839214958 0
0.3182612595430985 0.1639369457250638 0
0.3141971404688559 0.1761537831668687 0
2.474408677254127 0.02397424038557623 0
2.435251325195593 0.02397424038557623 0
0.773046897170981 0.08474163278523374 0
0.7677836310216147 0.09817451572856455 0
0.3979043196932914 0.1788720169526577 0
2.469528721303259 0.3233771944618519 0
2.469528721303259 0.2892105277950967 0
0.5184651782650959 0.3005680988516693 0
0.4360723756042479 0.3440302022264711 0
0.4242873511774087 0.319716595715683 0
0.4205195551798986 0.3122560642076599 0
0.6354489246707007 0.3120113857660912 0
0.9948949093916428 0.2517132944633824 0
0.9836937355141209 0.2570884934327751 0
0.9762032999044206 0.2652569354311056 0
0.9688321252974559 0.2741469221055183 0
0.9669076096509501 0.2608606793250441 0
0.9544839265810798 0.2606060898686934 0
0.2995923875645878 0.3321178380250226 0
0.2455104427761493 0.08709622121438228 0
0.6472094790034832 0.3405106211435883 0
0.4782108507914058 0.3583429559375497 0
0.4696494056786879 0.3589351431852043 0
0.4270901400061621 0.05615849159785021 0
0.3075689090302656 0.2256319279487026 0
0.3352395791787105 0.3719521162041061 0
1.108195108264539 0.2574896580269705 0
0.4096156802300956 0.07401382307231406 0
0.3158373827319545 0.05934076908415341 0
0.8296515905872722 0.2436853894659687 0
0.4120770967500859 0.3121312345465125 0
0.415545155990014 0.1956143375457698 0
0.4974011166980646 0.1136143477437601 0
0.5346899833746687 0.1325187924607968 0
0.619896537205286 0.04877373121118451 0
0.6299013822876098 0.04060666733140447 0
0.6314484385719875 0.05405324253767007 0
2.25840260792726 0.1544965890301435 0
2.294656958539104 0.1599066433725414 0
0.388815903774437 0.3746909379516843 0
0.4048992772547785 0.3779120651682292 0
0.8798100938937647 0.3427396299397211 0
0.5007281776817584 0.1089416393835417 0
0.516879563562074 0.3050965114025505 0
0.705905436750585 0.1569167362279305 0
0.8190236961885196 0.2443290034158422 0
0.3479374110137365 0.1315469647331643 0
0.4520128484393497 0.05566861707140629 0
0.1982410523345238 0.1619884017562673 0
0.5227642139369267 0.07525618630757076 0
0.5194427826544117 0.06779799335077837 0
0.7117922475032857 0.09093928384779527 0
0.7227538299977631 0.0801367839385176 0
0.7877346667964383 0.08978020498431434 0
0.3817210085161287 0.09076056870258646 0
0.4013349095040081 0.1531991577649609 0
0.4485497154323263 0.335200373950844 0
0.1930287886916271 0.1414195757244897 0
0.1893007512272297 0.1228029869161355 0
0.6783505465603666 0.0857482439208342 0
0.1744532126477176 0.3028645665338472 0
0.5450906227813015 0.3699059687319491 0
0.4510126471869058 0.2873417646639655 0
0.4543443580962167 0.2823964410056312 0
0.3799333034018084 0.3699386364068013 0
0.3551433248283981 0.1245148364554969 0
0.4660802085530632 0.1083183983993167 0
0.4715602543939722 0.108679921202785 0
1.259591595968295 0.3226133481155639 0
0.3613729322555234 0.2758843043550092 0
0.3873532547659115 0.3492343451510615 0
0.3896369659802295 0.3626684488888366 0
2.01361609738518 0.380621827665736 0
2.240179964265303 0.1233176369733988 0
2.215009718453088 0.09287550131670606 0
0.4074604005532675 0.3199542336667459 0
0.4901382081907228 0.06594344412171542 0
0.5428677219457967 0.2772460523189326 0
0.3134159339358972 0.3578980921677833 0
0.3067560047205981 0.3445968426489884 0
0.5307020837818753 0.3305739566953755 0
0.5359527682356562 0.3378227990014987 0
0.1733820462321806 0.1160001042896023 0
0.460883077854731 0.3427681246819465 0
0.688955844072028 0.07531895984061433 0
0.6954750947760551 0.3429367064328548 0
0.6903286066081702 0.3558687042619745 0
0.6958786900724817 0.3295566591291211 0
0.5468421779692489 0.1207768574176882 0
0.5502650970529438 0.1236119697093431 0
0.440750458577488 0.2158810629838281 0
0.4384396285222604 0.2193400378220574 0
0.4370502155476465 0.2141563746335102 0
0.325693770023185 0.1820024319857761 0
2.334982399153788 0.0966835770969164 0
0.6094854066512199 0.04418284658831742 0
0.3962577707258945 0.1731505465361869 0
2.474408677254127 0.05814090705217205 0
0.5135926084626028 0.06291162665974735 0
0.5180388797537748 0.05498385946454357 0
0.3745441763763552 0.2851285942988998 0
0.3709068544927708 0.2766231308350037 0
0.9508891556786805 0.271917755089084 0
0.6412759126493153 0.2923223723473113 0
0.6378782570884839 0.3019460738664667 0
2.474459017388569 0.3520276370676178 0
0.1517915137240503 0.2999703988936757 0
0.4578154373194818 0.3588548126191741 0
0.702149524912414 0.05775864442540428 0
0.3778074202413217 0.1067140542286664 0
0.3846827819068954 0.1002124932682128 0
0.5488488575663709 0.256915553432646 0
0.6052326327160187 0.1893363530273971 0
0.6051229810648663 0.1953646004164585 0
0.3380793016889269 0.2479941096451214 0
0.3345989067710274 0.2385333850970518 0
0.5028470104937202 0.3404236080101423 0
0.4946815745765923 0.3409441512675709 0
0.4388919997053321 0.1946537426944145 0
2.418003149694065 0.3556572915059623 0
0.596972826241605 0.2570199373900971 0
0.5000786236365753 0.3642074441752221 0
0.6039202673212849 0.2377480833763081 0
0.60402634477096 0.2309116723810836 0
0.6089152999431877 0.2346895463712099 0
0.5105007567552567 0.06897679324670723 0
1.466938142372269 0.347270869331259 0
0.5640005062476218 0.08543501199906174 0
0.5708123341165177 0.0890200168223987 0
0.4440406494348124 0.2524315510299209 0
0.5521827424253842 0.1426191975352294 0
0.2734478515044132 0.2633670406993374 0
0.255889862317906 0.2651472147663501 0
0.577063649589263 0.2298787270503031 0
0.6636273978464748 0.2526406016009256 0
1.265724272773341 0.0909748606964428 0
1.277438047781261 0.1264073466630361 0
0.555591690149503 0.1740716312313097 0
0.3901565502509883 0.1549609558449208 0
0.1608252492877999 0.2253437667427859 0
0.7982783161826615 0.273355903735984 0
0.793815829452612 0.2849594296858499 0
2.438556268157443 0.2040132093326299 0
0.6795812996958652 0.3112458952480994 0
0.6885445235924148 0.3206687495658962 0
0.2823925194136827 0.1888578451145457 0
0.09749183023160737 0.173647904786821 0
0.5184899079928336 0.1280044729989928 0
0.1788613684246683 0.1553883436897084 0
2.046217003911357 0.3864971981082606 0
0.6040785956549665 0.2133282621212965 0
0.6037963459566067 0.2192861684057315 0
0.4196170975482843 0.3275152076200738 0
0.5777186729204002 0.1432521448004199 0
0.5756521487902273 0.1483003984775318 0
0.5108333534382022 0.07726617236397543 0
0.538612837710829 0.1346395888315529 0
0.4326189884343535 0.2151571690778473 0
1.149733286432296 0.2504856742649137 0
0.9641022533551562 0.2877839255071153 0
0.9548065631016858 0.2833876694010539 0
0.3988368934646738 0.2406361093359259 0
0.3929389547820898 0.2399024835362659 0
0.5456823419970769 0.3291348926758705 0
0.5409981684295218 0.3227271370161179 0
0.6603439021980813 0.3606673411613852 0
0.6528296198778147 0.3500373491514134 0
0.6110825579461088 0.1865085457432554 0
0.5955638367634808 0.2637132138626118 0
0.6048494031321892 0.3139486111226737 0
0.5367358839462204 0.1197561670441191 0
0.7282904429579489 0.2992655803620308 0
0.8559570283357509 0.1001642742238999 0
0.5269950368510707 0.270759787747361 0
1.148782929889865 0.2379755246700119 0
0.5611985638550288 0.3277280706115761 0
0.5578145943083441 0.3361232888459399 0
0.5226451564424195 0.2723678763662144 0
0.3853590045394363 0.2372703568109166 0
1.226151868847047 0.1358580696418606 0
1.24563998948145 0.1380229354660992 0
1.226465398967244 0.1597538069703178 0
0.5337977980037654 0.3235915077058975 0
0.5408223290008405 0.3437959823261222 0
0.6589215471116021 0.1627351738309134 0
0.200352516374805 0.09278444019416079 0
0.5042754779223877 0.1261129992573931 0
0.3236175892795498 0.2366094279897606 0
0.3295918498230683 0.1649476276957479 0
0.4905092488208359 0.3489425032991093 0
0.09939258238787474 0.2939637315458651 0
1.654215377677075 0.02620784286340711 0
0.1745060644880084 0.2095427524589567 0
0.1679405035335333 0.190815841043036 0
0.5718564104111071 0.3191153204261044 0
0.5489863111064857 0.1314924567665006 0
2.220007082580009 0.1504070773738002 0
0.563996705455535 0.3202384670288526 0
0.9349418858960494 0.2881111695505819 0
0.9461592837363808 0.285554758490681 0
0.1176688958560147 0.2757192759548105 0
0.7765022836617363 0.1069818751386901 0
0.7876099640170577 0.1053049057163861 0
0.4160860467866111 0.2047348916175545 0
0.2780034084794572 0.2776660814562612 0
0.6500819570495018 0.26289933342196 0
0.4106025028676966 0.3417895167938182 0
0.4158292466062026 0.3340751147392438 0
1.047539583887222 0.08589023922617496 0
1.027913790448234 0.08030371103263846 0
1.127362438947364 0.3182599059868602 0
1.105466413691002 0.3224354341443103 0
0.5341004951205617 0.3718965102648952 0
0.1626728714730722 0.1701200996206048 0
2.416289624436745 0.05252776337440248 0
0.5586703245062368 0.1257516947240384 0
0.6949224159082051 0.2955773958763395 0
0.6829565726692985 0.299525623299951 0
0.576595327255113 0.3526315156736718 0
0.5932223345879597 0.2424578872011148 0
0.9895153183632234 0.07214929897923002 0
0.408429200217329 0.2366242077350338 0
0.5175747447588115 0.08028598360928769 0
0.5505519027622613 0.335108076000494 0
0.5433537021710244 0.3359873732643543 0
0.6140502400034213 0.111863515814853 0
0.4392623422675567 0.1538797091432301 0
0.4975542122990293 0.2928898825313754 0
0.6532010048263609 0.2535790942242538 0
0.5961183684901619 0.3152603660348522 0
0.2564720796265855 0.07711545726279749 0
0.2647963979495567 0.06314734456542691 0
2.19888023601448 0.06083869366435404 0
0.4051967752750317 0.24141309294877 0
0.332959391195213 0.1747380559688316 0
0.5933710117366706 0.3231188770039046 0
0.5813662754004596 0.1399387563106283 0
0.6424660195549921 0.05862764586133581 0
1.618959578682971 0.02173137209651908 0
0.3849413468570653 0.3116885973053963 0
0.4109005531701129 0.2514477850743626 0
1.277751577901457 0.1503030839914933 0
0.7972456170834049 0.2969739164141436 0
0.7033193701549796 0.3044669131099301 0
2.320739356197863 0.1291031227648279 0
0.3870899105028299 0.2299410122516328 0
0.5586023234764929 0.2591156366727881 0
0.4813864770898972 0.2718206782879548 0
1.06251548323748 0.3220778856179069 0
0.5441706146711087 0.116890960590693 0
0.4567653574614803 0.3495641724108133 0
0.5069798449054621 0.291725027705862 0
0.5020811541105408 0.2925147153011 0
0.3948639516912752 0.1512750941289515 0
0.3995391352673395 0.1473984488547113 0
0.48269353436399 0.1050537210766435 0
0.4784513493282846 0.1011318342639506 0
0.3201181824769183 0.3714296205540805 0
0.07507178479145593 0.1845541548470027 0
0.6571625447747773 0.1732097465925749 0
0.9942506964703637 0.2965927610776767 0
0.6069039974881481 0.1080169543972867 0
0.7003283890896306 0.08577913410210584 0
0.3274024533800224 0.3843313668837998 0
0.5102859286979456 0.2960083827442695 0
0.4685226071844538 0.09791648043616916 0
0.4742742046749819 0.09984444139266738 0
0.1234827612117775 0.2975463397534203 0
0.4148835927205166 0.2663419056967395 0
0.4113329162845135 0.260900925134966 0
0.4954142303235691 0.3558285669837162 0
0.6285978693166524 0.3494646003861006 0
0.4740635353863544 0.1049690389906024 0
0.3167285047571736 0.2441139240034537 0
0.4757373990472749 0.1099673140740682 0
0.4802575820723817 0.1101602509041636 0
0.4527444901379754 0.3418155842791523 0
0.4444319950390756 0.3419964216797108 0
0.9816943810022555 0.2953813641308302 0
1.262404582457364 0.1792526594832584 0
0.4234785721036025 0.0638444608093075 0
0.5350896296668106 0.115018085148622 0
0.7244254989643373 0.3150581400856024 0
0.5729147152265457 0.1523753365507513 0
0.5114658044255733 0.1231697986478603 0
0.5084316163530391 0.1252878491706293 0
0.4012042897045619 0.3366472221332132 0
0.4194676131304271 0.1969649566366218 0
0.5537500300633778 0.1249922444445371 0
0.3131305966242117 0.2345047555214206 0
0.4869318169064049 0.3562184020029052 0
0.5520080272771133 0.1284614096507108 0
0.6040965854880843 0.2248983208954256 0
0.6994602905977664 0.069474723646233 0
0.302911181317353 0.05041178899487949 0
1.21473315894862 0.2220350655390919 0
1.243200552679894 0.1958958907820669 0
0.5992696585563839 0.2393434842717929 0
0.6398864733428001 0.3513841088760797 0
0.5135507243527301 0.3000355263559613 0
0.5087003139949238 0.3005367952951508 0
0.6171114802669755 0.178117270695468 0
0.4078088267348892 0.2563586491559068 0
0.4159055630000237 0.2004711117626583 0
0.5147127391975321 0.1259470401131906 0
0.446226783342446 0.2856017626737167 0
0.4613667098484732 0.1070097081208188 0
0.4651728920284617 0.1023729558408213 0
0.5009085765286279 0.2968848189137344 0
0.5400310018198802 0.11667282843671 0
2.442472963758092 0.07441258471232544 0
0.579453753668099 0.1348709695187717 0
0.4036725496111858 0.3265141407859158 0
0.1890336926776387 0.1039835735478069 0
0.6163140763913304 0.1832910459695874 0
2.443987738691829 0.3337381648630026 0
0.4169111120179854 0.06973178123856455 0
0.8086967477448512 0.09583630017703217 0
0.503657291803336 0.3013881701406376 0
0.7777130503633005 0.2992430372536112 0
0.7667522822785164 0.2994929746443887 0
0.4405486881487413 0.2537400295826494 0
0.6989490471500956 0.3156655589143914 0
0.7135220699300165 0.06821881868689579 0
0.7807190965935636 0.3253552673253827 0
0.777446016638583 0.3414559758974625 0
0.6215909441778875 0.1809308844310771 0
0.7895745746440582 0.3093394412964562 0
1.226749489824176 0.1785619040933648 0
0.5903129770000043 0.3300513398135277 0
0.7968091422799305 0.0980884838300627 0
0.4122442864269835 0.3261819941890871 0
0.9676688188064855 0.3046221114263657 0
0.7106535366350466 0.3133548226731549 0
0.8641951243136996 0.1085171948433032 0
0.914412609675747 0.2950558243222944 0
1.147764489061492 0.298603230150881 0
0.9204634526582067 0.0852758656848186 0
1.062497117104599 0.09092235369170547 0
1.055319019394017 0.108927234629296 0
0.5000004369303516 0.148996180257529 0
0.5045155225984249 0.1483873411038082 0
0.5088562901573517 0.149770967029368 0
0.5044366549093693 0.1492888031032382 0
0.5000014200236426 0.1467375858369694 0
0.5047334202348581 0.1458967597547075 0
0.5092475228096405 0.1475465150215463 0
0.5046244714166415 0.1471420504292578 0
0.5000026488902563 0.14391434281127 0
0.5050057922803999 0.1427835330683317 0
0.5097365636250017 0.1447659500117692 0
0.504869606257629 0.1443401464115196 0
0.5000041849735235 0.1403852890291456 0
0.5103478646442032 0.1412902437495479 0
0.5051760248088635 0.1408377663893468 0
0.5134085052931674 0.1499554139012672 0
0.5174439232556937 0.1520719375526135 0
0.5131747288339643 0.150829561309435 0
0.5140545017597791 0.1475403179269581 0
0.5182154842433059 0.149949216806679 0
0.5137315035264731 0.1487478659141126 0
0.5148619973430437 0.1445214479590719 0
0.5191799354778212 0.1472958158742607 0
0.5144582495514114 0.146030882943015 0
0.5203854995209652 0.143979064708738 0
0.5153666820825842 0.142634654229143 0
0.5218949511435322 0.1530440661205173 0
0.5255015315562265 0.1558291779927354 0
0.5215129321485739 0.1538643383998659 0
0.5229505104874628 0.1507778369901245 0
0.526629977387689 0.1538726863039629 0
0.5224227308154974 0.1519109515553209 0
0.5242699596673758 0.1479450505771335 0
0.5280405346770174 0.1514270716929972 0
0.5236102350774193 0.149361443783629 0
0.5298037312886776 0.1483700534292902 0
0.5250946154048215 0.1461745590690141 0
0.5297161299785841 0.157559450626414 0
0.5327842887335389 0.160928526509115 0
0.5291974759125158 0.1583009242160985 0
0.5311491795628376 0.1555109465651363 0
0.5342353321537325 0.1591977108875874 0
0.5304326547707108 0.1565351985957752 0
0.5329404915431545 0.152950316488539 0
0.5360491364289748 0.1570341913606781 0
0.5320448355529961 0.1542306315268377 0
0.5383163917730274 0.1543297919520413 0
0.5340600615308525 0.1513499226906658 0
0.5366343992606093 0.1633643697658456 0
0.5390709119167822 0.1672150420084944 0
0.5359948692203091 0.1640045154135999 0
0.5384013965992313 0.1615958335334479 0
0.540800463706108 0.1657624924117061 0
0.5375178979299203 0.1624801016496468 0
0.5406101432725086 0.1593851632429508 0
0.5429624034427651 0.1639468054157207 0
0.5395057699358698 0.1604904983881994 0
0.5456648281135865 0.1616771966707389 0
0.5419906099433069 0.1580034943113901 0
0.542439550861914 0.1702824440002992 0
0.5441703851888547 0.1744977118521379 0
0.5416985765891367 0.1708018111641447 0
0.5444868066346527 0.1688476116752567 0
0.5461258937904585 0.1733675632638498 0
0.5434631787482833 0.169565027837778 0
0.5470458763505759 0.1670540712689536 0
0.5485702795424634 0.1719548775284897 0
0.5457663414926143 0.1679508414721052 0
0.5516257617324694 0.1701890203592896 0
0.5486452949230279 0.1659331085150142 0
0.5469551981558157 0.1781034710849581 0
0.547927763622462 0.1825552557296914 0
0.5461352937733108 0.1784862790407507 0
0.5492205075312091 0.1770459393200667 0
0.5500498118965662 0.181781847141175 0
0.5480878528435125 0.1775747052025124 0
0.5520521442504509 0.1757240246139525 0
0.5527023722391966 0.1808150864055295 0
0.55063632589083 0.1763849819670096 0
0.5560180726674846 0.1796066354859726 0
0.553821917199977 0.1748978279226311 0
0.5500441355153849 0.186589813103019 0
0.5502288812489962 0.1911428493868763 0
0.5491702134205836 0.1868244304450863 0
0.5524586682145241 0.1859417144648569 0
0.5524529918333427 0.190749680426701 0
0.5512514018649545 0.186265763783938 0
0.5554768340884484 0.1851315911671543 0
0.5552331300637758 0.1902582192264818 0
0.5539677511514862 0.1855366528160056 0
0.5587083028518174 0.1896438927262078 0
0.557363187759651 0.1846252641060902 0
0.5516125071634559 0.1954836168839285 0
0.5510038197424363 0.1999995630705293 0
0.55071112103464 0.1955629148803414 0
0.5541028988328047 0.1952646435219928 0
0.5532624141629179 0.1999985799792203 0
0.5528577029981303 0.1953741302029607 0
0.5572158884194911 0.1949909268195731 0
0.55608565718852 0.1999973511150841 0
0.555659393626148 0.1951277851707829 0
0.5596147109705225 0.1999958150349138 0
0.5591615069111699 0.1948198538805608 0
0.4489961802575332 0.1999995630701167 0
0.4483873410992386 0.1954844774280491 0
0.449770967020321 0.1911437098940227 0
0.4492888030984414 0.1955633451325796 0
0.4467375858369828 0.1999985799778795 0
0.4458967597500172 0.1952665797929974 0
0.4475465150122729 0.1907524772431669 0
0.4471420504246278 0.1953755286105232 0
0.4439143428112948 0.1999973511125829 0
0.4427835330634905 0.1949942077491827 0
0.4447659500022129 0.1902634364295972 0
0.4443401464067539 0.19513039377109 0
0.4403852890291848 0.1999958150309622 0
0.4412902437396377 0.189652135412635 0
0.4408377663844112 0.1948239752217986 0
0.4499554138921162 0.1865914947453592 0
0.4520719375436674 0.182556076768831 0
0.4508295612984075 0.1868252712093783 0
0.4475403179174211 0.18594549828019 0
0.4499492167972643 0.1817845157823822 0
0.4487478659047686 0.1862684965127746 0
0.4445214479490522 0.1851380026987285 0
0.4472958158642605 0.1808200645493213 0
0.4460308829332367 0.1855417504894592 0
0.4439790646980058 0.1796145005079951 0
0.4426346542188217 0.1846333179603151 0
0.4530440661138069 0.1781050488726515 0
0.4558291779885607 0.1744984684509725 0
0.45386433839839 0.1784870678554877 0
0.4507778369830393 0.1770494895295258 0
0.4538726862995819 0.1733700226197951 0
0.4519109515484231 0.1775772692010887 0
0.4479450505695797 0.1757300403506188 0
0.4514270716883584 0.1719594653308234 0
0.4493614437763095 0.1763897649400723 0
0.4483700534243291 0.1701962687196088 0
0.4461745590611674 0.1749053846138019 0
0.4575594506277626 0.1702838700209515 0
0.460928526516152 0.1672157112580967 0
0.4583009242348783 0.1708025240613947 0
0.4555109465662782 0.1688508204369937 0
0.4591977108944588 0.1657646678381501 0
0.4565351985970204 0.1695673452289726 0
0.4529503164894226 0.1670595084570465 0
0.4570341913673424 0.1639508635632167 0
0.4542306315278504 0.16795516444702 0
0.4543297919584468 0.1616836082195501 0
0.4513499226913879 0.1659399384695794 0
0.4633643697534429 0.163365600748628 0
0.4672150419771705 0.1609290881095375 0
0.4640045153804268 0.1640051308112812 0
0.4615958335203969 0.161598603410655 0
0.4657624923793809 0.1591995363211329 0
0.4624801016369199 0.1624821020796415 0
0.4593851632290895 0.1593898567381889 0
0.4639468053821439 0.1570375965856272 0
0.4604904983747431 0.160494230074422 0
0.4616771966355978 0.1543351719162449 0
0.4580034942970223 0.1580093900678975 0
0.470282443961848 0.1575604491644359 0
0.4744977118074436 0.1558296148369059 0
0.4708018111015462 0.1583014234544082 0
0.4688476116357005 0.1555131933924712 0
0.4733675632181677 0.1538741062357742 0
0.4695650277987743 0.1565368212784536 0
0.4670540712280162 0.1529541236775153 0
0.4719548774815728 0.1514297204843594 0
0.4679508414318584 0.1542336585349932 0
0.4701890203108293 0.148374238295091 0
0.4659331084732136 0.1513547051056679 0
0.47810347108444 0.1530448018491093 0
0.4825552557734929 0.1520722363615604 0
0.4784862790313589 0.1538647062334105 0
0.4770459393193694 0.1507794924737995 0
0.4817818471856418 0.1499501880871347 0
0.4775747052019047 0.1519121471614544 0
0.4757240246130312 0.1479478557546624 0
0.4808150864508278 0.1472976277441026 0
0.4763849819662003 0.149363674114231 0
0.4796066355323104 0.1439819273153124 0
0.4748978279215698 0.1461780828052017 0
0.4865898131373447 0.1499558644744106 0
0.49114284941096 0.1497711187467776 0
0.4868244304823625 0.1508297865689248 0
0.4859417145001404 0.1475413317750145 0
0.4907496804518434 0.1475470081622904 0
0.4862657638187425 0.1487485981247126 0
0.485131591203635 0.1445231659007694 0
0.4902582192529475 0.1447668699316814 0
0.4855366528518876 0.146032248837892 0
0.4896438927543278 0.1412916971434201 0
0.4846252641433191 0.1426368122293662 0
0.4954844907560279 0.1483874928343652 0
0.4955633518257629 0.1492888789634505 0
0.4952666097194581 0.1458971011648947 0
0.4953755502377429 0.1471422969996299 0
0.4949942584237458 0.1427841115780566 0
0.4951304340716018 0.1443406063714757 0
0.4948240388639257 0.1408384930862829 0
0.4999995630706692 0.2510038197424788 0
0.4954844774497262 0.2516126589044782 0
0.491143709935639 0.2502290329869968 0
0.4955633451692267 0.2507111969056748 0
0.4999985799796747 0.2532624141630564 0
0.4952665798161564 0.2541032402538292 0
0.4907524772862079 0.2524534849952509 0
0.4953755286329413 0.2528579495791537 0
0.4999973511159317 0.2560856571887783 0
0.4949942077741942 0.2572164669405178 0
0.4902634364744189 0.2552340500055686 0
0.4951303937951753 0.2556598535971735 0
0.4999958150362529 0.2596147109709308 0
0.4896521354596829 0.2587097562684657 0
0.4948239752479679 0.2591622336196983 0
0.4865914947879997 0.2500445861194345 0
0.4825560768112086 0.2479280624717717 0
0.486825271262383 0.2491704387158577 0
0.4859454983244395 0.2524596820945602 0
0.4817845158262313 0.2500507832187437 0
0.4862684965562196 0.2512521341069974 0
0.4851380027449892 0.2554785520634673 0
0.4808200645950097 0.2527041841524588 0
0.4855417505347143 0.2539691170790138 0
0.4796145005559828 0.2560209353196027 0
0.4846333180078328 0.2573653457940342 0
0.4781050488982785 0.246955933896445 0
0.4744984684590209 0.2441708220161184 0
0.4784870678763273 0.2461356616104785 0
0.477049489556188 0.2492221630276949 0
0.4733700226282352 0.2461273137053961 0
0.4775772692272332 0.2480890484620699 0
0.4757300403785749 0.2520549494417572 0
0.4719594653397531 0.2485729283169933 0
0.4763897649673814 0.250638556234726 0
0.4701962687291505 0.2516299465814897 0
0.4749053846425666 0.2538254409505462 0
0.4702838700172466 0.2424405493681149 0
0.4672157112427598 0.2390714734710088 0
0.4708025240635622 0.2416990757658752 0
0.4688508204331371 0.2444890534294931 0
0.4657646678221484 0.2408022890922119 0
0.4695673452251918 0.243464801398804 0
0.4670595084530001 0.247049683506216 0
0.4639508635463841 0.2429658086187158 0
0.4679551644430686 0.2457693684678545 0
0.4616836082016788 0.2456702080268457 0
0.4659399384654146 0.2486500773041677 0
0.4633656007266218 0.2366356302231068 0
0.4609290880815043 0.2327849579894099 0
0.4640051307871714 0.2359954845947413 0
0.4615986033878461 0.2384041664553504 0
0.4591995362923195 0.2342375075862453 0
0.4624821020572339 0.2375198983392286 0
0.4593898567143764 0.2406148367456549 0
0.4570375965558384 0.2360531945822895 0
0.4604942300511112 0.2395095016005027 0
0.454335171885237 0.2383228033273447 0
0.4580093900434579 0.2419965056770952 0
0.457560449149541 0.2297175560199032 0
0.4558296148353818 0.2255022881898103 0
0.4583014234391687 0.2291981888782011 0
0.4555131933772859 0.2311523883456356 0
0.4538741062345074 0.2266324367792935 0
0.4565368212634134 0.2304349721827694 0
0.452954123661967 0.2329459287528013 0
0.4514297204834145 0.2280451225161475 0
0.4542336585196264 0.2320491585492185 0
0.4483742382945483 0.2298109796872149 0
0.4513547050898926 0.2340668915072798 0
0.4530448018620136 0.2218965289515648 0
0.452072236388428 0.2174447443002659 0
0.4538647062436337 0.2215137209947306 0
0.4507794924872853 0.2229540607178815 0
0.4499501881147915 0.2182181528901528 0
0.4519121471746494 0.2224252948347231 0
0.4479478557688751 0.2242759754257773 0
0.447297627772746 0.2191849136275113 0
0.4493636741280802 0.2236150180718294 0
0.443981927345189 0.2203933645492096 0
0.4461780828198686 0.2251021721182122 0
0.4499558644917515 0.2134101869213449 0
0.4497711187541337 0.208857150630952 0
0.4508297865915127 0.2131755695989226 0
0.4475413317929283 0.2140582855606847 0
0.4475470081698883 0.2092503195918768 0
0.4487485981423399 0.2137342362410148 0
0.4445231659193993 0.2148684088598596 0
0.4447668699395816 0.2097417807930329 0
0.4460322488561638 0.2144633472102721 0
0.4412916971516982 0.210356107294478 0
0.4426368122484436 0.2153747359218438 0
0.4483874928381011 0.2045155092657983 0
0.4492888789666746 0.2044366482006496 0
0.4458971011687701 0.204733390303958 0
0.4471422970034356 0.2046244497848782 0
0.4427841115821064 0.2050057416016578 0
0.4443406063754383 0.2048695659528079 0
0.4408384930904415 0.2051759611627201 0
0.5516126589053552 0.2045146486863854 0
0.5502290329888393 0.2088562900540409 0
0.5507111969051582 0.2044362179097468 0
0.5541032402546486 0.204731453996636 0
0.5524534849970859 0.2092475227038011 0
0.5528579495800019 0.2046230513415107 0
0.5572164669412656 0.2050024606344494 0
0.5552340500073945 0.2097365635160014 0
0.5556598535979571 0.2048669573155427 0
0.5587097562702799 0.2103478645312517 0
0.5591622336204012 0.2051718397830827 0
0.5500445861115855 0.2134085052310325 0
0.5479280624543974 0.2174439232365546 0
0.5491704387080782 0.21317472876152 0
0.5524596820865033 0.2140545016953694 0
0.5500507832010028 0.2182154842226008 0
0.5512521340990444 0.2137315034632009 0
0.5554785520551506 0.2148619972757906 0
0.5527041841342595 0.2191799354551586 0
0.553969117070827 0.21445824948558 0
0.5560209353008303 0.2203854994958558 0
0.5573653457855552 0.2153666820135538 0
0.5469559338849552 0.2218949511305054 0
0.5441708220108623 0.2255015315500346 0
0.5461356615996543 0.2215129321489573 0
0.5492221630157688 0.2229505104735324 0
0.5461273136997212 0.226629977381437 0
0.548089048450362 0.2224227308020189 0
0.5520549494292855 0.2242699596523162 0
0.5485729283107947 0.22804053467069 0
0.5506385562225271 0.2236102350629243 0
0.5516299465746368 0.2298037312822563 0
0.5538254409377337 0.2250946153890561 0
0.5424405493671631 0.2297161299852664 0
0.5390714734743987 0.2327842887531571 0
0.5416990757571682 0.2291974759494496 0
0.5444890534284945 0.2311491795694427 0
0.5408022890959364 0.234235332173272 0
0.5434648013978288 0.2304326547773545 0
0.5470496835051589 0.232940491549663 0
0.5429658086228587 0.2360491364484157 0
0.5457693684668267 0.2320448355595529 0
0.5456702080315116 0.2383163917923452 0
0.5486500773030741 0.2340600615373008 0
0.5366356302460573 0.2366343992533886 0
0.5327849580309311 0.2390709118835908 0
0.5359954846104477 0.2359948691986028 0
0.5384041664795388 0.2384013965909253 0
0.5342375076296597 0.2408004636710419 0
0.537519898362798 0.2375178979221569 0
0.5406148367713906 0.2406101432628461 0
0.5360531946280707 0.2429624034053557 0
0.5395095016254646 0.2395057699268857 0
0.5383228033760843 0.245664828073248 0
0.5419965057037979 0.2419906099327966 0
0.5297175560927792 0.2424395508027988 0
0.5255022882919222 0.2441703851056875 0
0.5291981889478132 0.2416985765137726 0
0.5311523884211606 0.244486806573198 0
0.5266324368842801 0.2461258937049549 0
0.5304349722569699 0.2434631786879984 0
0.5329459288316375 0.2470458762861969 0
0.5280451226247275 0.2485702794540391 0
0.532049158626399 0.2457663414296974 0
0.5298109798002868 0.2516257616403945 0
0.5340668915881857 0.2486452948568213 0
0.521896529006725 0.2469551981069246 0
0.5174447443062651 0.2479277636094105 0
0.5215137210433012 0.2461352937310474 0
0.5229540607758032 0.2492205074803635 0
0.5182181528982481 0.2500498118823332 0
0.5224252948912641 0.2480878527936441 0
0.5242759754871511 0.2520521441971623 0
0.5191849136382269 0.2527023722234867 0
0.5236150181314772 0.2506363258387629 0
0.5203933645632004 0.2560180726499285 0
0.5251021721817435 0.2538219171451615 0
0.5134101869592821 0.2500441355009329 0
0.5088571506991906 0.2502288812338361 0
0.5131755696390959 0.2491702133991477 0
0.5140582856006679 0.2524586681992068 0
0.5092503196617018 0.2524529918178064 0
0.5137342362799751 0.2512514018500698 0
0.5148684089024 0.2554768340720493 0
0.5097417808648409 0.2552331300477693 0
0.5144633472515341 0.253967751135628 0
0.5103561073687648 0.258708302835223 0
0.5153747359659826 0.2573631877425758 0
0.5045155093008225 0.2516125071558348 0
0.5044366482538396 0.2507111210271719 0
0.5047333903405541 0.2541028988250281 0
0.5046244498206883 0.2528577029904315 0
0.5050057416402185 0.2572158884115196 0
0.5048695659903862 0.2556593936182738 0
0.5051759612025088 0.2591615069030769 0
$EndNodes
$Elements
10 2290 1 2290
1 1 8 43
1 1 9 51 
2 9 10 52 
3 10 11 53 
4 11 12 54 
5 12 13 55 
6 13 14 56 
7 14 15 57 
8 15 16 58 
9 16 17 59 
10 17 18 60 
11 18 19 61 
12 19 20 62 
13 20 21 63 
14 21 22 64 
15 22 23 65 
16 23 24 66 
17 24 25 67 
18 25 26 68 
19 26 27 69 
20 27 28 70 
21 28 29 71 
22 29 30 72 
23 30 31 73 
24 31 32 74 
25 32 33 75 
26 33 34 76 
27 34 35 77 
28 35 36 78 
29 36 37 79 
30 37 38 80 
31 38 39 81 
32 39 40 82 
33 40 41 83 
34 41 42 84 
35 42 43 85 
36 43 44 86 
37 44 45 87 
38 45 46 88 
39 46 47 89 
40 47 48 90 
41 48 49 91 
42 49 50 92 
43 50 2 93 
1 2 8 6
44 2 94 99 
45 94 95 100 
46 95 96 101 
47 96 97 102 
48 97 98 103 
49 98 3 104 
1 3 8 42
50 3 105 146 
51 105 106 147 
52 106 107 148 
53 107 108 149 
54 108 109 150 
55 109 110 151 
56 110 111 152 
57 111 112 153 
58 112 113 154 
59 113 114 155 
60 114 115 156 
61 115 116 157 
62 116 117 158 
63 117 118 159 
64 118 119 160 
65 119 120 161 
66 120 121 162 
67 121 122 163 
68 122 123 164 
69 123 124 165 
70 124 125 166 
71 125 126 167 
72 126 127 168 
73 127 128 169 
74 128 129 170 
75 129 130 171 
76 130 131 172 
77 131 132 173 
78 132 133 174 
79 133 134 175 
80 134 135 176 
81 135 136 177 
82 136 137 178 
83 137 138 179 
84 138 139 180 
85 139 140 181 
86 140 141 182 
87 141 142 183 
88 142 143 184 
89 143 144 185 
90 144 145 186 
91 145 4 187 
1 4 8 6
92 4 188 193 
93 188 189 194 
94 189 190 195 
95 190 191 196 
96 191 192 197 
97 192 1 198 
1 5 8 9
98 5 199 207 
99 199 200 208 
100 200 201 209 
101 201 202 210 
102 202 203 211 
103 203 204 212 
104 204 205 213 
105 205 206 214 
106 206 6 215 
1 6 8 9
107 6 216 224 
108 216 217 225 
109 217 218 226 
110 218 219 227 
111 219 220 228 
112 220 221 229 
113 221 222 230 
114 222 223 231 
115 223 7 232 
1 7 8 9
116 7 233 241 
117 233 234 242 
118 234 235 243 
119 235 236 244 
120 236 237 245 
121 237 238 246 
122 238 239 247 
123 239 240 248 
124 240 8 249 
1 8 8 9
125 8 250 258 
126 250 251 259 
127 251 252 260 
128 252 253 261 
129 253 254 262 
130 254 255 263 
131 255 256 264 
132 256 257 265 
133 257 5 266 
2 1 9 2013
134 852 803 854 1351 1352 1353 
135 990 989 993 1354 1355 1356 
136 454 1005 1007 1357 1358 1359 
137 713 912 1285 1360 1361 1362 
138 989 990 992 1354 1363 1364 
139 786 961 1280 1365 1366 1367 
140 748 1053 1059 1368 1369 1370 
141 863 432 872 1371 1372 1373 
142 728 729 877 1374 1375 1376 
143 961 881 962 1377 1378 1379 
144 713 750 912 1380 1381 1360 
145 680 957 1114 1382 1383 1384 
146 457 964 1085 1385 1386 1387 
147 602 831 1162 1388 1389 1390 
148 928 24 1291 1391 1392 1393 
149 454 1007 1029 1359 1394 1395 
150 1134 609 1196 1396 1397 1398 
151 462 955 956 1399 1400 1401 
152 855 438 1289 1402 1403 1404 
153 1017 1015 1153 1405 1406 1407 
154 1123 1118 1204 1408 1409 1410 
155 989 988 1105 1411 1412 1413 
156 999 450 1001 1414 1415 1416 
157 744 700 1033 1417 1418 1419 
158 747 744 1033 1420 1419 1421 
159 432 863 879 1371 1422 1423 
160 440 850 1311 1424 1425 1426 
161 772 771 1322 1427 1428 1429 
162 1165 1074 1182 1430 1431 1432 
163 840 1170 1349 1433 1434 1435 
164 438 855 1031 1402 1436 1437 
165 934 886 1262 1438 1439 1440 
166 693 659 1096 1441 1442 1443 
167 981 754 1185 1444 1445 1446 
168 23 24 928 66 1391 1447 
169 803 852 1137 1351 1448 1449 
170 659 658 1096 1450 1451 1442 
171 752 776 923 1452 1453 1454 
172 957 958 1114 1455 1456 1383 
173 678 921 1128 1457 1458 1459 
174 955 1130 1214 1460 1461 1462 
175 107 108 1028 149 1463 1464 
176 462 954 955 1465 1466 1399 
177 943 441 945 1467 1468 1469 
178 470 722 970 1470 1471 1472 
179 1204 1118 1231 1409 1473 1474 
180 871 430 969 1475 1476 1477 
181 991 1104 1105 1478 1479 1480 
182 606 609 1134 1481 1396 1482 
183 430 946 969 1483 1484 1476 
184 891 652 1095 1485 1486 1487 
185 1107 1009 1157 1488 1489 1490 
186 1115 1168 1249 1491 1492 1493 
187 1001 450 1014 1415 1494 1495 
188 962 881 1193 1378 1496 1497 
189 532 535 974 1498 1499 1500 
190 455 1107 1157 1501 1490 1502 
191 623 873 960 1503 1504 1505 
192 961 786 1156 1365 1506 1507 
193 1193 881 1239 1496 1508 1509 
194 457 837 963 1510 1511 1512 
195 905 488 1259 1513 1514 1515 
196 274 979 1207 1516 1517 1518 
197 1026 452 1152 1519 1520 1521 
198 503 500 971 1522 1523 1524 
199 945 441 1211 1468 1525 1526 
200 872 432 1102 1372 1527 1528 
201 946 913 969 1529 1530 1484 
202 771 1175 1322 1531 1532 1428 
203 850 440 1181 1424 1533 1534 
204 866 457 1085 1535 1387 1536 
205 1015 448 1153 1537 1538 1406 
206 961 962 1280 1379 1539 1366 
207 477 567 908 1540 1541 1542 
208 908 567 1262 1541 1543 1544 
209 838 1134 1196 1545 1398 1546 
210 450 999 1093 1414 1547 1548 
211 914 424 935 1549 1550 1551 
212 904 765 1310 1552 1553 1554 
213 472 470 970 1555 1472 1556 
214 763 765 904 1557 1552 1558 
215 831 602 1230 1388 1559 1560 
216 840 821 1170 1561 1562 1433 
217 488 640 1259 1563 1564 1514 
218 868 753 1285 1565 1566 1567 
219 991 446 1104 1568 1569 1478 
220 657 660 940 1570 1571 1572 
221 1160 1011 1215 1573 1574 1575 
222 1146 1103 1297 1576 1577 1578 
223 617 968 1223 1579 1580 1581 
224 675 677 957 1582 1583 1584 
225 776 763 904 1585 1558 1586 
226 386 952 1163 1587 1588 1589 
227 449 1160 1215 1590 1575 1591 
228 618 864 1167 1592 1593 1594 
229 786 784 889 1595 1596 1597 
230 921 1090 1114 1598 1599 1600 
231 626 617 1223 1601 1581 1602 
232 582 585 937 1603 1604 1605 
233 442 913 946 1606 1529 1607 
234 923 776 952 1453 1608 1609 
235 730 880 1293 1610 1611 1612 
236 918 903 1169 1613 1614 1615 
237 901 934 1262 1616 1440 1617 
238 894 767 1113 1618 1619 1620 
239 441 924 925 1621 1622 1623 
240 1135 1092 1136 1624 1625 1626 
241 567 901 1262 1627 1617 1543 
242 753 868 1254 1565 1628 1629 
243 865 362 868 1630 1631 1632 
244 710 709 960 1633 1634 1635 
245 901 567 1317 1627 1636 1637 
246 930 439 931 1638 1639 1640 
247 573 767 894 1641 1618 1642 
248 895 758 897 1643 1644 1645 
249 753 713 1285 1646 1362 1566 
250 937 585 1287 1604 1647 1648 
251 1168 693 1249 1649 1650 1492 
252 854 803 933 1352 1651 1652 
253 864 618 1109 1592 1653 1654 
254 856 306 936 1655 1656 1657 
255 956 955 1214 1400 1462 1658 
256 386 378 952 1659 1660 1587 
257 882 792 1203 1661 1662 1663 
258 1027 1026 1152 1664 1521 1665 
259 1121 766 1195 1666 1667 1668 
260 811 1103 1146 1669 1576 1670 
261 873 623 898 1503 1671 1672 
262 652 891 1213 1485 1673 1674 
263 877 429 1188 1675 1676 1677 
264 615 600 1155 1678 1679 1680 
265 563 992 1094 1681 1682 1683 
266 807 330 1243 1684 1685 1686 
267 1053 859 1059 1687 1688 1369 
268 425 875 1103 1689 1690 1691 
269 515 568 915 1692 1693 1694 
270 290 820 1246 1695 1696 1697 
271 398 822 1244 1698 1699 1700 
272 815 350 1247 1701 1702 1703 
273 779 837 985 1704 1705 1706 
274 1031 872 1102 1707 1528 1708 
275 1147 116 1269 1709 1710 1711 
276 921 678 1090 1457 1712 1598 
277 514 1150 1228 1713 1714 1715 
278 793 1159 1255 1716 1717 1718 
279 515 915 1342 1694 1719 1720 
280 1134 838 1141 1545 1721 1722 
281 960 709 1030 1634 1723 1724 
282 24 431 1291 1725 1726 1392 
283 936 800 1208 1727 1728 1729 
284 437 137 941 1730 1731 1732 
285 912 750 923 1381 1733 1734 
286 460 1024 1026 1735 1736 1737 
287 1007 1009 1029 1738 1739 1394 
288 20 441 943 1740 1467 1741 
289 1262 886 1283 1439 1742 1743 
290 1101 1230 1241 1744 1745 1746 
291 430 871 1144 1475 1747 1748 
292 758 895 1274 1643 1749 1750 
293 437 941 1279 1732 1751 1752 
294 750 752 923 1753 1454 1733 
295 1109 618 1151 1653 1754 1755 
296 1012 448 1015 1756 1537 1757 
297 524 903 918 1758 1613 1759 
298 600 622 1155 1760 1761 1679 
299 613 1134 1141 1762 1722 1763 
300 430 1144 1201 1748 1764 1765 
301 422 274 1207 1766 1518 1767 
302 318 825 1252 1768 1769 1770 
303 999 996 1093 1771 1772 1547 
304 792 882 1200 1661 1773 1774 
305 680 675 957 1775 1584 1382 
306 1190 826 1265 1776 1777 1778 
307 636 782 968 1779 1780 1781 
308 803 1137 1310 1449 1782 1783 
309 432 16 1102 1784 1785 1527 
310 141 430 1201 1786 1765 1787 
311 859 445 1065 1788 1789 1790 
312 630 633 911 1791 1792 1793 
313 132 439 930 1794 1638 1795 
314 793 839 1159 1796 1797 1716 
315 940 660 1325 1571 1798 1799 
316 670 1115 1116 1800 1801 1802 
317 500 502 971 1803 1804 1523 
318 1221 909 1335 1805 1806 1807 
319 1029 1009 1107 1739 1488 1808 
320 693 1096 1249 1443 1809 1650 
321 623 960 1315 1505 1810 1811 
322 926 436 927 1812 1813 1814 
323 641 625 684 1815 1816 1817 
324 460 107 1028 1818 1464 1819 
325 108 456 1028 1820 1821 1463 
326 425 1103 1243 1691 1822 1823 
327 701 758 909 1824 1825 1826 
328 1200 415 1301 1827 1828 1829 
329 771 874 1175 1830 1831 1531 
330 767 638 775 1832 1833 1834 
331 636 635 716 1835 1836 1837 
332 721 716 914 1838 1839 1840 
333 800 704 1208 1841 1842 1728 
334 624 613 625 1843 1844 1845 
335 1004 1147 1269 1846 1711 1847 
336 568 894 915 1848 1849 1693 
337 1254 818 1308 1850 1851 1852 
338 441 21 924 1853 1854 1621 
339 439 133 1305 1855 1856 1857 
340 677 699 957 1858 1859 1583 
341 826 322 1265 1860 1861 1777 
342 668 867 1300 1862 1863 1864 
343 535 539 974 1865 1866 1499 
344 540 532 974 1867 1500 1868 
345 601 623 1315 1869 1811 1870 
346 448 1012 1108 1756 1871 1872 
347 133 1106 1305 1873 1874 1856 
348 624 625 641 1845 1815 1875 
349 857 386 1163 1876 1589 1877 
350 944 650 1140 1878 1879 1880 
351 893 821 1192 1881 1882 1883 
352 880 730 1156 1610 1884 1885 
353 441 925 1211 1623 1886 1525 
354 443 30 859 1887 1888 1889 
355 688 679 689 1890 1891 1892 
356 860 641 1312 1893 1894 1895 
357 696 631 697 1896 1897 1898 
358 1170 697 1349 1899 1900 1434 
359 689 713 753 1901 1646 1902 
360 629 636 968 1903 1781 1904 
361 673 679 688 1905 1890 1906 
362 684 704 800 1907 1841 1908 
363 579 631 696 1909 1896 1910 
364 924 436 926 1911 1812 1912 
365 629 630 635 1913 1914 1915 
366 650 944 1210 1878 1916 1917 
367 654 656 701 1918 1919 1920 
368 13 14 932 56 1921 1922 
369 603 613 624 1923 1843 1924 
370 821 893 1170 1881 1925 1562 
371 611 617 626 1926 1601 1927 
372 720 643 789 1928 1929 1930 
373 462 956 1148 1401 1931 1932 
374 573 638 767 1933 1832 1641 
375 770 1109 1151 1934 1755 1935 
376 488 486 640 1936 1937 1563 
377 972 123 1205 1938 1939 1940 
378 865 868 1285 1632 1567 1941 
379 585 587 691 1942 1943 1944 
380 1024 460 1028 1735 1819 1945 
381 701 656 758 1919 1946 1824 
382 525 479 908 1947 1948 1949 
383 461 1123 1204 1950 1410 1951 
384 832 834 1176 1952 1953 1954 
385 931 439 967 1639 1955 1956 
386 1207 787 1330 1957 1958 1959 
387 338 813 1276 1960 1961 1962 
388 463 410 1275 1963 1964 1965 
389 429 877 1226 1675 1966 1967 
390 490 488 905 1968 1513 1969 
391 911 633 1318 1792 1970 1971 
392 688 892 1308 1972 1973 1974 
393 568 570 894 1975 1976 1848 
394 992 990 1094 1363 1977 1682 
395 885 423 1244 1978 1979 1980 
396 662 664 883 1981 1982 1983 
397 765 803 1310 1984 1783 1553 
398 486 483 887 1985 1986 1987 
399 918 1169 1296 1615 1988 1989 
400 191 462 1148 1990 1932 1991 
401 310 306 856 1992 1655 1993 
402 338 374 813 1994 1995 1960 
403 270 410 463 1996 1963 1997 
404 334 330 807 1998 1684 1999 
405 863 864 879 2000 2001 1422 
406 390 386 857 2002 1876 2003 
407 290 286 820 2004 2005 1695 
408 398 394 822 2006 2007 1698 
409 354 350 815 2008 1701 2009 
410 366 362 865 2010 1630 2011 
411 318 314 825 2012 2013 1768 
412 406 402 827 2014 2015 2016 
413 326 322 826 2017 1860 2018 
414 875 826 1190 2019 1776 2020 
415 282 278 948 2021 2022 2023 
416 346 342 814 2024 2025 2026 
417 660 662 694 2027 2028 2029 
418 636 716 721 1837 1838 2030 
419 629 635 636 1915 1835 1903 
420 1170 893 1237 1925 2031 2032 
421 294 882 1302 2033 2034 2035 
422 873 710 960 2036 1635 1504 
423 643 641 860 2037 1893 2038 
424 573 574 638 2039 2040 1933 
425 843 1106 1139 2041 2042 2043 
426 801 766 1121 2044 1666 2045 
427 720 789 790 1930 2046 2047 
428 664 682 883 2048 2049 1982 
429 1124 698 1273 2050 2051 2052 
430 775 804 805 2053 2054 2055 
431 479 477 908 2056 1542 1948 
432 621 628 629 2057 2058 2059 
433 570 573 894 2060 1642 1976 
434 752 763 776 2061 1585 1452 
435 790 789 844 2046 2062 2063 
436 423 885 1245 1978 2064 2065 
437 910 1121 1195 2066 1668 2067 
438 1090 680 1114 2068 1384 1599 
439 670 1116 1124 1802 2069 2070 
440 688 689 892 1892 2071 1972 
441 330 425 1243 2072 1823 1685 
442 46 1023 1153 2073 2074 2075 
443 721 914 935 1840 1551 2076 
444 274 382 979 2077 2078 1516 
445 415 290 1246 2079 1697 2080 
446 350 419 1247 2081 2082 1702 
447 423 398 1244 2083 1700 1979 
448 574 576 916 2084 2085 2086 
449 701 909 1221 1826 1805 2087 
450 346 814 1284 2026 2088 2089 
451 932 14 1125 1921 2090 2091 
452 603 604 613 2092 2093 1923 
453 30 31 859 73 2094 1888 
454 684 685 704 2095 2096 1907 
455 844 789 1161 2062 2097 2098 
456 817 1235 1346 2099 2100 2101 
457 668 673 867 2102 2103 1862 
458 588 591 1034 2104 2105 2106 
459 492 490 524 2107 2108 2109 
460 691 587 906 1943 2110 2111 
461 524 490 905 2108 1969 2112 
462 1092 682 1136 2113 2114 1625 
463 991 1105 1142 1480 2115 2116 
464 736 962 1193 2117 1497 2118 
465 1198 818 1254 2119 1850 2120 
466 460 1026 1027 1737 1664 2121 
467 1012 1011 1108 2122 2123 1871 
468 465 787 979 2124 2125 2126 
469 783 721 935 2127 2076 2128 
470 925 924 926 1622 1912 2129 
471 994 1074 1165 2130 1430 2131 
472 716 717 1190 2132 2133 2134 
473 1214 1179 1277 2135 2136 2137 
474 617 621 968 2138 2139 1579 
475 951 774 1032 2140 2141 2142 
476 570 572 573 2143 2144 2060 
477 916 576 1321 2085 2145 2146 
478 776 904 1163 1586 2147 2148 
479 664 666 682 2149 2150 2048 
480 898 623 1129 1671 2151 2152 
481 666 668 1300 2153 1864 2154 
482 942 19 943 2155 2156 2157 
483 641 684 1312 1817 2158 1894 
484 434 930 1206 2159 2160 2161 
485 962 736 1280 2117 2162 1539 
486 413 857 902 2163 2164 2165 
487 1023 1017 1153 2166 1407 2074 
488 699 700 743 2167 2168 2169 
489 593 595 603 2170 2171 2172 
490 652 654 1095 2173 2174 1486 
491 475 472 970 2175 1556 2176 
492 1101 836 1230 2177 2178 1744 
493 143 442 946 2179 1607 2180 
494 436 23 928 2181 1447 2182 
495 1023 46 1327 2073 2183 2184 
496 827 402 1298 2015 2185 2186 
497 419 1234 1235 2187 2188 2189 
498 942 943 944 2157 2190 2191 
499 424 318 1252 2192 1770 2193 
500 1181 437 1191 2194 2195 2196 
501 477 475 567 2197 2198 1540 
502 872 1031 1286 1707 2199 2200 
503 869 1191 1279 2201 2202 2203 
504 282 948 1304 2023 2204 2205 
505 131 132 930 173 1795 2206 
506 716 635 717 1836 2207 2132 
507 438 1031 1102 1437 1708 2208 
508 443 859 1053 1889 1687 2209 
509 633 647 648 2210 2211 2212 
510 503 971 1267 1524 2213 2214 
511 917 832 1176 2215 1954 2216 
512 424 914 1265 1549 2217 2218 
513 1150 514 1220 1713 2219 2220 
514 434 131 930 2221 2206 2159 
515 427 465 979 2222 2126 2223 
516 1230 602 1241 1559 2224 1745 
517 640 486 887 1937 1987 2225 
518 731 851 984 2226 2227 2228 
519 494 918 919 2229 2230 2231 
520 994 1165 1238 2131 2232 2233 
521 629 628 630 2058 2234 1913 
522 1108 1011 1160 2123 1573 2235 
523 673 678 679 2236 2237 1905 
524 652 653 654 2238 2239 2173 
525 419 1235 1247 2189 2240 2082 
526 1100 836 1101 2241 2177 2242 
527 988 989 992 1411 1364 2243 
528 579 580 631 2244 2245 1909 
529 787 980 1330 2246 2247 1958 
530 970 722 1138 1471 2248 2249 
531 902 857 904 2164 2250 2251 
532 29 443 951 2252 2253 2254 
533 789 643 860 1929 2038 2255 
534 593 603 1143 2172 2256 2257 
535 22 436 924 2258 1911 2259 
536 438 18 942 2260 2261 2262 
537 642 641 643 2263 2037 2264 
538 993 989 1104 1355 2265 2266 
539 990 993 994 1356 2267 2268 
540 980 787 1113 2246 2269 2270 
541 585 691 1287 1944 2271 1647 
542 689 690 713 2272 2273 1901 
543 704 705 977 2274 2275 2276 
544 418 13 932 2277 1922 2278 
545 1150 851 1228 2279 2280 1714 
546 1190 717 1297 2133 2281 2282 
547 1100 433 1173 2283 2284 2285 
548 896 1233 1234 2286 2287 2288 
549 609 610 611 2289 2290 2291 
550 428 808 1035 2292 2293 2294 
551 433 139 1173 2295 2296 2284 
552 649 651 652 2297 2298 2299 
553 730 881 961 2300 1377 2301 
554 378 411 952 2302 2303 1660 
555 662 883 1338 1983 2304 2305 
556 668 671 673 2306 2307 2102 
557 767 775 980 1834 2308 2309 
558 1112 972 1205 2310 1940 2311 
559 576 578 579 2312 2313 2314 
560 705 801 977 2315 2316 2275 
561 1159 858 1255 2317 2318 1717 
562 137 138 941 179 2319 1731 
563 656 657 940 2320 1572 2321 
564 458 1126 1171 2322 2323 2324 
565 1056 1022 1212 2325 2326 2327 
566 774 951 1288 2140 2328 2329 
567 796 938 969 2330 2331 2332 
568 844 1161 1332 2098 2333 2334 
569 654 655 656 2335 2336 1918 
570 689 753 892 1902 2337 2071 
571 481 479 525 2338 1947 2339 
572 434 1292 1295 2340 2341 2342 
573 775 638 804 1833 2343 2053 
574 494 492 918 2344 2345 2229 
575 606 608 609 2346 2347 1481 
576 374 428 813 2348 2349 1995 
577 286 421 820 2350 2351 2005 
578 314 414 825 2352 2353 2013 
579 414 310 856 2354 1993 2355 
580 394 413 822 2356 2357 2007 
581 413 390 857 2358 2003 2163 
582 425 326 826 2359 2018 2360 
583 411 366 865 2361 2011 2362 
584 416 354 815 2363 2009 2364 
585 426 406 827 2365 2016 2366 
586 294 415 882 2367 2368 2033 
587 428 334 807 2369 1999 2370 
588 427 270 463 2371 1997 2372 
589 438 942 1289 2262 2373 1403 
590 342 420 814 2374 2375 2025 
591 278 422 948 2376 2377 2022 
592 705 766 801 2378 2044 2315 
593 783 935 1122 2128 2379 2380 
594 434 1206 1292 2161 2381 2340 
595 996 995 1093 2382 2383 1772 
596 19 20 943 62 1741 2156 
597 442 950 1164 2384 2385 2386 
598 492 524 918 2109 1759 2345 
599 980 1132 1330 2387 2388 2247 
600 887 483 1340 1986 2389 2390 
601 298 294 1302 2391 2035 2392 
602 684 625 685 1816 2393 2095 
603 431 1185 1313 2394 2395 2396 
604 786 889 1156 1597 2397 1506 
605 21 22 924 64 2259 1854 
606 573 572 574 2144 2398 2039 
607 909 758 1274 1825 1750 2399 
608 1056 455 1157 2400 1502 2401 
609 939 525 1119 2402 2403 2404 
610 1111 876 1258 2405 2406 2407 
611 1116 698 1124 2408 2050 2069 
612 611 616 617 2409 2410 1926 
613 1128 921 1309 1458 2411 2412 
614 18 19 942 61 2155 2261 
615 917 622 1316 2413 2414 2415 
616 913 796 969 2416 2332 1530 
617 719 643 720 2417 1928 2418 
618 322 424 1265 2419 2218 1861 
619 1212 1022 1266 2326 2420 2421 
620 567 475 970 2198 2176 2422 
621 713 714 750 2423 2424 1380 
622 856 977 1261 2425 2426 2427 
623 980 775 1132 2308 2428 2387 
624 673 688 867 1906 2429 2103 
625 136 137 437 178 1730 2430 
626 132 133 439 174 1855 1794 
627 1106 440 1139 2431 2432 2042 
628 603 595 604 2171 2433 2092 
629 850 1181 1191 1534 2196 2434 
630 134 135 440 176 2435 2436 
631 649 652 1213 2299 1674 2437 
632 1191 869 1290 2201 2438 2439 
633 138 139 433 180 2295 2440 
634 820 421 821 2351 2441 2442 
635 825 414 978 2353 2443 2444 
636 822 413 823 2357 2445 2446 
637 425 826 875 2360 2019 1689 
638 416 815 816 2364 2447 2448 
639 411 865 912 2362 2449 2450 
640 426 827 828 2366 2451 2452 
641 428 807 808 2370 2453 2292 
642 427 463 464 2372 2454 2455 
643 130 131 434 172 2221 2456 
644 814 420 895 2375 2457 2458 
645 563 988 992 2459 2243 1681 
646 914 1190 1265 2460 1778 2217 
647 813 428 1035 2349 2294 2461 
648 17 18 438 60 2260 2462 
649 22 23 436 65 2181 2258 
650 20 21 441 63 1853 1740 
651 1034 591 1306 2105 2463 2464 
652 138 433 941 2440 2465 2319 
653 382 270 427 2466 2371 2467 
654 370 302 412 2468 2469 2470 
655 374 334 428 2471 2369 2348 
656 382 427 979 2467 2223 2078 
657 278 274 422 2472 1766 2376 
658 342 338 420 2473 2474 2374 
659 410 406 426 2475 2365 2476 
660 286 282 421 2477 2478 2350 
661 358 354 416 2479 2363 2480 
662 330 326 425 2481 2359 2072 
663 314 310 414 2482 2354 2352 
664 394 390 413 2483 2358 2356 
665 350 346 419 2484 2485 2081 
666 322 318 424 2486 2192 2419 
667 402 398 423 2487 2083 2488 
668 378 366 411 2489 2361 2302 
669 294 290 415 2490 2079 2367 
670 487 486 488 2491 1936 2492 
671 772 1197 1250 2493 2494 2495 
672 414 856 1261 2355 2427 2496 
673 954 444 955 2497 2498 1466 
674 727 724 959 2499 2500 2501 
675 724 513 959 2502 2503 2500 
676 105 106 1027 147 2504 2505 
677 1092 817 1346 2506 2101 2507 
678 36 37 995 79 2508 2509 
679 892 1254 1308 2510 1852 1973 
680 585 586 587 2511 2512 1942 
681 415 1246 1301 2080 2513 1828 
682 1236 688 1308 2514 1974 2515 
683 805 804 893 2054 2516 2517 
684 15 16 432 58 1784 2518 
685 808 812 1035 2519 2520 2293 
686 24 25 431 67 2521 1725 
687 648 647 649 2211 2522 2523 
688 621 629 968 2059 1904 2139 
689 609 611 1196 2291 2524 1397 
690 944 943 945 2190 1469 2525 
691 878 1034 1306 2526 2464 2527 
692 953 984 1150 2528 2529 2530 
693 699 683 700 2531 2532 2167 
694 791 790 792 2533 2534 2535 
695 524 905 1294 2112 2536 2537 
696 485 483 486 2538 1985 2539 
697 127 429 947 2540 2541 2542 
698 129 1111 1258 2543 2407 2544 
699 582 584 585 2545 2546 1603 
700 984 851 1150 2227 2279 2529 
701 792 790 1203 2534 2547 1662 
702 141 142 430 183 2548 1786 
703 127 128 429 169 2549 2540 
704 617 620 621 2550 2551 2138 
705 805 948 1132 2552 2553 2554 
706 455 1056 1212 2400 2327 2555 
707 106 460 1027 2556 2121 2504 
708 897 758 940 1644 2557 2558 
709 877 729 1226 1375 2559 1966 
710 635 630 911 1914 1793 2560 
711 704 685 705 2096 2561 2274 
712 432 879 1125 1423 2562 2563 
713 931 967 1187 1956 2564 2565 
714 1119 525 1283 2403 2566 2567 
715 1126 1089 1171 2568 2569 2323 
716 782 721 783 2570 2127 2571 
717 750 751 752 2572 2573 1753 
718 525 939 1340 2402 2574 2575 
719 1179 922 1277 2576 2577 2136 
720 136 437 1181 2430 2194 2578 
721 883 682 1092 2049 2113 2579 
722 640 933 1347 2580 2581 2582 
723 880 126 947 2583 2584 2585 
724 694 662 1338 2028 2305 2586 
725 411 923 952 2587 1609 2303 
726 1096 658 1097 1451 2588 2589 
727 525 908 1283 1949 2590 2566 
728 12 13 418 55 2277 2591 
729 948 805 1304 2552 2592 2204 
730 27 28 417 70 2593 2594 
731 440 135 1181 2435 2595 1533 
732 576 579 1321 2314 2596 2145 
733 953 516 984 2597 2598 2528 
734 795 639 796 2599 2600 2601 
735 830 1038 1267 2602 2603 2604 
736 143 144 442 185 2605 2179 
737 125 126 880 167 2583 2606 
738 580 582 937 2607 1605 2608 
739 502 498 983 2609 2610 2611 
740 456 1022 1314 2612 2613 2614 
741 189 459 976 2615 2616 2617 
742 435 125 880 2618 2606 2619 
743 12 418 949 2591 2620 2621 
744 145 4 1218 187 2622 2623 
745 27 417 981 2594 2624 2625 
746 489 488 490 2626 1968 2627 
747 667 665 1124 2628 2629 2630 
748 1022 456 1266 2612 2631 2420 
749 696 1170 1237 2632 2032 2633 
750 722 468 1120 2634 2635 2636 
751 124 125 435 166 2618 2637 
752 660 661 662 2638 2639 2027 
753 1020 1024 1028 2640 1945 2641 
754 775 805 1132 2055 2554 2428 
755 660 694 1325 2029 2642 1798 
756 1233 884 1234 2643 2644 2287 
757 10 11 444 53 2645 2646 
758 622 917 1176 2413 2216 2647 
759 657 659 660 2648 2649 1570 
760 624 641 642 1875 2263 2650 
761 29 30 443 72 1887 2252 
762 903 524 1177 1758 2651 2652 
763 444 11 949 2645 2653 2654 
764 958 983 1303 2655 2656 2657 
765 698 674 1273 2658 2659 2051 
766 689 679 690 1891 2660 2272 
767 126 127 947 168 2542 2584 
768 925 926 1096 2129 2661 2662 
769 122 123 972 164 1938 2663 
770 358 416 1198 2480 2664 2665 
771 697 631 858 1897 2666 2667 
772 1164 950 1240 2385 2668 2669 
773 673 671 678 2307 2670 2236 
774 1032 747 1033 2671 1421 2672 
775 1180 514 1228 2673 1715 2674 
776 793 792 839 2675 2676 1796 
777 652 651 653 2298 2677 2238 
778 950 1218 1240 2678 2679 2668 
779 1067 1047 1253 2680 2681 2682 
780 888 1065 1253 2683 2684 2685 
781 1042 888 1253 2686 2685 2687 
782 621 627 628 2688 2689 2057 
783 579 578 580 2313 2690 2244 
784 1115 670 1168 1800 2691 1491 
785 752 762 763 2692 2693 2061 
786 31 32 445 74 2694 2695 
787 626 910 1195 2696 2067 2697 
788 11 12 949 54 2621 2653 
789 812 891 1095 2698 1487 2699 
790 904 857 1163 2250 1877 2147 
791 787 467 1113 2700 2701 2269 
792 1185 907 1313 2702 2703 2395 
793 699 743 777 2169 2704 2705 
794 743 700 744 2168 1417 2706 
795 1126 988 1178 2707 2708 2709 
796 639 615 1155 2710 1680 2711 
797 1196 611 1278 2524 2712 2713 
798 420 338 1276 2474 1962 2714 
799 113 114 1029 155 2715 2716 
800 410 426 1275 2476 2717 1964 
801 452 1026 1231 1519 2718 2719 
802 1177 524 1294 2651 2537 2720 
803 412 1209 1343 2721 2722 2723 
804 568 569 570 2724 2725 1975 
805 1104 989 1105 2265 1413 1479 
806 994 993 1074 2267 2726 2130 
807 191 192 462 197 2727 1990 
808 515 553 568 2728 2729 1692 
809 638 574 916 2040 2086 2730 
810 609 608 610 2347 2731 2289 
811 189 190 459 195 2732 2615 
812 10 444 954 2646 2497 2733 
813 9 10 954 52 2733 2734 
814 662 663 664 2735 2736 1981 
815 1038 830 1263 2602 2737 2738 
816 491 490 492 2739 2107 2740 
817 188 189 976 194 2617 2741 
818 677 683 699 2742 2531 1858 
819 4 188 1218 193 2743 2622 
820 451 36 995 2744 2509 2745 
821 877 1188 1348 1677 2746 2747 
822 114 454 1029 2748 1395 2715 
823 654 653 655 2239 2749 2335 
824 960 1030 1315 1724 2750 1810 
825 886 853 1119 2751 2752 2753 
826 588 590 591 2754 2755 2104 
827 370 412 1343 2470 2723 2756 
828 591 592 593 2757 2758 2759 
829 497 516 953 2760 2597 2761 
830 932 1125 1197 2091 2762 2763 
831 948 422 1132 2377 2764 2553 
832 823 413 902 2445 2165 2765 
833 416 816 818 2448 2766 2767 
834 411 912 923 2450 1734 2587 
835 426 828 1098 2452 2768 2769 
836 427 464 465 2455 2770 2222 
837 1098 722 1120 2771 2636 2772 
838 665 670 1124 2773 2070 2629 
839 951 443 1288 2253 2774 2328 
840 429 128 1258 2549 2775 2776 
841 773 799 1127 2777 2778 2779 
842 1096 926 1249 2661 2780 1809 
843 412 1161 1256 2781 2782 2783 
844 822 823 824 2446 2784 2785 
845 828 827 829 2451 2786 2787 
846 820 821 840 2442 1561 2788 
847 816 815 817 2447 2789 2790 
848 814 895 896 2458 2791 2792 
849 808 807 809 2453 2793 2794 
850 959 513 1099 2503 2795 2796 
851 630 632 633 2797 2798 1791 
852 15 432 1125 2518 2563 2799 
853 763 764 765 2800 2801 1557 
854 465 467 787 2802 2700 2124 
855 938 796 1333 2330 2803 2804 
856 1005 454 1307 1357 2805 2806 
857 1039 1014 1268 2807 2808 2809 
858 1218 976 1240 2810 2811 2679 
859 611 610 616 2290 2812 2409 
860 927 928 929 2813 2814 2815 
861 910 626 1223 2696 1602 2816 
862 995 37 1093 2508 2817 2383 
863 470 468 722 2818 2634 1470 
864 699 777 957 2705 2819 1859 
865 743 744 745 2706 2820 2821 
866 625 613 1141 1844 1763 2822 
867 984 516 1088 2598 2823 2824 
868 731 984 1088 2228 2824 2825 
869 642 643 719 2264 2417 2826 
870 983 958 1216 2655 2827 2828 
871 702 847 1189 2829 2830 2831 
872 900 898 1129 2832 2152 2833 
873 31 445 859 2695 1788 2094 
874 821 421 1192 2441 2834 1882 
875 654 701 1095 1920 2835 2174 
876 713 690 714 2273 2836 2423 
877 570 571 572 2837 2838 2143 
878 723 725 1088 2839 2840 2841 
879 419 346 1284 2485 2089 2842 
880 129 130 1111 171 2843 2543 
881 945 718 1210 2844 2845 2846 
882 633 648 1318 2212 2847 1970 
883 501 505 1036 2848 2849 2850 
884 1036 723 1088 2851 2841 2852 
885 664 665 666 2853 2854 2149 
886 1081 973 1224 2855 2856 2857 
887 957 777 958 2819 2858 1455 
888 745 744 746 2820 2859 2860 
889 725 731 1088 2861 2825 2840 
890 505 723 1036 2862 2851 2849 
891 496 493 982 2863 2864 2865 
892 499 501 1036 2866 2850 2867 
893 894 1113 1248 1620 2868 2869 
894 839 1200 1301 2870 1829 2871 
895 493 492 494 2872 2344 2873 
896 696 697 1170 1898 1899 2632 
897 720 790 791 2047 2533 2874 
898 746 744 747 2859 1420 2875 
899 745 746 830 2860 2876 2877 
900 1186 543 1202 2878 2879 2880 
901 745 830 971 2877 2881 2882 
902 758 656 940 1946 2321 2557 
903 517 507 1037 2883 2884 2885 
904 517 1037 1038 2885 2886 2887 
905 507 504 1037 2888 2889 2884 
906 517 1038 1087 2887 2890 2891 
907 1038 799 1087 2892 2893 2890 
908 1003 1014 1039 2894 2807 2895 
909 521 511 1040 2896 2897 2898 
910 1040 517 1087 2899 2891 2900 
911 733 521 1040 2901 2898 2902 
912 511 509 1040 2903 2904 2897 
913 518 510 1044 2905 2906 2907 
914 707 742 1046 2908 2909 2910 
915 742 1041 1046 2911 2912 2909 
916 757 1047 1067 2913 2680 2914 
917 537 1048 1060 2915 2916 2917 
918 757 1046 1047 2918 2919 2913 
919 537 1043 1048 2920 2921 2915 
920 757 707 1046 2922 2910 2918 
921 534 530 1062 2923 2924 2925 
922 1041 742 1048 2911 2926 2927 
923 522 736 1044 2928 2929 2930 
924 1048 742 1060 2926 2931 2916 
925 529 1045 1086 2932 2933 2934 
926 1043 537 1062 2920 2935 2936 
927 530 529 1062 2937 2938 2924 
928 537 534 1062 2939 2925 2935 
929 529 526 1045 2940 2941 2932 
930 1045 526 1049 2941 2942 2943 
931 512 522 1044 2944 2930 2945 
932 1062 529 1086 2938 2934 2946 
933 526 520 1049 2947 2948 2942 
934 520 519 1049 2949 2950 2948 
935 769 1043 1086 2951 2952 2953 
936 1043 862 1048 2954 2955 2921 
937 862 1041 1048 2956 2927 2955 
938 738 1045 1049 2957 2943 2958 
939 531 540 1050 2959 2960 2961 
940 785 1050 1051 2962 2963 2964 
941 1050 540 1051 2960 2965 2963 
942 528 738 1049 2966 2958 2967 
943 531 1050 1057 2961 2968 2969 
944 734 760 1052 2970 2971 2972 
945 741 533 1057 2973 2974 2975 
946 686 734 1052 2976 2972 2977 
947 1050 741 1057 2978 2975 2968 
948 533 523 1057 2979 2980 2974 
949 558 1054 1058 2981 2982 2983 
950 1055 1084 1085 2984 2985 2986 
951 965 780 1061 2987 2988 2989 
952 780 755 1061 2990 2991 2988 
953 781 1055 1079 2992 2993 2994 
954 1054 965 1058 2995 2996 2982 
955 1069 778 1079 2997 2998 2999 
956 558 1069 1079 3000 2999 3001 
957 1076 1077 1082 3002 3003 3004 
958 1054 558 1079 2981 3001 3005 
959 687 686 1052 3006 2977 3007 
960 1064 1063 1078 3008 3009 3010 
961 1058 965 1061 2996 2989 3011 
962 739 748 1059 3012 1370 3013 
963 536 537 1060 3014 2917 3015 
964 551 555 1070 3016 3017 3018 
965 523 527 1057 3019 3020 2980 
966 527 531 1057 3021 2969 3020 
967 558 554 1069 3022 3023 3000 
968 559 556 1058 3024 3025 3026 
969 1055 1054 1079 3027 3005 2993 
970 768 739 1059 3028 3013 3029 
971 778 781 1079 3030 2994 2998 
972 547 548 1075 3031 3032 3033 
973 1016 1022 1056 3034 2325 3035 
974 755 561 1061 3036 3037 2991 
975 546 544 1068 3038 3039 3040 
976 549 546 1068 3041 3040 3042 
977 550 545 707 3043 3044 3045 
978 565 551 1070 3046 3018 3047 
979 966 965 1054 3048 2995 3049 
980 734 735 759 3050 3051 3052 
981 555 564 1070 3053 3054 3017 
982 539 1063 1064 3055 3008 3056 
983 548 549 551 3057 3058 3059 
984 556 554 558 3060 3022 3061 
985 773 735 799 3062 3063 2777 
986 542 541 544 3064 3065 3066 
987 544 541 545 3065 3067 3068 
988 740 768 769 3069 3070 3071 
989 738 739 740 3072 3073 3074 
990 862 888 1041 3075 3076 2956 
991 536 534 537 3077 2939 3014 
992 737 741 784 3078 3079 3080 
993 532 530 534 3081 2923 3082 
994 862 861 888 3083 3084 3075 
995 531 532 540 3085 1867 2959 
996 554 549 1069 3086 3087 3023 
997 738 740 1045 3074 3088 2957 
998 734 759 760 3052 3089 2970 
999 737 784 786 3080 1595 3090 
1000 759 735 773 3051 3062 3091 
1001 975 768 1059 3092 3029 3093 
1002 556 558 1058 3061 2983 3025 
1003 565 1071 1072 3094 3095 3096 
1004 535 536 538 3097 3098 3099 
1005 748 687 1052 3100 3007 3101 
1006 784 741 785 3079 3102 3103 
1007 551 549 554 3058 3086 3104 
1008 708 707 757 3105 2922 3106 
1009 1024 1021 1025 3107 3108 3109 
1010 1020 1019 1021 3110 3111 3112 
1011 779 755 780 3113 2990 3114 
1012 861 768 975 3115 3092 3116 
1013 538 536 541 3098 3117 3118 
1014 785 741 1050 3102 2978 2962 
1015 557 556 559 3119 3024 3120 
1016 964 965 966 3121 3048 3122 
1017 1016 1018 1022 3123 3124 3034 
1018 963 780 964 3125 3126 3127 
1019 527 529 530 3128 2937 3129 
1020 740 739 768 3073 3028 3069 
1021 739 687 748 3130 3100 3012 
1022 1041 888 1042 3076 2686 3131 
1023 532 534 535 3082 3132 1498 
1024 1020 1021 1024 3112 3107 2640 
1025 535 534 536 3132 3077 3097 
1026 555 554 556 3133 3060 3134 
1027 560 561 562 3135 3136 3137 
1028 888 861 1065 3084 3138 2683 
1029 1072 1071 1073 3095 3139 3140 
1030 779 780 963 3114 3125 3141 
1031 527 530 531 3129 3142 3021 
1032 548 546 549 3143 3041 3057 
1033 1019 1017 1023 3144 2166 3145 
1034 756 755 779 3146 3113 3147 
1035 544 545 550 3068 3043 3148 
1036 707 545 742 3044 3149 2908 
1037 550 707 708 3045 3105 3150 
1038 778 708 781 3151 3152 3030 
1039 1066 757 1067 3153 2914 3154 
1040 966 1055 1085 3155 2986 3156 
1041 1018 1019 1020 3157 3110 3158 
1042 538 541 542 3118 3064 3159 
1043 560 559 561 3160 3161 3135 
1044 531 530 532 3142 3081 3085 
1045 541 536 1060 3117 3015 3162 
1046 738 687 739 3163 3130 3072 
1047 1063 547 1078 3164 3165 3009 
1048 1024 1025 1026 3109 3166 1736 
1049 769 768 861 3070 3115 3167 
1050 535 538 539 3099 3168 1865 
1051 560 562 563 3137 3169 3170 
1052 964 780 965 3126 2987 3121 
1053 1018 1017 1019 3171 3144 3157 
1054 527 526 529 3172 2940 3128 
1055 539 538 1063 3168 3173 3055 
1056 1046 1042 1047 3174 3175 2919 
1057 1076 1072 1077 3176 3177 3002 
1058 566 755 756 3178 3146 3179 
1059 547 546 548 3180 3143 3031 
1060 742 545 1060 3149 3181 2931 
1061 548 565 1075 3182 3183 3032 
1062 544 550 1068 3148 3184 3039 
1063 557 559 560 3120 3160 3185 
1064 769 862 1043 3186 2954 2951 
1065 737 533 741 3187 2973 3078 
1066 551 554 555 3104 3133 3016 
1067 769 861 862 3167 3083 3186 
1068 542 546 547 3188 3180 3189 
1069 562 561 566 3136 3190 3191 
1070 1016 1017 1018 3192 3171 3123 
1071 550 708 778 3150 3151 3193 
1072 548 551 565 3059 3046 3182 
1073 734 733 735 3194 3195 3050 
1074 1064 1078 1080 3010 3196 3197 
1075 542 544 546 3066 3038 3188 
1076 1041 1042 1046 3131 3174 2912 
1077 708 757 1066 3106 3153 3198 
1078 861 975 1065 3116 3199 3138 
1079 736 533 737 3200 3187 3201 
1080 1016 1015 1017 3202 1405 3192 
1081 555 557 564 3203 3204 3053 
1082 565 1070 1071 3047 3205 3094 
1083 1080 1076 1082 3206 3004 3207 
1084 966 1054 1055 3049 3027 3155 
1085 555 556 557 3134 3119 3203 
1086 1075 1072 1076 3208 3176 3209 
1087 542 547 1063 3189 3164 3210 
1088 545 541 1060 3067 3162 3181 
1089 566 561 755 3190 3036 3178 
1090 781 708 1066 3152 3198 3211 
1091 523 526 527 3212 3172 3019 
1092 686 733 734 3213 3194 2976 
1093 1013 1016 1056 3214 3035 3215 
1094 1072 1073 1077 3140 3216 3177 
1095 565 1072 1075 3096 3208 3183 
1096 549 1068 1069 3042 3217 3087 
1097 528 687 738 3218 3163 2966 
1098 522 533 736 3219 3200 2928 
1099 550 778 1068 3193 3220 3184 
1100 1043 1062 1086 2936 2946 2952 
1101 538 542 1063 3159 3210 3173 
1102 559 1058 1061 3026 3011 3221 
1103 1078 1076 1080 3222 3206 3196 
1104 1064 1080 1081 3197 3223 3224 
1105 561 559 1061 3161 3221 3037 
1106 547 1075 1078 3033 3225 3165 
1107 1068 778 1069 3220 2997 3217 
1108 1013 1015 1016 3226 3202 3214 
1109 1075 1076 1078 3209 3222 3225 
1110 528 686 687 3227 3006 3218 
1111 686 521 733 3228 2901 3213 
1112 522 523 533 3229 2979 3219 
1113 523 520 526 3230 2947 3212 
1114 1055 781 1084 2992 3231 2984 
1115 1081 1080 1083 3223 3232 3233 
1116 1080 1082 1083 3207 3234 3232 
1117 781 1066 1084 3211 3235 3231 
1118 1013 1012 1015 3236 1757 3226 
1119 519 528 1049 3237 2967 2950 
1120 528 521 686 3238 3228 3227 
1121 522 520 523 3239 3230 3229 
1122 1010 1012 1013 3240 3236 3241 
1123 519 521 528 3242 3238 3237 
1124 512 520 522 3243 3239 2944 
1125 1010 1011 1012 3244 2122 3240 
1126 740 769 1086 3071 2953 3245 
1127 519 511 521 3246 2896 3242 
1128 512 519 520 3247 2949 3243 
1129 1045 740 1086 3088 3245 2933 
1130 1010 1008 1011 3248 3249 3244 
1131 725 728 731 3250 3251 2861 
1132 512 511 519 3252 3246 3247 
1133 510 512 1044 3253 2945 2906 
1134 1009 1008 1010 3254 3248 3255 
1135 725 726 728 3256 3257 3250 
1136 726 724 727 3258 2499 3259 
1137 510 511 512 3260 3252 3253 
1138 1007 1008 1009 3261 3254 1738 
1139 508 510 518 3262 2905 3263 
1140 509 517 1040 3264 2899 2904 
1141 510 509 511 3265 2903 3260 
1142 725 724 726 3266 3258 3256 
1143 733 1040 1087 2902 2900 3267 
1144 735 733 1087 3195 3267 3268 
1145 1007 1006 1008 3269 3270 3261 
1146 723 724 725 3271 3266 2839 
1147 508 509 510 3272 3265 3262 
1148 509 507 517 3273 2883 3264 
1149 799 735 1087 3063 3268 2893 
1150 1005 1006 1007 3274 3269 1358 
1151 1006 1003 1039 3275 2895 3276 
1152 508 507 509 3277 3273 3272 
1153 723 513 724 3278 2502 3271 
1154 1005 1003 1006 3279 3275 3274 
1155 506 507 508 3280 3277 3281 
1156 505 513 723 3282 3278 2862 
1157 1002 1003 1005 3283 3279 3284 
1158 1003 1001 1014 3285 1495 2894 
1159 506 504 507 3286 2888 3280 
1160 505 506 513 3287 3288 3282 
1161 1002 1001 1003 3289 3285 3283 
1162 1000 1002 1004 3290 3291 3292 
1163 505 504 506 3293 3286 3287 
1164 1000 1001 1002 3294 3289 3290 
1165 504 503 1037 3295 3296 2889 
1166 501 504 505 3297 3293 2848 
1167 1000 999 1001 3298 1416 3294 
1168 501 503 504 3299 3295 3297 
1169 998 999 1000 3300 3298 3301 
1170 501 500 503 3302 1522 3299 
1171 656 655 657 2336 3303 2320 
1172 998 996 999 3304 1771 3300 
1173 500 498 502 3305 2609 1803 
1174 499 500 501 3306 3302 2866 
1175 516 499 1036 3307 2867 3308 
1176 920 919 921 3309 3310 3311 
1177 835 833 836 3312 3313 3314 
1178 997 996 998 3315 3304 3316 
1179 142 143 946 184 2180 3317 
1180 16 17 1102 59 3318 1785 
1181 497 499 516 3319 3307 2760 
1182 499 498 500 3320 3305 3306 
1183 516 1036 1088 3308 2852 2823 
1184 690 679 1128 2660 3321 3322 
1185 593 594 595 3323 3324 2170 
1186 997 998 1089 3316 3325 3326 
1187 824 853 885 3327 3328 3329 
1188 26 27 981 69 2625 3330 
1189 133 134 1106 175 3331 1873 
1190 986 996 997 3332 3315 3333 
1191 636 721 782 2030 2570 1779 
1192 497 498 499 3334 3320 3319 
1193 1209 412 1256 2721 2783 3335 
1194 1187 1186 1202 3336 2880 3337 
1195 886 934 1299 1438 3338 3339 
1196 789 860 1161 2255 3340 2097 
1197 913 442 1164 1606 2386 3341 
1198 474 472 475 3342 2175 3343 
1199 28 29 951 71 2254 3344 
1200 765 802 803 3345 3346 1984 
1201 485 486 487 2539 2491 3347 
1202 476 475 477 3348 2197 3349 
1203 939 887 1340 3350 2390 2574 
1204 121 122 446 163 3351 3352 
1205 777 743 1110 2704 3353 3354 
1206 106 107 460 148 1818 2556 
1207 111 112 455 153 3355 3356 
1208 119 120 458 161 3357 3358 
1209 114 115 454 156 3359 2748 
1210 117 118 453 159 3360 3361 
1211 108 109 456 150 3362 1820 
1212 564 557 1094 3204 3363 3364 
1213 560 563 1094 3170 1683 3365 
1214 1187 967 1319 2564 3366 3367 
1215 1259 640 1347 1564 2582 3368 
1216 593 1143 1306 2257 3369 3370 
1217 144 145 950 186 3371 3372 
1218 640 887 1323 2225 3373 3374 
1219 585 584 586 2546 3375 2511 
1220 513 506 1099 3288 3376 2795 
1221 508 518 1099 3263 3377 3378 
1222 971 502 1110 1804 3379 3380 
1223 848 1180 1228 3381 2674 3382 
1224 1268 1014 1320 2808 3383 3384 
1225 1111 434 1295 3385 2342 3386 
1226 587 588 1034 3387 2106 3388 
1227 597 1030 1133 3389 3390 3391 
1228 691 906 1131 2111 3392 3393 
1229 853 854 1119 3394 3395 2752 
1230 633 646 647 3396 3397 2210 
1231 431 25 1185 2521 3398 2394 
1232 986 995 996 3399 2382 3332 
1233 1188 429 1258 1676 2776 3400 
1234 498 496 983 3401 3402 2610 
1235 617 616 620 2410 3403 2550 
1236 1014 450 1320 1494 3404 3383 
1237 33 34 457 76 3405 3406 
1238 35 36 451 78 2744 3407 
1239 38 39 450 81 3408 3409 
1240 41 42 449 84 3410 3411 
1241 47 48 447 90 3412 3413 
1242 44 45 448 87 3414 3415 
1243 49 50 461 92 3416 3417 
1244 48 49 1091 91 3418 3419 
1245 1241 644 1242 3420 3421 3422 
1246 750 714 751 2424 3423 2572 
1247 906 587 1034 2110 3388 3424 
1248 574 575 576 3425 3426 2084 
1249 495 497 953 3427 2761 3428 
1250 497 496 498 3429 3401 3334 
1251 37 38 1093 80 3430 2817 
1252 612 770 1151 3431 1935 3432 
1253 446 122 972 3351 2663 3433 
1254 666 667 668 3434 3435 2153 
1255 604 606 1134 3436 1482 3437 
1256 557 560 1094 3185 3365 3363 
1257 926 927 1249 1814 3438 2780 
1258 944 945 1210 2525 2846 1916 
1259 506 508 1099 3281 3378 3376 
1260 624 642 1143 2650 3439 3440 
1261 955 444 1329 2498 3441 3442 
1262 1082 972 1083 3443 3444 3234 
1263 841 836 1100 3445 2241 3446 
1264 795 796 913 2601 2416 3447 
1265 899 949 1337 3448 3449 3450 
1266 875 1190 1297 2020 2282 3451 
1267 597 599 1030 3452 3453 3389 
1268 915 894 1248 1849 2869 3454 
1269 496 982 983 2865 3455 3402 
1270 604 605 606 3456 3457 3436 
1271 487 488 489 2492 2626 3458 
1272 631 580 937 2245 2608 3459 
1273 1039 449 1215 3460 1591 3461 
1274 743 745 1110 2821 3462 3353 
1275 587 586 588 2512 3463 3387 
1276 447 48 1091 3412 3419 3464 
1277 49 461 1091 3417 3465 3418 
1278 26 981 1185 3330 1446 3466 
1279 1020 1028 1314 2641 3467 3468 
1280 478 477 479 3469 2056 3470 
1281 493 494 982 2873 3471 2864 
1282 805 1192 1304 3472 3473 2592 
1283 839 1301 1349 2871 3474 3475 
1284 38 450 1093 3409 1548 3430 
1285 927 929 1115 2815 3476 3477 
1286 660 659 661 2649 3478 2638 
1287 435 889 1205 3479 3480 3481 
1288 800 936 1209 1727 3482 3483 
1289 601 619 623 3484 3485 1869 
1290 1 9 1222 51 3486 3487 
1291 483 481 1340 3488 3489 2389 
1292 134 440 1106 2436 2431 3331 
1293 856 936 1208 1657 1729 3490 
1294 927 436 928 1813 2182 2813 
1295 649 650 651 3491 3492 2297 
1296 922 459 1277 3493 3494 2577 
1297 718 945 1211 2844 1526 3495 
1298 988 1126 1142 2707 3496 3497 
1299 791 792 793 2535 2675 3498 
1300 113 1029 1107 2716 1808 3499 
1301 1073 1165 1182 3500 1432 3501 
1302 834 938 1176 3502 3503 1953 
1303 621 620 627 2551 3504 2688 
1304 123 124 1205 165 3505 1939 
1305 971 830 1267 2881 2604 2213 
1306 854 933 939 1652 3506 3507 
1307 455 112 1107 3355 3508 1501 
1308 752 751 762 2573 3509 2692 
1309 1127 799 1263 2778 3510 3511 
1310 668 669 671 3512 3513 2306 
1311 702 845 847 3514 3515 2829 
1312 672 680 1090 3516 2068 3517 
1313 576 577 578 3518 3519 2312 
1314 977 856 1208 2425 3490 3520 
1315 782 783 910 2571 3521 3522 
1316 130 434 1111 2456 3385 2843 
1317 715 690 1128 3523 3322 3524 
1318 833 831 1230 3525 1560 3526 
1319 731 732 851 3527 3528 2226 
1320 796 639 1155 2600 2711 3529 
1321 704 977 1208 2276 3520 1842 
1322 829 1245 1299 3530 3531 3532 
1323 1028 456 1314 1821 2614 3467 
1324 698 1116 1117 2408 3533 3534 
1325 630 628 632 2234 3535 2797 
1326 717 635 911 2207 2560 3536 
1327 824 885 1244 3329 1980 3537 
1328 978 801 1341 3538 3539 3540 
1329 760 759 1288 3089 3541 3542 
1330 17 438 1102 2462 2208 3318 
1331 1238 564 1334 3543 3544 3545 
1332 35 451 837 3407 3546 3547 
1333 457 34 837 3405 3548 1510 
1334 914 716 1190 1839 2134 2460 
1335 480 479 481 3549 2338 3550 
1336 817 1092 1135 2506 1624 3551 
1337 44 448 1108 3415 1872 3552 
1338 705 706 766 3553 3554 2378 
1339 1025 1204 1231 3555 1474 3556 
1340 489 490 491 2627 2739 3557 
1341 662 661 663 2639 3558 2735 
1342 606 607 608 3559 3560 2346 
1343 568 553 569 2729 3561 2724 
1344 112 113 1107 154 3499 3508 
1345 358 1198 1350 2665 3562 3563 
1346 986 451 995 3564 2745 3399 
1347 190 191 1148 196 1991 3565 
1348 417 1033 1270 3566 3567 3568 
1349 1082 1077 1182 3003 3569 3570 
1350 563 562 987 3169 3571 3572 
1351 566 756 987 3179 3573 3574 
1352 879 864 1250 2001 3575 3576 
1353 1009 1010 1157 3255 3577 1489 
1354 1013 1056 1157 3215 2401 3578 
1355 115 116 1147 157 1709 3579 
1356 458 120 991 3357 3580 3581 
1357 121 446 991 3352 1568 3582 
1358 34 35 837 77 3547 3548 
1359 43 44 1108 86 3552 3583 
1360 745 971 1110 2882 3380 3462 
1361 494 919 920 2231 3309 3584 
1362 591 590 592 2755 3585 2757 
1363 825 978 1122 2444 3586 3587 
1364 949 418 1337 2620 3588 3449 
1365 935 424 1252 1550 2193 3589 
1366 676 674 698 3590 2658 3591 
1367 402 423 1298 2488 3592 2185 
1368 464 463 1120 2454 3593 3594 
1369 45 46 1153 88 2075 3595 
1370 763 762 764 2693 3596 2800 
1371 870 1279 1339 3597 3598 3599 
1372 449 1039 1268 3460 2809 3600 
1373 580 581 582 3601 3602 2607 
1374 642 878 1143 3603 3604 3439 
1375 672 675 680 3605 1775 3516 
1376 754 681 907 3606 3607 3608 
1377 927 1115 1249 3477 1493 3438 
1378 430 142 946 2548 3317 1483 
1379 482 481 483 3609 3488 3610 
1380 459 922 1219 3493 3611 3612 
1381 570 569 571 2725 3613 2837 
1382 495 496 497 3614 3429 3427 
1383 1044 736 1193 2929 2118 3615 
1384 664 663 665 2736 3616 2853 
1385 930 931 1206 1640 3617 2160 
1386 491 492 493 2740 2872 3618 
1387 412 302 1332 2469 3619 3620 
1388 465 464 466 2770 3621 3622 
1389 818 816 819 2766 3623 3624 
1390 947 429 1226 2541 1967 3625 
1391 613 604 1134 2093 3437 1762 
1392 612 710 770 3626 3627 3431 
1393 919 918 1296 2230 1989 3628 
1394 603 624 1143 1924 3440 2256 
1395 574 572 575 2398 3629 3425 
1396 811 809 1103 3630 3631 1669 
1397 593 592 594 2758 3632 3323 
1398 418 932 1175 2278 3633 3634 
1399 1089 453 1171 3635 3636 2569 
1400 679 678 1128 2237 1459 3321 
1401 896 895 897 2791 1645 3637 
1402 824 823 852 2784 3638 3639 
1403 828 829 901 2787 3640 3641 
1404 808 809 810 2794 3642 3643 
1405 119 458 1171 3358 2324 3644 
1406 453 118 1171 3360 3645 3636 
1407 611 626 1278 1927 3646 2712 
1408 804 638 916 2343 2730 3647 
1409 444 1184 1329 3648 3649 3441 
1410 983 982 1303 3455 3650 2656 
1411 1006 1039 1215 3276 3461 3651 
1412 1011 1008 1215 3249 3652 1574 
1413 981 417 1270 2624 3568 3653 
1414 882 415 1200 2368 1827 1773 
1415 1000 1004 1217 3292 3654 3655 
1416 835 836 841 3314 3445 3656 
1417 489 491 1149 3557 3657 3658 
1418 445 32 866 2694 3659 3660 
1419 805 893 1192 2517 1883 3472 
1420 770 771 772 3661 1427 3662 
1421 453 1089 1217 3635 3663 3664 
1422 1089 998 1217 3325 3665 3663 
1423 765 764 802 2801 3666 3345 
1424 417 28 951 2593 3344 3667 
1425 1115 929 1116 3476 3668 1801 
1426 449 42 1160 3410 3669 1590 
1427 846 703 848 3670 3671 3672 
1428 1064 1081 1224 3224 2857 3673 
1429 604 595 605 2433 3674 3456 
1430 770 772 1109 3662 3675 1934 
1431 484 483 485 3676 2538 3677 
1432 1191 437 1279 2195 1752 2202 
1433 997 1089 1126 3326 2568 3678 
1434 746 747 1127 2875 3679 3680 
1435 892 753 1254 2337 1629 2510 
1436 633 632 646 2798 3681 3396 
1437 582 583 584 3682 3683 2545 
1438 421 282 1304 2478 2205 3684 
1439 1070 564 1238 3054 3543 3685 
1440 474 475 476 3343 3348 3686 
1441 120 121 991 162 3582 3580 
1442 885 853 886 3328 2751 3687 
1443 140 141 1201 182 1787 3688 
1444 33 457 866 3406 1535 3689 
1445 634 615 639 3690 2710 3691 
1446 968 782 1223 1780 3692 1580 
1447 14 15 1125 57 2799 2090 
1448 790 844 1203 2063 3693 2547 
1449 417 1032 1033 3694 2672 3566 
1450 880 947 1293 2585 3695 1611 
1451 839 792 1200 2676 1774 2870 
1452 697 858 1159 2667 2317 3696 
1453 649 647 650 2522 3697 3491 
1454 666 665 667 2854 2628 3434 
1455 808 810 812 3643 3698 2519 
1456 934 829 1299 3699 3532 3338 
1457 910 783 1121 3521 3700 2066 
1458 1038 1037 1267 2886 3701 2603 
1459 719 720 1251 2418 3702 3703 
1460 675 676 677 3704 3705 1582 
1461 139 140 1173 181 3706 2296 
1462 600 598 622 3707 3708 1760 
1463 711 639 795 3709 2599 3710 
1464 952 776 1163 1608 2148 1588 
1465 736 737 1280 3201 3711 2162 
1466 111 455 1212 3356 2555 3712 
1467 1189 847 1345 2830 3713 3714 
1468 1019 1023 1282 3145 3715 3716 
1469 466 464 468 3621 3717 3718 
1470 819 1135 1136 3719 1626 3720 
1471 442 144 950 2605 3372 2384 
1472 1206 847 1292 3721 3722 2381 
1473 1004 1002 1307 3291 3723 3724 
1474 867 688 1236 2429 2514 3725 
1475 657 658 659 3726 1450 2648 
1476 1022 1018 1314 3124 3727 2613 
1477 1100 1101 1229 2242 3728 3729 
1478 591 593 1306 2759 3370 2463 
1479 920 921 1114 3311 1600 3730 
1480 476 477 478 3349 3469 3731 
1481 705 685 706 2561 3732 3553 
1482 1217 1004 1269 3654 1847 3733 
1483 648 649 1213 2523 2437 3734 
1484 116 117 1269 158 3735 1710 
1485 632 628 1154 3535 3736 3737 
1486 32 33 866 75 3689 3659 
1487 465 466 467 3622 3738 2802 
1488 767 980 1113 2309 2270 1619 
1489 944 1140 1289 1880 3739 3740 
1490 468 464 1120 3717 3594 2635 
1491 192 1 1222 198 3487 3741 
1492 1103 809 1243 3631 3742 1822 
1493 43 1108 1160 3583 2235 3743 
1494 668 667 669 3435 3744 3512 
1495 576 575 577 3426 3745 3518 
1496 623 619 1129 3485 3746 2151 
1497 977 801 1261 2316 3747 2426 
1498 954 462 1222 1465 3748 3749 
1499 970 1138 1317 2249 3750 3751 
1500 997 1126 1178 3678 2709 3752 
1501 471 473 515 3753 3754 3755 
1502 1109 772 1250 3675 2495 3756 
1503 834 871 938 3757 3758 3502 
1504 678 671 1090 2670 3759 1712 
1505 881 959 1239 3760 3761 1508 
1506 456 109 1266 3362 3762 2631 
1507 653 651 718 2677 3763 3764 
1508 580 578 581 2690 3765 3601 
1509 949 899 1184 3448 3766 3767 
1510 46 47 1327 89 3768 2183 
1511 925 1096 1097 2662 2589 3769 
1512 824 852 853 3639 3770 3327 
1513 901 829 934 3640 3699 1616 
1514 96 97 452 102 3771 3772 
1515 95 96 1118 101 3773 3774 
1516 810 809 811 3642 3630 3775 
1517 478 479 480 3470 3549 3776 
1518 606 605 607 3457 3777 3559 
1519 595 594 1133 3324 3778 3779 
1520 994 1238 1334 2233 3545 3780 
1521 515 552 553 3781 3782 2728 
1522 1098 828 1138 2768 3783 3784 
1523 823 902 1137 2765 3785 3786 
1524 588 589 590 3787 3788 2754 
1525 858 631 937 2666 3459 3789 
1526 1242 870 1339 3790 3599 3791 
1527 863 692 864 3792 3793 2000 
1528 1116 929 1117 3668 3794 3533 
1529 749 843 1139 3795 2043 3796 
1530 495 493 496 3797 2863 3614 
1531 454 115 1147 3359 3579 3798 
1532 907 681 1145 3607 3799 3800 
1533 881 730 1336 2300 3801 3802 
1534 94 95 1123 100 3803 3804 
1535 848 703 1180 3671 3805 3381 
1536 647 646 1140 3397 3806 3807 
1537 41 449 1268 3411 3600 3808 
1538 614 832 917 3809 2215 3810 
1539 1282 1023 1327 3715 2184 3811 
1540 671 669 672 3513 3812 3813 
1541 698 1117 1145 3534 3814 3815 
1542 816 817 1135 2790 3551 3816 
1543 854 939 1119 3507 2404 3395 
1544 868 1198 1254 3817 2120 1628 
1545 614 589 831 3818 3819 3820 
1546 921 919 1309 3310 3821 2411 
1547 627 692 695 3822 3823 3824 
1548 1206 1202 1345 3825 3826 3827 
1549 1203 844 1302 3693 3828 3829 
1550 836 833 1230 3313 3526 2178 
1551 1010 1013 1157 3241 3578 3577 
1552 717 1146 1297 3830 1578 2281 
1553 444 949 1184 2654 3767 3648 
1554 1149 953 1150 3831 2530 3832 
1555 749 552 842 3833 3834 3835 
1556 480 481 482 3550 3609 3836 
1557 450 39 1320 3408 3837 3404 
1558 469 468 470 3838 2818 3839 
1559 502 983 1216 2611 2828 3840 
1560 608 607 612 3560 3841 3842 
1561 1159 839 1349 1797 3475 3843 
1562 616 610 618 2812 3844 3845 
1563 575 572 1158 3629 3846 3847 
1564 832 831 833 3848 3525 3849 
1565 979 787 1207 2125 1957 1517 
1566 766 706 794 3554 3850 3851 
1567 642 719 878 2826 3852 3603 
1568 719 1251 1331 3703 3853 3854 
1569 829 827 1298 2786 2186 3855 
1570 714 690 715 2836 3523 3856 
1571 459 190 1148 2732 3565 3857 
1572 1073 1071 1165 3139 3858 3500 
1573 695 863 872 3859 1373 3860 
1574 843 842 967 3861 3862 3863 
1575 844 1272 1302 3864 3865 3828 
1576 801 1121 1341 2045 3866 3539 
1577 448 45 1153 3414 3595 1538 
1578 42 43 1160 85 3743 3669 
1579 447 1091 1257 3464 3867 3868 
1580 657 655 658 3303 3869 3726 
1581 471 470 472 3870 1555 3871 
1582 834 833 835 3872 3312 3873 
1583 801 978 1261 3538 3874 3747 
1584 485 487 514 3347 3875 3876 
1585 783 1122 1341 2380 3877 3878 
1586 628 627 1154 2689 3879 3736 
1587 770 710 771 3627 3880 3661 
1588 482 483 484 3610 3676 3881 
1589 491 495 1149 3882 3883 3657 
1590 582 581 583 3602 3884 3682 
1591 711 797 922 3885 3886 3887 
1592 25 26 1185 68 3466 3398 
1593 571 761 798 3888 3889 3890 
1594 473 472 474 3891 3342 3892 
1595 682 666 1300 2150 2154 3893 
1596 1101 1241 1242 1746 3422 3894 
1597 1083 972 1112 3444 2310 3895 
1598 695 872 1286 3860 2200 3896 
1599 118 119 1171 160 3644 3645 
1600 717 911 1146 3536 3897 3830 
1601 846 848 849 3672 3898 3899 
1602 594 596 597 3900 3901 3902 
1603 868 362 1350 1631 3903 3904 
1604 749 1139 1172 3796 3905 3906 
1605 676 698 1145 3591 3815 3907 
1606 588 586 589 3463 3908 3787 
1607 986 997 1178 3333 3752 3909 
1608 889 890 1205 3910 3911 3480 
1609 661 659 693 3478 1441 3912 
1610 936 306 1343 1656 3913 3914 
1611 572 571 1158 2838 3915 3846 
1612 443 1053 1288 2209 3916 2774 
1613 634 639 711 3691 3709 3917 
1614 846 849 876 3899 3918 3919 
1615 671 672 1090 3813 3517 3759 
1616 791 793 1131 3498 3920 3921 
1617 584 583 602 3683 3922 3923 
1618 627 620 692 3504 3924 3822 
1619 583 581 644 3884 3925 3926 
1620 646 788 855 3927 3928 3929 
1621 762 751 903 3509 3930 3931 
1622 579 696 1321 1910 3932 2596 
1623 482 484 702 3881 3933 3934 
1624 597 598 599 3935 3936 3452 
1625 958 777 1216 2858 3937 2827 
1626 771 710 873 3880 2036 3938 
1627 677 676 681 3705 3939 3940 
1628 746 1127 1263 3680 3511 3941 
1629 799 1038 1263 2892 2738 3510 
1630 622 598 1316 3708 3942 2414 
1631 812 810 891 3698 3943 2698 
1632 599 600 601 3944 3945 3946 
1633 794 706 838 3850 3947 3948 
1634 494 920 982 3584 3949 3471 
1635 612 607 709 3841 3950 3951 
1636 711 795 797 3710 3952 3885 
1637 1147 1004 1307 1846 3724 3953 
1638 650 647 1140 3697 3807 1879 
1639 601 615 619 3954 3955 3484 
1640 605 595 1133 3674 3779 3956 
1641 466 468 469 3718 3838 3957 
1642 722 1098 1138 2771 3784 2248 
1643 672 669 674 3812 3958 3959 
1644 870 869 1279 3960 2203 3597 
1645 571 569 761 3613 3961 3888 
1646 619 634 637 3962 3963 3964 
1647 665 663 670 3616 3965 2773 
1648 491 493 495 3618 3797 3882 
1649 594 592 596 3632 3966 3900 
1650 478 480 543 3776 3967 3968 
1651 702 703 845 3969 3970 3514 
1652 577 575 712 3745 3971 3972 
1653 646 632 788 3681 3973 3927 
1654 614 917 1174 3810 3974 3975 
1655 976 459 1219 2616 3612 3976 
1656 474 476 645 3686 3977 3978 
1657 874 873 898 3979 1672 3980 
1658 135 136 1181 177 2578 2595 
1659 899 898 900 3981 2832 3982 
1660 577 712 806 3972 3983 3984 
1661 1035 1221 1335 3985 1807 3986 
1662 1125 879 1197 2562 3987 2762 
1663 515 473 552 3754 3988 3781 
1664 938 871 969 3758 1477 2331 
1665 959 1099 1239 2796 3989 3761 
1666 806 869 870 3990 3960 3991 
1667 553 552 749 3782 3833 3992 
1668 3 105 1326 146 3993 3994 
1669 788 632 1154 3973 3737 3995 
1670 495 953 1149 3428 3831 3883 
1671 590 589 614 3788 3818 3996 
1672 675 674 676 3997 3590 3704 
1673 672 674 675 3959 3997 3605 
1674 1030 709 1194 1723 3998 3999 
1675 853 852 854 3770 1353 3394 
1676 50 2 1324 93 4000 4001 
1677 614 831 832 3820 3848 3809 
1678 747 1032 1232 2671 4002 4003 
1679 695 692 863 3823 3792 3859 
1680 685 625 1141 2393 2822 4004 
1681 612 709 710 3951 1633 3626 
1682 749 842 843 3835 3861 3795 
1683 97 98 1152 103 4005 4006 
1684 469 470 471 3839 3870 4007 
1685 806 712 869 3983 4008 3990 
1686 832 833 834 3849 3872 1952 
1687 594 597 1133 3902 3391 3778 
1688 578 577 1166 3519 4009 4010 
1689 771 873 874 3938 3979 1830 
1690 702 484 703 3933 4011 3969 
1691 974 539 1224 1866 4012 4013 
1692 973 974 1224 4014 4013 2856 
1693 974 973 1225 4014 4015 4016 
1694 540 974 1225 1868 4016 4017 
1695 834 835 871 3873 4018 3757 
1696 471 472 473 3871 3891 3753 
1697 874 898 899 3980 3981 4019 
1698 845 703 846 3970 3670 4020 
1699 798 761 850 3889 4021 4022 
1700 855 788 1031 3928 4023 1436 
1701 597 596 598 3901 4024 3935 
1702 619 615 634 3955 3690 3962 
1703 601 600 615 3945 1678 3954 
1704 599 598 600 3936 3707 3944 
1705 841 1100 1173 3446 2285 4025 
1706 416 818 1198 2767 2119 2664 
1707 1165 1071 1238 3858 4026 2232 
1708 627 695 1154 3824 4027 3879 
1709 1197 772 1322 2493 1429 4028 
1710 518 1044 1193 2907 3615 4029 
1711 581 578 1166 3765 4010 4030 
1712 567 970 1317 2422 3751 1636 
1713 684 800 1312 1908 4031 2158 
1714 864 1109 1250 1654 3756 3575 
1715 1035 812 1221 2520 4032 3985 
1716 814 896 1284 2792 4033 2088 
1717 847 1206 1345 3721 3827 3713 
1718 1117 1291 1313 4034 4035 4036 
1719 1025 1021 1257 3108 4037 4038 
1720 941 433 1339 2465 4039 4040 
1721 435 880 1156 2619 1885 4041 
1722 812 1095 1221 2699 4042 4032 
1723 471 515 1342 3755 1720 4043 
1724 777 1110 1216 3354 4044 3937 
1725 518 1193 1239 4029 1509 4045 
1726 608 612 1151 3842 3432 4046 
1727 646 855 1140 3929 4047 3806 
1728 619 637 1129 3964 4048 3746 
1729 1097 658 1264 2588 4049 4050 
1730 1033 700 1271 1418 4051 4052 
1731 1032 774 1232 2141 4053 4002 
1732 864 692 1167 3793 4054 1593 
1733 766 794 1195 3851 4055 1667 
1734 942 944 1289 2191 3740 2373 
1735 712 575 1158 3971 3847 4056 
1736 900 1129 1130 2833 4057 4058 
1737 677 681 683 3940 4059 2742 
1738 795 913 1164 3447 3341 4060 
1739 967 439 1305 1955 1857 4061 
1740 804 916 1237 3647 4062 4063 
1741 433 1100 1229 2283 3729 4064 
1742 610 608 1151 2731 4046 4065 
1743 811 1146 1199 1670 4066 4067 
1744 458 991 1142 3581 2116 4068 
1745 128 129 1258 170 2544 2775 
1746 831 589 1162 3819 4069 1389 
1747 1229 1242 1339 4070 3791 4071 
1748 110 111 1212 152 3712 4072 
1749 447 1257 1282 3868 4073 4074 
1750 644 581 1166 3925 4030 4075 
1751 718 651 1210 3763 4076 2845 
1752 1008 1006 1215 3270 3651 3652 
1753 828 901 1138 3641 4077 3783 
1754 852 823 1137 3638 3786 1448 
1755 835 841 1144 3656 4078 4079 
1756 842 552 1183 3834 4080 4081 
1757 819 816 1135 3623 3816 3719 
1758 1130 955 1329 1460 3442 4082 
1759 571 798 1158 3890 4083 3915 
1760 998 1000 1217 3301 3655 3665 
1761 417 951 1032 3667 2142 3694 
1762 188 976 1218 2741 2810 2743 
1763 683 681 754 4059 3606 4084 
1764 1110 502 1216 3379 3840 4044 
1765 876 849 1188 3918 4085 4086 
1766 1188 849 1348 4085 4087 2746 
1767 884 1233 1338 2643 4088 4089 
1768 302 298 1272 4090 4091 4092 
1769 1105 988 1142 1412 3497 2115 
1770 1133 1030 1194 3390 3999 4093 
1771 1091 461 1204 3465 1951 4094 
1772 1117 929 1291 3794 4095 4034 
1773 706 685 1141 3732 4004 4096 
1774 2 94 1324 99 4097 4000 
1775 1097 718 1211 4098 3495 4099 
1776 586 584 1162 3375 4100 4101 
1777 1051 540 1225 2965 4017 4102 
1778 539 1064 1224 3056 3673 4012 
1779 484 485 1180 3677 4103 4104 
1780 98 3 1326 104 3994 4105 
1781 1279 941 1339 1751 4040 3598 
1782 797 795 1164 3952 4060 4106 
1783 798 850 1191 4022 2434 4107 
1784 584 602 1162 3923 1390 4100 
1785 754 981 1270 1444 3653 4108 
1786 978 414 1261 2443 2496 3874 
1787 620 616 1167 3403 4109 4110 
1788 485 514 1180 3876 2673 4103 
1789 1245 829 1298 3530 3855 4111 
1790 751 714 1169 3423 4112 4113 
1791 592 590 1174 3585 4114 4115 
1792 569 553 1172 3561 4116 4117 
1793 306 370 1343 4118 2756 3913 
1794 105 1027 1326 2505 4119 3993 
1795 1026 1025 1231 3166 3556 2718 
1796 933 640 1323 2580 3374 4120 
1797 481 525 1340 2339 2575 3489 
1798 1197 879 1250 3987 3576 2494 
1799 1139 440 1311 2432 1426 4121 
1800 1259 802 1294 4122 4123 4124 
1801 718 1097 1264 4098 4050 4125 
1802 453 1217 1269 3664 3733 4126 
1803 1071 1070 1238 3205 3685 4026 
1804 809 807 1243 2793 1686 3742 
1805 663 661 1168 3558 4127 4128 
1806 651 650 1210 3492 1917 4076 
1807 822 824 1244 2785 3537 1699 
1808 820 840 1246 2788 4129 1696 
1809 817 815 1247 2789 1703 4130 
1810 1095 701 1221 2835 2087 4042 
1811 1099 518 1239 3377 4045 3989 
1812 1161 412 1332 2781 3620 2333 
1813 1155 622 1333 1761 4131 4132 
1814 1137 902 1310 3785 4133 1782 
1815 1149 1150 1220 3832 2220 4134 
1816 985 451 986 4135 3564 4136 
1817 362 358 1350 4137 3563 3903 
1818 794 838 1196 3948 1546 4138 
1819 711 922 1179 3887 2576 4139 
1820 727 959 1336 2501 4140 4141 
1821 959 881 1336 3760 3802 4140 
1822 96 452 1118 3772 4142 3773 
1823 849 848 1227 3898 4143 4144 
1824 599 601 1315 3946 1870 4145 
1825 95 1118 1123 3774 1408 3803 
1826 912 865 1285 2449 1941 1361 
1827 956 1214 1277 1658 2137 4146 
1828 1140 855 1289 4047 1404 3739 
1829 895 420 1274 2457 4147 1749 
1830 124 435 1205 2637 3481 3505 
1831 889 435 1156 3479 4041 2397 
1832 1129 637 1130 4048 4148 4057 
1833 553 749 1172 3992 3906 4116 
1834 462 192 1222 2727 3741 3748 
1835 871 835 1144 4018 4079 1747 
1836 110 1212 1266 4072 2421 4149 
1837 764 762 1177 3596 4150 4151 
1838 577 806 1166 3984 4152 4009 
1839 590 614 1174 3996 3975 4114 
1840 618 610 1151 3844 4065 1754 
1841 819 1136 1236 3720 4153 4154 
1842 653 718 1264 3764 4125 4155 
1843 896 1234 1284 2288 4156 4033 
1844 302 1272 1332 4092 4157 3619 
1845 990 994 1334 2268 3780 4158 
1846 681 676 1145 3939 3907 3799 
1847 838 706 1141 3947 4096 1721 
1848 973 890 1225 4159 4160 4015 
1849 616 618 1167 3845 1594 4109 
1850 830 746 1263 2876 3941 2737 
1851 1251 906 1331 4161 4162 3853 
1852 474 645 1183 3978 4163 4164 
1853 846 876 1295 3919 4165 4166 
1854 714 715 1169 3856 4167 4112 
1855 925 1097 1211 3769 4099 1886 
1856 887 939 1323 3350 4168 3373 
1857 1121 783 1341 3700 3878 3866 
1858 452 97 1152 3771 4006 1520 
1859 482 702 1189 3934 2831 4169 
1860 896 897 1233 3637 4170 2286 
1861 731 728 732 3251 4171 3527 
1862 1053 760 1288 4172 3542 3916 
1863 1037 503 1267 3296 2214 3701 
1864 426 1098 1275 2769 4173 2717 
1865 564 1094 1334 3364 4174 3544 
1866 645 1186 1187 4175 3336 4176 
1867 589 586 1162 3908 4101 4069 
1868 109 110 1266 151 4149 3762 
1869 1098 1120 1275 2772 4177 4173 
1870 1120 463 1275 3593 1965 4177 
1871 906 1034 1331 3424 4178 4162 
1872 756 985 1281 4179 4180 4181 
1873 473 474 1183 3892 4164 4182 
1874 967 842 1319 3862 4183 3366 
1875 1114 958 1303 1456 2657 4184 
1876 899 900 1184 3982 4185 3766 
1877 813 1035 1335 2461 3986 4186 
1878 596 592 1174 3966 4115 4187 
1879 709 607 1194 3950 4188 3998 
1880 661 693 1168 3912 1649 4127 
1881 761 569 1172 3961 4117 4189 
1882 692 620 1167 3924 4110 4054 
1883 903 751 1169 3930 4113 1614 
1884 893 804 1237 2516 4063 2031 
1885 976 1219 1240 3976 4190 2811 
1886 40 41 1268 83 3808 4191 
1887 637 634 1179 3963 4192 4193 
1888 703 484 1180 4011 4104 3805 
1889 670 663 1168 3965 4128 2691 
1890 737 786 1280 3090 1367 3711 
1891 478 543 1186 3968 2878 4194 
1892 1234 884 1235 2644 4195 2188 
1893 1021 1019 1282 3111 3716 4196 
1894 476 478 1186 3731 4194 4197 
1895 117 453 1269 3361 4126 3735 
1896 890 785 1051 4198 2964 4199 
1897 922 797 1219 3886 4200 3611 
1898 773 1127 1232 2779 4201 4202 
1899 1161 860 1256 3340 4203 2782 
1900 622 1176 1333 2647 4204 4131 
1901 762 903 1177 3931 2652 4150 
1902 902 904 1310 2251 1554 4133 
1903 514 487 1220 3875 4205 2219 
1904 806 870 1328 3991 4206 4207 
1905 634 711 1179 3917 4139 4192 
1906 1235 817 1247 2099 4130 2240 
1907 1094 990 1334 1977 4158 4174 
1908 866 1067 1253 4208 2682 4209 
1909 1074 446 1182 4210 4211 1431 
1910 1106 843 1305 2041 4212 1874 
1911 1130 637 1214 4148 4213 1461 
1912 461 50 1324 3416 4001 4214 
1913 883 1092 1346 2579 2507 4215 
1914 851 1227 1228 4216 4217 2280 
1915 950 145 1218 3371 2623 2678 
1916 931 1202 1206 4218 3825 3617 
1917 933 803 1347 1651 4219 2581 
1918 445 866 1253 3660 4209 4220 
1919 720 791 1251 2874 4221 3702 
1920 552 473 1183 3988 4182 4080 
1921 658 655 1264 3869 4222 4049 
1922 1183 645 1319 4163 4223 4224 
1923 674 669 1273 3958 4225 2659 
1924 782 910 1223 3522 2816 3692 
1925 825 1122 1252 3587 4226 1769 
1926 1113 467 1248 2701 4227 2868 
1927 1002 1005 1307 3284 2806 3723 
1928 487 489 1220 3458 4228 4205 
1929 645 476 1186 3977 4197 4175 
1930 1018 1020 1314 3158 3468 3727 
1931 480 482 1189 3836 4169 4229 
1932 1175 874 1337 1831 4230 4231 
1933 447 1282 1327 4074 3811 4232 
1934 1122 935 1252 2379 3589 4226 
1935 637 1179 1214 4193 2135 4213 
1936 791 1131 1251 3921 4233 4221 
1937 655 653 1264 2749 4155 4222 
1938 607 605 1194 3777 4234 4188 
1939 543 480 1189 3967 4229 4235 
1940 454 1147 1307 3798 3953 2805 
1941 1136 867 1236 4236 3725 4153 
1942 9 954 1222 2734 3749 3486 
1943 1145 1117 1313 3814 4036 4237 
1944 40 1268 1320 4191 3384 4238 
1945 583 644 1241 3926 3420 4239 
1946 1131 793 1255 3920 1718 4240 
1947 1229 1101 1242 3728 3894 4070 
1948 1103 875 1297 1690 3451 1577 
1949 876 1111 1295 2405 3386 4165 
1950 985 986 1281 4136 4241 4180 
1951 602 583 1241 3922 4239 2224 
1952 730 727 1336 4242 4141 3801 
1953 886 1119 1283 2753 2567 1742 
1954 851 732 1227 3528 4243 4216 
1955 876 1188 1258 4086 3400 2406 
1956 605 1133 1194 3956 4093 4234 
1957 842 1183 1319 4081 4224 4183 
1958 837 451 985 3546 4135 1705 
1959 39 40 1320 82 4238 3837 
1960 1204 1025 1257 3555 4038 4244 
1961 1034 878 1331 2526 4245 4178 
1962 885 886 1299 3687 3339 4246 
1963 929 928 1291 2814 1393 4095 
1964 489 1149 1220 3658 4134 4228 
1965 1132 422 1330 2764 4247 2388 
1966 446 972 1182 3433 4248 4211 
1967 1233 694 1338 4249 2586 4088 
1968 908 1262 1283 1544 1743 2590 
1969 798 1191 1290 4107 2439 4250 
1970 467 466 1260 3738 4251 4252 
1971 1195 794 1278 4055 4253 4254 
1972 1213 891 1344 1673 4255 4256 
1973 1144 841 1201 4078 4257 1764 
1974 459 1148 1277 3857 4258 3494 
1975 874 899 1337 4019 3450 4230 
1976 920 1114 1303 3730 4184 4259 
1977 47 447 1327 3413 4232 3768 
1978 1081 1083 1112 3233 3895 4260 
1979 667 1124 1273 2630 2052 4261 
1980 700 683 1271 2532 4262 4051 
1981 841 1173 1201 4025 4263 4257 
1982 466 469 1260 3957 4264 4251 
1983 1199 648 1213 4265 3734 4266 
1984 1219 797 1240 4200 4267 4190 
1985 1255 858 1287 2318 4268 4269 
1986 1172 1139 1311 3905 4121 4270 
1987 796 1155 1333 3529 4132 2803 
1988 905 1259 1294 1515 4124 2536 
1989 847 845 1292 3515 4271 3722 
1990 1199 1213 1344 4266 4256 4272 
1991 1174 917 1316 3974 2415 4273 
1992 1148 956 1277 1931 4146 4258 
1993 810 811 1344 3775 4274 4275 
1994 907 1145 1313 3800 4237 2703 
1995 712 1158 1290 4056 4276 4277 
1996 973 1081 1112 2855 4260 4278 
1997 986 1178 1281 3909 4279 4241 
1998 1031 788 1286 4023 4280 2199 
1999 797 1164 1240 4106 2669 4267 
2000 897 940 1325 2558 1799 4281 
2001 931 1187 1202 2565 3337 4218 
2002 1234 419 1284 2187 2842 4156 
2003 626 1195 1278 2697 4254 3646 
2004 1257 1021 1282 4037 4196 4073 
2005 732 728 877 4171 1376 4282 
2006 1118 452 1231 4142 2719 1473 
2007 819 1236 1308 4154 2515 4283 
2008 909 1276 1335 4284 4285 1806 
2009 1158 798 1290 4083 4250 4276 
2010 870 1242 1328 3790 4286 4206 
2011 800 1209 1256 3483 3335 4287 
2012 1030 599 1315 3453 4145 2750 
2013 1338 883 1346 2304 4215 4288 
2014 869 712 1290 4008 4277 2438 
2015 596 1174 1316 4187 4273 4289 
2016 878 719 1331 3852 3854 4245 
2017 761 1172 1311 4189 4270 4290 
2018 884 1338 1346 4089 4288 4291 
2019 764 1177 1294 4151 2720 4292 
2020 802 764 1294 3666 4292 4123 
2021 858 937 1287 3789 1648 4268 
2022 683 754 1271 4084 4293 4262 
2023 1175 932 1322 3633 4294 1532 
2024 1227 848 1228 4143 3382 4217 
2025 818 819 1308 3624 4283 1851 
2026 1126 458 1142 2322 4068 3496 
2027 1131 906 1251 3392 4161 4233 
2028 988 987 1178 4295 4296 2708 
2029 669 667 1273 3744 4261 4225 
2030 1291 431 1313 1726 2396 4035 
2031 811 1199 1344 4067 4272 4274 
2032 697 1159 1349 3696 3843 1900 
2033 803 802 1347 3346 4297 4219 
2034 845 846 1295 4020 4166 4298 
2035 1091 1204 1257 4094 4244 3867 
2036 1260 469 1342 4264 4299 4300 
2037 1173 140 1201 3706 3688 4263 
2038 715 1128 1309 3524 2412 4301 
2039 1143 878 1306 3604 2527 3369 
2040 1292 845 1295 4271 4298 2341 
2041 794 1196 1278 4138 2713 4253 
2042 850 761 1311 4021 4290 1425 
2043 691 1131 1255 3393 4240 4302 
2044 982 920 1303 3949 4259 3650 
2045 598 596 1316 4024 4289 3942 
2046 1276 813 1335 1961 4186 4285 
2047 1256 860 1312 4203 1895 4303 
2048 939 933 1323 3506 4120 4168 
2049 1122 978 1341 3586 3540 3877 
2050 1192 421 1304 2834 3684 3473 
2051 843 967 1305 3863 4061 4212 
2052 890 1051 1225 4199 4102 4160 
2053 909 1274 1276 2399 4304 4284 
2054 1237 916 1321 4062 2146 4305 
2055 423 1245 1298 2065 4111 3592 
2056 1199 1146 1318 4066 4306 4307 
2057 1248 467 1260 4227 4252 4308 
2058 1233 897 1325 4170 4281 4309 
2059 1123 461 1324 1950 4214 4310 
2060 696 1237 1321 2633 4305 3932 
2061 867 1136 1300 4236 4311 1863 
2062 645 1187 1319 4176 3367 4223 
2063 1242 644 1328 3421 4312 4286 
2064 900 1130 1329 4058 4082 4313 
2065 1209 936 1343 3482 3914 2722 
2066 972 1082 1182 3443 3570 4248 
2067 891 810 1344 3943 4275 4255 
2068 882 1203 1302 1663 3829 2034 
2069 1245 885 1299 2064 4246 3531 
2070 422 1207 1330 1767 1959 4247 
2071 433 1229 1339 4064 4071 4039 
2072 469 471 1342 4007 4043 4299 
2073 1065 445 1253 1789 4220 2684 
2074 1169 715 1296 4167 4314 1988 
2075 1027 1152 1326 1665 4315 4119 
2076 1136 682 1300 2114 3893 4311 
2077 788 1154 1286 3995 4316 4280 
2078 1154 695 1286 4027 3896 4316 
2079 759 774 1288 4317 2329 3541 
2080 94 1123 1324 3804 4310 4097 
2081 915 1260 1342 4318 4300 1719 
2082 726 727 729 3259 4319 4320 
2083 1146 911 1318 3897 1971 4306 
2084 1138 901 1317 4077 1637 3750 
2085 1246 840 1301 4129 4321 2513 
2086 849 1227 1348 4144 4322 4087 
2087 1198 868 1350 3817 3904 3562 
2088 1274 420 1276 4147 2714 4304 
2089 754 1270 1271 4108 4323 4293 
2090 1226 729 1293 2559 4324 4325 
2091 932 1197 1322 2763 4028 4294 
2092 1184 900 1329 4185 4313 3649 
2093 802 1259 1347 4122 3368 4297 
2094 1152 98 1326 4005 4105 4315 
2095 418 1175 1337 3634 4231 3588 
2096 1296 715 1309 4314 4301 4326 
2097 691 1255 1287 4302 4269 2271 
2098 694 1233 1325 4249 4309 2642 
2099 1127 747 1232 3679 4003 4201 
2100 729 727 730 4319 4242 4327 
2101 1272 844 1332 3864 2334 4157 
2102 1178 987 1281 4296 4328 4279 
2103 648 1199 1318 4265 4307 2847 
2104 563 987 988 3572 4295 2459 
2105 800 1256 1312 4287 4303 4031 
2106 1176 938 1333 3503 2804 4204 
2107 987 756 1281 3573 4181 4328 
2108 1202 543 1345 2879 4329 3826 
2109 759 773 774 3091 4330 4317 
2110 1272 298 1302 4091 2392 3865 
2111 1235 884 1346 4195 4291 2100 
2112 644 1166 1328 4075 4331 4312 
2113 915 1248 1260 3454 4308 4318 
2114 947 1226 1293 3625 4325 3695 
2115 1166 806 1328 4152 4207 4331 
2116 890 1112 1205 4332 2311 3911 
2117 543 1189 1345 4235 3714 4329 
2118 774 773 1232 4330 4202 4053 
2119 1301 840 1349 4321 1435 3474 
2120 919 1296 1309 3628 4326 3821 
2121 732 877 1348 4282 2747 4333 
2122 729 730 1293 4327 1612 4324 
2123 1270 1033 1271 3567 4052 4323 
2124 1227 732 1348 4243 4333 4322 
2125 748 1052 1053 3101 4334 1368 
2126 1052 760 1053 2971 4172 4334 
2127 889 785 890 4335 4198 3910 
2128 890 973 1112 4159 4278 4332 
2129 784 785 889 3103 4335 1596 
2130 1047 1042 1253 3175 2687 2681 
2131 562 566 987 3191 3574 3571 
2132 1077 1073 1182 3216 3501 3569 
2133 446 1074 1104 4210 4336 1569 
2134 457 963 964 1512 3127 1385 
2135 728 726 729 3257 4320 1374 
2136 730 961 1156 2301 1507 1884 
2137 754 907 1185 3608 2702 1445 
2138 756 779 985 3147 1706 4179 
2139 837 779 963 1704 3141 1511 
2140 859 975 1059 4337 3093 1688 
2141 975 859 1065 4337 1790 3199 
2142 1067 866 1084 4208 4338 4339 
2143 1084 866 1085 4338 1536 2985 
2144 964 966 1085 3122 3156 1386 
2145 1074 993 1104 2726 2266 4336 
2146 1066 1067 1084 3154 4339 3235 
2 1 10 144
2147 8 371 335 250 4340 4341 4342 258 4343 
2148 371 372 336 335 4344 4345 4346 4341 4347 
2149 372 373 337 336 4348 4349 4350 4345 4351 
2150 373 374 338 337 4352 1994 4353 4349 4354 
2151 250 335 339 251 4342 4355 4356 259 4357 
2152 335 336 340 339 4346 4358 4359 4355 4360 
2153 336 337 341 340 4350 4361 4362 4358 4363 
2154 337 338 342 341 4353 2473 4364 4361 4365 
2155 251 339 343 252 4356 4366 4367 260 4368 
2156 339 340 344 343 4359 4369 4370 4366 4371 
2157 340 341 345 344 4362 4372 4373 4369 4374 
2158 341 342 346 345 4364 2024 4375 4372 4376 
2159 252 343 347 253 4367 4377 4378 261 4379 
2160 343 344 348 347 4370 4380 4381 4377 4382 
2161 344 345 349 348 4373 4383 4384 4380 4385 
2162 345 346 350 349 4375 2484 4386 4383 4387 
2163 253 347 351 254 4378 4388 4389 262 4390 
2164 347 348 352 351 4381 4391 4392 4388 4393 
2165 348 349 353 352 4384 4394 4395 4391 4396 
2166 349 350 354 353 4386 2008 4397 4394 4398 
2167 254 351 355 255 4389 4399 4400 263 4401 
2168 351 352 356 355 4392 4402 4403 4399 4404 
2169 352 353 357 356 4395 4405 4406 4402 4407 
2170 353 354 358 357 4397 2479 4408 4405 4409 
2171 255 355 359 256 4400 4410 4411 264 4412 
2172 355 356 360 359 4403 4413 4414 4410 4415 
2173 356 357 361 360 4406 4416 4417 4413 4418 
2174 357 358 362 361 4408 4137 4419 4416 4420 
2175 256 359 363 257 4411 4421 4422 265 4423 
2176 359 360 364 363 4414 4424 4425 4421 4426 
2177 360 361 365 364 4417 4427 4428 4424 4429 
2178 361 362 366 365 4419 2010 4430 4427 4431 
2179 257 363 375 5 4422 4432 4433 266 4434 
2180 363 364 376 375 4425 4435 4436 4432 4437 
2181 364 365 377 376 4428 4438 4439 4435 4440 
2182 365 366 378 377 4430 2489 4441 4438 4442 
2183 7 367 303 233 4443 4444 4445 241 4446 
2184 367 368 304 303 4447 4448 4449 4444 4450 
2185 368 369 305 304 4451 4452 4453 4448 4454 
2186 369 370 306 305 4455 4118 4456 4452 4457 
2187 233 303 307 234 4445 4458 4459 242 4460 
2188 303 304 308 307 4449 4461 4462 4458 4463 
2189 304 305 309 308 4453 4464 4465 4461 4466 
2190 305 306 310 309 4456 1992 4467 4464 4468 
2191 234 307 311 235 4459 4469 4470 243 4471 
2192 307 308 312 311 4462 4472 4473 4469 4474 
2193 308 309 313 312 4465 4475 4476 4472 4477 
2194 309 310 314 313 4467 2482 4478 4475 4479 
2195 235 311 315 236 4470 4480 4481 244 4482 
2196 311 312 316 315 4473 4483 4484 4480 4485 
2197 312 313 317 316 4476 4486 4487 4483 4488 
2198 313 314 318 317 4478 2012 4489 4486 4490 
2199 236 315 319 237 4481 4491 4492 245 4493 
2200 315 316 320 319 4484 4494 4495 4491 4496 
2201 316 317 321 320 4487 4497 4498 4494 4499 
2202 317 318 322 321 4489 2486 4500 4497 4501 
2203 237 319 323 238 4492 4502 4503 246 4504 
2204 319 320 324 323 4495 4505 4506 4502 4507 
2205 320 321 325 324 4498 4508 4509 4505 4510 
2206 321 322 326 325 4500 2017 4511 4508 4512 
2207 238 323 327 239 4503 4513 4514 247 4515 
2208 323 324 328 327 4506 4516 4517 4513 4518 
2209 324 325 329 328 4509 4519 4520 4516 4521 
2210 325 326 330 329 4511 2481 4522 4519 4523 
2211 239 327 331 240 4514 4524 4525 248 4526 
2212 327 328 332 331 4517 4527 4528 4524 4529 
2213 328 329 333 332 4520 4530 4531 4527 4532 
2214 329 330 334 333 4522 1998 4533 4530 4534 
2215 240 331 371 8 4525 4535 4340 249 4536 
2216 331 332 372 371 4528 4537 4344 4535 4538 
2217 332 333 373 372 4531 4539 4348 4537 4540 
2218 333 334 374 373 4533 2471 4352 4539 4541 
2219 6 379 271 216 4542 4543 4544 224 4545 
2220 379 380 272 271 4546 4547 4548 4543 4549 
2221 380 381 273 272 4550 4551 4552 4547 4553 
2222 381 382 274 273 4554 2077 4555 4551 4556 
2223 216 271 275 217 4544 4557 4558 225 4559 
2224 271 272 276 275 4548 4560 4561 4557 4562 
2225 272 273 277 276 4552 4563 4564 4560 4565 
2226 273 274 278 277 4555 2472 4566 4563 4567 
2227 217 275 279 218 4558 4568 4569 226 4570 
2228 275 276 280 279 4561 4571 4572 4568 4573 
2229 276 277 281 280 4564 4574 4575 4571 4576 
2230 277 278 282 281 4566 2021 4577 4574 4578 
2231 218 279 283 219 4569 4579 4580 227 4581 
2232 279 280 284 283 4572 4582 4583 4579 4584 
2233 280 281 285 284 4575 4585 4586 4582 4587 
2234 281 282 286 285 4577 2477 4588 4585 4589 
2235 219 283 287 220 4580 4590 4591 228 4592 
2236 283 284 288 287 4583 4593 4594 4590 4595 
2237 284 285 289 288 4586 4596 4597 4593 4598 
2238 285 286 290 289 4588 2004 4599 4596 4600 
2239 220 287 291 221 4591 4601 4602 229 4603 
2240 287 288 292 291 4594 4604 4605 4601 4606 
2241 288 289 293 292 4597 4607 4608 4604 4609 
2242 289 290 294 293 4599 2490 4610 4607 4611 
2243 221 291 295 222 4602 4612 4613 230 4614 
2244 291 292 296 295 4605 4615 4616 4612 4617 
2245 292 293 297 296 4608 4618 4619 4615 4620 
2246 293 294 298 297 4610 2391 4621 4618 4622 
2247 222 295 299 223 4613 4623 4624 231 4625 
2248 295 296 300 299 4616 4626 4627 4623 4628 
2249 296 297 301 300 4619 4629 4630 4626 4631 
2250 297 298 302 301 4621 4090 4632 4629 4633 
2251 223 299 367 7 4624 4634 4443 232 4635 
2252 299 300 368 367 4627 4636 4447 4634 4637 
2253 300 301 369 368 4630 4638 4451 4636 4639 
2254 301 302 370 369 4632 2468 4455 4638 4640 
2255 5 375 383 199 4433 4641 4642 207 4643 
2256 375 376 384 383 4436 4644 4645 4641 4646 
2257 376 377 385 384 4439 4647 4648 4644 4649 
2258 377 378 386 385 4441 1659 4650 4647 4651 
2259 199 383 387 200 4642 4652 4653 208 4654 
2260 383 384 388 387 4645 4655 4656 4652 4657 
2261 384 385 389 388 4648 4658 4659 4655 4660 
2262 385 386 390 389 4650 2002 4661 4658 4662 
2263 200 387 391 201 4653 4663 4664 209 4665 
2264 387 388 392 391 4656 4666 4667 4663 4668 
2265 388 389 393 392 4659 4669 4670 4666 4671 
2266 389 390 394 393 4661 2483 4672 4669 4673 
2267 201 391 395 202 4664 4674 4675 210 4676 
2268 391 392 396 395 4667 4677 4678 4674 4679 
2269 392 393 397 396 4670 4680 4681 4677 4682 
2270 393 394 398 397 4672 2006 4683 4680 4684 
2271 202 395 399 203 4675 4685 4686 211 4687 
2272 395 396 400 399 4678 4688 4689 4685 4690 
2273 396 397 401 400 4681 4691 4692 4688 4693 
2274 397 398 402 401 4683 2487 4694 4691 4695 
2275 203 399 403 204 4686 4696 4697 212 4698 
2276 399 400 404 403 4689 4699 4700 4696 4701 
2277 400 401 405 404 4692 4702 4703 4699 4704 
2278 401 402 406 405 4694 2014 4705 4702 4706 
2279 204 403 407 205 4697 4707 4708 213 4709 
2280 403 404 408 407 4700 4710 4711 4707 4712 
2281 404 405 409 408 4703 4713 4714 4710 4715 
2282 405 406 410 409 4705 2475 4716 4713 4717 
2283 205 407 267 206 4708 4718 4719 214 4720 
2284 407 408 268 267 4711 4721 4722 4718 4723 
2285 408 409 269 268 4714 4724 4725 4721 4726 
2286 409 410 270 269 4716 1996 4727 4724 4728 
2287 206 267 379 6 4719 4729 4542 215 4730 
2288 267 268 380 379 4722 4731 4546 4729 4732 
2289 268 269 381 380 4725 4733 4550 4731 4734 
2290 269 270 382 381 4727 2466 4554 4733 4735 
$EndElements
