$MeshFormat
4.1 0 8
$EndMeshFormat
$PhysicalNames
6
1 1 "inlet"
1 2 "outlet"
1 3 "top"
1 4 "symmetry"
1 5 "plate"
2 6 "fluid"
$EndPhysicalNames
$Entities
6 6 1 0
1 -0.25 0 0 0 
2 0 0 0 0 
3 1 0 0 0 
4 1.5 0 0 0 
5 1.5 0.5 0 0 
6 -0.25 0.5 0 0 
1 -0.25 0 0 0 0 0 1 4 2 1 -2 
2 0 0 0 1 0 0 1 5 2 2 -3 
3 1 0 0 1.5 0 0 1 4 2 3 -4 
4 1.5 0 0 1.5 0.5 0 1 2 2 4 -5 
5 -0.25 0.5 0 1.5 0.5 0 1 3 2 5 -6 
6 -0.25 0 0 -0.25 0.5 0 1 1 2 6 -1 
1 -0.25 0 0 1.5 0.5 0 1 6 6 1 2 3 4 5 6 
$EndEntities
$Nodes
13 13159 1 13159
0 1 0 1
1
-0.25 0 0
0 2 0 1
2
0 0 0
0 3 0 1
3
1 0 0
0 4 0 1
4
1.5 0 0
0 5 0 1
5
1.5 0.5 0
0 6 0 1
6
-0.25 0.5 0
1 1 0 55
7
8
9
10
11
12
13
14
15
16
17
18
19
20
21
22
23
24
25
26
27
28
29
30
31
32
33
34
35
36
37
38
39
40
41
42
43
44
45
46
47
48
49
50
51
52
53
54
55
56
57
58
59
60
61
-0.205121146897212 0 0
-0.1682663165310893 0 0
-0.1380008725676412 0 0
-0.1131466827175859 0 0
-0.09273624458246305 0 0
-0.07597505242589378 0 0
-0.06221064450172933 0 0
-0.05090721516709684 0 0
-0.04162476083885072 0 0
-0.03400194543156487 0 0
-0.02774203549098314 0 0
-0.02260135399959573 0 0
-0.01837979033221421 0 0
-0.01491301329767861 0 0
-0.01206607124383252 0 0
-0.009728142884487839 0 0
-0.007808219762860918 0 0
-0.006231565691041829 0 0
-0.004936806053772919 0 0
-0.003873540528014335 0 0
-0.003000379467066744 0 0
-0.00228333357447541 0 0
-0.00169449040950187 0 0
-0.001210928339199058 0 0
-0.0008138238088392646 0 0
-0.0004877187365289193 0 0
-0.0002199190147773589 0 0
-0.2275605734485757 0 0
-0.1866937317141683 0 0
-0.1531335945493672 0 0
-0.1255737776426471 0 0
-0.1029414636500245 0 0
-0.08435564850417843 0 0
-0.06909284846381156 0 0
-0.05655892983441307 0 0
-0.04626598800297377 0 0
-0.03781335313520781 0 0
-0.03087199046127401 0 0
-0.02517169474528944 0 0
-0.02049057216590497 0 0
-0.01664640181494642 0 0
-0.01348954227075555 0 0
-0.01089710706416019 0 0
-0.008768181323674379 0 0
-0.007019892726951388 0 0
-0.005584185872407388 0 0
-0.004405173290893627 0 0
-0.00343695999754054 0 0
-0.002641856520771063 0 0
-0.00198891199198864 0 0
-0.001452709374350464 0 0
-0.001012376074019161 0 0
-0.000650771272684092 0 0
-0.0003538188756531391 0 0
-0.0001099595073886794 0 0
1 2 0 173
62
63
64
65
66
67
68
69
70
71
72
73
74
75
76
77
78
79
80
81
82
83
84
85
86
87
88
89
90
91
92
93
94
95
96
97
98
99
100
101
102
103
104
105
106
107
108
109
110
111
112
113
114
115
116
117
118
119
120
121
122
123
124
125
126
127
128
129
130
131
132
133
134
135
136
137
138
139
140
141
142
143
144
145
146
147
148
149
150
151
152
153
154
155
156
157
158
159
160
161
162
163
164
165
166
167
168
169
170
171
172
173
174
175
176
177
178
179
180
181
182
183
184
185
186
187
188
189
190
191
192
193
194
195
196
197
198
199
200
201
202
203
204
205
206
207
208
209
210
211
212
213
214
215
216
217
218
219
220
221
222
223
224
225
226
227
228
229
230
231
232
233
234
0.0002198210445512 0 0
0.0004874801868621079 0 0
0.0008133880519332217 0 0
0.001210220880419001 0 0
0.001693413660203942 0 0
0.002281760263134142 0 0
0.002998144332975158 0 0
0.003870430053487213 0 0
0.004932545009102346 0 0
0.006225800500070907 0 0
0.007800497917807923 0 0
0.009717885479286283 0 0
0.01205254026866991 0 0
0.01489526948128156 0 0
0.01835664082989833 0 0
0.02257128635043492 0 0
0.02770313531421807 0 0
0.03395179009848695 0 0
0.04156029629315559 0 0
0.05082458652535192 0 0
0.06210499796367409 0 0
0.07584028486937476 0 0
0.09256468360769254 0 0
0.1121657463691524 0 0
0.1320546824526921 0 0
0.1519436185362144 0 0
0.1718325546197365 0 0
0.1917214907032586 0 0
0.2116104267867806 0 0
0.2314993628703028 0 0
0.2513882989538248 0 0
0.2712772350373469 0 0
0.291166171120869 0 0
0.311055107204391 0 0
0.3309440432879132 0 0
0.3508329793714351 0 0
0.3707219154549573 0 0
0.3906108515384794 0 0
0.4104997876220014 0 0
0.4303887237055236 0 0
0.4502776597890455 0 0
0.4701665958725677 0 0
0.4900555319560898 0 0
0.509944468039667 0 0
0.5298334041232995 0 0
0.5497223402069318 0 0
0.5696112762905643 0 0
0.5895002123741966 0 0
0.6093891484578291 0 0
0.6292780845414616 0 0
0.6491670206250939 0 0
0.6690559567087264 0 0
0.6889448927923587 0 0
0.7088338288759912 0 0
0.7287227649596237 0 0
0.748611701043256 0 0
0.7685006371268885 0 0
0.7883895732105208 0 0
0.8082785092941533 0 0
0.8281674453777857 0 0
0.8480563814614182 0 0
0.8679453175450507 0 0
0.887834253628683 0 0
0.9074353163903783 0 0
0.9241597151291044 0 0
0.9378950020351312 0 0
0.9491754134737164 0 0
0.9584397037061202 0 0
0.9660482099009511 0 0
0.9722968646853466 0 0
0.9774287136492281 0 0
0.9816433591698422 0 0
0.9851047305185197 0 0
0.9879474597311783 0 0
0.9902821145205986 0 0
0.9921995020821054 0 0
0.9937741994998642 0 0
0.9950674549908498 0 0
0.9961295699464777 0 0
0.9970018556669997 0 0
0.9977182397368483 0 0
0.9983065863397841 0 0
0.9987897791195731 0 0
0.9991866119480619 0 0
0.9995125198131353 0 0
0.9997801789554477 0 0
0.0001099105222756 0 0
0.000353650615706654 0 0
0.0006504341193976648 0 0
0.001011804466176111 0 0
0.001451817270311472 0 0
0.001987586961669042 0 0
0.00263995229805465 0 0
0.003434287193231185 0 0
0.004401487531294779 0 0
0.005579172754586626 0 0
0.007013149208939414 0 0
0.008759191698547103 0 0
0.0108852128739781 0 0
0.01347390487497574 0 0
0.01662595515558994 0 0
0.02046396359016663 0 0
0.0251372108323265 0 0
0.03082746270635299 0 0
0.03775604319582127 0 0
0.04619244140925376 0 0
0.05646479224451301 0 0
0.06897264141652434 0 0
0.08420248423853365 0 0
0.1023652149884225 0 0
0.1221102144109267 0 0
0.1419991504944532 0 0
0.1618880865779754 0 0
0.1817770226614975 0 0
0.2016659587450196 0 0
0.2215548948285417 0 0
0.2414438309120638 0 0
0.2613327669955859 0 0
0.281221703079108 0 0
0.30111063916263 0 0
0.3209995752461521 0 0
0.3408885113296741 0 0
0.3607774474131962 0 0
0.3806663834967184 0 0
0.4005553195802404 0 0
0.4204442556637625 0 0
0.4403331917472845 0 0
0.4602221278308066 0 0
0.4801110639143288 0 0
0.4999999999978508 0 0
0.5198889360814832 0 0
0.5397778721651156 0 0
0.559666808248748 0 0
0.5795557443323804 0 0
0.5994446804160128 0 0
0.6193336164996454 0 0
0.6392225525832778 0 0
0.6591114886669102 0 0
0.6790004247505426 0 0
0.698889360834175 0 0
0.7187782969178075 0 0
0.7386672330014399 0 0
0.7585561690850723 0 0
0.7784451051687047 0 0
0.7983340412523371 0 0
0.8182229773359695 0 0
0.838111913419602 0 0
0.8580008495032344 0 0
0.8778897855868668 0 0
0.8976347850095306 0 0
0.9157975157597413 0 0
0.9310273585821178 0 0
0.9435352077544238 0 0
0.9538075585899183 0 0
0.9622439568035357 0 0
0.9691725372931488 0 0
0.9748627891672874 0 0
0.9795360364095351 0 0
0.9833740448441809 0 0
0.9865260951248489 0 0
0.9891147871258884 0 0
0.991240808301352 0 0
0.9929868507909848 0 0
0.994420827245357 0 0
0.9955985124686637 0 0
0.9965657128067387 0 0
0.997360047701924 0 0
0.9980124130383161 0 0
0.9985481827296786 0 0
0.9989881955338176 0 0
0.9993495658805986 0 0
0.9996463493842914 0 0
0.9998900894777238 0 0
1 3 0 63
235
236
237
238
239
240
241
242
243
244
245
246
247
248
249
250
251
252
253
254
255
256
257
258
259
260
261
262
263
264
265
266
267
268
269
270
271
272
273
274
275
276
277
278
279
280
281
282
283
284
285
286
287
288
289
290
291
292
293
294
295
296
297
1.000216204319497 0 0
1.000478685460248 0 0
1.000797348679628 0 0
1.001184219298862 0 0
1.001653896549179 0 0
1.002224104579561 0 0
1.002916361207999 0 0
1.003756790110529 0 0
1.004777106210366 0 0
1.006015813006623 0 0
1.007519655603738 0 0
1.009345383853562 0 0
1.011561895148585 0 0
1.014252833678465 0 0
1.01751974667474 0 0
1.021485916848336 0 0
1.026301015948772 0 0
1.032146748371364 0 0
1.0392437147194 0 0
1.047859732487137 0 0
1.058319941216497 0 0
1.071019077687372 0 0
1.08643636574311 0 0
1.105153605757847 0 0
1.127877123296172 0 0
1.155464434541958 0 0
1.18895659671179 0 0
1.22961749621274 0 0
1.278981551993733 0 0
1.338911594035385 0 0
1.411669199033173 0 0
1.000108102159749 0 0
1.000347444889872 0 0
1.000638017069939 0 0
1.000990783989245 0 0
1.00141905792402 0 0
1.001939000564369 0 0
1.00257023289378 0 0
1.003336575659264 0 0
1.004266948160448 0 0
1.005396459608495 0 0
1.006767734305176 0 0
1.00843251972865 0 0
1.010453639501073 0 0
1.012907364413533 0 0
1.015886290176605 0 0
1.019502831761538 0 0
1.023893466398554 0 0
1.029223882160069 0 0
1.035695231545388 0 0
1.043551723603269 0 0
1.053089836851817 0 0
1.064669509451933 0 0
1.078727721715248 0 0
1.095794985750464 0 0
1.116515364527045 0 0
1.141670778919048 0 0
1.172210515626849 0 0
1.209287046462304 0 0
1.254299524103188 0 0
1.308946573014482 0 0
1.375290396534334 0 0
1.45583459951657 0 0
1 4 0 9
298
299
300
301
302
303
304
305
306
1.5 0.09972671612928809 0
1.5 0.1997950370966193 0
1.5 0.2998633580642272 0
1.5 0.3999316790321136 0
1.5 0.04986335806466291 0
1.5 0.1497608766129537 0
1.5 0.2498291975802844 0
1.5 0.3498975185481704 0
1.5 0.4499658395160568 0
1 5 0 35
307
308
309
310
311
312
313
314
315
316
317
318
319
320
321
322
323
324
325
326
327
328
329
330
331
332
333
334
335
336
337
338
339
340
341
1.402701865522021 0.5 0
1.305403731044042 0.5 0
1.208105596566063 0.5 0
1.110807462088084 0.5 0
1.013741851652232 0.5 0
0.9168944034162935 0.5 0
0.8195962689383145 0.5 0
0.7222981344603355 0.5 0
0.6249999999823348 0.5 0
0.5277018655037606 0.5 0
0.4304037310255751 0.5 0
0.3331055965475964 0.5 0
0.2358074620696173 0.5 0
0.1385093275916383 0.5 0
0.04126699126561162 0.5 0
-0.05541195352473238 0.5 0
-0.1527018655220211 0.5 0
1.451350932760993 0.5 0
1.354052798283076 0.5 0
1.256754663804999 0.5 0
1.159456529327053 0.5 0
1.062274656870158 0.5 0
0.9653181275342548 0.5 0
0.868245336177309 0.5 0
0.7709472016993389 0.5 0
0.673649067221341 0.5 0
0.5763509327430452 0.5 0
0.4790527982646531 0.5 0
0.3817546637866782 0.5 0
0.2844565293085697 0.5 0
0.1871583948306599 0.5 0
0.08988815942866246 0.5 0
-0.007072481129500208 0.5 0
-0.1040569095233768 0.5 0
-0.2013509327610481 0.5 0
1 6 0 15
342
343
344
345
346
347
348
349
350
351
352
353
354
355
356
-0.25 0.4094526860851964 0
-0.25 0.3288339563257705 0
-0.25 0.2590051960076979 0
-0.25 0.1976781669849597 0
-0.25 0.1428421468817946 0
-0.25 0.09269811099835679 0
-0.25 0.04559979731433705 0
-0.25 0.4547263430426109 0
-0.25 0.3691433212054941 0
-0.25 0.2939195761666467 0
-0.25 0.2283416814963545 0
-0.25 0.1702601569333771 0
-0.25 0.1177701289400757 0
-0.25 0.06914895415634692 0
-0.25 0.02279989865716853 0
2 1 0 12803
357
358
359
360
361
362
363
364
365
366
367
368
369
370
371
372
373
374
375
376
377
378
379
380
381
382
383
384
385
386
387
388
389
390
391
392
393
394
395
396
397
398
399
400
401
402
403
404
405
406
407
408
409
410
411
412
413
414
415
416
417
418
419
420
421
422
423
424
425
426
427
428
429
430
431
432
433
434
435
436
437
438
439
440
441
442
443
444
445
446
447
448
449
450
451
452
453
454
455
456
457
458
459
460
461
462
463
464
465
466
467
468
469
470
471
472
473
474
475
476
477
478
479
480
481
482
483
484
485
486
487
488
489
490
491
492
493
494
495
496
497
498
499
500
501
502
503
504
505
506
507
508
509
510
511
512
513
514
515
516
517
518
519
520
521
522
523
524
525
526
527
528
529
530
531
532
533
534
535
536
537
538
539
540
541
542
543
544
545
546
547
548
549
550
551
552
553
554
555
556
557
558
559
560
561
562
563
564
565
566
567
568
569
570
571
572
573
574
575
576
577
578
579
580
581
582
583
584
585
586
587
588
589
590
591
592
593
594
595
596
597
598
599
600
601
602
603
604
605
606
607
608
609
610
611
612
613
614
615
616
617
618
619
620
621
622
623
624
625
626
627
628
629
630
631
632
633
634
635
636
637
638
639
640
641
642
643
644
645
646
647
648
649
650
651
652
653
654
655
656
657
658
659
660
661
662
663
664
665
666
667
668
669
670
671
672
673
674
675
676
677
678
679
680
681
682
683
684
685
686
687
688
689
690
691
692
693
694
695
696
697
698
699
700
701
702
703
704
705
706
707
708
709
710
711
712
713
714
715
716
717
718
719
720
721
722
723
724
725
726
727
728
729
730
731
732
733
734
735
736
737
738
739
740
741
742
743
744
745
746
747
748
749
750
751
752
753
754
755
756
757
758
759
760
761
762
763
764
765
766
767
768
769
770
771
772
773
774
775
776
777
778
779
780
781
782
783
784
785
786
787
788
789
790
791
792
793
794
795
796
797
798
799
800
801
802
803
804
805
806
807
808
809
810
811
812
813
814
815
816
817
818
819
820
821
822
823
824
825
826
827
828
829
830
831
832
833
834
835
836
837
838
839
840
841
842
843
844
845
846
847
848
849
850
851
852
853
854
855
856
857
858
859
860
861
862
863
864
865
866
867
868
869
870
871
872
873
874
875
876
877
878
879
880
881
882
883
884
885
886
887
888
889
890
891
892
893
894
895
896
897
898
899
900
901
902
903
904
905
906
907
908
909
910
911
912
913
914
915
916
917
918
919
920
921
922
923
924
925
926
927
928
929
930
931
932
933
934
935
936
937
938
939
940
941
942
943
944
945
946
947
948
949
950
951
952
953
954
955
956
957
958
959
960
961
962
963
964
965
966
967
968
969
970
971
972
973
974
975
976
977
978
979
980
981
982
983
984
985
986
987
988
989
990
991
992
993
994
995
996
997
998
999
1000
1001
1002
1003
1004
1005
1006
1007
1008
1009
1010
1011
1012
1013
1014
1015
1016
1017
1018
1019
1020
1021
1022
1023
1024
1025
1026
1027
1028
1029
1030
1031
1032
1033
1034
1035
1036
1037
1038
1039
1040
1041
1042
1043
1044
1045
1046
1047
1048
1049
1050
1051
1052
1053
1054
1055
1056
1057
1058
1059
1060
1061
1062
1063
1064
1065
1066
1067
1068
1069
1070
1071
1072
1073
1074
1075
1076
1077
1078
1079
1080
1081
1082
1083
1084
1085
1086
1087
1088
1089
1090
1091
1092
1093
1094
1095
1096
1097
1098
1099
1100
1101
1102
1103
1104
1105
1106
1107
1108
1109
1110
1111
1112
1113
1114
1115
1116
1117
1118
1119
1120
1121
1122
1123
1124
1125
1126
1127
1128
1129
1130
1131
1132
1133
1134
1135
1136
1137
1138
1139
1140
1141
1142
1143
1144
1145
1146
1147
1148
1149
1150
1151
1152
1153
1154
1155
1156
1157
1158
1159
1160
1161
1162
1163
1164
1165
1166
1167
1168
1169
1170
1171
1172
1173
1174
1175
1176
1177
1178
1179
1180
1181
1182
1183
1184
1185
1186
1187
1188
1189
1190
1191
1192
1193
1194
1195
1196
1197
1198
1199
1200
1201
1202
1203
1204
1205
1206
1207
1208
1209
1210
1211
1212
1213
1214
1215
1216
1217
1218
1219
1220
1221
1222
1223
1224
1225
1226
1227
1228
1229
1230
1231
1232
1233
1234
1235
1236
1237
1238
1239
1240
1241
1242
1243
1244
1245
1246
1247
1248
1249
1250
1251
1252
1253
1254
1255
1256
1257
1258
1259
1260
1261
1262
1263
1264
1265
1266
1267
1268
1269
1270
1271
1272
1273
1274
1275
1276
1277
1278
1279
1280
1281
1282
1283
1284
1285
1286
1287
1288
1289
1290
1291
1292
1293
1294
1295
1296
1297
1298
1299
1300
1301
1302
1303
1304
1305
1306
1307
1308
1309
1310
1311
1312
1313
1314
1315
1316
1317
1318
1319
1320
1321
1322
1323
1324
1325
1326
1327
1328
1329
1330
1331
1332
1333
1334
1335
1336
1337
1338
1339
1340
1341
1342
1343
1344
1345
1346
1347
1348
1349
1350
1351
1352
1353
1354
1355
1356
1357
1358
1359
1360
1361
1362
1363
1364
1365
1366
1367
1368
1369
1370
1371
1372
1373
1374
1375
1376
1377
1378
1379
1380
1381
1382
1383
1384
1385
1386
1387
1388
1389
1390
1391
1392
1393
1394
1395
1396
1397
1398
1399
1400
1401
1402
1403
1404
1405
1406
1407
1408
1409
1410
1411
1412
1413
1414
1415
1416
1417
1418
1419
1420
1421
1422
1423
1424
1425
1426
1427
1428
1429
1430
1431
1432
1433
1434
1435
1436
1437
1438
1439
1440
1441
1442
1443
1444
1445
1446
1447
1448
1449
1450
1451
1452
1453
1454
1455
1456
1457
1458
1459
1460
1461
1462
1463
1464
1465
1466
1467
1468
1469
1470
1471
1472
1473
1474
1475
1476
1477
1478
1479
1480
1481
1482
1483
1484
1485
1486
1487
1488
1489
1490
1491
1492
1493
1494
1495
1496
1497
1498
1499
1500
1501
1502
1503
1504
1505
1506
1507
1508
1509
1510
1511
1512
1513
1514
1515
1516
1517
1518
1519
1520
1521
1522
1523
1524
1525
1526
1527
1528
1529
1530
1531
1532
1533
1534
1535
1536
1537
1538
1539
1540
1541
1542
1543
1544
1545
1546
1547
1548
1549
1550
1551
1552
1553
1554
1555
1556
1557
1558
1559
1560
1561
1562
1563
1564
1565
1566
1567
1568
1569
1570
1571
1572
1573
1574
1575
1576
1577
1578
1579
1580
1581
1582
1583
1584
1585
1586
1587
1588
1589
1590
1591
1592
1593
1594
1595
1596
1597
1598
1599
1600
1601
1602
1603
1604
1605
1606
1607
1608
1609
1610
1611
1612
1613
1614
1615
1616
1617
1618
1619
1620
1621
1622
1623
1624
1625
1626
1627
1628
1629
1630
1631
1632
1633
1634
1635
1636
1637
1638
1639
1640
1641
1642
1643
1644
1645
1646
1647
1648
1649
1650
1651
1652
1653
1654
1655
1656
1657
1658
1659
1660
1661
1662
1663
1664
1665
1666
1667
1668
1669
1670
1671
1672
1673
1674
1675
1676
1677
1678
1679
1680
1681
1682
1683
1684
1685
1686
1687
1688
1689
1690
1691
1692
1693
1694
1695
1696
1697
1698
1699
1700
1701
1702
1703
1704
1705
1706
1707
1708
1709
1710
1711
1712
1713
1714
1715
1716
1717
1718
1719
1720
1721
1722
1723
1724
1725
1726
1727
1728
1729
1730
1731
1732
1733
1734
1735
1736
1737
1738
1739
1740
1741
1742
1743
1744
1745
1746
1747
1748
1749
1750
1751
1752
1753
1754
1755
1756
1757
1758
1759
1760
1761
1762
1763
1764
1765
1766
1767
1768
1769
1770
1771
1772
1773
1774
1775
1776
1777
1778
1779
1780
1781
1782
1783
1784
1785
1786
1787
1788
1789
1790
1791
1792
1793
1794
1795
1796
1797
1798
1799
1800
1801
1802
1803
1804
1805
1806
1807
1808
1809
1810
1811
1812
1813
1814
1815
1816
1817
1818
1819
1820
1821
1822
1823
1824
1825
1826
1827
1828
1829
1830
1831
1832
1833
1834
1835
1836
1837
1838
1839
1840
1841
1842
1843
1844
1845
1846
1847
1848
1849
1850
1851
1852
1853
1854
1855
1856
1857
1858
1859
1860
1861
1862
1863
1864
1865
1866
1867
1868
1869
1870
1871
1872
1873
1874
1875
1876
1877
1878
1879
1880
1881
1882
1883
1884
1885
1886
1887
1888
1889
1890
1891
1892
1893
1894
1895
1896
1897
1898
1899
1900
1901
1902
1903
1904
1905
1906
1907
1908
1909
1910
1911
1912
1913
1914
1915
1916
1917
1918
1919
1920
1921
1922
1923
1924
1925
1926
1927
1928
1929
1930
1931
1932
1933
1934
1935
1936
1937
1938
1939
1940
1941
1942
1943
1944
1945
1946
1947
1948
1949
1950
1951
1952
1953
1954
1955
1956
1957
1958
1959
1960
1961
1962
1963
1964
1965
1966
1967
1968
1969
1970
1971
1972
1973
1974
1975
1976
1977
1978
1979
1980
1981
1982
1983
1984
1985
1986
1987
1988
1989
1990
1991
1992
1993
1994
1995
1996
1997
1998
1999
2000
2001
2002
2003
2004
2005
2006
2007
2008
2009
2010
2011
2012
2013
2014
2015
2016
2017
2018
2019
2020
2021
2022
2023
2024
2025
2026
2027
2028
2029
2030
2031
2032
2033
2034
2035
2036
2037
2038
2039
2040
2041
2042
2043
2044
2045
2046
2047
2048
2049
2050
2051
2052
2053
2054
2055
2056
2057
2058
2059
2060
2061
2062
2063
2064
2065
2066
2067
2068
2069
2070
2071
2072
2073
2074
2075
2076
2077
2078
2079
2080
2081
2082
2083
2084
2085
2086
2087
2088
2089
2090
2091
2092
2093
2094
2095
2096
2097
2098
2099
2100
2101
2102
2103
2104
2105
2106
2107
2108
2109
2110
2111
2112
2113
2114
2115
2116
2117
2118
2119
2120
2121
2122
2123
2124
2125
2126
2127
2128
2129
2130
2131
2132
2133
2134
2135
2136
2137
2138
2139
2140
2141
2142
2143
2144
2145
2146
2147
2148
2149
2150
2151
2152
2153
2154
2155
2156
2157
2158
2159
2160
2161
2162
2163
2164
2165
2166
2167
2168
2169
2170
2171
2172
2173
2174
2175
2176
2177
2178
2179
2180
2181
2182
2183
2184
2185
2186
2187
2188
2189
2190
2191
2192
2193
2194
2195
2196
2197
2198
2199
2200
2201
2202
2203
2204
2205
2206
2207
2208
2209
2210
2211
2212
2213
2214
2215
2216
2217
2218
2219
2220
2221
2222
2223
2224
2225
2226
2227
2228
2229
2230
2231
2232
2233
2234
2235
2236
2237
2238
2239
2240
2241
2242
2243
2244
2245
2246
2247
2248
2249
2250
2251
2252
2253
2254
2255
2256
2257
2258
2259
2260
2261
2262
2263
2264
2265
2266
2267
2268
2269
2270
2271
2272
2273
2274
2275
2276
2277
2278
2279
2280
2281
2282
2283
2284
2285
2286
2287
2288
2289
2290
2291
2292
2293
2294
2295
2296
2297
2298
2299
2300
2301
2302
2303
2304
2305
2306
2307
2308
2309
2310
2311
2312
2313
2314
2315
2316
2317
2318
2319
2320
2321
2322
2323
2324
2325
2326
2327
2328
2329
2330
2331
2332
2333
2334
2335
2336
2337
2338
2339
2340
2341
2342
2343
2344
2345
2346
2347
2348
2349
2350
2351
2352
2353
2354
2355
2356
2357
2358
2359
2360
2361
2362
2363
2364
2365
2366
2367
2368
2369
2370
2371
2372
2373
2374
2375
2376
2377
2378
2379
2380
2381
2382
2383
2384
2385
2386
2387
2388
2389
2390
2391
2392
2393
2394
2395
2396
2397
2398
2399
2400
2401
2402
2403
2404
2405
2406
2407
2408
2409
2410
2411
2412
2413
2414
2415
2416
2417
2418
2419
2420
2421
2422
2423
2424
2425
2426
2427
2428
2429
2430
2431
2432
2433
2434
2435
2436
2437
2438
2439
2440
2441
2442
2443
2444
2445
2446
2447
2448
2449
2450
2451
2452
2453
2454
2455
2456
2457
2458
2459
2460
2461
2462
2463
2464
2465
2466
2467
2468
2469
2470
2471
2472
2473
2474
2475
2476
2477
2478
2479
2480
2481
2482
2483
2484
2485
2486
2487
2488
2489
2490
2491
2492
2493
2494
2495
2496
2497
2498
2499
2500
2501
2502
2503
2504
2505
2506
2507
2508
2509
2510
2511
2512
2513
2514
2515
2516
2517
2518
2519
2520
2521
2522
2523
2524
2525
2526
2527
2528
2529
2530
2531
2532
2533
2534
2535
2536
2537
2538
2539
2540
2541
2542
2543
2544
2545
2546
2547
2548
2549
2550
2551
2552
2553
2554
2555
2556
2557
2558
2559
2560
2561
2562
2563
2564
2565
2566
2567
2568
2569
2570
2571
2572
2573
2574
2575
2576
2577
2578
2579
2580
2581
2582
2583
2584
2585
2586
2587
2588
2589
2590
2591
2592
2593
2594
2595
2596
2597
2598
2599
2600
2601
2602
2603
2604
2605
2606
2607
2608
2609
2610
2611
2612
2613
2614
2615
2616
2617
2618
2619
2620
2621
2622
2623
2624
2625
2626
2627
2628
2629
2630
2631
2632
2633
2634
2635
2636
2637
2638
2639
2640
2641
2642
2643
2644
2645
2646
2647
2648
2649
2650
2651
2652
2653
2654
2655
2656
2657
2658
2659
2660
2661
2662
2663
2664
2665
2666
2667
2668
2669
2670
2671
2672
2673
2674
2675
2676
2677
2678
2679
2680
2681
2682
2683
2684
2685
2686
2687
2688
2689
2690
2691
2692
2693
2694
2695
2696
2697
2698
2699
2700
2701
2702
2703
2704
2705
2706
2707
2708
2709
2710
2711
2712
2713
2714
2715
2716
2717
2718
2719
2720
2721
2722
2723
2724
2725
2726
2727
2728
2729
2730
2731
2732
2733
2734
2735
2736
2737
2738
2739
2740
2741
2742
2743
2744
2745
2746
2747
2748
2749
2750
2751
2752
2753
2754
2755
2756
2757
2758
2759
2760
2761
2762
2763
2764
2765
2766
2767
2768
2769
2770
2771
2772
2773
2774
2775
2776
2777
2778
2779
2780
2781
2782
2783
2784
2785
2786
2787
2788
2789
2790
2791
2792
2793
2794
2795
2796
2797
2798
2799
2800
2801
2802
2803
2804
2805
2806
2807
2808
2809
2810
2811
2812
2813
2814
2815
2816
2817
2818
2819
2820
2821
2822
2823
2824
2825
2826
2827
2828
2829
2830
2831
2832
2833
2834
2835
2836
2837
2838
2839
2840
2841
2842
2843
2844
2845
2846
2847
2848
2849
2850
2851
2852
2853
2854
2855
2856
2857
2858
2859
2860
2861
2862
2863
2864
2865
2866
2867
2868
2869
2870
2871
2872
2873
2874
2875
2876
2877
2878
2879
2880
2881
2882
2883
2884
2885
2886
2887
2888
2889
2890
2891
2892
2893
2894
2895
2896
2897
2898
2899
2900
2901
2902
2903
2904
2905
2906
2907
2908
2909
2910
2911
2912
2913
2914
2915
2916
2917
2918
2919
2920
2921
2922
2923
2924
2925
2926
2927
2928
2929
2930
2931
2932
2933
2934
2935
2936
2937
2938
2939
2940
2941
2942
2943
2944
2945
2946
2947
2948
2949
2950
2951
2952
2953
2954
2955
2956
2957
2958
2959
2960
2961
2962
2963
2964
2965
2966
2967
2968
2969
2970
2971
2972
2973
2974
2975
2976
2977
2978
2979
2980
2981
2982
2983
2984
2985
2986
2987
2988
2989
2990
2991
2992
2993
2994
2995
2996
2997
2998
2999
3000
3001
3002
3003
3004
3005
3006
3007
3008
3009
3010
3011
3012
3013
3014
3015
3016
3017
3018
3019
3020
3021
3022
3023
3024
3025
3026
3027
3028
3029
3030
3031
3032
3033
3034
3035
3036
3037
3038
3039
3040
3041
3042
3043
3044
3045
3046
3047
3048
3049
3050
3051
3052
3053
3054
3055
3056
3057
3058
3059
3060
3061
3062
3063
3064
3065
3066
3067
3068
3069
3070
3071
3072
3073
3074
3075
3076
3077
3078
3079
3080
3081
3082
3083
3084
3085
3086
3087
3088
3089
3090
3091
3092
3093
3094
3095
3096
3097
3098
3099
3100
3101
3102
3103
3104
3105
3106
3107
3108
3109
3110
3111
3112
3113
3114
3115
3116
3117
3118
3119
3120
3121
3122
3123
3124
3125
3126
3127
3128
3129
3130
3131
3132
3133
3134
3135
3136
3137
3138
3139
3140
3141
3142
3143
3144
3145
3146
3147
3148
3149
3150
3151
3152
3153
3154
3155
3156
3157
3158
3159
3160
3161
3162
3163
3164
3165
3166
3167
3168
3169
3170
3171
3172
3173
3174
3175
3176
3177
3178
3179
3180
3181
3182
3183
3184
3185
3186
3187
3188
3189
3190
3191
3192
3193
3194
3195
3196
3197
3198
3199
3200
3201
3202
3203
3204
3205
3206
3207
3208
3209
3210
3211
3212
3213
3214
3215
3216
3217
3218
3219
3220
3221
3222
3223
3224
3225
3226
3227
3228
3229
3230
3231
3232
3233
3234
3235
3236
3237
3238
3239
3240
3241
3242
3243
3244
3245
3246
3247
3248
3249
3250
3251
3252
3253
3254
3255
3256
3257
3258
3259
3260
3261
3262
3263
3264
3265
3266
3267
3268
3269
3270
3271
3272
3273
3274
3275
3276
3277
3278
3279
3280
3281
3282
3283
3284
3285
3286
3287
3288
3289
3290
3291
3292
3293
3294
3295
3296
3297
3298
3299
3300
3301
3302
3303
3304
3305
3306
3307
3308
3309
3310
3311
3312
3313
3314
3315
3316
3317
3318
3319
3320
3321
3322
3323
3324
3325
3326
3327
3328
3329
3330
3331
3332
3333
3334
3335
3336
3337
3338
3339
3340
3341
3342
3343
3344
3345
3346
3347
3348
3349
3350
3351
3352
3353
3354
3355
3356
3357
3358
3359
3360
3361
3362
3363
3364
3365
3366
3367
3368
3369
3370
3371
3372
3373
3374
3375
3376
3377
3378
3379
3380
3381
3382
3383
3384
3385
3386
3387
3388
3389
3390
3391
3392
3393
3394
3395
3396
3397
3398
3399
3400
3401
3402
3403
3404
3405
3406
3407
3408
3409
3410
3411
3412
3413
3414
3415
3416
3417
3418
3419
3420
3421
3422
3423
3424
3425
3426
3427
3428
3429
3430
3431
3432
3433
3434
3435
3436
3437
3438
3439
3440
3441
3442
3443
3444
3445
3446
3447
3448
3449
3450
3451
3452
3453
3454
3455
3456
3457
3458
3459
3460
3461
3462
3463
3464
3465
3466
3467
3468
3469
3470
3471
3472
3473
3474
3475
3476
3477
3478
3479
3480
3481
3482
3483
3484
3485
3486
3487
3488
3489
3490
3491
3492
3493
3494
3495
3496
3497
3498
3499
3500
3501
3502
3503
3504
3505
3506
3507
3508
3509
3510
3511
3512
3513
3514
3515
3516
3517
3518
3519
3520
3521
3522
3523
3524
3525
3526
3527
3528
3529
3530
3531
3532
3533
3534
3535
3536
3537
3538
3539
3540
3541
3542
3543
3544
3545
3546
3547
3548
3549
3550
3551
3552
3553
3554
3555
3556
3557
3558
3559
3560
3561
3562
3563
3564
3565
3566
3567
3568
3569
3570
3571
3572
3573
3574
3575
3576
3577
3578
3579
3580
3581
3582
3583
3584
3585
3586
3587
3588
3589
3590
3591
3592
3593
3594
3595
3596
3597
3598
3599
3600
3601
3602
3603
3604
3605
3606
3607
3608
3609
3610
3611
3612
3613
3614
3615
3616
3617
3618
3619
3620
3621
3622
3623
3624
3625
3626
3627
3628
3629
3630
3631
3632
3633
3634
3635
3636
3637
3638
3639
3640
3641
3642
3643
3644
3645
3646
3647
3648
3649
3650
3651
3652
3653
3654
3655
3656
3657
3658
3659
3660
3661
3662
3663
3664
3665
3666
3667
3668
3669
3670
3671
3672
3673
3674
3675
3676
3677
3678
3679
3680
3681
3682
3683
3684
3685
3686
3687
3688
3689
3690
3691
3692
3693
3694
3695
3696
3697
3698
3699
3700
3701
3702
3703
3704
3705
3706
3707
3708
3709
3710
3711
3712
3713
3714
3715
3716
3717
3718
3719
3720
3721
3722
3723
3724
3725
3726
3727
3728
3729
3730
3731
3732
3733
3734
3735
3736
3737
3738
3739
3740
3741
3742
3743
3744
3745
3746
3747
3748
3749
3750
3751
3752
3753
3754
3755
3756
3757
3758
3759
3760
3761
3762
3763
3764
3765
3766
3767
3768
3769
3770
3771
3772
3773
3774
3775
3776
3777
3778
3779
3780
3781
3782
3783
3784
3785
3786
3787
3788
3789
3790
3791
3792
3793
3794
3795
3796
3797
3798
3799
3800
3801
3802
3803
3804
3805
3806
3807
3808
3809
3810
3811
3812
3813
3814
3815
3816
3817
3818
3819
3820
3821
3822
3823
3824
3825
3826
3827
3828
3829
3830
3831
3832
3833
3834
3835
3836
3837
3838
3839
3840
3841
3842
3843
3844
3845
3846
3847
3848
3849
3850
3851
3852
3853
3854
3855
3856
3857
3858
3859
3860
3861
3862
3863
3864
3865
3866
3867
3868
3869
3870
3871
3872
3873
3874
3875
3876
3877
3878
3879
3880
3881
3882
3883
3884
3885
3886
3887
3888
3889
3890
3891
3892
3893
3894
3895
3896
3897
3898
3899
3900
3901
3902
3903
3904
3905
3906
3907
3908
3909
3910
3911
3912
3913
3914
3915
3916
3917
3918
3919
3920
3921
3922
3923
3924
3925
3926
3927
3928
3929
3930
3931
3932
3933
3934
3935
3936
3937
3938
3939
3940
3941
3942
3943
3944
3945
3946
3947
3948
3949
3950
3951
3952
3953
3954
3955
3956
3957
3958
3959
3960
3961
3962
3963
3964
3965
3966
3967
3968
3969
3970
3971
3972
3973
3974
3975
3976
3977
3978
3979
3980
3981
3982
3983
3984
3985
3986
3987
3988
3989
3990
3991
3992
3993
3994
3995
3996
3997
3998
3999
4000
4001
4002
4003
4004
4005
4006
4007
4008
4009
4010
4011
4012
4013
4014
4015
4016
4017
4018
4019
4020
4021
4022
4023
4024
4025
4026
4027
4028
4029
4030
4031
4032
4033
4034
4035
4036
4037
4038
4039
4040
4041
4042
4043
4044
4045
4046
4047
4048
4049
4050
4051
4052
4053
4054
4055
4056
4057
4058
4059
4060
4061
4062
4063
4064
4065
4066
4067
4068
4069
4070
4071
4072
4073
4074
4075
4076
4077
4078
4079
4080
4081
4082
4083
4084
4085
4086
4087
4088
4089
4090
4091
4092
4093
4094
4095
4096
4097
4098
4099
4100
4101
4102
4103
4104
4105
4106
4107
4108
4109
4110
4111
4112
4113
4114
4115
4116
4117
4118
4119
4120
4121
4122
4123
4124
4125
4126
4127
4128
4129
4130
4131
4132
4133
4134
4135
4136
4137
4138
4139
4140
4141
4142
4143
4144
4145
4146
4147
4148
4149
4150
4151
4152
4153
4154
4155
4156
4157
4158
4159
4160
4161
4162
4163
4164
4165
4166
4167
4168
4169
4170
4171
4172
4173
4174
4175
4176
4177
4178
4179
4180
4181
4182
4183
4184
4185
4186
4187
4188
4189
4190
4191
4192
4193
4194
4195
4196
4197
4198
4199
4200
4201
4202
4203
4204
4205
4206
4207
4208
4209
4210
4211
4212
4213
4214
4215
4216
4217
4218
4219
4220
4221
4222
4223
4224
4225
4226
4227
4228
4229
4230
4231
4232
4233
4234
4235
4236
4237
4238
4239
4240
4241
4242
4243
4244
4245
4246
4247
4248
4249
4250
4251
4252
4253
4254
4255
4256
4257
4258
4259
4260
4261
4262
4263
4264
4265
4266
4267
4268
4269
4270
4271
4272
4273
4274
4275
4276
4277
4278
4279
4280
4281
4282
4283
4284
4285
4286
4287
4288
4289
4290
4291
4292
4293
4294
4295
4296
4297
4298
4299
4300
4301
4302
4303
4304
4305
4306
4307
4308
4309
4310
4311
4312
4313
4314
4315
4316
4317
4318
4319
4320
4321
4322
4323
4324
4325
4326
4327
4328
4329
4330
4331
4332
4333
4334
4335
4336
4337
4338
4339
4340
4341
4342
4343
4344
4345
4346
4347
4348
4349
4350
4351
4352
4353
4354
4355
4356
4357
4358
4359
4360
4361
4362
4363
4364
4365
4366
4367
4368
4369
4370
4371
4372
4373
4374
4375
4376
4377
4378
4379
4380
4381
4382
4383
4384
4385
4386
4387
4388
4389
4390
4391
4392
4393
4394
4395
4396
4397
4398
4399
4400
4401
4402
4403
4404
4405
4406
4407
4408
4409
4410
4411
4412
4413
4414
4415
4416
4417
4418
4419
4420
4421
4422
4423
4424
4425
4426
4427
4428
4429
4430
4431
4432
4433
4434
4435
4436
4437
4438
4439
4440
4441
4442
4443
4444
4445
4446
4447
4448
4449
4450
4451
4452
4453
4454
4455
4456
4457
4458
4459
4460
4461
4462
4463
4464
4465
4466
4467
4468
4469
4470
4471
4472
4473
4474
4475
4476
4477
4478
4479
4480
4481
4482
4483
4484
4485
4486
4487
4488
4489
4490
4491
4492
4493
4494
4495
4496
4497
4498
4499
4500
4501
4502
4503
4504
4505
4506
4507
4508
4509
4510
4511
4512
4513
4514
4515
4516
4517
4518
4519
4520
4521
4522
4523
4524
4525
4526
4527
4528
4529
4530
4531
4532
4533
4534
4535
4536
4537
4538
4539
4540
4541
4542
4543
4544
4545
4546
4547
4548
4549
4550
4551
4552
4553
4554
4555
4556
4557
4558
4559
4560
4561
4562
4563
4564
4565
4566
4567
4568
4569
4570
4571
4572
4573
4574
4575
4576
4577
4578
4579
4580
4581
4582
4583
4584
4585
4586
4587
4588
4589
4590
4591
4592
4593
4594
4595
4596
4597
4598
4599
4600
4601
4602
4603
4604
4605
4606
4607
4608
4609
4610
4611
4612
4613
4614
4615
4616
4617
4618
4619
4620
4621
4622
4623
4624
4625
4626
4627
4628
4629
4630
4631
4632
4633
4634
4635
4636
4637
4638
4639
4640
4641
4642
4643
4644
4645
4646
4647
4648
4649
4650
4651
4652
4653
4654
4655
4656
4657
4658
4659
4660
4661
4662
4663
4664
4665
4666
4667
4668
4669
4670
4671
4672
4673
4674
4675
4676
4677
4678
4679
4680
4681
4682
4683
4684
4685
4686
4687
4688
4689
4690
4691
4692
4693
4694
4695
4696
4697
4698
4699
4700
4701
4702
4703
4704
4705
4706
4707
4708
4709
4710
4711
4712
4713
4714
4715
4716
4717
4718
4719
4720
4721
4722
4723
4724
4725
4726
4727
4728
4729
4730
4731
4732
4733
4734
4735
4736
4737
4738
4739
4740
4741
4742
4743
4744
4745
4746
4747
4748
4749
4750
4751
4752
4753
4754
4755
4756
4757
4758
4759
4760
4761
4762
4763
4764
4765
4766
4767
4768
4769
4770
4771
4772
4773
4774
4775
4776
4777
4778
4779
4780
4781
4782
4783
4784
4785
4786
4787
4788
4789
4790
4791
4792
4793
4794
4795
4796
4797
4798
4799
4800
4801
4802
4803
4804
4805
4806
4807
4808
4809
4810
4811
4812
4813
4814
4815
4816
4817
4818
4819
4820
4821
4822
4823
4824
4825
4826
4827
4828
4829
4830
4831
4832
4833
4834
4835
4836
4837
4838
4839
4840
4841
4842
4843
4844
4845
4846
4847
4848
4849
4850
4851
4852
4853
4854
4855
4856
4857
4858
4859
4860
4861
4862
4863
4864
4865
4866
4867
4868
4869
4870
4871
4872
4873
4874
4875
4876
4877
4878
4879
4880
4881
4882
4883
4884
4885
4886
4887
4888
4889
4890
4891
4892
4893
4894
4895
4896
4897
4898
4899
4900
4901
4902
4903
4904
4905
4906
4907
4908
4909
4910
4911
4912
4913
4914
4915
4916
4917
4918
4919
4920
4921
4922
4923
4924
4925
4926
4927
4928
4929
4930
4931
4932
4933
4934
4935
4936
4937
4938
4939
4940
4941
4942
4943
4944
4945
4946
4947
4948
4949
4950
4951
4952
4953
4954
4955
4956
4957
4958
4959
4960
4961
4962
4963
4964
4965
4966
4967
4968
4969
4970
4971
4972
4973
4974
4975
4976
4977
4978
4979
4980
4981
4982
4983
4984
4985
4986
4987
4988
4989
4990
4991
4992
4993
4994
4995
4996
4997
4998
4999
5000
5001
5002
5003
5004
5005
5006
5007
5008
5009
5010
5011
5012
5013
5014
5015
5016
5017
5018
5019
5020
5021
5022
5023
5024
5025
5026
5027
5028
5029
5030
5031
5032
5033
5034
5035
5036
5037
5038
5039
5040
5041
5042
5043
5044
5045
5046
5047
5048
5049
5050
5051
5052
5053
5054
5055
5056
5057
5058
5059
5060
5061
5062
5063
5064
5065
5066
5067
5068
5069
5070
5071
5072
5073
5074
5075
5076
5077
5078
5079
5080
5081
5082
5083
5084
5085
5086
5087
5088
5089
5090
5091
5092
5093
5094
5095
5096
5097
5098
5099
5100
5101
5102
5103
5104
5105
5106
5107
5108
5109
5110
5111
5112
5113
5114
5115
5116
5117
5118
5119
5120
5121
5122
5123
5124
5125
5126
5127
5128
5129
5130
5131
5132
5133
5134
5135
5136
5137
5138
5139
5140
5141
5142
5143
5144
5145
5146
5147
5148
5149
5150
5151
5152
5153
5154
5155
5156
5157
5158
5159
5160
5161
5162
5163
5164
5165
5166
5167
5168
5169
5170
5171
5172
5173
5174
5175
5176
5177
5178
5179
5180
5181
5182
5183
5184
5185
5186
5187
5188
5189
5190
5191
5192
5193
5194
5195
5196
5197
5198
5199
5200
5201
5202
5203
5204
5205
5206
5207
5208
5209
5210
5211
5212
5213
5214
5215
5216
5217
5218
5219
5220
5221
5222
5223
5224
5225
5226
5227
5228
5229
5230
5231
5232
5233
5234
5235
5236
5237
5238
5239
5240
5241
5242
5243
5244
5245
5246
5247
5248
5249
5250
5251
5252
5253
5254
5255
5256
5257
5258
5259
5260
5261
5262
5263
5264
5265
5266
5267
5268
5269
5270
5271
5272
5273
5274
5275
5276
5277
5278
5279
5280
5281
5282
5283
5284
5285
5286
5287
5288
5289
5290
5291
5292
5293
5294
5295
5296
5297
5298
5299
5300
5301
5302
5303
5304
5305
5306
5307
5308
5309
5310
5311
5312
5313
5314
5315
5316
5317
5318
5319
5320
5321
5322
5323
5324
5325
5326
5327
5328
5329
5330
5331
5332
5333
5334
5335
5336
5337
5338
5339
5340
5341
5342
5343
5344
5345
5346
5347
5348
5349
5350
5351
5352
5353
5354
5355
5356
5357
5358
5359
5360
5361
5362
5363
5364
5365
5366
5367
5368
5369
5370
5371
5372
5373
5374
5375
5376
5377
5378
5379
5380
5381
5382
5383
5384
5385
5386
5387
5388
5389
5390
5391
5392
5393
5394
5395
5396
5397
5398
5399
5400
5401
5402
5403
5404
5405
5406
5407
5408
5409
5410
5411
5412
5413
5414
5415
5416
5417
5418
5419
5420
5421
5422
5423
5424
5425
5426
5427
5428
5429
5430
5431
5432
5433
5434
5435
5436
5437
5438
5439
5440
5441
5442
5443
5444
5445
5446
5447
5448
5449
5450
5451
5452
5453
5454
5455
5456
5457
5458
5459
5460
5461
5462
5463
5464
5465
5466
5467
5468
5469
5470
5471
5472
5473
5474
5475
5476
5477
5478
5479
5480
5481
5482
5483
5484
5485
5486
5487
5488
5489
5490
5491
5492
5493
5494
5495
5496
5497
5498
5499
5500
5501
5502
5503
5504
5505
5506
5507
5508
5509
5510
5511
5512
5513
5514
5515
5516
5517
5518
5519
5520
5521
5522
5523
5524
5525
5526
5527
5528
5529
5530
5531
5532
5533
5534
5535
5536
5537
5538
5539
5540
5541
5542
5543
5544
5545
5546
5547
5548
5549
5550
5551
5552
5553
5554
5555
5556
5557
5558
5559
5560
5561
5562
5563
5564
5565
5566
5567
5568
5569
5570
5571
5572
5573
5574
5575
5576
5577
5578
5579
5580
5581
5582
5583
5584
5585
5586
5587
5588
5589
5590
5591
5592
5593
5594
5595
5596
5597
5598
5599
5600
5601
5602
5603
5604
5605
5606
5607
5608
5609
5610
5611
5612
5613
5614
5615
5616
5617
5618
5619
5620
5621
5622
5623
5624
5625
5626
5627
5628
5629
5630
5631
5632
5633
5634
5635
5636
5637
5638
5639
5640
5641
5642
5643
5644
5645
5646
5647
5648
5649
5650
5651
5652
5653
5654
5655
5656
5657
5658
5659
5660
5661
5662
5663
5664
5665
5666
5667
5668
5669
5670
5671
5672
5673
5674
5675
5676
5677
5678
5679
5680
5681
5682
5683
5684
5685
5686
5687
5688
5689
5690
5691
5692
5693
5694
5695
5696
5697
5698
5699
5700
5701
5702
5703
5704
5705
5706
5707
5708
5709
5710
5711
5712
5713
5714
5715
5716
5717
5718
5719
5720
5721
5722
5723
5724
5725
5726
5727
5728
5729
5730
5731
5732
5733
5734
5735
5736
5737
5738
5739
5740
5741
5742
5743
5744
5745
5746
5747
5748
5749
5750
5751
5752
5753
5754
5755
5756
5757
5758
5759
5760
5761
5762
5763
5764
5765
5766
5767
5768
5769
5770
5771
5772
5773
5774
5775
5776
5777
5778
5779
5780
5781
5782
5783
5784
5785
5786
5787
5788
5789
5790
5791
5792
5793
5794
5795
5796
5797
5798
5799
5800
5801
5802
5803
5804
5805
5806
5807
5808
5809
5810
5811
5812
5813
5814
5815
5816
5817
5818
5819
5820
5821
5822
5823
5824
5825
5826
5827
5828
5829
5830
5831
5832
5833
5834
5835
5836
5837
5838
5839
5840
5841
5842
5843
5844
5845
5846
5847
5848
5849
5850
5851
5852
5853
5854
5855
5856
5857
5858
5859
5860
5861
5862
5863
5864
5865
5866
5867
5868
5869
5870
5871
5872
5873
5874
5875
5876
5877
5878
5879
5880
5881
5882
5883
5884
5885
5886
5887
5888
5889
5890
5891
5892
5893
5894
5895
5896
5897
5898
5899
5900
5901
5902
5903
5904
5905
5906
5907
5908
5909
5910
5911
5912
5913
5914
5915
5916
5917
5918
5919
5920
5921
5922
5923
5924
5925
5926
5927
5928
5929
5930
5931
5932
5933
5934
5935
5936
5937
5938
5939
5940
5941
5942
5943
5944
5945
5946
5947
5948
5949
5950
5951
5952
5953
5954
5955
5956
5957
5958
5959
5960
5961
5962
5963
5964
5965
5966
5967
5968
5969
5970
5971
5972
5973
5974
5975
5976
5977
5978
5979
5980
5981
5982
5983
5984
5985
5986
5987
5988
5989
5990
5991
5992
5993
5994
5995
5996
5997
5998
5999
6000
6001
6002
6003
6004
6005
6006
6007
6008
6009
6010
6011
6012
6013
6014
6015
6016
6017
6018
6019
6020
6021
6022
6023
6024
6025
6026
6027
6028
6029
6030
6031
6032
6033
6034
6035
6036
6037
6038
6039
6040
6041
6042
6043
6044
6045
6046
6047
6048
6049
6050
6051
6052
6053
6054
6055
6056
6057
6058
6059
6060
6061
6062
6063
6064
6065
6066
6067
6068
6069
6070
6071
6072
6073
6074
6075
6076
6077
6078
6079
6080
6081
6082
6083
6084
6085
6086
6087
6088
6089
6090
6091
6092
6093
6094
6095
6096
6097
6098
6099
6100
6101
6102
6103
6104
6105
6106
6107
6108
6109
6110
6111
6112
6113
6114
6115
6116
6117
6118
6119
6120
6121
6122
6123
6124
6125
6126
6127
6128
6129
6130
6131
6132
6133
6134
6135
6136
6137
6138
6139
6140
6141
6142
6143
6144
6145
6146
6147
6148
6149
6150
6151
6152
6153
6154
6155
6156
6157
6158
6159
6160
6161
6162
6163
6164
6165
6166
6167
6168
6169
6170
6171
6172
6173
6174
6175
6176
6177
6178
6179
6180
6181
6182
6183
6184
6185
6186
6187
6188
6189
6190
6191
6192
6193
6194
6195
6196
6197
6198
6199
6200
6201
6202
6203
6204
6205
6206
6207
6208
6209
6210
6211
6212
6213
6214
6215
6216
6217
6218
6219
6220
6221
6222
6223
6224
6225
6226
6227
6228
6229
6230
6231
6232
6233
6234
6235
6236
6237
6238
6239
6240
6241
6242
6243
6244
6245
6246
6247
6248
6249
6250
6251
6252
6253
6254
6255
6256
6257
6258
6259
6260
6261
6262
6263
6264
6265
6266
6267
6268
6269
6270
6271
6272
6273
6274
6275
6276
6277
6278
6279
6280
6281
6282
6283
6284
6285
6286
6287
6288
6289
6290
6291
6292
6293
6294
6295
6296
6297
6298
6299
6300
6301
6302
6303
6304
6305
6306
6307
6308
6309
6310
6311
6312
6313
6314
6315
6316
6317
6318
6319
6320
6321
6322
6323
6324
6325
6326
6327
6328
6329
6330
6331
6332
6333
6334
6335
6336
6337
6338
6339
6340
6341
6342
6343
6344
6345
6346
6347
6348
6349
6350
6351
6352
6353
6354
6355
6356
6357
6358
6359
6360
6361
6362
6363
6364
6365
6366
6367
6368
6369
6370
6371
6372
6373
6374
6375
6376
6377
6378
6379
6380
6381
6382
6383
6384
6385
6386
6387
6388
6389
6390
6391
6392
6393
6394
6395
6396
6397
6398
6399
6400
6401
6402
6403
6404
6405
6406
6407
6408
6409
6410
6411
6412
6413
6414
6415
6416
6417
6418
6419
6420
6421
6422
6423
6424
6425
6426
6427
6428
6429
6430
6431
6432
6433
6434
6435
6436
6437
6438
6439
6440
6441
6442
6443
6444
6445
6446
6447
6448
6449
6450
6451
6452
6453
6454
6455
6456
6457
6458
6459
6460
6461
6462
6463
6464
6465
6466
6467
6468
6469
6470
6471
6472
6473
6474
6475
6476
6477
6478
6479
6480
6481
6482
6483
6484
6485
6486
6487
6488
6489
6490
6491
6492
6493
6494
6495
6496
6497
6498
6499
6500
6501
6502
6503
6504
6505
6506
6507
6508
6509
6510
6511
6512
6513
6514
6515
6516
6517
6518
6519
6520
6521
6522
6523
6524
6525
6526
6527
6528
6529
6530
6531
6532
6533
6534
6535
6536
6537
6538
6539
6540
6541
6542
6543
6544
6545
6546
6547
6548
6549
6550
6551
6552
6553
6554
6555
6556
6557
6558
6559
6560
6561
6562
6563
6564
6565
6566
6567
6568
6569
6570
6571
6572
6573
6574
6575
6576
6577
6578
6579
6580
6581
6582
6583
6584
6585
6586
6587
6588
6589
6590
6591
6592
6593
6594
6595
6596
6597
6598
6599
6600
6601
6602
6603
6604
6605
6606
6607
6608
6609
6610
6611
6612
6613
6614
6615
6616
6617
6618
6619
6620
6621
6622
6623
6624
6625
6626
6627
6628
6629
6630
6631
6632
6633
6634
6635
6636
6637
6638
6639
6640
6641
6642
6643
6644
6645
6646
6647
6648
6649
6650
6651
6652
6653
6654
6655
6656
6657
6658
6659
6660
6661
6662
6663
6664
6665
6666
6667
6668
6669
6670
6671
6672
6673
6674
6675
6676
6677
6678
6679
6680
6681
6682
6683
6684
6685
6686
6687
6688
6689
6690
6691
6692
6693
6694
6695
6696
6697
6698
6699
6700
6701
6702
6703
6704
6705
6706
6707
6708
6709
6710
6711
6712
6713
6714
6715
6716
6717
6718
6719
6720
6721
6722
6723
6724
6725
6726
6727
6728
6729
6730
6731
6732
6733
6734
6735
6736
6737
6738
6739
6740
6741
6742
6743
6744
6745
6746
6747
6748
6749
6750
6751
6752
6753
6754
6755
6756
6757
6758
6759
6760
6761
6762
6763
6764
6765
6766
6767
6768
6769
6770
6771
6772
6773
6774
6775
6776
6777
6778
6779
6780
6781
6782
6783
6784
6785
6786
6787
6788
6789
6790
6791
6792
6793
6794
6795
6796
6797
6798
6799
6800
6801
6802
6803
6804
6805
6806
6807
6808
6809
6810
6811
6812
6813
6814
6815
6816
6817
6818
6819
6820
6821
6822
6823
6824
6825
6826
6827
6828
6829
6830
6831
6832
6833
6834
6835
6836
6837
6838
6839
6840
6841
6842
6843
6844
6845
6846
6847
6848
6849
6850
6851
6852
6853
6854
6855
6856
6857
6858
6859
6860
6861
6862
6863
6864
6865
6866
6867
6868
6869
6870
6871
6872
6873
6874
6875
6876
6877
6878
6879
6880
6881
6882
6883
6884
6885
6886
6887
6888
6889
6890
6891
6892
6893
6894
6895
6896
6897
6898
6899
6900
6901
6902
6903
6904
6905
6906
6907
6908
6909
6910
6911
6912
6913
6914
6915
6916
6917
6918
6919
6920
6921
6922
6923
6924
6925
6926
6927
6928
6929
6930
6931
6932
6933
6934
6935
6936
6937
6938
6939
6940
6941
6942
6943
6944
6945
6946
6947
6948
6949
6950
6951
6952
6953
6954
6955
6956
6957
6958
6959
6960
6961
6962
6963
6964
6965
6966
6967
6968
6969
6970
6971
6972
6973
6974
6975
6976
6977
6978
6979
6980
6981
6982
6983
6984
6985
6986
6987
6988
6989
6990
6991
6992
6993
6994
6995
6996
6997
6998
6999
7000
7001
7002
7003
7004
7005
7006
7007
7008
7009
7010
7011
7012
7013
7014
7015
7016
7017
7018
7019
7020
7021
7022
7023
7024
7025
7026
7027
7028
7029
7030
7031
7032
7033
7034
7035
7036
7037
7038
7039
7040
7041
7042
7043
7044
7045
7046
7047
7048
7049
7050
7051
7052
7053
7054
7055
7056
7057
7058
7059
7060
7061
7062
7063
7064
7065
7066
7067
7068
7069
7070
7071
7072
7073
7074
7075
7076
7077
7078
7079
7080
7081
7082
7083
7084
7085
7086
7087
7088
7089
7090
7091
7092
7093
7094
7095
7096
7097
7098
7099
7100
7101
7102
7103
7104
7105
7106
7107
7108
7109
7110
7111
7112
7113
7114
7115
7116
7117
7118
7119
7120
7121
7122
7123
7124
7125
7126
7127
7128
7129
7130
7131
7132
7133
7134
7135
7136
7137
7138
7139
7140
7141
7142
7143
7144
7145
7146
7147
7148
7149
7150
7151
7152
7153
7154
7155
7156
7157
7158
7159
7160
7161
7162
7163
7164
7165
7166
7167
7168
7169
7170
7171
7172
7173
7174
7175
7176
7177
7178
7179
7180
7181
7182
7183
7184
7185
7186
7187
7188
7189
7190
7191
7192
7193
7194
7195
7196
7197
7198
7199
7200
7201
7202
7203
7204
7205
7206
7207
7208
7209
7210
7211
7212
7213
7214
7215
7216
7217
7218
7219
7220
7221
7222
7223
7224
7225
7226
7227
7228
7229
7230
7231
7232
7233
7234
7235
7236
7237
7238
7239
7240
7241
7242
7243
7244
7245
7246
7247
7248
7249
7250
7251
7252
7253
7254
7255
7256
7257
7258
7259
7260
7261
7262
7263
7264
7265
7266
7267
7268
7269
7270
7271
7272
7273
7274
7275
7276
7277
7278
7279
7280
7281
7282
7283
7284
7285
7286
7287
7288
7289
7290
7291
7292
7293
7294
7295
7296
7297
7298
7299
7300
7301
7302
7303
7304
7305
7306
7307
7308
7309
7310
7311
7312
7313
7314
7315
7316
7317
7318
7319
7320
7321
7322
7323
7324
7325
7326
7327
7328
7329
7330
7331
7332
7333
7334
7335
7336
7337
7338
7339
7340
7341
7342
7343
7344
7345
7346
7347
7348
7349
7350
7351
7352
7353
7354
7355
7356
7357
7358
7359
7360
7361
7362
7363
7364
7365
7366
7367
7368
7369
7370
7371
7372
7373
7374
7375
7376
7377
7378
7379
7380
7381
7382
7383
7384
7385
7386
7387
7388
7389
7390
7391
7392
7393
7394
7395
7396
7397
7398
7399
7400
7401
7402
7403
7404
7405
7406
7407
7408
7409
7410
7411
7412
7413
7414
7415
7416
7417
7418
7419
7420
7421
7422
7423
7424
7425
7426
7427
7428
7429
7430
7431
7432
7433
7434
7435
7436
7437
7438
7439
7440
7441
7442
7443
7444
7445
7446
7447
7448
7449
7450
7451
7452
7453
7454
7455
7456
7457
7458
7459
7460
7461
7462
7463
7464
7465
7466
7467
7468
7469
7470
7471
7472
7473
7474
7475
7476
7477
7478
7479
7480
7481
7482
7483
7484
7485
7486
7487
7488
7489
7490
7491
7492
7493
7494
7495
7496
7497
7498
7499
7500
7501
7502
7503
7504
7505
7506
7507
7508
7509
7510
7511
7512
7513
7514
7515
7516
7517
7518
7519
7520
7521
7522
7523
7524
7525
7526
7527
7528
7529
7530
7531
7532
7533
7534
7535
7536
7537
7538
7539
7540
7541
7542
7543
7544
7545
7546
7547
7548
7549
7550
7551
7552
7553
7554
7555
7556
7557
7558
7559
7560
7561
7562
7563
7564
7565
7566
7567
7568
7569
7570
7571
7572
7573
7574
7575
7576
7577
7578
7579
7580
7581
7582
7583
7584
7585
7586
7587
7588
7589
7590
7591
7592
7593
7594
7595
7596
7597
7598
7599
7600
7601
7602
7603
7604
7605
7606
7607
7608
7609
7610
7611
7612
7613
7614
7615
7616
7617
7618
7619
7620
7621
7622
7623
7624
7625
7626
7627
7628
7629
7630
7631
7632
7633
7634
7635
7636
7637
7638
7639
7640
7641
7642
7643
7644
7645
7646
7647
7648
7649
7650
7651
7652
7653
7654
7655
7656
7657
7658
7659
7660
7661
7662
7663
7664
7665
7666
7667
7668
7669
7670
7671
7672
7673
7674
7675
7676
7677
7678
7679
7680
7681
7682
7683
7684
7685
7686
7687
7688
7689
7690
7691
7692
7693
7694
7695
7696
7697
7698
7699
7700
7701
7702
7703
7704
7705
7706
7707
7708
7709
7710
7711
7712
7713
7714
7715
7716
7717
7718
7719
7720
7721
7722
7723
7724
7725
7726
7727
7728
7729
7730
7731
7732
7733
7734
7735
7736
7737
7738
7739
7740
7741
7742
7743
7744
7745
7746
7747
7748
7749
7750
7751
7752
7753
7754
7755
7756
7757
7758
7759
7760
7761
7762
7763
7764
7765
7766
7767
7768
7769
7770
7771
7772
7773
7774
7775
7776
7777
7778
7779
7780
7781
7782
7783
7784
7785
7786
7787
7788
7789
7790
7791
7792
7793
7794
7795
7796
7797
7798
7799
7800
7801
7802
7803
7804
7805
7806
7807
7808
7809
7810
7811
7812
7813
7814
7815
7816
7817
7818
7819
7820
7821
7822
7823
7824
7825
7826
7827
7828
7829
7830
7831
7832
7833
7834
7835
7836
7837
7838
7839
7840
7841
7842
7843
7844
7845
7846
7847
7848
7849
7850
7851
7852
7853
7854
7855
7856
7857
7858
7859
7860
7861
7862
7863
7864
7865
7866
7867
7868
7869
7870
7871
7872
7873
7874
7875
7876
7877
7878
7879
7880
7881
7882
7883
7884
7885
7886
7887
7888
7889
7890
7891
7892
7893
7894
7895
7896
7897
7898
7899
7900
7901
7902
7903
7904
7905
7906
7907
7908
7909
7910
7911
7912
7913
7914
7915
7916
7917
7918
7919
7920
7921
7922
7923
7924
7925
7926
7927
7928
7929
7930
7931
7932
7933
7934
7935
7936
7937
7938
7939
7940
7941
7942
7943
7944
7945
7946
7947
7948
7949
7950
7951
7952
7953
7954
7955
7956
7957
7958
7959
7960
7961
7962
7963
7964
7965
7966
7967
7968
7969
7970
7971
7972
7973
7974
7975
7976
7977
7978
7979
7980
7981
7982
7983
7984
7985
7986
7987
7988
7989
7990
7991
7992
7993
7994
7995
7996
7997
7998
7999
8000
8001
8002
8003
8004
8005
8006
8007
8008
8009
8010
8011
8012
8013
8014
8015
8016
8017
8018
8019
8020
8021
8022
8023
8024
8025
8026
8027
8028
8029
8030
8031
8032
8033
8034
8035
8036
8037
8038
8039
8040
8041
8042
8043
8044
8045
8046
8047
8048
8049
8050
8051
8052
8053
8054
8055
8056
8057
8058
8059
8060
8061
8062
8063
8064
8065
8066
8067
8068
8069
8070
8071
8072
8073
8074
8075
8076
8077
8078
8079
8080
8081
8082
8083
8084
8085
8086
8087
8088
8089
8090
8091
8092
8093
8094
8095
8096
8097
8098
8099
8100
8101
8102
8103
8104
8105
8106
8107
8108
8109
8110
8111
8112
8113
8114
8115
8116
8117
8118
8119
8120
8121
8122
8123
8124
8125
8126
8127
8128
8129
8130
8131
8132
8133
8134
8135
8136
8137
8138
8139
8140
8141
8142
8143
8144
8145
8146
8147
8148
8149
8150
8151
8152
8153
8154
8155
8156
8157
8158
8159
8160
8161
8162
8163
8164
8165
8166
8167
8168
8169
8170
8171
8172
8173
8174
8175
8176
8177
8178
8179
8180
8181
8182
8183
8184
8185
8186
8187
8188
8189
8190
8191
8192
8193
8194
8195
8196
8197
8198
8199
8200
8201
8202
8203
8204
8205
8206
8207
8208
8209
8210
8211
8212
8213
8214
8215
8216
8217
8218
8219
8220
8221
8222
8223
8224
8225
8226
8227
8228
8229
8230
8231
8232
8233
8234
8235
8236
8237
8238
8239
8240
8241
8242
8243
8244
8245
8246
8247
8248
8249
8250
8251
8252
8253
8254
8255
8256
8257
8258
8259
8260
8261
8262
8263
8264
8265
8266
8267
8268
8269
8270
8271
8272
8273
8274
8275
8276
8277
8278
8279
8280
8281
8282
8283
8284
8285
8286
8287
8288
8289
8290
8291
8292
8293
8294
8295
8296
8297
8298
8299
8300
8301
8302
8303
8304
8305
8306
8307
8308
8309
8310
8311
8312
8313
8314
8315
8316
8317
8318
8319
8320
8321
8322
8323
8324
8325
8326
8327
8328
8329
8330
8331
8332
8333
8334
8335
8336
8337
8338
8339
8340
8341
8342
8343
8344
8345
8346
8347
8348
8349
8350
8351
8352
8353
8354
8355
8356
8357
8358
8359
8360
8361
8362
8363
8364
8365
8366
8367
8368
8369
8370
8371
8372
8373
8374
8375
8376
8377
8378
8379
8380
8381
8382
8383
8384
8385
8386
8387
8388
8389
8390
8391
8392
8393
8394
8395
8396
8397
8398
8399
8400
8401
8402
8403
8404
8405
8406
8407
8408
8409
8410
8411
8412
8413
8414
8415
8416
8417
8418
8419
8420
8421
8422
8423
8424
8425
8426
8427
8428
8429
8430
8431
8432
8433
8434
8435
8436
8437
8438
8439
8440
8441
8442
8443
8444
8445
8446
8447
8448
8449
8450
8451
8452
8453
8454
8455
8456
8457
8458
8459
8460
8461
8462
8463
8464
8465
8466
8467
8468
8469
8470
8471
8472
8473
8474
8475
8476
8477
8478
8479
8480
8481
8482
8483
8484
8485
8486
8487
8488
8489
8490
8491
8492
8493
8494
8495
8496
8497
8498
8499
8500
8501
8502
8503
8504
8505
8506
8507
8508
8509
8510
8511
8512
8513
8514
8515
8516
8517
8518
8519
8520
8521
8522
8523
8524
8525
8526
8527
8528
8529
8530
8531
8532
8533
8534
8535
8536
8537
8538
8539
8540
8541
8542
8543
8544
8545
8546
8547
8548
8549
8550
8551
8552
8553
8554
8555
8556
8557
8558
8559
8560
8561
8562
8563
8564
8565
8566
8567
8568
8569
8570
8571
8572
8573
8574
8575
8576
8577
8578
8579
8580
8581
8582
8583
8584
8585
8586
8587
8588
8589
8590
8591
8592
8593
8594
8595
8596
8597
8598
8599
8600
8601
8602
8603
8604
8605
8606
8607
8608
8609
8610
8611
8612
8613
8614
8615
8616
8617
8618
8619
8620
8621
8622
8623
8624
8625
8626
8627
8628
8629
8630
8631
8632
8633
8634
8635
8636
8637
8638
8639
8640
8641
8642
8643
8644
8645
8646
8647
8648
8649
8650
8651
8652
8653
8654
8655
8656
8657
8658
8659
8660
8661
8662
8663
8664
8665
8666
8667
8668
8669
8670
8671
8672
8673
8674
8675
8676
8677
8678
8679
8680
8681
8682
8683
8684
8685
8686
8687
8688
8689
8690
8691
8692
8693
8694
8695
8696
8697
8698
8699
8700
8701
8702
8703
8704
8705
8706
8707
8708
8709
8710
8711
8712
8713
8714
8715
8716
8717
8718
8719
8720
8721
8722
8723
8724
8725
8726
8727
8728
8729
8730
8731
8732
8733
8734
8735
8736
8737
8738
8739
8740
8741
8742
8743
8744
8745
8746
8747
8748
8749
8750
8751
8752
8753
8754
8755
8756
8757
8758
8759
8760
8761
8762
8763
8764
8765
8766
8767
8768
8769
8770
8771
8772
8773
8774
8775
8776
8777
8778
8779
8780
8781
8782
8783
8784
8785
8786
8787
8788
8789
8790
8791
8792
8793
8794
8795
8796
8797
8798
8799
8800
8801
8802
8803
8804
8805
8806
8807
8808
8809
8810
8811
8812
8813
8814
8815
8816
8817
8818
8819
8820
8821
8822
8823
8824
8825
8826
8827
8828
8829
8830
8831
8832
8833
8834
8835
8836
8837
8838
8839
8840
8841
8842
8843
8844
8845
8846
8847
8848
8849
8850
8851
8852
8853
8854
8855
8856
8857
8858
8859
8860
8861
8862
8863
8864
8865
8866
8867
8868
8869
8870
8871
8872
8873
8874
8875
8876
8877
8878
8879
8880
8881
8882
8883
8884
8885
8886
8887
8888
8889
8890
8891
8892
8893
8894
8895
8896
8897
8898
8899
8900
8901
8902
8903
8904
8905
8906
8907
8908
8909
8910
8911
8912
8913
8914
8915
8916
8917
8918
8919
8920
8921
8922
8923
8924
8925
8926
8927
8928
8929
8930
8931
8932
8933
8934
8935
8936
8937
8938
8939
8940
8941
8942
8943
8944
8945
8946
8947
8948
8949
8950
8951
8952
8953
8954
8955
8956
8957
8958
8959
8960
8961
8962
8963
8964
8965
8966
8967
8968
8969
8970
8971
8972
8973
8974
8975
8976
8977
8978
8979
8980
8981
8982
8983
8984
8985
8986
8987
8988
8989
8990
8991
8992
8993
8994
8995
8996
8997
8998
8999
9000
9001
9002
9003
9004
9005
9006
9007
9008
9009
9010
9011
9012
9013
9014
9015
9016
9017
9018
9019
9020
9021
9022
9023
9024
9025
9026
9027
9028
9029
9030
9031
9032
9033
9034
9035
9036
9037
9038
9039
9040
9041
9042
9043
9044
9045
9046
9047
9048
9049
9050
9051
9052
9053
9054
9055
9056
9057
9058
9059
9060
9061
9062
9063
9064
9065
9066
9067
9068
9069
9070
9071
9072
9073
9074
9075
9076
9077
9078
9079
9080
9081
9082
9083
9084
9085
9086
9087
9088
9089
9090
9091
9092
9093
9094
9095
9096
9097
9098
9099
9100
9101
9102
9103
9104
9105
9106
9107
9108
9109
9110
9111
9112
9113
9114
9115
9116
9117
9118
9119
9120
9121
9122
9123
9124
9125
9126
9127
9128
9129
9130
9131
9132
9133
9134
9135
9136
9137
9138
9139
9140
9141
9142
9143
9144
9145
9146
9147
9148
9149
9150
9151
9152
9153
9154
9155
9156
9157
9158
9159
9160
9161
9162
9163
9164
9165
9166
9167
9168
9169
9170
9171
9172
9173
9174
9175
9176
9177
9178
9179
9180
9181
9182
9183
9184
9185
9186
9187
9188
9189
9190
9191
9192
9193
9194
9195
9196
9197
9198
9199
9200
9201
9202
9203
9204
9205
9206
9207
9208
9209
9210
9211
9212
9213
9214
9215
9216
9217
9218
9219
9220
9221
9222
9223
9224
9225
9226
9227
9228
9229
9230
9231
9232
9233
9234
9235
9236
9237
9238
9239
9240
9241
9242
9243
9244
9245
9246
9247
9248
9249
9250
9251
9252
9253
9254
9255
9256
9257
9258
9259
9260
9261
9262
9263
9264
9265
9266
9267
9268
9269
9270
9271
9272
9273
9274
9275
9276
9277
9278
9279
9280
9281
9282
9283
9284
9285
9286
9287
9288
9289
9290
9291
9292
9293
9294
9295
9296
9297
9298
9299
9300
9301
9302
9303
9304
9305
9306
9307
9308
9309
9310
9311
9312
9313
9314
9315
9316
9317
9318
9319
9320
9321
9322
9323
9324
9325
9326
9327
9328
9329
9330
9331
9332
9333
9334
9335
9336
9337
9338
9339
9340
9341
9342
9343
9344
9345
9346
9347
9348
9349
9350
9351
9352
9353
9354
9355
9356
9357
9358
9359
9360
9361
9362
9363
9364
9365
9366
9367
9368
9369
9370
9371
9372
9373
9374
9375
9376
9377
9378
9379
9380
9381
9382
9383
9384
9385
9386
9387
9388
9389
9390
9391
9392
9393
9394
9395
9396
9397
9398
9399
9400
9401
9402
9403
9404
9405
9406
9407
9408
9409
9410
9411
9412
9413
9414
9415
9416
9417
9418
9419
9420
9421
9422
9423
9424
9425
9426
9427
9428
9429
9430
9431
9432
9433
9434
9435
9436
9437
9438
9439
9440
9441
9442
9443
9444
9445
9446
9447
9448
9449
9450
9451
9452
9453
9454
9455
9456
9457
9458
9459
9460
9461
9462
9463
9464
9465
9466
9467
9468
9469
9470
9471
9472
9473
9474
9475
9476
9477
9478
9479
9480
9481
9482
9483
9484
9485
9486
9487
9488
9489
9490
9491
9492
9493
9494
9495
9496
9497
9498
9499
9500
9501
9502
9503
9504
9505
9506
9507
9508
9509
9510
9511
9512
9513
9514
9515
9516
9517
9518
9519
9520
9521
9522
9523
9524
9525
9526
9527
9528
9529
9530
9531
9532
9533
9534
9535
9536
9537
9538
9539
9540
9541
9542
9543
9544
9545
9546
9547
9548
9549
9550
9551
9552
9553
9554
9555
9556
9557
9558
9559
9560
9561
9562
9563
9564
9565
9566
9567
9568
9569
9570
9571
9572
9573
9574
9575
9576
9577
9578
9579
9580
9581
9582
9583
9584
9585
9586
9587
9588
9589
9590
9591
9592
9593
9594
9595
9596
9597
9598
9599
9600
9601
9602
9603
9604
9605
9606
9607
9608
9609
9610
9611
9612
9613
9614
9615
9616
9617
9618
9619
9620
9621
9622
9623
9624
9625
9626
9627
9628
9629
9630
9631
9632
9633
9634
9635
9636
9637
9638
9639
9640
9641
9642
9643
9644
9645
9646
9647
9648
9649
9650
9651
9652
9653
9654
9655
9656
9657
9658
9659
9660
9661
9662
9663
9664
9665
9666
9667
9668
9669
9670
9671
9672
9673
9674
9675
9676
9677
9678
9679
9680
9681
9682
9683
9684
9685
9686
9687
9688
9689
9690
9691
9692
9693
9694
9695
9696
9697
9698
9699
9700
9701
9702
9703
9704
9705
9706
9707
9708
9709
9710
9711
9712
9713
9714
9715
9716
9717
9718
9719
9720
9721
9722
9723
9724
9725
9726
9727
9728
9729
9730
9731
9732
9733
9734
9735
9736
9737
9738
9739
9740
9741
9742
9743
9744
9745
9746
9747
9748
9749
9750
9751
9752
9753
9754
9755
9756
9757
9758
9759
9760
9761
9762
9763
9764
9765
9766
9767
9768
9769
9770
9771
9772
9773
9774
9775
9776
9777
9778
9779
9780
9781
9782
9783
9784
9785
9786
9787
9788
9789
9790
9791
9792
9793
9794
9795
9796
9797
9798
9799
9800
9801
9802
9803
9804
9805
9806
9807
9808
9809
9810
9811
9812
9813
9814
9815
9816
9817
9818
9819
9820
9821
9822
9823
9824
9825
9826
9827
9828
9829
9830
9831
9832
9833
9834
9835
9836
9837
9838
9839
9840
9841
9842
9843
9844
9845
9846
9847
9848
9849
9850
9851
9852
9853
9854
9855
9856
9857
9858
9859
9860
9861
9862
9863
9864
9865
9866
9867
9868
9869
9870
9871
9872
9873
9874
9875
9876
9877
9878
9879
9880
9881
9882
9883
9884
9885
9886
9887
9888
9889
9890
9891
9892
9893
9894
9895
9896
9897
9898
9899
9900
9901
9902
9903
9904
9905
9906
9907
9908
9909
9910
9911
9912
9913
9914
9915
9916
9917
9918
9919
9920
9921
9922
9923
9924
9925
9926
9927
9928
9929
9930
9931
9932
9933
9934
9935
9936
9937
9938
9939
9940
9941
9942
9943
9944
9945
9946
9947
9948
9949
9950
9951
9952
9953
9954
9955
9956
9957
9958
9959
9960
9961
9962
9963
9964
9965
9966
9967
9968
9969
9970
9971
9972
9973
9974
9975
9976
9977
9978
9979
9980
9981
9982
9983
9984
9985
9986
9987
9988
9989
9990
9991
9992
9993
9994
9995
9996
9997
9998
9999
10000
10001
10002
10003
10004
10005
10006
10007
10008
10009
10010
10011
10012
10013
10014
10015
10016
10017
10018
10019
10020
10021
10022
10023
10024
10025
10026
10027
10028
10029
10030
10031
10032
10033
10034
10035
10036
10037
10038
10039
10040
10041
10042
10043
10044
10045
10046
10047
10048
10049
10050
10051
10052
10053
10054
10055
10056
10057
10058
10059
10060
10061
10062
10063
10064
10065
10066
10067
10068
10069
10070
10071
10072
10073
10074
10075
10076
10077
10078
10079
10080
10081
10082
10083
10084
10085
10086
10087
10088
10089
10090
10091
10092
10093
10094
10095
10096
10097
10098
10099
10100
10101
10102
10103
10104
10105
10106
10107
10108
10109
10110
10111
10112
10113
10114
10115
10116
10117
10118
10119
10120
10121
10122
10123
10124
10125
10126
10127
10128
10129
10130
10131
10132
10133
10134
10135
10136
10137
10138
10139
10140
10141
10142
10143
10144
10145
10146
10147
10148
10149
10150
10151
10152
10153
10154
10155
10156
10157
10158
10159
10160
10161
10162
10163
10164
10165
10166
10167
10168
10169
10170
10171
10172
10173
10174
10175
10176
10177
10178
10179
10180
10181
10182
10183
10184
10185
10186
10187
10188
10189
10190
10191
10192
10193
10194
10195
10196
10197
10198
10199
10200
10201
10202
10203
10204
10205
10206
10207
10208
10209
10210
10211
10212
10213
10214
10215
10216
10217
10218
10219
10220
10221
10222
10223
10224
10225
10226
10227
10228
10229
10230
10231
10232
10233
10234
10235
10236
10237
10238
10239
10240
10241
10242
10243
10244
10245
10246
10247
10248
10249
10250
10251
10252
10253
10254
10255
10256
10257
10258
10259
10260
10261
10262
10263
10264
10265
10266
10267
10268
10269
10270
10271
10272
10273
10274
10275
10276
10277
10278
10279
10280
10281
10282
10283
10284
10285
10286
10287
10288
10289
10290
10291
10292
10293
10294
10295
10296
10297
10298
10299
10300
10301
10302
10303
10304
10305
10306
10307
10308
10309
10310
10311
10312
10313
10314
10315
10316
10317
10318
10319
10320
10321
10322
10323
10324
10325
10326
10327
10328
10329
10330
10331
10332
10333
10334
10335
10336
10337
10338
10339
10340
10341
10342
10343
10344
10345
10346
10347
10348
10349
10350
10351
10352
10353
10354
10355
10356
10357
10358
10359
10360
10361
10362
10363
10364
10365
10366
10367
10368
10369
10370
10371
10372
10373
10374
10375
10376
10377
10378
10379
10380
10381
10382
10383
10384
10385
10386
10387
10388
10389
10390
10391
10392
10393
10394
10395
10396
10397
10398
10399
10400
10401
10402
10403
10404
10405
10406
10407
10408
10409
10410
10411
10412
10413
10414
10415
10416
10417
10418
10419
10420
10421
10422
10423
10424
10425
10426
10427
10428
10429
10430
10431
10432
10433
10434
10435
10436
10437
10438
10439
10440
10441
10442
10443
10444
10445
10446
10447
10448
10449
10450
10451
10452
10453
10454
10455
10456
10457
10458
10459
10460
10461
10462
10463
10464
10465
10466
10467
10468
10469
10470
10471
10472
10473
10474
10475
10476
10477
10478
10479
10480
10481
10482
10483
10484
10485
10486
10487
10488
10489
10490
10491
10492
10493
10494
10495
10496
10497
10498
10499
10500
10501
10502
10503
10504
10505
10506
10507
10508
10509
10510
10511
10512
10513
10514
10515
10516
10517
10518
10519
10520
10521
10522
10523
10524
10525
10526
10527
10528
10529
10530
10531
10532
10533
10534
10535
10536
10537
10538
10539
10540
10541
10542
10543
10544
10545
10546
10547
10548
10549
10550
10551
10552
10553
10554
10555
10556
10557
10558
10559
10560
10561
10562
10563
10564
10565
10566
10567
10568
10569
10570
10571
10572
10573
10574
10575
10576
10577
10578
10579
10580
10581
10582
10583
10584
10585
10586
10587
10588
10589
10590
10591
10592
10593
10594
10595
10596
10597
10598
10599
10600
10601
10602
10603
10604
10605
10606
10607
10608
10609
10610
10611
10612
10613
10614
10615
10616
10617
10618
10619
10620
10621
10622
10623
10624
10625
10626
10627
10628
10629
10630
10631
10632
10633
10634
10635
10636
10637
10638
10639
10640
10641
10642
10643
10644
10645
10646
10647
10648
10649
10650
10651
10652
10653
10654
10655
10656
10657
10658
10659
10660
10661
10662
10663
10664
10665
10666
10667
10668
10669
10670
10671
10672
10673
10674
10675
10676
10677
10678
10679
10680
10681
10682
10683
10684
10685
10686
10687
10688
10689
10690
10691
10692
10693
10694
10695
10696
10697
10698
10699
10700
10701
10702
10703
10704
10705
10706
10707
10708
10709
10710
10711
10712
10713
10714
10715
10716
10717
10718
10719
10720
10721
10722
10723
10724
10725
10726
10727
10728
10729
10730
10731
10732
10733
10734
10735
10736
10737
10738
10739
10740
10741
10742
10743
10744
10745
10746
10747
10748
10749
10750
10751
10752
10753
10754
10755
10756
10757
10758
10759
10760
10761
10762
10763
10764
10765
10766
10767
10768
10769
10770
10771
10772
10773
10774
10775
10776
10777
10778
10779
10780
10781
10782
10783
10784
10785
10786
10787
10788
10789
10790
10791
10792
10793
10794
10795
10796
10797
10798
10799
10800
10801
10802
10803
10804
10805
10806
10807
10808
10809
10810
10811
10812
10813
10814
10815
10816
10817
10818
10819
10820
10821
10822
10823
10824
10825
10826
10827
10828
10829
10830
10831
10832
10833
10834
10835
10836
10837
10838
10839
10840
10841
10842
10843
10844
10845
10846
10847
10848
10849
10850
10851
10852
10853
10854
10855
10856
10857
10858
10859
10860
10861
10862
10863
10864
10865
10866
10867
10868
10869
10870
10871
10872
10873
10874
10875
10876
10877
10878
10879
10880
10881
10882
10883
10884
10885
10886
10887
10888
10889
10890
10891
10892
10893
10894
10895
10896
10897
10898
10899
10900
10901
10902
10903
10904
10905
10906
10907
10908
10909
10910
10911
10912
10913
10914
10915
10916
10917
10918
10919
10920
10921
10922
10923
10924
10925
10926
10927
10928
10929
10930
10931
10932
10933
10934
10935
10936
10937
10938
10939
10940
10941
10942
10943
10944
10945
10946
10947
10948
10949
10950
10951
10952
10953
10954
10955
10956
10957
10958
10959
10960
10961
10962
10963
10964
10965
10966
10967
10968
10969
10970
10971
10972
10973
10974
10975
10976
10977
10978
10979
10980
10981
10982
10983
10984
10985
10986
10987
10988
10989
10990
10991
10992
10993
10994
10995
10996
10997
10998
10999
11000
11001
11002
11003
11004
11005
11006
11007
11008
11009
11010
11011
11012
11013
11014
11015
11016
11017
11018
11019
11020
11021
11022
11023
11024
11025
11026
11027
11028
11029
11030
11031
11032
11033
11034
11035
11036
11037
11038
11039
11040
11041
11042
11043
11044
11045
11046
11047
11048
11049
11050
11051
11052
11053
11054
11055
11056
11057
11058
11059
11060
11061
11062
11063
11064
11065
11066
11067
11068
11069
11070
11071
11072
11073
11074
11075
11076
11077
11078
11079
11080
11081
11082
11083
11084
11085
11086
11087
11088
11089
11090
11091
11092
11093
11094
11095
11096
11097
11098
11099
11100
11101
11102
11103
11104
11105
11106
11107
11108
11109
11110
11111
11112
11113
11114
11115
11116
11117
11118
11119
11120
11121
11122
11123
11124
11125
11126
11127
11128
11129
11130
11131
11132
11133
11134
11135
11136
11137
11138
11139
11140
11141
11142
11143
11144
11145
11146
11147
11148
11149
11150
11151
11152
11153
11154
11155
11156
11157
11158
11159
11160
11161
11162
11163
11164
11165
11166
11167
11168
11169
11170
11171
11172
11173
11174
11175
11176
11177
11178
11179
11180
11181
11182
11183
11184
11185
11186
11187
11188
11189
11190
11191
11192
11193
11194
11195
11196
11197
11198
11199
11200
11201
11202
11203
11204
11205
11206
11207
11208
11209
11210
11211
11212
11213
11214
11215
11216
11217
11218
11219
11220
11221
11222
11223
11224
11225
11226
11227
11228
11229
11230
11231
11232
11233
11234
11235
11236
11237
11238
11239
11240
11241
11242
11243
11244
11245
11246
11247
11248
11249
11250
11251
11252
11253
11254
11255
11256
11257
11258
11259
11260
11261
11262
11263
11264
11265
11266
11267
11268
11269
11270
11271
11272
11273
11274
11275
11276
11277
11278
11279
11280
11281
11282
11283
11284
11285
11286
11287
11288
11289
11290
11291
11292
11293
11294
11295
11296
11297
11298
11299
11300
11301
11302
11303
11304
11305
11306
11307
11308
11309
11310
11311
11312
11313
11314
11315
11316
11317
11318
11319
11320
11321
11322
11323
11324
11325
11326
11327
11328
11329
11330
11331
11332
11333
11334
11335
11336
11337
11338
11339
11340
11341
11342
11343
11344
11345
11346
11347
11348
11349
11350
11351
11352
11353
11354
11355
11356
11357
11358
11359
11360
11361
11362
11363
11364
11365
11366
11367
11368
11369
11370
11371
11372
11373
11374
11375
11376
11377
11378
11379
11380
11381
11382
11383
11384
11385
11386
11387
11388
11389
11390
11391
11392
11393
11394
11395
11396
11397
11398
11399
11400
11401
11402
11403
11404
11405
11406
11407
11408
11409
11410
11411
11412
11413
11414
11415
11416
11417
11418
11419
11420
11421
11422
11423
11424
11425
11426
11427
11428
11429
11430
11431
11432
11433
11434
11435
11436
11437
11438
11439
11440
11441
11442
11443
11444
11445
11446
11447
11448
11449
11450
11451
11452
11453
11454
11455
11456
11457
11458
11459
11460
11461
11462
11463
11464
11465
11466
11467
11468
11469
11470
11471
11472
11473
11474
11475
11476
11477
11478
11479
11480
11481
11482
11483
11484
11485
11486
11487
11488
11489
11490
11491
11492
11493
11494
11495
11496
11497
11498
11499
11500
11501
11502
11503
11504
11505
11506
11507
11508
11509
11510
11511
11512
11513
11514
11515
11516
11517
11518
11519
11520
11521
11522
11523
11524
11525
11526
11527
11528
11529
11530
11531
11532
11533
11534
11535
11536
11537
11538
11539
11540
11541
11542
11543
11544
11545
11546
11547
11548
11549
11550
11551
11552
11553
11554
11555
11556
11557
11558
11559
11560
11561
11562
11563
11564
11565
11566
11567
11568
11569
11570
11571
11572
11573
11574
11575
11576
11577
11578
11579
11580
11581
11582
11583
11584
11585
11586
11587
11588
11589
11590
11591
11592
11593
11594
11595
11596
11597
11598
11599
11600
11601
11602
11603
11604
11605
11606
11607
11608
11609
11610
11611
11612
11613
11614
11615
11616
11617
11618
11619
11620
11621
11622
11623
11624
11625
11626
11627
11628
11629
11630
11631
11632
11633
11634
11635
11636
11637
11638
11639
11640
11641
11642
11643
11644
11645
11646
11647
11648
11649
11650
11651
11652
11653
11654
11655
11656
11657
11658
11659
11660
11661
11662
11663
11664
11665
11666
11667
11668
11669
11670
11671
11672
11673
11674
11675
11676
11677
11678
11679
11680
11681
11682
11683
11684
11685
11686
11687
11688
11689
11690
11691
11692
11693
11694
11695
11696
11697
11698
11699
11700
11701
11702
11703
11704
11705
11706
11707
11708
11709
11710
11711
11712
11713
11714
11715
11716
11717
11718
11719
11720
11721
11722
11723
11724
11725
11726
11727
11728
11729
11730
11731
11732
11733
11734
11735
11736
11737
11738
11739
11740
11741
11742
11743
11744
11745
11746
11747
11748
11749
11750
11751
11752
11753
11754
11755
11756
11757
11758
11759
11760
11761
11762
11763
11764
11765
11766
11767
11768
11769
11770
11771
11772
11773
11774
11775
11776
11777
11778
11779
11780
11781
11782
11783
11784
11785
11786
11787
11788
11789
11790
11791
11792
11793
11794
11795
11796
11797
11798
11799
11800
11801
11802
11803
11804
11805
11806
11807
11808
11809
11810
11811
11812
11813
11814
11815
11816
11817
11818
11819
11820
11821
11822
11823
11824
11825
11826
11827
11828
11829
11830
11831
11832
11833
11834
11835
11836
11837
11838
11839
11840
11841
11842
11843
11844
11845
11846
11847
11848
11849
11850
11851
11852
11853
11854
11855
11856
11857
11858
11859
11860
11861
11862
11863
11864
11865
11866
11867
11868
11869
11870
11871
11872
11873
11874
11875
11876
11877
11878
11879
11880
11881
11882
11883
11884
11885
11886
11887
11888
11889
11890
11891
11892
11893
11894
11895
11896
11897
11898
11899
11900
11901
11902
11903
11904
11905
11906
11907
11908
11909
11910
11911
11912
11913
11914
11915
11916
11917
11918
11919
11920
11921
11922
11923
11924
11925
11926
11927
11928
11929
11930
11931
11932
11933
11934
11935
11936
11937
11938
11939
11940
11941
11942
11943
11944
11945
11946
11947
11948
11949
11950
11951
11952
11953
11954
11955
11956
11957
11958
11959
11960
11961
11962
11963
11964
11965
11966
11967
11968
11969
11970
11971
11972
11973
11974
11975
11976
11977
11978
11979
11980
11981
11982
11983
11984
11985
11986
11987
11988
11989
11990
11991
11992
11993
11994
11995
11996
11997
11998
11999
12000
12001
12002
12003
12004
12005
12006
12007
12008
12009
12010
12011
12012
12013
12014
12015
12016
12017
12018
12019
12020
12021
12022
12023
12024
12025
12026
12027
12028
12029
12030
12031
12032
12033
12034
12035
12036
12037
12038
12039
12040
12041
12042
12043
12044
12045
12046
12047
12048
12049
12050
12051
12052
12053
12054
12055
12056
12057
12058
12059
12060
12061
12062
12063
12064
12065
12066
12067
12068
12069
12070
12071
12072
12073
12074
12075
12076
12077
12078
12079
12080
12081
12082
12083
12084
12085
12086
12087
12088
12089
12090
12091
12092
12093
12094
12095
12096
12097
12098
12099
12100
12101
12102
12103
12104
12105
12106
12107
12108
12109
12110
12111
12112
12113
12114
12115
12116
12117
12118
12119
12120
12121
12122
12123
12124
12125
12126
12127
12128
12129
12130
12131
12132
12133
12134
12135
12136
12137
12138
12139
12140
12141
12142
12143
12144
12145
12146
12147
12148
12149
12150
12151
12152
12153
12154
12155
12156
12157
12158
12159
12160
12161
12162
12163
12164
12165
12166
12167
12168
12169
12170
12171
12172
12173
12174
12175
12176
12177
12178
12179
12180
12181
12182
12183
12184
12185
12186
12187
12188
12189
12190
12191
12192
12193
12194
12195
12196
12197
12198
12199
12200
12201
12202
12203
12204
12205
12206
12207
12208
12209
12210
12211
12212
12213
12214
12215
12216
12217
12218
12219
12220
12221
12222
12223
12224
12225
12226
12227
12228
12229
12230
12231
12232
12233
12234
12235
12236
12237
12238
12239
12240
12241
12242
12243
12244
12245
12246
12247
12248
12249
12250
12251
12252
12253
12254
12255
12256
12257
12258
12259
12260
12261
12262
12263
12264
12265
12266
12267
12268
12269
12270
12271
12272
12273
12274
12275
12276
12277
12278
12279
12280
12281
12282
12283
12284
12285
12286
12287
12288
12289
12290
12291
12292
12293
12294
12295
12296
12297
12298
12299
12300
12301
12302
12303
12304
12305
12306
12307
12308
12309
12310
12311
12312
12313
12314
12315
12316
12317
12318
12319
12320
12321
12322
12323
12324
12325
12326
12327
12328
12329
12330
12331
12332
12333
12334
12335
12336
12337
12338
12339
12340
12341
12342
12343
12344
12345
12346
12347
12348
12349
12350
12351
12352
12353
12354
12355
12356
12357
12358
12359
12360
12361
12362
12363
12364
12365
12366
12367
12368
12369
12370
12371
12372
12373
12374
12375
12376
12377
12378
12379
12380
12381
12382
12383
12384
12385
12386
12387
12388
12389
12390
12391
12392
12393
12394
12395
12396
12397
12398
12399
12400
12401
12402
12403
12404
12405
12406
12407
12408
12409
12410
12411
12412
12413
12414
12415
12416
12417
12418
12419
12420
12421
12422
12423
12424
12425
12426
12427
12428
12429
12430
12431
12432
12433
12434
12435
12436
12437
12438
12439
12440
12441
12442
12443
12444
12445
12446
12447
12448
12449
12450
12451
12452
12453
12454
12455
12456
12457
12458
12459
12460
12461
12462
12463
12464
12465
12466
12467
12468
12469
12470
12471
12472
12473
12474
12475
12476
12477
12478
12479
12480
12481
12482
12483
12484
12485
12486
12487
12488
12489
12490
12491
12492
12493
12494
12495
12496
12497
12498
12499
12500
12501
12502
12503
12504
12505
12506
12507
12508
12509
12510
12511
12512
12513
12514
12515
12516
12517
12518
12519
12520
12521
12522
12523
12524
12525
12526
12527
12528
12529
12530
12531
12532
12533
12534
12535
12536
12537
12538
12539
12540
12541
12542
12543
12544
12545
12546
12547
12548
12549
12550
12551
12552
12553
12554
12555
12556
12557
12558
12559
12560
12561
12562
12563
12564
12565
12566
12567
12568
12569
12570
12571
12572
12573
12574
12575
12576
12577
12578
12579
12580
12581
12582
12583
12584
12585
12586
12587
12588
12589
12590
12591
12592
12593
12594
12595
12596
12597
12598
12599
12600
12601
12602
12603
12604
12605
12606
12607
12608
12609
12610
12611
12612
12613
12614
12615
12616
12617
12618
12619
12620
12621
12622
12623
12624
12625
12626
12627
12628
12629
12630
12631
12632
12633
12634
12635
12636
12637
12638
12639
12640
12641
12642
12643
12644
12645
12646
12647
12648
12649
12650
12651
12652
12653
12654
12655
12656
12657
12658
12659
12660
12661
12662
12663
12664
12665
12666
12667
12668
12669
12670
12671
12672
12673
12674
12675
12676
12677
12678
12679
12680
12681
12682
12683
12684
12685
12686
12687
12688
12689
12690
12691
12692
12693
12694
12695
12696
12697
12698
12699
12700
12701
12702
12703
12704
12705
12706
12707
12708
12709
12710
12711
12712
12713
12714
12715
12716
12717
12718
12719
12720
12721
12722
12723
12724
12725
12726
12727
12728
12729
12730
12731
12732
12733
12734
12735
12736
12737
12738
12739
12740
12741
12742
12743
12744
12745
12746
12747
12748
12749
12750
12751
12752
12753
12754
12755
12756
12757
12758
12759
12760
12761
12762
12763
12764
12765
12766
12767
12768
12769
12770
12771
12772
12773
12774
12775
12776
12777
12778
12779
12780
12781
12782
12783
12784
12785
12786
12787
12788
12789
12790
12791
12792
12793
12794
12795
12796
12797
12798
12799
12800
12801
12802
12803
12804
12805
12806
12807
12808
12809
12810
12811
12812
12813
12814
12815
12816
12817
12818
12819
12820
12821
12822
12823
12824
12825
12826
12827
12828
12829
12830
12831
12832
12833
12834
12835
12836
12837
12838
12839
12840
12841
12842
12843
12844
12845
12846
12847
12848
12849
12850
12851
12852
12853
12854
12855
12856
12857
12858
12859
12860
12861
12862
12863
12864
12865
12866
12867
12868
12869
12870
12871
12872
12873
12874
12875
12876
12877
12878
12879
12880
12881
12882
12883
12884
12885
12886
12887
12888
12889
12890
12891
12892
12893
12894
12895
12896
12897
12898
12899
12900
12901
12902
12903
12904
12905
12906
12907
12908
12909
12910
12911
12912
12913
12914
12915
12916
12917
12918
12919
12920
12921
12922
12923
12924
12925
12926
12927
12928
12929
12930
12931
12932
12933
12934
12935
12936
12937
12938
12939
12940
12941
12942
12943
12944
12945
12946
12947
12948
12949
12950
12951
12952
12953
12954
12955
12956
12957
12958
12959
12960
12961
12962
12963
12964
12965
12966
12967
12968
12969
12970
12971
12972
12973
12974
12975
12976
12977
12978
12979
12980
12981
12982
12983
12984
12985
12986
12987
12988
12989
12990
12991
12992
12993
12994
12995
12996
12997
12998
12999
13000
13001
13002
13003
13004
13005
13006
13007
13008
13009
13010
13011
13012
13013
13014
13015
13016
13017
13018
13019
13020
13021
13022
13023
13024
13025
13026
13027
13028
13029
13030
13031
13032
13033
13034
13035
13036
13037
13038
13039
13040
13041
13042
13043
13044
13045
13046
13047
13048
13049
13050
13051
13052
13053
13054
13055
13056
13057
13058
13059
13060
13061
13062
13063
13064
13065
13066
13067
13068
13069
13070
13071
13072
13073
13074
13075
13076
13077
13078
13079
13080
13081
13082
13083
13084
13085
13086
13087
13088
13089
13090
13091
13092
13093
13094
13095
13096
13097
13098
13099
13100
13101
13102
13103
13104
13105
13106
13107
13108
13109
13110
13111
13112
13113
13114
13115
13116
13117
13118
13119
13120
13121
13122
13123
13124
13125
13126
13127
13128
13129
13130
13131
13132
13133
13134
13135
13136
13137
13138
13139
13140
13141
13142
13143
13144
13145
13146
13147
13148
13149
13150
13151
13152
13153
13154
13155
13156
13157
13158
13159
0.9997801789554477 2e-05 0
0.9997801789554477 4.5e-05 0
0.9997801789554477 7.625000000000001e-05 0
0.9997801789554477 0.0001153125 0
0.9997801789554477 0.000164140625 0
0.9997801789554477 0.00022517578125 0
0.9997801789554477 0.0003014697265625 0
0.9997801789554477 0.000396837158203125 0
0.9997801789554477 0.0005160464477539063 0
0.9997801789554477 0.0006650580596923828 0
0.9997801789554477 0.0008513225746154785 0
0.9997801789554477 0.001084153218269348 0
0.9997801789554477 0.001375191522836685 0
0.9997801789554477 0.001738989403545856 0
0.9997801789554477 0.002193736754432321 0
0.9997801789554477 0.002762170943040401 0
0.9997801789554477 0.003472713678800501 0
0.9997801789554477 0.004360892098500627 0
0.9997801789554477 0.005471115123125783 0
0.9997801789554477 0.006858893903907229 0
0.9997801789554477 0.008593617379884037 0
0.9997801789554477 0.01076202172485505 0
0.9997801789554477 0.01347252715606881 0
0.9997801789554477 0.01686065894508601 0
0.9997801789554477 0.02109582368135751 0
0.9997801789554477 0.02638977960169689 0
0.9997801789554477 0.03300722450212111 0
0.9997801789554477 0.04127903062765138 0
0.9997801789554477 0.05161878828456423 0
0.02770313531421807 2e-05 0
0.02770313531421807 4.5e-05 0
0.02770313531421807 7.625000000000001e-05 0
0.02770313531421807 0.0001153125 0
0.02770313531421807 0.000164140625 0
0.02770313531421807 0.00022517578125 0
0.02770313531421807 0.0003014697265625 0
0.02770313531421807 0.000396837158203125 0
0.02770313531421807 0.0005160464477539063 0
0.02770313531421807 0.0006650580596923828 0
0.02770313531421807 0.0008513225746154785 0
0.02770313531421807 0.001084153218269348 0
0.02770313531421807 0.001375191522836685 0
0.02770313531421807 0.001738989403545856 0
0.02770313531421807 0.002193736754432321 0
0.02770313531421807 0.002762170943040401 0
0.02770313531421807 0.003472713678800501 0
0.02770313531421807 0.004360892098500627 0
0.02770313531421807 0.005471115123125783 0
0.02770313531421807 0.006858893903907229 0
0.02770313531421807 0.008593617379884037 0
0.02770313531421807 0.01076202172485505 0
0.02770313531421807 0.01347252715606881 0
0.02770313531421807 0.01686065894508601 0
0.02770313531421807 0.02109582368135751 0
0.02770313531421807 0.02638977960169689 0
0.02770313531421807 0.03300722450212111 0
0.02770313531421807 0.04127903062765138 0
0.02770313531421807 0.05161878828456423 0
0.03395179009848695 2.000000000000001e-05 0
0.03395179009848695 4.500000000000001e-05 0
0.03395179009848695 7.625000000000001e-05 0
0.03395179009848695 0.0001153125 0
0.03395179009848695 0.000164140625 0
0.03395179009848695 0.0002251757812500001 0
0.03395179009848695 0.0003014697265625001 0
0.03395179009848695 0.0003968371582031251 0
0.03395179009848695 0.0005160464477539064 0
0.03395179009848695 0.0006650580596923829 0
0.03395179009848695 0.0008513225746154787 0
0.03395179009848695 0.001084153218269348 0
0.03395179009848695 0.001375191522836685 0
0.03395179009848695 0.001738989403545857 0
0.03395179009848695 0.002193736754432321 0
0.03395179009848695 0.002762170943040401 0
0.03395179009848695 0.003472713678800502 0
0.03395179009848695 0.004360892098500627 0
0.03395179009848695 0.005471115123125783 0
0.03395179009848695 0.00685889390390723 0
0.03395179009848695 0.008593617379884037 0
0.03395179009848695 0.01076202172485505 0
0.03395179009848695 0.01347252715606881 0
0.03395179009848695 0.01686065894508601 0
0.03395179009848695 0.02109582368135751 0
0.03395179009848695 0.02638977960169689 0
0.03395179009848695 0.03300722450212111 0
0.03395179009848695 0.04127903062765139 0
0.03395179009848695 0.05161878828456424 0
0.04156029629315559 2e-05 0
0.04156029629315559 4.5e-05 0
0.04156029629315559 7.625000000000001e-05 0
0.04156029629315559 0.0001153125 0
0.04156029629315559 0.000164140625 0
0.04156029629315559 0.00022517578125 0
0.04156029629315559 0.0003014697265625 0
0.04156029629315559 0.000396837158203125 0
0.04156029629315559 0.0005160464477539063 0
0.04156029629315559 0.0006650580596923828 0
0.04156029629315559 0.0008513225746154785 0
0.04156029629315559 0.001084153218269348 0
0.04156029629315559 0.001375191522836685 0
0.04156029629315559 0.001738989403545856 0
0.04156029629315559 0.002193736754432321 0
0.04156029629315559 0.002762170943040401 0
0.04156029629315559 0.003472713678800501 0
0.04156029629315559 0.004360892098500627 0
0.04156029629315559 0.005471115123125783 0
0.04156029629315559 0.006858893903907229 0
0.04156029629315559 0.008593617379884037 0
0.04156029629315559 0.01076202172485505 0
0.04156029629315559 0.01347252715606881 0
0.04156029629315559 0.01686065894508601 0
0.04156029629315559 0.02109582368135751 0
0.04156029629315559 0.02638977960169689 0
0.04156029629315559 0.03300722450212111 0
0.04156029629315559 0.04127903062765138 0
0.04156029629315559 0.05161878828456423 0
0.05082458652535192 2e-05 0
0.05082458652535192 4.5e-05 0
0.05082458652535192 7.625000000000001e-05 0
0.05082458652535192 0.0001153125 0
0.05082458652535192 0.000164140625 0
0.05082458652535192 0.00022517578125 0
0.05082458652535192 0.0003014697265625 0
0.05082458652535192 0.000396837158203125 0
0.05082458652535192 0.0005160464477539063 0
0.05082458652535192 0.0006650580596923828 0
0.05082458652535192 0.0008513225746154785 0
0.05082458652535192 0.001084153218269348 0
0.05082458652535192 0.001375191522836685 0
0.05082458652535192 0.001738989403545856 0
0.05082458652535192 0.002193736754432321 0
0.05082458652535192 0.002762170943040401 0
0.05082458652535192 0.003472713678800501 0
0.05082458652535192 0.004360892098500627 0
0.05082458652535192 0.005471115123125783 0
0.05082458652535192 0.006858893903907229 0
0.05082458652535192 0.008593617379884037 0
0.05082458652535192 0.01076202172485505 0
0.05082458652535192 0.01347252715606881 0
0.05082458652535192 0.01686065894508601 0
0.05082458652535192 0.02109582368135751 0
0.05082458652535192 0.02638977960169689 0
0.05082458652535192 0.03300722450212111 0
0.05082458652535192 0.04127903062765138 0
0.05082458652535192 0.05161878828456423 0
0.06210499796367409 2e-05 0
0.06210499796367409 4.5e-05 0
0.06210499796367409 7.625000000000001e-05 0
0.06210499796367409 0.0001153125 0
0.06210499796367409 0.000164140625 0
0.06210499796367409 0.00022517578125 0
0.06210499796367409 0.0003014697265625 0
0.06210499796367409 0.000396837158203125 0
0.06210499796367409 0.0005160464477539063 0
0.06210499796367409 0.0006650580596923828 0
0.06210499796367409 0.0008513225746154785 0
0.06210499796367409 0.001084153218269348 0
0.06210499796367409 0.001375191522836685 0
0.06210499796367409 0.001738989403545856 0
0.06210499796367409 0.002193736754432321 0
0.06210499796367409 0.002762170943040401 0
0.06210499796367409 0.003472713678800501 0
0.06210499796367409 0.004360892098500627 0
0.06210499796367409 0.005471115123125783 0
0.06210499796367409 0.006858893903907229 0
0.06210499796367409 0.008593617379884037 0
0.06210499796367409 0.01076202172485505 0
0.06210499796367409 0.01347252715606881 0
0.06210499796367409 0.01686065894508601 0
0.06210499796367409 0.02109582368135751 0
0.06210499796367409 0.02638977960169689 0
0.06210499796367409 0.03300722450212111 0
0.06210499796367409 0.04127903062765138 0
0.06210499796367409 0.05161878828456423 0
0.07584028486937476 2e-05 0
0.07584028486937476 4.5e-05 0
0.07584028486937476 7.625000000000001e-05 0
0.07584028486937476 0.0001153125 0
0.07584028486937476 0.000164140625 0
0.07584028486937476 0.00022517578125 0
0.07584028486937476 0.0003014697265625 0
0.07584028486937476 0.000396837158203125 0
0.07584028486937476 0.0005160464477539063 0
0.07584028486937476 0.0006650580596923828 0
0.07584028486937476 0.0008513225746154785 0
0.07584028486937476 0.001084153218269348 0
0.07584028486937476 0.001375191522836685 0
0.07584028486937476 0.001738989403545856 0
0.07584028486937476 0.002193736754432321 0
0.07584028486937476 0.002762170943040401 0
0.07584028486937476 0.003472713678800501 0
0.07584028486937476 0.004360892098500627 0
0.07584028486937476 0.005471115123125783 0
0.07584028486937476 0.006858893903907229 0
0.07584028486937476 0.008593617379884037 0
0.07584028486937476 0.01076202172485505 0
0.07584028486937476 0.01347252715606881 0
0.07584028486937476 0.01686065894508601 0
0.07584028486937476 0.02109582368135751 0
0.07584028486937476 0.02638977960169689 0
0.07584028486937476 0.03300722450212111 0
0.07584028486937476 0.04127903062765138 0
0.07584028486937476 0.05161878828456423 0
0.9937741994998642 2e-05 0
0.9937741994998642 4.5e-05 0
0.9937741994998642 7.625000000000001e-05 0
0.9937741994998642 0.0001153125 0
0.9937741994998642 0.000164140625 0
0.9937741994998642 0.00022517578125 0
0.9937741994998642 0.0003014697265625 0
0.9937741994998642 0.000396837158203125 0
0.9937741994998642 0.0005160464477539063 0
0.9937741994998642 0.0006650580596923828 0
0.9937741994998642 0.0008513225746154785 0
0.9937741994998642 0.001084153218269348 0
0.9937741994998642 0.001375191522836685 0
0.9937741994998642 0.001738989403545856 0
0.9937741994998642 0.002193736754432321 0
0.9937741994998642 0.002762170943040401 0
0.9937741994998642 0.003472713678800501 0
0.9937741994998642 0.004360892098500627 0
0.9937741994998642 0.005471115123125783 0
0.9937741994998642 0.006858893903907229 0
0.9937741994998642 0.008593617379884037 0
0.9937741994998642 0.01076202172485505 0
0.9937741994998642 0.01347252715606881 0
0.9937741994998642 0.01686065894508601 0
0.9937741994998642 0.02109582368135751 0
0.9937741994998642 0.02638977960169689 0
0.9937741994998642 0.03300722450212111 0
0.9937741994998642 0.04127903062765138 0
0.9937741994998642 0.05161878828456423 0
0.9950674549908498 2e-05 0
0.9950674549908498 4.5e-05 0
0.9950674549908498 7.625000000000001e-05 0
0.9950674549908498 0.0001153125 0
0.9950674549908498 0.000164140625 0
0.9950674549908498 0.00022517578125 0
0.9950674549908498 0.0003014697265625 0
0.9950674549908498 0.000396837158203125 0
0.9950674549908498 0.0005160464477539063 0
0.9950674549908498 0.0006650580596923828 0
0.9950674549908498 0.0008513225746154785 0
0.9950674549908498 0.001084153218269348 0
0.9950674549908498 0.001375191522836685 0
0.9950674549908498 0.001738989403545856 0
0.9950674549908498 0.002193736754432321 0
0.9950674549908498 0.002762170943040401 0
0.9950674549908498 0.003472713678800501 0
0.9950674549908498 0.004360892098500627 0
0.9950674549908498 0.005471115123125783 0
0.9950674549908498 0.006858893903907229 0
0.9950674549908498 0.008593617379884037 0
0.9950674549908498 0.01076202172485505 0
0.9950674549908498 0.01347252715606881 0
0.9950674549908498 0.01686065894508601 0
0.9950674549908498 0.02109582368135751 0
0.9950674549908498 0.02638977960169689 0
0.9950674549908498 0.03300722450212111 0
0.9950674549908498 0.04127903062765138 0
0.9950674549908498 0.05161878828456423 0
0.9961295699464777 2.000000000000001e-05 0
0.9961295699464777 4.500000000000001e-05 0
0.9961295699464777 7.625000000000001e-05 0
0.9961295699464777 0.0001153125 0
0.9961295699464777 0.000164140625 0
0.9961295699464777 0.0002251757812500001 0
0.9961295699464777 0.0003014697265625001 0
0.9961295699464777 0.0003968371582031251 0
0.9961295699464777 0.0005160464477539064 0
0.9961295699464777 0.0006650580596923829 0
0.9961295699464777 0.0008513225746154787 0
0.9961295699464777 0.001084153218269348 0
0.9961295699464777 0.001375191522836685 0
0.9961295699464777 0.001738989403545857 0
0.9961295699464777 0.002193736754432321 0
0.9961295699464777 0.002762170943040401 0
0.9961295699464777 0.003472713678800502 0
0.9961295699464777 0.004360892098500627 0
0.9961295699464777 0.005471115123125783 0
0.9961295699464777 0.00685889390390723 0
0.9961295699464777 0.008593617379884037 0
0.9961295699464777 0.01076202172485505 0
0.9961295699464777 0.01347252715606881 0
0.9961295699464777 0.01686065894508601 0
0.9961295699464777 0.02109582368135751 0
0.9961295699464777 0.02638977960169689 0
0.9961295699464777 0.03300722450212111 0
0.9961295699464777 0.04127903062765139 0
0.9961295699464777 0.05161878828456424 0
0.2116104267867806 2e-05 0
0.2116104267867806 4.5e-05 0
0.2116104267867806 7.625e-05 0
0.2116104267867806 0.0001153125 0
0.2116104267867806 0.000164140625 0
0.2116104267867806 0.00022517578125 0
0.2116104267867806 0.0003014697265625 0
0.2116104267867806 0.000396837158203125 0
0.2116104267867806 0.0005160464477539063 0
0.2116104267867806 0.0006650580596923828 0
0.2116104267867806 0.0008513225746154785 0
0.2116104267867806 0.001084153218269348 0
0.2116104267867806 0.001375191522836685 0
0.2116104267867806 0.001738989403545856 0
0.2116104267867806 0.00219373675443232 0
0.2116104267867806 0.002762170943040401 0
0.2116104267867806 0.003472713678800501 0
0.2116104267867806 0.004360892098500626 0
0.2116104267867806 0.005471115123125782 0
0.2116104267867806 0.006858893903907228 0
0.2116104267867806 0.008593617379884035 0
0.2116104267867806 0.01076202172485504 0
0.2116104267867806 0.01347252715606881 0
0.2116104267867806 0.01686065894508601 0
0.2116104267867806 0.02109582368135751 0
0.2116104267867806 0.02638977960169689 0
0.2116104267867806 0.03300722450212111 0
0.2116104267867806 0.04127903062765138 0
0.2116104267867806 0.05161878828456423 0
0.2314993628703028 2e-05 0
0.2314993628703028 4.5e-05 0
0.2314993628703028 7.625e-05 0
0.2314993628703028 0.0001153125 0
0.2314993628703028 0.000164140625 0
0.2314993628703028 0.00022517578125 0
0.2314993628703028 0.0003014697265625 0
0.2314993628703028 0.000396837158203125 0
0.2314993628703028 0.0005160464477539063 0
0.2314993628703028 0.0006650580596923828 0
0.2314993628703028 0.0008513225746154785 0
0.2314993628703028 0.001084153218269348 0
0.2314993628703028 0.001375191522836685 0
0.2314993628703028 0.001738989403545856 0
0.2314993628703028 0.00219373675443232 0
0.2314993628703028 0.002762170943040401 0
0.2314993628703028 0.003472713678800501 0
0.2314993628703028 0.004360892098500626 0
0.2314993628703028 0.005471115123125782 0
0.2314993628703028 0.006858893903907228 0
0.2314993628703028 0.008593617379884035 0
0.2314993628703028 0.01076202172485504 0
0.2314993628703028 0.01347252715606881 0
0.2314993628703028 0.01686065894508601 0
0.2314993628703028 0.02109582368135751 0
0.2314993628703028 0.02638977960169689 0
0.2314993628703028 0.03300722450212111 0
0.2314993628703028 0.04127903062765138 0
0.2314993628703028 0.05161878828456423 0
0.2513882989538248 2e-05 0
0.2513882989538248 4.5e-05 0
0.2513882989538248 7.625000000000001e-05 0
0.2513882989538248 0.0001153125 0
0.2513882989538248 0.000164140625 0
0.2513882989538248 0.00022517578125 0
0.2513882989538248 0.0003014697265625 0
0.2513882989538248 0.000396837158203125 0
0.2513882989538248 0.0005160464477539063 0
0.2513882989538248 0.0006650580596923828 0
0.2513882989538248 0.0008513225746154785 0
0.2513882989538248 0.001084153218269348 0
0.2513882989538248 0.001375191522836685 0
0.2513882989538248 0.001738989403545856 0
0.2513882989538248 0.002193736754432321 0
0.2513882989538248 0.002762170943040401 0
0.2513882989538248 0.003472713678800501 0
0.2513882989538248 0.004360892098500627 0
0.2513882989538248 0.005471115123125783 0
0.2513882989538248 0.006858893903907229 0
0.2513882989538248 0.008593617379884037 0
0.2513882989538248 0.01076202172485505 0
0.2513882989538248 0.01347252715606881 0
0.2513882989538248 0.01686065894508601 0
0.2513882989538248 0.02109582368135751 0
0.2513882989538248 0.02638977960169689 0
0.2513882989538248 0.03300722450212111 0
0.2513882989538248 0.04127903062765138 0
0.2513882989538248 0.05161878828456423 0
0.09256468360769254 2e-05 0
0.09256468360769254 4.5e-05 0
0.09256468360769254 7.625000000000001e-05 0
0.09256468360769254 0.0001153125 0
0.09256468360769254 0.000164140625 0
0.09256468360769254 0.00022517578125 0
0.09256468360769254 0.0003014697265625 0
0.09256468360769254 0.000396837158203125 0
0.09256468360769254 0.0005160464477539063 0
0.09256468360769254 0.0006650580596923828 0
0.09256468360769254 0.0008513225746154785 0
0.09256468360769254 0.001084153218269348 0
0.09256468360769254 0.001375191522836685 0
0.09256468360769254 0.001738989403545856 0
0.09256468360769254 0.002193736754432321 0
0.09256468360769254 0.002762170943040401 0
0.09256468360769254 0.003472713678800501 0
0.09256468360769254 0.004360892098500627 0
0.09256468360769254 0.005471115123125783 0
0.09256468360769254 0.006858893903907229 0
0.09256468360769254 0.008593617379884037 0
0.09256468360769254 0.01076202172485505 0
0.09256468360769254 0.01347252715606881 0
0.09256468360769254 0.01686065894508601 0
0.09256468360769254 0.02109582368135751 0
0.09256468360769254 0.02638977960169689 0
0.09256468360769254 0.03300722450212111 0
0.09256468360769254 0.04127903062765138 0
0.09256468360769254 0.05161878828456423 0
0.1121657463691524 2.000000000000001e-05 0
0.1121657463691524 4.500000000000001e-05 0
0.1121657463691524 7.625000000000001e-05 0
0.1121657463691524 0.0001153125 0
0.1121657463691524 0.000164140625 0
0.1121657463691524 0.0002251757812500001 0
0.1121657463691524 0.0003014697265625001 0
0.1121657463691524 0.0003968371582031251 0
0.1121657463691524 0.0005160464477539064 0
0.1121657463691524 0.0006650580596923829 0
0.1121657463691524 0.0008513225746154787 0
0.1121657463691524 0.001084153218269348 0
0.1121657463691524 0.001375191522836685 0
0.1121657463691524 0.001738989403545857 0
0.1121657463691524 0.002193736754432321 0
0.1121657463691524 0.002762170943040401 0
0.1121657463691524 0.003472713678800502 0
0.1121657463691524 0.004360892098500627 0
0.1121657463691524 0.005471115123125783 0
0.1121657463691524 0.00685889390390723 0
0.1121657463691524 0.008593617379884037 0
0.1121657463691524 0.01076202172485505 0
0.1121657463691524 0.01347252715606881 0
0.1121657463691524 0.01686065894508601 0
0.1121657463691524 0.02109582368135751 0
0.1121657463691524 0.02638977960169689 0
0.1121657463691524 0.03300722450212111 0
0.1121657463691524 0.04127903062765139 0
0.1121657463691524 0.05161878828456424 0
0.1320546824526921 2.000000000000001e-05 0
0.1320546824526921 4.500000000000001e-05 0
0.1320546824526921 7.625000000000001e-05 0
0.1320546824526921 0.0001153125 0
0.1320546824526921 0.000164140625 0
0.1320546824526921 0.0002251757812500001 0
0.1320546824526921 0.0003014697265625001 0
0.1320546824526921 0.0003968371582031251 0
0.1320546824526921 0.0005160464477539064 0
0.1320546824526921 0.0006650580596923829 0
0.1320546824526921 0.0008513225746154787 0
0.1320546824526921 0.001084153218269348 0
0.1320546824526921 0.001375191522836685 0
0.1320546824526921 0.001738989403545857 0
0.1320546824526921 0.002193736754432321 0
0.1320546824526921 0.002762170943040401 0
0.1320546824526921 0.003472713678800502 0
0.1320546824526921 0.004360892098500627 0
0.1320546824526921 0.005471115123125783 0
0.1320546824526921 0.00685889390390723 0
0.1320546824526921 0.008593617379884037 0
0.1320546824526921 0.01076202172485505 0
0.1320546824526921 0.01347252715606881 0
0.1320546824526921 0.01686065894508601 0
0.1320546824526921 0.02109582368135751 0
0.1320546824526921 0.02638977960169689 0
0.1320546824526921 0.03300722450212111 0
0.1320546824526921 0.04127903062765139 0
0.1320546824526921 0.05161878828456424 0
0.1519436185362144 2e-05 0
0.1519436185362144 4.5e-05 0
0.1519436185362144 7.625000000000001e-05 0
0.1519436185362144 0.0001153125 0
0.1519436185362144 0.000164140625 0
0.1519436185362144 0.00022517578125 0
0.1519436185362144 0.0003014697265625 0
0.1519436185362144 0.000396837158203125 0
0.1519436185362144 0.0005160464477539063 0
0.1519436185362144 0.0006650580596923828 0
0.1519436185362144 0.0008513225746154785 0
0.1519436185362144 0.001084153218269348 0
0.1519436185362144 0.001375191522836685 0
0.1519436185362144 0.001738989403545856 0
0.1519436185362144 0.002193736754432321 0
0.1519436185362144 0.002762170943040401 0
0.1519436185362144 0.003472713678800501 0
0.1519436185362144 0.004360892098500627 0
0.1519436185362144 0.005471115123125783 0
0.1519436185362144 0.006858893903907229 0
0.1519436185362144 0.008593617379884037 0
0.1519436185362144 0.01076202172485505 0
0.1519436185362144 0.01347252715606881 0
0.1519436185362144 0.01686065894508601 0
0.1519436185362144 0.02109582368135751 0
0.1519436185362144 0.02638977960169689 0
0.1519436185362144 0.03300722450212111 0
0.1519436185362144 0.04127903062765138 0
0.1519436185362144 0.05161878828456423 0
0.1718325546197365 2e-05 0
0.1718325546197365 4.5e-05 0
0.1718325546197365 7.625000000000001e-05 0
0.1718325546197365 0.0001153125 0
0.1718325546197365 0.000164140625 0
0.1718325546197365 0.00022517578125 0
0.1718325546197365 0.0003014697265625 0
0.1718325546197365 0.000396837158203125 0
0.1718325546197365 0.0005160464477539063 0
0.1718325546197365 0.0006650580596923828 0
0.1718325546197365 0.0008513225746154785 0
0.1718325546197365 0.001084153218269348 0
0.1718325546197365 0.001375191522836685 0
0.1718325546197365 0.001738989403545856 0
0.1718325546197365 0.002193736754432321 0
0.1718325546197365 0.002762170943040401 0
0.1718325546197365 0.003472713678800501 0
0.1718325546197365 0.004360892098500627 0
0.1718325546197365 0.005471115123125783 0
0.1718325546197365 0.006858893903907229 0
0.1718325546197365 0.008593617379884037 0
0.1718325546197365 0.01076202172485505 0
0.1718325546197365 0.01347252715606881 0
0.1718325546197365 0.01686065894508601 0
0.1718325546197365 0.02109582368135751 0
0.1718325546197365 0.02638977960169689 0
0.1718325546197365 0.03300722450212111 0
0.1718325546197365 0.04127903062765138 0
0.1718325546197365 0.05161878828456423 0
0.1917214907032586 2.000000000000001e-05 0
0.1917214907032586 4.500000000000001e-05 0
0.1917214907032586 7.625000000000001e-05 0
0.1917214907032586 0.0001153125 0
0.1917214907032586 0.000164140625 0
0.1917214907032586 0.0002251757812500001 0
0.1917214907032586 0.0003014697265625001 0
0.1917214907032586 0.0003968371582031251 0
0.1917214907032586 0.0005160464477539064 0
0.1917214907032586 0.0006650580596923829 0
0.1917214907032586 0.0008513225746154787 0
0.1917214907032586 0.001084153218269348 0
0.1917214907032586 0.001375191522836685 0
0.1917214907032586 0.001738989403545857 0
0.1917214907032586 0.002193736754432321 0
0.1917214907032586 0.002762170943040401 0
0.1917214907032586 0.003472713678800502 0
0.1917214907032586 0.004360892098500627 0
0.1917214907032586 0.005471115123125783 0
0.1917214907032586 0.00685889390390723 0
0.1917214907032586 0.008593617379884037 0
0.1917214907032586 0.01076202172485505 0
0.1917214907032586 0.01347252715606881 0
0.1917214907032586 0.01686065894508601 0
0.1917214907032586 0.02109582368135751 0
0.1917214907032586 0.02638977960169689 0
0.1917214907032586 0.03300722450212111 0
0.1917214907032586 0.04127903062765139 0
0.1917214907032586 0.05161878828456424 0
0.9970018556669997 2e-05 0
0.9970018556669997 4.5e-05 0
0.9970018556669997 7.625e-05 0
0.9970018556669997 0.0001153125 0
0.9970018556669997 0.000164140625 0
0.9970018556669997 0.00022517578125 0
0.9970018556669997 0.0003014697265625 0
0.9970018556669997 0.000396837158203125 0
0.9970018556669997 0.0005160464477539063 0
0.9970018556669997 0.0006650580596923828 0
0.9970018556669997 0.0008513225746154785 0
0.9970018556669997 0.001084153218269348 0
0.9970018556669997 0.001375191522836685 0
0.9970018556669997 0.001738989403545856 0
0.9970018556669997 0.00219373675443232 0
0.9970018556669997 0.002762170943040401 0
0.9970018556669997 0.003472713678800501 0
0.9970018556669997 0.004360892098500626 0
0.9970018556669997 0.005471115123125782 0
0.9970018556669997 0.006858893903907228 0
0.9970018556669997 0.008593617379884035 0
0.9970018556669997 0.01076202172485504 0
0.9970018556669997 0.01347252715606881 0
0.9970018556669997 0.01686065894508601 0
0.9970018556669997 0.02109582368135751 0
0.9970018556669997 0.02638977960169689 0
0.9970018556669997 0.03300722450212111 0
0.9970018556669997 0.04127903062765138 0
0.9970018556669997 0.05161878828456423 0
0.9977182397368483 2e-05 0
0.9977182397368483 4.5e-05 0
0.9977182397368483 7.625000000000001e-05 0
0.9977182397368483 0.0001153125 0
0.9977182397368483 0.000164140625 0
0.9977182397368483 0.00022517578125 0
0.9977182397368483 0.0003014697265625 0
0.9977182397368483 0.000396837158203125 0
0.9977182397368483 0.0005160464477539063 0
0.9977182397368483 0.0006650580596923828 0
0.9977182397368483 0.0008513225746154785 0
0.9977182397368483 0.001084153218269348 0
0.9977182397368483 0.001375191522836685 0
0.9977182397368483 0.001738989403545856 0
0.9977182397368483 0.002193736754432321 0
0.9977182397368483 0.002762170943040401 0
0.9977182397368483 0.003472713678800501 0
0.9977182397368483 0.004360892098500627 0
0.9977182397368483 0.005471115123125783 0
0.9977182397368483 0.006858893903907229 0
0.9977182397368483 0.008593617379884037 0
0.9977182397368483 0.01076202172485505 0
0.9977182397368483 0.01347252715606881 0
0.9977182397368483 0.01686065894508601 0
0.9977182397368483 0.02109582368135751 0
0.9977182397368483 0.02638977960169689 0
0.9977182397368483 0.03300722450212111 0
0.9977182397368483 0.04127903062765138 0
0.9977182397368483 0.05161878828456423 0
0.9983065863397841 2e-05 0
0.9983065863397841 4.5e-05 0
0.9983065863397841 7.625000000000001e-05 0
0.9983065863397841 0.0001153125 0
0.9983065863397841 0.000164140625 0
0.9983065863397841 0.00022517578125 0
0.9983065863397841 0.0003014697265625 0
0.9983065863397841 0.000396837158203125 0
0.9983065863397841 0.0005160464477539063 0
0.9983065863397841 0.0006650580596923828 0
0.9983065863397841 0.0008513225746154785 0
0.9983065863397841 0.001084153218269348 0
0.9983065863397841 0.001375191522836685 0
0.9983065863397841 0.001738989403545856 0
0.9983065863397841 0.002193736754432321 0
0.9983065863397841 0.002762170943040401 0
0.9983065863397841 0.003472713678800501 0
0.9983065863397841 0.004360892098500627 0
0.9983065863397841 0.005471115123125783 0
0.9983065863397841 0.006858893903907229 0
0.9983065863397841 0.008593617379884037 0
0.9983065863397841 0.01076202172485505 0
0.9983065863397841 0.01347252715606881 0
0.9983065863397841 0.01686065894508601 0
0.9983065863397841 0.02109582368135751 0
0.9983065863397841 0.02638977960169689 0
0.9983065863397841 0.03300722450212111 0
0.9983065863397841 0.04127903062765138 0
0.9983065863397841 0.05161878828456423 0
0.2712772350373469 2.000000000000001e-05 0
0.2712772350373469 4.500000000000001e-05 0
0.2712772350373469 7.625000000000002e-05 0
0.2712772350373469 0.0001153125 0
0.2712772350373469 0.000164140625 0
0.2712772350373469 0.0002251757812500001 0
0.2712772350373469 0.0003014697265625001 0
0.2712772350373469 0.0003968371582031251 0
0.2712772350373469 0.0005160464477539064 0
0.2712772350373469 0.0006650580596923829 0
0.2712772350373469 0.0008513225746154787 0
0.2712772350373469 0.001084153218269348 0
0.2712772350373469 0.001375191522836685 0
0.2712772350373469 0.001738989403545857 0
0.2712772350373469 0.002193736754432321 0
0.2712772350373469 0.002762170943040401 0
0.2712772350373469 0.003472713678800502 0
0.2712772350373469 0.004360892098500628 0
0.2712772350373469 0.005471115123125784 0
0.2712772350373469 0.006858893903907231 0
0.2712772350373469 0.008593617379884039 0
0.2712772350373469 0.01076202172485505 0
0.2712772350373469 0.01347252715606881 0
0.2712772350373469 0.01686065894508601 0
0.2712772350373469 0.02109582368135752 0
0.2712772350373469 0.0263897796016969 0
0.2712772350373469 0.03300722450212112 0
0.2712772350373469 0.04127903062765139 0
0.2712772350373469 0.05161878828456425 0
0.291166171120869 2e-05 0
0.291166171120869 4.5e-05 0
0.291166171120869 7.625e-05 0
0.291166171120869 0.0001153125 0
0.291166171120869 0.000164140625 0
0.291166171120869 0.00022517578125 0
0.291166171120869 0.0003014697265625 0
0.291166171120869 0.000396837158203125 0
0.291166171120869 0.0005160464477539063 0
0.291166171120869 0.0006650580596923828 0
0.291166171120869 0.0008513225746154785 0
0.291166171120869 0.001084153218269348 0
0.291166171120869 0.001375191522836685 0
0.291166171120869 0.001738989403545856 0
0.291166171120869 0.00219373675443232 0
0.291166171120869 0.002762170943040401 0
0.291166171120869 0.003472713678800501 0
0.291166171120869 0.004360892098500626 0
0.291166171120869 0.005471115123125782 0
0.291166171120869 0.006858893903907228 0
0.291166171120869 0.008593617379884035 0
0.291166171120869 0.01076202172485504 0
0.291166171120869 0.01347252715606881 0
0.291166171120869 0.01686065894508601 0
0.291166171120869 0.02109582368135751 0
0.291166171120869 0.02638977960169689 0
0.291166171120869 0.03300722450212111 0
0.291166171120869 0.04127903062765138 0
0.291166171120869 0.05161878828456423 0
0.311055107204391 2e-05 0
0.311055107204391 4.5e-05 0
0.311055107204391 7.625000000000001e-05 0
0.311055107204391 0.0001153125 0
0.311055107204391 0.000164140625 0
0.311055107204391 0.00022517578125 0
0.311055107204391 0.0003014697265625 0
0.311055107204391 0.000396837158203125 0
0.311055107204391 0.0005160464477539063 0
0.311055107204391 0.0006650580596923828 0
0.311055107204391 0.0008513225746154785 0
0.311055107204391 0.001084153218269348 0
0.311055107204391 0.001375191522836685 0
0.311055107204391 0.001738989403545856 0
0.311055107204391 0.002193736754432321 0
0.311055107204391 0.002762170943040401 0
0.311055107204391 0.003472713678800501 0
0.311055107204391 0.004360892098500627 0
0.311055107204391 0.005471115123125783 0
0.311055107204391 0.006858893903907229 0
0.311055107204391 0.008593617379884037 0
0.311055107204391 0.01076202172485505 0
0.311055107204391 0.01347252715606881 0
0.311055107204391 0.01686065894508601 0
0.311055107204391 0.02109582368135751 0
0.311055107204391 0.02638977960169689 0
0.311055107204391 0.03300722450212111 0
0.311055107204391 0.04127903062765138 0
0.311055107204391 0.05161878828456423 0
0.9987897791195731 2e-05 0
0.9987897791195731 4.5e-05 0
0.9987897791195731 7.625000000000001e-05 0
0.9987897791195731 0.0001153125 0
0.9987897791195731 0.000164140625 0
0.9987897791195731 0.00022517578125 0
0.9987897791195731 0.0003014697265625 0
0.9987897791195731 0.000396837158203125 0
0.9987897791195731 0.0005160464477539063 0
0.9987897791195731 0.0006650580596923828 0
0.9987897791195731 0.0008513225746154785 0
0.9987897791195731 0.001084153218269348 0
0.9987897791195731 0.001375191522836685 0
0.9987897791195731 0.001738989403545856 0
0.9987897791195731 0.002193736754432321 0
0.9987897791195731 0.002762170943040401 0
0.9987897791195731 0.003472713678800501 0
0.9987897791195731 0.004360892098500627 0
0.9987897791195731 0.005471115123125783 0
0.9987897791195731 0.006858893903907229 0
0.9987897791195731 0.008593617379884037 0
0.9987897791195731 0.01076202172485505 0
0.9987897791195731 0.01347252715606881 0
0.9987897791195731 0.01686065894508601 0
0.9987897791195731 0.02109582368135751 0
0.9987897791195731 0.02638977960169689 0
0.9987897791195731 0.03300722450212111 0
0.9987897791195731 0.04127903062765138 0
0.9987897791195731 0.05161878828456423 0
0.9991866119480619 2e-05 0
0.9991866119480619 4.5e-05 0
0.9991866119480619 7.625000000000001e-05 0
0.9991866119480619 0.0001153125 0
0.9991866119480619 0.000164140625 0
0.9991866119480619 0.00022517578125 0
0.9991866119480619 0.0003014697265625 0
0.9991866119480619 0.000396837158203125 0
0.9991866119480619 0.0005160464477539063 0
0.9991866119480619 0.0006650580596923828 0
0.9991866119480619 0.0008513225746154785 0
0.9991866119480619 0.001084153218269348 0
0.9991866119480619 0.001375191522836685 0
0.9991866119480619 0.001738989403545856 0
0.9991866119480619 0.002193736754432321 0
0.9991866119480619 0.002762170943040401 0
0.9991866119480619 0.003472713678800501 0
0.9991866119480619 0.004360892098500627 0
0.9991866119480619 0.005471115123125783 0
0.9991866119480619 0.006858893903907229 0
0.9991866119480619 0.008593617379884037 0
0.9991866119480619 0.01076202172485505 0
0.9991866119480619 0.01347252715606881 0
0.9991866119480619 0.01686065894508601 0
0.9991866119480619 0.02109582368135751 0
0.9991866119480619 0.02638977960169689 0
0.9991866119480619 0.03300722450212111 0
0.9991866119480619 0.04127903062765138 0
0.9991866119480619 0.05161878828456423 0
0.9995125198131353 2.000000000000001e-05 0
0.9995125198131353 4.500000000000001e-05 0
0.9995125198131353 7.625000000000001e-05 0
0.9995125198131353 0.0001153125 0
0.9995125198131353 0.000164140625 0
0.9995125198131353 0.0002251757812500001 0
0.9995125198131353 0.0003014697265625001 0
0.9995125198131353 0.0003968371582031251 0
0.9995125198131353 0.0005160464477539064 0
0.9995125198131353 0.0006650580596923829 0
0.9995125198131353 0.0008513225746154787 0
0.9995125198131353 0.001084153218269348 0
0.9995125198131353 0.001375191522836685 0
0.9995125198131353 0.001738989403545857 0
0.9995125198131353 0.002193736754432321 0
0.9995125198131353 0.002762170943040401 0
0.9995125198131353 0.003472713678800502 0
0.9995125198131353 0.004360892098500627 0
0.9995125198131353 0.005471115123125783 0
0.9995125198131353 0.00685889390390723 0
0.9995125198131353 0.008593617379884037 0
0.9995125198131353 0.01076202172485505 0
0.9995125198131353 0.01347252715606881 0
0.9995125198131353 0.01686065894508601 0
0.9995125198131353 0.02109582368135751 0
0.9995125198131353 0.02638977960169689 0
0.9995125198131353 0.03300722450212111 0
0.9995125198131353 0.04127903062765139 0
0.9995125198131353 0.05161878828456424 0
0.3906108515384794 2.000000000000001e-05 0
0.3906108515384794 4.500000000000001e-05 0
0.3906108515384794 7.625000000000001e-05 0
0.3906108515384794 0.0001153125 0
0.3906108515384794 0.000164140625 0
0.3906108515384794 0.0002251757812500001 0
0.3906108515384794 0.0003014697265625001 0
0.3906108515384794 0.0003968371582031251 0
0.3906108515384794 0.0005160464477539064 0
0.3906108515384794 0.0006650580596923829 0
0.3906108515384794 0.0008513225746154787 0
0.3906108515384794 0.001084153218269348 0
0.3906108515384794 0.001375191522836685 0
0.3906108515384794 0.001738989403545857 0
0.3906108515384794 0.002193736754432321 0
0.3906108515384794 0.002762170943040401 0
0.3906108515384794 0.003472713678800502 0
0.3906108515384794 0.004360892098500627 0
0.3906108515384794 0.005471115123125783 0
0.3906108515384794 0.00685889390390723 0
0.3906108515384794 0.008593617379884037 0
0.3906108515384794 0.01076202172485505 0
0.3906108515384794 0.01347252715606881 0
0.3906108515384794 0.01686065894508601 0
0.3906108515384794 0.02109582368135751 0
0.3906108515384794 0.02638977960169689 0
0.3906108515384794 0.03300722450212111 0
0.3906108515384794 0.04127903062765139 0
0.3906108515384794 0.05161878828456424 0
0.4104997876220014 2.000000000000001e-05 0
0.4104997876220014 4.500000000000001e-05 0
0.4104997876220014 7.625000000000001e-05 0
0.4104997876220014 0.0001153125 0
0.4104997876220014 0.000164140625 0
0.4104997876220014 0.0002251757812500001 0
0.4104997876220014 0.0003014697265625001 0
0.4104997876220014 0.0003968371582031251 0
0.4104997876220014 0.0005160464477539064 0
0.4104997876220014 0.0006650580596923829 0
0.4104997876220014 0.0008513225746154787 0
0.4104997876220014 0.001084153218269348 0
0.4104997876220014 0.001375191522836685 0
0.4104997876220014 0.001738989403545857 0
0.4104997876220014 0.002193736754432321 0
0.4104997876220014 0.002762170943040401 0
0.4104997876220014 0.003472713678800502 0
0.4104997876220014 0.004360892098500627 0
0.4104997876220014 0.005471115123125783 0
0.4104997876220014 0.00685889390390723 0
0.4104997876220014 0.008593617379884037 0
0.4104997876220014 0.01076202172485505 0
0.4104997876220014 0.01347252715606881 0
0.4104997876220014 0.01686065894508601 0
0.4104997876220014 0.02109582368135751 0
0.4104997876220014 0.02638977960169689 0
0.4104997876220014 0.03300722450212111 0
0.4104997876220014 0.04127903062765139 0
0.4104997876220014 0.05161878828456424 0
0.4303887237055236 2.000000000000001e-05 0
0.4303887237055236 4.500000000000001e-05 0
0.4303887237055236 7.625000000000001e-05 0
0.4303887237055236 0.0001153125 0
0.4303887237055236 0.000164140625 0
0.4303887237055236 0.0002251757812500001 0
0.4303887237055236 0.0003014697265625001 0
0.4303887237055236 0.0003968371582031251 0
0.4303887237055236 0.0005160464477539064 0
0.4303887237055236 0.0006650580596923829 0
0.4303887237055236 0.0008513225746154787 0
0.4303887237055236 0.001084153218269348 0
0.4303887237055236 0.001375191522836685 0
0.4303887237055236 0.001738989403545857 0
0.4303887237055236 0.002193736754432321 0
0.4303887237055236 0.002762170943040401 0
0.4303887237055236 0.003472713678800502 0
0.4303887237055236 0.004360892098500627 0
0.4303887237055236 0.005471115123125783 0
0.4303887237055236 0.00685889390390723 0
0.4303887237055236 0.008593617379884037 0
0.4303887237055236 0.01076202172485505 0
0.4303887237055236 0.01347252715606881 0
0.4303887237055236 0.01686065894508601 0
0.4303887237055236 0.02109582368135751 0
0.4303887237055236 0.02638977960169689 0
0.4303887237055236 0.03300722450212111 0
0.4303887237055236 0.04127903062765139 0
0.4303887237055236 0.05161878828456424 0
0.3309440432879132 2e-05 0
0.3309440432879132 4.5e-05 0
0.3309440432879132 7.625e-05 0
0.3309440432879132 0.0001153125 0
0.3309440432879132 0.000164140625 0
0.3309440432879132 0.00022517578125 0
0.3309440432879132 0.0003014697265625 0
0.3309440432879132 0.000396837158203125 0
0.3309440432879132 0.0005160464477539063 0
0.3309440432879132 0.0006650580596923828 0
0.3309440432879132 0.0008513225746154785 0
0.3309440432879132 0.001084153218269348 0
0.3309440432879132 0.001375191522836685 0
0.3309440432879132 0.001738989403545856 0
0.3309440432879132 0.00219373675443232 0
0.3309440432879132 0.002762170943040401 0
0.3309440432879132 0.003472713678800501 0
0.3309440432879132 0.004360892098500626 0
0.3309440432879132 0.005471115123125782 0
0.3309440432879132 0.006858893903907228 0
0.3309440432879132 0.008593617379884035 0
0.3309440432879132 0.01076202172485504 0
0.3309440432879132 0.01347252715606881 0
0.3309440432879132 0.01686065894508601 0
0.3309440432879132 0.02109582368135751 0
0.3309440432879132 0.02638977960169689 0
0.3309440432879132 0.03300722450212111 0
0.3309440432879132 0.04127903062765138 0
0.3309440432879132 0.05161878828456423 0
0.3508329793714351 2.000000000000001e-05 0
0.3508329793714351 4.500000000000001e-05 0
0.3508329793714351 7.625000000000001e-05 0
0.3508329793714351 0.0001153125 0
0.3508329793714351 0.000164140625 0
0.3508329793714351 0.0002251757812500001 0
0.3508329793714351 0.0003014697265625001 0
0.3508329793714351 0.0003968371582031251 0
0.3508329793714351 0.0005160464477539064 0
0.3508329793714351 0.0006650580596923829 0
0.3508329793714351 0.0008513225746154787 0
0.3508329793714351 0.001084153218269348 0
0.3508329793714351 0.001375191522836685 0
0.3508329793714351 0.001738989403545857 0
0.3508329793714351 0.002193736754432321 0
0.3508329793714351 0.002762170943040401 0
0.3508329793714351 0.003472713678800502 0
0.3508329793714351 0.004360892098500627 0
0.3508329793714351 0.005471115123125783 0
0.3508329793714351 0.00685889390390723 0
0.3508329793714351 0.008593617379884037 0
0.3508329793714351 0.01076202172485505 0
0.3508329793714351 0.01347252715606881 0
0.3508329793714351 0.01686065894508601 0
0.3508329793714351 0.02109582368135751 0
0.3508329793714351 0.02638977960169689 0
0.3508329793714351 0.03300722450212111 0
0.3508329793714351 0.04127903062765139 0
0.3508329793714351 0.05161878828456424 0
0.3707219154549573 2.000000000000001e-05 0
0.3707219154549573 4.500000000000001e-05 0
0.3707219154549573 7.625000000000001e-05 0
0.3707219154549573 0.0001153125 0
0.3707219154549573 0.000164140625 0
0.3707219154549573 0.0002251757812500001 0
0.3707219154549573 0.0003014697265625001 0
0.3707219154549573 0.0003968371582031251 0
0.3707219154549573 0.0005160464477539064 0
0.3707219154549573 0.0006650580596923829 0
0.3707219154549573 0.0008513225746154787 0
0.3707219154549573 0.001084153218269348 0
0.3707219154549573 0.001375191522836685 0
0.3707219154549573 0.001738989403545857 0
0.3707219154549573 0.002193736754432321 0
0.3707219154549573 0.002762170943040401 0
0.3707219154549573 0.003472713678800502 0
0.3707219154549573 0.004360892098500627 0
0.3707219154549573 0.005471115123125783 0
0.3707219154549573 0.00685889390390723 0
0.3707219154549573 0.008593617379884037 0
0.3707219154549573 0.01076202172485505 0
0.3707219154549573 0.01347252715606881 0
0.3707219154549573 0.01686065894508601 0
0.3707219154549573 0.02109582368135751 0
0.3707219154549573 0.02638977960169689 0
0.3707219154549573 0.03300722450212111 0
0.3707219154549573 0.04127903062765139 0
0.3707219154549573 0.05161878828456424 0
0.4502776597890455 2e-05 0
0.4502776597890455 4.5e-05 0
0.4502776597890455 7.625000000000001e-05 0
0.4502776597890455 0.0001153125 0
0.4502776597890455 0.000164140625 0
0.4502776597890455 0.00022517578125 0
0.4502776597890455 0.0003014697265625 0
0.4502776597890455 0.000396837158203125 0
0.4502776597890455 0.0005160464477539063 0
0.4502776597890455 0.0006650580596923828 0
0.4502776597890455 0.0008513225746154785 0
0.4502776597890455 0.001084153218269348 0
0.4502776597890455 0.001375191522836685 0
0.4502776597890455 0.001738989403545856 0
0.4502776597890455 0.002193736754432321 0
0.4502776597890455 0.002762170943040401 0
0.4502776597890455 0.003472713678800501 0
0.4502776597890455 0.004360892098500627 0
0.4502776597890455 0.005471115123125783 0
0.4502776597890455 0.006858893903907229 0
0.4502776597890455 0.008593617379884037 0
0.4502776597890455 0.01076202172485505 0
0.4502776597890455 0.01347252715606881 0
0.4502776597890455 0.01686065894508601 0
0.4502776597890455 0.02109582368135751 0
0.4502776597890455 0.02638977960169689 0
0.4502776597890455 0.03300722450212111 0
0.4502776597890455 0.04127903062765138 0
0.4502776597890455 0.05161878828456423 0
0.4701665958725677 2e-05 0
0.4701665958725677 4.5e-05 0
0.4701665958725677 7.625e-05 0
0.4701665958725677 0.0001153125 0
0.4701665958725677 0.000164140625 0
0.4701665958725677 0.00022517578125 0
0.4701665958725677 0.0003014697265625 0
0.4701665958725677 0.000396837158203125 0
0.4701665958725677 0.0005160464477539063 0
0.4701665958725677 0.0006650580596923828 0
0.4701665958725677 0.0008513225746154785 0
0.4701665958725677 0.001084153218269348 0
0.4701665958725677 0.001375191522836685 0
0.4701665958725677 0.001738989403545856 0
0.4701665958725677 0.00219373675443232 0
0.4701665958725677 0.002762170943040401 0
0.4701665958725677 0.003472713678800501 0
0.4701665958725677 0.004360892098500626 0
0.4701665958725677 0.005471115123125782 0
0.4701665958725677 0.006858893903907228 0
0.4701665958725677 0.008593617379884035 0
0.4701665958725677 0.01076202172485504 0
0.4701665958725677 0.01347252715606881 0
0.4701665958725677 0.01686065894508601 0
0.4701665958725677 0.02109582368135751 0
0.4701665958725677 0.02638977960169689 0
0.4701665958725677 0.03300722450212111 0
0.4701665958725677 0.04127903062765138 0
0.4701665958725677 0.05161878828456423 0
0.4900555319560898 2.000000000000001e-05 0
0.4900555319560898 4.500000000000002e-05 0
0.4900555319560898 7.625000000000002e-05 0
0.4900555319560898 0.0001153125 0
0.4900555319560898 0.0001641406250000001 0
0.4900555319560898 0.0002251757812500001 0
0.4900555319560898 0.0003014697265625001 0
0.4900555319560898 0.0003968371582031252 0
0.4900555319560898 0.0005160464477539065 0
0.4900555319560898 0.000665058059692383 0
0.4900555319560898 0.000851322574615479 0
0.4900555319560898 0.001084153218269349 0
0.4900555319560898 0.001375191522836686 0
0.4900555319560898 0.001738989403545857 0
0.4900555319560898 0.002193736754432321 0
0.4900555319560898 0.002762170943040401 0
0.4900555319560898 0.003472713678800502 0
0.4900555319560898 0.004360892098500628 0
0.4900555319560898 0.005471115123125784 0
0.4900555319560898 0.006858893903907232 0
0.4900555319560898 0.008593617379884039 0
0.4900555319560898 0.01076202172485505 0
0.4900555319560898 0.01347252715606881 0
0.4900555319560898 0.01686065894508601 0
0.4900555319560898 0.02109582368135752 0
0.4900555319560898 0.0263897796016969 0
0.4900555319560898 0.03300722450212112 0
0.4900555319560898 0.0412790306276514 0
0.4900555319560898 0.05161878828456425 0
0.509944468039667 2e-05 0
0.509944468039667 4.5e-05 0
0.509944468039667 7.625e-05 0
0.509944468039667 0.0001153125 0
0.509944468039667 0.000164140625 0
0.509944468039667 0.00022517578125 0
0.509944468039667 0.0003014697265625 0
0.509944468039667 0.000396837158203125 0
0.509944468039667 0.0005160464477539063 0
0.509944468039667 0.0006650580596923828 0
0.509944468039667 0.0008513225746154785 0
0.509944468039667 0.001084153218269348 0
0.509944468039667 0.001375191522836685 0
0.509944468039667 0.001738989403545856 0
0.509944468039667 0.00219373675443232 0
0.509944468039667 0.002762170943040401 0
0.509944468039667 0.003472713678800501 0
0.509944468039667 0.004360892098500626 0
0.509944468039667 0.005471115123125782 0
0.509944468039667 0.006858893903907228 0
0.509944468039667 0.008593617379884035 0
0.509944468039667 0.01076202172485504 0
0.509944468039667 0.01347252715606881 0
0.509944468039667 0.01686065894508601 0
0.509944468039667 0.02109582368135751 0
0.509944468039667 0.02638977960169689 0
0.509944468039667 0.03300722450212111 0
0.509944468039667 0.04127903062765138 0
0.509944468039667 0.05161878828456423 0
0.5298334041232995 2e-05 0
0.5298334041232995 4.5e-05 0
0.5298334041232995 7.625000000000001e-05 0
0.5298334041232995 0.0001153125 0
0.5298334041232995 0.000164140625 0
0.5298334041232995 0.00022517578125 0
0.5298334041232995 0.0003014697265625 0
0.5298334041232995 0.000396837158203125 0
0.5298334041232995 0.0005160464477539063 0
0.5298334041232995 0.0006650580596923828 0
0.5298334041232995 0.0008513225746154785 0
0.5298334041232995 0.001084153218269348 0
0.5298334041232995 0.001375191522836685 0
0.5298334041232995 0.001738989403545856 0
0.5298334041232995 0.002193736754432321 0
0.5298334041232995 0.002762170943040401 0
0.5298334041232995 0.003472713678800501 0
0.5298334041232995 0.004360892098500627 0
0.5298334041232995 0.005471115123125783 0
0.5298334041232995 0.006858893903907229 0
0.5298334041232995 0.008593617379884037 0
0.5298334041232995 0.01076202172485505 0
0.5298334041232995 0.01347252715606881 0
0.5298334041232995 0.01686065894508601 0
0.5298334041232995 0.02109582368135751 0
0.5298334041232995 0.02638977960169689 0
0.5298334041232995 0.03300722450212111 0
0.5298334041232995 0.04127903062765138 0
0.5298334041232995 0.05161878828456423 0
0.5497223402069318 2e-05 0
0.5497223402069318 4.5e-05 0
0.5497223402069318 7.625000000000001e-05 0
0.5497223402069318 0.0001153125 0
0.5497223402069318 0.000164140625 0
0.5497223402069318 0.00022517578125 0
0.5497223402069318 0.0003014697265625 0
0.5497223402069318 0.000396837158203125 0
0.5497223402069318 0.0005160464477539063 0
0.5497223402069318 0.0006650580596923828 0
0.5497223402069318 0.0008513225746154785 0
0.5497223402069318 0.001084153218269348 0
0.5497223402069318 0.001375191522836685 0
0.5497223402069318 0.001738989403545856 0
0.5497223402069318 0.002193736754432321 0
0.5497223402069318 0.002762170943040401 0
0.5497223402069318 0.003472713678800501 0
0.5497223402069318 0.004360892098500627 0
0.5497223402069318 0.005471115123125783 0
0.5497223402069318 0.006858893903907229 0
0.5497223402069318 0.008593617379884037 0
0.5497223402069318 0.01076202172485505 0
0.5497223402069318 0.01347252715606881 0
0.5497223402069318 0.01686065894508601 0
0.5497223402069318 0.02109582368135751 0
0.5497223402069318 0.02638977960169689 0
0.5497223402069318 0.03300722450212111 0
0.5497223402069318 0.04127903062765138 0
0.5497223402069318 0.05161878828456423 0
0.5696112762905643 2e-05 0
0.5696112762905643 4.5e-05 0
0.5696112762905643 7.625000000000001e-05 0
0.5696112762905643 0.0001153125 0
0.5696112762905643 0.000164140625 0
0.5696112762905643 0.00022517578125 0
0.5696112762905643 0.0003014697265625 0
0.5696112762905643 0.000396837158203125 0
0.5696112762905643 0.0005160464477539063 0
0.5696112762905643 0.0006650580596923828 0
0.5696112762905643 0.0008513225746154785 0
0.5696112762905643 0.001084153218269348 0
0.5696112762905643 0.001375191522836685 0
0.5696112762905643 0.001738989403545856 0
0.5696112762905643 0.002193736754432321 0
0.5696112762905643 0.002762170943040401 0
0.5696112762905643 0.003472713678800501 0
0.5696112762905643 0.004360892098500627 0
0.5696112762905643 0.005471115123125783 0
0.5696112762905643 0.006858893903907229 0
0.5696112762905643 0.008593617379884037 0
0.5696112762905643 0.01076202172485505 0
0.5696112762905643 0.01347252715606881 0
0.5696112762905643 0.01686065894508601 0
0.5696112762905643 0.02109582368135751 0
0.5696112762905643 0.02638977960169689 0
0.5696112762905643 0.03300722450212111 0
0.5696112762905643 0.04127903062765138 0
0.5696112762905643 0.05161878828456423 0
0.5895002123741966 2e-05 0
0.5895002123741966 4.5e-05 0
0.5895002123741966 7.625000000000001e-05 0
0.5895002123741966 0.0001153125 0
0.5895002123741966 0.000164140625 0
0.5895002123741966 0.00022517578125 0
0.5895002123741966 0.0003014697265625 0
0.5895002123741966 0.000396837158203125 0
0.5895002123741966 0.0005160464477539063 0
0.5895002123741966 0.0006650580596923828 0
0.5895002123741966 0.0008513225746154785 0
0.5895002123741966 0.001084153218269348 0
0.5895002123741966 0.001375191522836685 0
0.5895002123741966 0.001738989403545856 0
0.5895002123741966 0.002193736754432321 0
0.5895002123741966 0.002762170943040401 0
0.5895002123741966 0.003472713678800501 0
0.5895002123741966 0.004360892098500627 0
0.5895002123741966 0.005471115123125783 0
0.5895002123741966 0.006858893903907229 0
0.5895002123741966 0.008593617379884037 0
0.5895002123741966 0.01076202172485505 0
0.5895002123741966 0.01347252715606881 0
0.5895002123741966 0.01686065894508601 0
0.5895002123741966 0.02109582368135751 0
0.5895002123741966 0.02638977960169689 0
0.5895002123741966 0.03300722450212111 0
0.5895002123741966 0.04127903062765138 0
0.5895002123741966 0.05161878828456423 0
0.6093891484578291 2e-05 0
0.6093891484578291 4.5e-05 0
0.6093891484578291 7.625000000000001e-05 0
0.6093891484578291 0.0001153125 0
0.6093891484578291 0.000164140625 0
0.6093891484578291 0.00022517578125 0
0.6093891484578291 0.0003014697265625 0
0.6093891484578291 0.000396837158203125 0
0.6093891484578291 0.0005160464477539063 0
0.6093891484578291 0.0006650580596923828 0
0.6093891484578291 0.0008513225746154785 0
0.6093891484578291 0.001084153218269348 0
0.6093891484578291 0.001375191522836685 0
0.6093891484578291 0.001738989403545856 0
0.6093891484578291 0.002193736754432321 0
0.6093891484578291 0.002762170943040401 0
0.6093891484578291 0.003472713678800501 0
0.6093891484578291 0.004360892098500627 0
0.6093891484578291 0.005471115123125783 0
0.6093891484578291 0.006858893903907229 0
0.6093891484578291 0.008593617379884037 0
0.6093891484578291 0.01076202172485505 0
0.6093891484578291 0.01347252715606881 0
0.6093891484578291 0.01686065894508601 0
0.6093891484578291 0.02109582368135751 0
0.6093891484578291 0.02638977960169689 0
0.6093891484578291 0.03300722450212111 0
0.6093891484578291 0.04127903062765138 0
0.6093891484578291 0.05161878828456423 0
0.6292780845414616 2e-05 0
0.6292780845414616 4.5e-05 0
0.6292780845414616 7.625000000000001e-05 0
0.6292780845414616 0.0001153125 0
0.6292780845414616 0.000164140625 0
0.6292780845414616 0.00022517578125 0
0.6292780845414616 0.0003014697265625 0
0.6292780845414616 0.000396837158203125 0
0.6292780845414616 0.0005160464477539063 0
0.6292780845414616 0.0006650580596923828 0
0.6292780845414616 0.0008513225746154785 0
0.6292780845414616 0.001084153218269348 0
0.6292780845414616 0.001375191522836685 0
0.6292780845414616 0.001738989403545856 0
0.6292780845414616 0.002193736754432321 0
0.6292780845414616 0.002762170943040401 0
0.6292780845414616 0.003472713678800501 0
0.6292780845414616 0.004360892098500627 0
0.6292780845414616 0.005471115123125783 0
0.6292780845414616 0.006858893903907229 0
0.6292780845414616 0.008593617379884037 0
0.6292780845414616 0.01076202172485505 0
0.6292780845414616 0.01347252715606881 0
0.6292780845414616 0.01686065894508601 0
0.6292780845414616 0.02109582368135751 0
0.6292780845414616 0.02638977960169689 0
0.6292780845414616 0.03300722450212111 0
0.6292780845414616 0.04127903062765138 0
0.6292780845414616 0.05161878828456423 0
0.6491670206250939 2e-05 0
0.6491670206250939 4.5e-05 0
0.6491670206250939 7.625e-05 0
0.6491670206250939 0.0001153125 0
0.6491670206250939 0.000164140625 0
0.6491670206250939 0.00022517578125 0
0.6491670206250939 0.0003014697265625 0
0.6491670206250939 0.000396837158203125 0
0.6491670206250939 0.0005160464477539063 0
0.6491670206250939 0.0006650580596923828 0
0.6491670206250939 0.0008513225746154785 0
0.6491670206250939 0.001084153218269348 0
0.6491670206250939 0.001375191522836685 0
0.6491670206250939 0.001738989403545856 0
0.6491670206250939 0.00219373675443232 0
0.6491670206250939 0.002762170943040401 0
0.6491670206250939 0.003472713678800501 0
0.6491670206250939 0.004360892098500626 0
0.6491670206250939 0.005471115123125782 0
0.6491670206250939 0.006858893903907228 0
0.6491670206250939 0.008593617379884035 0
0.6491670206250939 0.01076202172485504 0
0.6491670206250939 0.01347252715606881 0
0.6491670206250939 0.01686065894508601 0
0.6491670206250939 0.02109582368135751 0
0.6491670206250939 0.02638977960169689 0
0.6491670206250939 0.03300722450212111 0
0.6491670206250939 0.04127903062765138 0
0.6491670206250939 0.05161878828456423 0
0.6690559567087264 2e-05 0
0.6690559567087264 4.5e-05 0
0.6690559567087264 7.625000000000001e-05 0
0.6690559567087264 0.0001153125 0
0.6690559567087264 0.000164140625 0
0.6690559567087264 0.00022517578125 0
0.6690559567087264 0.0003014697265625 0
0.6690559567087264 0.000396837158203125 0
0.6690559567087264 0.0005160464477539063 0
0.6690559567087264 0.0006650580596923828 0
0.6690559567087264 0.0008513225746154785 0
0.6690559567087264 0.001084153218269348 0
0.6690559567087264 0.001375191522836685 0
0.6690559567087264 0.001738989403545856 0
0.6690559567087264 0.002193736754432321 0
0.6690559567087264 0.002762170943040401 0
0.6690559567087264 0.003472713678800501 0
0.6690559567087264 0.004360892098500627 0
0.6690559567087264 0.005471115123125783 0
0.6690559567087264 0.006858893903907229 0
0.6690559567087264 0.008593617379884037 0
0.6690559567087264 0.01076202172485505 0
0.6690559567087264 0.01347252715606881 0
0.6690559567087264 0.01686065894508601 0
0.6690559567087264 0.02109582368135751 0
0.6690559567087264 0.02638977960169689 0
0.6690559567087264 0.03300722450212111 0
0.6690559567087264 0.04127903062765138 0
0.6690559567087264 0.05161878828456423 0
0.6889448927923587 2e-05 0
0.6889448927923587 4.5e-05 0
0.6889448927923587 7.625000000000001e-05 0
0.6889448927923587 0.0001153125 0
0.6889448927923587 0.000164140625 0
0.6889448927923587 0.00022517578125 0
0.6889448927923587 0.0003014697265625 0
0.6889448927923587 0.000396837158203125 0
0.6889448927923587 0.0005160464477539063 0
0.6889448927923587 0.0006650580596923828 0
0.6889448927923587 0.0008513225746154785 0
0.6889448927923587 0.001084153218269348 0
0.6889448927923587 0.001375191522836685 0
0.6889448927923587 0.001738989403545856 0
0.6889448927923587 0.002193736754432321 0
0.6889448927923587 0.002762170943040401 0
0.6889448927923587 0.003472713678800501 0
0.6889448927923587 0.004360892098500627 0
0.6889448927923587 0.005471115123125783 0
0.6889448927923587 0.006858893903907229 0
0.6889448927923587 0.008593617379884037 0
0.6889448927923587 0.01076202172485505 0
0.6889448927923587 0.01347252715606881 0
0.6889448927923587 0.01686065894508601 0
0.6889448927923587 0.02109582368135751 0
0.6889448927923587 0.02638977960169689 0
0.6889448927923587 0.03300722450212111 0
0.6889448927923587 0.04127903062765138 0
0.6889448927923587 0.05161878828456423 0
0.7088338288759912 2e-05 0
0.7088338288759912 4.5e-05 0
0.7088338288759912 7.625000000000001e-05 0
0.7088338288759912 0.0001153125 0
0.7088338288759912 0.000164140625 0
0.7088338288759912 0.00022517578125 0
0.7088338288759912 0.0003014697265625 0
0.7088338288759912 0.000396837158203125 0
0.7088338288759912 0.0005160464477539063 0
0.7088338288759912 0.0006650580596923828 0
0.7088338288759912 0.0008513225746154785 0
0.7088338288759912 0.001084153218269348 0
0.7088338288759912 0.001375191522836685 0
0.7088338288759912 0.001738989403545856 0
0.7088338288759912 0.002193736754432321 0
0.7088338288759912 0.002762170943040401 0
0.7088338288759912 0.003472713678800501 0
0.7088338288759912 0.004360892098500627 0
0.7088338288759912 0.005471115123125783 0
0.7088338288759912 0.006858893903907229 0
0.7088338288759912 0.008593617379884037 0
0.7088338288759912 0.01076202172485505 0
0.7088338288759912 0.01347252715606881 0
0.7088338288759912 0.01686065894508601 0
0.7088338288759912 0.02109582368135751 0
0.7088338288759912 0.02638977960169689 0
0.7088338288759912 0.03300722450212111 0
0.7088338288759912 0.04127903062765138 0
0.7088338288759912 0.05161878828456423 0
0.7287227649596237 2e-05 0
0.7287227649596237 4.5e-05 0
0.7287227649596237 7.625e-05 0
0.7287227649596237 0.0001153125 0
0.7287227649596237 0.000164140625 0
0.7287227649596237 0.00022517578125 0
0.7287227649596237 0.0003014697265625 0
0.7287227649596237 0.000396837158203125 0
0.7287227649596237 0.0005160464477539063 0
0.7287227649596237 0.0006650580596923828 0
0.7287227649596237 0.0008513225746154785 0
0.7287227649596237 0.001084153218269348 0
0.7287227649596237 0.001375191522836685 0
0.7287227649596237 0.001738989403545856 0
0.7287227649596237 0.00219373675443232 0
0.7287227649596237 0.002762170943040401 0
0.7287227649596237 0.003472713678800501 0
0.7287227649596237 0.004360892098500626 0
0.7287227649596237 0.005471115123125782 0
0.7287227649596237 0.006858893903907228 0
0.7287227649596237 0.008593617379884035 0
0.7287227649596237 0.01076202172485504 0
0.7287227649596237 0.01347252715606881 0
0.7287227649596237 0.01686065894508601 0
0.7287227649596237 0.02109582368135751 0
0.7287227649596237 0.02638977960169689 0
0.7287227649596237 0.03300722450212111 0
0.7287227649596237 0.04127903062765138 0
0.7287227649596237 0.05161878828456423 0
0.748611701043256 2e-05 0
0.748611701043256 4.5e-05 0
0.748611701043256 7.625000000000001e-05 0
0.748611701043256 0.0001153125 0
0.748611701043256 0.000164140625 0
0.748611701043256 0.00022517578125 0
0.748611701043256 0.0003014697265625 0
0.748611701043256 0.000396837158203125 0
0.748611701043256 0.0005160464477539063 0
0.748611701043256 0.0006650580596923828 0
0.748611701043256 0.0008513225746154785 0
0.748611701043256 0.001084153218269348 0
0.748611701043256 0.001375191522836685 0
0.748611701043256 0.001738989403545856 0
0.748611701043256 0.002193736754432321 0
0.748611701043256 0.002762170943040401 0
0.748611701043256 0.003472713678800501 0
0.748611701043256 0.004360892098500627 0
0.748611701043256 0.005471115123125783 0
0.748611701043256 0.006858893903907229 0
0.748611701043256 0.008593617379884037 0
0.748611701043256 0.01076202172485505 0
0.748611701043256 0.01347252715606881 0
0.748611701043256 0.01686065894508601 0
0.748611701043256 0.02109582368135751 0
0.748611701043256 0.02638977960169689 0
0.748611701043256 0.03300722450212111 0
0.748611701043256 0.04127903062765138 0
0.748611701043256 0.05161878828456423 0
0.7685006371268885 2e-05 0
0.7685006371268885 4.5e-05 0
0.7685006371268885 7.625000000000001e-05 0
0.7685006371268885 0.0001153125 0
0.7685006371268885 0.000164140625 0
0.7685006371268885 0.00022517578125 0
0.7685006371268885 0.0003014697265625 0
0.7685006371268885 0.000396837158203125 0
0.7685006371268885 0.0005160464477539063 0
0.7685006371268885 0.0006650580596923828 0
0.7685006371268885 0.0008513225746154785 0
0.7685006371268885 0.001084153218269348 0
0.7685006371268885 0.001375191522836685 0
0.7685006371268885 0.001738989403545856 0
0.7685006371268885 0.002193736754432321 0
0.7685006371268885 0.002762170943040401 0
0.7685006371268885 0.003472713678800501 0
0.7685006371268885 0.004360892098500627 0
0.7685006371268885 0.005471115123125783 0
0.7685006371268885 0.006858893903907229 0
0.7685006371268885 0.008593617379884037 0
0.7685006371268885 0.01076202172485505 0
0.7685006371268885 0.01347252715606881 0
0.7685006371268885 0.01686065894508601 0
0.7685006371268885 0.02109582368135751 0
0.7685006371268885 0.02638977960169689 0
0.7685006371268885 0.03300722450212111 0
0.7685006371268885 0.04127903062765138 0
0.7685006371268885 0.05161878828456423 0
0.7883895732105208 2e-05 0
0.7883895732105208 4.5e-05 0
0.7883895732105208 7.625000000000001e-05 0
0.7883895732105208 0.0001153125 0
0.7883895732105208 0.000164140625 0
0.7883895732105208 0.00022517578125 0
0.7883895732105208 0.0003014697265625 0
0.7883895732105208 0.000396837158203125 0
0.7883895732105208 0.0005160464477539063 0
0.7883895732105208 0.0006650580596923828 0
0.7883895732105208 0.0008513225746154785 0
0.7883895732105208 0.001084153218269348 0
0.7883895732105208 0.001375191522836685 0
0.7883895732105208 0.001738989403545856 0
0.7883895732105208 0.002193736754432321 0
0.7883895732105208 0.002762170943040401 0
0.7883895732105208 0.003472713678800501 0
0.7883895732105208 0.004360892098500627 0
0.7883895732105208 0.005471115123125783 0
0.7883895732105208 0.006858893903907229 0
0.7883895732105208 0.008593617379884037 0
0.7883895732105208 0.01076202172485505 0
0.7883895732105208 0.01347252715606881 0
0.7883895732105208 0.01686065894508601 0
0.7883895732105208 0.02109582368135751 0
0.7883895732105208 0.02638977960169689 0
0.7883895732105208 0.03300722450212111 0
0.7883895732105208 0.04127903062765138 0
0.7883895732105208 0.05161878828456423 0
0.9584397037061202 2e-05 0
0.9584397037061202 4.5e-05 0
0.9584397037061202 7.625000000000001e-05 0
0.9584397037061202 0.0001153125 0
0.9584397037061202 0.000164140625 0
0.9584397037061202 0.00022517578125 0
0.9584397037061202 0.0003014697265625 0
0.9584397037061202 0.000396837158203125 0
0.9584397037061202 0.0005160464477539063 0
0.9584397037061202 0.0006650580596923828 0
0.9584397037061202 0.0008513225746154785 0
0.9584397037061202 0.001084153218269348 0
0.9584397037061202 0.001375191522836685 0
0.9584397037061202 0.001738989403545856 0
0.9584397037061202 0.002193736754432321 0
0.9584397037061202 0.002762170943040401 0
0.9584397037061202 0.003472713678800501 0
0.9584397037061202 0.004360892098500627 0
0.9584397037061202 0.005471115123125783 0
0.9584397037061202 0.006858893903907229 0
0.9584397037061202 0.008593617379884037 0
0.9584397037061202 0.01076202172485505 0
0.9584397037061202 0.01347252715606881 0
0.9584397037061202 0.01686065894508601 0
0.9584397037061202 0.02109582368135751 0
0.9584397037061202 0.02638977960169689 0
0.9584397037061202 0.03300722450212111 0
0.9584397037061202 0.04127903062765138 0
0.9584397037061202 0.05161878828456423 0
0.9660482099009511 2e-05 0
0.9660482099009511 4.5e-05 0
0.9660482099009511 7.625000000000001e-05 0
0.9660482099009511 0.0001153125 0
0.9660482099009511 0.000164140625 0
0.9660482099009511 0.00022517578125 0
0.9660482099009511 0.0003014697265625 0
0.9660482099009511 0.000396837158203125 0
0.9660482099009511 0.0005160464477539063 0
0.9660482099009511 0.0006650580596923828 0
0.9660482099009511 0.0008513225746154785 0
0.9660482099009511 0.001084153218269348 0
0.9660482099009511 0.001375191522836685 0
0.9660482099009511 0.001738989403545856 0
0.9660482099009511 0.002193736754432321 0
0.9660482099009511 0.002762170943040401 0
0.9660482099009511 0.003472713678800501 0
0.9660482099009511 0.004360892098500627 0
0.9660482099009511 0.005471115123125783 0
0.9660482099009511 0.006858893903907229 0
0.9660482099009511 0.008593617379884037 0
0.9660482099009511 0.01076202172485505 0
0.9660482099009511 0.01347252715606881 0
0.9660482099009511 0.01686065894508601 0
0.9660482099009511 0.02109582368135751 0
0.9660482099009511 0.02638977960169689 0
0.9660482099009511 0.03300722450212111 0
0.9660482099009511 0.04127903062765138 0
0.9660482099009511 0.05161878828456423 0
0.9722968646853466 2e-05 0
0.9722968646853466 4.5e-05 0
0.9722968646853466 7.625000000000001e-05 0
0.9722968646853466 0.0001153125 0
0.9722968646853466 0.000164140625 0
0.9722968646853466 0.00022517578125 0
0.9722968646853466 0.0003014697265625 0
0.9722968646853466 0.000396837158203125 0
0.9722968646853466 0.0005160464477539063 0
0.9722968646853466 0.0006650580596923828 0
0.9722968646853466 0.0008513225746154785 0
0.9722968646853466 0.001084153218269348 0
0.9722968646853466 0.001375191522836685 0
0.9722968646853466 0.001738989403545856 0
0.9722968646853466 0.002193736754432321 0
0.9722968646853466 0.002762170943040401 0
0.9722968646853466 0.003472713678800501 0
0.9722968646853466 0.004360892098500627 0
0.9722968646853466 0.005471115123125783 0
0.9722968646853466 0.006858893903907229 0
0.9722968646853466 0.008593617379884037 0
0.9722968646853466 0.01076202172485505 0
0.9722968646853466 0.01347252715606881 0
0.9722968646853466 0.01686065894508601 0
0.9722968646853466 0.02109582368135751 0
0.9722968646853466 0.02638977960169689 0
0.9722968646853466 0.03300722450212111 0
0.9722968646853466 0.04127903062765138 0
0.9722968646853466 0.05161878828456423 0
0.9241597151291044 2e-05 0
0.9241597151291044 4.5e-05 0
0.9241597151291044 7.625000000000001e-05 0
0.9241597151291044 0.0001153125 0
0.9241597151291044 0.000164140625 0
0.9241597151291044 0.00022517578125 0
0.9241597151291044 0.0003014697265625 0
0.9241597151291044 0.000396837158203125 0
0.9241597151291044 0.0005160464477539063 0
0.9241597151291044 0.0006650580596923828 0
0.9241597151291044 0.0008513225746154785 0
0.9241597151291044 0.001084153218269348 0
0.9241597151291044 0.001375191522836685 0
0.9241597151291044 0.001738989403545856 0
0.9241597151291044 0.002193736754432321 0
0.9241597151291044 0.002762170943040401 0
0.9241597151291044 0.003472713678800501 0
0.9241597151291044 0.004360892098500627 0
0.9241597151291044 0.005471115123125783 0
0.9241597151291044 0.006858893903907229 0
0.9241597151291044 0.008593617379884037 0
0.9241597151291044 0.01076202172485505 0
0.9241597151291044 0.01347252715606881 0
0.9241597151291044 0.01686065894508601 0
0.9241597151291044 0.02109582368135751 0
0.9241597151291044 0.02638977960169689 0
0.9241597151291044 0.03300722450212111 0
0.9241597151291044 0.04127903062765138 0
0.9241597151291044 0.05161878828456423 0
0.9378950020351312 2e-05 0
0.9378950020351312 4.5e-05 0
0.9378950020351312 7.625000000000001e-05 0
0.9378950020351312 0.0001153125 0
0.9378950020351312 0.000164140625 0
0.9378950020351312 0.00022517578125 0
0.9378950020351312 0.0003014697265625 0
0.9378950020351312 0.000396837158203125 0
0.9378950020351312 0.0005160464477539063 0
0.9378950020351312 0.0006650580596923828 0
0.9378950020351312 0.0008513225746154785 0
0.9378950020351312 0.001084153218269348 0
0.9378950020351312 0.001375191522836685 0
0.9378950020351312 0.001738989403545856 0
0.9378950020351312 0.002193736754432321 0
0.9378950020351312 0.002762170943040401 0
0.9378950020351312 0.003472713678800501 0
0.9378950020351312 0.004360892098500627 0
0.9378950020351312 0.005471115123125783 0
0.9378950020351312 0.006858893903907229 0
0.9378950020351312 0.008593617379884037 0
0.9378950020351312 0.01076202172485505 0
0.9378950020351312 0.01347252715606881 0
0.9378950020351312 0.01686065894508601 0
0.9378950020351312 0.02109582368135751 0
0.9378950020351312 0.02638977960169689 0
0.9378950020351312 0.03300722450212111 0
0.9378950020351312 0.04127903062765138 0
0.9378950020351312 0.05161878828456423 0
0.9491754134737164 2e-05 0
0.9491754134737164 4.5e-05 0
0.9491754134737164 7.625e-05 0
0.9491754134737164 0.0001153125 0
0.9491754134737164 0.000164140625 0
0.9491754134737164 0.00022517578125 0
0.9491754134737164 0.0003014697265625 0
0.9491754134737164 0.000396837158203125 0
0.9491754134737164 0.0005160464477539063 0
0.9491754134737164 0.0006650580596923828 0
0.9491754134737164 0.0008513225746154785 0
0.9491754134737164 0.001084153218269348 0
0.9491754134737164 0.001375191522836685 0
0.9491754134737164 0.001738989403545856 0
0.9491754134737164 0.00219373675443232 0
0.9491754134737164 0.002762170943040401 0
0.9491754134737164 0.003472713678800501 0
0.9491754134737164 0.004360892098500626 0
0.9491754134737164 0.005471115123125782 0
0.9491754134737164 0.006858893903907228 0
0.9491754134737164 0.008593617379884035 0
0.9491754134737164 0.01076202172485504 0
0.9491754134737164 0.01347252715606881 0
0.9491754134737164 0.01686065894508601 0
0.9491754134737164 0.02109582368135751 0
0.9491754134737164 0.02638977960169689 0
0.9491754134737164 0.03300722450212111 0
0.9491754134737164 0.04127903062765138 0
0.9491754134737164 0.05161878828456423 0
0.8082785092941533 2.000000000000001e-05 0
0.8082785092941533 4.500000000000001e-05 0
0.8082785092941533 7.625000000000001e-05 0
0.8082785092941533 0.0001153125 0
0.8082785092941533 0.000164140625 0
0.8082785092941533 0.0002251757812500001 0
0.8082785092941533 0.0003014697265625001 0
0.8082785092941533 0.0003968371582031251 0
0.8082785092941533 0.0005160464477539064 0
0.8082785092941533 0.0006650580596923829 0
0.8082785092941533 0.0008513225746154787 0
0.8082785092941533 0.001084153218269348 0
0.8082785092941533 0.001375191522836685 0
0.8082785092941533 0.001738989403545857 0
0.8082785092941533 0.002193736754432321 0
0.8082785092941533 0.002762170943040401 0
0.8082785092941533 0.003472713678800502 0
0.8082785092941533 0.004360892098500627 0
0.8082785092941533 0.005471115123125783 0
0.8082785092941533 0.00685889390390723 0
0.8082785092941533 0.008593617379884037 0
0.8082785092941533 0.01076202172485505 0
0.8082785092941533 0.01347252715606881 0
0.8082785092941533 0.01686065894508601 0
0.8082785092941533 0.02109582368135751 0
0.8082785092941533 0.02638977960169689 0
0.8082785092941533 0.03300722450212111 0
0.8082785092941533 0.04127903062765139 0
0.8082785092941533 0.05161878828456424 0
0.8281674453777857 2e-05 0
0.8281674453777857 4.5e-05 0
0.8281674453777857 7.625000000000001e-05 0
0.8281674453777857 0.0001153125 0
0.8281674453777857 0.000164140625 0
0.8281674453777857 0.00022517578125 0
0.8281674453777857 0.0003014697265625 0
0.8281674453777857 0.000396837158203125 0
0.8281674453777857 0.0005160464477539063 0
0.8281674453777857 0.0006650580596923828 0
0.8281674453777857 0.0008513225746154785 0
0.8281674453777857 0.001084153218269348 0
0.8281674453777857 0.001375191522836685 0
0.8281674453777857 0.001738989403545856 0
0.8281674453777857 0.002193736754432321 0
0.8281674453777857 0.002762170943040401 0
0.8281674453777857 0.003472713678800501 0
0.8281674453777857 0.004360892098500627 0
0.8281674453777857 0.005471115123125783 0
0.8281674453777857 0.006858893903907229 0
0.8281674453777857 0.008593617379884037 0
0.8281674453777857 0.01076202172485505 0
0.8281674453777857 0.01347252715606881 0
0.8281674453777857 0.01686065894508601 0
0.8281674453777857 0.02109582368135751 0
0.8281674453777857 0.02638977960169689 0
0.8281674453777857 0.03300722450212111 0
0.8281674453777857 0.04127903062765138 0
0.8281674453777857 0.05161878828456423 0
0.8480563814614182 2.000000000000001e-05 0
0.8480563814614182 4.500000000000001e-05 0
0.8480563814614182 7.625000000000001e-05 0
0.8480563814614182 0.0001153125 0
0.8480563814614182 0.000164140625 0
0.8480563814614182 0.0002251757812500001 0
0.8480563814614182 0.0003014697265625001 0
0.8480563814614182 0.0003968371582031251 0
0.8480563814614182 0.0005160464477539064 0
0.8480563814614182 0.0006650580596923829 0
0.8480563814614182 0.0008513225746154787 0
0.8480563814614182 0.001084153218269348 0
0.8480563814614182 0.001375191522836685 0
0.8480563814614182 0.001738989403545857 0
0.8480563814614182 0.002193736754432321 0
0.8480563814614182 0.002762170943040401 0
0.8480563814614182 0.003472713678800502 0
0.8480563814614182 0.004360892098500627 0
0.8480563814614182 0.005471115123125783 0
0.8480563814614182 0.00685889390390723 0
0.8480563814614182 0.008593617379884037 0
0.8480563814614182 0.01076202172485505 0
0.8480563814614182 0.01347252715606881 0
0.8480563814614182 0.01686065894508601 0
0.8480563814614182 0.02109582368135751 0
0.8480563814614182 0.02638977960169689 0
0.8480563814614182 0.03300722450212111 0
0.8480563814614182 0.04127903062765139 0
0.8480563814614182 0.05161878828456424 0
0.8679453175450507 2e-05 0
0.8679453175450507 4.5e-05 0
0.8679453175450507 7.625000000000001e-05 0
0.8679453175450507 0.0001153125 0
0.8679453175450507 0.000164140625 0
0.8679453175450507 0.00022517578125 0
0.8679453175450507 0.0003014697265625 0
0.8679453175450507 0.000396837158203125 0
0.8679453175450507 0.0005160464477539063 0
0.8679453175450507 0.0006650580596923828 0
0.8679453175450507 0.0008513225746154785 0
0.8679453175450507 0.001084153218269348 0
0.8679453175450507 0.001375191522836685 0
0.8679453175450507 0.001738989403545856 0
0.8679453175450507 0.002193736754432321 0
0.8679453175450507 0.002762170943040401 0
0.8679453175450507 0.003472713678800501 0
0.8679453175450507 0.004360892098500627 0
0.8679453175450507 0.005471115123125783 0
0.8679453175450507 0.006858893903907229 0
0.8679453175450507 0.008593617379884037 0
0.8679453175450507 0.01076202172485505 0
0.8679453175450507 0.01347252715606881 0
0.8679453175450507 0.01686065894508601 0
0.8679453175450507 0.02109582368135751 0
0.8679453175450507 0.02638977960169689 0
0.8679453175450507 0.03300722450212111 0
0.8679453175450507 0.04127903062765138 0
0.8679453175450507 0.05161878828456423 0
0.887834253628683 2.000000000000001e-05 0
0.887834253628683 4.500000000000001e-05 0
0.887834253628683 7.625000000000001e-05 0
0.887834253628683 0.0001153125 0
0.887834253628683 0.000164140625 0
0.887834253628683 0.0002251757812500001 0
0.887834253628683 0.0003014697265625001 0
0.887834253628683 0.0003968371582031251 0
0.887834253628683 0.0005160464477539064 0
0.887834253628683 0.0006650580596923829 0
0.887834253628683 0.0008513225746154787 0
0.887834253628683 0.001084153218269348 0
0.887834253628683 0.001375191522836685 0
0.887834253628683 0.001738989403545857 0
0.887834253628683 0.002193736754432321 0
0.887834253628683 0.002762170943040401 0
0.887834253628683 0.003472713678800502 0
0.887834253628683 0.004360892098500627 0
0.887834253628683 0.005471115123125783 0
0.887834253628683 0.00685889390390723 0
0.887834253628683 0.008593617379884037 0
0.887834253628683 0.01076202172485505 0
0.887834253628683 0.01347252715606881 0
0.887834253628683 0.01686065894508601 0
0.887834253628683 0.02109582368135751 0
0.887834253628683 0.02638977960169689 0
0.887834253628683 0.03300722450212111 0
0.887834253628683 0.04127903062765139 0
0.887834253628683 0.05161878828456424 0
0.9074353163903783 2.000000000000001e-05 0
0.9074353163903783 4.500000000000001e-05 0
0.9074353163903783 7.625000000000001e-05 0
0.9074353163903783 0.0001153125 0
0.9074353163903783 0.000164140625 0
0.9074353163903783 0.0002251757812500001 0
0.9074353163903783 0.0003014697265625001 0
0.9074353163903783 0.0003968371582031251 0
0.9074353163903783 0.0005160464477539064 0
0.9074353163903783 0.0006650580596923829 0
0.9074353163903783 0.0008513225746154787 0
0.9074353163903783 0.001084153218269348 0
0.9074353163903783 0.001375191522836685 0
0.9074353163903783 0.001738989403545857 0
0.9074353163903783 0.002193736754432321 0
0.9074353163903783 0.002762170943040401 0
0.9074353163903783 0.003472713678800502 0
0.9074353163903783 0.004360892098500627 0
0.9074353163903783 0.005471115123125783 0
0.9074353163903783 0.00685889390390723 0
0.9074353163903783 0.008593617379884037 0
0.9074353163903783 0.01076202172485505 0
0.9074353163903783 0.01347252715606881 0
0.9074353163903783 0.01686065894508601 0
0.9074353163903783 0.02109582368135751 0
0.9074353163903783 0.02638977960169689 0
0.9074353163903783 0.03300722450212111 0
0.9074353163903783 0.04127903062765139 0
0.9074353163903783 0.05161878828456424 0
0.9774287136492281 2e-05 0
0.9774287136492281 4.5e-05 0
0.9774287136492281 7.625e-05 0
0.9774287136492281 0.0001153125 0
0.9774287136492281 0.000164140625 0
0.9774287136492281 0.00022517578125 0
0.9774287136492281 0.0003014697265625 0
0.9774287136492281 0.000396837158203125 0
0.9774287136492281 0.0005160464477539063 0
0.9774287136492281 0.0006650580596923828 0
0.9774287136492281 0.0008513225746154785 0
0.9774287136492281 0.001084153218269348 0
0.9774287136492281 0.001375191522836685 0
0.9774287136492281 0.001738989403545856 0
0.9774287136492281 0.00219373675443232 0
0.9774287136492281 0.002762170943040401 0
0.9774287136492281 0.003472713678800501 0
0.9774287136492281 0.004360892098500626 0
0.9774287136492281 0.005471115123125782 0
0.9774287136492281 0.006858893903907228 0
0.9774287136492281 0.008593617379884035 0
0.9774287136492281 0.01076202172485504 0
0.9774287136492281 0.01347252715606881 0
0.9774287136492281 0.01686065894508601 0
0.9774287136492281 0.02109582368135751 0
0.9774287136492281 0.02638977960169689 0
0.9774287136492281 0.03300722450212111 0
0.9774287136492281 0.04127903062765138 0
0.9774287136492281 0.05161878828456423 0
0.9816433591698422 2e-05 0
0.9816433591698422 4.5e-05 0
0.9816433591698422 7.625000000000001e-05 0
0.9816433591698422 0.0001153125 0
0.9816433591698422 0.000164140625 0
0.9816433591698422 0.00022517578125 0
0.9816433591698422 0.0003014697265625 0
0.9816433591698422 0.000396837158203125 0
0.9816433591698422 0.0005160464477539063 0
0.9816433591698422 0.0006650580596923828 0
0.9816433591698422 0.0008513225746154785 0
0.9816433591698422 0.001084153218269348 0
0.9816433591698422 0.001375191522836685 0
0.9816433591698422 0.001738989403545856 0
0.9816433591698422 0.002193736754432321 0
0.9816433591698422 0.002762170943040401 0
0.9816433591698422 0.003472713678800501 0
0.9816433591698422 0.004360892098500627 0
0.9816433591698422 0.005471115123125783 0
0.9816433591698422 0.006858893903907229 0
0.9816433591698422 0.008593617379884037 0
0.9816433591698422 0.01076202172485505 0
0.9816433591698422 0.01347252715606881 0
0.9816433591698422 0.01686065894508601 0
0.9816433591698422 0.02109582368135751 0
0.9816433591698422 0.02638977960169689 0
0.9816433591698422 0.03300722450212111 0
0.9816433591698422 0.04127903062765138 0
0.9816433591698422 0.05161878828456423 0
0.9851047305185197 2.000000000000001e-05 0
0.9851047305185197 4.500000000000001e-05 0
0.9851047305185197 7.625000000000001e-05 0
0.9851047305185197 0.0001153125 0
0.9851047305185197 0.000164140625 0
0.9851047305185197 0.0002251757812500001 0
0.9851047305185197 0.0003014697265625001 0
0.9851047305185197 0.0003968371582031251 0
0.9851047305185197 0.0005160464477539064 0
0.9851047305185197 0.0006650580596923829 0
0.9851047305185197 0.0008513225746154787 0
0.9851047305185197 0.001084153218269348 0
0.9851047305185197 0.001375191522836685 0
0.9851047305185197 0.001738989403545857 0
0.9851047305185197 0.002193736754432321 0
0.9851047305185197 0.002762170943040401 0
0.9851047305185197 0.003472713678800502 0
0.9851047305185197 0.004360892098500627 0
0.9851047305185197 0.005471115123125783 0
0.9851047305185197 0.00685889390390723 0
0.9851047305185197 0.008593617379884037 0
0.9851047305185197 0.01076202172485505 0
0.9851047305185197 0.01347252715606881 0
0.9851047305185197 0.01686065894508601 0
0.9851047305185197 0.02109582368135751 0
0.9851047305185197 0.02638977960169689 0
0.9851047305185197 0.03300722450212111 0
0.9851047305185197 0.04127903062765139 0
0.9851047305185197 0.05161878828456424 0
0.001693413660203942 2e-05 0
0.001693413660203942 4.5e-05 0
0.001693413660203942 7.625e-05 0
0.001693413660203942 0.0001153125 0
0.001693413660203942 0.000164140625 0
0.001693413660203942 0.00022517578125 0
0.001693413660203942 0.0003014697265625 0
0.001693413660203942 0.000396837158203125 0
0.001693413660203942 0.0005160464477539063 0
0.001693413660203942 0.0006650580596923828 0
0.001693413660203942 0.0008513225746154785 0
0.001693413660203942 0.001084153218269348 0
0.001693413660203942 0.001375191522836685 0
0.001693413660203942 0.001738989403545856 0
0.001693413660203942 0.00219373675443232 0
0.001693413660203942 0.002762170943040401 0
0.001693413660203942 0.003472713678800501 0
0.001693413660203942 0.004360892098500626 0
0.001693413660203942 0.005471115123125782 0
0.001693413660203942 0.006858893903907228 0
0.001693413660203942 0.008593617379884035 0
0.001693413660203942 0.01076202172485504 0
0.001693413660203942 0.01347252715606881 0
0.001693413660203942 0.01686065894508601 0
0.001693413660203942 0.02109582368135751 0
0.001693413660203942 0.02638977960169689 0
0.001693413660203942 0.03300722450212111 0
0.001693413660203942 0.04127903062765138 0
0.001693413660203942 0.05161878828456423 0
0.002281760263134142 2.000000000000001e-05 0
0.002281760263134142 4.500000000000001e-05 0
0.002281760263134142 7.625000000000001e-05 0
0.002281760263134142 0.0001153125 0
0.002281760263134142 0.000164140625 0
0.002281760263134142 0.0002251757812500001 0
0.002281760263134142 0.0003014697265625001 0
0.002281760263134142 0.0003968371582031251 0
0.002281760263134142 0.0005160464477539064 0
0.002281760263134142 0.0006650580596923829 0
0.002281760263134142 0.0008513225746154787 0
0.002281760263134142 0.001084153218269348 0
0.002281760263134142 0.001375191522836685 0
0.002281760263134142 0.001738989403545857 0
0.002281760263134142 0.002193736754432321 0
0.002281760263134142 0.002762170943040401 0
0.002281760263134142 0.003472713678800502 0
0.002281760263134142 0.004360892098500627 0
0.002281760263134142 0.005471115123125783 0
0.002281760263134142 0.00685889390390723 0
0.002281760263134142 0.008593617379884037 0
0.002281760263134142 0.01076202172485505 0
0.002281760263134142 0.01347252715606881 0
0.002281760263134142 0.01686065894508601 0
0.002281760263134142 0.02109582368135751 0
0.002281760263134142 0.02638977960169689 0
0.002281760263134142 0.03300722450212111 0
0.002281760263134142 0.04127903062765139 0
0.002281760263134142 0.05161878828456424 0
0.002998144332975158 2e-05 0
0.002998144332975158 4.5e-05 0
0.002998144332975158 7.625000000000001e-05 0
0.002998144332975158 0.0001153125 0
0.002998144332975158 0.000164140625 0
0.002998144332975158 0.00022517578125 0
0.002998144332975158 0.0003014697265625 0
0.002998144332975158 0.000396837158203125 0
0.002998144332975158 0.0005160464477539063 0
0.002998144332975158 0.0006650580596923828 0
0.002998144332975158 0.0008513225746154785 0
0.002998144332975158 0.001084153218269348 0
0.002998144332975158 0.001375191522836685 0
0.002998144332975158 0.001738989403545856 0
0.002998144332975158 0.002193736754432321 0
0.002998144332975158 0.002762170943040401 0
0.002998144332975158 0.003472713678800501 0
0.002998144332975158 0.004360892098500627 0
0.002998144332975158 0.005471115123125783 0
0.002998144332975158 0.006858893903907229 0
0.002998144332975158 0.008593617379884037 0
0.002998144332975158 0.01076202172485505 0
0.002998144332975158 0.01347252715606881 0
0.002998144332975158 0.01686065894508601 0
0.002998144332975158 0.02109582368135751 0
0.002998144332975158 0.02638977960169689 0
0.002998144332975158 0.03300722450212111 0
0.002998144332975158 0.04127903062765138 0
0.002998144332975158 0.05161878828456423 0
0.0004874801868621079 2e-05 0
0.0004874801868621079 4.5e-05 0
0.0004874801868621079 7.625000000000001e-05 0
0.0004874801868621079 0.0001153125 0
0.0004874801868621079 0.000164140625 0
0.0004874801868621079 0.00022517578125 0
0.0004874801868621079 0.0003014697265625 0
0.0004874801868621079 0.000396837158203125 0
0.0004874801868621079 0.0005160464477539063 0
0.0004874801868621079 0.0006650580596923828 0
0.0004874801868621079 0.0008513225746154785 0
0.0004874801868621079 0.001084153218269348 0
0.0004874801868621079 0.001375191522836685 0
0.0004874801868621079 0.001738989403545856 0
0.0004874801868621079 0.002193736754432321 0
0.0004874801868621079 0.002762170943040401 0
0.0004874801868621079 0.003472713678800501 0
0.0004874801868621079 0.004360892098500627 0
0.0004874801868621079 0.005471115123125783 0
0.0004874801868621079 0.006858893903907229 0
0.0004874801868621079 0.008593617379884037 0
0.0004874801868621079 0.01076202172485505 0
0.0004874801868621079 0.01347252715606881 0
0.0004874801868621079 0.01686065894508601 0
0.0004874801868621079 0.02109582368135751 0
0.0004874801868621079 0.02638977960169689 0
0.0004874801868621079 0.03300722450212111 0
0.0004874801868621079 0.04127903062765138 0
0.0004874801868621079 0.05161878828456423 0
0.0008133880519332217 2.000000000000001e-05 0
0.0008133880519332217 4.500000000000001e-05 0
0.0008133880519332217 7.625000000000001e-05 0
0.0008133880519332217 0.0001153125 0
0.0008133880519332217 0.000164140625 0
0.0008133880519332217 0.0002251757812500001 0
0.0008133880519332217 0.0003014697265625001 0
0.0008133880519332217 0.0003968371582031251 0
0.0008133880519332217 0.0005160464477539064 0
0.0008133880519332217 0.0006650580596923829 0
0.0008133880519332217 0.0008513225746154787 0
0.0008133880519332217 0.001084153218269348 0
0.0008133880519332217 0.001375191522836685 0
0.0008133880519332217 0.001738989403545857 0
0.0008133880519332217 0.002193736754432321 0
0.0008133880519332217 0.002762170943040401 0
0.0008133880519332217 0.003472713678800502 0
0.0008133880519332217 0.004360892098500627 0
0.0008133880519332217 0.005471115123125783 0
0.0008133880519332217 0.00685889390390723 0
0.0008133880519332217 0.008593617379884037 0
0.0008133880519332217 0.01076202172485505 0
0.0008133880519332217 0.01347252715606881 0
0.0008133880519332217 0.01686065894508601 0
0.0008133880519332217 0.02109582368135751 0
0.0008133880519332217 0.02638977960169689 0
0.0008133880519332217 0.03300722450212111 0
0.0008133880519332217 0.04127903062765139 0
0.0008133880519332217 0.05161878828456424 0
0.001210220880419001 2e-05 0
0.001210220880419001 4.5e-05 0
0.001210220880419001 7.625000000000001e-05 0
0.001210220880419001 0.0001153125 0
0.001210220880419001 0.000164140625 0
0.001210220880419001 0.00022517578125 0
0.001210220880419001 0.0003014697265625 0
0.001210220880419001 0.000396837158203125 0
0.001210220880419001 0.0005160464477539063 0
0.001210220880419001 0.0006650580596923828 0
0.001210220880419001 0.0008513225746154785 0
0.001210220880419001 0.001084153218269348 0
0.001210220880419001 0.001375191522836685 0
0.001210220880419001 0.001738989403545856 0
0.001210220880419001 0.002193736754432321 0
0.001210220880419001 0.002762170943040401 0
0.001210220880419001 0.003472713678800501 0
0.001210220880419001 0.004360892098500627 0
0.001210220880419001 0.005471115123125783 0
0.001210220880419001 0.006858893903907229 0
0.001210220880419001 0.008593617379884037 0
0.001210220880419001 0.01076202172485505 0
0.001210220880419001 0.01347252715606881 0
0.001210220880419001 0.01686065894508601 0
0.001210220880419001 0.02109582368135751 0
0.001210220880419001 0.02638977960169689 0
0.001210220880419001 0.03300722450212111 0
0.001210220880419001 0.04127903062765138 0
0.001210220880419001 0.05161878828456423 0
0.0002198210445512 2e-05 0
0.0002198210445512 4.5e-05 0
0.0002198210445512 7.625e-05 0
0.0002198210445512 0.0001153125 0
0.0002198210445512 0.000164140625 0
0.0002198210445512 0.00022517578125 0
0.0002198210445512 0.0003014697265625 0
0.0002198210445512 0.000396837158203125 0
0.0002198210445512 0.0005160464477539063 0
0.0002198210445512 0.0006650580596923828 0
0.0002198210445512 0.0008513225746154785 0
0.0002198210445512 0.001084153218269348 0
0.0002198210445512 0.001375191522836685 0
0.0002198210445512 0.001738989403545856 0
0.0002198210445512 0.00219373675443232 0
0.0002198210445512 0.002762170943040401 0
0.0002198210445512 0.003472713678800501 0
0.0002198210445512 0.004360892098500626 0
0.0002198210445512 0.005471115123125782 0
0.0002198210445512 0.006858893903907228 0
0.0002198210445512 0.008593617379884035 0
0.0002198210445512 0.01076202172485504 0
0.0002198210445512 0.01347252715606881 0
0.0002198210445512 0.01686065894508601 0
0.0002198210445512 0.02109582368135751 0
0.0002198210445512 0.02638977960169689 0
0.0002198210445512 0.03300722450212111 0
0.0002198210445512 0.04127903062765138 0
0.0002198210445512 0.05161878828456423 0
0.003870430053487213 2e-05 0
0.003870430053487213 4.5e-05 0
0.003870430053487213 7.625000000000001e-05 0
0.003870430053487213 0.0001153125 0
0.003870430053487213 0.000164140625 0
0.003870430053487213 0.00022517578125 0
0.003870430053487213 0.0003014697265625 0
0.003870430053487213 0.000396837158203125 0
0.003870430053487213 0.0005160464477539063 0
0.003870430053487213 0.0006650580596923828 0
0.003870430053487213 0.0008513225746154785 0
0.003870430053487213 0.001084153218269348 0
0.003870430053487213 0.001375191522836685 0
0.003870430053487213 0.001738989403545856 0
0.003870430053487213 0.002193736754432321 0
0.003870430053487213 0.002762170943040401 0
0.003870430053487213 0.003472713678800501 0
0.003870430053487213 0.004360892098500627 0
0.003870430053487213 0.005471115123125783 0
0.003870430053487213 0.006858893903907229 0
0.003870430053487213 0.008593617379884037 0
0.003870430053487213 0.01076202172485505 0
0.003870430053487213 0.01347252715606881 0
0.003870430053487213 0.01686065894508601 0
0.003870430053487213 0.02109582368135751 0
0.003870430053487213 0.02638977960169689 0
0.003870430053487213 0.03300722450212111 0
0.003870430053487213 0.04127903062765138 0
0.003870430053487213 0.05161878828456423 0
0.004932545009102346 2e-05 0
0.004932545009102346 4.5e-05 0
0.004932545009102346 7.625000000000001e-05 0
0.004932545009102346 0.0001153125 0
0.004932545009102346 0.000164140625 0
0.004932545009102346 0.00022517578125 0
0.004932545009102346 0.0003014697265625 0
0.004932545009102346 0.000396837158203125 0
0.004932545009102346 0.0005160464477539063 0
0.004932545009102346 0.0006650580596923828 0
0.004932545009102346 0.0008513225746154785 0
0.004932545009102346 0.001084153218269348 0
0.004932545009102346 0.001375191522836685 0
0.004932545009102346 0.001738989403545856 0
0.004932545009102346 0.002193736754432321 0
0.004932545009102346 0.002762170943040401 0
0.004932545009102346 0.003472713678800501 0
0.004932545009102346 0.004360892098500627 0
0.004932545009102346 0.005471115123125783 0
0.004932545009102346 0.006858893903907229 0
0.004932545009102346 0.008593617379884037 0
0.004932545009102346 0.01076202172485505 0
0.004932545009102346 0.01347252715606881 0
0.004932545009102346 0.01686065894508601 0
0.004932545009102346 0.02109582368135751 0
0.004932545009102346 0.02638977960169689 0
0.004932545009102346 0.03300722450212111 0
0.004932545009102346 0.04127903062765138 0
0.004932545009102346 0.05161878828456423 0
0.006225800500070907 2e-05 0
0.006225800500070907 4.5e-05 0
0.006225800500070907 7.625e-05 0
0.006225800500070907 0.0001153125 0
0.006225800500070907 0.000164140625 0
0.006225800500070907 0.00022517578125 0
0.006225800500070907 0.0003014697265625 0
0.006225800500070907 0.000396837158203125 0
0.006225800500070907 0.0005160464477539063 0
0.006225800500070907 0.0006650580596923828 0
0.006225800500070907 0.0008513225746154785 0
0.006225800500070907 0.001084153218269348 0
0.006225800500070907 0.001375191522836685 0
0.006225800500070907 0.001738989403545856 0
0.006225800500070907 0.00219373675443232 0
0.006225800500070907 0.002762170943040401 0
0.006225800500070907 0.003472713678800501 0
0.006225800500070907 0.004360892098500626 0
0.006225800500070907 0.005471115123125782 0
0.006225800500070907 0.006858893903907228 0
0.006225800500070907 0.008593617379884035 0
0.006225800500070907 0.01076202172485504 0
0.006225800500070907 0.01347252715606881 0
0.006225800500070907 0.01686065894508601 0
0.006225800500070907 0.02109582368135751 0
0.006225800500070907 0.02638977960169689 0
0.006225800500070907 0.03300722450212111 0
0.006225800500070907 0.04127903062765138 0
0.006225800500070907 0.05161878828456423 0
0.01489526948128156 2e-05 0
0.01489526948128156 4.5e-05 0
0.01489526948128156 7.625000000000001e-05 0
0.01489526948128156 0.0001153125 0
0.01489526948128156 0.000164140625 0
0.01489526948128156 0.00022517578125 0
0.01489526948128156 0.0003014697265625 0
0.01489526948128156 0.000396837158203125 0
0.01489526948128156 0.0005160464477539063 0
0.01489526948128156 0.0006650580596923828 0
0.01489526948128156 0.0008513225746154785 0
0.01489526948128156 0.001084153218269348 0
0.01489526948128156 0.001375191522836685 0
0.01489526948128156 0.001738989403545856 0
0.01489526948128156 0.002193736754432321 0
0.01489526948128156 0.002762170943040401 0
0.01489526948128156 0.003472713678800501 0
0.01489526948128156 0.004360892098500627 0
0.01489526948128156 0.005471115123125783 0
0.01489526948128156 0.006858893903907229 0
0.01489526948128156 0.008593617379884037 0
0.01489526948128156 0.01076202172485505 0
0.01489526948128156 0.01347252715606881 0
0.01489526948128156 0.01686065894508601 0
0.01489526948128156 0.02109582368135751 0
0.01489526948128156 0.02638977960169689 0
0.01489526948128156 0.03300722450212111 0
0.01489526948128156 0.04127903062765138 0
0.01489526948128156 0.05161878828456423 0
0.01835664082989833 2.000000000000001e-05 0
0.01835664082989833 4.500000000000001e-05 0
0.01835664082989833 7.625000000000001e-05 0
0.01835664082989833 0.0001153125 0
0.01835664082989833 0.000164140625 0
0.01835664082989833 0.0002251757812500001 0
0.01835664082989833 0.0003014697265625001 0
0.01835664082989833 0.0003968371582031251 0
0.01835664082989833 0.0005160464477539064 0
0.01835664082989833 0.0006650580596923829 0
0.01835664082989833 0.0008513225746154787 0
0.01835664082989833 0.001084153218269348 0
0.01835664082989833 0.001375191522836685 0
0.01835664082989833 0.001738989403545857 0
0.01835664082989833 0.002193736754432321 0
0.01835664082989833 0.002762170943040401 0
0.01835664082989833 0.003472713678800502 0
0.01835664082989833 0.004360892098500627 0
0.01835664082989833 0.005471115123125783 0
0.01835664082989833 0.00685889390390723 0
0.01835664082989833 0.008593617379884037 0
0.01835664082989833 0.01076202172485505 0
0.01835664082989833 0.01347252715606881 0
0.01835664082989833 0.01686065894508601 0
0.01835664082989833 0.02109582368135751 0
0.01835664082989833 0.02638977960169689 0
0.01835664082989833 0.03300722450212111 0
0.01835664082989833 0.04127903062765139 0
0.01835664082989833 0.05161878828456424 0
0.02257128635043492 2e-05 0
0.02257128635043492 4.5e-05 0
0.02257128635043492 7.625000000000001e-05 0
0.02257128635043492 0.0001153125 0
0.02257128635043492 0.000164140625 0
0.02257128635043492 0.00022517578125 0
0.02257128635043492 0.0003014697265625 0
0.02257128635043492 0.000396837158203125 0
0.02257128635043492 0.0005160464477539063 0
0.02257128635043492 0.0006650580596923828 0
0.02257128635043492 0.0008513225746154785 0
0.02257128635043492 0.001084153218269348 0
0.02257128635043492 0.001375191522836685 0
0.02257128635043492 0.001738989403545856 0
0.02257128635043492 0.002193736754432321 0
0.02257128635043492 0.002762170943040401 0
0.02257128635043492 0.003472713678800501 0
0.02257128635043492 0.004360892098500627 0
0.02257128635043492 0.005471115123125783 0
0.02257128635043492 0.006858893903907229 0
0.02257128635043492 0.008593617379884037 0
0.02257128635043492 0.01076202172485505 0
0.02257128635043492 0.01347252715606881 0
0.02257128635043492 0.01686065894508601 0
0.02257128635043492 0.02109582368135751 0
0.02257128635043492 0.02638977960169689 0
0.02257128635043492 0.03300722450212111 0
0.02257128635043492 0.04127903062765138 0
0.02257128635043492 0.05161878828456423 0
0.007800497917807923 2.000000000000001e-05 0
0.007800497917807923 4.500000000000001e-05 0
0.007800497917807923 7.625000000000001e-05 0
0.007800497917807923 0.0001153125 0
0.007800497917807923 0.000164140625 0
0.007800497917807923 0.0002251757812500001 0
0.007800497917807923 0.0003014697265625001 0
0.007800497917807923 0.0003968371582031251 0
0.007800497917807923 0.0005160464477539064 0
0.007800497917807923 0.0006650580596923829 0
0.007800497917807923 0.0008513225746154787 0
0.007800497917807923 0.001084153218269348 0
0.007800497917807923 0.001375191522836685 0
0.007800497917807923 0.001738989403545857 0
0.007800497917807923 0.002193736754432321 0
0.007800497917807923 0.002762170943040401 0
0.007800497917807923 0.003472713678800502 0
0.007800497917807923 0.004360892098500627 0
0.007800497917807923 0.005471115123125783 0
0.007800497917807923 0.00685889390390723 0
0.007800497917807923 0.008593617379884037 0
0.007800497917807923 0.01076202172485505 0
0.007800497917807923 0.01347252715606881 0
0.007800497917807923 0.01686065894508601 0
0.007800497917807923 0.02109582368135751 0
0.007800497917807923 0.02638977960169689 0
0.007800497917807923 0.03300722450212111 0
0.007800497917807923 0.04127903062765139 0
0.007800497917807923 0.05161878828456424 0
0.009717885479286283 2e-05 0
0.009717885479286283 4.5e-05 0
0.009717885479286283 7.625000000000001e-05 0
0.009717885479286283 0.0001153125 0
0.009717885479286283 0.000164140625 0
0.009717885479286283 0.00022517578125 0
0.009717885479286283 0.0003014697265625 0
0.009717885479286283 0.000396837158203125 0
0.009717885479286283 0.0005160464477539063 0
0.009717885479286283 0.0006650580596923828 0
0.009717885479286283 0.0008513225746154785 0
0.009717885479286283 0.001084153218269348 0
0.009717885479286283 0.001375191522836685 0
0.009717885479286283 0.001738989403545856 0
0.009717885479286283 0.002193736754432321 0
0.009717885479286283 0.002762170943040401 0
0.009717885479286283 0.003472713678800501 0
0.009717885479286283 0.004360892098500627 0
0.009717885479286283 0.005471115123125783 0
0.009717885479286283 0.006858893903907229 0
0.009717885479286283 0.008593617379884037 0
0.009717885479286283 0.01076202172485505 0
0.009717885479286283 0.01347252715606881 0
0.009717885479286283 0.01686065894508601 0
0.009717885479286283 0.02109582368135751 0
0.009717885479286283 0.02638977960169689 0
0.009717885479286283 0.03300722450212111 0
0.009717885479286283 0.04127903062765138 0
0.009717885479286283 0.05161878828456423 0
0.01205254026866991 2e-05 0
0.01205254026866991 4.5e-05 0
0.01205254026866991 7.625000000000001e-05 0
0.01205254026866991 0.0001153125 0
0.01205254026866991 0.000164140625 0
0.01205254026866991 0.00022517578125 0
0.01205254026866991 0.0003014697265625 0
0.01205254026866991 0.000396837158203125 0
0.01205254026866991 0.0005160464477539063 0
0.01205254026866991 0.0006650580596923828 0
0.01205254026866991 0.0008513225746154785 0
0.01205254026866991 0.001084153218269348 0
0.01205254026866991 0.001375191522836685 0
0.01205254026866991 0.001738989403545856 0
0.01205254026866991 0.002193736754432321 0
0.01205254026866991 0.002762170943040401 0
0.01205254026866991 0.003472713678800501 0
0.01205254026866991 0.004360892098500627 0
0.01205254026866991 0.005471115123125783 0
0.01205254026866991 0.006858893903907229 0
0.01205254026866991 0.008593617379884037 0
0.01205254026866991 0.01076202172485505 0
0.01205254026866991 0.01347252715606881 0
0.01205254026866991 0.01686065894508601 0
0.01205254026866991 0.02109582368135751 0
0.01205254026866991 0.02638977960169689 0
0.01205254026866991 0.03300722450212111 0
0.01205254026866991 0.04127903062765138 0
0.01205254026866991 0.05161878828456423 0
0.9879474597311783 2e-05 0
0.9879474597311783 4.5e-05 0
0.9879474597311783 7.625e-05 0
0.9879474597311783 0.0001153125 0
0.9879474597311783 0.000164140625 0
0.9879474597311783 0.00022517578125 0
0.9879474597311783 0.0003014697265625 0
0.9879474597311783 0.000396837158203125 0
0.9879474597311783 0.0005160464477539063 0
0.9879474597311783 0.0006650580596923828 0
0.9879474597311783 0.0008513225746154785 0
0.9879474597311783 0.001084153218269348 0
0.9879474597311783 0.001375191522836685 0
0.9879474597311783 0.001738989403545856 0
0.9879474597311783 0.00219373675443232 0
0.9879474597311783 0.002762170943040401 0
0.9879474597311783 0.003472713678800501 0
0.9879474597311783 0.004360892098500626 0
0.9879474597311783 0.005471115123125782 0
0.9879474597311783 0.006858893903907228 0
0.9879474597311783 0.008593617379884035 0
0.9879474597311783 0.01076202172485504 0
0.9879474597311783 0.01347252715606881 0
0.9879474597311783 0.01686065894508601 0
0.9879474597311783 0.02109582368135751 0
0.9879474597311783 0.02638977960169689 0
0.9879474597311783 0.03300722450212111 0
0.9879474597311783 0.04127903062765138 0
0.9879474597311783 0.05161878828456423 0
0.9902821145205986 2e-05 0
0.9902821145205986 4.5e-05 0
0.9902821145205986 7.625e-05 0
0.9902821145205986 0.0001153125 0
0.9902821145205986 0.000164140625 0
0.9902821145205986 0.00022517578125 0
0.9902821145205986 0.0003014697265625 0
0.9902821145205986 0.000396837158203125 0
0.9902821145205986 0.0005160464477539063 0
0.9902821145205986 0.0006650580596923828 0
0.9902821145205986 0.0008513225746154785 0
0.9902821145205986 0.001084153218269348 0
0.9902821145205986 0.001375191522836685 0
0.9902821145205986 0.001738989403545856 0
0.9902821145205986 0.00219373675443232 0
0.9902821145205986 0.002762170943040401 0
0.9902821145205986 0.003472713678800501 0
0.9902821145205986 0.004360892098500626 0
0.9902821145205986 0.005471115123125782 0
0.9902821145205986 0.006858893903907228 0
0.9902821145205986 0.008593617379884035 0
0.9902821145205986 0.01076202172485504 0
0.9902821145205986 0.01347252715606881 0
0.9902821145205986 0.01686065894508601 0
0.9902821145205986 0.02109582368135751 0
0.9902821145205986 0.02638977960169689 0
0.9902821145205986 0.03300722450212111 0
0.9902821145205986 0.04127903062765138 0
0.9902821145205986 0.05161878828456423 0
0.9921995020821054 2e-05 0
0.9921995020821054 4.5e-05 0
0.9921995020821054 7.625000000000001e-05 0
0.9921995020821054 0.0001153125 0
0.9921995020821054 0.000164140625 0
0.9921995020821054 0.00022517578125 0
0.9921995020821054 0.0003014697265625 0
0.9921995020821054 0.000396837158203125 0
0.9921995020821054 0.0005160464477539063 0
0.9921995020821054 0.0006650580596923828 0
0.9921995020821054 0.0008513225746154785 0
0.9921995020821054 0.001084153218269348 0
0.9921995020821054 0.001375191522836685 0
0.9921995020821054 0.001738989403545856 0
0.9921995020821054 0.002193736754432321 0
0.9921995020821054 0.002762170943040401 0
0.9921995020821054 0.003472713678800501 0
0.9921995020821054 0.004360892098500627 0
0.9921995020821054 0.005471115123125783 0
0.9921995020821054 0.006858893903907229 0
0.9921995020821054 0.008593617379884037 0
0.9921995020821054 0.01076202172485505 0
0.9921995020821054 0.01347252715606881 0
0.9921995020821054 0.01686065894508601 0
0.9921995020821054 0.02109582368135751 0
0.9921995020821054 0.02638977960169689 0
0.9921995020821054 0.03300722450212111 0
0.9921995020821054 0.04127903062765138 0
0.9921995020821054 0.05161878828456423 0
0.01073526981154337 0.05359244576533232 0
0.03767851815905113 0.0576986584009774 0
0.08420248423853366 0.06480821906406831 0
0.141617990016118 0.06969503794422083 0
0.2215548948285417 0.06997783762513247 0
0.2980441506185781 0.07076012638728879 0
0.3806663834967184 0.0683785091117033 0
0.4604434644952775 0.07109014408225034 0
0.5402011657732528 0.07051528151534719 0
0.6193336164996452 0.06930023128003066 0
0.699051949151053 0.07092900685800815 0
0.7780905844217174 0.06912217115084987 0
0.8580830722479023 0.06881364169855958 0
0.943487302486823 0.06137269956361241 0
0.9795562147406685 0.05488844417486813 0
-0.1071630110991298 0.04408091208037296 0
-0.2020947083554996 0.227587449755969 0
1.174104059002042 0.05707021658682667 0
1.062460253961173 0.4099379173182466 0
0.9160793728566433 0.06632872139415875 0
0.05608193203097574 0.06048382606150329 0
0.09188385054130256 0.4139103370833863 0
0.5776301056187834 0.4199942979257407 0
0.8587677717924175 0.4190388734021724 0
0.2788599193069056 0.4187513256081779 0
1.249970374959916 0.4223356422083926 0
0.9620123077209635 0.05802157723052662 0
0.1823218813425059 0.07077789265174252 0
0.2634641644966443 0.07114516628461798 0
0.3418541046404555 0.0704516070313265 0
0.4204442556637624 0.06946108115715946 0
0.5004274167498531 0.06680444174660889 0
0.5795557443323804 0.06864033669545343 0
0.6593679552608693 0.06968666786958914 0
0.7386672330014392 0.06851301661950322 0
0.8173460123426477 0.07026307531840953 0
-0.2096618829268299 0.1167899710209248 0
1.411756544445227 0.2487013451598103 0
-0.1108629436059009 0.4208632136737758 0
1.374354872087006 0.06211618552125606 0
1.304805604567601 0.0664126737070922 0
1.33954155296008 0.1227435697614558 0
1.274611438970216 0.1236895598219051 0
1.307155852896824 0.1799470072143346 0
1.234966798767383 0.1747515247538909 0
1.275260413787062 0.2371848314242526 0
1.210300187459639 0.2355687328392949 0
1.178654741346963 0.1846002093544653 0
1.152259324570414 0.2345534045571732 0
1.12634343449072 0.189684040853116 0
1.100916795355636 0.2330459235058458 0
1.07765902207051 0.1864440838653304 0
1.048862152233127 0.2381664108795469 0
1.031558797577113 0.1932526262590106 0
1.048192973448963 0.1588979166775402 0
1.01449322541391 0.1595268979978489 0
0.9945355073830918 0.1880872278475419 0
1.029705402355142 0.1329855558676316 0
1.003324184792987 0.1300236534132378 0
1.017100049200244 0.1109188827092086 0
0.996747645230408 0.05232138606358178 0
0.9913163031403776 0.05327906333050726 0
0.9865028073634755 0.05389587651953733 0
1.038764886190346 0.1111663850725984 0
1.024772583271311 0.09221251558709784 0
1.044478744190165 0.08888050270421101 0
1.030037612085911 0.07649778645732637 0
1.052636975350711 0.07436691861580703 0
1.043603124481907 0.06221330903106117 0
1.058716301718332 0.06118139655255109 0
1.049239316736309 0.04961049085479044 0
1.066609024712003 0.05320256569870395 0
1.035581627861804 0.05226566438931695 0
1.06926587526604 0.07495191281579118 0
1.007198061469913 0.09478740818116962 0
1.058123525472871 0.1070903845004022 0
1.128446491424386 0.2910532665020428 0
1.146196500850609 0.1472053316939556 0
1.018743219783504 0.07782856758859003 0
1.026744240683924 0.0663237658092677 0
1.014242600892547 0.06738317348917224 0
0.9969641039565817 0.1093751312229405 0
0.9824970938609132 0.1190649653024049 0
0.9919740131915564 0.09120398892581671 0
1.002014523455997 0.08195742039593493 0
0.9840004397472508 0.07921056525143619 0
0.9773321107289341 0.09062573232323547 0
0.9935697733650735 0.06866959760988194 0
0.9723189738519237 0.078298403555601 0
0.9633257663910882 0.0894009454836065 0
0.9605275576729901 0.07603931646850806 0
0.9474353334460168 0.08486958176439506 0
0.953256097885562 0.1033213523007734 0
0.9350485975484616 0.1014517902418377 0
0.9418194224974465 0.1225270950152527 0
0.9160813065313206 0.1163473936014079 0
0.9270143500869166 0.1434776711906658 0
0.8969728787082647 0.1407775992675204 0
0.9099729996279515 0.1702528229800962 0
0.8751490718063999 0.1669012498663592 0
0.8897336438104916 0.2013601420622007 0
0.8507749410796107 0.1963302745475578 0
0.8369509652367524 0.1590216616508358 0
0.8102115912486674 0.1904373998876121 0
0.824374230063433 0.2290705631081298 0
0.7803223528584579 0.2213922279532513 0
0.7688928006397546 0.1876120593350535 0
0.7381145098020894 0.2142776003600924 0
0.749425364510808 0.2581980590316073 0
0.7017841299726123 0.2444493555253412 0
0.6963148816870178 0.1955340288418597 0
0.6561194856150541 0.228842589688737 0
0.6466328725159756 0.183773647578684 0
0.6114431069929059 0.2142508223409538 0
0.603923753467325 0.1667486548108057 0
0.5695632690742904 0.1993449257835941 0
0.7128817412202022 0.2963043438300479 0
0.5610079147217724 0.1584674102695226 0
0.5306476411762759 0.1864134535565312 0
0.536281373336298 0.2291724365917606 0
0.4921865751449898 0.2082364857542686 0
0.5008752544121635 0.2626144275109543 0
0.4530479091810312 0.2450927598608986 0
0.4439013466854654 0.1965599316357088 0
0.4072902198854271 0.2269596384102016 0
0.4010487291524916 0.1813252347906459 0
0.3646194930940241 0.2089198408934207 0
0.412900595261332 0.2798454989501595 0
0.3625317251854435 0.1646434644087352 0
0.3218116681245815 0.1848662409826652 0
0.3283239691691081 0.2367948684699837 0
0.2856389975397839 0.2168098204058677 0
0.2771325505314398 0.1721071961410646 0
0.2433205322713807 0.197073484143568 0
0.2465897980736087 0.2430160442467073 0
0.2057535257243019 0.2193054457670132 0
0.2078658053483055 0.1769637553353021 0
0.1656855524946594 0.1976920541624208 0
0.1660695768225048 0.2500142981161315 0
0.1263918054312563 0.218751720252926 0
0.1281686200416043 0.1749907936459462 0
0.09084607188253258 0.1942963887940297 0
0.08699779835459026 0.2358145658002225 0
0.05352237586580288 0.2114088443998396 0
0.05607823726179581 0.1752028825354201 0
0.02217838439140117 0.1875772911012968 0
0.02898019588158707 0.1522746105756368 0
-0.003668395435115508 0.1656207548774097 0
-0.009567775775246099 0.1984409468013794 0
0.04646247272686969 0.2560342282782097 0
-0.001461263256358995 0.1324405561008907 0
-0.02842923963218559 0.1462225486276461 0
-0.02546840696024103 0.1176982988917958 0
-0.05191807393445775 0.1302296150891548 0
0.02388536788738206 0.1226731062391165 0
-0.05481137028793351 0.1573341725084505 0
-0.04734974887104963 0.1039843443793692 0
-0.07493805907600755 0.1148297048710465 0
-0.02596201771727427 0.0910356736432363 0
-0.04369759659268757 0.08261434628386105 0
-0.02902554904383808 0.07490586575528499 0
-0.03906754182515704 0.06483155921504587 0
-0.004563660280964053 0.04736619086741378 0
-0.00943993439689705 0.08566632446144151 0
-0.05764529551256638 0.07073271170296017 0
-0.05180200833620795 0.05491758124425361 0
-0.03821432884634411 0.049764143330615 0
-0.04907999196726077 0.04320265806687146 0
-0.0356616476225434 0.03701137542538391 0
-0.01414825031259058 0.06847449798134704 0
0.003434287193231185 0.05230670248289956 0
0.005341118489060527 0.05266046681732052 0
0.4340942689588004 0.1545211287378668 0
0.5265933972419279 0.1469414954477596 0
0.6776720655226627 0.1548270810349968 0
-0.06223446363192554 0.04499497199475443 0
-0.06245080667000561 0.03084461709055115 0
0.6217754132613175 0.2599425625399335 0
-0.0271077396223836 0.04707808123869415 0
-0.0766940540504981 0.03583199864698405 0
0.08642558678100788 0.2828297049525624 0
0.03947283641966282 0.3072559316230586 0
0.5866981728583092 0.1333964301201082 0
0.7677253998421714 0.3092380471595301 0
0.8848382738129968 0.1089498152801975 0
-0.07689732884492315 0.04981435220789975 0
0.9319996311554323 0.2019226668639116 0
0.905572874568962 0.2415032002658428 0
0.9604118681188872 0.2466915000742061 0
0.9229711965478892 0.2892693670147654 0
0.980200283012664 0.2971005445710556 0
-0.004955083392946345 0.2693382466090503 0
0.7281097588565374 0.3581814295817646 0
-0.01267294223352718 0.3305059486545763 0
-0.060918458574054 0.2876362082590038 0
0.672229769115075 0.335436092170233 0
0.005502123375583062 0.1075468323942444 0
0.02511460072818516 0.1002159530850588 0
0.02046396359016663 0.05494260108884658 0
0.04202391528402548 0.1104029987809819 0
0.03953629986737274 0.08890658944996691 0
0.05790795179034806 0.099326637497286 0
0.02354686116695099 0.08352257087240401 0
0.06042440398661441 0.1214179467649115 0
0.08083452535713988 0.1050941753518484 0
0.08211994464252452 0.133708259512622 0
0.1038215121620919 0.1194926894707196 0
0.1014813206353543 0.09815280993644114 0
0.1250872042813962 0.1047599417967208 0
0.04091715050918729 0.07380208720317885 0
0.02654808056892111 0.06717746356712984 0
0.05347841158581673 0.08131542863156851 0
0.9446323711376965 0.3416879015874908 0
0.8722671361457498 0.2809686713919328 0
0.9813056346445129 0.1475079990576746 0
1.102352028299998 0.1458089682773889 0
1.124446613886421 0.1134201549748401 0
1.16826276086828 0.1094607936327906 0
1.24562849423378 0.07691983719985061 0
0.6403151188282696 0.1448781651374972 0
0.6659484130035044 0.1155456186786734 0
0.7003550787026569 0.126280893872019 0
0.6326292521400781 0.1089880337153655 0
0.5469619260613121 0.2804042112886003 0
0.5103411141213579 0.3192031366680411 0
1.241471086026881 0.2922776742237 0
0.07076662311235557 0.0855722857689237 0
0.3934932280137262 0.1356436300955425 0
0.3601669518620104 0.1245554795972323 0
0.4250106312940909 0.1137788626565755 0
0.4595387346750968 0.1289384365186978 0
0.3294374420995894 0.143033509419314 0
0.3303490705856489 0.1116741125752019 0
0.3012254742345649 0.1239559038282704 0
0.3988734990653309 0.1049738590129187 0
0.9789175140755439 0.06954447891610069 0
0.9688159176379624 0.06745409534571804 0
0.5541829295183698 0.1238796409457098 0
0.5195755682255447 0.1106568702145736 0
0.01185751332907476 0.08947913331396988 0
0.01283294731926226 0.07507660655455344 0
1.329775915874291 0.294936748765357 0
0.1282378454631912 0.1316054261818813 0
0.1525222793467565 0.1160609981165336 0
0.1544772677808521 0.1458147493653862 0
0.1799834878656743 0.12683267875211 0
1.218340727781504 0.117731901091915 0
-0.02801092217735693 0.05657880038471674 0
-0.01905184462336599 0.05080893353092125 0
-0.01869108723904341 0.04451551242694107 0
-0.2005469324775861 0.1661382000004238 0
-0.1575072670115175 0.198989759097887 0
-0.154601939014307 0.2522105814321858 0
-0.1162252231961581 0.2203873602673441 0
-0.1579682967651112 0.1522044818840062 0
0.1897449339052668 0.4211283173907338 0
0.2303567005600007 0.3539734957843266 0
0.309027668454065 0.3387052204830649 0
0.1559642421977574 0.3523344670792764 0
0.3682912399160034 0.4044009426913035 0
0.4503992137360776 0.4057066335579696 0
1.137812037495324 0.08337280600241993 0
1.104648493770692 0.08507886739747431 0
1.117794104582484 0.05918499188396492 0
1.097601366367351 0.1112877641757186 0
0.6702335639034528 0.4166520107165913 0
1.155632637860325 0.4229205829945081 0
-0.00605324692183559 0.4159336321320354 0
1.094519133133563 0.06006013714565934 0
1.102186879201202 0.03863803824898841 0
1.126055449271223 0.03410473556635706 0
0.717153485117503 0.1578332020636007 0
0.7359727992854743 0.1303306132775216 0
0.7238952113932815 0.1025122559253681 0
0.7552551590149665 0.1084345015831339 0
0.7704651087419803 0.1342673472793509 0
0.7858306037785652 0.107994235835804 0
0.7983765956931115 0.1314385089494951 0
0.8133319939981073 0.1133859870906663 0
0.9280980842814478 0.08135260499939749 0
0.4706594225796781 0.165640765796272 0
-0.1848543258286396 0.3691433212054835 0
0.576847359923312 0.1057980649338201 0
1.005859660980519 0.3468669888010104 0
0.9759900131418618 0.4137491272359256 0
0.9693969817794359 0.05845130681864536 0
1.039009353399624 0.2945213132402559 0
-0.2097226646026717 0.07287058608820331 0
-0.1744119056426049 0.09131667563277482 0
-0.1728503097856846 0.05414916748788758 0
-0.1395272914915974 0.07067191923790629 0
-0.1422207959985105 0.1138970961328423 0
-0.1127206707689197 0.09041817645863209 0
-0.1052334028089609 0.1180072331032863 0
-0.1455050290993286 0.04501268970849986 0
-0.04128250783792071 0.2446867846432591 0
0.3527952185860769 0.09282533733937208 0
0.03082746270635251 0.05654669096140277 0
0.1748998335999984 0.09648460812131737 0
0.2037747996292719 0.1067744972493344 0
0.8026873308834483 0.3714985004233041 0
1.001807080590389 0.2242710133876 0
0.8976347850095295 0.06707796404661787 0
0.9085206753021661 0.08158412558103929 0
0.8892356643479434 0.08495411319266781 0
0.9616327670968285 0.1768804549325022 0
0.4520290737684171 0.09655160486635396 0
0.4817229184543919 0.1070825921400989 0
0.6899204226936264 0.09780957695939584 0
0.9761690037364888 0.06216631159308823 0
0.9826893940725862 0.0619863434455989 0
0.01662595515558996 0.054348543901582 0
0.01797641024212127 0.05831878175199381 0
0.02221361249076253 0.05872691421861597 0
0.02058508229459532 0.06385759594738222 0
0.0138636782203972 0.06187044474990095 0
0.2390081095679934 0.1548893388773888 0
0.9305569753104012 0.0644316277036338 0
1.352160939948311 0.4154380708754287 0
-0.06494977228968479 0.09064709428519371 0
-0.07699178308221877 0.07225359510316803 0
0.9537226791949909 0.05946406148447537 0
0.9751872730956654 0.05591407141231806 0
0.9833594624069921 0.05433967075103142 0
1.114378849539145 0.3544036865011265 0
0.002138910494142036 0.08085262673126914 0
0.002251059765607788 0.06969570163674799 0
1.411178726612686 0.1183409761911402 0
-0.1660780253664247 0.0225843518490531 0
0.01338753483819882 0.05379542850595974 0
0.011549035789736 0.05552419471907565 0
0.008699667890712116 0.05552118311689147 0
0.01043269252101024 0.05831025801511214 0
0.006850649642917662 0.05827403279048841 0
0.008303235611420072 0.06215184211126071 0
0.00387725015314007 0.06075288254848574 0
0.001604953232319343 0.05741041031010553 0
0.00105597565745421 0.0519059622811603 0
0.001949770457644023 0.05209106286962421 0
-0.0005351467440418063 0.06049188017749517 0
-0.001819549358978708 0.05698927371281805 0
-0.005065827755262941 0.06018420137908331 0
-0.005283238989263562 0.05464603428633592 0
-0.009960575190659878 0.05893960433834734 0
0.0002919246219541522 0.05501704252158624 0
-0.001859233703053519 0.05433174291426159 0
0.003128316875882503 0.05487762848377565 0
-0.002804675290618839 0.06514357259088935 0
0.04603890339008294 0.05911202811503423 0
0.06892478304019303 0.0621072896091851 0
-0.1993821447454781 0.2854505528171991 0
-0.1461908611757519 0.3096105087565015 0
-0.1143590685160579 0.1749830760868231 0
-0.07595834072945438 0.1925949924885502 0
0.9891056219495229 0.05352826400324323 0
0.9903700734930332 0.05543697172717919 0
0.9928715937288762 0.05495228307637752 0
0.9919007246024349 0.05760667804827228 0
0.9948512394167973 0.05712558168507137 0
0.9990161200943289 0.05195803718957774 0
0.9980124130383038 0.05208277844786185 0
0.993604999051344 0.06037774490465697 0
0.9971127635755197 0.05976017369753828 0
0.997837430036203 0.05693358117290612 0
1.000324393115206 0.05865631403178836 0
1.001587531516434 0.05640475631935508 0
1.003589635543593 0.0580809904271904 0
1.004668292776334 0.05491476527628899 0
1.002860397586716 0.0627067064855942 0
1.006457817169457 0.05729588098824814 0
1.00740041415848 0.05466069288822607 0
1.005827138432819 0.05287180799388592 0
1.008024243096855 0.05269377803231089 0
1.010045455213098 0.0537896387949961 0
1.010115878212285 0.05203911047502702 0
1.012817490803051 0.0528342352627225 0
1.013346981085555 0.04976537158563001 0
1.016305672967503 0.05238153436203542 0
1.01555725921133 0.0555935403204301 0
1.019680875626291 0.05426226906209194 0
1.028492825330923 0.04934440869556816 0
0.9996984382129873 0.05429610635046933 0
1.025606392136869 0.05275369346654733 0
0.9945272701675751 0.05244325289670563 0
1.002872620891032 0.05357176054190429 0
0.996265273792569 0.05522035531727791 0
0.9888571299063371 0.05790373048069716 0
1.018542653784649 0.05860226178117565 0
0.2078047443849596 0.138438071912125 0
0.2339307430306399 0.1197902108383422 0
0.2688119946020567 0.1316278830355247 0
0.2571919608682821 0.09742584526140527 0
0.5701639066407798 0.33905335864561 0
-0.000479999513328858 0.05331405120905477 0
-0.002393262288411758 0.05225536151232605 0
0.0004009621219699244 0.05261043351687818 0
0.00147671045861804 0.05356720476491245 0
0.9958731750615077 0.06395828998781131 0
0.9914941725804691 0.06402042059389802 0
1.000344470416733 0.0687614039064416 0
1.007973097574401 0.07492501818979438 0
1.007149397069771 0.06628815610807261 0
1.079149110790197 0.04562307989523889 0
0.1010281756537587 0.06623027094509099 0
0.8656234489362891 0.1334576887607148 0
0.8615460356793998 0.1072086993159131 0
1.010263478110456 0.06231467854087184 0
0.006490557152172758 0.05575261918577962 0
0.08962959611456366 0.3373168289802175 0
0.12118803578206 0.06749000529981139 0
0.5522621018557852 0.09352522876433579 0
1.409466464627091 0.3487282621159304 0
0.1915429398907746 0.3013542993523174 0
0.985476247383851 0.05723365420009666 0
0.0006504341193978438 0.0518758103381848 0
0.9932222194767457 0.05290705217009676 0
0.4231709792981789 0.3424901534229888 0
-0.09176416690796899 0.04255426454218654 0
1.009505336824277 0.05778446472820196 0
0.998556375146166 0.05202759180061199 0
0.9984329060316375 0.05265284573578916 0
0.9976207345918828 0.05272074431279494 0
0.9982308638391841 0.05349405905935949 0
0.3061079920198749 0.09441573303824209 0
0.9957404888225919 0.05251218131087635 0
0.006758242024210662 0.05286909752347037 0
0.008558408162984825 0.05311873502372278 0
0.2924103884831214 0.2697599391240275 0
0.01013421351123983 0.06712158428760776 0
0.001421858999916745 0.05194763946616086 0
0.001168038127345931 0.05243397445376353 0
0.3375375134928741 0.2862774696536153 0
0.4937058846745623 0.1382990525616312 0
1.188401482812068 0.3471613349778963 0
0.1045260562489567 0.1488225270929409 0
0.9968862068857911 0.05355639194106088 0
0.2017567685251877 0.06948771628868677 0
0.1624265827751313 0.07183930922805366 0
0.1509223357409859 0.09082628352138872 0
1.057075150794929 0.1327644588124512 0
0.2427663408146498 0.0723135069075168 0
0.2314993628703028 0.09209461570481667 0
0.2812739765512965 0.08547894249872541 0
0.3607774474131961 0.06884311218713951 0
0.3209995752461521 0.06884311218713916 0
0.4406619835212582 0.07163862919257587 0
0.4005553195802406 0.06884311218713873 0
0.4808842845908398 0.06936743838841249 0
0.5198889360814839 0.06884311218720414 0
0.559918768729784 0.06948412134591338 0
0.5994446804160131 0.06884311218723474 0
0.6113177557594507 0.08871230212767681 0
0.6392652970156041 0.06951701062438523 0
0.7187782969178055 0.06884311218723277 0
0.679489322146519 0.07170272624661508 0
0.7584970822939076 0.06929172553550914 0
0.7968973078886434 0.06996689076956948 0
0.8380774337649162 0.0690224302386819 0
0.04979796373092728 0.06846999073418432 0
0.002562812197646085 0.0522763280603516 0
0.002760472444991555 0.05321041610188626 0
0.004092202752341911 0.05329811212506164 0
0.7951139991877042 0.2667357253701119 0
0.8252212158420195 0.3059582753017827 0
0.8769855085789257 0.3417747921186077 0
0.8783293502914816 0.06848070723386054 0
1.144310288730718 0.0632867212802897 0
0.9398994481495795 0.07316478305070387 0
0.5276759519914718 0.08770345989134205 0
-0.01021449613826879 0.09970910221385092 0
-0.006375881193009894 0.07257843969759636 0
0.6495139597056661 0.08975429518146273 0
-0.0696845943660989 0.3556515611857983 0
0.4303887237055236 0.08949136848056308 0
0.01702600162569375 0.224603125415651 0
0.8267613204616455 0.09206727758226246 0
1.032999863490657 0.0598622090017748 0
0.02137140551452092 0.0720234616107004 0
1.080689656477589 0.09317609417248413 0
1.184175714458678 0.2801228826200214 0
-0.08866284334110394 0.0967452132657394 0
-0.08678957554570531 0.144370441494846 0
0.3717158530605054 0.2587764533092951 0
0.2464112382181809 0.2948108580205556 0
1.001416904191203 0.05420756880102523 0
1.000492166808599 0.05298043270389968 0
0.9992694580560073 0.05293512898988752 0
0.9998125106007052 0.0524416374682851 0
1.00061502322864 0.05210360423479924 0
1.00154878212325 0.05283967418268152 0
1.001375330211566 0.05198405332440557 0
0.9996299563437414 0.05194697936389221 0
1.00000707543641 0.05207328095717986 0
1.002471645436898 0.05238832773895703 0
1.003430837248499 0.05141891237575855 0
1.003633333973895 0.0520644233590814 0
0.9993422534612706 0.05225701600437056 0
0.6658466434234804 0.2785854921080955 0
0.5164639676400145 0.3814695056661799 0
0.9540195209802942 0.145837963547579 0
0.5794144213091843 0.2459458693468559 0
0.03365865322548942 0.06471980000203084 0
0.9993374923321078 0.0518799218253938 0
-0.01733891480181245 0.06084459064287867 0
0.9948651321057023 0.05383795364141451 0
-0.0362072855324952 0.1777807398150054 0
0.9505426994652322 0.06964380865950738 0
0.5000488102808788 0.08541693201161049 0
0.768500637126885 0.08864267766468775 0
0.1398558411504259 0.2961325099227595 0
-0.06511417588156836 0.05854264245060719 0
-0.09380149280910724 0.0586841112393853 0
-0.1147117908914164 0.02781071194630491 0
-0.1120411953590472 0.06530236462308499 0
0.281045139564947 0.06612436234795213 0
0.4612304767547154 0.3003416570696949 0
0.9601991568831991 0.06555448439185166 0
0.0434291155180039 0.1321655713406602 0
-0.1096905194285169 0.269176366616748 0
0.7501794100821078 0.4313668528606652 0
0.03850382277591959 0.3617552313456407 0
0.04161823780294761 0.06476051289108112 0
0.9700773708689256 0.2075705726211524 0
1.374387926735565 0.1817187299596057 0
1.1970866437599 0.08182508288218629 0
1.208114458458857 0.04883512858230346 0
1.250574428343749 0.03786144502861916 0
-0.2048027143606639 0.03611893070597239 0
1.075377381078961 0.06174327367733309 0
0.0251372108323265 0.05536792977044011 0
0.8030167193342209 0.09201197328221336 0
0.8627882499477968 0.2359973994686764 0
0.9836408206851148 0.1022951779941042 0
1.339667330747794 0.228497732504672 0
0.2100614633113125 0.08488380973030329 0
0.1300921210431692 0.08348853460710633 0
0.8404030521633103 0.1207312292394648 0
1.011332297391682 0.08436425486018183 0
0.9180399259250229 0.09623489293044053 0
0.9818452412028811 0.05742776876115185 0
0.471431463231322 0.08705482358652154 0
0.1931712144677466 0.08587893434718429 0
1.061133890239138 0.08868069242515422 0
1.189284305922948 0.1467499521054035 0
1.006637677050711 0.06074514621302986 0
0.8488906011058176 0.09062651184165529 0
0.4109805468079047 0.08870693358622553 0
0.7478250445082457 0.08640428931694073 0
0.6705947562724809 0.08855352922356891 0
1.014281208382249 0.06034756570610768 0
0.08879386111329857 0.08170610402209318 0
0.6304119762240888 0.08525437458578418 0
0.6037659469459109 0.1113141976080835 0
0.08165797633072255 0.160378280305113 0
0.06218468960260441 0.07177884546119913 0
0.712073729023077 0.084802667898909 0
0.9873921494031667 0.06898652351994561 0
0.3304211922156416 0.08764198043425636 0
0.179456913059807 0.1586062191821159 0
-0.04360558749604407 0.2105979006092465 0
1.441564211677522 0.05824424615783799 0
0.004435941440778621 0.05680137474591652 0
0.8684726923177319 0.08591579297504988 0
1.081550827755204 0.2735855463030531 0
0.988062376019244 0.05559969938615072 0
-0.1896838269913123 0.4398918441928912 0
-0.1237460450357053 0.3566111552294254 0
0.1207890835150832 0.2586112366001592 0
0.9974201776528885 0.05207249707867341 0
1.024526084535554 0.05831453986076807 0
1.062445492848742 0.3433741446496427 0
1.073272885607997 0.1492848371603047 0
0.07405842411535814 0.0727242519618299 0
0.6218460292932435 0.3658349390439895 0
1.281375285210271 0.3533866457484533 0
0.004334116699444637 0.05230057159888205 0
-0.1315459680505705 0.03776294462764765 0
0.9947133097609862 0.05528404343003532 0
0.9981401853243501 0.05490229194134377 0
1.432865854019485 0.4328196024046946 0
-0.09684359707207935 0.07668069213800195 0
-3.117666727319515e-05 0.09265080382295517 0
-0.176575070524909 0.1257728173149653 0
-0.1213142279268692 0.1406924657403608 0
0.4723211503100688 0.3498422172769748 0
0.3897638934471261 0.08614553328898653 0
0.9989053724264672 0.052374461230367 0
1.029678492006221 0.05579902667960179 0
0.01397255112784225 0.05702794194060404 0
1.004007019097041 0.0529086817391749 0
1.004648709923024 0.05207527083347527 0
1.007565631333173 0.05181070854934794 0
1.012337446608991 0.05585273130720499 0
0.3012694569488103 0.1517399842633141 0
0.5899218182578218 0.08716174370291513 0
0.9616550228980656 0.1211179779801747 0
0.06273298355957529 0.1473126949370478 0
0.007183715121368185 0.05422871268051353 0
0.7544361855987227 0.1595517370413994 0
0.02649501701974123 0.06106606574450028 0
-0.01069913825198683 0.04744215158961628 0
0.2825484535323799 0.107793254538375 0
1.007166132532063 0.2631368496767047 0
0.9993030399511368 0.06276857762183476 0
0.9998341470660637 0.05590010310281464 0
0.9702844854082797 0.1043043585640498 0
0.6237205334771464 0.3119021170073591 0
-0.0164769905752927 0.2295334008157173 0
1.002715856910865 0.05496576276705413 0
0.3704406415804931 0.3184159564184045 0
-0.1020460957160254 0.3157371600094954 0
0.6134664488479786 0.133065096278372 0
0.5717011586198167 0.08492189908848757 0
0.0157574653720031 0.06798993863002895 0
1.165402974859353 0.08173830630852268 0
0.7947420664421975 0.1572959932261853 0
0.005029165495106519 0.06479753085249475 0
0.001942000581273538 0.05275865006402575 0
0.005380171307888548 0.05424414419782901 0
1.07339109465182 0.1205722619514424 0
0.9877792572441972 0.06170759293559789 0
0.9146540136134389 0.4032501388688393 0
0.2112734157458742 0.261700189100545 0
-0.01728868638069915 0.07651224253040079 0
0.807807695424072 0.4304760566715354 0
0.9651060910053901 0.06237036594668541 0
0.5036399160299008 0.1700137818452816 0
-0.08091434613555974 0.1679928486535482 0
0.9907272566769564 0.06032323339262446 0
0.9019706512227567 0.09648279791479787 0
0.3717511879602947 0.08391893173953845 0
0.3747529968583564 0.1034021667704908 0
-0.02708290694776592 0.06529208580935415 0
0.7282479029687697 0.08221506838959078 0
1.021156412065721 0.0707707176818758 0
-0.008551768249032938 0.1145980665936758 0
0.1560361825787775 0.1711029786208193 0
1.034077616138014 0.06787591239931698 0
0.9784891067832486 0.05861269065225484 0
0.9369278537894847 0.1676743159029509 0
-0.02071606020124592 0.06906062792876842 0
1.438734028455557 0.174175942869687 0
1.084004840853631 0.07544054995605416 0
-0.00898384204064076 0.06472415621213227 0
0.7349823725690174 0.1829617255284012 0
1.34330856057718 0.3537369835112985 0
0.001282541463920484 0.06420183645183658 0
-0.1271564990199347 0.05256616605550234 0
0.03092974180874041 0.07502532878423512 0
0.7864671705100064 0.0855475897406249 0
-0.01140892016111191 0.05324109049515389 0
1.086695672527657 0.3113170845673241 0
1.041603619865882 0.07268864412565482 0
1.019915533390774 0.06362367072139452 0
0.1112784530848395 0.08363794443454395 0
0.5023732822681353 0.4418049157171762 0
0.8345133098522506 0.2659692103394901 0
1.0002100936093 0.05230799871667721 0
0.8187895870580383 0.1370514081479641 0
0.1018284690481402 0.1705184877400378 0
-0.07963627516182474 0.2282822939790741 0
0.9932299822904577 0.07681849709032738 0
0.5889941541439578 0.2889098048429923 0
-0.1024506629263304 0.01650361225106056 0
0.0002198210445512 0.03714312756488625 0
-0.1024506629263304 0.02063951531382569 0
1.13938086547459 0.02580939414228212 0
1.169345886495416 0.02580939414228212 0
1.232483521653304 0.01705236778317853 0
1.069701215178389 0.04193505357599353 0
1.17612928756047 0.02488268579281501 0
1.006563580020501 0.05069207993509713 0
1.008388909167027 0.05059214198069428 0
1.001605508101973 0.05151885033016139 0
1.057766930143379 0.04420170491730921 0
1.065339852266062 0.04399122347227829 0
1.020919903208239 0.04955489014059909 0
-0.1337859767836088 0.01542230854527558 0
-0.08858129878071101 0.02932766451842803 0
-0.1599164688943142 0.01390535597315246 0
1.010456306209364 0.05078804006748898 0
1.005498234290836 0.05161481046255324 0
-0.0177209132889961 0.03914520302651765 0
-0.04905622714627451 0.03392799625796753 0
-0.03111549281272721 0.03606182385910127 0
1.038866071033616 0.0494774497751793 0
1.05382096806056 0.04748374429540353 0
1.064194213763253 0.04761678537501467 0
-0.009235633097246107 0.04289727152729623 0
-0.02717636743079341 0.04076344392616249 0
0.3993474854707892 0.4522004713456518 0
0.4093452268260405 0.4050537881246365 0
0.4404014723808263 0.4528533167789848 0
1.002210701507141 0.0532057173622929 0
1.002010213780074 0.05261400096081928 0
1.002672133163965 0.05298004414043066 0
-0.03482980715498092 0.08682500996354867 0
-0.03636157281826283 0.07876010601957302 0
-0.02749378338055618 0.08297076969926065 0
0.9963443347265002 0.05702958142898874 0
0.9955582566046832 0.05617296850117464 0
0.997051351914386 0.05607696824509202 0
1.027405097678611 0.08435515102221211 0
1.021757901527408 0.08502054158784393 0
1.024390415934707 0.07716317702295819 0
1.046421220609108 0.05591189994292581 0
1.039592376171855 0.05723948671018906 0
1.042410472299056 0.0509380776220537 0
1.226653763274443 0.1462417129229029 0
1.212125552345165 0.1607507384296472 0
1.203812516852226 0.1322409265986592 0
0.01214818537070372 0.06009035138250654 0
0.01220262182442624 0.05766909997785809 0
0.01391811467411972 0.0594491933452525 0
1.016514793574065 0.1315046046404347 0
1.010212116996616 0.1204712680612232 0
1.023402725777693 0.1219522192884201 0
1.206810770057173 0.1796758670541781 0
1.183969523634955 0.1656750807299344 0
0.5006492433399683 0.1088697311773362 0
0.4908858643676354 0.0962497620758547 0
0.5098121892532117 0.09803690111309202 0
1.005247715604576 0.05389328663508745 0
1.004337655936687 0.05391172350773195 0
1.00491707876493 0.05289024486653041 0
1.090005525185254 0.1661265260713596 0
1.075465953839254 0.1678644605128175 0
1.087812456953998 0.1475469027188468 0
0.9464422082790777 0.4568745636179628 0
0.9157742085148661 0.4516250694344196 0
0.9453220133776503 0.4084996330523825 0
0.6013150528005591 0.4599971489628704 0
0.623931834761118 0.418323154321166 0
0.6476167819428937 0.4583260053582957 0
0.1408143922232847 0.41751932723706 0
0.12392404636953 0.3831224020813314 0
0.1728545880515121 0.3867313922350051 0
1.158423987118227 0.3191073007399695 0
1.156311102941532 0.2855880745610321 0
1.186288598635373 0.3136421087989588 0
1.020936316235778 0.1015656991481532 0
1.012149055335079 0.1028531454451891 0
1.015985322370613 0.09349996188413373 0
0.9930469066028109 0.05392966762323714 0
0.994043675791224 0.05337250290575563 0
0.9938683629172893 0.05439511835889602 0
-0.09008573094248425 0.1164184689871664 0
-0.09694812307503245 0.1073762231845128 0
-0.08180045120855575 0.105787459068393 0
1.004514366398501 0.1738070629226954 0
0.9879205710138024 0.1677976134526082 0
0.9978994300292114 0.1535174485277618 0
0.2603280626824632 0.08428550577301162 0
0.2499791508414659 0.08486967608446103 0
0.253115252655647 0.07172933659606739 0
0.3780124765995848 0.1501435472521388 0
0.3613493385237269 0.1445994720029837 0
0.3768300899378683 0.1300995548463874 0
0.981109474354638 0.2354812567309031 0
0.9652446194939064 0.2271310363476793 0
0.9859422257296573 0.2159207930043762 0
1.102001228280615 0.1880640623592232 0
1.114347731395359 0.1677465045652524 0
0.3007190284685932 0.3042325798035462 0
0.277719453336123 0.3167580392518102 0
0.2694108133506511 0.2822853985722915 0
1.001923487824232 0.0521861905316813 0
1.002403083730033 0.05170148285008206 0
1.002951241342699 0.05190362005735779 0
0.5997380674560134 0.3929146184848651 0
0.6460397965983482 0.3912434748802904 0
1.012253039501502 0.06484892601502204 0
1.012272343246353 0.06133112212348976 0
1.014261904637398 0.06386536959763996 0
0.01770218724801288 0.08650085209318695 0
0.01234523032416851 0.08227786993426166 0
0.01818990424310662 0.07929958871347872 0
0.3961833635395285 0.1203087445542306 0
0.3841231124360413 0.1195228984330166 0
0.3868132479618436 0.1041880128917048 0
1.031343099431436 0.1592124073376946 0
1.022099313884526 0.1462562269327403 0
1.038949187902053 0.1459417362725859 0
-0.02315711771226862 0.07570905414284289 0
-0.02162535204898671 0.08377395808681853 0
0.8878310876043555 0.4595194367010862 0
0.8867108927029281 0.4111445061355058 0
-0.01026206575280024 0.0705264688394717 0
-0.01183228378685452 0.07454534111399858 0
-0.01571846834664486 0.07249337025587391 0
-0.06538485550869394 0.1749645824985003 0
-0.04550932791021435 0.167557456161728 0
-0.0560828131309748 0.1851878661517778 0
0.03232545029777895 0.09456127126751283 0
0.02433073094756807 0.09186926197873138 0
0.03154158051716187 0.08621458016118547 0
0.5403881633801488 0.1354105681967347 0
0.5230844827337363 0.1287991828311666 0
0.5368792488719573 0.1172682555801417 0
0.0008532048884260272 0.05189088630967255 0
0.001112006892400071 0.05216996836746192 0
0.0009092361233718875 0.05215489239597416 0
0.9781597067995873 0.07875448440351859 0
0.9756182439637338 0.07392144123585084 0
0.9814589769113974 0.07437752208376844 0
-0.229830941463415 0.1298160589513597 0
-0.205104407702208 0.1414640855106743 0
-0.225273466238793 0.1544901734411092 0
0.4904665474358593 0.07739218520001148 0
0.4857401367561004 0.08623587779906602 0
0.4761578739110809 0.07821113098746701 0
1.038101052806702 0.4549689586591233 0
0.9948659323970468 0.4568745636179628 0
1.019225133551517 0.4118435222770861 0
0.007542003542435022 0.07238615409565072 0
0.006192636638423811 0.06840864296217787 0
0.01148358041525105 0.07109909542108059 0
0.01469374563148256 0.1151099693166804 0
0.01530836205188411 0.1038813927396516 0
0.02449998430778361 0.1114445296620876 0
0.1786108574712521 0.08363125038652994 0
0.1686632081875648 0.08416195867468551 0
0.1723742320588186 0.07130860093989809 0
0.5066407264500535 0.1244779613881024 0
0.4877144015644771 0.122690822350865 0
0.9969571218909035 0.06871550075816177 0
0.9967872263535955 0.07278995049838449 0
0.9933998778277655 0.07274404735010466 0
-0.000130089234388829 0.0524664197468095 0
-0.001436630900870308 0.05278470636069041 0
-0.001086720621930279 0.05193707489844514 0
0.4906558506703464 0.06808594006751069 0
0.500238113515366 0.07611068687910968 0
0.01121205231551154 0.1275568311700036 0
0.002020430059612034 0.1199936942475675 0
0.535918835040665 0.1020910494894547 0
0.5236257601085083 0.09918016505295781 0
0.5399690269236285 0.09061434432783892 0
1.006034353467407 0.05478772908225753 0
1.006613776295649 0.053766250441056 0
0.01375946631261404 0.1423575833382638 0
0.02643278188448456 0.1374738584073767 0
0.007485928906702147 0.07796461664291129 0
0.002194985129874912 0.07527416418400856 0
0.8335821863124779 0.1063992534108636 0
0.8378259607837315 0.09134689471195888 0
0.8446468266345639 0.10567887054056 0
0.0009388362902939823 0.05308881914089531 0
0.0007845001246579279 0.05252220398532086 0
0.001322374292981986 0.05300058960933798 0
1.121412670481766 0.3227284765015846 0
1.151390166175607 0.3507825107395114 0
-0.05845809526386823 0.4183984229029056 0
-0.0902737689859999 0.3882573874297871 0
-0.03786892064396725 0.3857925966589169 0
-0.05110048320598735 0.2661614964511315 0
-0.07027736686793937 0.2579592511190389 0
-0.06045939149987273 0.2364845393111666 0
0.03620465569979549 0.1422200909581485 0
0.0530810495387896 0.139739133138854 0
0.04585658972058118 0.1497936527563423 0
1.019949815924612 0.07429964263523292 0
1.025597012075816 0.07363425206960109 0
0.3674599743601834 0.1139788231838615 0
-0.2274013571803319 0.0180594653529862 0
-0.2274013571803319 0.04085936401015472 0
-0.0413825692089223 0.07372295274945345 0
-0.03404654543449756 0.06986871248516544 0
0.9780841372399602 0.1824838413900221 0
0.9714692008706707 0.1621942269950884 0
0.8139542733627338 0.3387283878625434 0
0.8511033622104726 0.3238665337101952 0
0.8398364197311869 0.3566366462709559 0
-0.0001072980633296829 0.05719984201146179 0
-0.0007638123685122782 0.05600315811720215 0
0.0009484389271367476 0.05621372641584589 0
1.028390926384918 0.07141077613329704 0
1.023950326374822 0.06854724174557175 0
0.3506984182317999 0.4522004713456518 0
-0.009363094577681384 0.3732197903933058 0
-0.04117876829981304 0.3430787549201873 0
0.2580703300497166 0.1634982675092267 0
0.253910052085025 0.1432586109564568 0
0.2729722725667483 0.1518675395882946 0
0.4562362691318473 0.08382087447430214 0
0.4463455286448377 0.08409511702946491 0
0.4505527240082678 0.0713643866374131 0
0.9220887285690456 0.07384066319677812 0
0.9233181740835222 0.06538017454889627 0
0.9293275297959245 0.07289211635151564 0
0.8870369690804701 0.09695196423643265 0
0.8766554830653643 0.09743280412762369 0
0.8788541783328376 0.08543495308385884 0
0.3020760713192265 0.08258792971276543 0
0.3095218629323652 0.06980161928721398 0
0.3135537836330135 0.08162942261269063 0
0.09075672332793311 0.3756135830318019 0
0.1227969191561605 0.344825648029747 0
1.370766230159759 0.2718190469625836 0
1.410611504536159 0.2987148036378704 0
1.369621190250691 0.3218325054406437 0
0.001710120748918327 0.05494733550268095 0
0.0008843175402860962 0.05429212364324934 0
0.002302513667250271 0.05422241662434404 0
0.002741101692729706 0.05908164642929564 0
0.003020447336548982 0.05710589252801103 0
0.004156595796959345 0.05877712864720112 0
0.02139934739267893 0.0612922550829991 0
0.02435431475525188 0.05989648998155812 0
0.02354004965716828 0.06246183084594125 0
1.099976697333674 0.1285483662265537 0
1.087871561475909 0.1331906151144157 0
1.085496230509586 0.1159300130635805 0
0.8307275513379329 0.3952686869127382 0
0.8678766401856716 0.3804068327603901 0
0.5532225156870775 0.1087024348550228 0
0.01710217641689159 0.07355003408262692 0
0.02245913334073595 0.07777301624155221 0
0.008679818352328913 0.09851298285410712 0
0.01848605702862996 0.09484754319951433 0
0.9995860373307349 0.09299569855349317 0
0.9969942683237766 0.08658070466087582 0
1.004606292462955 0.08837241428855228 0
1.004486606561226 0.2437039315321524 0
0.983789000325475 0.2549141748754554 0
-0.08086381731085643 0.1296000731829463 0
-0.09601148917733313 0.1311888372990661 0
-0.1931184767258695 0.121281394167945 0
-0.1885610015012475 0.1459555086576945 0
1.027932467695295 0.1110426338909035 0
1.031768734730829 0.1016894503298481 0
-0.2049619306289379 0.0180594653529862 0
0.3817902271689675 0.1729843495996905 0
0.3972709785831089 0.1584844324430942 0
0.9965757403391801 0.05438837362916939 0
0.9975131961050706 0.05422934194120232 0
0.9972027295584596 0.05506132362931084 0
0.6944861859223397 0.08436929190870199 0
0.6847048724200727 0.08475615160300545 0
0.689270635648786 0.07131586655231162 0
1.136269967670664 0.1684446862735358 0
1.124274264575303 0.1465071499856723 0
0.07580057423474773 0.09533323056038603 0
0.07978024211282707 0.08363919489550845 0
0.08481419323521922 0.09340013968697077 0
0.6221194361477973 0.1558134099741514 0
0.6086951011576518 0.1499068755445888 0
0.6268907838381241 0.1389716307079346 0
0.3386594541850342 0.3715530815871842 0
0.3397341550172791 0.3285605884507347 0
0.3693659407482482 0.361408449554854 0
0.01592004423125924 0.06009461325094738 0
0.01597448068498176 0.05767336184629893 0
1.086633858024628 0.4549689586591233 0
1.109046445910749 0.4164292501563773 0
1.133220049974204 0.461460291497254 0
-0.08313744856531663 0.4604316068368879 0
-0.03073260022328399 0.4579668160660177 0
-0.05067144605262697 0.07667352899341061 0
-0.05432368444118618 0.08663072028452738 0
-0.06129753390112559 0.08068990299407694 0
0.9831548317393553 0.06926550121802315 0
0.9856962945752088 0.0740985443856909 0
0.0272383014878457 0.07927394982831956 0
0.03523302083805657 0.08196595911710101 0
0.1282032327523978 0.1532981099139137 0
0.1413575566220216 0.1387100877736338 0
0.1413229439112282 0.1604027715056662 0
-0.04364716040680244 0.04648340069874322 0
-0.04237081979490209 0.04010701674612768 0
-0.03693798823444376 0.04338775937799946 0
0.6962658491818942 0.4583260053582957 0
1.006925690764837 0.05278279301309841 0
1.006696384882996 0.05234125827161693 0
1.007794937215014 0.05225224329082942 0
1.11339932109321 0.1296145616261145 0
1.135321557368515 0.1303127433343979 0
-0.0007836545405496835 0.05467439271792392 0
-0.001169616608191189 0.05382289706165817 0
-9.40374456873529e-05 0.0541655468653205 0
0.1151965890664704 0.4569551685416932 0
0.1641271307484525 0.4605641586953669 0
0.5438006559818501 0.1527044528586411 0
0.5575954221200711 0.1411735256076162 0
0.9738667158567531 0.06849928713090936 0
0.9724924606872256 0.06481020346940314 0
0.9775432589060165 0.06585539525459447 0
0.6252783129916503 0.1752611511947448 0
0.6434739956721226 0.1643259063580906 0
1.034159957470846 0.3784024530596285 0
0.9909248370611903 0.380308058018468 0
0.8509745439213551 0.113969964277689 0
0.8552183183926088 0.09891760557878422 0
0.966423265762457 0.07716886001205453 0
0.9646717376554763 0.07174670590711305 0
0.970567445744943 0.07287624945065951 0
1.034625663730738 0.09054650914565443 0
1.037258178138038 0.08268914458076869 0
1.016492910338026 0.07260587053888112 0
1.013358158678952 0.0763767928891922 0
1.011107849233474 0.07115409583948332 0
1.111221299176588 0.07213192964071961 0
1.099583813452127 0.07256950227156682 0
1.106156618858024 0.05962256451481213 0
1.003770456833683 0.05424326290909664 0
1.003439819994036 0.0532402211405396 0
1.008908705103448 0.1447752757055434 0
0.2443456618692924 0.09476023048311097 0
0.2371328518424763 0.08220406130616673 0
-0.03640907791564534 0.1108413216355825 0
-0.03665588329416195 0.09751000901130275 0
-0.02571521233875765 0.1043669862675161 0
1.131129325690873 0.09839648048863001 0
1.114547553828557 0.09924951118615719 0
1.121230265633008 0.08422583669994713 0
1.321858599301493 0.0332063368535461 0
1.277690016455675 0.05213705936785568 0
1.294743011189567 0.01893072251430958 0
1.009265179430798 0.08957583152067572 0
1.018052440331497 0.08828838522363983 0
1.054608909823811 0.1898483550621705 0
1.039875885513038 0.1760752714682754 0
1.062925997759737 0.1726710002714353 0
0.9850407717378764 0.06548643348277225 0
0.9852343256583918 0.0618469681905984 0
0.9875857033236819 0.06534705822777175 0
1.152499087918841 0.1871421251037906 0
1.162425621098786 0.1659027705242105 0
1.289708521768909 0.09505111676449862 0
1.260119966601998 0.1003046985108778 0
1.27521704940069 0.07166625545347141 0
0.2850407257754335 0.1416839336494194 0
0.289201003740125 0.1619235902021893 0
1.088419551750159 0.3821708019096866 0
1.135005743699735 0.3886621347478173 0
-0.06342806650523265 0.1225296599801007 0
-0.06935382474008153 0.1373000282920004 0
1.193301744324892 0.1135963473623528 0
1.18267470231409 0.09564293825748846 0
1.207713685770702 0.09977849198705063 0
1.001462056167408 0.05241186375354355 0
0.7181639389940656 0.1283057535747703 0
0.7121251450479692 0.1143965748986936 0
0.7299340053393779 0.1164214346014449 0
0.4137937484862633 0.1450823794167047 0
0.4092519296539086 0.124711246376059 0
0.4295524501264457 0.1341499956972211 0
1.226871476346318 0.06287748289107703 0
1.229344443401303 0.04334828680546131 0
1.248101461288765 0.05739064111423488 0
1.376387512602135 0.3512326228136144 0
1.336542238225735 0.3243368661383277 0
-0.0455236727318686 0.09329934533161512 0
-0.1736311077141448 0.0727329215603312 0
-0.156188800638641 0.06241054336289693 0
-0.1569695985671012 0.08099429743534056 0
0.6589935921754662 0.149852623086247 0
0.6531317659158871 0.1302118919080853 0
0.6718102392630836 0.1351863498568351 0
-0.1591776694425066 0.04958092859819372 0
-0.142516160295463 0.05784230447320308 0
1.034235144272744 0.122075970470115 0
0.3957311096070911 0.3734455480571461 0
0.396805810439336 0.3304530549206967 0
1.111023990126886 0.1123539595752793 0
1.007712328627667 0.05367723546026848 0
1.023026011495511 0.1763897621284298 0
0.03912831082659849 0.1813900868183584 0
0.02557929013649412 0.1699259508384668 0
0.04252921657169144 0.1637387465555284 0
0.7087542819100799 0.1420570479678099 0
0.7265631422014887 0.1440819076705612 0
1.002588583530013 0.05724287337327274 0
1.002151694213649 0.05568525954320461 0
1.003152746227229 0.05652337659712227 0
1.000144144374784 0.1196993923180892 0
1.007032076578413 0.1101470069660745 0
-0.2174271629143198 0.348988638765627 0
-0.2246910723727391 0.3071422545714848 0
-0.1921182352870588 0.3272969370113413 0
1.127803071038904 0.07127889894319242 0
0.002366635054100923 0.05614401939694059 0
-0.07694455596357096 0.06103397365553389 0
-0.07100575236324574 0.05417849732925346 0
-0.07105297948189357 0.06539811877688761 0
1.001602434001724 0.06573405519601791 0
0.9998237551839351 0.06576499076413818 0
1.001081718768926 0.06273764205371449 0
1.05115971310012 0.06169735279180613 0
1.053977809227321 0.05539594370367076 0
0.6075418513526808 0.1000132498678802 0
0.5968438826018663 0.0992379706554993 0
0.6006197870086363 0.08793702291529597 0
0.4119420651797109 0.1093763608347471 0
1.254789118868799 0.149220542287898 0
1.24647608337586 0.12071073045691 0
0.2343024266060862 0.4199398214994559 0
0.2100508172326338 0.3875509065875302 0
0.2546083099334532 0.3863624106962523 0
0.3257103837308969 0.07824254631069777 0
0.3182645921177583 0.09102885673624922 0
0.1163473381452805 0.1619066603694435 0
0.1163819508560739 0.1402139766374111 0
1.002144762541117 0.05388966467146476 0
1.001482843157226 0.05352362149185337 0
1.015037758587593 0.08109641122438593 0
-0.172786502960615 0.2975305307868503 0
-0.1655225935021957 0.3393769149809925 0
0.6951377506981417 0.1120452354157074 0
0.706907817043454 0.100160916442382 0
-0.07843634343250706 0.1802939205710492 0
-0.06786285821174662 0.1626635105809994 0
0.3421716966550125 0.1747548526957002 0
0.3256245551120854 0.1639498752009896 0
0.3459845836425164 0.1538384869140246 0
0.7009970758583517 0.09130612242915243 0
0.7179844702081792 0.09365746191213857 0
0.9989646510260857 0.05389508270491441 0
0.9987501609475957 0.0532145940246235 0
0.9994839481344973 0.05361561767017843 0
0.1629110846704921 0.09365544582135304 0
0.1566744592580586 0.08133279637472118 0
1.001179496936365 0.07535941215118827 0
1.004158783995567 0.071843211048118 0
1.004993810515199 0.07844121929286466 0
0.2850187344183108 0.1277918934318976 0
0.3012474655916876 0.1378479440457923 0
0.417571499055646 0.1679231817642564 0
0.9406911522609771 0.05649574392408832 0
0.9370221388986121 0.06290216363362311 0
0.9342259886727662 0.05802520799409901 0
-0.04543477508068249 0.05987457022964974 0
-0.04500816859127603 0.0523408622874343 0
-0.03864093533575057 0.05729785127283044 0
0.8731921547461983 0.1080792572980553 0
0.8650093639985659 0.09656224614548151 0
1.165457032958688 0.2095768069558193 0
1.139301379530567 0.2121187227051446 0
0.6364721854841739 0.1269330994264314 0
0.6492888325717913 0.1122668261970194 0
-0.05614976058036721 0.09731571933228145 0
0.4224750379189784 0.1889425832131773 0
0.4389978078221329 0.1755405301867878 0
0.2696921845070329 0.3463393581336958 0
0.2383839693890908 0.3243921769024411 0
-0.07097077768595178 0.08145034469418087 0
-0.07680630781539437 0.09369615377546656 0
-0.08282731321166135 0.08449940418445372 0
0.3115405625366959 0.1683031126229896 0
0.3153534495241999 0.147386746841314 0
0.5824658340945487 0.1626080325401641 0
0.5738530437900408 0.1459319201948154 0
0.5953109631628171 0.1500725424654569 0
0.3149739509879977 0.2780187043888214 0
0.3232825909734696 0.3124913450683401 0
1.016411931083449 0.05947491374364167 0
1.019229093587712 0.06111296625128508 0
1.017098370886511 0.0619856182137511 0
-0.004923449635113807 0.05100611257687485 0
-0.008346079575187735 0.05394356239074491 0
-0.007986290221037981 0.05030364068128383 0
-0.03307522438646147 0.06506182251220001 0
-0.028054227995802 0.07009897578231958 0
1.007981576996867 0.05754017285822505 0
1.008071506937494 0.05926480547061591 0
1.006547747110084 0.059020513600639 0
1.178773533395614 0.1281053728690971 0
0.01265590022323578 0.1589476827265233 0
-0.002564829345737252 0.1490306554891502 0
0.9310273585821178 0.05161878828456423 0
0.9273583452197528 0.05802520799409901 0
-0.02307979212287479 0.0489435073848077 0
-0.02289941343071351 0.04579679683281761 0
-0.0188714659312047 0.04766222297893116 0
0.5704405511883395 0.128638035532909 0
-0.225273466238793 0.1819081834926917 0
0.6714738771014968 0.1896538382102719 0
0.6621524690193191 0.1693003643068404 0
0.6869934736048402 0.1751805549384283 0
0.8752308613746429 0.1212037520204562 0
0.8635847423078444 0.120333194038314 0
-0.08530448900128544 0.2784062874378759 0
-0.09466339729517081 0.2487293302979111 0
-0.0313846936224635 0.04204472833203903 0
-0.03266103423436385 0.04842111228465457 0
0.4049270229366178 0.09684039629957214 0
0.4179955890509978 0.1012428981214005 0
1.231984611007642 0.09732586914588279 0
-0.003650511951377508 0.08325947559635533 0
-0.007907907794953473 0.07912238207951894 0
-0.00211848534943393 0.07671553321443275 0
0.9988511820438224 0.05279398736283834 0
0.9986691392290523 0.05251365348307808 0
0.9990874152412372 0.05265479511012726 0
0.6890135721126598 0.1405539874535079 0
0.6974127753200828 0.1563301415492988 0
0.8909055762606308 0.1248637072738589 0
0.8812981638222769 0.1371176440141176 0
0.9959820014961585 0.05844287769130482 0
0.9974750968058613 0.0583468774352222 0
-0.2260473541777498 0.2126328083704643 0
-0.2013208204165429 0.1968628248781964 0
1.098353006167383 0.04934908769732388 0
1.109990491891843 0.04891151506647667 0
-0.01770097605708566 0.0883509990523389 0
-0.0133643103887981 0.08108928349592115 0
1.222633493113511 0.2051601287965928 0
1.194477464403301 0.2100844710968801 0
0.4680439609152276 0.2023982086949887 0
0.4572803846325718 0.1811003487159904 0
0.481422998862334 0.1869386257752703 0
1.073331990129909 0.1349285495558736 0
-0.05044100015173436 0.04906011965556253 0
0.09115792299624709 0.1016234926441447 0
0.09513759087432644 0.08992945697926716 0
0.2255931688098431 0.1870186197394351 0
0.2234369574581495 0.1659265471063455 0
0.241164320919687 0.1759814115104784 0
-0.140874043745054 0.0922845076853743 0
-0.1261239811302585 0.08054504784826919 0
-0.1274707333837151 0.1021576362957372 0
-0.01494525144427229 0.1393315523642684 0
-0.02694882329621331 0.131960423759721 0
-0.01346483510830001 0.1250694274963433 0
0.04022672518828001 0.08135433832657288 0
0.03592344615896385 0.07441370799370699 0
0.9603633572780946 0.07079690043017986 0
0.9645075372605807 0.06650428986878484 0
0.1931604713788791 0.3531539814318015 0
1.017079067141661 0.06550342210528337 0
1.113630114923178 0.2113649821794809 0
1.089287908713073 0.2097450036855881 0
1.000557671202095 0.05425183757574728 0
1.000095302510793 0.05363826952718451 0
1.000954535499901 0.05359400075246246 0
0.2723690705239704 0.07831205439167169 0
0.2692329687097893 0.09145239388006535 0
0.9727829927579623 0.0603088092058668 0
0.9722921274375507 0.05718268911548172 0
0.9756781384160771 0.05904019150270315 0
0.4468165018169486 0.1417297826282823 0
0.4650990786273874 0.1472896011574849 0
0.4523768457692393 0.1600809472670694 0
0.3448021969807998 0.1337944945082731 0
0.3298932563426191 0.127353810997258 0
0.3452580112238296 0.1181147960862171 0
-0.03990643651426963 0.194189320212126 0
-0.05978196411274923 0.2015964465488984 0
0.5903066534346115 0.1085561312709518 0
0.5833845890905669 0.09647990431836763 0
0.05940561041068555 0.1612577887362339 0
0.2939437938804853 0.3787282730456214 0
0.641071605922872 0.0993711644484141 0
0.6577311863545852 0.1026499569300681 0
0.3473246616132662 0.08163847218534928 0
0.3513157760268258 0.069647359609233 0
0.3567863329996365 0.0808342247632558 0
0.5655151447208409 0.114838852939765 0
0.5817727663908105 0.1195972475269641 0
0.992601997741007 0.08401124300807206 0
0.9976222528732273 0.07938795874313115 0
0.4367850965171283 0.3740983934904792 0
-0.1478586347172702 0.3950032674396297 0
-0.1543001854321724 0.3628772382174545 0
-0.1173044943208031 0.3887371844516007 0
-0.1005743220308816 0.1596767587908345 0
-0.1178366482214636 0.1578377709135919 0
-0.1040519017362873 0.1425314536176034 0
0.9539814455595035 0.08045444911645155 0
0.9489890164556245 0.07725669521195122 0
0.9555351285691112 0.07284156256400773 0
0.9691725372931488 0.05161878828456423 0
0.9708469232323913 0.05503504755160479 0
0.9677225958401935 0.05503504755160479 0
1.06940659097523 0.1001332393364431 0
1.059628707856004 0.0978855384627782 0
1.070911773358364 0.09092839329881917 0
1.20280150641012 0.4226281126014503 0
1.172017060336197 0.3850409589862022 0
1.219185928885992 0.3847484885931444 0
1.334721623311042 0.2617172406350144 0
1.375711937596511 0.2385995388322412 0
1.047920018492638 0.1219654219425248 0
1.043390276575036 0.1328750073400414 0
0.2936909842855857 0.08994733776848375 0
0.2896590635849373 0.07811953444300709 0
0.9183093797918069 0.08146836529021839 0
0.9123000240794047 0.07395642348759902 0
-0.1792576146213486 0.159171340942215 0
-0.1672716836450101 0.1389886495994857 0
-0.085396637945663 0.06546885317127667 0
-0.08534941082701519 0.05424923172364252 0
0.001685814728780384 0.05201935116789254 0
0.001558904292494977 0.05226251866169387 0
0.001294948563631338 0.0521908069599622 0
-0.1790270997445518 0.1825639795491554 0
-0.1577377818883143 0.1755971204909466 0
0.2078352748666326 0.1577009136237136 0
0.2234064269764765 0.1466637053947569 0
0.7067341834022605 0.1766836154527303 0
0.7260679288432602 0.170397463796001 0
0.7156486271280176 0.1892478771851305 0
1.017699506479134 0.06907694558552402 0
0.5101581764156685 0.06782377696690652 0
0.5099688731811813 0.07713002209940731 0
1.035820615975897 0.0745932152914906 0
1.043041182028024 0.08078457341493292 0
0.739575185204124 0.105473378754251 0
0.7456139791502204 0.1193825574303277 0
0.981901364252713 0.1332864821800397 0
0.9714803287712892 0.1343129885189246 0
0.9720760583794894 0.1200914716412898 0
0.07218422387416773 0.2028526165969347 0
0.05480030656379935 0.1933058634676298 0
0.07346215457216419 0.1847496356647249 0
1.077040375564705 0.1068741780619633 0
1.065757310062345 0.1138313232259223 0
0.005363949898028866 0.05951345766948707 0
0.005643295541848141 0.05753770376820246 0
-0.01574358255720152 0.06465954431211285 0
-0.01316137842122661 0.06278437342750548 0
-0.01156604617661567 0.06659932709673966 0
0.5101496409582451 0.1426202740046954 0
0.003640112630357153 0.06724661624462136 0
0.007581689503173177 0.06595955757005126 0
-0.08433074787644607 0.04618430837504314 0
-0.09278282985853811 0.05061918789078592 0
-0.1798009876835086 0.213288604426928 0
0.5237824440364778 0.0782732860392731 0
0.5138623811361753 0.08656019595147627 0
0.006998211911608401 0.08516588002261952 0
1.101124930069021 0.09818331578659643 0
-0.01364974499623616 0.05989209749061301 0
-0.009472208615650318 0.06183188027523981 0
0.2602265414014102 0.1845903401423163 0
-0.1361636826405846 0.1635937789854147 0
-0.1359331677637877 0.1869864175923551 0
1.001020474465924 0.0529100534432906 0
-0.05336472211119563 0.1437818937988027 0
-0.0708004729168194 0.1508523070016483 0
-0.03869324044734939 0.1239639569904753 0
-0.04963391140275369 0.117106979734262 0
0.1460386789629578 0.2082218872076734 0
0.1272802127364303 0.1968712569494361 0
0.1469270862681318 0.1863414239041835 0
0.3415721445858629 0.102249724957287 0
0.3564810852240436 0.1086904084683022 0
-0.1500945463818109 0.1330507890084243 0
-0.1317675119626899 0.1272947809366015 0
-0.1396412623459902 0.1464484738121835 0
-0.09275322020659164 0.08671295270187068 0
-0.08691769007714906 0.07446714362058499 0
0.9998808124323031 0.0529577808468936 0
0.2364694262993167 0.1373397748578655 0
0.2513713688163484 0.1257090469369334 0
-0.1593979332617098 0.1198349567239038 0
0.2573336906882615 0.4593756628040889 0
0.2127761979874421 0.4605641586953669 0
-0.1920672851226383 0.08209363086048907 0
-0.1912864871941782 0.06350987678804544 0
-0.2096922737647508 0.09483027855456404 0
-0.1920368942847174 0.1040533233268498 0
0.03010336689720526 0.06594863178458034 0
0.03229419751711491 0.06987256439313298 0
0.02873891118883076 0.07110139617568248 0
0.2176370812497873 0.09943455647707553 0
0.2069181314702922 0.09582915348981884 0
0.2207804130908076 0.08848921271755998 0
0.0129154402711962 0.3461305900001085 0
0.016225287927042 0.388844431738838 0
1.146354687377351 0.1114404743038153 0
1.153037399181802 0.09641679981760529 0
-0.08385196084063253 0.1561816450741971 0
-0.09763670732580884 0.1714879623701857 0
0.0005349032441387682 0.05895114524380035 0
-0.001177348051510257 0.05874057694515661 0
1.063260587151819 0.2123052473724387 0
1.04021047490512 0.2157095185692788 0
-0.1132738153679151 0.1293498494218235 0
1.166832867863816 0.09559954997065666 0
1.181244809309626 0.08178169459535448 0
1.004128964159964 0.05649787785173969 0
1.003692074843599 0.05494026402167156 0
1.03415257691463 0.3451205667253265 0
1.062452873404957 0.3766560309839446 0
-0.2260473541777498 0.2432963228818335 0
0.06657542090345708 0.4569551685416932 0
0.01760687217188801 0.4579668160660177 0
0.04291530180973348 0.4149219846077108 0
0.1095073459620684 0.184643591219988 0
0.09633727046533637 0.1824074382670338 0
0.1149985445448722 0.172754640692992 0
0.6831517458530807 0.1209132562753462 0
1.08683412196188 0.05284160852044911 0
1.0906679949957 0.04213055907211365 0
0.9794291989045375 0.06207632751934357 0
0.9808034540740651 0.0657654111808498 0
0.03356925800610532 0.1053094759330204 0
0.04078010757569911 0.09965479411547443 0
0.7624506471703515 0.1469095421603752 0
0.7826035875920889 0.1457816702527681 0
0.77458912602046 0.1584238651337924 0
0.4276996774998073 0.1016351155685693 0
0.4206846352567142 0.0890991510333943 0
-0.06731853929739257 0.0714931534030641 0
0.3828341111232578 0.1951225378420333 0
0.3635756091397338 0.186781652651078 0
0.2245370289978413 0.2081894649552906 0
0.2068096655363037 0.1981346005511577 0
1.005004897328243 0.06449743129683341 0
1.003746933743252 0.0675247800072571 0
1.322173578763841 0.09457812173427402 0
1.307076495965148 0.1232165647916804 0
1.229037985762989 0.4611678211041963 0
1.181869117213194 0.461460291497254 0
0.4255957832854462 0.2117597850229552 0
0.4041694745189593 0.2041424366004237 0
0.305982757927251 0.4593756628040889 0
0.3235755796114545 0.4115761341497407 0
0.2208677437077998 0.1291141413752336 0
-0.229830941463415 0.1047440410096408 0
-0.03311262551185052 0.05317147185766587 0
-0.03353923200125698 0.06070517979988131 0
0.4422746829845938 0.1213586495876366 0
0.1275896626622827 0.09412423820191354 0
0.1181828286831178 0.09419894311563234 0
0.1206852870640043 0.08356323952082514 0
1.001081902675945 0.05247163920874038 0
1.000995176720103 0.05204382877960241 0
1.048444205831609 0.1091283847865003 0
1.0575993381339 0.1199274216564267 0
-0.2298613323013359 0.08278434854328004 0
-0.002062410713701054 0.07113707066717218 0
0.1132842624583753 0.1014563758665809 0
0.1063798868600969 0.09089537718549254 0
0.9879872264694036 0.08520727708862645 0
0.9886152110188542 0.07801453117088178 0
-0.01701008760463699 0.1161481827427358 0
-0.005006515752695967 0.1235193113472833 0
0.9691064497086992 0.06295270108218171 0
1.181279756015027 0.2350610686982341 0
1.277687053001979 0.4611678211041963 0
1.301065657454114 0.4188868565419107 0
1.328782335496177 0.4577190354377144 0
0.4412088987369703 0.09302148667345853 0
0.435525353613391 0.08056499883656948 0
0.9997212334722233 0.05219430841608866 0
0.9998185158900756 0.05201013016053604 0
0.9999097930185575 0.05225745921273248 0
0.02356658143175822 0.06551752975725603 0
0.02652154879433117 0.06412176465581507 0
0.9436673907977982 0.07901718240754946 0
0.9452210738074058 0.07140429585510563 0
0.245561351949461 0.1086080280498737 0
0.2630019777351694 0.114526864148465 0
0.9923149097187498 0.1387658262354562 0
1.038301493986282 0.06103775901641798 0
1.03429074567623 0.05606393669554587 0
0.5458277779490242 0.1724404319130269 0
0.5286205192091019 0.1666774745021454 0
1.007561247322086 0.0706065871489335 0
1.010695998981159 0.06683566479862242 0
0.9773290552598688 0.06038950112267154 0
0.9805892504279174 0.06029951704892687 0
0.8200466572298764 0.1027266323364644 0
0.8268675230807088 0.1170586081650656 0
0.5867435112708077 0.1830467902971999 0
0.5652855918980314 0.1789061680265583 0
0.6290379897544407 0.1990122349598189 0
0.6076834302301155 0.1904997385758797 0
0.2188527713299559 0.1132823540438383 0
0.2327150529504714 0.1059424132715794 0
0.1086189386568944 0.2065240545234779 0
-0.01808825692777153 0.09537238792854361 0
-0.01784145154925491 0.1087037005528234 0
0.4180357872797554 0.3111678261865741 0
0.4370655360080237 0.2900935780099272 0
0.4422007280264472 0.3214159052463419 0
0.6779344178485653 0.1066775978190346 0
0.3037253328321827 0.2008380306942665 0
0.2813857740356118 0.1944585082734661 0
0.2994721093280106 0.1784867185618649 0
0.3416082054008592 0.09023365888681423 0
0.3361376484280486 0.07904679373279143 0
0.438519852531254 0.1051652337614647 0
0.455783904221757 0.1127450206925259 0
0.8391820203653659 0.4595194367010862 0
0.009254994478142832 0.1765990229893533 0
1.23488838401117 0.3502739903631747 0
1.265672830085093 0.387861143978423 0
-0.131782404563961 0.4604316068368879 0
0.676217183651036 0.2121883092652984 0
0.6513761790655148 0.2063081186337105 0
0.552665985561272 0.4599971489628704 0
1.356633233061196 0.03105809276062803 0
1.339580238327304 0.06426442961417413 0
1.100537261033401 0.3328603855342253 0
1.107571081976021 0.3011851755346835 0
0.6600543579890734 0.08915391220251581 0
0.6682715846379926 0.1020495739511211 0
1.06073292952848 0.1540913769189224 0
0.9947892209333442 0.05456099853572491 0
0.9937924517449312 0.05511816325320642 0
0.1857195391094806 0.208498749964717 0
0.1867756789214824 0.1873279047488615 0
-0.1583163508205577 0.1026068858828086 0
1.052634062121946 0.1458311877449957 0
0.815846515839475 0.1581588274385106 0
0.8067658267501179 0.1471737006870747 0
0.8278702761473953 0.1480365348993999 0
0.6802575894830536 0.09318155309148238 0
0.6750420392095 0.08012812773509199 0
1.043935752816375 0.2663438620599014 0
1.023087742965843 0.2788290814584803 0
1.028014142382595 0.2506516302781258 0
0.173753591044266 0.3268443832157969 0
0.2109498202253877 0.327663897568322 0
-0.01604881753365055 0.1559216517525279 0
0.9962440670265 0.05241678368722906 0
0.9968169260580996 0.05293888900232133 0
0.9963133478541915 0.05303428662596861 0
-0.01437391748146218 0.05704284056901628 0
-0.01068474767588589 0.05609034741675062 0
0.4871496693047894 0.1678272738207768 0
0.4979132455874453 0.1891251337997751 0
-0.03293677098350017 0.278487227434027 0
-0.02311879561543353 0.2570125156261547 0
0.002735473354154934 0.1000988181085998 0
0.005913168330900785 0.09106496856846252 0
0.4726172421630105 0.2266646228075836 0
0.4484746279332483 0.2208263457483037 0
1.126588059963025 0.2337996640315095 0
0.9157975157597413 0.05161878828456423 0
0.9201195439928739 0.05897375483936149 0
0.9117573446235108 0.0589737548393615 0
1.00667341042384 0.08316083762805837 0
0.9971841899111454 0.05252106518818836 0
0.9970839114416483 0.05219694157112759 0
0.9975204561223856 0.05239662069573418 0
0.1788062583566397 0.2756842987342245 0
0.1656993905206003 0.2987434046375385 0
0.1529627089864654 0.2730734040194455 0
-0.2298613323013359 0.05923519170127018 0
1.000625525628633 0.05505383595191993 0
0.9997662926395254 0.05509810472664198 0
0.4766223096748295 0.1336187445401645 0
0.4821826536271202 0.1519699091789516 0
0.002118591451804798 0.05338881043339935 0
0.002944394660437029 0.05404402229283095 0
0.003610259814112207 0.05408787030441864 0
0.004736187030115229 0.05377112816144532 0
0.004254244091885526 0.05456088634080233 0
-0.1368662451038378 0.2096885596826156 0
-0.115292145856108 0.1976852181770836 0
0.1725712327772332 0.1781491366722684 0
0.1936613592040562 0.167784987258709 0
0.2811595580581218 0.07580165242333878 0
0.2895446450917626 0.06844224436762046 0
0.7172146957445535 0.2049058146009761 0
0.7365484411855534 0.1986196629442468 0
1.041621815190256 0.1000234438884047 0
0.3153314581670771 0.1334947066237922 0
0.3157872724101069 0.1178150082017362 0
0.009717468851127745 0.05455681444111189 0
0.00862903802684847 0.05431995907030712 0
0.0096468389872641 0.05335559039452755 0
0.138004770011191 0.09779311265905474 0
0.1405072283920775 0.08715740906424752 0
0.7199493198873508 0.2293634779427168 0
0.6990495058298151 0.2199916921836005 0
0.9979888076802765 0.05591793655712494 0
1.021534369160102 0.05845840082097185 0
1.022220808963164 0.06096910529108129 0
1.030410928410969 0.06709983910429235 0
1.032057614111963 0.07218684942832168 0
0.8860609752573323 0.1538394245669398 0
0.8703862603713445 0.150179469313537 0
0.1388047418140763 0.1104104699566272 0
0.1517223075438712 0.1034436408189612 0
-0.2174271629143198 0.38929800364534 0
-0.1502733852986066 0.4303775289333335 0
-0.1872690764099759 0.4045175826991874 0
0.4659374638632998 0.07907248383438595 0
0.4617302684998695 0.09180321422643775 0
1.29088364593352 0.1518182835181198 0
1.271061325832104 0.1773492659841127 0
0.03785038012860203 0.1994930677505682 0
1.0728790677511 0.04941282279697141 0
1.077263245934579 0.05368317678628599 0
1.070993202895482 0.05747291968801852 0
0.1877465479051262 0.0783284134994634 0
0.1840355240338725 0.09118177123425084 0
0.9737420688905061 0.05376642984844115 0
0.0004983554726445912 0.05344062798698361 0
0.8560500185215761 0.1629614557585975 0
0.8512872070865207 0.1462396752057753 0
0.9990809115757047 0.05779494760234724 0
0.9988357885511333 0.05641684213786038 0
1.000079270090635 0.05727820856730149 0
0.9995409843283563 0.05268838322908631 0
1.000152338704652 0.05271103508609239 0
0.546231633814519 0.08202025513984149 0
0.5500599672515184 0.06999970143063028 0
0.5560904352927846 0.08150467505512458 0
-0.0994635890035494 0.04331758831127975 0
-0.1004822519541185 0.05138251165987913 0
0.705562839087065 0.07786583737845858 0
-0.1363307640596316 0.04878942788200111 0
-0.133341895255766 0.06161904264670431 0
0.7952669720535626 0.2059148139204317 0
0.7746075767491063 0.2045021436441524 0
0.789552195944211 0.1890247296113328 0
-0.04835641866886171 0.06778213545900302 0
-0.05472365192438716 0.06282514647360689 0
0.003782129158330562 0.05583950161484608 0
0.004908056374333584 0.05552275947187277 0
0.9626526239442946 0.06396242516926853 0
0.9669610043216763 0.06491223064620172 0
1.157229630859445 0.1283330626633731 0
0.09232801875961588 0.112293432411284 0
0.1026514163987231 0.1088227497035804 0
1.003052489705397 0.05222637554901921 0
1.003820176535468 0.05248655254912815 0
1.00323933226697 0.05264850473906597 0
0.1662528836062154 0.1214468384343218 0
0.1637110564733774 0.1062728031189255 0
0.1774416607328363 0.1116586434367137 0
-0.1257842434253223 0.06798714193049564 0
-0.1123809330639834 0.07786027054085853 0
1.002081082713248 0.1020812697020551 0
0.9944690585740691 0.1002895600743786 0
0.9920939484346269 0.05411567320344239 0
0.9922692613085616 0.05309305775030201 0
1.029872052087291 0.06309298740552124 0
1.025635162609739 0.06231915283501788 0
1.028762974013106 0.05908837443127143 0
0.9938614165728368 0.05603893238072444 0
0.9947822745888917 0.05620481255755334 0
0.9929106393269499 0.1245443093578214 0
0.9897305989087475 0.1142200482626727 0
-0.1089770367889403 0.1042127047809592 0
-0.1237270994037357 0.1159521646180643 0
0.0005256981206838841 0.05224312192753149 0
0.7102064869927802 0.4240094317886283 0
0.7362387722712216 0.4656834264303326 0
0.476577190842857 0.09706870786331022 0
-0.04017365678332167 0.1382260818584005 0
1.356948212523543 0.09242987764135595 0
0.03295464158570377 0.1165380525100492 0
1.455878272222614 0.2742823516120187 0
1.455878272222614 0.2242481911282148 0
1.048120049916309 0.0682901138234341 0
1.055676638534522 0.06777415758417907 0
0.1147427186324948 0.3167246694514885 0
0.1479100416740917 0.324233488501018 0
0.9676625778124035 0.1466729813026268 0
0.9578372719391799 0.1334779707638769 0
0.08802759144778577 0.3100732669663899 0
0.1131407139657169 0.2894811074376609 0
0.9578261440385614 0.1613592092400406 0
0.02075369466696167 0.26268623744363 0
0.006035459116373701 0.2469706860123506 0
0.03174423717628172 0.2403186768469303 0
0.7628601338784734 0.1213509244312424 0
0.7705428813967659 0.108214368709469 0
0.7781478562602727 0.1211307915575775 0
-0.05565722779959316 0.04409881503081294 0
-0.06234263515096557 0.03791979454265279 0
-0.0557653993186332 0.03702363757871131 0
0.9981088227391206 0.06635984694712646 0
0.9975881075063222 0.06336343380482304 0
1.074889473794381 0.2356061671926964 0
0.2644797649055823 0.2069416522747179 0
1.316768112579291 0.384412358311941 0
0.001671051704549131 0.06062238136299045 0
-0.02755933089987026 0.05182844081170544 0
-0.02353138340036146 0.053693866957819 0
1.377431402735166 0.4577190354377144 0
1.00095596231582 0.05753053517557172 0
1.000710839291249 0.05615242971108486 0
0.7358601279507636 0.09445827262115444 0
0.7515401017616061 0.09741939545003732 0
0.9377667088637323 0.08311109338189628 0
0.9339987662155136 0.07725869402505067 0
0.7921035997358383 0.1197163723926496 0
0.7995812988883362 0.1106901114632352 0
0.8058542948456093 0.1224122480200807 0
-0.2072626894816678 0.05449475839708785 0
-0.1694641675760546 0.03836675966847033 0
-0.1557915272328766 0.03379852077877648 0
0.8629620064430052 0.1816157622069585 0
0.8438629531581816 0.1776759680991968 0
1.22135756899684 0.07937246004101844 0
0.1608608675367184 0.1843975163916201 0
0.1677465478192922 0.1648545989014676 0
0.9806662752380925 0.08491814878733583 0
0.9748255422904288 0.08446206793941824 0
1.047120297608297 0.07352778137073093 0
1.042603372173895 0.067450976578358 0
0.06519383665861107 0.3878327842145135 0
0.4668759961114045 0.1018170985032264 0
0.4706308265647443 0.1180105143293984 0
0.6181975995429945 0.1101511156617245 0
0.6230478504940284 0.1210265649968687 0
0.6086161978969448 0.1221896469432278 0
-0.09515870462275616 0.1837890342876866 0
-0.09609178196280624 0.2064911763779471 0
0.03728790186733835 0.06926094360260485 0
0.3432155806093028 0.196893040938043 0
1.025334616411758 0.2312187121335735 0
0.8071216601156456 0.0701149830439895 0
0.8101813658384343 0.08113752430031144 0
0.7999570136114322 0.08098943202589143 0
0.03763844551421851 0.06474015644655598 0
0.04126769415606744 0.06928130004712998 0
0.987166688645094 0.05756869234039691 0
0.9883181935752672 0.05980566170814752 0
0.9866277523140241 0.05947062356784728 0
0.3859548564897256 0.2179397396518112 0
-0.2246910723727391 0.2722278744124486 0
0.06937123857374397 0.1022104064245672 0
0.06433728745135181 0.09244946163310486 0
1.065206489994166 0.2558759785913 0
1.060280090577414 0.2840534297716545 0
0.06886810679625918 0.1677905814202665 0
0.08625202410662756 0.1773373345495714 0
0.5645547308895487 0.09966164684907797 0
0.9004597901721587 0.1126486044408027 0
0.8934044625178768 0.1027163065974977 0
0.9090259788770386 0.1064150957581029 0
0.4301690645332292 0.2360261991355501 0
1.000311049332525 0.05208844259598955 0
1.00041255841897 0.05220580147573822 0
1.000108584522855 0.05219063983692854 0
1.214936284419475 0.3197195046007981 0
1.261423185618576 0.3228321599860767 0
0.1893373166146351 0.1016295526853259 0
0.1918791437474731 0.1168035880007222 0
0.9068570789330864 0.0667033427203883 0
0.9025350506999539 0.05934837616559105 0
0.9930299719965914 0.321983766686033 0
1.009604818206144 0.2958109289056557 0
1.022434507190071 0.3206941510206331 0
0.0487221258288604 0.09411661347362646 0
0.04650735572659474 0.08511100904076771 0
0.05569318168808239 0.09032103306442726 0
0.9435352077544238 0.05161878828456423 0
0.9463313579802697 0.05649574392408832 0
0.8220536664021466 0.081165176450336 0
0.8148890198979333 0.09203962543223791 0
1.255113606277222 0.2059681780890717 0
1.242780300623351 0.2363767821317737 0
0.1421024013101909 0.1730468861333828 0
0.9622439568035357 0.05161878828456423 0
0.9640302588109573 0.05482018275754542 0
0.9602260057135419 0.05482018275754542 0
1.454733232313545 0.3242958100900788 0
1.057924170724156 0.05140652827674719 0
1.062662663215168 0.05719198112562753 0
1.08914551142247 0.1022319291741013 0
1.092669075124141 0.08912748078497922 0
0.5501054551252832 0.1928791896700627 0
0.5905031880335982 0.206797874062274 0
0.9795360364095351 0.05161878828456423 0
0.9805997869552554 0.05325361622971618 0
0.9784924641949483 0.05325361622971618 0
0.3036667331272199 0.1091858184332563 0
0.3182285313027619 0.103044922806722 0
1.013047152480102 0.1906699270532763 0
0.9065270926197926 0.1285624964344641 0
1.455589363306343 0.1090338461602141 0
1.469367014227779 0.1369513294994875 0
1.424956377534122 0.1462584595304136 0
0.6337812963039799 0.2215467060148454 0
0.8976191663468195 0.2851190192033491 0
0.8999783525634074 0.3155220795666865 0
0.8746263223623377 0.3113717317552702 0
1.009884407467367 0.0600495716345369 0
1.008450577580584 0.06152991237695085 0
1.067046841398647 0.06146233511494209 0
-0.06114390397352859 0.1094070246252078 0
-0.06994391568284616 0.1027383995781201 0
0.8976347850095306 0.05161878828456424 0
0.8927345193191063 0.05934837616559105 0
0.999305855758639 0.05259607249712904 0
0.9991238129438689 0.05231573861736878 0
0.8386770087000314 0.1398764454451503 0
0.8530132505497997 0.1270944590000898 0
0.114454358221744 0.1121263156337202 0
0.9958756694957467 0.05369717279123769 0
0.995302810464147 0.05317506747614543 0
1.454733232313545 0.3743299705740221 0
1.048557859770438 0.08162371066000902 0
0.06212251734908615 0.08344385720024611 0
0.967822370121506 0.08384967451960375 0
0.9619266620320392 0.08272013097605728 0
1.009034849154976 0.0532417084136535 0
1.00907006065457 0.05236644425366896 0
1.010080666712692 0.05291437463501156 0
0.9538075585899183 0.05161878828456423 0
0.9560811914505556 0.0555414248845198 0
0.9514490463343537 0.0555414248845198 0
1.008706437590114 0.06430141732447223 0
0.9412419654972393 0.09316068600311639 0
0.9315733409149547 0.0914021976206176 0
-0.1006917570550118 0.09358169486218575 0
0.6789518077938332 0.2366459726070391 0
-0.1560546030129122 0.2256001702650364 0
-0.1354135811052325 0.2362989708497649 0
0.08002138455395422 0.05821350367431627 0
0.07656363363936335 0.0634577543366267 0
0.07238253395478389 0.05686303894687467 0
0.05345325927816383 0.05605130717303376 0
0.05106041771052934 0.05979792708826876 0
0.04843174495771743 0.05536540819979923 0
0.9865260951248489 0.05161878828456423 0
0.9872251335473269 0.05275733240205078 0
0.9858037689409975 0.05275733240205079 0
0.7844208522175459 0.132852928114423 0
0.7965593310676544 0.1443672510878402 0
0.1221102144109222 0.05161878828456424 0
0.126621359117376 0.05955439679218781 0
0.1166768910756062 0.05955439679218781 0
0.9703060755657756 0.2718960223226308 0
0.9936832077723634 0.2801186971238802 0
0.9904809613841201 0.06882806056491378 0
0.9903110658468122 0.0729025103051365 0
1.005237924177921 0.0524735394136806 0
1.006107170628098 0.0519429896914116 0
1.005023726356525 0.05768843570771927 0
1.005113656297152 0.05941306832011013 0
0.04719778104750201 0.07755875791737368 0
0.1658775646585821 0.2238531761392762 0
0.1462306911268805 0.2343830091845288 0
0.9983318849354108 0.05307345239757433 0
0.03775604319582127 0.05161878828456423 0
0.03961940722610336 0.05465872334277082 0
0.03581515412876904 0.05465872334277082 0
0.08420248423853366 0.05161878828456423 0
0.0883835839231131 0.05821350367431627 0
0.05646479224451301 0.05161878828456423 0
0.05909346499732492 0.05605130717303376 0
0.0108852128739781 0.05161878828456423 0
0.01139390504010664 0.05260561702494827 0
0.01022657764541483 0.05260561702494827 0
0.983374044844181 0.05161878828456423 0
0.9842320964627559 0.05297922951779784 0
0.9825014107884171 0.05297922951779783 0
0.7616644931192387 0.1735818981882264 0
0.781817433540976 0.1724540262806194 0
-0.001839391531016114 0.05566050831353982 0
-0.0002768077625055257 0.06741963711381867 0
-0.0007610669133491775 0.06467270452136296 0
0.001766800614764136 0.06694876904429228 0
0.001053866913434421 0.08675171527711215 0
-0.004735555532085122 0.08915856414219833 0
0.8235812782427099 0.1747295307692239 0
0.8024768288454325 0.1738666965568987 0
0.4763862480021064 0.4237557746375729 0
0.4663885066468552 0.4709024578585881 0
0.998718578345363 0.05920824386466332 0
-0.1888265120731742 0.04513404909692999 0
-0.1854403698635443 0.02935164127751275 0
1.114121164236213 0.03637138690767273 0
1.121924776926853 0.04664486372516099 0
-0.2007384265504889 0.2565190012865841 0
0.59523205990211 0.1223553138640958 0
1.0019570143294 0.05836865222948938 0
0.1368363362344051 0.06065691311439253 0
0.131403012899089 0.06859252162201611 0
0.7592184313302737 0.2178349141566719 0
0.753503655220922 0.2009448298475729 0
0.9416933753182013 0.06726874130715814 0
0.9352282117299904 0.06879820537716883 0
0.2321606178215957 0.07114567226632464 0
0.2265271288494223 0.08103622666497456 0
0.08892193511856142 0.2150554772971261 0
0.07026008711019657 0.223611705100031 0
0.991240808301352 0.05161878828456423 0
0.9917579026112415 0.05244892580753574 0
0.990799208830488 0.05244892580753574 0
0.9822673176377337 0.05970705610337537 0
0.9801671739930649 0.05802022970670334 0
1.323348702928452 0.1513452884878952 0
0.9947214742132906 0.06631394379884661 0
0.6219735039497645 0.09885016792152114 0
0.6208648659917697 0.0869833383567305 0
0.6315206141820835 0.09712120415057482 0
1.027102288270888 0.05705678327018493 0
1.031339177748439 0.05783061784068829 0
1.39301203556009 0.03105809276062803 0
0.9170606162281718 0.1062911432659242 0
0.9100052885738898 0.0963588454226192 0
1.094326667312161 0.08025970867676424 0
1.089261986993597 0.06775034355085675 0
0.1886714962841895 0.2558572436083383 0
0.2014081778183244 0.2815272442264312 0
-0.1109374009952731 0.03594581201333893 0
-0.1032379788996927 0.03518248824424573 0
0.9891147871258884 0.05161878828456423 0
0.9896938682350607 0.05257352614390373 0
0.9885265408403505 0.05257352614390373 0
0.9657046447501997 0.05823644202458599 0
0.9468161991261304 0.1894015608982069 0
0.9344637424724584 0.1847984913834313 0
0.9492803104431566 0.1722773854177266 0
1.167740403386778 0.1469776418996795 0
1.004749037318714 0.06172592634931203 0
1.006893537060241 0.06351665116055123 0
0.2057897720071157 0.1226062845807297 0
0.9338017838427928 0.3154786343011281 0
0.910808939858311 0.3417313468530493 0
0.03082746270635251 0.05161878828456423 0
0.03238962640241973 0.0540827396229835 0
0.02926529901028529 0.0540827396229835 0
0.8085830913755749 0.1342449585487296 0
0.9748627891672874 0.05161878828456423 0
0.9763079933724468 0.05376642984844115 0
0.009138146821135555 0.0523687616541435 0
0.983068957273014 0.1106800716482545 0
0.9763907896345965 0.1116846619332274 0
0.9769626530466973 0.103299768279077 0
-0.1855995861318183 0.01129217592452655 0
-0.05701823598406675 0.04995627661950402 0
0.8304932661641391 0.193383837217585 0
0.7532189540137273 0.1322989802784363 0
0.05783155059421057 0.07654713704638383 0
0.06647565635747998 0.07867556561506142 0
0.9486049908409069 0.06041838052404389 0
0.3916706184209126 0.2991307276842819 0
-0.1783483236849033 0.2398990155940774 0
-0.1769920418798926 0.2688305671246924 0
0.1520222863956247 0.07076717358613724 0
0.146270162878552 0.08026066073280477 0
0.01662595515558994 0.05161878828456423 0
0.01749129799274414 0.05298366609307312 0
0.01576061231843576 0.05298366609307312 0
1.005563054972896 0.05610532313226857 0
1.006929115663968 0.0559782869382371 0
1.470782105838761 0.029122123078919 0
1.426616705355348 0.029122123078919 0
0.7618778980709258 0.09853858962391082 0
0.7771656204527251 0.09831845675024589 0
-0.008814012813236762 0.2999220976318133 0
-0.03679570040379058 0.30907107845679 0
0.01500674499689439 0.05407198620377087 0
0.01414140215974019 0.05270710839526199 0
0.2449551651724947 0.2200447641951377 0
0.2261716618989553 0.2311607450068603 0
0.7848878395102111 0.4656834264303326 0
0.920986315391692 0.1860877449220039 0
0.9234504267087181 0.1689635694415235 0
0.04996593353718677 0.104864818139134 0
-0.2198419134956562 0.4246722651390438 0
-0.2198419134956562 0.4699459220964456 0
1.141061163113021 0.07332976364135482 0
1.154856631795036 0.07251251379440618 0
1.151607506177339 0.0825555561554713 0
0.8295963196106744 0.1288913186937145 0
0.9578674934579772 0.05874281935750099 0
0.02395974304172101 0.06960046258891511 0
0.02097824390455812 0.0679405287790413 0
-0.02754691456256142 0.06093544309703545 0
0.1023652149884225 0.05161878828456423 0
0.1065969610114555 0.05892452961482761 0
0.09679642963072563 0.05892452961482761 0
0.02046396359016663 0.05161878828456423 0
0.02151762497030078 0.0532806946867054 0
0.01941030221003248 0.05328069468670541 0
-0.175493488083757 0.10854474647387 0
0.04272651540101469 0.1212842850608211 0
0.03365724170269298 0.1274193387898884 0
0.2756802240672183 0.1197105687869498 0
0.2918869638834724 0.1158745791833227 0
0.9814578385738303 0.05461405746294978 0
1.469367014227779 0.1869854899831531 0
0.5339385588823623 0.07910937070334462 0
0.9979257992155335 0.05310740168607721 0
0.9975585353624876 0.05352522550021018 0
0.997253470738837 0.05313856812692791 0
0.007775158766814889 0.05689760795368994 0
0.00667060339754521 0.05701332598813401 0
0.007595112521442437 0.05563690115133554 0
0.9995773820309879 0.05234932673632783 0
-0.1711928462566668 0.4699459220964456 0
0.06897264141652443 0.05161878828456423 0
0.06551489050193357 0.05686303894687467 0
0.04619244140925376 0.05161878828456423 0
0.04379959984161927 0.05536540819979923 0
0.04296765457326625 0.2816450799506341 0
0.01725887651335824 0.2882970891160545 0
0.0192807462683583 0.06108818884968802 0
0.01722438025749626 0.06286402034864158 0
1.016682939083751 0.2087618198233053 0
0.7260715571810257 0.09236366215747946 0
0.7380364737385077 0.08430967885326576 0
0.02615057366163066 0.07352439519746776 0
0.9989193117686688 0.05459919914590655 0
0.9981855245817671 0.05419817550035163 0
0.1534997735638043 0.1309378737409599 0
0.1672303778232632 0.1363237140587481 0
0.9929868507909848 0.05161878828456423 0
0.9934982094883049 0.05226292022733049 0
0.9927108607794255 0.05226292022733049 0
0.008759191698547103 0.05161878828456423 0
0.008179453040396373 0.05236876165414351 0
1.002794238900948 0.05426876165447921 0
0.976838189939457 0.05726338103228645 0
0.06406670944524162 0.3495360301629291 0
0.3303851314006453 0.09965804650472915 0
-0.01469511274551512 0.04597883200827868 0
-0.01487549143767641 0.04912554256026877 0
0.1266625248722937 0.118182683989301 0
0.1403800624049738 0.1238332121492074 0
0.3250678186468448 0.2108305547263244 0
0.306981483354446 0.2268023444379257 0
0.1066948018929233 0.2272831430265742 0
-0.06137973569706737 0.06463767707678368 0
1.291208133341943 0.2085659193192936 0
0.01347390487497574 0.05161878828456423 0
0.01272003755343437 0.05270710839526199 0
-0.00982721526758292 0.09268771333764622 0
0.6925557551676387 0.3158702180001404 0
0.6690382062692777 0.3070107921391642 0
0.6893641923218413 0.2874449179690717 0
0.8778897855868668 0.05161878828456423 0
0.8830818019600823 0.06004974775921239 0
0.8731373339182662 0.06004974775921239 0
0.8332877336082447 0.4247574650368539 0
0.8052475131537602 0.4009872785474197 0
0.6000823108531439 0.1332307631992401 0
0.7653985448699929 0.3648399650025343 0
0.7764333704827781 0.4014326766419846 0
0.7391445844693225 0.3947741412212149 0
0.994420827245357 0.05161878828456423 0
0.9947973625792125 0.05203102059063493 0
0.9941507348337197 0.05203102059063493 0
-0.02887974920660671 0.2371100927294882 0
-0.01071603698411952 0.2494358237123838 0
0.7944236615563931 0.1000031045590087 0
0.8081743566661641 0.1026989801864399 0
0.9849311348852339 0.05411777363528437 0
1.017993274296897 0.05332190171206368 0
1.022399249149213 0.05086297152880179 0
1.024086850478607 0.05180333887883005 0
0.9925319729727713 0.06634500910188998 0
0.9936836738209884 0.06398935529085467 0
1.312341922893725 0.3535618146298759 0
1.347734750262745 0.3845875271933636 0
0.1419991504944532 0.05161878828456423 0
0.1467808042761662 0.06065691311439253 0
0.9894431609918179 0.06650347205692181 0
0.9896367149123332 0.06286400676474796 0
1.011466684507668 0.05243667286887475 0
1.01173142964892 0.05090224103032852 0
1.013082235944303 0.05129980342417625 0
0.1552567251798148 0.1584588639931028 0
0.0002745055252005267 0.2270682631156841 0
-0.001524822436724938 0.1110724494939601 0
0.9878042146564991 0.05371207026139028 0
0.1859115512734033 0.2346598719415724 0
0.1618880865779754 0.05161878828456423 0
0.1671295686974339 0.06172904875630895 0
0.1571851006556728 0.06172904875630895 0
1.025066238336212 0.0555341166636577 0
1.027642442071545 0.05427636007307456 0
1.131052196656601 0.06123585658212731 0
0.9030777301558478 0.07433104481382857 0
0.5334645072562869 0.2077929450741459 0
0.5142339742406439 0.2187044611730146 0
0.5114171081606329 0.1973249696553999 0
0.05293994788095151 0.06447690839784381 0
0.04791843356050511 0.06379100942460927 0
1.466432927009742 0.4664098012023473 0
1.466432927009742 0.4163756407184042 0
1.074977765871814 0.08406400349413765 0
1.065199882752589 0.08181630262047271 0
0.9773717439181669 0.0554012577935931 0
0.04535755712005728 0.07113603896868159 0
0.051638187658372 0.07489270968287642 0
0.1817770226614975 0.05161878828456423 0
0.1870216860228822 0.06119834046815338 0
0.1770772179811212 0.06119834046815337 0
0.4965309147785766 0.2354254566326114 0
0.4769615817965974 0.2538535936859264 0
-0.1503964000950295 0.2809105450943437 0
1.417783859770753 0.4664098012023473 0
0.2722546520307957 0.06863476431628505 0
0.5171437786030884 0.1782136177009064 0
0.89560315778535 0.09071845555373284 0
0.9981712939867404 0.206179120617571 0
0.9823064391260088 0.1978289002343472 0
0.8137019821811933 0.4652380283357677 0
0.2016659587450196 0.05161878828456423 0
0.2066835976559842 0.0605532522866255 0
0.1967391296142231 0.0605532522866255 0
0.9989881955338176 0.05161878828456423 0
0.9991013660211954 0.05178841273707099 0
0.998902949606951 0.05178841273707099 0
0.9658550689828771 0.1922255137768273 0
0.9510385010121789 0.204746619742532 0
1.000553595018619 0.05254201846934946 0
1.00035113020895 0.05264421571028845 0
0.9980124130383161 0.05161878828456423 0
0.9981594996890439 0.05185078336621304 0
0.9978653263875761 0.05185078336621304 0
-0.06946425884121182 0.04041348532086924 0
-0.06957243036025186 0.0333383078687676 0
0.9846530619602453 0.09091486062452608 0
1.009652697483042 0.0796446365249881 0
0.9965657128067387 0.05161878828456423 0
0.9968747504487039 0.051970087174073 0
0.9964386075884428 0.051970087174073 0
0.2215548948285417 0.05161878828456423 0
0.2265271288494222 0.06079831295484835 0
0.2165826608076612 0.06079831295484835 0
0.2414438309120638 0.05161878828456423 0
0.2470773198842373 0.06196614759604051 0
0.2371328518424763 0.06196614759604051 0
0.2613327669955858 0.05161878828456424 0
0.2673706997669956 0.06138197728459111 0
0.2574262317252346 0.0613819772845911 0
0.5969422200589631 0.3254777378264846 0
0.5795790303923688 0.3139815817443011 0
0.6063573438105521 0.3004059609251757 0
0.30111063916263 0.05161878828456423 0
0.3045496289114846 0.06118945733592651 0
0.2946051608697235 0.06118945733592651 0
0.3209995752461521 0.05161878828456423 0
0.3259718092670326 0.0602309502358517 0
0.3160273412252715 0.0602309502358517 0
0.3408885113296741 0.05161878828456423 0
0.3463435420059453 0.06103519765794536 0
0.3363990739641843 0.06103519765794536 0
0.3607774474131962 0.05161878828456424 0
0.3657496814340767 0.06023095023585187 0
0.3558052133923156 0.06023095023585187 0
0.3806663834967183 0.05161878828456424 0
0.3856386175175989 0.05999864869813377 0
0.3756941494758379 0.05999864869813377 0
0.4005553195802404 0.05161878828456424 0
0.405527553601121 0.06023095023585148 0
0.39558308555936 0.06023095023585148 0
0.4204442556637625 0.05161878828456424 0
0.425416489684643 0.06053993472086185 0
0.4154720216428819 0.06053993472086185 0
0.4403331917472846 0.05161878828456423 0
0.4454698216551519 0.06162870873857005 0
0.4355253536133909 0.06162870873857006 0
0.4602221278308066 0.05161878828456423 0
0.4653050301839226 0.06135446618340729 0
0.4553605621421615 0.06135446618340729 0
0.4801110639143288 0.05161878828456425 0
0.4854699082734648 0.06049311333648837 0
0.4755254402317037 0.06049311333648836 0
0.4999999999978784 0.05161878828456425 0
0.50518594239476 0.05921161501558656 0
0.4952414743529715 0.05921161501558657 0
0.5198889360814832 0.05161878828456423 0
0.5248611701023917 0.06023095023588419 0
0.5149167020605754 0.06023095023588419 0
0.5397778721651156 0.05161878828456423 0
0.5449617529900923 0.06106703489995571 0
0.5350172849482762 0.06106703489995571 0
0.559666808248748 0.05161878828456423 0
0.5647650225101741 0.0605514548152388 0
0.5548205544683579 0.0605514548152388 0
0.5795557443323804 0.05161878828456423 0
0.5845279783532885 0.06012956249000883 0
0.5745835103114724 0.06012956249000883 0
0.5994446804160128 0.05161878828456423 0
0.6044169144369211 0.06023095023589949 0
0.5944724463951048 0.06023095023589949 0
0.6193336164996454 0.05161878828456423 0
0.6243058505205534 0.06045950978229744 0
0.6143613824787372 0.06045950978229744 0
0.6392225525832778 0.05161878828456423 0
0.644216158820349 0.06056789945447473 0
0.6342716907785328 0.06056789945447473 0
0.6591114886669102 0.05161878828456423 0
0.6642119559847979 0.06065272807707669 0
0.6542674879429816 0.06065272807707669 0
0.6790004247505426 0.05161878828456423 0
0.6842171074694389 0.06166075726558966 0
0.6742726394276227 0.06166075726558966 0
0.698889360834175 0.05161878828456423 0
0.7039428890135221 0.06127389757128619 0
0.6939984209717058 0.06127389757128619 0
0.7187782969178075 0.05161878828456423 0
0.7237505309387147 0.0602309502358985 0
0.7138060628968983 0.0602309502358985 0
0.7386672330014399 0.05161878828456423 0
0.7436394670223476 0.06006590245203373 0
0.7336949989805315 0.06006590245203373 0
0.7585561690850723 0.05161878828456423 0
0.763498859710398 0.06045525691003668 0
0.7535543916685818 0.06045525691003668 0
0.7784451051687047 0.05161878828456423 0
0.7832400788161191 0.06037047971770705 0
0.773295610774303 0.06037047971770705 0
0.7983340412523371 0.05161878828456423 0
0.8025879085913984 0.06079283952706686 0
0.7926434405495821 0.06079283952706686 0
0.8182229773359695 0.05161878828456423 0
0.8227567288602167 0.06094093180148688 0
0.8128122608184005 0.06094093180148688 0
0.838111913419602 0.05161878828456423 0
0.8430669076131672 0.06032060926162307 0
0.833122439571351 0.06032060926162307 0
0.8580008495032344 0.05161878828456423 0
0.8630141948964765 0.06021621499156191 0
0.8530697268546602 0.06021621499156191 0
0.5960049679670116 0.3524441488447998 0
0.622783281385195 0.3388685280256744 0
0.3539890775366836 0.3023467130360099 0
0.9903024623208483 0.1058351546085223 0
0.9955985124686637 0.05161878828456423 0
0.9959350293845348 0.05206548479772029 0
0.9954039719067209 0.05206548479772029 0
0.1984730070485092 0.09632671579825933 0
1.470782105838761 0.07898548114356305 0
0.7789935527530899 0.4309214547661003 0
-0.05845809210888815 0.0567301118474304 0
-0.06367431975674695 0.0517688072226808 0
0.9908431883167054 0.05435801752884322 0
0.9916208336109547 0.05519462740177836 0
0.7437699371564487 0.2362378296958499 0
0.7256047472417102 0.2513237072784743 0
0.1303224623327546 0.2773718732614593 0
0.143429330168794 0.2543127673581453 0
0.0251372108323265 0.05161878828456423 0
0.02642017307327228 0.05349335902750217 0
0.02385424859138071 0.05349335902750217 0
1.003532085611197 0.05174166786741997 0
0.999486104902506 0.05210199768413139 0
0.03425299043270182 0.05712267468119009 0
0.7204957500383697 0.3272428867059062 0
0.7001697639858062 0.3468087608759988 0
0.006305304308077537 0.193009118951338 0
-0.006618085605180804 0.1820308508393945 0
0.6991716613799951 0.3874167201491779 0
0.9985481827296786 0.05161878828456423 0
0.9986730771328696 0.05182319004258811 0
0.9984314807429751 0.05182319004258811 0
1.258365749906972 0.2647312528239763 0
1.22588563674326 0.2639232035314975 0
0.9902109625449502 0.05340366366687524 0
0.193894116125317 0.1326353753321176 0
0.005579172754586626 0.05161878828456423 0
0.005783459494565717 0.05213962755094238 0
0.005136831749081437 0.05213962755094238 0
0.002256291327645054 0.05218369546498791 0
0.002252406389459811 0.05251748906218867 0
0.00194588551945878 0.05242485646682498 0
1.023329887037349 0.0649737182653311 0
0.8172929106560503 0.209753981497871 0
0.8023482914609454 0.2252313955306906 0
0.515037573885948 0.4709024578585881 0
0.5400016939434593 0.4308996068214584 0
0.006049680256635595 0.05276478217039544 0
0.006069206666049605 0.05355662086064969 0
0.005360644898474537 0.05345230550757477 0
-0.01819537971258922 0.05582676208689996 0
-0.01523038239223895 0.05202501201303757 0
0.0814772349998322 0.1194012174322352 0
0.09297072840230822 0.1266004744916708 0
0.9923861591656555 0.0562794805623249 0
0.9933759820096162 0.05736612986667182 0
0.01114215280063969 0.05455832024220399 0
0.01012435184022406 0.05552268891798356 0
1.15920717386638 0.06017846893355819 0
1.169753516930697 0.06940426144767467 0
0.05122415963531994 0.1159104727729467 0
0.05192675975230916 0.1267917590527858 0
1.212823400242779 0.2862002784218607 0
0.2661143978066963 0.2299129323262875 0
1.088412171193943 0.3488889155753846 0
0.281221703079108 0.05161878828456424 0
0.286105655342908 0.05887157531625818 0
0.2761611873011469 0.05887157531625819 0
0.967251536392413 0.06041083638266538 0
0.1111081057179094 0.06686013812245119 0
0.1160296788126415 0.1255490578263004 0
1.1403529079974 0.2628033355296081 0
1.114681643390011 0.2620495950039443 0
0.2819112150418382 0.09663609851855021 0
0.2698702072003309 0.1026095498998901 0
0.05916617788848123 0.1103722921310987 0
0.07062946467187714 0.1132560610583799 0
1.063991088492186 0.06806665468417114 0
1.0723216281725 0.06834759324656214 0
0.3464717311315662 0.2228573546817022 0
0.9187862528621971 0.2217129335648772 0
0.9462057496371598 0.2243070834690589 0
0.9329923713439245 0.2440973501700244 0
0.4329742522211816 0.262469129405529 0
0.4100954075733796 0.2534025686801806 0
0.8824413578084458 0.18413069596428 0
0.8702542924450511 0.1988452083048793 0
0.01339994709306782 0.3188809401388175 0
1.032630059934012 0.05403234553445937 0
0.9416915323333882 0.2679804335444858 0
0.9515857397802766 0.2931849557929105 0
0.001011804466176111 0.05161878828456423 0
0.001133098268936606 0.05176237528286227 0
0.0009346818546937161 0.05176237528286227 0
0.005463249296475689 0.05627699696584806 0
0.005935364230030653 0.05499838169180431 0
0.8879820676505056 0.0677793356402392 0
0.9142720355584255 0.2653862836403041 0
0.8889200053573558 0.2612359358288878 0
0.007013149208939414 0.05161878828456423 0
0.007279369971009293 0.05224394290401731 0
0.006492021262140785 0.0522439429040173 0
0.5529223212052943 0.2142586811876773 0
1.185595351380971 0.06944764973450648 0
1.191109258730449 0.05295267258456507 0
1.202600551109378 0.06533010573224488 0
-0.01743215525691825 0.06876756295505773 0
-0.01902748750152919 0.06495260928582355 0
0.6389474494381857 0.2443925761143352 0
0.6166092601271117 0.2370966924404436 0
0.4667758135323921 0.3250919371733348 0
0.4477460648041238 0.3461661853499818 0
0.868206211269692 0.06864717446621006 0
0.9034729391681081 0.1555152111238083 0
0.8925610357171757 0.1685770364232277 0
0.3103671788261148 0.2532774037970056 0
0.2890246930114526 0.2432848797649476 0
1.197237950959158 0.2578458077296581 0
-0.004590278241814367 0.06886100614424286 0
0.7452044924420985 0.1449411751594605 0
0.7357948353581129 0.1586924695525001 0
0.06673013554072997 0.2459243970392161 0
0.04999242429633628 0.2337215363390246 0
-0.04162030496005955 0.1517783605680483 0
0.02798233676933951 0.05595731036592144 0
-0.06530152647007645 0.321643884722401 0
0.5738970061297816 0.3795238282856754 0
0.5470470366293989 0.4007319017959603 0
0.5433139371403971 0.360261432155895 0
0.01108345691590864 0.06201114343058083 0
0.009367964066215154 0.06023105006318642 0
0.9624163270751802 0.3193942230792732 0
0.9752460160591077 0.3442774451942506 0
0.7852063653628099 0.3403682737914171 0
0.7964733078420954 0.3075981612306564 0
0.004716660620701219 0.05297928947119108 0
0.004213159725893274 0.05279934186197184 0
0.004837617594252582 0.05248051920810128 0
0.8998533217192215 0.1858064825211485 0
0.9108666374829619 0.2016414044630562 0
0.01854495937287829 0.05464557249521429 0
0.997360047701924 0.05161878828456423 0
0.9975692086948684 0.05184564268161882 0
0.9972110166599442 0.05184564268161882 0
0.7648738586846329 0.2397951434924293 0
0.8487441759938846 0.2934634733468577 0
1.392766799349846 0.09022858085619812 0
1.375360139786383 0.120542272976298 0
0.9215478283091185 0.1299125323960368 0
0.9119936143975906 0.1421276352290931 0
0.7311535528655051 0.2772512014308276 0
0.7585753821764897 0.2837180530955687 0
0.7403035705311868 0.302771195494789 0
0.00440148753129478 0.05161878828456423 0
0.004633330854273492 0.05195967994172314 0
0.004102273376465924 0.05195967994172314 0
0.5185783138742308 0.2458934320513574 0
-0.005122836402770991 0.09617995301840304 0
-0.1129578713123375 0.2447818634420461 0
-0.1321462292214119 0.2606934740244669 0
-0.007631399266475443 0.04740417122851503 0
-0.01105402920654937 0.05034162104238508 0
-0.009383132193650863 0.1071535844037634 0
0.8375745855715219 0.2127004188278439 0
1.008722934685789 0.05422516584161109 0
0.9659697541531727 0.1127111682721123 0
0.5416216496988051 0.2547883239401805 0
0.5239185902367378 0.2715093193997773 0
1.425245286450392 0.2114386440147487 0
0.003426337598666733 0.05325426411347395 0
0.7479175793493544 0.3337097383706473 0
0.3329307413309911 0.2615361690617995 0
0.9703289385600111 0.09001333890342098 0
1.001502217853818 0.05530616256019015 0
0.5151166566359143 0.1584776386465206 0
0.4986729003522316 0.1541564172034564 0
0.1041737842055243 0.1341576082818302 0
0.0933230004457406 0.1412653933027815 0
0.528651520091335 0.2998036739783208 0
0.5585629163510459 0.3097287849671052 0
0.5402525103810688 0.3291282476568256 0
0.7073329355964073 0.2703768496776946 0
0.9840828207282186 0.05960999882284779 0
0.9521326893301115 0.06455393507199138 0
0.9470150009760276 0.06550825411155989 0
0.6712316665092639 0.3760440514434121 0
0.9553805499185526 0.08713526362400079 0
0.269500093278365 0.2563879916853674 0
1.003225016565155 0.0603938484563923 0
1.421166159323288 0.3907739322603125 0
0.751937586604386 0.1852868924317273 0
0.9611057323020813 0.06178803081118914 0
0.956960918039095 0.06250927293816351 0
0.4810528655834395 0.2814780422903246 0
0.4571391929678733 0.2727172084652967 0
0.1920393249338468 0.07013280447021464 0
0.8097441146255686 0.2479031442391209 0
0.787718176023081 0.2440639766616816 0
0.007941691506040151 0.0548749478987025 0
0.007871061642176505 0.05367372385211816 0
0.2943282227761274 0.1011044937883085 0
-0.06956589623842434 0.04740466210132709 0
0.4305531195925103 0.07054985517486767 0
0.425416489684643 0.07947622481886127 0
-0.1029213440840772 0.06199323793123514 0
-0.09532254494059329 0.06768240168869363 0
-0.1044423962155633 0.07099152838054347 0
1.380813702287701 0.3820831664956796 0
1.392513396983898 0.4241288366400617 0
0.1358550555296436 0.07659178627566357 0
0.09261532994614619 0.06551924500457965 0
0.09491101838352864 0.07396818748359207 0
0.08649817267591611 0.07325716154308073 0
0.006837136136770471 0.05499066593314657 0
0.009566180205861176 0.0569157205660018 0
0.00864167108196395 0.05829214540280027 0
1.135182869000971 0.04869572842332338 0
-0.1349684531057286 0.3331108319929635 0
-0.07679569144771062 0.0428231754274419 0
-0.08422911047923354 0.0391931315945853 0
0.001987586961669042 0.05161878828456423 0
0.002115765360389083 0.05185492557709423 0
0.001821592058923983 0.05185492557709422 0
0.2116558316768647 0.06973277695690963 0
0.001451817270311472 0.05161878828456423 0
0.001557636330060344 0.05178321387536255 0
0.001316039940167873 0.05178321387536255 0
0.8675276930467732 0.2584830354303046 0
0.8841805622583794 0.2387502998672596 0
0.1235904444731697 0.2386814784265426 0
1.011893272603263 0.05906601521715482 0
0.07127217431456946 0.1275631031387667 0
-0.09793074917899142 0.2243348271232091 0
0.5056081842667607 0.2909087820894977 0
0.1256400784126146 0.07548926995345887 0
0.1162332444334497 0.07556397486717767 0
-0.1096021032290885 0.05469163835172897 0
1.051301134831518 0.09798544360230659 0
0.9938747448221604 0.05267515253340119 0
0.08671169256779906 0.2593221353763924 0
0.06644402975393879 0.269431966615386 0
0.03527418874574832 0.2180059849077453 0
0.01960219300854746 0.2060902082584739 0
0.3314268399433038 0.06964735960923282 0
0.9993495658805986 0.05161878828456423 0
0.9994250060726215 0.05174935505497902 0
0.9992620521400848 0.05174935505497902 0
0.3707219154549573 0.0686108106494214 0
0.3906108515384795 0.06861081064942101 0
0.4104997876220015 0.0691520966721491 0
0.4706638745430586 0.07022879123533141 0
0.5300450509273684 0.06967919685127566 0
0.5697372565310822 0.0690622290206834 0
0.5895002123741968 0.06874172444134408 0
0.6093891484578291 0.0690716717336327 0
0.6292994567576247 0.06940862095220794 0
0.6493166261382367 0.06960183924698718 0
0.6694286387036942 0.07069469705810211 0
0.7089151230344293 0.06988605952262046 0
0.7287227649596224 0.06867806440336799 0
0.7485821576476734 0.06890237107750619 0
0.7682938333578124 0.0692069483431795 0
0.7874939461551804 0.06954453096020968 0
0.8277117230537819 0.06964275277854572 0
0.8480802530064092 0.06891803596862074 0
0.5134025408806862 0.3503363211671106 0
1.168217519514545 0.2573381435885974 0
-0.002800487249652374 0.06033804077828924 0
-0.003442688557120824 0.05858673754595068 0
0.3923082241609187 0.2693109761297273 0
0.3710782473204992 0.2885962048638498 0
1.302518164830677 0.2660607900948048 0
1.285623500950586 0.2936072114945285 0
0.938434010022954 0.1119894426285452 0
0.9289503645143835 0.1194372443083303 0
0.9255649520398911 0.1088995919216228 0
0.9184936748574341 0.156865247085381 0
0.9954892917767776 0.05525219937365661 0
0.1936308287223833 0.1485221455471205 0
0.8934352246787365 0.07601603861964285 0
0.8837825073197125 0.07671741021326417 0
0.06294921160033536 0.2950428182878105 0
0.8976532591897268 0.2214316711640217 0
0.9955652029491356 0.05452915447934621 0
0.9603111921397791 0.3777185144117082 0
0.6470378992041592 0.3506355156071113 0
0.06455121626711324 0.3222863803016381 0
0.02280058721124656 0.05515526542964334 0
0.03566858569227027 0.06120922920150412 0
0.03224305796592096 0.06063324548171681 0
0.2158081790699271 0.07743082367771789 0
0.003729112925223824 0.2115220361085152 0
1.076635358059836 0.07519623138592267 0
1.08234724866561 0.08430832206426914 0
1.084948257106262 0.06090170541149621 0
0.3895030364729662 0.2428680458597484 0
0.3681676730772647 0.2338481471013579 0
-0.00393525152294089 0.06266388698498633 0
-0.0058942586656298 0.0649338644015108 0
-0.007024834897951851 0.06245417879560779 0
-0.02267491848958469 0.05871169551379771 0
0.007576942627168867 0.06021293745087455 0
0.006090242882280071 0.06145236232987322 0
1.011431473008075 0.0533119370288593 0
-0.02288753065387065 0.1881108433081924 0
-0.01993784048380536 0.1717007473462076 0
0.003434287193231185 0.05161878828456423 0
0.003652358623359199 0.0519627453837319 0
0.003216215763103171 0.0519627453837319 0
1.027049608733896 0.05104905108105775 0
1.02264363388158 0.05350798126431963 0
0.00263995229805465 0.05161878828456423 0
0.002780478265310621 0.05194755817245791 0
0.002422286230390113 0.05194755817245792 0
1.000011302105003 0.05237481809248116 0
0.3662643176867454 0.07638102196333899 0
0.3622732032731858 0.08837213453945526 0
0.6838153866980463 0.2615174238167184 0
0.6609830645192672 0.2537140408984162 0
0.9942281192340707 0.05875166329486417 0
0.9953588813134319 0.06006895930109762 0
0.9859895273736632 0.055564765359817 0
0.9844178548954216 0.05578666247556405 0
0.5954287641510452 0.2300983458439049 0
0.5744888451917374 0.222645397565225 0
0.9951338794950835 0.05247771710379099 0
0.772269681849256 0.2624668922008596 0
0.8324193771132808 0.08054485391047218 0
1.009775396018688 0.05578705176159903 0
1.008452875491379 0.05622257880821401 0
0.9265442617367423 0.09884334158613914 0
0.1797202004627407 0.142719448967113 0
0.9344168862921816 0.1330023831029593 0
0.001555019354309734 0.05259631225889463 0
0.001709355519945789 0.0531629274144691 0
0.9479194717388704 0.1341825292814159 0
0.9405169355336054 0.1446578173691224 0
0.7732956107743012 0.07888242440776881 0
0.7634988597103962 0.07896720160009844 0
0.8988781698250548 0.08326911938685355 0
-0.1279406903021344 0.2893934376866247 0
-0.0323182625823404 0.1620016442213258 0
0.6649813557666751 0.07912009854657903 0
0.3637741077222166 0.09811375205493142 0
0.6544409574832677 0.07972048152552594 0
0.6443896283606351 0.07963565290292399 0
0.615325686129548 0.07900626670385373 0
0.6053812180877318 0.07877770715745577 0
0.01294583944162147 0.06755576145881835 0
0.01429520634563268 0.0715332725922912 0
-0.007679861616825327 0.06865129795486433 0
0.3546266832766897 0.2725269614814552 0
0.9878074169383356 0.09674958345996044 0
0.2465005181458948 0.2689134511336315 0
0.7814196995149378 0.287986886264821 0
1.426371469145104 0.08829261117448908 0
0.5658099636748004 0.07720301021720047 0
0.5619816302378009 0.08922356392641168 0
0.208513470735088 0.2405028174337791 0
0.8101676075148618 0.2863470003359473 0
1.014826327026529 0.05107345297383271 0
1.014561581885277 0.05260788481237896 0
0.9230690051032353 0.08879374896491901 0
0.9132803006135946 0.08890950925573991 0
0.5742742592715644 0.09535998201115385 0
0.06250335753558439 0.0612955578353442 0
0.04185871077456703 0.05840534325800582 0
0.02866123986304687 0.05880637835295153 0
0.02581611392603386 0.0582169977574702 0
0.9503457156657894 0.09409546703258423 0
0.9441523477170117 0.1023865712713056 0
1.060951425308376 0.07465941571579911 0
0.9982843940922349 0.05205518512423692 0
0.989737847721278 0.05448261786521121 0
1.407959541882264 0.06018021583954702 0
0.002351236513132546 0.052984533082956 0
0.9517372226977561 0.1218225364977137 0
0.9993398728966891 0.05206846891488218 0
0.9994837243379247 0.051913450594643 0
0.4857857954380366 0.309772396868868 0
1.356964739847823 0.1522311498605308 0
1.340771889816195 0.1808328685869701 0
1.050727423124183 0.3189477289449493 0
0.8160607905280728 0.1252186976193152 0
0.9987862476202475 0.05199281449509487 0
0.3500199111148067 0.2477856608896394 0
0.5578478973227412 0.2375591529693082 0
0.5631881736852482 0.2631750403177281 0
0.6005949172852509 0.2529442159433947 0
0.0120614023248711 0.05369393713564603 0
0.01199894586581852 0.06449601451875435 0
0.009218724561329952 0.06463671319943423 0
0.2189770890544777 0.2980825786864365 0
-0.1047821339204995 0.08354943429831702 0
0.0006504341193976648 0.05161878828456423 0
0.0007319110856655327 0.05174729931137452 0
0.0005689571531299759 0.05174729931137452 0
0.07913045417694589 0.06876623551294911 0
0.07149160357777559 0.06741577078550751 0
0.06812155685898127 0.07225154871151451 0
0.07241252361385686 0.07914826886537679 0
0.1669670904203295 0.1522104842737511 0
0.06157869377309486 0.1343653208509796 0
0.07242646410104991 0.1405104772248349 0
0.05913331081679007 0.06613133576135122 0
0.05599132666676584 0.07012441809769172 0
0.02367541166154451 0.05704742199452804 0
0.643811028342399 0.2692640273240144 0
1.104998659589795 0.2823194064025479 0
1.09123381155542 0.2533157349044495 0
1.065174018201463 0.1410246479863779 0
1.065233122723375 0.1266683603819468 0
0.01922018691614395 0.0566306914204202 0
0.01730118269885561 0.05633366282678791 0
1.01704995649799 0.05709790105080288 0
1.01491923379679 0.05797055301326889 0
0.8567815955137037 0.2161638370081171 0
0.8435812400056149 0.2325339812884031 0
0.9475377601915043 0.1129242236580131 0
0.00266164232131882 0.05274337208111893 0
0.1061533143692991 0.07493410768981747 0
0.100036157099069 0.08267202422831857 0
0.8762609468791442 0.2186787707654386 0
-0.003551394174121135 0.05581765399957699 0
-0.00357123634615854 0.05448888860029875 0
-0.1195988471894909 0.05893426533929366 0
1.004141021948459 0.05206984709627833 0
1.004327864510032 0.05249197628632508 0
0.9582909321383251 0.09636114889218994 0
0.8734010213046068 0.07719825010445522 0
0.8632778822828171 0.07736471733680472 0
0.8958197610961822 0.3725124654937235 0
0.04570810076693745 0.06661525181263273 0
0.04382857059651527 0.06193627050305767 0
0.7774839038184457 0.08709513370265633 0
0.7861488871442858 0.09677091278821447 0
-0.1193544895748501 0.0409219283540103 0
-0.1231288794709935 0.03278682828697628 0
0.1038934409348367 0.2472129012001908 0
1.323411591822309 0.2042223698595033 0
1.307463872267428 0.2328412819644623 0
1.393072235590396 0.215210037559708 0
1.35702762874168 0.2051082312321388 0
0.9977162953455961 0.05207763776326763 0
-0.007513201472961409 0.05956190285871533 0
-0.02658668163564509 0.204519423705313 0
0.9911353990477341 0.05652182488772573 0
0.0152992531417161 0.05568824292109302 0
0.9553709281742157 0.06759914652567953 0
0.9927528618268895 0.05899221147646462 0
0.9804864657070245 0.09646045515866983 0
0.1036073351480455 0.2707204707763607 0
0.03898832959779121 0.3345055814843497 0
0.9996463493842915 0.05161878828456423 0
0.9997050676495945 0.05178288382422822 0
0.9995712380784383 0.05178288382422823 0
0.01099086415537312 0.0569172263670939 0
0.1031772626485484 0.1596705074164894 0
1.392783326674125 0.1500298530753729 0
0.9991768062132184 0.05191897950748577 0
0.2059091159182501 0.07718576300949503 0
0.007658325093597744 0.05299391627359658 0
0.01246828531396741 0.05465981161251769 0
0.09309201628983961 0.154600403699027 0
0.08188896048662353 0.1470432699088675 0
0.9989871661952069 0.05540119752207921 0
0.6479751512961107 0.3236691045887961 0
0.01856443544326201 0.07000670012036467 0
0.01817127383329922 0.06592376728870558 0
0.9946962011366387 0.05314060326906007 0
0.0200950113664419 0.0585228479853049 0
0.08142614261432835 0.07721517799196154 0
1.015931466089417 0.05398753734123277 0
1.017619067418811 0.05492790469126102 0
0.4613601820230732 0.3777744254174722 0
0.2016163388895295 0.0853813720387438 0
1.014187375007191 0.0542138877915763 0
0.7154260129704413 0.07682289004307088 0
1.052806317214652 0.08878059756468262 0
0.9991791867777997 0.05210752659697415 0
0.6447835884503135 0.2952438045577273 0
0.9790226607619585 0.05675056741356149 0
0.8148136545199773 0.2663524678548009 0
0.8298672628471351 0.2859637428206364 0
1.079691110966296 0.06859191181669363 0
0.4943925589750416 0.3656558614715774 0
0.4913311322157133 0.334522676972508 0
0.983660744293366 0.05733071148062426 0
0.9947390870564259 0.06216801744623414 0
0.9925495858159066 0.0621990827492775 0
0.02133878804046458 0.05683475765373128 0
0.1974639914964672 0.07768332531793554 0
0.4157124012358335 0.07908400737169249 0
0.9574555603918138 0.112219665140474 0
0.9617702916469208 0.1038128554324116 0
0.2288423269820275 0.2782555235605503 0
0.2289316069097415 0.2523581166736262 0
1.01911176470547 0.05643226542163379 0
0.567978040102635 0.2846570080657963 0
0.7947419449221136 0.08877978151141913 0
0.7916822391993249 0.0777572402550972 0
0.9826023518049366 0.05588371975609163 0
0.9807007279717748 0.05615810646800999 0
0.9872825916913597 0.05474778795284402 0
0.9867693117015475 0.05641667679312369 0
0.09174322268943136 0.1654483840225754 0
0.990378927254386 0.05775520426448472 0
0.9896136016996852 0.05667035110393817 0
0.85348683667686 0.07972007677010744 0
0.8434840174353668 0.0798244710401686 0
0.06555473632139872 0.06694306753519211 0
0.8486507799000237 0.2509833049040832 0
0.8294437699578419 0.24751988672381 0
0.4057679331940727 0.07877502288668213 0
-0.0616209313289344 0.2194400972941603 0
-0.07779730794563956 0.2104386432338121 0
0.01368004298302053 0.0554116852232819 0
0.8533902229990002 0.2734689408657114 0
0.7531610634010766 0.07784800742622494 0
0.7432461387548425 0.07745865296822198 0
1.056885432794925 0.08152380552048064 0
0.6348386366198464 0.07738569260508471 0
0.624872796361867 0.07727730293290741 0
0.006970978572789424 0.05354890510199195 0
0.006281943214628367 0.05423642843917127 0
1.305575600542281 0.3241616972569051 0
0.6053847837026376 0.2744261836914629 0
0.5842042877265711 0.2674278370949241 0
0.7581628408175654 0.08752348349081424 0
0.9964929693185137 0.06185923184267479 0
1.038840370309961 0.06504461071518908 0
1.033538739814336 0.06386906070054589 0
0.6399629679648775 0.08750433488362346 0
0.9454736873848895 0.156756139725265 0
-0.005174533372263252 0.05741511783270962 0
1.001592395350961 0.06068151025869128 0
0.03964837798099936 0.06122958564602926 0
0.9319711019382007 0.1555759935468084 0
-0.09671531970090209 0.3561313582076119 0
-0.08586534504106215 0.3356943605976468 0
-0.08148227714503969 0.3016866841342496 0
0.9885839989843834 0.05456398169469698 0
0.9884597529627905 0.05675171493342394 0
0.5946832493369174 0.07800242794507493 0
0.8586816467117748 0.08827115240835259 0
0.3951596065136833 0.07749432273806263 0
0.3852151384719222 0.07726202120034492 0
-0.0130223831752694 0.2139871738085483 0
-0.03004128903566838 0.2200656507124819 0
0.9635591993631768 0.06019597158860601 0
0.5094186249540749 0.411637210691678 0
0.9296431923755677 0.3724690202281651 0
-0.001669911017330323 0.06281772638419225 0
0.00309737981911137 0.05275855929239291 0
0.003763244972786548 0.0528024073039806 0
0.9984946405889017 0.05234021876820058 0
0.9982226595349706 0.05236781209182551 0
0.7822788774658619 0.07733488044573739 0
0.001238917328685478 0.05192680087366058 0
0.003884201946337911 0.0523036370408908 0
1.406560977595561 0.1779473364146463 0
-0.1058683075722711 0.2924567633131216 0
1.002066380551033 0.05458666578403968 0
0.9911107146287128 0.06217182699326124 0
0.9921661278641503 0.06035048914864072 0
0.03007683512261532 0.06289293287326556 0
0.9998936271959288 0.05184603462087205 0
0.584738781295101 0.07790104019918428 0
0.9980268203117602 0.05268679502429205 0
0.9978165738150933 0.0524017613803284 0
1.084123250141431 0.2924513154351886 0
1.06285251296364 0.30291919890379 0
0.3807575407037104 0.08503223251426248 0
0.3822584451527412 0.09477385002973865 0
0.3732520924093256 0.0936605492550146 0
1.074570582688199 0.3273456146084834 0
0.998960746260398 0.05216624920997237 0
-0.002356186381342863 0.1036279673040476 0
0.5756284514760985 0.07678111789197051 0
0.002998549695438635 0.05229151527162558 0
0.9987308737863165 0.0522010265154895 0
0.3943186962562285 0.09555969615095264 0
0.4003722201275154 0.08742623343760603 0
0.006666200553263295 0.06347468648187773 0
0.004453207824123295 0.06277520670049025 0
0.01481057179620015 0.06493019168996494 0
-0.04244404766698239 0.2276423426262528 0
0.7235130999432876 0.07552909028841177 0
0.7201608159959234 0.08350886814424989 0
0.483431590688046 0.3935880696120748 0
1.010921391716634 0.05681859801770348 0
1.01330932749562 0.05810014850665633 0
0.9668051258996839 0.09685265202382817 0
0.6227479733692319 0.2859223397736463 0
1.022103480080923 0.05628840446143001 0
0.07219547994514892 0.1538454876210804 0
0.7334575679851045 0.07536404250454701 0
0.7447092790838701 0.1712567312849003 0
0.9892162247561386 0.05551833555666495 0
-0.007621907089961719 0.05679281931234163 0
0.3762087857285066 0.07614872042562087 0
-0.1241184784458886 0.3126738343829985 0
-0.1128960703758653 0.3361741576194604 0
1.013947352910161 0.05572313581381755 0
1.012577468706021 0.05434348328496375 0
1.011191450911045 0.05482118505110055 0
0.5808114884388192 0.08604182139570135 0
0.9052456632624614 0.08903346174791858 0
-0.01900237329097253 0.07278643522958461 0
-0.1171597550595322 0.04832353906793765 0
-0.002126247995732639 0.05329355221329382 0
0.9738082980686069 0.09746504544364265 0
0.9982079017633283 0.06126437565968652 0
0.9998137165331715 0.06071244582681155 0
0.01276079345878912 0.05627606832983985 0
0.003155853479513502 0.06449968365216566 0
0.002579895808530277 0.06247735950016116 0
-0.02221091087478919 0.0630683382261164 0
0.0003736973599393391 0.06234685831466587 0
1.037840618001948 0.0702822782624859 0
-0.1293512335352526 0.045164555341575 0
0.9897921932916467 0.05911348193666081 0
0.9892532569605768 0.06101541316411117 0
1.020535972728247 0.06719719420163517 0
0.9913139906396957 0.05896495572044837 0
-0.1385254985749495 0.04138781716807376 0
-0.02389948357450592 0.06717635686906129 0
-0.024870804622542 0.0719832468420267 0
-0.1403949081289205 0.02519753189767901 0
1.188314938807486 0.03598309029748811 0
1.000197601092044 0.05186119625968173 0
1.000577754583507 0.0518014208044849 0
-0.002171919618206427 0.04432261074753258 0
-0.005239658603717817 0.04436059110863383 0
1.150079754136632 0.04558747607659186 0
1.16708495386504 0.04146993207433026 0
1.032037226596363 0.05080503654244256 0
1.030594009999336 0.05250967892793214 0
-0.09570292247095727 0.03182135529664448 0
-0.1488119967084976 0.03017364823835037 0
1.008840754772729 0.05192490951218748 0
1.004039773585761 0.05174709160461691 0
0.0003536506157066539 0.05161878828456423 0
0.0004351275819745219 0.05174729931137452 0
0.0002198210445512 0.04644890945610781 0
-0.002171919618206427 0.04949248957598901 0
-0.003478461284687906 0.04981077618986991 0
0.0003103915832605622 0.0521146109007212 0
-3.951869567946683e-05 0.05296224236296647 0
-0.00383825063883766 0.05345069789933099 0
0.0004874801868621079 1e-05 0
0.0003536506157066539 2e-05 0
0.0002198210445512 9.999999999999999e-06 0
0.000353650615706654 9.999999999999999e-06 0
0.0004874801868621079 3.25e-05 0
0.0003536506157066539 4.5e-05 0
0.0002198210445512 3.25e-05 0
0.0003536506157066539 3.249999999999999e-05 0
0.0004874801868621079 6.062500000000001e-05 0
0.0003536506157066539 7.625000000000001e-05 0
0.0002198210445512 6.0625e-05 0
0.0003536506157066539 6.062500000000001e-05 0
0.0004874801868621079 9.578125000000001e-05 0
0.0003536506157066539 0.0001153125 0
0.0002198210445512 9.578125e-05 0
0.0003536506157066539 9.578125000000001e-05 0
0.0004874801868621079 0.0001397265625 0
0.0003536506157066539 0.000164140625 0
0.0002198210445512 0.0001397265625 0
0.0003536506157066539 0.0001397265625 0
0.0004874801868621079 0.000194658203125 0
0.0003536506157066539 0.00022517578125 0
0.0002198210445512 0.000194658203125 0
0.0003536506157066539 0.000194658203125 0
0.0004874801868621079 0.00026332275390625 0
0.0003536506157066539 0.0003014697265625 0
0.0002198210445512 0.00026332275390625 0
0.0003536506157066539 0.00026332275390625 0
0.0004874801868621079 0.0003491534423828125 0
0.0003536506157066539 0.000396837158203125 0
0.0002198210445512 0.0003491534423828125 0
0.0003536506157066539 0.0003491534423828125 0
0.0004874801868621079 0.0004564418029785156 0
0.0003536506157066539 0.0005160464477539063 0
0.0002198210445512 0.0004564418029785156 0
0.0003536506157066539 0.0004564418029785156 0
0.0004874801868621079 0.0005905522537231445 0
0.0003536506157066539 0.0006650580596923828 0
0.0002198210445512 0.0005905522537231445 0
0.0003536506157066539 0.0005905522537231445 0
0.0004874801868621079 0.0007581903171539307 0
0.0003536506157066539 0.0008513225746154785 0
0.0002198210445512 0.0007581903171539307 0
0.0003536506157066539 0.0007581903171539307 0
0.0004874801868621079 0.0009677378964424133 0
0.0003536506157066539 0.001084153218269348 0
0.0002198210445512 0.0009677378964424133 0
0.0003536506157066539 0.0009677378964424133 0
0.0004874801868621079 0.001229672370553017 0
0.0003536506157066539 0.001375191522836685 0
0.0002198210445512 0.001229672370553017 0
0.0003536506157066539 0.001229672370553017 0
0.0004874801868621079 0.001557090463191271 0
0.0003536506157066539 0.001738989403545856 0
0.0002198210445512 0.001557090463191271 0
0.0003536506157066539 0.001557090463191271 0
0.0004874801868621079 0.001966363078989089 0
0.0003536506157066539 0.00219373675443232 0
0.0002198210445512 0.001966363078989088 0
0.0003536506157066539 0.001966363078989088 0
0.0004874801868621079 0.002477953848736361 0
0.0003536506157066539 0.002762170943040401 0
0.0002198210445512 0.00247795384873636 0
0.0003536506157066539 0.00247795384873636 0
0.0004874801868621079 0.003117442310920451 0
0.0003536506157066539 0.003472713678800501 0
0.0002198210445512 0.003117442310920451 0
0.0003536506157066539 0.003117442310920451 0
0.0004874801868621079 0.003916802888650564 0
0.0003536506157066539 0.004360892098500626 0
0.0002198210445512 0.003916802888650563 0
0.0003536506157066539 0.003916802888650563 0
0.0004874801868621079 0.004916003610813205 0
0.0003536506157066539 0.005471115123125782 0
0.0002198210445512 0.004916003610813204 0
0.0003536506157066539 0.004916003610813204 0
0.0004874801868621079 0.006165004513516506 0
0.0003536506157066539 0.006858893903907228 0
0.0002198210445512 0.006165004513516505 0
0.0003536506157066539 0.006165004513516505 0
0.0004874801868621079 0.007726255641895633 0
0.0003536506157066539 0.008593617379884035 0
0.0002198210445512 0.007726255641895632 0
0.0003536506157066539 0.007726255641895632 0
0.0004874801868621079 0.009677819552369541 0
0.0003536506157066539 0.01076202172485504 0
0.0002198210445512 0.00967781955236954 0
0.0003536506157066539 0.00967781955236954 0
0.0004874801868621079 0.01211727444046193 0
0.0003536506157066539 0.01347252715606881 0
0.0002198210445512 0.01211727444046192 0
0.0003536506157066539 0.01211727444046192 0
0.0004874801868621079 0.01516659305057741 0
0.0003536506157066539 0.01686065894508601 0
0.0002198210445512 0.01516659305057741 0
0.0003536506157066539 0.01516659305057741 0
0.0004874801868621079 0.01897824131322176 0
0.0003536506157066539 0.02109582368135751 0
0.0002198210445512 0.01897824131322176 0
0.0003536506157066539 0.01897824131322176 0
0.0004874801868621079 0.0237428016415272 0
0.0003536506157066539 0.02638977960169689 0
0.0002198210445512 0.0237428016415272 0
0.0003536506157066539 0.0237428016415272 0
0.0004874801868621079 0.029698502051909 0
0.0003536506157066539 0.03300722450212111 0
0.0002198210445512 0.029698502051909 0
0.0003536506157066539 0.029698502051909 0
0.0004874801868621079 0.03714312756488625 0
0.0003536506157066539 0.04127903062765138 0
0.0003536506157066539 0.03714312756488625 0
0.0004874801868621079 0.04644890945610781 0
0.0003536506157066539 0.04644890945610781 0
-4.898511307945886e-08 9.999999999999999e-06 0
5.493076858126027e-05 5e-06 0
-0.0001339488459888597 2.25e-05 0
-6.699891555096955e-05 1.625e-05 0
-0.0002970013821440323 3.8125e-05 0
-0.000215475114066446 3.03125e-05 0
-0.0004955536473239289 5.765625e-05 0
-0.0003962775147339806 4.7890625e-05 0
-0.0007373346824753349 8.207031249999999e-05 0
-0.0006164441648996319 6.986328124999999e-05 0
-0.001031756264962105 0.000112587890625 0
-0.0008845454737187199 9.732910156249999e-05 0
-0.001390279211257772 0.00015073486328125 0
-0.001211017738109931 0.000131661376953125 0
-0.001826859741731568 0.0001984185791015625 0
-0.001608569476494669 0.0001745767211914063 0
-0.002358492504610859 0.0002580232238769531 0
-0.002092676123171214 0.0002282209014892578 0
-0.003005872323245315 0.0003325290298461914 0
-0.002682182413928094 0.0002952761268615723 0
-0.003794199359154859 0.0004256612873077393 0
-0.003400035841200094 0.0003790951585769653 0
-0.00475416091996832 0.0005420766091346741 0
-0.00427418013956159 0.0004838689482212067 0
-0.005923125099640661 0.0006875957614183426 0
-0.005338643009804497 0.0006148361852765083 0
-0.007346596126563703 0.0008694947017729282 0
-0.006634860613102175 0.0007785452315956354 0
-0.009079984643831505 0.00109686837721616 0
-0.008213290385197611 0.0009831815394945442 0
-0.01119076647752227 0.0013810854715202 0
-0.01013537556067689 0.00123897692436818 0
-0.01376110722321597 0.00173635683940025 0
-0.01247593685036912 0.001558721155460225 0
-0.01689106219350683 0.002180446049250313 0
-0.0153260847083614 0.001958401444325282 0
-0.02070246989714976 0.002735557561562891 0
-0.0187967660453283 0.002458001805406602 0
-0.02534369706127282 0.003429446951953614 0
-0.02302308347921128 0.003082502256758253 0
-0.03099541172858906 0.004296808689942018 0
-0.02816955439493093 0.003863127820947816 0
-0.03787761569067129 0.005381010862427522 0
-0.03443651370963018 0.00483890977618477 0
-0.04625821176895593 0.006736263578034403 0
-0.04206791372981362 0.006058637220230962 0
-0.05646343083651737 0.008430329472543003 0
-0.05136082130273666 0.007583296525288703 0
-0.06889052576154499 0.01054791184067875 0
-0.06267697829904795 0.009489120656610879 0
-0.08402324774326903 0.01319488980084844 0
-0.07645688675240803 0.0118714008207636 0
-0.09323695533480855 0.0148492510259545 0
0.0008133880519332217 1e-05 0
0.0006504341193976648 2.000000000000001e-05 0
0.0006504341193976648 1e-05 0
0.0008133880519332217 3.25e-05 0
0.0006504341193976648 4.500000000000001e-05 0
0.0006504341193976648 3.25e-05 0
0.0008133880519332217 6.062500000000001e-05 0
0.0006504341193976648 7.625000000000001e-05 0
0.0006504341193976648 6.062500000000001e-05 0
0.0008133880519332217 9.578125000000001e-05 0
0.0006504341193976648 0.0001153125 0
0.0006504341193976648 9.578125000000001e-05 0
0.0008133880519332217 0.0001397265625 0
0.0006504341193976648 0.000164140625 0
0.0006504341193976648 0.0001397265625 0
0.0008133880519332217 0.0001946582031250001 0
0.0006504341193976648 0.00022517578125 0
0.0006504341193976648 0.0001946582031250001 0
0.0008133880519332217 0.0002633227539062501 0
0.0006504341193976648 0.0003014697265625 0
0.0006504341193976648 0.00026332275390625 0
0.0008133880519332217 0.0003491534423828126 0
0.0006504341193976648 0.0003968371582031251 0
0.0006504341193976648 0.0003491534423828125 0
0.0008133880519332217 0.0004564418029785157 0
0.0006504341193976648 0.0005160464477539063 0
0.0006504341193976648 0.0004564418029785157 0
0.0008133880519332217 0.0005905522537231446 0
0.0006504341193976648 0.0006650580596923828 0
0.0006504341193976648 0.0005905522537231445 0
0.0008133880519332217 0.0007581903171539309 0
0.0006504341193976648 0.0008513225746154786 0
0.0006504341193976648 0.0007581903171539309 0
0.0008133880519332217 0.0009677378964424136 0
0.0006504341193976648 0.001084153218269348 0
0.0006504341193976648 0.0009677378964424137 0
0.0008133880519332217 0.001229672370553017 0
0.0006504341193976648 0.001375191522836685 0
0.0006504341193976648 0.001229672370553017 0
0.0008133880519332217 0.001557090463191271 0
0.0006504341193976648 0.001738989403545857 0
0.0006504341193976648 0.001557090463191271 0
0.0008133880519332217 0.001966363078989089 0
0.0006504341193976648 0.002193736754432321 0
0.0006504341193976648 0.001966363078989089 0
0.0008133880519332217 0.002477953848736361 0
0.0006504341193976648 0.002762170943040401 0
0.0006504341193976648 0.002477953848736361 0
0.0008133880519332217 0.003117442310920451 0
0.0006504341193976648 0.003472713678800502 0
0.0006504341193976648 0.003117442310920451 0
0.0008133880519332217 0.003916802888650564 0
0.0006504341193976648 0.004360892098500627 0
0.0006504341193976648 0.003916802888650564 0
0.0008133880519332217 0.004916003610813205 0
0.0006504341193976648 0.005471115123125783 0
0.0006504341193976648 0.004916003610813205 0
0.0008133880519332217 0.006165004513516507 0
0.0006504341193976648 0.00685889390390723 0
0.0006504341193976648 0.006165004513516507 0
0.0008133880519332217 0.007726255641895633 0
0.0006504341193976648 0.008593617379884037 0
0.0006504341193976648 0.007726255641895633 0
0.0008133880519332217 0.009677819552369541 0
0.0006504341193976648 0.01076202172485505 0
0.0006504341193976648 0.009677819552369541 0
0.0008133880519332217 0.01211727444046193 0
0.0006504341193976648 0.01347252715606881 0
0.0006504341193976648 0.01211727444046193 0
0.0008133880519332217 0.01516659305057741 0
0.0006504341193976648 0.01686065894508601 0
0.0006504341193976648 0.01516659305057741 0
0.0008133880519332217 0.01897824131322176 0
0.0006504341193976648 0.02109582368135751 0
0.0006504341193976648 0.01897824131322176 0
0.0008133880519332217 0.0237428016415272 0
0.0006504341193976648 0.02638977960169689 0
0.0006504341193976648 0.0237428016415272 0
0.0008133880519332217 0.029698502051909 0
0.0006504341193976648 0.03300722450212111 0
0.0006504341193976648 0.029698502051909 0
0.0008133880519332217 0.03714312756488625 0
0.0006504341193976648 0.04127903062765138 0
0.0006504341193976648 0.03714312756488625 0
0.0008133880519332217 0.04644890945610781 0
0.0006504341193976648 0.04644890945610781 0
0.001210220880419001 1e-05 0
0.001011804466176111 2.000000000000001e-05 0
0.001011804466176111 1e-05 0
0.001210220880419001 3.25e-05 0
0.001011804466176111 4.500000000000001e-05 0
0.001011804466176111 3.25e-05 0
0.001210220880419001 6.062500000000001e-05 0
0.001011804466176111 7.625000000000001e-05 0
0.001011804466176111 6.062500000000001e-05 0
0.001210220880419001 9.578125000000001e-05 0
0.001011804466176111 0.0001153125 0
0.001011804466176111 9.578125000000001e-05 0
0.001210220880419001 0.0001397265625 0
0.001011804466176111 0.000164140625 0
0.001011804466176111 0.0001397265625 0
0.001210220880419001 0.000194658203125 0
0.001011804466176111 0.00022517578125 0
0.001011804466176111 0.0001946582031250001 0
0.001210220880419001 0.00026332275390625 0
0.001011804466176111 0.0003014697265625 0
0.001011804466176111 0.00026332275390625 0
0.001210220880419001 0.0003491534423828125 0
0.001011804466176111 0.0003968371582031251 0
0.001011804466176111 0.0003491534423828126 0
0.001210220880419001 0.0004564418029785156 0
0.001011804466176111 0.0005160464477539063 0
0.001011804466176111 0.0004564418029785156 0
0.001210220880419001 0.0005905522537231445 0
0.001011804466176111 0.0006650580596923828 0
0.001011804466176111 0.0005905522537231445 0
0.001210220880419001 0.0007581903171539307 0
0.001011804466176111 0.0008513225746154786 0
0.001011804466176111 0.0007581903171539307 0
0.001210220880419001 0.0009677378964424133 0
0.001011804466176111 0.001084153218269348 0
0.001011804466176111 0.0009677378964424134 0
0.001210220880419001 0.001229672370553017 0
0.001011804466176111 0.001375191522836685 0
0.001011804466176111 0.001229672370553017 0
0.001210220880419001 0.001557090463191271 0
0.001011804466176111 0.001738989403545857 0
0.001011804466176111 0.001557090463191271 0
0.001210220880419001 0.001966363078989089 0
0.001011804466176111 0.002193736754432321 0
0.001011804466176111 0.001966363078989089 0
0.001210220880419001 0.002477953848736361 0
0.001011804466176111 0.002762170943040401 0
0.001011804466176111 0.002477953848736361 0
0.001210220880419001 0.003117442310920451 0
0.001011804466176111 0.003472713678800502 0
0.001011804466176111 0.003117442310920451 0
0.001210220880419001 0.003916802888650564 0
0.001011804466176111 0.004360892098500627 0
0.001011804466176111 0.003916802888650564 0
0.001210220880419001 0.004916003610813205 0
0.001011804466176111 0.005471115123125783 0
0.001011804466176111 0.004916003610813205 0
0.001210220880419001 0.006165004513516506 0
0.001011804466176111 0.00685889390390723 0
0.001011804466176111 0.006165004513516506 0
0.001210220880419001 0.007726255641895633 0
0.001011804466176111 0.008593617379884037 0
0.001011804466176111 0.007726255641895633 0
0.001210220880419001 0.009677819552369541 0
0.001011804466176111 0.01076202172485505 0
0.001011804466176111 0.009677819552369541 0
0.001210220880419001 0.01211727444046193 0
0.001011804466176111 0.01347252715606881 0
0.001011804466176111 0.01211727444046193 0
0.001210220880419001 0.01516659305057741 0
0.001011804466176111 0.01686065894508601 0
0.001011804466176111 0.01516659305057741 0
0.001210220880419001 0.01897824131322176 0
0.001011804466176111 0.02109582368135751 0
0.001011804466176111 0.01897824131322176 0
0.001210220880419001 0.0237428016415272 0
0.001011804466176111 0.02638977960169689 0
0.001011804466176111 0.0237428016415272 0
0.001210220880419001 0.029698502051909 0
0.001011804466176111 0.03300722450212111 0
0.001011804466176111 0.029698502051909 0
0.001210220880419001 0.03714312756488625 0
0.001011804466176111 0.04127903062765138 0
0.001011804466176111 0.03714312756488625 0
0.001210220880419001 0.04644890945610781 0
0.001011804466176111 0.04644890945610781 0
0.001693413660203942 9.999999999999999e-06 0
0.001451817270311472 2e-05 0
0.001451817270311472 9.999999999999999e-06 0
0.001693413660203942 3.25e-05 0
0.001451817270311472 4.5e-05 0
0.001451817270311472 3.25e-05 0
0.001693413660203942 6.0625e-05 0
0.001451817270311472 7.625000000000001e-05 0
0.001451817270311472 6.0625e-05 0
0.001693413660203942 9.578125e-05 0
0.001451817270311472 0.0001153125 0
0.001451817270311472 9.578125e-05 0
0.001693413660203942 0.0001397265625 0
0.001451817270311472 0.000164140625 0
0.001451817270311472 0.0001397265625 0
0.001693413660203942 0.000194658203125 0
0.001451817270311472 0.00022517578125 0
0.001451817270311472 0.000194658203125 0
0.001693413660203942 0.00026332275390625 0
0.001451817270311472 0.0003014697265625 0
0.001451817270311472 0.00026332275390625 0
0.001693413660203942 0.0003491534423828125 0
0.001451817270311472 0.000396837158203125 0
0.001451817270311472 0.0003491534423828125 0
0.001693413660203942 0.0004564418029785156 0
0.001451817270311472 0.0005160464477539063 0
0.001451817270311472 0.0004564418029785156 0
0.001693413660203942 0.0005905522537231445 0
0.001451817270311472 0.0006650580596923828 0
0.001451817270311472 0.0005905522537231445 0
0.001693413660203942 0.0007581903171539307 0
0.001451817270311472 0.0008513225746154785 0
0.001451817270311472 0.0007581903171539307 0
0.001693413660203942 0.0009677378964424133 0
0.001451817270311472 0.001084153218269348 0
0.001451817270311472 0.0009677378964424133 0
0.001693413660203942 0.001229672370553017 0
0.001451817270311472 0.001375191522836685 0
0.001451817270311472 0.001229672370553017 0
0.001693413660203942 0.001557090463191271 0
0.001451817270311472 0.001738989403545856 0
0.001451817270311472 0.001557090463191271 0
0.001693413660203942 0.001966363078989088 0
0.001451817270311472 0.00219373675443232 0
0.001451817270311472 0.001966363078989088 0
0.001693413660203942 0.00247795384873636 0
0.001451817270311472 0.002762170943040401 0
0.001451817270311472 0.00247795384873636 0
0.001693413660203942 0.003117442310920451 0
0.001451817270311472 0.003472713678800501 0
0.001451817270311472 0.003117442310920451 0
0.001693413660203942 0.003916802888650563 0
0.001451817270311472 0.004360892098500626 0
0.001451817270311472 0.003916802888650563 0
0.001693413660203942 0.004916003610813204 0
0.001451817270311472 0.005471115123125782 0
0.001451817270311472 0.004916003610813204 0
0.001693413660203942 0.006165004513516505 0
0.001451817270311472 0.006858893903907228 0
0.001451817270311472 0.006165004513516505 0
0.001693413660203942 0.007726255641895632 0
0.001451817270311472 0.008593617379884035 0
0.001451817270311472 0.007726255641895633 0
0.001693413660203942 0.00967781955236954 0
0.001451817270311472 0.01076202172485504 0
0.001451817270311472 0.00967781955236954 0
0.001693413660203942 0.01211727444046192 0
0.001451817270311472 0.01347252715606881 0
0.001451817270311472 0.01211727444046192 0
0.001693413660203942 0.01516659305057741 0
0.001451817270311472 0.01686065894508601 0
0.001451817270311472 0.01516659305057741 0
0.001693413660203942 0.01897824131322176 0
0.001451817270311472 0.02109582368135751 0
0.001451817270311472 0.01897824131322176 0
0.001693413660203942 0.0237428016415272 0
0.001451817270311472 0.02638977960169689 0
0.001451817270311472 0.0237428016415272 0
0.001693413660203942 0.029698502051909 0
0.001451817270311472 0.03300722450212111 0
0.001451817270311472 0.029698502051909 0
0.001693413660203942 0.03714312756488625 0
0.001451817270311472 0.04127903062765138 0
0.001451817270311472 0.03714312756488625 0
0.001693413660203942 0.04644890945610781 0
0.001451817270311472 0.04644890945610781 0
0.002281760263134142 1e-05 0
0.001987586961669042 2e-05 0
0.001987586961669042 1e-05 0
0.002281760263134142 3.25e-05 0
0.001987586961669042 4.5e-05 0
0.001987586961669042 3.25e-05 0
0.002281760263134142 6.062500000000001e-05 0
0.001987586961669042 7.625000000000001e-05 0
0.001987586961669042 6.062500000000002e-05 0
0.002281760263134142 9.578125000000001e-05 0
0.001987586961669042 0.0001153125 0
0.001987586961669042 9.578125000000001e-05 0
0.002281760263134142 0.0001397265625 0
0.001987586961669042 0.000164140625 0
0.001987586961669042 0.0001397265625 0
0.002281760263134142 0.0001946582031250001 0
0.001987586961669042 0.00022517578125 0
0.001987586961669042 0.000194658203125 0
0.002281760263134142 0.0002633227539062501 0
0.001987586961669042 0.0003014697265625 0
0.001987586961669042 0.00026332275390625 0
0.002281760263134142 0.0003491534423828126 0
0.001987586961669042 0.0003968371582031251 0
0.001987586961669042 0.0003491534423828125 0
0.002281760263134142 0.0004564418029785157 0
0.001987586961669042 0.0005160464477539063 0
0.001987586961669042 0.0004564418029785157 0
0.002281760263134142 0.0005905522537231446 0
0.001987586961669042 0.0006650580596923828 0
0.001987586961669042 0.0005905522537231445 0
0.002281760263134142 0.0007581903171539309 0
0.001987586961669042 0.0008513225746154786 0
0.001987586961669042 0.0007581903171539309 0
0.002281760263134142 0.0009677378964424136 0
0.001987586961669042 0.001084153218269348 0
0.001987586961669042 0.0009677378964424137 0
0.002281760263134142 0.001229672370553017 0
0.001987586961669042 0.001375191522836685 0
0.001987586961669042 0.001229672370553017 0
0.002281760263134142 0.001557090463191271 0
0.001987586961669042 0.001738989403545857 0
0.001987586961669042 0.001557090463191271 0
0.002281760263134142 0.001966363078989089 0
0.001987586961669042 0.00219373675443232 0
0.001987586961669042 0.001966363078989088 0
0.002281760263134142 0.002477953848736361 0
0.001987586961669042 0.002762170943040401 0
0.001987586961669042 0.00247795384873636 0
0.002281760263134142 0.003117442310920451 0
0.001987586961669042 0.003472713678800501 0
0.001987586961669042 0.003117442310920451 0
0.002281760263134142 0.003916802888650564 0
0.001987586961669042 0.004360892098500626 0
0.001987586961669042 0.003916802888650563 0
0.002281760263134142 0.004916003610813205 0
0.001987586961669042 0.005471115123125782 0
0.001987586961669042 0.004916003610813204 0
0.002281760263134142 0.006165004513516507 0
0.001987586961669042 0.006858893903907229 0
0.001987586961669042 0.006165004513516505 0
0.002281760263134142 0.007726255641895633 0
0.001987586961669042 0.008593617379884035 0
0.001987586961669042 0.007726255641895633 0
0.002281760263134142 0.009677819552369541 0
0.001987586961669042 0.01076202172485504 0
0.001987586961669042 0.00967781955236954 0
0.002281760263134142 0.01211727444046193 0
0.001987586961669042 0.01347252715606881 0
0.001987586961669042 0.01211727444046193 0
0.002281760263134142 0.01516659305057741 0
0.001987586961669042 0.01686065894508601 0
0.001987586961669042 0.01516659305057741 0
0.002281760263134142 0.01897824131322176 0
0.001987586961669042 0.02109582368135751 0
0.001987586961669042 0.01897824131322176 0
0.002281760263134142 0.0237428016415272 0
0.001987586961669042 0.02638977960169689 0
0.001987586961669042 0.0237428016415272 0
0.002281760263134142 0.029698502051909 0
0.001987586961669042 0.03300722450212111 0
0.001987586961669042 0.029698502051909 0
0.002281760263134142 0.03714312756488625 0
0.001987586961669042 0.04127903062765138 0
0.001987586961669042 0.03714312756488625 0
0.002281760263134142 0.04644890945610781 0
0.001987586961669042 0.04644890945610781 0
0.002998144332975158 1e-05 0
0.00263995229805465 2.000000000000001e-05 0
0.00263995229805465 1e-05 0
0.002998144332975158 3.25e-05 0
0.00263995229805465 4.500000000000001e-05 0
0.00263995229805465 3.25e-05 0
0.002998144332975158 6.062500000000001e-05 0
0.00263995229805465 7.625000000000001e-05 0
0.00263995229805465 6.062500000000001e-05 0
0.002998144332975158 9.578125000000001e-05 0
0.00263995229805465 0.0001153125 0
0.00263995229805465 9.578125000000001e-05 0
0.002998144332975158 0.0001397265625 0
0.00263995229805465 0.000164140625 0
0.00263995229805465 0.0001397265625 0
0.002998144332975158 0.000194658203125 0
0.00263995229805465 0.00022517578125 0
0.00263995229805465 0.0001946582031250001 0
0.002998144332975158 0.00026332275390625 0
0.00263995229805465 0.0003014697265625 0
0.00263995229805465 0.00026332275390625 0
0.002998144332975158 0.0003491534423828125 0
0.00263995229805465 0.0003968371582031251 0
0.00263995229805465 0.0003491534423828126 0
0.002998144332975158 0.0004564418029785156 0
0.00263995229805465 0.0005160464477539063 0
0.00263995229805465 0.0004564418029785156 0
0.002998144332975158 0.0005905522537231445 0
0.00263995229805465 0.0006650580596923828 0
0.00263995229805465 0.0005905522537231445 0
0.002998144332975158 0.0007581903171539307 0
0.00263995229805465 0.0008513225746154786 0
0.00263995229805465 0.0007581903171539307 0
0.002998144332975158 0.0009677378964424133 0
0.00263995229805465 0.001084153218269348 0
0.00263995229805465 0.0009677378964424134 0
0.002998144332975158 0.001229672370553017 0
0.00263995229805465 0.001375191522836685 0
0.00263995229805465 0.001229672370553017 0
0.002998144332975158 0.001557090463191271 0
0.00263995229805465 0.001738989403545857 0
0.00263995229805465 0.001557090463191271 0
0.002998144332975158 0.001966363078989089 0
0.00263995229805465 0.002193736754432321 0
0.00263995229805465 0.001966363078989089 0
0.002998144332975158 0.002477953848736361 0
0.00263995229805465 0.002762170943040401 0
0.00263995229805465 0.002477953848736361 0
0.002998144332975158 0.003117442310920451 0
0.00263995229805465 0.003472713678800502 0
0.00263995229805465 0.003117442310920451 0
0.002998144332975158 0.003916802888650564 0
0.00263995229805465 0.004360892098500627 0
0.00263995229805465 0.003916802888650564 0
0.002998144332975158 0.004916003610813205 0
0.00263995229805465 0.005471115123125783 0
0.00263995229805465 0.004916003610813205 0
0.002998144332975158 0.006165004513516506 0
0.00263995229805465 0.00685889390390723 0
0.00263995229805465 0.006165004513516506 0
0.002998144332975158 0.007726255641895633 0
0.00263995229805465 0.008593617379884037 0
0.00263995229805465 0.007726255641895633 0
0.002998144332975158 0.009677819552369541 0
0.00263995229805465 0.01076202172485505 0
0.00263995229805465 0.009677819552369541 0
0.002998144332975158 0.01211727444046193 0
0.00263995229805465 0.01347252715606881 0
0.00263995229805465 0.01211727444046193 0
0.002998144332975158 0.01516659305057741 0
0.00263995229805465 0.01686065894508601 0
0.00263995229805465 0.01516659305057741 0
0.002998144332975158 0.01897824131322176 0
0.00263995229805465 0.02109582368135751 0
0.00263995229805465 0.01897824131322176 0
0.002998144332975158 0.0237428016415272 0
0.00263995229805465 0.02638977960169689 0
0.00263995229805465 0.0237428016415272 0
0.002998144332975158 0.029698502051909 0
0.00263995229805465 0.03300722450212111 0
0.00263995229805465 0.029698502051909 0
0.002998144332975158 0.03714312756488625 0
0.00263995229805465 0.04127903062765138 0
0.00263995229805465 0.03714312756488625 0
0.002998144332975158 0.04644890945610781 0
0.00263995229805465 0.04644890945610781 0
0.003870430053487213 1e-05 0
0.003434287193231185 2e-05 0
0.003434287193231185 1e-05 0
0.003870430053487213 3.25e-05 0
0.003434287193231185 4.5e-05 0
0.003434287193231185 3.25e-05 0
0.003870430053487213 6.062500000000001e-05 0
0.003434287193231185 7.625000000000001e-05 0
0.003434287193231185 6.062500000000001e-05 0
0.003870430053487213 9.578125000000001e-05 0
0.003434287193231185 0.0001153125 0
0.003434287193231185 9.578125000000001e-05 0
0.003870430053487213 0.0001397265625 0
0.003434287193231185 0.000164140625 0
0.003434287193231185 0.0001397265625 0
0.003870430053487213 0.000194658203125 0
0.003434287193231185 0.00022517578125 0
0.003434287193231185 0.000194658203125 0
0.003870430053487213 0.00026332275390625 0
0.003434287193231185 0.0003014697265625 0
0.003434287193231185 0.00026332275390625 0
0.003870430053487213 0.0003491534423828125 0
0.003434287193231185 0.000396837158203125 0
0.003434287193231185 0.0003491534423828125 0
0.003870430053487213 0.0004564418029785156 0
0.003434287193231185 0.0005160464477539063 0
0.003434287193231185 0.0004564418029785156 0
0.003870430053487213 0.0005905522537231445 0
0.003434287193231185 0.0006650580596923828 0
0.003434287193231185 0.0005905522537231445 0
0.003870430053487213 0.0007581903171539307 0
0.003434287193231185 0.0008513225746154785 0
0.003434287193231185 0.0007581903171539307 0
0.003870430053487213 0.0009677378964424133 0
0.003434287193231185 0.001084153218269348 0
0.003434287193231185 0.0009677378964424133 0
0.003870430053487213 0.001229672370553017 0
0.003434287193231185 0.001375191522836685 0
0.003434287193231185 0.001229672370553017 0
0.003870430053487213 0.001557090463191271 0
0.003434287193231185 0.001738989403545856 0
0.003434287193231185 0.001557090463191271 0
0.003870430053487213 0.001966363078989089 0
0.003434287193231185 0.002193736754432321 0
0.003434287193231185 0.001966363078989088 0
0.003870430053487213 0.002477953848736361 0
0.003434287193231185 0.002762170943040401 0
0.003434287193231185 0.002477953848736361 0
0.003870430053487213 0.003117442310920451 0
0.003434287193231185 0.003472713678800501 0
0.003434287193231185 0.003117442310920451 0
0.003870430053487213 0.003916802888650564 0
0.003434287193231185 0.004360892098500627 0
0.003434287193231185 0.003916802888650563 0
0.003870430053487213 0.004916003610813205 0
0.003434287193231185 0.005471115123125783 0
0.003434287193231185 0.004916003610813205 0
0.003870430053487213 0.006165004513516506 0
0.003434287193231185 0.006858893903907229 0
0.003434287193231185 0.006165004513516506 0
0.003870430053487213 0.007726255641895633 0
0.003434287193231185 0.008593617379884037 0
0.003434287193231185 0.007726255641895633 0
0.003870430053487213 0.009677819552369541 0
0.003434287193231185 0.01076202172485505 0
0.003434287193231185 0.009677819552369541 0
0.003870430053487213 0.01211727444046193 0
0.003434287193231185 0.01347252715606881 0
0.003434287193231185 0.01211727444046193 0
0.003870430053487213 0.01516659305057741 0
0.003434287193231185 0.01686065894508601 0
0.003434287193231185 0.01516659305057741 0
0.003870430053487213 0.01897824131322176 0
0.003434287193231185 0.02109582368135751 0
0.003434287193231185 0.01897824131322176 0
0.003870430053487213 0.0237428016415272 0
0.003434287193231185 0.02638977960169689 0
0.003434287193231185 0.0237428016415272 0
0.003870430053487213 0.029698502051909 0
0.003434287193231185 0.03300722450212111 0
0.003434287193231185 0.029698502051909 0
0.003870430053487213 0.03714312756488625 0
0.003434287193231185 0.04127903062765138 0
0.003434287193231185 0.03714312756488625 0
0.003870430053487213 0.04644890945610781 0
0.003434287193231185 0.04644890945610781 0
0.004932545009102346 1e-05 0
0.00440148753129478 2e-05 0
0.004401487531294779 1e-05 0
0.004932545009102346 3.25e-05 0
0.00440148753129478 4.5e-05 0
0.00440148753129478 3.25e-05 0
0.004932545009102346 6.062500000000001e-05 0
0.00440148753129478 7.625000000000001e-05 0
0.00440148753129478 6.062500000000001e-05 0
0.004932545009102346 9.578125000000001e-05 0
0.00440148753129478 0.0001153125 0
0.00440148753129478 9.578125000000001e-05 0
0.004932545009102346 0.0001397265625 0
0.00440148753129478 0.000164140625 0
0.00440148753129478 0.0001397265625 0
0.004932545009102346 0.000194658203125 0
0.00440148753129478 0.00022517578125 0
0.00440148753129478 0.000194658203125 0
0.004932545009102346 0.00026332275390625 0
0.00440148753129478 0.0003014697265625 0
0.00440148753129478 0.00026332275390625 0
0.004932545009102346 0.0003491534423828125 0
0.00440148753129478 0.000396837158203125 0
0.00440148753129478 0.0003491534423828125 0
0.004932545009102346 0.0004564418029785156 0
0.00440148753129478 0.0005160464477539063 0
0.00440148753129478 0.0004564418029785156 0
0.004932545009102346 0.0005905522537231445 0
0.00440148753129478 0.0006650580596923828 0
0.00440148753129478 0.0005905522537231445 0
0.004932545009102346 0.0007581903171539307 0
0.00440148753129478 0.0008513225746154785 0
0.00440148753129478 0.0007581903171539307 0
0.004932545009102346 0.0009677378964424133 0
0.00440148753129478 0.001084153218269348 0
0.00440148753129478 0.0009677378964424133 0
0.004932545009102346 0.001229672370553017 0
0.00440148753129478 0.001375191522836685 0
0.00440148753129478 0.001229672370553017 0
0.004932545009102346 0.001557090463191271 0
0.00440148753129478 0.001738989403545856 0
0.00440148753129478 0.001557090463191271 0
0.004932545009102346 0.001966363078989089 0
0.00440148753129478 0.002193736754432321 0
0.00440148753129478 0.001966363078989088 0
0.004932545009102346 0.002477953848736361 0
0.00440148753129478 0.002762170943040401 0
0.00440148753129478 0.002477953848736361 0
0.004932545009102346 0.003117442310920451 0
0.00440148753129478 0.003472713678800501 0
0.00440148753129478 0.003117442310920451 0
0.004932545009102346 0.003916802888650564 0
0.00440148753129478 0.004360892098500627 0
0.00440148753129478 0.003916802888650563 0
0.004932545009102346 0.004916003610813205 0
0.00440148753129478 0.005471115123125783 0
0.00440148753129478 0.004916003610813205 0
0.004932545009102346 0.006165004513516506 0
0.00440148753129478 0.006858893903907229 0
0.00440148753129478 0.006165004513516506 0
0.004932545009102346 0.007726255641895633 0
0.00440148753129478 0.008593617379884037 0
0.00440148753129478 0.007726255641895633 0
0.004932545009102346 0.009677819552369541 0
0.00440148753129478 0.01076202172485505 0
0.00440148753129478 0.009677819552369541 0
0.004932545009102346 0.01211727444046193 0
0.00440148753129478 0.01347252715606881 0
0.00440148753129478 0.01211727444046193 0
0.004932545009102346 0.01516659305057741 0
0.00440148753129478 0.01686065894508601 0
0.00440148753129478 0.01516659305057741 0
0.004932545009102346 0.01897824131322176 0
0.00440148753129478 0.02109582368135751 0
0.00440148753129478 0.01897824131322176 0
0.004932545009102346 0.0237428016415272 0
0.00440148753129478 0.02638977960169689 0
0.00440148753129478 0.0237428016415272 0
0.004932545009102346 0.029698502051909 0
0.00440148753129478 0.03300722450212111 0
0.00440148753129478 0.029698502051909 0
0.004932545009102346 0.03714312756488625 0
0.00440148753129478 0.04127903062765138 0
0.00440148753129478 0.03714312756488625 0
0.004932545009102346 0.04644890945610781 0
0.00440148753129478 0.04644890945610781 0
0.04156029629315559 1e-05 0
0.03775604319582127 2.000000000000001e-05 0
0.03395179009848695 1e-05 0
0.03775604319582127 1e-05 0
0.04156029629315559 3.25e-05 0
0.03775604319582127 4.500000000000001e-05 0
0.03395179009848695 3.25e-05 0
0.03775604319582127 3.25e-05 0
0.04156029629315559 6.062500000000001e-05 0
0.03775604319582127 7.625000000000001e-05 0
0.03395179009848695 6.062500000000001e-05 0
0.03775604319582127 6.062500000000001e-05 0
0.04156029629315559 9.578125000000001e-05 0
0.03775604319582127 0.0001153125 0
0.03395179009848695 9.578125000000001e-05 0
0.03775604319582127 9.578125000000001e-05 0
0.04156029629315559 0.0001397265625 0
0.03775604319582127 0.000164140625 0
0.03395179009848695 0.0001397265625 0
0.03775604319582127 0.0001397265625 0
0.04156029629315559 0.000194658203125 0
0.03775604319582127 0.00022517578125 0
0.03395179009848695 0.0001946582031250001 0
0.03775604319582127 0.0001946582031250001 0
0.04156029629315559 0.00026332275390625 0
0.03775604319582127 0.0003014697265625 0
0.03395179009848695 0.0002633227539062501 0
0.03775604319582127 0.00026332275390625 0
0.04156029629315559 0.0003491534423828125 0
0.03775604319582127 0.0003968371582031251 0
0.03395179009848695 0.0003491534423828126 0
0.03775604319582127 0.0003491534423828126 0
0.04156029629315559 0.0004564418029785156 0
0.03775604319582127 0.0005160464477539063 0
0.03395179009848695 0.0004564418029785157 0
0.03775604319582127 0.0004564418029785156 0
0.04156029629315559 0.0005905522537231445 0
0.03775604319582127 0.0006650580596923828 0
0.03395179009848695 0.0005905522537231446 0
0.03775604319582127 0.0005905522537231445 0
0.04156029629315559 0.0007581903171539307 0
0.03775604319582127 0.0008513225746154786 0
0.03395179009848695 0.0007581903171539309 0
0.03775604319582127 0.0007581903171539307 0
0.04156029629315559 0.0009677378964424133 0
0.03775604319582127 0.001084153218269348 0
0.03395179009848695 0.0009677378964424136 0
0.03775604319582127 0.0009677378964424134 0
0.04156029629315559 0.001229672370553017 0
0.03775604319582127 0.001375191522836685 0
0.03395179009848695 0.001229672370553017 0
0.03775604319582127 0.001229672370553017 0
0.04156029629315559 0.001557090463191271 0
0.03775604319582127 0.001738989403545857 0
0.03395179009848695 0.001557090463191271 0
0.03775604319582127 0.001557090463191271 0
0.04156029629315559 0.001966363078989089 0
0.03775604319582127 0.002193736754432321 0
0.03395179009848695 0.001966363078989089 0
0.03775604319582127 0.001966363078989089 0
0.04156029629315559 0.002477953848736361 0
0.03775604319582127 0.002762170943040401 0
0.03395179009848695 0.002477953848736361 0
0.03775604319582127 0.002477953848736361 0
0.04156029629315559 0.003117442310920451 0
0.03775604319582127 0.003472713678800502 0
0.03395179009848695 0.003117442310920451 0
0.03775604319582127 0.003117442310920451 0
0.04156029629315559 0.003916802888650564 0
0.03775604319582127 0.004360892098500627 0
0.03395179009848695 0.003916802888650564 0
0.03775604319582127 0.003916802888650564 0
0.04156029629315559 0.004916003610813205 0
0.03775604319582127 0.005471115123125783 0
0.03395179009848695 0.004916003610813205 0
0.03775604319582127 0.004916003610813205 0
0.04156029629315559 0.006165004513516506 0
0.03775604319582127 0.00685889390390723 0
0.03395179009848695 0.006165004513516507 0
0.03775604319582127 0.006165004513516506 0
0.04156029629315559 0.007726255641895633 0
0.03775604319582127 0.008593617379884037 0
0.03395179009848695 0.007726255641895633 0
0.03775604319582127 0.007726255641895633 0
0.04156029629315559 0.009677819552369541 0
0.03775604319582127 0.01076202172485505 0
0.03395179009848695 0.009677819552369541 0
0.03775604319582127 0.009677819552369541 0
0.04156029629315559 0.01211727444046193 0
0.03775604319582127 0.01347252715606881 0
0.03395179009848695 0.01211727444046193 0
0.03775604319582127 0.01211727444046193 0
0.04156029629315559 0.01516659305057741 0
0.03775604319582127 0.01686065894508601 0
0.03395179009848695 0.01516659305057741 0
0.03775604319582127 0.01516659305057741 0
0.04156029629315559 0.01897824131322176 0
0.03775604319582127 0.02109582368135751 0
0.03395179009848695 0.01897824131322176 0
0.03775604319582127 0.01897824131322176 0
0.04156029629315559 0.0237428016415272 0
0.03775604319582127 0.02638977960169689 0
0.03395179009848695 0.0237428016415272 0
0.03775604319582127 0.0237428016415272 0
0.04156029629315559 0.029698502051909 0
0.03775604319582127 0.03300722450212111 0
0.03395179009848695 0.029698502051909 0
0.03775604319582127 0.029698502051909 0
0.04156029629315559 0.03714312756488625 0
0.03775604319582127 0.04127903062765138 0
0.03395179009848695 0.03714312756488625 0
0.03775604319582127 0.03714312756488625 0
0.04156029629315559 0.04644890945610781 0
0.03395179009848695 0.04644890945610781 0
0.03775604319582127 0.04644890945610781 0
0.006225800500070907 9.999999999999999e-06 0
0.005579172754586626 2e-05 0
0.005579172754586626 9.999999999999999e-06 0
0.006225800500070907 3.25e-05 0
0.005579172754586626 4.5e-05 0
0.005579172754586626 3.25e-05 0
0.006225800500070907 6.0625e-05 0
0.005579172754586626 7.625000000000001e-05 0
0.005579172754586626 6.0625e-05 0
0.006225800500070907 9.578125e-05 0
0.005579172754586626 0.0001153125 0
0.005579172754586626 9.578125e-05 0
0.006225800500070907 0.0001397265625 0
0.005579172754586626 0.000164140625 0
0.005579172754586626 0.0001397265625 0
0.006225800500070907 0.000194658203125 0
0.005579172754586626 0.00022517578125 0
0.005579172754586626 0.000194658203125 0
0.006225800500070907 0.00026332275390625 0
0.005579172754586626 0.0003014697265625 0
0.005579172754586626 0.00026332275390625 0
0.006225800500070907 0.0003491534423828125 0
0.005579172754586626 0.000396837158203125 0
0.005579172754586626 0.0003491534423828125 0
0.006225800500070907 0.0004564418029785156 0
0.005579172754586626 0.0005160464477539063 0
0.005579172754586626 0.0004564418029785156 0
0.006225800500070907 0.0005905522537231445 0
0.005579172754586626 0.0006650580596923828 0
0.005579172754586626 0.0005905522537231445 0
0.006225800500070907 0.0007581903171539307 0
0.005579172754586626 0.0008513225746154785 0
0.005579172754586626 0.0007581903171539307 0
0.006225800500070907 0.0009677378964424133 0
0.005579172754586626 0.001084153218269348 0
0.005579172754586626 0.0009677378964424133 0
0.006225800500070907 0.001229672370553017 0
0.005579172754586626 0.001375191522836685 0
0.005579172754586626 0.001229672370553017 0
0.006225800500070907 0.001557090463191271 0
0.005579172754586626 0.001738989403545856 0
0.005579172754586626 0.001557090463191271 0
0.006225800500070907 0.001966363078989088 0
0.005579172754586626 0.00219373675443232 0
0.005579172754586626 0.001966363078989088 0
0.006225800500070907 0.00247795384873636 0
0.005579172754586626 0.002762170943040401 0
0.005579172754586626 0.00247795384873636 0
0.006225800500070907 0.003117442310920451 0
0.005579172754586626 0.003472713678800501 0
0.005579172754586626 0.003117442310920451 0
0.006225800500070907 0.003916802888650563 0
0.005579172754586626 0.004360892098500626 0
0.005579172754586626 0.003916802888650563 0
0.006225800500070907 0.004916003610813204 0
0.005579172754586626 0.005471115123125782 0
0.005579172754586626 0.004916003610813204 0
0.006225800500070907 0.006165004513516505 0
0.005579172754586626 0.006858893903907228 0
0.005579172754586626 0.006165004513516505 0
0.006225800500070907 0.007726255641895632 0
0.005579172754586626 0.008593617379884035 0
0.005579172754586626 0.007726255641895633 0
0.006225800500070907 0.00967781955236954 0
0.005579172754586626 0.01076202172485504 0
0.005579172754586626 0.00967781955236954 0
0.006225800500070907 0.01211727444046192 0
0.005579172754586626 0.01347252715606881 0
0.005579172754586626 0.01211727444046192 0
0.006225800500070907 0.01516659305057741 0
0.005579172754586626 0.01686065894508601 0
0.005579172754586626 0.01516659305057741 0
0.006225800500070907 0.01897824131322176 0
0.005579172754586626 0.02109582368135751 0
0.005579172754586626 0.01897824131322176 0
0.006225800500070907 0.0237428016415272 0
0.005579172754586626 0.02638977960169689 0
0.005579172754586626 0.0237428016415272 0
0.006225800500070907 0.029698502051909 0
0.005579172754586626 0.03300722450212111 0
0.005579172754586626 0.029698502051909 0
0.006225800500070907 0.03714312756488625 0
0.005579172754586626 0.04127903062765138 0
0.005579172754586626 0.03714312756488625 0
0.006225800500070907 0.04644890945610781 0
0.005579172754586626 0.04644890945610781 0
0.007800497917807923 1e-05 0
0.007013149208939414 2e-05 0
0.007013149208939414 1e-05 0
0.007800497917807923 3.25e-05 0
0.007013149208939414 4.5e-05 0
0.007013149208939414 3.25e-05 0
0.007800497917807923 6.062500000000001e-05 0
0.007013149208939414 7.625000000000001e-05 0
0.007013149208939414 6.062500000000002e-05 0
0.007800497917807923 9.578125000000001e-05 0
0.007013149208939414 0.0001153125 0
0.007013149208939414 9.578125000000001e-05 0
0.007800497917807923 0.0001397265625 0
0.007013149208939414 0.000164140625 0
0.007013149208939414 0.0001397265625 0
0.007800497917807923 0.0001946582031250001 0
0.007013149208939414 0.00022517578125 0
0.007013149208939414 0.000194658203125 0
0.007800497917807923 0.0002633227539062501 0
0.007013149208939414 0.0003014697265625 0
0.007013149208939414 0.00026332275390625 0
0.007800497917807923 0.0003491534423828126 0
0.007013149208939414 0.0003968371582031251 0
0.007013149208939414 0.0003491534423828125 0
0.007800497917807923 0.0004564418029785157 0
0.007013149208939414 0.0005160464477539063 0
0.007013149208939414 0.0004564418029785157 0
0.007800497917807923 0.0005905522537231446 0
0.007013149208939414 0.0006650580596923828 0
0.007013149208939414 0.0005905522537231445 0
0.007800497917807923 0.0007581903171539309 0
0.007013149208939414 0.0008513225746154786 0
0.007013149208939414 0.0007581903171539309 0
0.007800497917807923 0.0009677378964424136 0
0.007013149208939414 0.001084153218269348 0
0.007013149208939414 0.0009677378964424137 0
0.007800497917807923 0.001229672370553017 0
0.007013149208939414 0.001375191522836685 0
0.007013149208939414 0.001229672370553017 0
0.007800497917807923 0.001557090463191271 0
0.007013149208939414 0.001738989403545857 0
0.007013149208939414 0.001557090463191271 0
0.007800497917807923 0.001966363078989089 0
0.007013149208939414 0.00219373675443232 0
0.007013149208939414 0.001966363078989088 0
0.007800497917807923 0.002477953848736361 0
0.007013149208939414 0.002762170943040401 0
0.007013149208939414 0.00247795384873636 0
0.007800497917807923 0.003117442310920451 0
0.007013149208939414 0.003472713678800501 0
0.007013149208939414 0.003117442310920451 0
0.007800497917807923 0.003916802888650564 0
0.007013149208939414 0.004360892098500626 0
0.007013149208939414 0.003916802888650563 0
0.007800497917807923 0.004916003610813205 0
0.007013149208939414 0.005471115123125782 0
0.007013149208939414 0.004916003610813204 0
0.007800497917807923 0.006165004513516507 0
0.007013149208939414 0.006858893903907229 0
0.007013149208939414 0.006165004513516505 0
0.007800497917807923 0.007726255641895633 0
0.007013149208939414 0.008593617379884035 0
0.007013149208939414 0.007726255641895633 0
0.007800497917807923 0.009677819552369541 0
0.007013149208939414 0.01076202172485504 0
0.007013149208939414 0.00967781955236954 0
0.007800497917807923 0.01211727444046193 0
0.007013149208939414 0.01347252715606881 0
0.007013149208939414 0.01211727444046193 0
0.007800497917807923 0.01516659305057741 0
0.007013149208939414 0.01686065894508601 0
0.007013149208939414 0.01516659305057741 0
0.007800497917807923 0.01897824131322176 0
0.007013149208939414 0.02109582368135751 0
0.007013149208939414 0.01897824131322176 0
0.007800497917807923 0.0237428016415272 0
0.007013149208939414 0.02638977960169689 0
0.007013149208939414 0.0237428016415272 0
0.007800497917807923 0.029698502051909 0
0.007013149208939414 0.03300722450212111 0
0.007013149208939414 0.029698502051909 0
0.007800497917807923 0.03714312756488625 0
0.007013149208939414 0.04127903062765138 0
0.007013149208939414 0.03714312756488625 0
0.007800497917807923 0.04644890945610781 0
0.007013149208939414 0.04644890945610781 0
0.009717885479286283 1e-05 0
0.008759191698547103 2.000000000000001e-05 0
0.008759191698547103 1e-05 0
0.009717885479286283 3.25e-05 0
0.008759191698547103 4.500000000000001e-05 0
0.008759191698547103 3.25e-05 0
0.009717885479286283 6.062500000000001e-05 0
0.008759191698547103 7.625000000000001e-05 0
0.008759191698547103 6.062500000000001e-05 0
0.009717885479286283 9.578125000000001e-05 0
0.008759191698547103 0.0001153125 0
0.008759191698547103 9.578125000000001e-05 0
0.009717885479286283 0.0001397265625 0
0.008759191698547103 0.000164140625 0
0.008759191698547103 0.0001397265625 0
0.009717885479286283 0.000194658203125 0
0.008759191698547103 0.00022517578125 0
0.008759191698547103 0.0001946582031250001 0
0.009717885479286283 0.00026332275390625 0
0.008759191698547103 0.0003014697265625 0
0.008759191698547103 0.00026332275390625 0
0.009717885479286283 0.0003491534423828125 0
0.008759191698547103 0.0003968371582031251 0
0.008759191698547103 0.0003491534423828126 0
0.009717885479286283 0.0004564418029785156 0
0.008759191698547103 0.0005160464477539063 0
0.008759191698547103 0.0004564418029785156 0
0.009717885479286283 0.0005905522537231445 0
0.008759191698547103 0.0006650580596923828 0
0.008759191698547103 0.0005905522537231445 0
0.009717885479286283 0.0007581903171539307 0
0.008759191698547103 0.0008513225746154786 0
0.008759191698547103 0.0007581903171539307 0
0.009717885479286283 0.0009677378964424133 0
0.008759191698547103 0.001084153218269348 0
0.008759191698547103 0.0009677378964424134 0
0.009717885479286283 0.001229672370553017 0
0.008759191698547103 0.001375191522836685 0
0.008759191698547103 0.001229672370553017 0
0.009717885479286283 0.001557090463191271 0
0.008759191698547103 0.001738989403545857 0
0.008759191698547103 0.001557090463191271 0
0.009717885479286283 0.001966363078989089 0
0.008759191698547103 0.002193736754432321 0
0.008759191698547103 0.001966363078989089 0
0.009717885479286283 0.002477953848736361 0
0.008759191698547103 0.002762170943040401 0
0.008759191698547103 0.002477953848736361 0
0.009717885479286283 0.003117442310920451 0
0.008759191698547103 0.003472713678800502 0
0.008759191698547103 0.003117442310920451 0
0.009717885479286283 0.003916802888650564 0
0.008759191698547103 0.004360892098500627 0
0.008759191698547103 0.003916802888650564 0
0.009717885479286283 0.004916003610813205 0
0.008759191698547103 0.005471115123125783 0
0.008759191698547103 0.004916003610813205 0
0.009717885479286283 0.006165004513516506 0
0.008759191698547103 0.00685889390390723 0
0.008759191698547103 0.006165004513516506 0
0.009717885479286283 0.007726255641895633 0
0.008759191698547103 0.008593617379884037 0
0.008759191698547103 0.007726255641895633 0
0.009717885479286283 0.009677819552369541 0
0.008759191698547103 0.01076202172485505 0
0.008759191698547103 0.009677819552369541 0
0.009717885479286283 0.01211727444046193 0
0.008759191698547103 0.01347252715606881 0
0.008759191698547103 0.01211727444046193 0
0.009717885479286283 0.01516659305057741 0
0.008759191698547103 0.01686065894508601 0
0.008759191698547103 0.01516659305057741 0
0.009717885479286283 0.01897824131322176 0
0.008759191698547103 0.02109582368135751 0
0.008759191698547103 0.01897824131322176 0
0.009717885479286283 0.0237428016415272 0
0.008759191698547103 0.02638977960169689 0
0.008759191698547103 0.0237428016415272 0
0.009717885479286283 0.029698502051909 0
0.008759191698547103 0.03300722450212111 0
0.008759191698547103 0.029698502051909 0
0.009717885479286283 0.03714312756488625 0
0.008759191698547103 0.04127903062765138 0
0.008759191698547103 0.03714312756488625 0
0.009717885479286283 0.04644890945610781 0
0.008759191698547103 0.04644890945610781 0
0.01205254026866991 1e-05 0
0.0108852128739781 2e-05 0
0.0108852128739781 1e-05 0
0.01205254026866991 3.25e-05 0
0.0108852128739781 4.5e-05 0
0.0108852128739781 3.25e-05 0
0.01205254026866991 6.062500000000001e-05 0
0.0108852128739781 7.625000000000001e-05 0
0.0108852128739781 6.062500000000001e-05 0
0.01205254026866991 9.578125000000001e-05 0
0.0108852128739781 0.0001153125 0
0.0108852128739781 9.578125000000001e-05 0
0.01205254026866991 0.0001397265625 0
0.0108852128739781 0.000164140625 0
0.0108852128739781 0.0001397265625 0
0.01205254026866991 0.000194658203125 0
0.0108852128739781 0.00022517578125 0
0.0108852128739781 0.000194658203125 0
0.01205254026866991 0.00026332275390625 0
0.0108852128739781 0.0003014697265625 0
0.0108852128739781 0.00026332275390625 0
0.01205254026866991 0.0003491534423828125 0
0.0108852128739781 0.000396837158203125 0
0.0108852128739781 0.0003491534423828125 0
0.01205254026866991 0.0004564418029785156 0
0.0108852128739781 0.0005160464477539063 0
0.0108852128739781 0.0004564418029785156 0
0.01205254026866991 0.0005905522537231445 0
0.0108852128739781 0.0006650580596923828 0
0.0108852128739781 0.0005905522537231445 0
0.01205254026866991 0.0007581903171539307 0
0.0108852128739781 0.0008513225746154785 0
0.0108852128739781 0.0007581903171539307 0
0.01205254026866991 0.0009677378964424133 0
0.0108852128739781 0.001084153218269348 0
0.0108852128739781 0.0009677378964424133 0
0.01205254026866991 0.001229672370553017 0
0.0108852128739781 0.001375191522836685 0
0.0108852128739781 0.001229672370553017 0
0.01205254026866991 0.001557090463191271 0
0.0108852128739781 0.001738989403545856 0
0.0108852128739781 0.001557090463191271 0
0.01205254026866991 0.001966363078989089 0
0.0108852128739781 0.002193736754432321 0
0.0108852128739781 0.001966363078989088 0
0.01205254026866991 0.002477953848736361 0
0.0108852128739781 0.002762170943040401 0
0.0108852128739781 0.002477953848736361 0
0.01205254026866991 0.003117442310920451 0
0.0108852128739781 0.003472713678800501 0
0.0108852128739781 0.003117442310920451 0
0.01205254026866991 0.003916802888650564 0
0.0108852128739781 0.004360892098500627 0
0.0108852128739781 0.003916802888650563 0
0.01205254026866991 0.004916003610813205 0
0.0108852128739781 0.005471115123125783 0
0.0108852128739781 0.004916003610813205 0
0.01205254026866991 0.006165004513516506 0
0.0108852128739781 0.006858893903907229 0
0.0108852128739781 0.006165004513516506 0
0.01205254026866991 0.007726255641895633 0
0.0108852128739781 0.008593617379884037 0
0.0108852128739781 0.007726255641895633 0
0.01205254026866991 0.009677819552369541 0
0.0108852128739781 0.01076202172485505 0
0.0108852128739781 0.009677819552369541 0
0.01205254026866991 0.01211727444046193 0
0.0108852128739781 0.01347252715606881 0
0.0108852128739781 0.01211727444046193 0
0.01205254026866991 0.01516659305057741 0
0.0108852128739781 0.01686065894508601 0
0.0108852128739781 0.01516659305057741 0
0.01205254026866991 0.01897824131322176 0
0.0108852128739781 0.02109582368135751 0
0.0108852128739781 0.01897824131322176 0
0.01205254026866991 0.0237428016415272 0
0.0108852128739781 0.02638977960169689 0
0.0108852128739781 0.0237428016415272 0
0.01205254026866991 0.029698502051909 0
0.0108852128739781 0.03300722450212111 0
0.0108852128739781 0.029698502051909 0
0.01205254026866991 0.03714312756488625 0
0.0108852128739781 0.04127903062765138 0
0.0108852128739781 0.03714312756488625 0
0.01205254026866991 0.04644890945610781 0
0.0108852128739781 0.04644890945610781 0
0.01489526948128156 1e-05 0
0.01347390487497574 2e-05 0
0.01347390487497574 1e-05 0
0.01489526948128156 3.25e-05 0
0.01347390487497574 4.5e-05 0
0.01347390487497574 3.25e-05 0
0.01489526948128156 6.062500000000001e-05 0
0.01347390487497574 7.625000000000001e-05 0
0.01347390487497574 6.062500000000001e-05 0
0.01489526948128156 9.578125000000001e-05 0
0.01347390487497574 0.0001153125 0
0.01347390487497574 9.578125000000001e-05 0
0.01489526948128156 0.0001397265625 0
0.01347390487497574 0.000164140625 0
0.01347390487497574 0.0001397265625 0
0.01489526948128156 0.000194658203125 0
0.01347390487497574 0.00022517578125 0
0.01347390487497574 0.000194658203125 0
0.01489526948128156 0.00026332275390625 0
0.01347390487497574 0.0003014697265625 0
0.01347390487497574 0.00026332275390625 0
0.01489526948128156 0.0003491534423828125 0
0.01347390487497574 0.000396837158203125 0
0.01347390487497574 0.0003491534423828125 0
0.01489526948128156 0.0004564418029785156 0
0.01347390487497574 0.0005160464477539063 0
0.01347390487497574 0.0004564418029785156 0
0.01489526948128156 0.0005905522537231445 0
0.01347390487497574 0.0006650580596923828 0
0.01347390487497574 0.0005905522537231445 0
0.01489526948128156 0.0007581903171539307 0
0.01347390487497574 0.0008513225746154785 0
0.01347390487497574 0.0007581903171539307 0
0.01489526948128156 0.0009677378964424133 0
0.01347390487497574 0.001084153218269348 0
0.01347390487497574 0.0009677378964424133 0
0.01489526948128156 0.001229672370553017 0
0.01347390487497574 0.001375191522836685 0
0.01347390487497574 0.001229672370553017 0
0.01489526948128156 0.001557090463191271 0
0.01347390487497574 0.001738989403545856 0
0.01347390487497574 0.001557090463191271 0
0.01489526948128156 0.001966363078989089 0
0.01347390487497574 0.002193736754432321 0
0.01347390487497574 0.001966363078989088 0
0.01489526948128156 0.002477953848736361 0
0.01347390487497574 0.002762170943040401 0
0.01347390487497574 0.002477953848736361 0
0.01489526948128156 0.003117442310920451 0
0.01347390487497574 0.003472713678800501 0
0.01347390487497574 0.003117442310920451 0
0.01489526948128156 0.003916802888650564 0
0.01347390487497574 0.004360892098500627 0
0.01347390487497574 0.003916802888650563 0
0.01489526948128156 0.004916003610813205 0
0.01347390487497574 0.005471115123125783 0
0.01347390487497574 0.004916003610813205 0
0.01489526948128156 0.006165004513516506 0
0.01347390487497574 0.006858893903907229 0
0.01347390487497574 0.006165004513516506 0
0.01489526948128156 0.007726255641895633 0
0.01347390487497574 0.008593617379884037 0
0.01347390487497574 0.007726255641895633 0
0.01489526948128156 0.009677819552369541 0
0.01347390487497574 0.01076202172485505 0
0.01347390487497574 0.009677819552369541 0
0.01489526948128156 0.01211727444046193 0
0.01347390487497574 0.01347252715606881 0
0.01347390487497574 0.01211727444046193 0
0.01489526948128156 0.01516659305057741 0
0.01347390487497574 0.01686065894508601 0
0.01347390487497574 0.01516659305057741 0
0.01489526948128156 0.01897824131322176 0
0.01347390487497574 0.02109582368135751 0
0.01347390487497574 0.01897824131322176 0
0.01489526948128156 0.0237428016415272 0
0.01347390487497574 0.02638977960169689 0
0.01347390487497574 0.0237428016415272 0
0.01489526948128156 0.029698502051909 0
0.01347390487497574 0.03300722450212111 0
0.01347390487497574 0.029698502051909 0
0.01489526948128156 0.03714312756488625 0
0.01347390487497574 0.04127903062765138 0
0.01347390487497574 0.03714312756488625 0
0.01489526948128156 0.04644890945610781 0
0.01347390487497574 0.04644890945610781 0
0.01835664082989833 1e-05 0
0.01662595515558994 2.000000000000001e-05 0
0.01662595515558994 1e-05 0
0.01835664082989833 3.25e-05 0
0.01662595515558994 4.500000000000001e-05 0
0.01662595515558994 3.25e-05 0
0.01835664082989833 6.062500000000001e-05 0
0.01662595515558994 7.625000000000001e-05 0
0.01662595515558994 6.062500000000001e-05 0
0.01835664082989833 9.578125000000001e-05 0
0.01662595515558994 0.0001153125 0
0.01662595515558994 9.578125000000001e-05 0
0.01835664082989833 0.0001397265625 0
0.01662595515558994 0.000164140625 0
0.01662595515558994 0.0001397265625 0
0.01835664082989833 0.0001946582031250001 0
0.01662595515558994 0.00022517578125 0
0.01662595515558994 0.0001946582031250001 0
0.01835664082989833 0.0002633227539062501 0
0.01662595515558994 0.0003014697265625 0
0.01662595515558994 0.00026332275390625 0
0.01835664082989833 0.0003491534423828126 0
0.01662595515558994 0.0003968371582031251 0
0.01662595515558994 0.0003491534423828125 0
0.01835664082989833 0.0004564418029785157 0
0.01662595515558994 0.0005160464477539063 0
0.01662595515558994 0.0004564418029785157 0
0.01835664082989833 0.0005905522537231446 0
0.01662595515558994 0.0006650580596923828 0
0.01662595515558994 0.0005905522537231445 0
0.01835664082989833 0.0007581903171539309 0
0.01662595515558994 0.0008513225746154786 0
0.01662595515558994 0.0007581903171539309 0
0.01835664082989833 0.0009677378964424136 0
0.01662595515558994 0.001084153218269348 0
0.01662595515558994 0.0009677378964424137 0
0.01835664082989833 0.001229672370553017 0
0.01662595515558994 0.001375191522836685 0
0.01662595515558994 0.001229672370553017 0
0.01835664082989833 0.001557090463191271 0
0.01662595515558994 0.001738989403545857 0
0.01662595515558994 0.001557090463191271 0
0.01835664082989833 0.001966363078989089 0
0.01662595515558994 0.002193736754432321 0
0.01662595515558994 0.001966363078989089 0
0.01835664082989833 0.002477953848736361 0
0.01662595515558994 0.002762170943040401 0
0.01662595515558994 0.002477953848736361 0
0.01835664082989833 0.003117442310920451 0
0.01662595515558994 0.003472713678800502 0
0.01662595515558994 0.003117442310920451 0
0.01835664082989833 0.003916802888650564 0
0.01662595515558994 0.004360892098500627 0
0.01662595515558994 0.003916802888650564 0
0.01835664082989833 0.004916003610813205 0
0.01662595515558994 0.005471115123125783 0
0.01662595515558994 0.004916003610813205 0
0.01835664082989833 0.006165004513516507 0
0.01662595515558994 0.00685889390390723 0
0.01662595515558994 0.006165004513516507 0
0.01835664082989833 0.007726255641895633 0
0.01662595515558994 0.008593617379884037 0
0.01662595515558994 0.007726255641895633 0
0.01835664082989833 0.009677819552369541 0
0.01662595515558994 0.01076202172485505 0
0.01662595515558994 0.009677819552369541 0
0.01835664082989833 0.01211727444046193 0
0.01662595515558994 0.01347252715606881 0
0.01662595515558994 0.01211727444046193 0
0.01835664082989833 0.01516659305057741 0
0.01662595515558994 0.01686065894508601 0
0.01662595515558994 0.01516659305057741 0
0.01835664082989833 0.01897824131322176 0
0.01662595515558994 0.02109582368135751 0
0.01662595515558994 0.01897824131322176 0
0.01835664082989833 0.0237428016415272 0
0.01662595515558994 0.02638977960169689 0
0.01662595515558994 0.0237428016415272 0
0.01835664082989833 0.029698502051909 0
0.01662595515558994 0.03300722450212111 0
0.01662595515558994 0.029698502051909 0
0.01835664082989833 0.03714312756488625 0
0.01662595515558994 0.04127903062765138 0
0.01662595515558994 0.03714312756488625 0
0.01835664082989833 0.04644890945610781 0
0.01662595515558994 0.04644890945610781 0
0.02257128635043492 1e-05 0
0.02046396359016663 2.000000000000001e-05 0
0.02046396359016663 1e-05 0
0.02257128635043492 3.25e-05 0
0.02046396359016663 4.500000000000001e-05 0
0.02046396359016663 3.25e-05 0
0.02257128635043492 6.062500000000001e-05 0
0.02046396359016663 7.625000000000001e-05 0
0.02046396359016663 6.062500000000001e-05 0
0.02257128635043492 9.578125000000001e-05 0
0.02046396359016663 0.0001153125 0
0.02046396359016663 9.578125000000001e-05 0
0.02257128635043492 0.0001397265625 0
0.02046396359016663 0.000164140625 0
0.02046396359016663 0.0001397265625 0
0.02257128635043492 0.000194658203125 0
0.02046396359016663 0.00022517578125 0
0.02046396359016663 0.0001946582031250001 0
0.02257128635043492 0.00026332275390625 0
0.02046396359016663 0.0003014697265625 0
0.02046396359016663 0.00026332275390625 0
0.02257128635043492 0.0003491534423828125 0
0.02046396359016663 0.0003968371582031251 0
0.02046396359016663 0.0003491534423828126 0
0.02257128635043492 0.0004564418029785156 0
0.02046396359016663 0.0005160464477539063 0
0.02046396359016663 0.0004564418029785156 0
0.02257128635043492 0.0005905522537231445 0
0.02046396359016663 0.0006650580596923828 0
0.02046396359016663 0.0005905522537231445 0
0.02257128635043492 0.0007581903171539307 0
0.02046396359016663 0.0008513225746154786 0
0.02046396359016663 0.0007581903171539307 0
0.02257128635043492 0.0009677378964424133 0
0.02046396359016663 0.001084153218269348 0
0.02046396359016663 0.0009677378964424134 0
0.02257128635043492 0.001229672370553017 0
0.02046396359016663 0.001375191522836685 0
0.02046396359016663 0.001229672370553017 0
0.02257128635043492 0.001557090463191271 0
0.02046396359016663 0.001738989403545857 0
0.02046396359016663 0.001557090463191271 0
0.02257128635043492 0.001966363078989089 0
0.02046396359016663 0.002193736754432321 0
0.02046396359016663 0.001966363078989089 0
0.02257128635043492 0.002477953848736361 0
0.02046396359016663 0.002762170943040401 0
0.02046396359016663 0.002477953848736361 0
0.02257128635043492 0.003117442310920451 0
0.02046396359016663 0.003472713678800502 0
0.02046396359016663 0.003117442310920451 0
0.02257128635043492 0.003916802888650564 0
0.02046396359016663 0.004360892098500627 0
0.02046396359016663 0.003916802888650564 0
0.02257128635043492 0.004916003610813205 0
0.02046396359016663 0.005471115123125783 0
0.02046396359016663 0.004916003610813205 0
0.02257128635043492 0.006165004513516506 0
0.02046396359016663 0.00685889390390723 0
0.02046396359016663 0.006165004513516506 0
0.02257128635043492 0.007726255641895633 0
0.02046396359016663 0.008593617379884037 0
0.02046396359016663 0.007726255641895633 0
0.02257128635043492 0.009677819552369541 0
0.02046396359016663 0.01076202172485505 0
0.02046396359016663 0.009677819552369541 0
0.02257128635043492 0.01211727444046193 0
0.02046396359016663 0.01347252715606881 0
0.02046396359016663 0.01211727444046193 0
0.02257128635043492 0.01516659305057741 0
0.02046396359016663 0.01686065894508601 0
0.02046396359016663 0.01516659305057741 0
0.02257128635043492 0.01897824131322176 0
0.02046396359016663 0.02109582368135751 0
0.02046396359016663 0.01897824131322176 0
0.02257128635043492 0.0237428016415272 0
0.02046396359016663 0.02638977960169689 0
0.02046396359016663 0.0237428016415272 0
0.02257128635043492 0.029698502051909 0
0.02046396359016663 0.03300722450212111 0
0.02046396359016663 0.029698502051909 0
0.02257128635043492 0.03714312756488625 0
0.02046396359016663 0.04127903062765138 0
0.02046396359016663 0.03714312756488625 0
0.02257128635043492 0.04644890945610781 0
0.02046396359016663 0.04644890945610781 0
0.02770313531421807 1e-05 0
0.0251372108323265 2e-05 0
0.02513721083232649 1e-05 0
0.02770313531421807 3.25e-05 0
0.0251372108323265 4.5e-05 0
0.02513721083232649 3.25e-05 0
0.02770313531421807 6.062500000000001e-05 0
0.0251372108323265 7.625000000000001e-05 0
0.02513721083232649 6.062500000000001e-05 0
0.02770313531421807 9.578125000000001e-05 0
0.0251372108323265 0.0001153125 0
0.02513721083232649 9.578125000000001e-05 0
0.02770313531421807 0.0001397265625 0
0.0251372108323265 0.000164140625 0
0.02513721083232649 0.0001397265625 0
0.02770313531421807 0.000194658203125 0
0.0251372108323265 0.00022517578125 0
0.02513721083232649 0.000194658203125 0
0.02770313531421807 0.00026332275390625 0
0.0251372108323265 0.0003014697265625 0
0.02513721083232649 0.00026332275390625 0
0.02770313531421807 0.0003491534423828125 0
0.0251372108323265 0.000396837158203125 0
0.02513721083232649 0.0003491534423828125 0
0.02770313531421807 0.0004564418029785156 0
0.0251372108323265 0.0005160464477539063 0
0.02513721083232649 0.0004564418029785156 0
0.02770313531421807 0.0005905522537231445 0
0.0251372108323265 0.0006650580596923828 0
0.02513721083232649 0.0005905522537231445 0
0.02770313531421807 0.0007581903171539307 0
0.0251372108323265 0.0008513225746154785 0
0.02513721083232649 0.0007581903171539307 0
0.02770313531421807 0.0009677378964424133 0
0.0251372108323265 0.001084153218269348 0
0.02513721083232649 0.0009677378964424133 0
0.02770313531421807 0.001229672370553017 0
0.0251372108323265 0.001375191522836685 0
0.02513721083232649 0.001229672370553017 0
0.02770313531421807 0.001557090463191271 0
0.0251372108323265 0.001738989403545856 0
0.02513721083232649 0.001557090463191271 0
0.02770313531421807 0.001966363078989089 0
0.0251372108323265 0.002193736754432321 0
0.02513721083232649 0.001966363078989088 0
0.02770313531421807 0.002477953848736361 0
0.0251372108323265 0.002762170943040401 0
0.02513721083232649 0.002477953848736361 0
0.02770313531421807 0.003117442310920451 0
0.0251372108323265 0.003472713678800501 0
0.02513721083232649 0.003117442310920451 0
0.02770313531421807 0.003916802888650564 0
0.0251372108323265 0.004360892098500627 0
0.02513721083232649 0.003916802888650563 0
0.02770313531421807 0.004916003610813205 0
0.0251372108323265 0.005471115123125783 0
0.02513721083232649 0.004916003610813205 0
0.02770313531421807 0.006165004513516506 0
0.0251372108323265 0.006858893903907229 0
0.02513721083232649 0.006165004513516506 0
0.02770313531421807 0.007726255641895633 0
0.0251372108323265 0.008593617379884037 0
0.02513721083232649 0.007726255641895633 0
0.02770313531421807 0.009677819552369541 0
0.0251372108323265 0.01076202172485505 0
0.02513721083232649 0.009677819552369541 0
0.02770313531421807 0.01211727444046193 0
0.0251372108323265 0.01347252715606881 0
0.02513721083232649 0.01211727444046193 0
0.02770313531421807 0.01516659305057741 0
0.0251372108323265 0.01686065894508601 0
0.02513721083232649 0.01516659305057741 0
0.02770313531421807 0.01897824131322176 0
0.0251372108323265 0.02109582368135751 0
0.02513721083232649 0.01897824131322176 0
0.02770313531421807 0.0237428016415272 0
0.0251372108323265 0.02638977960169689 0
0.02513721083232649 0.0237428016415272 0
0.02770313531421807 0.029698502051909 0
0.0251372108323265 0.03300722450212111 0
0.02513721083232649 0.029698502051909 0
0.02770313531421807 0.03714312756488625 0
0.0251372108323265 0.04127903062765138 0
0.02513721083232649 0.03714312756488625 0
0.02770313531421807 0.04644890945610781 0
0.02513721083232649 0.04644890945610781 0
0.03082746270635251 2.000000000000001e-05 0
0.03082746270635275 1e-05 0
0.03082746270635251 4.500000000000001e-05 0
0.03082746270635251 3.25e-05 0
0.03082746270635251 7.625000000000001e-05 0
0.03082746270635251 6.062500000000001e-05 0
0.03082746270635251 0.0001153125 0
0.03082746270635251 9.578125000000001e-05 0
0.03082746270635251 0.000164140625 0
0.03082746270635251 0.0001397265625 0
0.03082746270635251 0.00022517578125 0
0.03082746270635251 0.0001946582031250001 0
0.03082746270635251 0.0003014697265625 0
0.03082746270635251 0.00026332275390625 0
0.03082746270635251 0.0003968371582031251 0
0.03082746270635251 0.0003491534423828125 0
0.03082746270635251 0.0005160464477539063 0
0.03082746270635251 0.0004564418029785157 0
0.03082746270635251 0.0006650580596923828 0
0.03082746270635251 0.0005905522537231445 0
0.03082746270635251 0.0008513225746154786 0
0.03082746270635251 0.0007581903171539309 0
0.03082746270635251 0.001084153218269348 0
0.03082746270635251 0.0009677378964424137 0
0.03082746270635251 0.001375191522836685 0
0.03082746270635251 0.001229672370553017 0
0.03082746270635251 0.001738989403545857 0
0.03082746270635251 0.001557090463191271 0
0.03082746270635251 0.002193736754432321 0
0.03082746270635251 0.001966363078989089 0
0.03082746270635251 0.002762170943040401 0
0.03082746270635251 0.002477953848736361 0
0.03082746270635251 0.003472713678800502 0
0.03082746270635251 0.003117442310920451 0
0.03082746270635251 0.004360892098500627 0
0.03082746270635251 0.003916802888650564 0
0.03082746270635251 0.005471115123125783 0
0.03082746270635251 0.004916003610813205 0
0.03082746270635251 0.00685889390390723 0
0.03082746270635251 0.006165004513516507 0
0.03082746270635251 0.008593617379884037 0
0.03082746270635251 0.007726255641895633 0
0.03082746270635251 0.01076202172485505 0
0.03082746270635251 0.009677819552369541 0
0.03082746270635251 0.01347252715606881 0
0.03082746270635251 0.01211727444046193 0
0.03082746270635251 0.01686065894508601 0
0.03082746270635251 0.01516659305057741 0
0.03082746270635251 0.02109582368135751 0
0.03082746270635251 0.01897824131322176 0
0.03082746270635251 0.02638977960169689 0
0.03082746270635251 0.0237428016415272 0
0.03082746270635251 0.03300722450212111 0
0.03082746270635251 0.029698502051909 0
0.03082746270635251 0.04127903062765138 0
0.03082746270635251 0.03714312756488625 0
0.03082746270635251 0.04644890945610781 0
0.3707219154549573 1e-05 0
0.3607774474131962 2.000000000000001e-05 0
0.3508329793714351 1e-05 0
0.3607774474131962 1e-05 0
0.3707219154549573 3.25e-05 0
0.3607774474131962 4.500000000000001e-05 0
0.3508329793714351 3.25e-05 0
0.3607774474131962 3.25e-05 0
0.3707219154549573 6.062500000000001e-05 0
0.3607774474131962 7.625000000000001e-05 0
0.3508329793714351 6.062500000000001e-05 0
0.3607774474131962 6.062500000000001e-05 0
0.3707219154549573 9.578125000000001e-05 0
0.3607774474131962 0.0001153125 0
0.3508329793714351 9.578125000000001e-05 0
0.3607774474131962 9.578125000000001e-05 0
0.3707219154549573 0.0001397265625 0
0.3607774474131962 0.000164140625 0
0.3508329793714351 0.0001397265625 0
0.3607774474131962 0.0001397265625 0
0.3707219154549573 0.0001946582031250001 0
0.3607774474131962 0.0002251757812500001 0
0.3508329793714351 0.0001946582031250001 0
0.3607774474131962 0.0001946582031250001 0
0.3707219154549573 0.0002633227539062501 0
0.3607774474131962 0.0003014697265625001 0
0.3508329793714351 0.0002633227539062501 0
0.3607774474131962 0.0002633227539062501 0
0.3707219154549573 0.0003491534423828126 0
0.3607774474131962 0.0003968371582031251 0
0.3508329793714351 0.0003491534423828126 0
0.3607774474131962 0.0003491534423828126 0
0.3707219154549573 0.0004564418029785157 0
0.3607774474131962 0.0005160464477539064 0
0.3508329793714351 0.0004564418029785157 0
0.3607774474131962 0.0004564418029785157 0
0.3707219154549573 0.0005905522537231446 0
0.3607774474131962 0.0006650580596923829 0
0.3508329793714351 0.0005905522537231446 0
0.3607774474131962 0.0005905522537231446 0
0.3707219154549573 0.0007581903171539309 0
0.3607774474131962 0.0008513225746154787 0
0.3508329793714351 0.0007581903171539309 0
0.3607774474131962 0.0007581903171539309 0
0.3707219154549573 0.0009677378964424136 0
0.3607774474131962 0.001084153218269348 0
0.3508329793714351 0.0009677378964424136 0
0.3607774474131962 0.0009677378964424136 0
0.3707219154549573 0.001229672370553017 0
0.3607774474131962 0.001375191522836685 0
0.3508329793714351 0.001229672370553017 0
0.3607774474131962 0.001229672370553017 0
0.3707219154549573 0.001557090463191271 0
0.3607774474131962 0.001738989403545857 0
0.3508329793714351 0.001557090463191271 0
0.3607774474131962 0.001557090463191271 0
0.3707219154549573 0.001966363078989089 0
0.3607774474131962 0.002193736754432321 0
0.3508329793714351 0.001966363078989089 0
0.3607774474131962 0.001966363078989089 0
0.3707219154549573 0.002477953848736361 0
0.3607774474131962 0.002762170943040401 0
0.3508329793714351 0.002477953848736361 0
0.3607774474131962 0.002477953848736361 0
0.3707219154549573 0.003117442310920451 0
0.3607774474131962 0.003472713678800502 0
0.3508329793714351 0.003117442310920451 0
0.3607774474131962 0.003117442310920451 0
0.3707219154549573 0.003916802888650564 0
0.3607774474131962 0.004360892098500627 0
0.3508329793714351 0.003916802888650564 0
0.3607774474131962 0.003916802888650564 0
0.3707219154549573 0.004916003610813205 0
0.3607774474131962 0.005471115123125783 0
0.3508329793714351 0.004916003610813205 0
0.3607774474131962 0.004916003610813205 0
0.3707219154549573 0.006165004513516507 0
0.3607774474131962 0.00685889390390723 0
0.3508329793714351 0.006165004513516507 0
0.3607774474131962 0.006165004513516507 0
0.3707219154549573 0.007726255641895633 0
0.3607774474131962 0.008593617379884037 0
0.3508329793714351 0.007726255641895633 0
0.3607774474131962 0.007726255641895633 0
0.3707219154549573 0.009677819552369541 0
0.3607774474131962 0.01076202172485505 0
0.3508329793714351 0.009677819552369541 0
0.3607774474131962 0.009677819552369541 0
0.3707219154549573 0.01211727444046193 0
0.3607774474131962 0.01347252715606881 0
0.3508329793714351 0.01211727444046193 0
0.3607774474131962 0.01211727444046193 0
0.3707219154549573 0.01516659305057741 0
0.3607774474131962 0.01686065894508601 0
0.3508329793714351 0.01516659305057741 0
0.3607774474131962 0.01516659305057741 0
0.3707219154549573 0.01897824131322176 0
0.3607774474131962 0.02109582368135751 0
0.3508329793714351 0.01897824131322176 0
0.3607774474131962 0.01897824131322176 0
0.3707219154549573 0.0237428016415272 0
0.3607774474131962 0.02638977960169689 0
0.3508329793714351 0.0237428016415272 0
0.3607774474131962 0.0237428016415272 0
0.3707219154549573 0.029698502051909 0
0.3607774474131962 0.03300722450212111 0
0.3508329793714351 0.029698502051909 0
0.3607774474131962 0.029698502051909 0
0.3707219154549573 0.03714312756488625 0
0.3607774474131962 0.04127903062765139 0
0.3508329793714351 0.03714312756488625 0
0.3607774474131962 0.03714312756488625 0
0.3707219154549573 0.04644890945610781 0
0.3508329793714351 0.04644890945610781 0
0.3607774474131962 0.04644890945610781 0
0.3906108515384794 1e-05 0
0.3806663834967183 2.000000000000001e-05 0
0.3806663834967184 1e-05 0
0.3906108515384794 3.25e-05 0
0.3806663834967183 4.500000000000001e-05 0
0.3806663834967183 3.25e-05 0
0.3906108515384794 6.062500000000001e-05 0
0.3806663834967183 7.625000000000001e-05 0
0.3806663834967183 6.062500000000001e-05 0
0.3906108515384794 9.578125000000001e-05 0
0.3806663834967183 0.0001153125 0
0.3806663834967183 9.578125000000001e-05 0
0.3906108515384794 0.0001397265625 0
0.3806663834967183 0.000164140625 0
0.3806663834967183 0.0001397265625 0
0.3906108515384794 0.0001946582031250001 0
0.3806663834967183 0.0002251757812500001 0
0.3806663834967183 0.0001946582031250001 0
0.3906108515384794 0.0002633227539062501 0
0.3806663834967183 0.0003014697265625001 0
0.3806663834967183 0.0002633227539062501 0
0.3906108515384794 0.0003491534423828126 0
0.3806663834967183 0.0003968371582031251 0
0.3806663834967183 0.0003491534423828126 0
0.3906108515384794 0.0004564418029785157 0
0.3806663834967183 0.0005160464477539064 0
0.3806663834967183 0.0004564418029785157 0
0.3906108515384794 0.0005905522537231446 0
0.3806663834967183 0.0006650580596923829 0
0.3806663834967183 0.0005905522537231446 0
0.3906108515384794 0.0007581903171539309 0
0.3806663834967183 0.0008513225746154787 0
0.3806663834967183 0.0007581903171539309 0
0.3906108515384794 0.0009677378964424136 0
0.3806663834967183 0.001084153218269348 0
0.3806663834967183 0.0009677378964424136 0
0.3906108515384794 0.001229672370553017 0
0.3806663834967183 0.001375191522836685 0
0.3806663834967183 0.001229672370553017 0
0.3906108515384794 0.001557090463191271 0
0.3806663834967183 0.001738989403545857 0
0.3806663834967183 0.001557090463191271 0
0.3906108515384794 0.001966363078989089 0
0.3806663834967183 0.002193736754432321 0
0.3806663834967183 0.001966363078989089 0
0.3906108515384794 0.002477953848736361 0
0.3806663834967183 0.002762170943040401 0
0.3806663834967183 0.002477953848736361 0
0.3906108515384794 0.003117442310920451 0
0.3806663834967183 0.003472713678800502 0
0.3806663834967183 0.003117442310920451 0
0.3906108515384794 0.003916802888650564 0
0.3806663834967183 0.004360892098500627 0
0.3806663834967183 0.003916802888650564 0
0.3906108515384794 0.004916003610813205 0
0.3806663834967183 0.005471115123125783 0
0.3806663834967183 0.004916003610813205 0
0.3906108515384794 0.006165004513516507 0
0.3806663834967183 0.00685889390390723 0
0.3806663834967183 0.006165004513516507 0
0.3906108515384794 0.007726255641895633 0
0.3806663834967183 0.008593617379884037 0
0.3806663834967183 0.007726255641895633 0
0.3906108515384794 0.009677819552369541 0
0.3806663834967183 0.01076202172485505 0
0.3806663834967183 0.009677819552369541 0
0.3906108515384794 0.01211727444046193 0
0.3806663834967183 0.01347252715606881 0
0.3806663834967183 0.01211727444046193 0
0.3906108515384794 0.01516659305057741 0
0.3806663834967183 0.01686065894508601 0
0.3806663834967183 0.01516659305057741 0
0.3906108515384794 0.01897824131322176 0
0.3806663834967183 0.02109582368135751 0
0.3806663834967183 0.01897824131322176 0
0.3906108515384794 0.0237428016415272 0
0.3806663834967183 0.02638977960169689 0
0.3806663834967183 0.0237428016415272 0
0.3906108515384794 0.029698502051909 0
0.3806663834967183 0.03300722450212111 0
0.3806663834967183 0.029698502051909 0
0.3906108515384794 0.03714312756488625 0
0.3806663834967183 0.04127903062765139 0
0.3806663834967183 0.03714312756488625 0
0.3906108515384794 0.04644890945610781 0
0.3806663834967183 0.04644890945610781 0
0.05082458652535192 1e-05 0
0.04619244140925376 2e-05 0
0.04619244140925376 1e-05 0
0.05082458652535192 3.25e-05 0
0.04619244140925376 4.5e-05 0
0.04619244140925376 3.25e-05 0
0.05082458652535192 6.062500000000001e-05 0
0.04619244140925376 7.625000000000001e-05 0
0.04619244140925376 6.062500000000001e-05 0
0.05082458652535192 9.578125000000001e-05 0
0.04619244140925376 0.0001153125 0
0.04619244140925376 9.578125000000001e-05 0
0.05082458652535192 0.0001397265625 0
0.04619244140925376 0.000164140625 0
0.04619244140925376 0.0001397265625 0
0.05082458652535192 0.000194658203125 0
0.04619244140925376 0.00022517578125 0
0.04619244140925376 0.000194658203125 0
0.05082458652535192 0.00026332275390625 0
0.04619244140925376 0.0003014697265625 0
0.04619244140925376 0.00026332275390625 0
0.05082458652535192 0.0003491534423828125 0
0.04619244140925376 0.000396837158203125 0
0.04619244140925376 0.0003491534423828125 0
0.05082458652535192 0.0004564418029785156 0
0.04619244140925376 0.0005160464477539063 0
0.04619244140925376 0.0004564418029785156 0
0.05082458652535192 0.0005905522537231445 0
0.04619244140925376 0.0006650580596923828 0
0.04619244140925376 0.0005905522537231445 0
0.05082458652535192 0.0007581903171539307 0
0.04619244140925376 0.0008513225746154785 0
0.04619244140925376 0.0007581903171539307 0
0.05082458652535192 0.0009677378964424133 0
0.04619244140925376 0.001084153218269348 0
0.04619244140925376 0.0009677378964424133 0
0.05082458652535192 0.001229672370553017 0
0.04619244140925376 0.001375191522836685 0
0.04619244140925376 0.001229672370553017 0
0.05082458652535192 0.001557090463191271 0
0.04619244140925376 0.001738989403545856 0
0.04619244140925376 0.001557090463191271 0
0.05082458652535192 0.001966363078989089 0
0.04619244140925376 0.002193736754432321 0
0.04619244140925376 0.001966363078989088 0
0.05082458652535192 0.002477953848736361 0
0.04619244140925376 0.002762170943040401 0
0.04619244140925376 0.002477953848736361 0
0.05082458652535192 0.003117442310920451 0
0.04619244140925376 0.003472713678800501 0
0.04619244140925376 0.003117442310920451 0
0.05082458652535192 0.003916802888650564 0
0.04619244140925376 0.004360892098500627 0
0.04619244140925376 0.003916802888650563 0
0.05082458652535192 0.004916003610813205 0
0.04619244140925376 0.005471115123125783 0
0.04619244140925376 0.004916003610813205 0
0.05082458652535192 0.006165004513516506 0
0.04619244140925376 0.006858893903907229 0
0.04619244140925376 0.006165004513516506 0
0.05082458652535192 0.007726255641895633 0
0.04619244140925376 0.008593617379884037 0
0.04619244140925376 0.007726255641895633 0
0.05082458652535192 0.009677819552369541 0
0.04619244140925376 0.01076202172485505 0
0.04619244140925376 0.009677819552369541 0
0.05082458652535192 0.01211727444046193 0
0.04619244140925376 0.01347252715606881 0
0.04619244140925376 0.01211727444046193 0
0.05082458652535192 0.01516659305057741 0
0.04619244140925376 0.01686065894508601 0
0.04619244140925376 0.01516659305057741 0
0.05082458652535192 0.01897824131322176 0
0.04619244140925376 0.02109582368135751 0
0.04619244140925376 0.01897824131322176 0
0.05082458652535192 0.0237428016415272 0
0.04619244140925376 0.02638977960169689 0
0.04619244140925376 0.0237428016415272 0
0.05082458652535192 0.029698502051909 0
0.04619244140925376 0.03300722450212111 0
0.04619244140925376 0.029698502051909 0
0.05082458652535192 0.03714312756488625 0
0.04619244140925376 0.04127903062765138 0
0.04619244140925376 0.03714312756488625 0
0.05082458652535192 0.04644890945610781 0
0.04619244140925376 0.04644890945610781 0
0.06210499796367409 1e-05 0
0.05646479224451301 2e-05 0
0.05646479224451301 1e-05 0
0.06210499796367409 3.25e-05 0
0.05646479224451301 4.5e-05 0
0.05646479224451301 3.25e-05 0
0.06210499796367409 6.062500000000001e-05 0
0.05646479224451301 7.625000000000001e-05 0
0.05646479224451301 6.062500000000001e-05 0
0.06210499796367409 9.578125000000001e-05 0
0.05646479224451301 0.0001153125 0
0.05646479224451301 9.578125000000001e-05 0
0.06210499796367409 0.0001397265625 0
0.05646479224451301 0.000164140625 0
0.05646479224451301 0.0001397265625 0
0.06210499796367409 0.000194658203125 0
0.05646479224451301 0.00022517578125 0
0.05646479224451301 0.000194658203125 0
0.06210499796367409 0.00026332275390625 0
0.05646479224451301 0.0003014697265625 0
0.05646479224451301 0.00026332275390625 0
0.06210499796367409 0.0003491534423828125 0
0.05646479224451301 0.000396837158203125 0
0.05646479224451301 0.0003491534423828125 0
0.06210499796367409 0.0004564418029785156 0
0.05646479224451301 0.0005160464477539063 0
0.05646479224451301 0.0004564418029785156 0
0.06210499796367409 0.0005905522537231445 0
0.05646479224451301 0.0006650580596923828 0
0.05646479224451301 0.0005905522537231445 0
0.06210499796367409 0.0007581903171539307 0
0.05646479224451301 0.0008513225746154785 0
0.05646479224451301 0.0007581903171539307 0
0.06210499796367409 0.0009677378964424133 0
0.05646479224451301 0.001084153218269348 0
0.05646479224451301 0.0009677378964424133 0
0.06210499796367409 0.001229672370553017 0
0.05646479224451301 0.001375191522836685 0
0.05646479224451301 0.001229672370553017 0
0.06210499796367409 0.001557090463191271 0
0.05646479224451301 0.001738989403545856 0
0.05646479224451301 0.001557090463191271 0
0.06210499796367409 0.001966363078989089 0
0.05646479224451301 0.002193736754432321 0
0.05646479224451301 0.001966363078989088 0
0.06210499796367409 0.002477953848736361 0
0.05646479224451301 0.002762170943040401 0
0.05646479224451301 0.002477953848736361 0
0.06210499796367409 0.003117442310920451 0
0.05646479224451301 0.003472713678800501 0
0.05646479224451301 0.003117442310920451 0
0.06210499796367409 0.003916802888650564 0
0.05646479224451301 0.004360892098500627 0
0.05646479224451301 0.003916802888650563 0
0.06210499796367409 0.004916003610813205 0
0.05646479224451301 0.005471115123125783 0
0.05646479224451301 0.004916003610813205 0
0.06210499796367409 0.006165004513516506 0
0.05646479224451301 0.006858893903907229 0
0.05646479224451301 0.006165004513516506 0
0.06210499796367409 0.007726255641895633 0
0.05646479224451301 0.008593617379884037 0
0.05646479224451301 0.007726255641895633 0
0.06210499796367409 0.009677819552369541 0
0.05646479224451301 0.01076202172485505 0
0.05646479224451301 0.009677819552369541 0
0.06210499796367409 0.01211727444046193 0
0.05646479224451301 0.01347252715606881 0
0.05646479224451301 0.01211727444046193 0
0.06210499796367409 0.01516659305057741 0
0.05646479224451301 0.01686065894508601 0
0.05646479224451301 0.01516659305057741 0
0.06210499796367409 0.01897824131322176 0
0.05646479224451301 0.02109582368135751 0
0.05646479224451301 0.01897824131322176 0
0.06210499796367409 0.0237428016415272 0
0.05646479224451301 0.02638977960169689 0
0.05646479224451301 0.0237428016415272 0
0.06210499796367409 0.029698502051909 0
0.05646479224451301 0.03300722450212111 0
0.05646479224451301 0.029698502051909 0
0.06210499796367409 0.03714312756488625 0
0.05646479224451301 0.04127903062765138 0
0.05646479224451301 0.03714312756488625 0
0.06210499796367409 0.04644890945610781 0
0.05646479224451301 0.04644890945610781 0
0.07584028486937476 1e-05 0
0.06897264141652443 2e-05 0
0.06897264141652439 1e-05 0
0.07584028486937476 3.25e-05 0
0.06897264141652443 4.5e-05 0
0.06897264141652443 3.25e-05 0
0.07584028486937476 6.062500000000001e-05 0
0.06897264141652443 7.625000000000001e-05 0
0.06897264141652443 6.062500000000001e-05 0
0.07584028486937476 9.578125000000001e-05 0
0.06897264141652443 0.0001153125 0
0.06897264141652443 9.578125000000001e-05 0
0.07584028486937476 0.0001397265625 0
0.06897264141652443 0.000164140625 0
0.06897264141652443 0.0001397265625 0
0.07584028486937476 0.000194658203125 0
0.06897264141652443 0.00022517578125 0
0.06897264141652443 0.000194658203125 0
0.07584028486937476 0.00026332275390625 0
0.06897264141652443 0.0003014697265625 0
0.06897264141652443 0.00026332275390625 0
0.07584028486937476 0.0003491534423828125 0
0.06897264141652443 0.000396837158203125 0
0.06897264141652443 0.0003491534423828125 0
0.07584028486937476 0.0004564418029785156 0
0.06897264141652443 0.0005160464477539063 0
0.06897264141652443 0.0004564418029785156 0
0.07584028486937476 0.0005905522537231445 0
0.06897264141652443 0.0006650580596923828 0
0.06897264141652443 0.0005905522537231445 0
0.07584028486937476 0.0007581903171539307 0
0.06897264141652443 0.0008513225746154785 0
0.06897264141652443 0.0007581903171539307 0
0.07584028486937476 0.0009677378964424133 0
0.06897264141652443 0.001084153218269348 0
0.06897264141652443 0.0009677378964424133 0
0.07584028486937476 0.001229672370553017 0
0.06897264141652443 0.001375191522836685 0
0.06897264141652443 0.001229672370553017 0
0.07584028486937476 0.001557090463191271 0
0.06897264141652443 0.001738989403545856 0
0.06897264141652443 0.001557090463191271 0
0.07584028486937476 0.001966363078989089 0
0.06897264141652443 0.002193736754432321 0
0.06897264141652443 0.001966363078989088 0
0.07584028486937476 0.002477953848736361 0
0.06897264141652443 0.002762170943040401 0
0.06897264141652443 0.002477953848736361 0
0.07584028486937476 0.003117442310920451 0
0.06897264141652443 0.003472713678800501 0
0.06897264141652443 0.003117442310920451 0
0.07584028486937476 0.003916802888650564 0
0.06897264141652443 0.004360892098500627 0
0.06897264141652443 0.003916802888650563 0
0.07584028486937476 0.004916003610813205 0
0.06897264141652443 0.005471115123125783 0
0.06897264141652443 0.004916003610813205 0
0.07584028486937476 0.006165004513516506 0
0.06897264141652443 0.006858893903907229 0
0.06897264141652443 0.006165004513516506 0
0.07584028486937476 0.007726255641895633 0
0.06897264141652443 0.008593617379884037 0
0.06897264141652443 0.007726255641895633 0
0.07584028486937476 0.009677819552369541 0
0.06897264141652443 0.01076202172485505 0
0.06897264141652443 0.009677819552369541 0
0.07584028486937476 0.01211727444046193 0
0.06897264141652443 0.01347252715606881 0
0.06897264141652443 0.01211727444046193 0
0.07584028486937476 0.01516659305057741 0
0.06897264141652443 0.01686065894508601 0
0.06897264141652443 0.01516659305057741 0
0.07584028486937476 0.01897824131322176 0
0.06897264141652443 0.02109582368135751 0
0.06897264141652443 0.01897824131322176 0
0.07584028486937476 0.0237428016415272 0
0.06897264141652443 0.02638977960169689 0
0.06897264141652443 0.0237428016415272 0
0.07584028486937476 0.029698502051909 0
0.06897264141652443 0.03300722450212111 0
0.06897264141652443 0.029698502051909 0
0.07584028486937476 0.03714312756488625 0
0.06897264141652443 0.04127903062765138 0
0.06897264141652443 0.03714312756488625 0
0.07584028486937476 0.04644890945610781 0
0.06897264141652443 0.04644890945610781 0
0.09256468360769254 1e-05 0
0.08420248423853366 2e-05 0
0.08420248423853365 1e-05 0
0.09256468360769254 3.25e-05 0
0.08420248423853366 4.5e-05 0
0.08420248423853366 3.25e-05 0
0.09256468360769254 6.062500000000001e-05 0
0.08420248423853366 7.625000000000001e-05 0
0.08420248423853366 6.062500000000001e-05 0
0.09256468360769254 9.578125000000001e-05 0
0.08420248423853366 0.0001153125 0
0.08420248423853366 9.578125000000001e-05 0
0.09256468360769254 0.0001397265625 0
0.08420248423853366 0.000164140625 0
0.08420248423853366 0.0001397265625 0
0.09256468360769254 0.000194658203125 0
0.08420248423853366 0.00022517578125 0
0.08420248423853366 0.000194658203125 0
0.09256468360769254 0.00026332275390625 0
0.08420248423853366 0.0003014697265625 0
0.08420248423853366 0.00026332275390625 0
0.09256468360769254 0.0003491534423828125 0
0.08420248423853366 0.000396837158203125 0
0.08420248423853366 0.0003491534423828125 0
0.09256468360769254 0.0004564418029785156 0
0.08420248423853366 0.0005160464477539063 0
0.08420248423853366 0.0004564418029785156 0
0.09256468360769254 0.0005905522537231445 0
0.08420248423853366 0.0006650580596923828 0
0.08420248423853366 0.0005905522537231445 0
0.09256468360769254 0.0007581903171539307 0
0.08420248423853366 0.0008513225746154785 0
0.08420248423853366 0.0007581903171539307 0
0.09256468360769254 0.0009677378964424133 0
0.08420248423853366 0.001084153218269348 0
0.08420248423853366 0.0009677378964424133 0
0.09256468360769254 0.001229672370553017 0
0.08420248423853366 0.001375191522836685 0
0.08420248423853366 0.001229672370553017 0
0.09256468360769254 0.001557090463191271 0
0.08420248423853366 0.001738989403545856 0
0.08420248423853366 0.001557090463191271 0
0.09256468360769254 0.001966363078989089 0
0.08420248423853366 0.002193736754432321 0
0.08420248423853366 0.001966363078989088 0
0.09256468360769254 0.002477953848736361 0
0.08420248423853366 0.002762170943040401 0
0.08420248423853366 0.002477953848736361 0
0.09256468360769254 0.003117442310920451 0
0.08420248423853366 0.003472713678800501 0
0.08420248423853366 0.003117442310920451 0
0.09256468360769254 0.003916802888650564 0
0.08420248423853366 0.004360892098500627 0
0.08420248423853366 0.003916802888650563 0
0.09256468360769254 0.004916003610813205 0
0.08420248423853366 0.005471115123125783 0
0.08420248423853366 0.004916003610813205 0
0.09256468360769254 0.006165004513516506 0
0.08420248423853366 0.006858893903907229 0
0.08420248423853366 0.006165004513516506 0
0.09256468360769254 0.007726255641895633 0
0.08420248423853366 0.008593617379884037 0
0.08420248423853366 0.007726255641895633 0
0.09256468360769254 0.009677819552369541 0
0.08420248423853366 0.01076202172485505 0
0.08420248423853366 0.009677819552369541 0
0.09256468360769254 0.01211727444046193 0
0.08420248423853366 0.01347252715606881 0
0.08420248423853366 0.01211727444046193 0
0.09256468360769254 0.01516659305057741 0
0.08420248423853366 0.01686065894508601 0
0.08420248423853366 0.01516659305057741 0
0.09256468360769254 0.01897824131322176 0
0.08420248423853366 0.02109582368135751 0
0.08420248423853366 0.01897824131322176 0
0.09256468360769254 0.0237428016415272 0
0.08420248423853366 0.02638977960169689 0
0.08420248423853366 0.0237428016415272 0
0.09256468360769254 0.029698502051909 0
0.08420248423853366 0.03300722450212111 0
0.08420248423853366 0.029698502051909 0
0.09256468360769254 0.03714312756488625 0
0.08420248423853366 0.04127903062765138 0
0.08420248423853366 0.03714312756488625 0
0.09256468360769254 0.04644890945610781 0
0.08420248423853366 0.04644890945610781 0
0.1121657463691524 1e-05 0
0.1023652149884225 2.000000000000001e-05 0
0.1023652149884225 1e-05 0
0.1121657463691524 3.25e-05 0
0.1023652149884225 4.500000000000001e-05 0
0.1023652149884225 3.25e-05 0
0.1121657463691524 6.062500000000001e-05 0
0.1023652149884225 7.625000000000001e-05 0
0.1023652149884225 6.062500000000001e-05 0
0.1121657463691524 9.578125000000001e-05 0
0.1023652149884225 0.0001153125 0
0.1023652149884225 9.578125000000001e-05 0
0.1121657463691524 0.0001397265625 0
0.1023652149884225 0.000164140625 0
0.1023652149884225 0.0001397265625 0
0.1121657463691524 0.0001946582031250001 0
0.1023652149884225 0.00022517578125 0
0.1023652149884225 0.0001946582031250001 0
0.1121657463691524 0.0002633227539062501 0
0.1023652149884225 0.0003014697265625 0
0.1023652149884225 0.00026332275390625 0
0.1121657463691524 0.0003491534423828126 0
0.1023652149884225 0.0003968371582031251 0
0.1023652149884225 0.0003491534423828125 0
0.1121657463691524 0.0004564418029785157 0
0.1023652149884225 0.0005160464477539063 0
0.1023652149884225 0.0004564418029785157 0
0.1121657463691524 0.0005905522537231446 0
0.1023652149884225 0.0006650580596923828 0
0.1023652149884225 0.0005905522537231445 0
0.1121657463691524 0.0007581903171539309 0
0.1023652149884225 0.0008513225746154786 0
0.1023652149884225 0.0007581903171539309 0
0.1121657463691524 0.0009677378964424136 0
0.1023652149884225 0.001084153218269348 0
0.1023652149884225 0.0009677378964424137 0
0.1121657463691524 0.001229672370553017 0
0.1023652149884225 0.001375191522836685 0
0.1023652149884225 0.001229672370553017 0
0.1121657463691524 0.001557090463191271 0
0.1023652149884225 0.001738989403545857 0
0.1023652149884225 0.001557090463191271 0
0.1121657463691524 0.001966363078989089 0
0.1023652149884225 0.002193736754432321 0
0.1023652149884225 0.001966363078989089 0
0.1121657463691524 0.002477953848736361 0
0.1023652149884225 0.002762170943040401 0
0.1023652149884225 0.002477953848736361 0
0.1121657463691524 0.003117442310920451 0
0.1023652149884225 0.003472713678800502 0
0.1023652149884225 0.003117442310920451 0
0.1121657463691524 0.003916802888650564 0
0.1023652149884225 0.004360892098500627 0
0.1023652149884225 0.003916802888650564 0
0.1121657463691524 0.004916003610813205 0
0.1023652149884225 0.005471115123125783 0
0.1023652149884225 0.004916003610813205 0
0.1121657463691524 0.006165004513516507 0
0.1023652149884225 0.00685889390390723 0
0.1023652149884225 0.006165004513516507 0
0.1121657463691524 0.007726255641895633 0
0.1023652149884225 0.008593617379884037 0
0.1023652149884225 0.007726255641895633 0
0.1121657463691524 0.009677819552369541 0
0.1023652149884225 0.01076202172485505 0
0.1023652149884225 0.009677819552369541 0
0.1121657463691524 0.01211727444046193 0
0.1023652149884225 0.01347252715606881 0
0.1023652149884225 0.01211727444046193 0
0.1121657463691524 0.01516659305057741 0
0.1023652149884225 0.01686065894508601 0
0.1023652149884225 0.01516659305057741 0
0.1121657463691524 0.01897824131322176 0
0.1023652149884225 0.02109582368135751 0
0.1023652149884225 0.01897824131322176 0
0.1121657463691524 0.0237428016415272 0
0.1023652149884225 0.02638977960169689 0
0.1023652149884225 0.0237428016415272 0
0.1121657463691524 0.029698502051909 0
0.1023652149884225 0.03300722450212111 0
0.1023652149884225 0.029698502051909 0
0.1121657463691524 0.03714312756488625 0
0.1023652149884225 0.04127903062765138 0
0.1023652149884225 0.03714312756488625 0
0.1121657463691524 0.04644890945610781 0
0.1023652149884225 0.04644890945610781 0
0.1320546824526921 1e-05 0
0.1221102144109222 2.000000000000001e-05 0
0.1221102144109245 1e-05 0
0.1320546824526921 3.25e-05 0
0.1221102144109222 4.500000000000001e-05 0
0.1221102144109222 3.25e-05 0
0.1320546824526921 6.062500000000001e-05 0
0.1221102144109222 7.625000000000001e-05 0
0.1221102144109222 6.062500000000001e-05 0
0.1320546824526921 9.578125000000001e-05 0
0.1221102144109222 0.0001153125 0
0.1221102144109222 9.578125000000001e-05 0
0.1320546824526921 0.0001397265625 0
0.1221102144109222 0.000164140625 0
0.1221102144109222 0.0001397265625 0
0.1320546824526921 0.0001946582031250001 0
0.1221102144109222 0.0002251757812500001 0
0.1221102144109222 0.0001946582031250001 0
0.1320546824526921 0.0002633227539062501 0
0.1221102144109222 0.0003014697265625001 0
0.1221102144109222 0.0002633227539062501 0
0.1320546824526921 0.0003491534423828126 0
0.1221102144109222 0.0003968371582031251 0
0.1221102144109222 0.0003491534423828126 0
0.1320546824526921 0.0004564418029785157 0
0.1221102144109222 0.0005160464477539064 0
0.1221102144109222 0.0004564418029785157 0
0.1320546824526921 0.0005905522537231446 0
0.1221102144109222 0.0006650580596923829 0
0.1221102144109222 0.0005905522537231446 0
0.1320546824526921 0.0007581903171539309 0
0.1221102144109222 0.0008513225746154787 0
0.1221102144109222 0.0007581903171539309 0
0.1320546824526921 0.0009677378964424136 0
0.1221102144109222 0.001084153218269348 0
0.1221102144109222 0.0009677378964424136 0
0.1320546824526921 0.001229672370553017 0
0.1221102144109222 0.001375191522836685 0
0.1221102144109222 0.001229672370553017 0
0.1320546824526921 0.001557090463191271 0
0.1221102144109222 0.001738989403545857 0
0.1221102144109222 0.001557090463191271 0
0.1320546824526921 0.001966363078989089 0
0.1221102144109222 0.002193736754432321 0
0.1221102144109222 0.001966363078989089 0
0.1320546824526921 0.002477953848736361 0
0.1221102144109222 0.002762170943040401 0
0.1221102144109222 0.002477953848736361 0
0.1320546824526921 0.003117442310920451 0
0.1221102144109222 0.003472713678800502 0
0.1221102144109222 0.003117442310920451 0
0.1320546824526921 0.003916802888650564 0
0.1221102144109222 0.004360892098500627 0
0.1221102144109222 0.003916802888650564 0
0.1320546824526921 0.004916003610813205 0
0.1221102144109222 0.005471115123125783 0
0.1221102144109222 0.004916003610813205 0
0.1320546824526921 0.006165004513516507 0
0.1221102144109222 0.00685889390390723 0
0.1221102144109222 0.006165004513516507 0
0.1320546824526921 0.007726255641895633 0
0.1221102144109222 0.008593617379884037 0
0.1221102144109222 0.007726255641895633 0
0.1320546824526921 0.009677819552369541 0
0.1221102144109222 0.01076202172485505 0
0.1221102144109222 0.009677819552369541 0
0.1320546824526921 0.01211727444046193 0
0.1221102144109222 0.01347252715606881 0
0.1221102144109222 0.01211727444046193 0
0.1320546824526921 0.01516659305057741 0
0.1221102144109222 0.01686065894508601 0
0.1221102144109222 0.01516659305057741 0
0.1320546824526921 0.01897824131322176 0
0.1221102144109222 0.02109582368135751 0
0.1221102144109222 0.01897824131322176 0
0.1320546824526921 0.0237428016415272 0
0.1221102144109222 0.02638977960169689 0
0.1221102144109222 0.0237428016415272 0
0.1320546824526921 0.029698502051909 0
0.1221102144109222 0.03300722450212111 0
0.1221102144109222 0.029698502051909 0
0.1320546824526921 0.03714312756488625 0
0.1221102144109222 0.04127903062765139 0
0.1221102144109222 0.03714312756488625 0
0.1320546824526921 0.04644890945610781 0
0.1221102144109222 0.04644890945610781 0
0.1519436185362144 1e-05 0
0.1419991504944532 2.000000000000001e-05 0
0.1419991504944532 1e-05 0
0.1519436185362144 3.25e-05 0
0.1419991504944532 4.500000000000001e-05 0
0.1419991504944532 3.25e-05 0
0.1519436185362144 6.062500000000001e-05 0
0.1419991504944532 7.625000000000001e-05 0
0.1419991504944532 6.062500000000001e-05 0
0.1519436185362144 9.578125000000001e-05 0
0.1419991504944532 0.0001153125 0
0.1419991504944532 9.578125000000001e-05 0
0.1519436185362144 0.0001397265625 0
0.1419991504944532 0.000164140625 0
0.1419991504944532 0.0001397265625 0
0.1519436185362144 0.000194658203125 0
0.1419991504944532 0.00022517578125 0
0.1419991504944532 0.0001946582031250001 0
0.1519436185362144 0.00026332275390625 0
0.1419991504944532 0.0003014697265625 0
0.1419991504944532 0.00026332275390625 0
0.1519436185362144 0.0003491534423828125 0
0.1419991504944532 0.0003968371582031251 0
0.1419991504944532 0.0003491534423828126 0
0.1519436185362144 0.0004564418029785156 0
0.1419991504944532 0.0005160464477539063 0
0.1419991504944532 0.0004564418029785156 0
0.1519436185362144 0.0005905522537231445 0
0.1419991504944532 0.0006650580596923828 0
0.1419991504944532 0.0005905522537231445 0
0.1519436185362144 0.0007581903171539307 0
0.1419991504944532 0.0008513225746154786 0
0.1419991504944532 0.0007581903171539307 0
0.1519436185362144 0.0009677378964424133 0
0.1419991504944532 0.001084153218269348 0
0.1419991504944532 0.0009677378964424134 0
0.1519436185362144 0.001229672370553017 0
0.1419991504944532 0.001375191522836685 0
0.1419991504944532 0.001229672370553017 0
0.1519436185362144 0.001557090463191271 0
0.1419991504944532 0.001738989403545857 0
0.1419991504944532 0.001557090463191271 0
0.1519436185362144 0.001966363078989089 0
0.1419991504944532 0.002193736754432321 0
0.1419991504944532 0.001966363078989089 0
0.1519436185362144 0.002477953848736361 0
0.1419991504944532 0.002762170943040401 0
0.1419991504944532 0.002477953848736361 0
0.1519436185362144 0.003117442310920451 0
0.1419991504944532 0.003472713678800502 0
0.1419991504944532 0.003117442310920451 0
0.1519436185362144 0.003916802888650564 0
0.1419991504944532 0.004360892098500627 0
0.1419991504944532 0.003916802888650564 0
0.1519436185362144 0.004916003610813205 0
0.1419991504944532 0.005471115123125783 0
0.1419991504944532 0.004916003610813205 0
0.1519436185362144 0.006165004513516506 0
0.1419991504944532 0.00685889390390723 0
0.1419991504944532 0.006165004513516506 0
0.1519436185362144 0.007726255641895633 0
0.1419991504944532 0.008593617379884037 0
0.1419991504944532 0.007726255641895633 0
0.1519436185362144 0.009677819552369541 0
0.1419991504944532 0.01076202172485505 0
0.1419991504944532 0.009677819552369541 0
0.1519436185362144 0.01211727444046193 0
0.1419991504944532 0.01347252715606881 0
0.1419991504944532 0.01211727444046193 0
0.1519436185362144 0.01516659305057741 0
0.1419991504944532 0.01686065894508601 0
0.1419991504944532 0.01516659305057741 0
0.1519436185362144 0.01897824131322176 0
0.1419991504944532 0.02109582368135751 0
0.1419991504944532 0.01897824131322176 0
0.1519436185362144 0.0237428016415272 0
0.1419991504944532 0.02638977960169689 0
0.1419991504944532 0.0237428016415272 0
0.1519436185362144 0.029698502051909 0
0.1419991504944532 0.03300722450212111 0
0.1419991504944532 0.029698502051909 0
0.1519436185362144 0.03714312756488625 0
0.1419991504944532 0.04127903062765138 0
0.1419991504944532 0.03714312756488625 0
0.1519436185362144 0.04644890945610781 0
0.1419991504944532 0.04644890945610781 0
0.1718325546197365 1e-05 0
0.1618880865779754 2e-05 0
0.1618880865779754 1e-05 0
0.1718325546197365 3.25e-05 0
0.1618880865779754 4.5e-05 0
0.1618880865779754 3.25e-05 0
0.1718325546197365 6.062500000000001e-05 0
0.1618880865779754 7.625000000000001e-05 0
0.1618880865779754 6.062500000000001e-05 0
0.1718325546197365 9.578125000000001e-05 0
0.1618880865779754 0.0001153125 0
0.1618880865779754 9.578125000000001e-05 0
0.1718325546197365 0.0001397265625 0
0.1618880865779754 0.000164140625 0
0.1618880865779754 0.0001397265625 0
0.1718325546197365 0.000194658203125 0
0.1618880865779754 0.00022517578125 0
0.1618880865779754 0.000194658203125 0
0.1718325546197365 0.00026332275390625 0
0.1618880865779754 0.0003014697265625 0
0.1618880865779754 0.00026332275390625 0
0.1718325546197365 0.0003491534423828125 0
0.1618880865779754 0.000396837158203125 0
0.1618880865779754 0.0003491534423828125 0
0.1718325546197365 0.0004564418029785156 0
0.1618880865779754 0.0005160464477539063 0
0.1618880865779754 0.0004564418029785156 0
0.1718325546197365 0.0005905522537231445 0
0.1618880865779754 0.0006650580596923828 0
0.1618880865779754 0.0005905522537231445 0
0.1718325546197365 0.0007581903171539307 0
0.1618880865779754 0.0008513225746154785 0
0.1618880865779754 0.0007581903171539307 0
0.1718325546197365 0.0009677378964424133 0
0.1618880865779754 0.001084153218269348 0
0.1618880865779754 0.0009677378964424133 0
0.1718325546197365 0.001229672370553017 0
0.1618880865779754 0.001375191522836685 0
0.1618880865779754 0.001229672370553017 0
0.1718325546197365 0.001557090463191271 0
0.1618880865779754 0.001738989403545856 0
0.1618880865779754 0.001557090463191271 0
0.1718325546197365 0.001966363078989089 0
0.1618880865779754 0.002193736754432321 0
0.1618880865779754 0.001966363078989088 0
0.1718325546197365 0.002477953848736361 0
0.1618880865779754 0.002762170943040401 0
0.1618880865779754 0.002477953848736361 0
0.1718325546197365 0.003117442310920451 0
0.1618880865779754 0.003472713678800501 0
0.1618880865779754 0.003117442310920451 0
0.1718325546197365 0.003916802888650564 0
0.1618880865779754 0.004360892098500627 0
0.1618880865779754 0.003916802888650563 0
0.1718325546197365 0.004916003610813205 0
0.1618880865779754 0.005471115123125783 0
0.1618880865779754 0.004916003610813205 0
0.1718325546197365 0.006165004513516506 0
0.1618880865779754 0.006858893903907229 0
0.1618880865779754 0.006165004513516506 0
0.1718325546197365 0.007726255641895633 0
0.1618880865779754 0.008593617379884037 0
0.1618880865779754 0.007726255641895633 0
0.1718325546197365 0.009677819552369541 0
0.1618880865779754 0.01076202172485505 0
0.1618880865779754 0.009677819552369541 0
0.1718325546197365 0.01211727444046193 0
0.1618880865779754 0.01347252715606881 0
0.1618880865779754 0.01211727444046193 0
0.1718325546197365 0.01516659305057741 0
0.1618880865779754 0.01686065894508601 0
0.1618880865779754 0.01516659305057741 0
0.1718325546197365 0.01897824131322176 0
0.1618880865779754 0.02109582368135751 0
0.1618880865779754 0.01897824131322176 0
0.1718325546197365 0.0237428016415272 0
0.1618880865779754 0.02638977960169689 0
0.1618880865779754 0.0237428016415272 0
0.1718325546197365 0.029698502051909 0
0.1618880865779754 0.03300722450212111 0
0.1618880865779754 0.029698502051909 0
0.1718325546197365 0.03714312756488625 0
0.1618880865779754 0.04127903062765138 0
0.1618880865779754 0.03714312756488625 0
0.1718325546197365 0.04644890945610781 0
0.1618880865779754 0.04644890945610781 0
0.1917214907032586 1e-05 0
0.1817770226614975 2.000000000000001e-05 0
0.1817770226614975 1e-05 0
0.1917214907032586 3.25e-05 0
0.1817770226614975 4.500000000000001e-05 0
0.1817770226614975 3.25e-05 0
0.1917214907032586 6.062500000000001e-05 0
0.1817770226614975 7.625000000000001e-05 0
0.1817770226614975 6.062500000000001e-05 0
0.1917214907032586 9.578125000000001e-05 0
0.1817770226614975 0.0001153125 0
0.1817770226614975 9.578125000000001e-05 0
0.1917214907032586 0.0001397265625 0
0.1817770226614975 0.000164140625 0
0.1817770226614975 0.0001397265625 0
0.1917214907032586 0.0001946582031250001 0
0.1817770226614975 0.00022517578125 0
0.1817770226614975 0.0001946582031250001 0
0.1917214907032586 0.0002633227539062501 0
0.1817770226614975 0.0003014697265625 0
0.1817770226614975 0.00026332275390625 0
0.1917214907032586 0.0003491534423828126 0
0.1817770226614975 0.0003968371582031251 0
0.1817770226614975 0.0003491534423828125 0
0.1917214907032586 0.0004564418029785157 0
0.1817770226614975 0.0005160464477539063 0
0.1817770226614975 0.0004564418029785157 0
0.1917214907032586 0.0005905522537231446 0
0.1817770226614975 0.0006650580596923828 0
0.1817770226614975 0.0005905522537231445 0
0.1917214907032586 0.0007581903171539309 0
0.1817770226614975 0.0008513225746154786 0
0.1817770226614975 0.0007581903171539309 0
0.1917214907032586 0.0009677378964424136 0
0.1817770226614975 0.001084153218269348 0
0.1817770226614975 0.0009677378964424137 0
0.1917214907032586 0.001229672370553017 0
0.1817770226614975 0.001375191522836685 0
0.1817770226614975 0.001229672370553017 0
0.1917214907032586 0.001557090463191271 0
0.1817770226614975 0.001738989403545857 0
0.1817770226614975 0.001557090463191271 0
0.1917214907032586 0.001966363078989089 0
0.1817770226614975 0.002193736754432321 0
0.1817770226614975 0.001966363078989089 0
0.1917214907032586 0.002477953848736361 0
0.1817770226614975 0.002762170943040401 0
0.1817770226614975 0.002477953848736361 0
0.1917214907032586 0.003117442310920451 0
0.1817770226614975 0.003472713678800502 0
0.1817770226614975 0.003117442310920451 0
0.1917214907032586 0.003916802888650564 0
0.1817770226614975 0.004360892098500627 0
0.1817770226614975 0.003916802888650564 0
0.1917214907032586 0.004916003610813205 0
0.1817770226614975 0.005471115123125783 0
0.1817770226614975 0.004916003610813205 0
0.1917214907032586 0.006165004513516507 0
0.1817770226614975 0.00685889390390723 0
0.1817770226614975 0.006165004513516507 0
0.1917214907032586 0.007726255641895633 0
0.1817770226614975 0.008593617379884037 0
0.1817770226614975 0.007726255641895633 0
0.1917214907032586 0.009677819552369541 0
0.1817770226614975 0.01076202172485505 0
0.1817770226614975 0.009677819552369541 0
0.1917214907032586 0.01211727444046193 0
0.1817770226614975 0.01347252715606881 0
0.1817770226614975 0.01211727444046193 0
0.1917214907032586 0.01516659305057741 0
0.1817770226614975 0.01686065894508601 0
0.1817770226614975 0.01516659305057741 0
0.1917214907032586 0.01897824131322176 0
0.1817770226614975 0.02109582368135751 0
0.1817770226614975 0.01897824131322176 0
0.1917214907032586 0.0237428016415272 0
0.1817770226614975 0.02638977960169689 0
0.1817770226614975 0.0237428016415272 0
0.1917214907032586 0.029698502051909 0
0.1817770226614975 0.03300722450212111 0
0.1817770226614975 0.029698502051909 0
0.1917214907032586 0.03714312756488625 0
0.1817770226614975 0.04127903062765138 0
0.1817770226614975 0.03714312756488625 0
0.1917214907032586 0.04644890945610781 0
0.1817770226614975 0.04644890945610781 0
0.2116104267867806 9.999999999999999e-06 0
0.2016659587450196 2e-05 0
0.2016659587450196 1e-05 0
0.2116104267867806 3.25e-05 0
0.2016659587450196 4.5e-05 0
0.2016659587450196 3.25e-05 0
0.2116104267867806 6.0625e-05 0
0.2016659587450196 7.625000000000001e-05 0
0.2016659587450196 6.0625e-05 0
0.2116104267867806 9.578125e-05 0
0.2016659587450196 0.0001153125 0
0.2016659587450196 9.578125e-05 0
0.2116104267867806 0.0001397265625 0
0.2016659587450196 0.000164140625 0
0.2016659587450196 0.0001397265625 0
0.2116104267867806 0.000194658203125 0
0.2016659587450196 0.00022517578125 0
0.2016659587450196 0.000194658203125 0
0.2116104267867806 0.00026332275390625 0
0.2016659587450196 0.0003014697265625 0
0.2016659587450196 0.00026332275390625 0
0.2116104267867806 0.0003491534423828125 0
0.2016659587450196 0.0003968371582031251 0
0.2016659587450196 0.0003491534423828126 0
0.2116104267867806 0.0004564418029785156 0
0.2016659587450196 0.0005160464477539063 0
0.2016659587450196 0.0004564418029785156 0
0.2116104267867806 0.0005905522537231445 0
0.2016659587450196 0.0006650580596923828 0
0.2016659587450196 0.0005905522537231445 0
0.2116104267867806 0.0007581903171539307 0
0.2016659587450196 0.0008513225746154786 0
0.2016659587450196 0.0007581903171539307 0
0.2116104267867806 0.0009677378964424133 0
0.2016659587450196 0.001084153218269348 0
0.2016659587450196 0.0009677378964424134 0
0.2116104267867806 0.001229672370553017 0
0.2016659587450196 0.001375191522836685 0
0.2016659587450196 0.001229672370553017 0
0.2116104267867806 0.001557090463191271 0
0.2016659587450196 0.001738989403545857 0
0.2016659587450196 0.001557090463191271 0
0.2116104267867806 0.001966363078989088 0
0.2016659587450196 0.00219373675443232 0
0.2016659587450196 0.001966363078989088 0
0.2116104267867806 0.00247795384873636 0
0.2016659587450196 0.002762170943040401 0
0.2016659587450196 0.00247795384873636 0
0.2116104267867806 0.003117442310920451 0
0.2016659587450196 0.003472713678800501 0
0.2016659587450196 0.003117442310920451 0
0.2116104267867806 0.003916802888650563 0
0.2016659587450196 0.004360892098500626 0
0.2016659587450196 0.003916802888650563 0
0.2116104267867806 0.004916003610813204 0
0.2016659587450196 0.005471115123125782 0
0.2016659587450196 0.004916003610813204 0
0.2116104267867806 0.006165004513516505 0
0.2016659587450196 0.006858893903907229 0
0.2016659587450196 0.006165004513516507 0
0.2116104267867806 0.007726255641895632 0
0.2016659587450196 0.008593617379884035 0
0.2016659587450196 0.007726255641895631 0
0.2116104267867806 0.00967781955236954 0
0.2016659587450196 0.01076202172485504 0
0.2016659587450196 0.00967781955236954 0
0.2116104267867806 0.01211727444046192 0
0.2016659587450196 0.01347252715606881 0
0.2016659587450196 0.01211727444046193 0
0.2116104267867806 0.01516659305057741 0
0.2016659587450196 0.01686065894508601 0
0.2016659587450196 0.01516659305057741 0
0.2116104267867806 0.01897824131322176 0
0.2016659587450196 0.02109582368135751 0
0.2016659587450196 0.01897824131322176 0
0.2116104267867806 0.0237428016415272 0
0.2016659587450196 0.02638977960169689 0
0.2016659587450196 0.0237428016415272 0
0.2116104267867806 0.029698502051909 0
0.2016659587450196 0.03300722450212111 0
0.2016659587450196 0.029698502051909 0
0.2116104267867806 0.03714312756488625 0
0.2016659587450196 0.04127903062765138 0
0.2016659587450196 0.03714312756488625 0
0.2116104267867806 0.04644890945610781 0
0.2016659587450196 0.04644890945610781 0
0.2314993628703028 9.999999999999999e-06 0
0.2215548948285417 2e-05 0
0.2215548948285417 9.999999999999999e-06 0
0.2314993628703028 3.25e-05 0
0.2215548948285417 4.5e-05 0
0.2215548948285417 3.25e-05 0
0.2314993628703028 6.0625e-05 0
0.2215548948285417 7.625e-05 0
0.2215548948285417 6.0625e-05 0
0.2314993628703028 9.578125e-05 0
0.2215548948285417 0.0001153125 0
0.2215548948285417 9.578125e-05 0
0.2314993628703028 0.0001397265625 0
0.2215548948285417 0.000164140625 0
0.2215548948285417 0.0001397265625 0
0.2314993628703028 0.000194658203125 0
0.2215548948285417 0.00022517578125 0
0.2215548948285417 0.000194658203125 0
0.2314993628703028 0.00026332275390625 0
0.2215548948285417 0.0003014697265625 0
0.2215548948285417 0.00026332275390625 0
0.2314993628703028 0.0003491534423828125 0
0.2215548948285417 0.000396837158203125 0
0.2215548948285417 0.0003491534423828125 0
0.2314993628703028 0.0004564418029785156 0
0.2215548948285417 0.0005160464477539063 0
0.2215548948285417 0.0004564418029785156 0
0.2314993628703028 0.0005905522537231445 0
0.2215548948285417 0.0006650580596923828 0
0.2215548948285417 0.0005905522537231445 0
0.2314993628703028 0.0007581903171539307 0
0.2215548948285417 0.0008513225746154785 0
0.2215548948285417 0.0007581903171539307 0
0.2314993628703028 0.0009677378964424133 0
0.2215548948285417 0.001084153218269348 0
0.2215548948285417 0.0009677378964424133 0
0.2314993628703028 0.001229672370553017 0
0.2215548948285417 0.001375191522836685 0
0.2215548948285417 0.001229672370553017 0
0.2314993628703028 0.001557090463191271 0
0.2215548948285417 0.001738989403545856 0
0.2215548948285417 0.001557090463191271 0
0.2314993628703028 0.001966363078989088 0
0.2215548948285417 0.00219373675443232 0
0.2215548948285417 0.001966363078989088 0
0.2314993628703028 0.00247795384873636 0
0.2215548948285417 0.002762170943040401 0
0.2215548948285417 0.00247795384873636 0
0.2314993628703028 0.003117442310920451 0
0.2215548948285417 0.003472713678800501 0
0.2215548948285417 0.003117442310920451 0
0.2314993628703028 0.003916802888650563 0
0.2215548948285417 0.004360892098500626 0
0.2215548948285417 0.003916802888650563 0
0.2314993628703028 0.004916003610813204 0
0.2215548948285417 0.005471115123125782 0
0.2215548948285417 0.004916003610813204 0
0.2314993628703028 0.006165004513516505 0
0.2215548948285417 0.006858893903907228 0
0.2215548948285417 0.006165004513516505 0
0.2314993628703028 0.007726255641895632 0
0.2215548948285417 0.008593617379884035 0
0.2215548948285417 0.007726255641895632 0
0.2314993628703028 0.00967781955236954 0
0.2215548948285417 0.01076202172485504 0
0.2215548948285417 0.00967781955236954 0
0.2314993628703028 0.01211727444046192 0
0.2215548948285417 0.01347252715606881 0
0.2215548948285417 0.01211727444046192 0
0.2314993628703028 0.01516659305057741 0
0.2215548948285417 0.01686065894508601 0
0.2215548948285417 0.01516659305057741 0
0.2314993628703028 0.01897824131322176 0
0.2215548948285417 0.02109582368135751 0
0.2215548948285417 0.01897824131322176 0
0.2314993628703028 0.0237428016415272 0
0.2215548948285417 0.02638977960169689 0
0.2215548948285417 0.0237428016415272 0
0.2314993628703028 0.029698502051909 0
0.2215548948285417 0.03300722450212111 0
0.2215548948285417 0.029698502051909 0
0.2314993628703028 0.03714312756488625 0
0.2215548948285417 0.04127903062765138 0
0.2215548948285417 0.03714312756488625 0
0.2314993628703028 0.04644890945610781 0
0.2215548948285417 0.04644890945610781 0
0.2513882989538248 1e-05 0
0.2414438309120638 2e-05 0
0.2414438309120638 9.999999999999999e-06 0
0.2513882989538248 3.25e-05 0
0.2414438309120638 4.5e-05 0
0.2414438309120638 3.249999999999999e-05 0
0.2513882989538248 6.062500000000001e-05 0
0.2414438309120638 7.625000000000001e-05 0
0.2414438309120638 6.062500000000001e-05 0
0.2513882989538248 9.578125000000001e-05 0
0.2414438309120638 0.0001153125 0
0.2414438309120638 9.578125000000001e-05 0
0.2513882989538248 0.0001397265625 0
0.2414438309120638 0.000164140625 0
0.2414438309120638 0.0001397265625 0
0.2513882989538248 0.000194658203125 0
0.2414438309120638 0.00022517578125 0
0.2414438309120638 0.000194658203125 0
0.2513882989538248 0.00026332275390625 0
0.2414438309120638 0.0003014697265625 0
0.2414438309120638 0.00026332275390625 0
0.2513882989538248 0.0003491534423828125 0
0.2414438309120638 0.000396837158203125 0
0.2414438309120638 0.0003491534423828125 0
0.2513882989538248 0.0004564418029785156 0
0.2414438309120638 0.0005160464477539063 0
0.2414438309120638 0.0004564418029785156 0
0.2513882989538248 0.0005905522537231445 0
0.2414438309120638 0.0006650580596923828 0
0.2414438309120638 0.0005905522537231445 0
0.2513882989538248 0.0007581903171539307 0
0.2414438309120638 0.0008513225746154785 0
0.2414438309120638 0.0007581903171539307 0
0.2513882989538248 0.0009677378964424133 0
0.2414438309120638 0.001084153218269348 0
0.2414438309120638 0.0009677378964424133 0
0.2513882989538248 0.001229672370553017 0
0.2414438309120638 0.001375191522836685 0
0.2414438309120638 0.001229672370553017 0
0.2513882989538248 0.001557090463191271 0
0.2414438309120638 0.001738989403545856 0
0.2414438309120638 0.001557090463191271 0
0.2513882989538248 0.001966363078989089 0
0.2414438309120638 0.00219373675443232 0
0.2414438309120638 0.001966363078989088 0
0.2513882989538248 0.002477953848736361 0
0.2414438309120638 0.002762170943040401 0
0.2414438309120638 0.00247795384873636 0
0.2513882989538248 0.003117442310920451 0
0.2414438309120638 0.003472713678800501 0
0.2414438309120638 0.003117442310920451 0
0.2513882989538248 0.003916802888650564 0
0.2414438309120638 0.004360892098500626 0
0.2414438309120638 0.003916802888650563 0
0.2513882989538248 0.004916003610813205 0
0.2414438309120638 0.005471115123125782 0
0.2414438309120638 0.004916003610813204 0
0.2513882989538248 0.006165004513516506 0
0.2414438309120638 0.006858893903907228 0
0.2414438309120638 0.006165004513516505 0
0.2513882989538248 0.007726255641895633 0
0.2414438309120638 0.008593617379884035 0
0.2414438309120638 0.007726255641895632 0
0.2513882989538248 0.009677819552369541 0
0.2414438309120638 0.01076202172485504 0
0.2414438309120638 0.00967781955236954 0
0.2513882989538248 0.01211727444046193 0
0.2414438309120638 0.01347252715606881 0
0.2414438309120638 0.01211727444046192 0
0.2513882989538248 0.01516659305057741 0
0.2414438309120638 0.01686065894508601 0
0.2414438309120638 0.01516659305057741 0
0.2513882989538248 0.01897824131322176 0
0.2414438309120638 0.02109582368135751 0
0.2414438309120638 0.01897824131322176 0
0.2513882989538248 0.0237428016415272 0
0.2414438309120638 0.02638977960169689 0
0.2414438309120638 0.0237428016415272 0
0.2513882989538248 0.029698502051909 0
0.2414438309120638 0.03300722450212111 0
0.2414438309120638 0.029698502051909 0
0.2513882989538248 0.03714312756488625 0
0.2414438309120638 0.04127903062765138 0
0.2414438309120638 0.03714312756488625 0
0.2513882989538248 0.04644890945610781 0
0.2414438309120638 0.04644890945610781 0
0.2712772350373469 1e-05 0
0.2613327669955858 2.000000000000001e-05 0
0.2613327669955859 1e-05 0
0.2712772350373469 3.25e-05 0
0.2613327669955858 4.500000000000001e-05 0
0.2613327669955858 3.25e-05 0
0.2712772350373469 6.062500000000002e-05 0
0.2613327669955858 7.625000000000001e-05 0
0.2613327669955858 6.062500000000001e-05 0
0.2712772350373469 9.578125000000003e-05 0
0.2613327669955858 0.0001153125 0
0.2613327669955858 9.578125000000003e-05 0
0.2712772350373469 0.0001397265625 0
0.2613327669955858 0.000164140625 0
0.2613327669955858 0.0001397265625 0
0.2712772350373469 0.0001946582031250001 0
0.2613327669955858 0.00022517578125 0
0.2613327669955858 0.0001946582031250001 0
0.2712772350373469 0.0002633227539062501 0
0.2613327669955858 0.0003014697265625 0
0.2613327669955858 0.00026332275390625 0
0.2712772350373469 0.0003491534423828126 0
0.2613327669955858 0.0003968371582031251 0
0.2613327669955858 0.0003491534423828125 0
0.2712772350373469 0.0004564418029785157 0
0.2613327669955858 0.0005160464477539063 0
0.2613327669955858 0.0004564418029785157 0
0.2712772350373469 0.0005905522537231446 0
0.2613327669955858 0.0006650580596923828 0
0.2613327669955858 0.0005905522537231445 0
0.2712772350373469 0.0007581903171539309 0
0.2613327669955858 0.0008513225746154786 0
0.2613327669955858 0.0007581903171539309 0
0.2712772350373469 0.0009677378964424136 0
0.2613327669955858 0.001084153218269348 0
0.2613327669955858 0.0009677378964424137 0
0.2712772350373469 0.001229672370553017 0
0.2613327669955858 0.001375191522836685 0
0.2613327669955858 0.001229672370553017 0
0.2712772350373469 0.001557090463191271 0
0.2613327669955858 0.001738989403545857 0
0.2613327669955858 0.001557090463191271 0
0.2712772350373469 0.001966363078989089 0
0.2613327669955858 0.002193736754432321 0
0.2613327669955858 0.001966363078989089 0
0.2712772350373469 0.002477953848736361 0
0.2613327669955858 0.002762170943040401 0
0.2613327669955858 0.002477953848736361 0
0.2712772350373469 0.003117442310920451 0
0.2613327669955858 0.003472713678800502 0
0.2613327669955858 0.003117442310920451 0
0.2712772350373469 0.003916802888650565 0
0.2613327669955858 0.004360892098500628 0
0.2613327669955858 0.003916802888650565 0
0.2712772350373469 0.004916003610813206 0
0.2613327669955858 0.005471115123125784 0
0.2613327669955858 0.004916003610813206 0
0.2712772350373469 0.006165004513516507 0
0.2613327669955858 0.00685889390390723 0
0.2613327669955858 0.006165004513516507 0
0.2712772350373469 0.007726255641895635 0
0.2613327669955858 0.008593617379884039 0
0.2613327669955858 0.007726255641895635 0
0.2712772350373469 0.009677819552369543 0
0.2613327669955858 0.01076202172485505 0
0.2613327669955858 0.009677819552369543 0
0.2712772350373469 0.01211727444046193 0
0.2613327669955858 0.01347252715606881 0
0.2613327669955858 0.01211727444046193 0
0.2712772350373469 0.01516659305057741 0
0.2613327669955858 0.01686065894508601 0
0.2613327669955858 0.01516659305057741 0
0.2712772350373469 0.01897824131322176 0
0.2613327669955858 0.02109582368135751 0
0.2613327669955858 0.01897824131322176 0
0.2712772350373469 0.02374280164152721 0
0.2613327669955858 0.02638977960169689 0
0.2613327669955858 0.02374280164152721 0
0.2712772350373469 0.02969850205190901 0
0.2613327669955858 0.03300722450212111 0
0.2613327669955858 0.029698502051909 0
0.2712772350373469 0.03714312756488625 0
0.2613327669955858 0.04127903062765138 0
0.2613327669955858 0.03714312756488625 0
0.2712772350373469 0.04644890945610781 0
0.2613327669955858 0.04644890945610781 0
0.291166171120869 9.999999999999999e-06 0
0.281221703079108 2e-05 0
0.281221703079108 1e-05 0
0.291166171120869 3.25e-05 0
0.281221703079108 4.5e-05 0
0.281221703079108 3.25e-05 0
0.291166171120869 6.0625e-05 0
0.281221703079108 7.625000000000001e-05 0
0.281221703079108 6.062500000000001e-05 0
0.291166171120869 9.578125e-05 0
0.281221703079108 0.0001153125 0
0.281221703079108 9.578125e-05 0
0.291166171120869 0.0001397265625 0
0.281221703079108 0.000164140625 0
0.281221703079108 0.0001397265625 0
0.291166171120869 0.000194658203125 0
0.281221703079108 0.00022517578125 0
0.281221703079108 0.000194658203125 0
0.291166171120869 0.00026332275390625 0
0.281221703079108 0.0003014697265625 0
0.281221703079108 0.00026332275390625 0
0.291166171120869 0.0003491534423828125 0
0.281221703079108 0.0003968371582031251 0
0.281221703079108 0.0003491534423828126 0
0.291166171120869 0.0004564418029785156 0
0.281221703079108 0.0005160464477539063 0
0.281221703079108 0.0004564418029785156 0
0.291166171120869 0.0005905522537231445 0
0.281221703079108 0.0006650580596923828 0
0.281221703079108 0.0005905522537231445 0
0.291166171120869 0.0007581903171539307 0
0.281221703079108 0.0008513225746154786 0
0.281221703079108 0.0007581903171539307 0
0.291166171120869 0.0009677378964424133 0
0.281221703079108 0.001084153218269348 0
0.281221703079108 0.0009677378964424134 0
0.291166171120869 0.001229672370553017 0
0.281221703079108 0.001375191522836685 0
0.281221703079108 0.001229672370553017 0
0.291166171120869 0.001557090463191271 0
0.281221703079108 0.001738989403545857 0
0.281221703079108 0.001557090463191271 0
0.291166171120869 0.001966363078989088 0
0.281221703079108 0.002193736754432321 0
0.281221703079108 0.001966363078989089 0
0.291166171120869 0.00247795384873636 0
0.281221703079108 0.002762170943040401 0
0.281221703079108 0.002477953848736361 0
0.291166171120869 0.003117442310920451 0
0.281221703079108 0.003472713678800502 0
0.281221703079108 0.003117442310920451 0
0.291166171120869 0.003916802888650563 0
0.281221703079108 0.004360892098500627 0
0.281221703079108 0.003916802888650564 0
0.291166171120869 0.004916003610813204 0
0.281221703079108 0.005471115123125783 0
0.281221703079108 0.004916003610813205 0
0.291166171120869 0.006165004513516505 0
0.281221703079108 0.00685889390390723 0
0.281221703079108 0.006165004513516505 0
0.291166171120869 0.007726255641895632 0
0.281221703079108 0.008593617379884037 0
0.281221703079108 0.007726255641895633 0
0.291166171120869 0.00967781955236954 0
0.281221703079108 0.01076202172485505 0
0.281221703079108 0.009677819552369541 0
0.291166171120869 0.01211727444046192 0
0.281221703079108 0.01347252715606881 0
0.281221703079108 0.01211727444046193 0
0.291166171120869 0.01516659305057741 0
0.281221703079108 0.01686065894508601 0
0.281221703079108 0.01516659305057741 0
0.291166171120869 0.01897824131322176 0
0.281221703079108 0.02109582368135751 0
0.281221703079108 0.01897824131322176 0
0.291166171120869 0.0237428016415272 0
0.281221703079108 0.02638977960169689 0
0.281221703079108 0.0237428016415272 0
0.291166171120869 0.029698502051909 0
0.281221703079108 0.03300722450212111 0
0.281221703079108 0.029698502051909 0
0.291166171120869 0.03714312756488625 0
0.281221703079108 0.04127903062765138 0
0.281221703079108 0.03714312756488625 0
0.291166171120869 0.04644890945610781 0
0.281221703079108 0.04644890945610781 0
0.311055107204391 1e-05 0
0.30111063916263 2e-05 0
0.30111063916263 9.999999999999999e-06 0
0.311055107204391 3.25e-05 0
0.30111063916263 4.5e-05 0
0.30111063916263 3.249999999999999e-05 0
0.311055107204391 6.062500000000001e-05 0
0.30111063916263 7.625000000000001e-05 0
0.30111063916263 6.062500000000001e-05 0
0.311055107204391 9.578125000000001e-05 0
0.30111063916263 0.0001153125 0
0.30111063916263 9.578125000000001e-05 0
0.311055107204391 0.0001397265625 0
0.30111063916263 0.000164140625 0
0.30111063916263 0.0001397265625 0
0.311055107204391 0.000194658203125 0
0.30111063916263 0.00022517578125 0
0.30111063916263 0.000194658203125 0
0.311055107204391 0.00026332275390625 0
0.30111063916263 0.0003014697265625 0
0.30111063916263 0.00026332275390625 0
0.311055107204391 0.0003491534423828125 0
0.30111063916263 0.000396837158203125 0
0.30111063916263 0.0003491534423828125 0
0.311055107204391 0.0004564418029785156 0
0.30111063916263 0.0005160464477539063 0
0.30111063916263 0.0004564418029785156 0
0.311055107204391 0.0005905522537231445 0
0.30111063916263 0.0006650580596923828 0
0.30111063916263 0.0005905522537231445 0
0.311055107204391 0.0007581903171539307 0
0.30111063916263 0.0008513225746154785 0
0.30111063916263 0.0007581903171539307 0
0.311055107204391 0.0009677378964424133 0
0.30111063916263 0.001084153218269348 0
0.30111063916263 0.0009677378964424133 0
0.311055107204391 0.001229672370553017 0
0.30111063916263 0.001375191522836685 0
0.30111063916263 0.001229672370553017 0
0.311055107204391 0.001557090463191271 0
0.30111063916263 0.001738989403545856 0
0.30111063916263 0.001557090463191271 0
0.311055107204391 0.001966363078989089 0
0.30111063916263 0.00219373675443232 0
0.30111063916263 0.001966363078989088 0
0.311055107204391 0.002477953848736361 0
0.30111063916263 0.002762170943040401 0
0.30111063916263 0.00247795384873636 0
0.311055107204391 0.003117442310920451 0
0.30111063916263 0.003472713678800501 0
0.30111063916263 0.003117442310920451 0
0.311055107204391 0.003916802888650564 0
0.30111063916263 0.004360892098500626 0
0.30111063916263 0.003916802888650563 0
0.311055107204391 0.004916003610813205 0
0.30111063916263 0.005471115123125782 0
0.30111063916263 0.004916003610813204 0
0.311055107204391 0.006165004513516506 0
0.30111063916263 0.006858893903907228 0
0.30111063916263 0.006165004513516505 0
0.311055107204391 0.007726255641895633 0
0.30111063916263 0.008593617379884035 0
0.30111063916263 0.007726255641895632 0
0.311055107204391 0.009677819552369541 0
0.30111063916263 0.01076202172485504 0
0.30111063916263 0.00967781955236954 0
0.311055107204391 0.01211727444046193 0
0.30111063916263 0.01347252715606881 0
0.30111063916263 0.01211727444046192 0
0.311055107204391 0.01516659305057741 0
0.30111063916263 0.01686065894508601 0
0.30111063916263 0.01516659305057741 0
0.311055107204391 0.01897824131322176 0
0.30111063916263 0.02109582368135751 0
0.30111063916263 0.01897824131322176 0
0.311055107204391 0.0237428016415272 0
0.30111063916263 0.02638977960169689 0
0.30111063916263 0.0237428016415272 0
0.311055107204391 0.029698502051909 0
0.30111063916263 0.03300722450212111 0
0.30111063916263 0.029698502051909 0
0.311055107204391 0.03714312756488625 0
0.30111063916263 0.04127903062765138 0
0.30111063916263 0.03714312756488625 0
0.311055107204391 0.04644890945610781 0
0.30111063916263 0.04644890945610781 0
0.3309440432879132 9.999999999999999e-06 0
0.3209995752461521 2e-05 0
0.3209995752461521 9.999999999999999e-06 0
0.3309440432879132 3.25e-05 0
0.3209995752461521 4.5e-05 0
0.3209995752461521 3.25e-05 0
0.3309440432879132 6.0625e-05 0
0.3209995752461521 7.625000000000001e-05 0
0.3209995752461521 6.0625e-05 0
0.3309440432879132 9.578125e-05 0
0.3209995752461521 0.0001153125 0
0.3209995752461521 9.578125e-05 0
0.3309440432879132 0.0001397265625 0
0.3209995752461521 0.000164140625 0
0.3209995752461521 0.0001397265625 0
0.3309440432879132 0.000194658203125 0
0.3209995752461521 0.00022517578125 0
0.3209995752461521 0.000194658203125 0
0.3309440432879132 0.00026332275390625 0
0.3209995752461521 0.0003014697265625 0
0.3209995752461521 0.00026332275390625 0
0.3309440432879132 0.0003491534423828125 0
0.3209995752461521 0.000396837158203125 0
0.3209995752461521 0.0003491534423828125 0
0.3309440432879132 0.0004564418029785156 0
0.3209995752461521 0.0005160464477539063 0
0.3209995752461521 0.0004564418029785156 0
0.3309440432879132 0.0005905522537231445 0
0.3209995752461521 0.0006650580596923828 0
0.3209995752461521 0.0005905522537231445 0
0.3309440432879132 0.0007581903171539307 0
0.3209995752461521 0.0008513225746154785 0
0.3209995752461521 0.0007581903171539307 0
0.3309440432879132 0.0009677378964424133 0
0.3209995752461521 0.001084153218269348 0
0.3209995752461521 0.0009677378964424133 0
0.3309440432879132 0.001229672370553017 0
0.3209995752461521 0.001375191522836685 0
0.3209995752461521 0.001229672370553017 0
0.3309440432879132 0.001557090463191271 0
0.3209995752461521 0.001738989403545856 0
0.3209995752461521 0.001557090463191271 0
0.3309440432879132 0.001966363078989088 0
0.3209995752461521 0.00219373675443232 0
0.3209995752461521 0.001966363078989088 0
0.3309440432879132 0.00247795384873636 0
0.3209995752461521 0.002762170943040401 0
0.3209995752461521 0.00247795384873636 0
0.3309440432879132 0.003117442310920451 0
0.3209995752461521 0.003472713678800501 0
0.3209995752461521 0.003117442310920451 0
0.3309440432879132 0.003916802888650563 0
0.3209995752461521 0.004360892098500626 0
0.3209995752461521 0.003916802888650563 0
0.3309440432879132 0.004916003610813204 0
0.3209995752461521 0.005471115123125782 0
0.3209995752461521 0.004916003610813204 0
0.3309440432879132 0.006165004513516505 0
0.3209995752461521 0.006858893903907228 0
0.3209995752461521 0.006165004513516505 0
0.3309440432879132 0.007726255641895632 0
0.3209995752461521 0.008593617379884035 0
0.3209995752461521 0.007726255641895633 0
0.3309440432879132 0.00967781955236954 0
0.3209995752461521 0.01076202172485504 0
0.3209995752461521 0.00967781955236954 0
0.3309440432879132 0.01211727444046192 0
0.3209995752461521 0.01347252715606881 0
0.3209995752461521 0.01211727444046192 0
0.3309440432879132 0.01516659305057741 0
0.3209995752461521 0.01686065894508601 0
0.3209995752461521 0.01516659305057741 0
0.3309440432879132 0.01897824131322176 0
0.3209995752461521 0.02109582368135751 0
0.3209995752461521 0.01897824131322176 0
0.3309440432879132 0.0237428016415272 0
0.3209995752461521 0.02638977960169689 0
0.3209995752461521 0.0237428016415272 0
0.3309440432879132 0.029698502051909 0
0.3209995752461521 0.03300722450212111 0
0.3209995752461521 0.029698502051909 0
0.3309440432879132 0.03714312756488625 0
0.3209995752461521 0.04127903062765138 0
0.3209995752461521 0.03714312756488625 0
0.3309440432879132 0.04644890945610781 0
0.3209995752461521 0.04644890945610781 0
0.3408885113296741 2e-05 0
0.3408885113296741 1e-05 0
0.3408885113296741 4.5e-05 0
0.3408885113296741 3.25e-05 0
0.3408885113296741 7.625000000000001e-05 0
0.3408885113296741 6.062500000000002e-05 0
0.3408885113296741 0.0001153125 0
0.3408885113296741 9.578125000000001e-05 0
0.3408885113296741 0.000164140625 0
0.3408885113296741 0.0001397265625 0
0.3408885113296741 0.00022517578125 0
0.3408885113296741 0.000194658203125 0
0.3408885113296741 0.0003014697265625 0
0.3408885113296741 0.00026332275390625 0
0.3408885113296741 0.0003968371582031251 0
0.3408885113296741 0.0003491534423828125 0
0.3408885113296741 0.0005160464477539063 0
0.3408885113296741 0.0004564418029785157 0
0.3408885113296741 0.0006650580596923828 0
0.3408885113296741 0.0005905522537231445 0
0.3408885113296741 0.0008513225746154786 0
0.3408885113296741 0.0007581903171539309 0
0.3408885113296741 0.001084153218269348 0
0.3408885113296741 0.0009677378964424137 0
0.3408885113296741 0.001375191522836685 0
0.3408885113296741 0.001229672370553017 0
0.3408885113296741 0.001738989403545857 0
0.3408885113296741 0.001557090463191271 0
0.3408885113296741 0.00219373675443232 0
0.3408885113296741 0.001966363078989088 0
0.3408885113296741 0.002762170943040401 0
0.3408885113296741 0.00247795384873636 0
0.3408885113296741 0.003472713678800501 0
0.3408885113296741 0.003117442310920451 0
0.3408885113296741 0.004360892098500626 0
0.3408885113296741 0.003916802888650563 0
0.3408885113296741 0.005471115123125782 0
0.3408885113296741 0.004916003610813204 0
0.3408885113296741 0.006858893903907229 0
0.3408885113296741 0.006165004513516505 0
0.3408885113296741 0.008593617379884035 0
0.3408885113296741 0.007726255641895633 0
0.3408885113296741 0.01076202172485504 0
0.3408885113296741 0.00967781955236954 0
0.3408885113296741 0.01347252715606881 0
0.3408885113296741 0.01211727444046193 0
0.3408885113296741 0.01686065894508601 0
0.3408885113296741 0.01516659305057741 0
0.3408885113296741 0.02109582368135751 0
0.3408885113296741 0.01897824131322176 0
0.3408885113296741 0.02638977960169689 0
0.3408885113296741 0.0237428016415272 0
0.3408885113296741 0.03300722450212111 0
0.3408885113296741 0.029698502051909 0
0.3408885113296741 0.04127903062765138 0
0.3408885113296741 0.03714312756488625 0
0.3408885113296741 0.04644890945610781 0
0.9816433591698422 1e-05 0
0.9795360364095351 2e-05 0
0.9774287136492281 9.999999999999999e-06 0
0.9795360364095351 9.999999999999999e-06 0
0.9816433591698422 3.25e-05 0
0.9795360364095351 4.5e-05 0
0.9774287136492281 3.25e-05 0
0.9795360364095351 3.249999999999999e-05 0
0.9816433591698422 6.062500000000001e-05 0
0.9795360364095351 7.625000000000001e-05 0
0.9774287136492281 6.0625e-05 0
0.9795360364095351 6.062500000000001e-05 0
0.9816433591698422 9.578125000000001e-05 0
0.9795360364095351 0.0001153125 0
0.9774287136492281 9.578125e-05 0
0.9795360364095351 9.578125000000001e-05 0
0.9816433591698422 0.0001397265625 0
0.9795360364095351 0.000164140625 0
0.9774287136492281 0.0001397265625 0
0.9795360364095351 0.0001397265625 0
0.9816433591698422 0.000194658203125 0
0.9795360364095351 0.00022517578125 0
0.9774287136492281 0.000194658203125 0
0.9795360364095351 0.000194658203125 0
0.9816433591698422 0.00026332275390625 0
0.9795360364095351 0.0003014697265625 0
0.9774287136492281 0.00026332275390625 0
0.9795360364095351 0.00026332275390625 0
0.9816433591698422 0.0003491534423828125 0
0.9795360364095351 0.000396837158203125 0
0.9774287136492281 0.0003491534423828125 0
0.9795360364095351 0.0003491534423828125 0
0.9816433591698422 0.0004564418029785156 0
0.9795360364095351 0.0005160464477539063 0
0.9774287136492281 0.0004564418029785156 0
0.9795360364095351 0.0004564418029785156 0
0.9816433591698422 0.0005905522537231445 0
0.9795360364095351 0.0006650580596923828 0
0.9774287136492281 0.0005905522537231445 0
0.9795360364095351 0.0005905522537231445 0
0.9816433591698422 0.0007581903171539307 0
0.9795360364095351 0.0008513225746154785 0
0.9774287136492281 0.0007581903171539307 0
0.9795360364095351 0.0007581903171539307 0
0.9816433591698422 0.0009677378964424133 0
0.9795360364095351 0.001084153218269348 0
0.9774287136492281 0.0009677378964424133 0
0.9795360364095351 0.0009677378964424133 0
0.9816433591698422 0.001229672370553017 0
0.9795360364095351 0.001375191522836685 0
0.9774287136492281 0.001229672370553017 0
0.9795360364095351 0.001229672370553017 0
0.9816433591698422 0.001557090463191271 0
0.9795360364095351 0.001738989403545856 0
0.9774287136492281 0.001557090463191271 0
0.9795360364095351 0.001557090463191271 0
0.9816433591698422 0.001966363078989089 0
0.9795360364095351 0.00219373675443232 0
0.9774287136492281 0.001966363078989088 0
0.9795360364095351 0.001966363078989088 0
0.9816433591698422 0.002477953848736361 0
0.9795360364095351 0.002762170943040401 0
0.9774287136492281 0.00247795384873636 0
0.9795360364095351 0.00247795384873636 0
0.9816433591698422 0.003117442310920451 0
0.9795360364095351 0.003472713678800501 0
0.9774287136492281 0.003117442310920451 0
0.9795360364095351 0.003117442310920451 0
0.9816433591698422 0.003916802888650564 0
0.9795360364095351 0.004360892098500626 0
0.9774287136492281 0.003916802888650563 0
0.9795360364095351 0.003916802888650563 0
0.9816433591698422 0.004916003610813205 0
0.9795360364095351 0.005471115123125782 0
0.9774287136492281 0.004916003610813204 0
0.9795360364095351 0.004916003610813204 0
0.9816433591698422 0.006165004513516506 0
0.9795360364095351 0.006858893903907228 0
0.9774287136492281 0.006165004513516505 0
0.9795360364095351 0.006165004513516505 0
0.9816433591698422 0.007726255641895633 0
0.9795360364095351 0.008593617379884035 0
0.9774287136492281 0.007726255641895632 0
0.9795360364095351 0.007726255641895632 0
0.9816433591698422 0.009677819552369541 0
0.9795360364095351 0.01076202172485504 0
0.9774287136492281 0.00967781955236954 0
0.9795360364095351 0.00967781955236954 0
0.9816433591698422 0.01211727444046193 0
0.9795360364095351 0.01347252715606881 0
0.9774287136492281 0.01211727444046192 0
0.9795360364095351 0.01211727444046192 0
0.9816433591698422 0.01516659305057741 0
0.9795360364095351 0.01686065894508601 0
0.9774287136492281 0.01516659305057741 0
0.9795360364095351 0.01516659305057741 0
0.9816433591698422 0.01897824131322176 0
0.9795360364095351 0.02109582368135751 0
0.9774287136492281 0.01897824131322176 0
0.9795360364095351 0.01897824131322176 0
0.9816433591698422 0.0237428016415272 0
0.9795360364095351 0.02638977960169689 0
0.9774287136492281 0.0237428016415272 0
0.9795360364095351 0.0237428016415272 0
0.9816433591698422 0.029698502051909 0
0.9795360364095351 0.03300722450212111 0
0.9774287136492281 0.029698502051909 0
0.9795360364095351 0.029698502051909 0
0.9816433591698422 0.03714312756488625 0
0.9795360364095351 0.04127903062765138 0
0.9774287136492281 0.03714312756488625 0
0.9795360364095351 0.03714312756488625 0
0.9816433591698422 0.04644890945610781 0
0.9774287136492281 0.04644890945610781 0
0.9795360364095351 0.04644890945610781 0
0.9851047305185197 1e-05 0
0.983374044844181 2.000000000000001e-05 0
0.9833740448441809 1e-05 0
0.9851047305185197 3.25e-05 0
0.983374044844181 4.500000000000001e-05 0
0.983374044844181 3.25e-05 0
0.9851047305185197 6.062500000000001e-05 0
0.983374044844181 7.625000000000001e-05 0
0.983374044844181 6.062500000000001e-05 0
0.9851047305185197 9.578125000000001e-05 0
0.983374044844181 0.0001153125 0
0.983374044844181 9.578125000000001e-05 0
0.9851047305185197 0.0001397265625 0
0.983374044844181 0.000164140625 0
0.983374044844181 0.0001397265625 0
0.9851047305185197 0.0001946582031250001 0
0.983374044844181 0.00022517578125 0
0.983374044844181 0.0001946582031250001 0
0.9851047305185197 0.0002633227539062501 0
0.983374044844181 0.0003014697265625 0
0.983374044844181 0.00026332275390625 0
0.9851047305185197 0.0003491534423828126 0
0.983374044844181 0.0003968371582031251 0
0.983374044844181 0.0003491534423828125 0
0.9851047305185197 0.0004564418029785157 0
0.983374044844181 0.0005160464477539063 0
0.983374044844181 0.0004564418029785157 0
0.9851047305185197 0.0005905522537231446 0
0.983374044844181 0.0006650580596923828 0
0.983374044844181 0.0005905522537231445 0
0.9851047305185197 0.0007581903171539309 0
0.983374044844181 0.0008513225746154786 0
0.983374044844181 0.0007581903171539309 0
0.9851047305185197 0.0009677378964424136 0
0.983374044844181 0.001084153218269348 0
0.983374044844181 0.0009677378964424137 0
0.9851047305185197 0.001229672370553017 0
0.983374044844181 0.001375191522836685 0
0.983374044844181 0.001229672370553017 0
0.9851047305185197 0.001557090463191271 0
0.983374044844181 0.001738989403545857 0
0.983374044844181 0.001557090463191271 0
0.9851047305185197 0.001966363078989089 0
0.983374044844181 0.002193736754432321 0
0.983374044844181 0.001966363078989089 0
0.9851047305185197 0.002477953848736361 0
0.983374044844181 0.002762170943040401 0
0.983374044844181 0.002477953848736361 0
0.9851047305185197 0.003117442310920451 0
0.983374044844181 0.003472713678800502 0
0.983374044844181 0.003117442310920451 0
0.9851047305185197 0.003916802888650564 0
0.983374044844181 0.004360892098500627 0
0.983374044844181 0.003916802888650564 0
0.9851047305185197 0.004916003610813205 0
0.983374044844181 0.005471115123125783 0
0.983374044844181 0.004916003610813205 0
0.9851047305185197 0.006165004513516507 0
0.983374044844181 0.00685889390390723 0
0.983374044844181 0.006165004513516507 0
0.9851047305185197 0.007726255641895633 0
0.983374044844181 0.008593617379884037 0
0.983374044844181 0.007726255641895633 0
0.9851047305185197 0.009677819552369541 0
0.983374044844181 0.01076202172485505 0
0.983374044844181 0.009677819552369541 0
0.9851047305185197 0.01211727444046193 0
0.983374044844181 0.01347252715606881 0
0.983374044844181 0.01211727444046193 0
0.9851047305185197 0.01516659305057741 0
0.983374044844181 0.01686065894508601 0
0.983374044844181 0.01516659305057741 0
0.9851047305185197 0.01897824131322176 0
0.983374044844181 0.02109582368135751 0
0.983374044844181 0.01897824131322176 0
0.9851047305185197 0.0237428016415272 0
0.983374044844181 0.02638977960169689 0
0.983374044844181 0.0237428016415272 0
0.9851047305185197 0.029698502051909 0
0.983374044844181 0.03300722450212111 0
0.983374044844181 0.029698502051909 0
0.9851047305185197 0.03714312756488625 0
0.983374044844181 0.04127903062765138 0
0.983374044844181 0.03714312756488625 0
0.9851047305185197 0.04644890945610781 0
0.983374044844181 0.04644890945610781 0
0.9879474597311783 9.999999999999999e-06 0
0.9865260951248489 2e-05 0
0.9865260951248489 1e-05 0
0.9879474597311783 3.25e-05 0
0.9865260951248489 4.5e-05 0
0.9865260951248489 3.25e-05 0
0.9879474597311783 6.0625e-05 0
0.9865260951248489 7.625000000000001e-05 0
0.9865260951248489 6.0625e-05 0
0.9879474597311783 9.578125e-05 0
0.9865260951248489 0.0001153125 0
0.9865260951248489 9.578125e-05 0
0.9879474597311783 0.0001397265625 0
0.9865260951248489 0.000164140625 0
0.9865260951248489 0.0001397265625 0
0.9879474597311783 0.000194658203125 0
0.9865260951248489 0.00022517578125 0
0.9865260951248489 0.000194658203125 0
0.9879474597311783 0.00026332275390625 0
0.9865260951248489 0.0003014697265625 0
0.9865260951248489 0.00026332275390625 0
0.9879474597311783 0.0003491534423828125 0
0.9865260951248489 0.0003968371582031251 0
0.9865260951248489 0.0003491534423828126 0
0.9879474597311783 0.0004564418029785156 0
0.9865260951248489 0.0005160464477539063 0
0.9865260951248489 0.0004564418029785156 0
0.9879474597311783 0.0005905522537231445 0
0.9865260951248489 0.0006650580596923828 0
0.9865260951248489 0.0005905522537231445 0
0.9879474597311783 0.0007581903171539307 0
0.9865260951248489 0.0008513225746154786 0
0.9865260951248489 0.0007581903171539307 0
0.9879474597311783 0.0009677378964424133 0
0.9865260951248489 0.001084153218269348 0
0.9865260951248489 0.0009677378964424134 0
0.9879474597311783 0.001229672370553017 0
0.9865260951248489 0.001375191522836685 0
0.9865260951248489 0.001229672370553017 0
0.9879474597311783 0.001557090463191271 0
0.9865260951248489 0.001738989403545857 0
0.9865260951248489 0.001557090463191271 0
0.9879474597311783 0.001966363078989088 0
0.9865260951248489 0.00219373675443232 0
0.9865260951248489 0.001966363078989088 0
0.9879474597311783 0.00247795384873636 0
0.9865260951248489 0.002762170943040401 0
0.9865260951248489 0.00247795384873636 0
0.9879474597311783 0.003117442310920451 0
0.9865260951248489 0.003472713678800501 0
0.9865260951248489 0.003117442310920451 0
0.9879474597311783 0.003916802888650563 0
0.9865260951248489 0.004360892098500626 0
0.9865260951248489 0.003916802888650563 0
0.9879474597311783 0.004916003610813204 0
0.9865260951248489 0.005471115123125782 0
0.9865260951248489 0.004916003610813204 0
0.9879474597311783 0.006165004513516505 0
0.9865260951248489 0.006858893903907229 0
0.9865260951248489 0.006165004513516507 0
0.9879474597311783 0.007726255641895632 0
0.9865260951248489 0.008593617379884035 0
0.9865260951248489 0.007726255641895631 0
0.9879474597311783 0.00967781955236954 0
0.9865260951248489 0.01076202172485504 0
0.9865260951248489 0.00967781955236954 0
0.9879474597311783 0.01211727444046192 0
0.9865260951248489 0.01347252715606881 0
0.9865260951248489 0.01211727444046193 0
0.9879474597311783 0.01516659305057741 0
0.9865260951248489 0.01686065894508601 0
0.9865260951248489 0.01516659305057741 0
0.9879474597311783 0.01897824131322176 0
0.9865260951248489 0.02109582368135751 0
0.9865260951248489 0.01897824131322176 0
0.9879474597311783 0.0237428016415272 0
0.9865260951248489 0.02638977960169689 0
0.9865260951248489 0.0237428016415272 0
0.9879474597311783 0.029698502051909 0
0.9865260951248489 0.03300722450212111 0
0.9865260951248489 0.029698502051909 0
0.9879474597311783 0.03714312756488625 0
0.9865260951248489 0.04127903062765138 0
0.9865260951248489 0.03714312756488625 0
0.9879474597311783 0.04644890945610781 0
0.9865260951248489 0.04644890945610781 0
0.9902821145205986 9.999999999999999e-06 0
0.9891147871258884 2e-05 0
0.9891147871258884 9.999999999999999e-06 0
0.9902821145205986 3.25e-05 0
0.9891147871258884 4.5e-05 0
0.9891147871258884 3.25e-05 0
0.9902821145205986 6.0625e-05 0
0.9891147871258884 7.625e-05 0
0.9891147871258884 6.0625e-05 0
0.9902821145205986 9.578125e-05 0
0.9891147871258884 0.0001153125 0
0.9891147871258884 9.578125e-05 0
0.9902821145205986 0.0001397265625 0
0.9891147871258884 0.000164140625 0
0.9891147871258884 0.0001397265625 0
0.9902821145205986 0.000194658203125 0
0.9891147871258884 0.00022517578125 0
0.9891147871258884 0.000194658203125 0
0.9902821145205986 0.00026332275390625 0
0.9891147871258884 0.0003014697265625 0
0.9891147871258884 0.00026332275390625 0
0.9902821145205986 0.0003491534423828125 0
0.9891147871258884 0.000396837158203125 0
0.9891147871258884 0.0003491534423828125 0
0.9902821145205986 0.0004564418029785156 0
0.9891147871258884 0.0005160464477539063 0
0.9891147871258884 0.0004564418029785156 0
0.9902821145205986 0.0005905522537231445 0
0.9891147871258884 0.0006650580596923828 0
0.9891147871258884 0.0005905522537231445 0
0.9902821145205986 0.0007581903171539307 0
0.9891147871258884 0.0008513225746154785 0
0.9891147871258884 0.0007581903171539307 0
0.9902821145205986 0.0009677378964424133 0
0.9891147871258884 0.001084153218269348 0
0.9891147871258884 0.0009677378964424133 0
0.9902821145205986 0.001229672370553017 0
0.9891147871258884 0.001375191522836685 0
0.9891147871258884 0.001229672370553017 0
0.9902821145205986 0.001557090463191271 0
0.9891147871258884 0.001738989403545856 0
0.9891147871258884 0.001557090463191271 0
0.9902821145205986 0.001966363078989088 0
0.9891147871258884 0.00219373675443232 0
0.9891147871258884 0.001966363078989088 0
0.9902821145205986 0.00247795384873636 0
0.9891147871258884 0.002762170943040401 0
0.9891147871258884 0.00247795384873636 0
0.9902821145205986 0.003117442310920451 0
0.9891147871258884 0.003472713678800501 0
0.9891147871258884 0.003117442310920451 0
0.9902821145205986 0.003916802888650563 0
0.9891147871258884 0.004360892098500626 0
0.9891147871258884 0.003916802888650563 0
0.9902821145205986 0.004916003610813204 0
0.9891147871258884 0.005471115123125782 0
0.9891147871258884 0.004916003610813204 0
0.9902821145205986 0.006165004513516505 0
0.9891147871258884 0.006858893903907228 0
0.9891147871258884 0.006165004513516505 0
0.9902821145205986 0.007726255641895632 0
0.9891147871258884 0.008593617379884035 0
0.9891147871258884 0.007726255641895632 0
0.9902821145205986 0.00967781955236954 0
0.9891147871258884 0.01076202172485504 0
0.9891147871258884 0.00967781955236954 0
0.9902821145205986 0.01211727444046192 0
0.9891147871258884 0.01347252715606881 0
0.9891147871258884 0.01211727444046192 0
0.9902821145205986 0.01516659305057741 0
0.9891147871258884 0.01686065894508601 0
0.9891147871258884 0.01516659305057741 0
0.9902821145205986 0.01897824131322176 0
0.9891147871258884 0.02109582368135751 0
0.9891147871258884 0.01897824131322176 0
0.9902821145205986 0.0237428016415272 0
0.9891147871258884 0.02638977960169689 0
0.9891147871258884 0.0237428016415272 0
0.9902821145205986 0.029698502051909 0
0.9891147871258884 0.03300722450212111 0
0.9891147871258884 0.029698502051909 0
0.9902821145205986 0.03714312756488625 0
0.9891147871258884 0.04127903062765138 0
0.9891147871258884 0.03714312756488625 0
0.9902821145205986 0.04644890945610781 0
0.9891147871258884 0.04644890945610781 0
0.4104997876220014 1e-05 0
0.4005553195802404 2.000000000000001e-05 0
0.4005553195802404 1e-05 0
0.4104997876220014 3.25e-05 0
0.4005553195802404 4.500000000000001e-05 0
0.4005553195802404 3.25e-05 0
0.4104997876220014 6.062500000000001e-05 0
0.4005553195802404 7.625000000000001e-05 0
0.4005553195802404 6.062500000000001e-05 0
0.4104997876220014 9.578125000000001e-05 0
0.4005553195802404 0.0001153125 0
0.4005553195802404 9.578125000000001e-05 0
0.4104997876220014 0.0001397265625 0
0.4005553195802404 0.000164140625 0
0.4005553195802404 0.0001397265625 0
0.4104997876220014 0.0001946582031250001 0
0.4005553195802404 0.0002251757812500001 0
0.4005553195802404 0.0001946582031250001 0
0.4104997876220014 0.0002633227539062501 0
0.4005553195802404 0.0003014697265625001 0
0.4005553195802404 0.0002633227539062501 0
0.4104997876220014 0.0003491534423828126 0
0.4005553195802404 0.0003968371582031251 0
0.4005553195802404 0.0003491534423828126 0
0.4104997876220014 0.0004564418029785157 0
0.4005553195802404 0.0005160464477539064 0
0.4005553195802404 0.0004564418029785157 0
0.4104997876220014 0.0005905522537231446 0
0.4005553195802404 0.0006650580596923829 0
0.4005553195802404 0.0005905522537231446 0
0.4104997876220014 0.0007581903171539309 0
0.4005553195802404 0.0008513225746154787 0
0.4005553195802404 0.0007581903171539309 0
0.4104997876220014 0.0009677378964424136 0
0.4005553195802404 0.001084153218269348 0
0.4005553195802404 0.0009677378964424136 0
0.4104997876220014 0.001229672370553017 0
0.4005553195802404 0.001375191522836685 0
0.4005553195802404 0.001229672370553017 0
0.4104997876220014 0.001557090463191271 0
0.4005553195802404 0.001738989403545857 0
0.4005553195802404 0.001557090463191271 0
0.4104997876220014 0.001966363078989089 0
0.4005553195802404 0.002193736754432321 0
0.4005553195802404 0.001966363078989089 0
0.4104997876220014 0.002477953848736361 0
0.4005553195802404 0.002762170943040401 0
0.4005553195802404 0.002477953848736361 0
0.4104997876220014 0.003117442310920451 0
0.4005553195802404 0.003472713678800502 0
0.4005553195802404 0.003117442310920451 0
0.4104997876220014 0.003916802888650564 0
0.4005553195802404 0.004360892098500627 0
0.4005553195802404 0.003916802888650564 0
0.4104997876220014 0.004916003610813205 0
0.4005553195802404 0.005471115123125783 0
0.4005553195802404 0.004916003610813205 0
0.4104997876220014 0.006165004513516507 0
0.4005553195802404 0.00685889390390723 0
0.4005553195802404 0.006165004513516507 0
0.4104997876220014 0.007726255641895633 0
0.4005553195802404 0.008593617379884037 0
0.4005553195802404 0.007726255641895633 0
0.4104997876220014 0.009677819552369541 0
0.4005553195802404 0.01076202172485505 0
0.4005553195802404 0.009677819552369541 0
0.4104997876220014 0.01211727444046193 0
0.4005553195802404 0.01347252715606881 0
0.4005553195802404 0.01211727444046193 0
0.4104997876220014 0.01516659305057741 0
0.4005553195802404 0.01686065894508601 0
0.4005553195802404 0.01516659305057741 0
0.4104997876220014 0.01897824131322176 0
0.4005553195802404 0.02109582368135751 0
0.4005553195802404 0.01897824131322176 0
0.4104997876220014 0.0237428016415272 0
0.4005553195802404 0.02638977960169689 0
0.4005553195802404 0.0237428016415272 0
0.4104997876220014 0.029698502051909 0
0.4005553195802404 0.03300722450212111 0
0.4005553195802404 0.029698502051909 0
0.4104997876220014 0.03714312756488625 0
0.4005553195802404 0.04127903062765139 0
0.4005553195802404 0.03714312756488625 0
0.4104997876220014 0.04644890945610781 0
0.4005553195802404 0.04644890945610781 0
0.4303887237055236 1e-05 0
0.4204442556637625 2.000000000000001e-05 0
0.4204442556637625 1e-05 0
0.4303887237055236 3.25e-05 0
0.4204442556637625 4.500000000000001e-05 0
0.4204442556637625 3.25e-05 0
0.4303887237055236 6.062500000000001e-05 0
0.4204442556637625 7.625000000000001e-05 0
0.4204442556637625 6.062500000000001e-05 0
0.4303887237055236 9.578125000000001e-05 0
0.4204442556637625 0.0001153125 0
0.4204442556637625 9.578125000000001e-05 0
0.4303887237055236 0.0001397265625 0
0.4204442556637625 0.000164140625 0
0.4204442556637625 0.0001397265625 0
0.4303887237055236 0.0001946582031250001 0
0.4204442556637625 0.0002251757812500001 0
0.4204442556637625 0.0001946582031250001 0
0.4303887237055236 0.0002633227539062501 0
0.4204442556637625 0.0003014697265625001 0
0.4204442556637625 0.0002633227539062501 0
0.4303887237055236 0.0003491534423828126 0
0.4204442556637625 0.0003968371582031251 0
0.4204442556637625 0.0003491534423828126 0
0.4303887237055236 0.0004564418029785157 0
0.4204442556637625 0.0005160464477539064 0
0.4204442556637625 0.0004564418029785157 0
0.4303887237055236 0.0005905522537231446 0
0.4204442556637625 0.0006650580596923829 0
0.4204442556637625 0.0005905522537231446 0
0.4303887237055236 0.0007581903171539309 0
0.4204442556637625 0.0008513225746154787 0
0.4204442556637625 0.0007581903171539309 0
0.4303887237055236 0.0009677378964424136 0
0.4204442556637625 0.001084153218269348 0
0.4204442556637625 0.0009677378964424136 0
0.4303887237055236 0.001229672370553017 0
0.4204442556637625 0.001375191522836685 0
0.4204442556637625 0.001229672370553017 0
0.4303887237055236 0.001557090463191271 0
0.4204442556637625 0.001738989403545857 0
0.4204442556637625 0.001557090463191271 0
0.4303887237055236 0.001966363078989089 0
0.4204442556637625 0.002193736754432321 0
0.4204442556637625 0.001966363078989089 0
0.4303887237055236 0.002477953848736361 0
0.4204442556637625 0.002762170943040401 0
0.4204442556637625 0.002477953848736361 0
0.4303887237055236 0.003117442310920451 0
0.4204442556637625 0.003472713678800502 0
0.4204442556637625 0.003117442310920451 0
0.4303887237055236 0.003916802888650564 0
0.4204442556637625 0.004360892098500627 0
0.4204442556637625 0.003916802888650564 0
0.4303887237055236 0.004916003610813205 0
0.4204442556637625 0.005471115123125783 0
0.4204442556637625 0.004916003610813205 0
0.4303887237055236 0.006165004513516507 0
0.4204442556637625 0.00685889390390723 0
0.4204442556637625 0.006165004513516507 0
0.4303887237055236 0.007726255641895633 0
0.4204442556637625 0.008593617379884037 0
0.4204442556637625 0.007726255641895633 0
0.4303887237055236 0.009677819552369541 0
0.4204442556637625 0.01076202172485505 0
0.4204442556637625 0.009677819552369541 0
0.4303887237055236 0.01211727444046193 0
0.4204442556637625 0.01347252715606881 0
0.4204442556637625 0.01211727444046193 0
0.4303887237055236 0.01516659305057741 0
0.4204442556637625 0.01686065894508601 0
0.4204442556637625 0.01516659305057741 0
0.4303887237055236 0.01897824131322176 0
0.4204442556637625 0.02109582368135751 0
0.4204442556637625 0.01897824131322176 0
0.4303887237055236 0.0237428016415272 0
0.4204442556637625 0.02638977960169689 0
0.4204442556637625 0.0237428016415272 0
0.4303887237055236 0.029698502051909 0
0.4204442556637625 0.03300722450212111 0
0.4204442556637625 0.029698502051909 0
0.4303887237055236 0.03714312756488625 0
0.4204442556637625 0.04127903062765139 0
0.4204442556637625 0.03714312756488625 0
0.4303887237055236 0.04644890945610781 0
0.4204442556637625 0.04644890945610781 0
0.4502776597890455 1e-05 0
0.4403331917472846 2.000000000000001e-05 0
0.4403331917472846 1e-05 0
0.4502776597890455 3.25e-05 0
0.4403331917472846 4.500000000000001e-05 0
0.4403331917472846 3.25e-05 0
0.4502776597890455 6.062500000000001e-05 0
0.4403331917472846 7.625000000000001e-05 0
0.4403331917472846 6.062500000000001e-05 0
0.4502776597890455 9.578125000000001e-05 0
0.4403331917472846 0.0001153125 0
0.4403331917472846 9.578125000000001e-05 0
0.4502776597890455 0.0001397265625 0
0.4403331917472846 0.000164140625 0
0.4403331917472846 0.0001397265625 0
0.4502776597890455 0.000194658203125 0
0.4403331917472846 0.00022517578125 0
0.4403331917472846 0.0001946582031250001 0
0.4502776597890455 0.00026332275390625 0
0.4403331917472846 0.0003014697265625 0
0.4403331917472846 0.00026332275390625 0
0.4502776597890455 0.0003491534423828125 0
0.4403331917472846 0.0003968371582031251 0
0.4403331917472846 0.0003491534423828126 0
0.4502776597890455 0.0004564418029785156 0
0.4403331917472846 0.0005160464477539063 0
0.4403331917472846 0.0004564418029785156 0
0.4502776597890455 0.0005905522537231445 0
0.4403331917472846 0.0006650580596923828 0
0.4403331917472846 0.0005905522537231445 0
0.4502776597890455 0.0007581903171539307 0
0.4403331917472846 0.0008513225746154786 0
0.4403331917472846 0.0007581903171539307 0
0.4502776597890455 0.0009677378964424133 0
0.4403331917472846 0.001084153218269348 0
0.4403331917472846 0.0009677378964424134 0
0.4502776597890455 0.001229672370553017 0
0.4403331917472846 0.001375191522836685 0
0.4403331917472846 0.001229672370553017 0
0.4502776597890455 0.001557090463191271 0
0.4403331917472846 0.001738989403545857 0
0.4403331917472846 0.001557090463191271 0
0.4502776597890455 0.001966363078989089 0
0.4403331917472846 0.002193736754432321 0
0.4403331917472846 0.001966363078989089 0
0.4502776597890455 0.002477953848736361 0
0.4403331917472846 0.002762170943040401 0
0.4403331917472846 0.002477953848736361 0
0.4502776597890455 0.003117442310920451 0
0.4403331917472846 0.003472713678800502 0
0.4403331917472846 0.003117442310920451 0
0.4502776597890455 0.003916802888650564 0
0.4403331917472846 0.004360892098500627 0
0.4403331917472846 0.003916802888650564 0
0.4502776597890455 0.004916003610813205 0
0.4403331917472846 0.005471115123125783 0
0.4403331917472846 0.004916003610813205 0
0.4502776597890455 0.006165004513516506 0
0.4403331917472846 0.00685889390390723 0
0.4403331917472846 0.006165004513516506 0
0.4502776597890455 0.007726255641895633 0
0.4403331917472846 0.008593617379884037 0
0.4403331917472846 0.007726255641895633 0
0.4502776597890455 0.009677819552369541 0
0.4403331917472846 0.01076202172485505 0
0.4403331917472846 0.009677819552369541 0
0.4502776597890455 0.01211727444046193 0
0.4403331917472846 0.01347252715606881 0
0.4403331917472846 0.01211727444046193 0
0.4502776597890455 0.01516659305057741 0
0.4403331917472846 0.01686065894508601 0
0.4403331917472846 0.01516659305057741 0
0.4502776597890455 0.01897824131322176 0
0.4403331917472846 0.02109582368135751 0
0.4403331917472846 0.01897824131322176 0
0.4502776597890455 0.0237428016415272 0
0.4403331917472846 0.02638977960169689 0
0.4403331917472846 0.0237428016415272 0
0.4502776597890455 0.029698502051909 0
0.4403331917472846 0.03300722450212111 0
0.4403331917472846 0.029698502051909 0
0.4502776597890455 0.03714312756488625 0
0.4403331917472846 0.04127903062765138 0
0.4403331917472846 0.03714312756488625 0
0.4502776597890455 0.04644890945610781 0
0.4403331917472846 0.04644890945610781 0
0.4701665958725677 9.999999999999999e-06 0
0.4602221278308066 2e-05 0
0.4602221278308066 9.999999999999999e-06 0
0.4701665958725677 3.25e-05 0
0.4602221278308066 4.5e-05 0
0.4602221278308066 3.25e-05 0
0.4701665958725677 6.0625e-05 0
0.4602221278308066 7.625000000000001e-05 0
0.4602221278308066 6.0625e-05 0
0.4701665958725677 9.578125e-05 0
0.4602221278308066 0.0001153125 0
0.4602221278308066 9.578125e-05 0
0.4701665958725677 0.0001397265625 0
0.4602221278308066 0.000164140625 0
0.4602221278308066 0.0001397265625 0
0.4701665958725677 0.000194658203125 0
0.4602221278308066 0.00022517578125 0
0.4602221278308066 0.000194658203125 0
0.4701665958725677 0.00026332275390625 0
0.4602221278308066 0.0003014697265625 0
0.4602221278308066 0.00026332275390625 0
0.4701665958725677 0.0003491534423828125 0
0.4602221278308066 0.000396837158203125 0
0.4602221278308066 0.0003491534423828125 0
0.4701665958725677 0.0004564418029785156 0
0.4602221278308066 0.0005160464477539063 0
0.4602221278308066 0.0004564418029785156 0
0.4701665958725677 0.0005905522537231445 0
0.4602221278308066 0.0006650580596923828 0
0.4602221278308066 0.0005905522537231445 0
0.4701665958725677 0.0007581903171539307 0
0.4602221278308066 0.0008513225746154785 0
0.4602221278308066 0.0007581903171539307 0
0.4701665958725677 0.0009677378964424133 0
0.4602221278308066 0.001084153218269348 0
0.4602221278308066 0.0009677378964424133 0
0.4701665958725677 0.001229672370553017 0
0.4602221278308066 0.001375191522836685 0
0.4602221278308066 0.001229672370553017 0
0.4701665958725677 0.001557090463191271 0
0.4602221278308066 0.001738989403545856 0
0.4602221278308066 0.001557090463191271 0
0.4701665958725677 0.001966363078989088 0
0.4602221278308066 0.00219373675443232 0
0.4602221278308066 0.001966363078989088 0
0.4701665958725677 0.00247795384873636 0
0.4602221278308066 0.002762170943040401 0
0.4602221278308066 0.00247795384873636 0
0.4701665958725677 0.003117442310920451 0
0.4602221278308066 0.003472713678800501 0
0.4602221278308066 0.003117442310920451 0
0.4701665958725677 0.003916802888650563 0
0.4602221278308066 0.004360892098500626 0
0.4602221278308066 0.003916802888650563 0
0.4701665958725677 0.004916003610813204 0
0.4602221278308066 0.005471115123125782 0
0.4602221278308066 0.004916003610813204 0
0.4701665958725677 0.006165004513516505 0
0.4602221278308066 0.006858893903907228 0
0.4602221278308066 0.006165004513516505 0
0.4701665958725677 0.007726255641895632 0
0.4602221278308066 0.008593617379884035 0
0.4602221278308066 0.007726255641895633 0
0.4701665958725677 0.00967781955236954 0
0.4602221278308066 0.01076202172485504 0
0.4602221278308066 0.00967781955236954 0
0.4701665958725677 0.01211727444046192 0
0.4602221278308066 0.01347252715606881 0
0.4602221278308066 0.01211727444046192 0
0.4701665958725677 0.01516659305057741 0
0.4602221278308066 0.01686065894508601 0
0.4602221278308066 0.01516659305057741 0
0.4701665958725677 0.01897824131322176 0
0.4602221278308066 0.02109582368135751 0
0.4602221278308066 0.01897824131322176 0
0.4701665958725677 0.0237428016415272 0
0.4602221278308066 0.02638977960169689 0
0.4602221278308066 0.0237428016415272 0
0.4701665958725677 0.029698502051909 0
0.4602221278308066 0.03300722450212111 0
0.4602221278308066 0.029698502051909 0
0.4701665958725677 0.03714312756488625 0
0.4602221278308066 0.04127903062765138 0
0.4602221278308066 0.03714312756488625 0
0.4701665958725677 0.04644890945610781 0
0.4602221278308066 0.04644890945610781 0
0.4900555319560898 1e-05 0
0.4801110639143288 2.000000000000001e-05 0
0.4801110639143288 1e-05 0
0.4900555319560898 3.250000000000001e-05 0
0.4801110639143288 4.500000000000001e-05 0
0.4801110639143288 3.25e-05 0
0.4900555319560898 6.062500000000002e-05 0
0.4801110639143288 7.625000000000001e-05 0
0.4801110639143288 6.062500000000001e-05 0
0.4900555319560898 9.578125000000003e-05 0
0.4801110639143288 0.0001153125 0
0.4801110639143288 9.578125000000003e-05 0
0.4900555319560898 0.0001397265625 0
0.4801110639143288 0.000164140625 0
0.4801110639143288 0.0001397265625 0
0.4900555319560898 0.0001946582031250001 0
0.4801110639143288 0.0002251757812500001 0
0.4801110639143288 0.000194658203125 0
0.4900555319560898 0.0002633227539062501 0
0.4801110639143288 0.0003014697265625001 0
0.4801110639143288 0.0002633227539062501 0
0.4900555319560898 0.0003491534423828127 0
0.4801110639143288 0.0003968371582031251 0
0.4801110639143288 0.0003491534423828126 0
0.4900555319560898 0.0004564418029785158 0
0.4801110639143288 0.0005160464477539064 0
0.4801110639143288 0.0004564418029785157 0
0.4900555319560898 0.0005905522537231448 0
0.4801110639143288 0.0006650580596923829 0
0.4801110639143288 0.0005905522537231446 0
0.4900555319560898 0.000758190317153931 0
0.4801110639143288 0.0008513225746154787 0
0.4801110639143288 0.0007581903171539308 0
0.4900555319560898 0.0009677378964424138 0
0.4801110639143288 0.001084153218269348 0
0.4801110639143288 0.0009677378964424136 0
0.4900555319560898 0.001229672370553017 0
0.4801110639143288 0.001375191522836685 0
0.4801110639143288 0.001229672370553017 0
0.4900555319560898 0.001557090463191271 0
0.4801110639143288 0.001738989403545857 0
0.4801110639143288 0.001557090463191271 0
0.4900555319560898 0.001966363078989089 0
0.4801110639143288 0.002193736754432321 0
0.4801110639143288 0.001966363078989089 0
0.4900555319560898 0.002477953848736361 0
0.4801110639143288 0.002762170943040401 0
0.4801110639143288 0.002477953848736361 0
0.4900555319560898 0.003117442310920452 0
0.4801110639143288 0.003472713678800502 0
0.4801110639143288 0.003117442310920451 0
0.4900555319560898 0.003916802888650565 0
0.4801110639143288 0.004360892098500627 0
0.4801110639143288 0.003916802888650564 0
0.4900555319560898 0.004916003610813206 0
0.4801110639143288 0.005471115123125783 0
0.4801110639143288 0.004916003610813205 0
0.4900555319560898 0.006165004513516508 0
0.4801110639143288 0.00685889390390723 0
0.4801110639143288 0.006165004513516507 0
0.4900555319560898 0.007726255641895635 0
0.4801110639143288 0.008593617379884037 0
0.4801110639143288 0.007726255641895633 0
0.4900555319560898 0.009677819552369543 0
0.4801110639143288 0.01076202172485505 0
0.4801110639143288 0.009677819552369541 0
0.4900555319560898 0.01211727444046193 0
0.4801110639143288 0.01347252715606881 0
0.4801110639143288 0.01211727444046193 0
0.4900555319560898 0.01516659305057741 0
0.4801110639143288 0.01686065894508601 0
0.4801110639143288 0.01516659305057741 0
0.4900555319560898 0.01897824131322176 0
0.4801110639143288 0.02109582368135751 0
0.4801110639143288 0.01897824131322176 0
0.4900555319560898 0.02374280164152721 0
0.4801110639143288 0.02638977960169689 0
0.4801110639143288 0.0237428016415272 0
0.4900555319560898 0.02969850205190901 0
0.4801110639143288 0.03300722450212111 0
0.4801110639143288 0.029698502051909 0
0.4900555319560898 0.03714312756488626 0
0.4801110639143288 0.04127903062765139 0
0.4801110639143288 0.03714312756488626 0
0.4900555319560898 0.04644890945610783 0
0.4801110639143288 0.04644890945610782 0
0.509944468039667 9.999999999999999e-06 0
0.4999999999978784 2.000000000000001e-05 0
0.4999999999978646 1e-05 0
0.509944468039667 3.25e-05 0
0.4999999999978784 4.500000000000001e-05 0
0.4999999999978784 3.25e-05 0
0.509944468039667 6.0625e-05 0
0.4999999999978784 7.625000000000001e-05 0
0.4999999999978784 6.062500000000001e-05 0
0.509944468039667 9.578125e-05 0
0.4999999999978784 0.0001153125 0
0.4999999999978784 9.578125e-05 0
0.509944468039667 0.0001397265625 0
0.4999999999978784 0.000164140625 0
0.4999999999978784 0.0001397265625 0
0.509944468039667 0.000194658203125 0
0.4999999999978784 0.0002251757812500001 0
0.4999999999978784 0.000194658203125 0
0.509944468039667 0.00026332275390625 0
0.4999999999978784 0.0003014697265625001 0
0.4999999999978784 0.0002633227539062501 0
0.509944468039667 0.0003491534423828125 0
0.4999999999978784 0.0003968371582031251 0
0.4999999999978784 0.0003491534423828126 0
0.509944468039667 0.0004564418029785156 0
0.4999999999978784 0.0005160464477539064 0
0.4999999999978784 0.0004564418029785157 0
0.509944468039667 0.0005905522537231445 0
0.4999999999978784 0.0006650580596923829 0
0.4999999999978784 0.0005905522537231446 0
0.509944468039667 0.0007581903171539307 0
0.4999999999978784 0.0008513225746154787 0
0.4999999999978784 0.0007581903171539308 0
0.509944468039667 0.0009677378964424133 0
0.4999999999978784 0.001084153218269348 0
0.4999999999978784 0.0009677378964424136 0
0.509944468039667 0.001229672370553017 0
0.4999999999978784 0.001375191522836685 0
0.4999999999978784 0.001229672370553017 0
0.509944468039667 0.001557090463191271 0
0.4999999999978784 0.001738989403545857 0
0.4999999999978784 0.001557090463191271 0
0.509944468039667 0.001966363078989088 0
0.4999999999978784 0.002193736754432321 0
0.4999999999978784 0.001966363078989089 0
0.509944468039667 0.00247795384873636 0
0.4999999999978784 0.002762170943040401 0
0.4999999999978784 0.002477953848736361 0
0.509944468039667 0.003117442310920451 0
0.4999999999978784 0.003472713678800502 0
0.4999999999978784 0.003117442310920451 0
0.509944468039667 0.003916802888650563 0
0.4999999999978784 0.004360892098500627 0
0.4999999999978784 0.003916802888650564 0
0.509944468039667 0.004916003610813204 0
0.4999999999978784 0.005471115123125783 0
0.4999999999978784 0.004916003610813205 0
0.509944468039667 0.006165004513516505 0
0.4999999999978784 0.00685889390390723 0
0.4999999999978784 0.006165004513516506 0
0.509944468039667 0.007726255641895632 0
0.4999999999978784 0.008593617379884037 0
0.4999999999978784 0.007726255641895633 0
0.509944468039667 0.00967781955236954 0
0.4999999999978784 0.01076202172485505 0
0.4999999999978784 0.009677819552369541 0
0.509944468039667 0.01211727444046192 0
0.4999999999978784 0.01347252715606881 0
0.4999999999978784 0.01211727444046193 0
0.509944468039667 0.01516659305057741 0
0.4999999999978784 0.01686065894508601 0
0.4999999999978784 0.01516659305057741 0
0.509944468039667 0.01897824131322176 0
0.4999999999978784 0.02109582368135751 0
0.4999999999978784 0.01897824131322176 0
0.509944468039667 0.0237428016415272 0
0.4999999999978784 0.02638977960169689 0
0.4999999999978784 0.0237428016415272 0
0.509944468039667 0.029698502051909 0
0.4999999999978784 0.03300722450212111 0
0.4999999999978784 0.029698502051909 0
0.509944468039667 0.03714312756488625 0
0.4999999999978784 0.04127903062765139 0
0.4999999999978784 0.03714312756488626 0
0.509944468039667 0.04644890945610781 0
0.4999999999978784 0.04644890945610781 0
0.5298334041232995 1e-05 0
0.5198889360814832 2e-05 0
0.5198889360814832 9.999999999999999e-06 0
0.5298334041232995 3.25e-05 0
0.5198889360814832 4.5e-05 0
0.5198889360814832 3.249999999999999e-05 0
0.5298334041232995 6.062500000000001e-05 0
0.5198889360814832 7.625000000000001e-05 0
0.5198889360814832 6.062500000000001e-05 0
0.5298334041232995 9.578125000000001e-05 0
0.5198889360814832 0.0001153125 0
0.5198889360814832 9.578125000000001e-05 0
0.5298334041232995 0.0001397265625 0
0.5198889360814832 0.000164140625 0
0.5198889360814832 0.0001397265625 0
0.5298334041232995 0.000194658203125 0
0.5198889360814832 0.00022517578125 0
0.5198889360814832 0.000194658203125 0
0.5298334041232995 0.00026332275390625 0
0.5198889360814832 0.0003014697265625 0
0.5198889360814832 0.00026332275390625 0
0.5298334041232995 0.0003491534423828125 0
0.5198889360814832 0.000396837158203125 0
0.5198889360814832 0.0003491534423828125 0
0.5298334041232995 0.0004564418029785156 0
0.5198889360814832 0.0005160464477539063 0
0.5198889360814832 0.0004564418029785156 0
0.5298334041232995 0.0005905522537231445 0
0.5198889360814832 0.0006650580596923828 0
0.5198889360814832 0.0005905522537231445 0
0.5298334041232995 0.0007581903171539307 0
0.5198889360814832 0.0008513225746154785 0
0.5198889360814832 0.0007581903171539307 0
0.5298334041232995 0.0009677378964424133 0
0.5198889360814832 0.001084153218269348 0
0.5198889360814832 0.0009677378964424133 0
0.5298334041232995 0.001229672370553017 0
0.5198889360814832 0.001375191522836685 0
0.5198889360814832 0.001229672370553017 0
0.5298334041232995 0.001557090463191271 0
0.5198889360814832 0.001738989403545856 0
0.5198889360814832 0.001557090463191271 0
0.5298334041232995 0.001966363078989089 0
0.5198889360814832 0.00219373675443232 0
0.5198889360814832 0.001966363078989088 0
0.5298334041232995 0.002477953848736361 0
0.5198889360814832 0.002762170943040401 0
0.5198889360814832 0.00247795384873636 0
0.5298334041232995 0.003117442310920451 0
0.5198889360814832 0.003472713678800501 0
0.5198889360814832 0.003117442310920451 0
0.5298334041232995 0.003916802888650564 0
0.5198889360814832 0.004360892098500626 0
0.5198889360814832 0.003916802888650563 0
0.5298334041232995 0.004916003610813205 0
0.5198889360814832 0.005471115123125782 0
0.5198889360814832 0.004916003610813204 0
0.5298334041232995 0.006165004513516506 0
0.5198889360814832 0.006858893903907228 0
0.5198889360814832 0.006165004513516505 0
0.5298334041232995 0.007726255641895633 0
0.5198889360814832 0.008593617379884035 0
0.5198889360814832 0.007726255641895632 0
0.5298334041232995 0.009677819552369541 0
0.5198889360814832 0.01076202172485504 0
0.5198889360814832 0.00967781955236954 0
0.5298334041232995 0.01211727444046193 0
0.5198889360814832 0.01347252715606881 0
0.5198889360814832 0.01211727444046192 0
0.5298334041232995 0.01516659305057741 0
0.5198889360814832 0.01686065894508601 0
0.5198889360814832 0.01516659305057741 0
0.5298334041232995 0.01897824131322176 0
0.5198889360814832 0.02109582368135751 0
0.5198889360814832 0.01897824131322176 0
0.5298334041232995 0.0237428016415272 0
0.5198889360814832 0.02638977960169689 0
0.5198889360814832 0.0237428016415272 0
0.5298334041232995 0.029698502051909 0
0.5198889360814832 0.03300722450212111 0
0.5198889360814832 0.029698502051909 0
0.5298334041232995 0.03714312756488625 0
0.5198889360814832 0.04127903062765138 0
0.5198889360814832 0.03714312756488625 0
0.5298334041232995 0.04644890945610781 0
0.5198889360814832 0.04644890945610781 0
0.5497223402069318 1e-05 0
0.5397778721651156 2e-05 0
0.5397778721651156 1e-05 0
0.5497223402069318 3.25e-05 0
0.5397778721651156 4.5e-05 0
0.5397778721651156 3.25e-05 0
0.5497223402069318 6.062500000000001e-05 0
0.5397778721651156 7.625000000000001e-05 0
0.5397778721651156 6.062500000000001e-05 0
0.5497223402069318 9.578125000000001e-05 0
0.5397778721651156 0.0001153125 0
0.5397778721651156 9.578125000000001e-05 0
0.5497223402069318 0.0001397265625 0
0.5397778721651156 0.000164140625 0
0.5397778721651156 0.0001397265625 0
0.5497223402069318 0.000194658203125 0
0.5397778721651156 0.00022517578125 0
0.5397778721651156 0.000194658203125 0
0.5497223402069318 0.00026332275390625 0
0.5397778721651156 0.0003014697265625 0
0.5397778721651156 0.00026332275390625 0
0.5497223402069318 0.0003491534423828125 0
0.5397778721651156 0.000396837158203125 0
0.5397778721651156 0.0003491534423828125 0
0.5497223402069318 0.0004564418029785156 0
0.5397778721651156 0.0005160464477539063 0
0.5397778721651156 0.0004564418029785156 0
0.5497223402069318 0.0005905522537231445 0
0.5397778721651156 0.0006650580596923828 0
0.5397778721651156 0.0005905522537231445 0
0.5497223402069318 0.0007581903171539307 0
0.5397778721651156 0.0008513225746154785 0
0.5397778721651156 0.0007581903171539307 0
0.5497223402069318 0.0009677378964424133 0
0.5397778721651156 0.001084153218269348 0
0.5397778721651156 0.0009677378964424133 0
0.5497223402069318 0.001229672370553017 0
0.5397778721651156 0.001375191522836685 0
0.5397778721651156 0.001229672370553017 0
0.5497223402069318 0.001557090463191271 0
0.5397778721651156 0.001738989403545856 0
0.5397778721651156 0.001557090463191271 0
0.5497223402069318 0.001966363078989089 0
0.5397778721651156 0.002193736754432321 0
0.5397778721651156 0.001966363078989088 0
0.5497223402069318 0.002477953848736361 0
0.5397778721651156 0.002762170943040401 0
0.5397778721651156 0.002477953848736361 0
0.5497223402069318 0.003117442310920451 0
0.5397778721651156 0.003472713678800501 0
0.5397778721651156 0.003117442310920451 0
0.5497223402069318 0.003916802888650564 0
0.5397778721651156 0.004360892098500627 0
0.5397778721651156 0.003916802888650563 0
0.5497223402069318 0.004916003610813205 0
0.5397778721651156 0.005471115123125783 0
0.5397778721651156 0.004916003610813205 0
0.5497223402069318 0.006165004513516506 0
0.5397778721651156 0.006858893903907229 0
0.5397778721651156 0.006165004513516506 0
0.5497223402069318 0.007726255641895633 0
0.5397778721651156 0.008593617379884037 0
0.5397778721651156 0.007726255641895633 0
0.5497223402069318 0.009677819552369541 0
0.5397778721651156 0.01076202172485505 0
0.5397778721651156 0.009677819552369541 0
0.5497223402069318 0.01211727444046193 0
0.5397778721651156 0.01347252715606881 0
0.5397778721651156 0.01211727444046193 0
0.5497223402069318 0.01516659305057741 0
0.5397778721651156 0.01686065894508601 0
0.5397778721651156 0.01516659305057741 0
0.5497223402069318 0.01897824131322176 0
0.5397778721651156 0.02109582368135751 0
0.5397778721651156 0.01897824131322176 0
0.5497223402069318 0.0237428016415272 0
0.5397778721651156 0.02638977960169689 0
0.5397778721651156 0.0237428016415272 0
0.5497223402069318 0.029698502051909 0
0.5397778721651156 0.03300722450212111 0
0.5397778721651156 0.029698502051909 0
0.5497223402069318 0.03714312756488625 0
0.5397778721651156 0.04127903062765138 0
0.5397778721651156 0.03714312756488625 0
0.5497223402069318 0.04644890945610781 0
0.5397778721651156 0.04644890945610781 0
0.5696112762905643 1e-05 0
0.559666808248748 2e-05 0
0.559666808248748 1e-05 0
0.5696112762905643 3.25e-05 0
0.559666808248748 4.5e-05 0
0.559666808248748 3.25e-05 0
0.5696112762905643 6.062500000000001e-05 0
0.559666808248748 7.625000000000001e-05 0
0.559666808248748 6.062500000000001e-05 0
0.5696112762905643 9.578125000000001e-05 0
0.559666808248748 0.0001153125 0
0.559666808248748 9.578125000000001e-05 0
0.5696112762905643 0.0001397265625 0
0.559666808248748 0.000164140625 0
0.559666808248748 0.0001397265625 0
0.5696112762905643 0.000194658203125 0
0.559666808248748 0.00022517578125 0
0.559666808248748 0.000194658203125 0
0.5696112762905643 0.00026332275390625 0
0.559666808248748 0.0003014697265625 0
0.559666808248748 0.00026332275390625 0
0.5696112762905643 0.0003491534423828125 0
0.559666808248748 0.000396837158203125 0
0.559666808248748 0.0003491534423828125 0
0.5696112762905643 0.0004564418029785156 0
0.559666808248748 0.0005160464477539063 0
0.559666808248748 0.0004564418029785156 0
0.5696112762905643 0.0005905522537231445 0
0.559666808248748 0.0006650580596923828 0
0.559666808248748 0.0005905522537231445 0
0.5696112762905643 0.0007581903171539307 0
0.559666808248748 0.0008513225746154785 0
0.559666808248748 0.0007581903171539307 0
0.5696112762905643 0.0009677378964424133 0
0.559666808248748 0.001084153218269348 0
0.559666808248748 0.0009677378964424133 0
0.5696112762905643 0.001229672370553017 0
0.559666808248748 0.001375191522836685 0
0.559666808248748 0.001229672370553017 0
0.5696112762905643 0.001557090463191271 0
0.559666808248748 0.001738989403545856 0
0.559666808248748 0.001557090463191271 0
0.5696112762905643 0.001966363078989089 0
0.559666808248748 0.002193736754432321 0
0.559666808248748 0.001966363078989088 0
0.5696112762905643 0.002477953848736361 0
0.559666808248748 0.002762170943040401 0
0.559666808248748 0.002477953848736361 0
0.5696112762905643 0.003117442310920451 0
0.559666808248748 0.003472713678800501 0
0.559666808248748 0.003117442310920451 0
0.5696112762905643 0.003916802888650564 0
0.559666808248748 0.004360892098500627 0
0.559666808248748 0.003916802888650563 0
0.5696112762905643 0.004916003610813205 0
0.559666808248748 0.005471115123125783 0
0.559666808248748 0.004916003610813205 0
0.5696112762905643 0.006165004513516506 0
0.559666808248748 0.006858893903907229 0
0.559666808248748 0.006165004513516506 0
0.5696112762905643 0.007726255641895633 0
0.559666808248748 0.008593617379884037 0
0.559666808248748 0.007726255641895633 0
0.5696112762905643 0.009677819552369541 0
0.559666808248748 0.01076202172485505 0
0.559666808248748 0.009677819552369541 0
0.5696112762905643 0.01211727444046193 0
0.559666808248748 0.01347252715606881 0
0.559666808248748 0.01211727444046193 0
0.5696112762905643 0.01516659305057741 0
0.559666808248748 0.01686065894508601 0
0.559666808248748 0.01516659305057741 0
0.5696112762905643 0.01897824131322176 0
0.559666808248748 0.02109582368135751 0
0.559666808248748 0.01897824131322176 0
0.5696112762905643 0.0237428016415272 0
0.559666808248748 0.02638977960169689 0
0.559666808248748 0.0237428016415272 0
0.5696112762905643 0.029698502051909 0
0.559666808248748 0.03300722450212111 0
0.559666808248748 0.029698502051909 0
0.5696112762905643 0.03714312756488625 0
0.559666808248748 0.04127903062765138 0
0.559666808248748 0.03714312756488625 0
0.5696112762905643 0.04644890945610781 0
0.559666808248748 0.04644890945610781 0
0.5895002123741966 1e-05 0
0.5795557443323804 2e-05 0
0.5795557443323804 1e-05 0
0.5895002123741966 3.25e-05 0
0.5795557443323804 4.5e-05 0
0.5795557443323804 3.25e-05 0
0.5895002123741966 6.062500000000001e-05 0
0.5795557443323804 7.625000000000001e-05 0
0.5795557443323804 6.062500000000001e-05 0
0.5895002123741966 9.578125000000001e-05 0
0.5795557443323804 0.0001153125 0
0.5795557443323804 9.578125000000001e-05 0
0.5895002123741966 0.0001397265625 0
0.5795557443323804 0.000164140625 0
0.5795557443323804 0.0001397265625 0
0.5895002123741966 0.000194658203125 0
0.5795557443323804 0.00022517578125 0
0.5795557443323804 0.000194658203125 0
0.5895002123741966 0.00026332275390625 0
0.5795557443323804 0.0003014697265625 0
0.5795557443323804 0.00026332275390625 0
0.5895002123741966 0.0003491534423828125 0
0.5795557443323804 0.000396837158203125 0
0.5795557443323804 0.0003491534423828125 0
0.5895002123741966 0.0004564418029785156 0
0.5795557443323804 0.0005160464477539063 0
0.5795557443323804 0.0004564418029785156 0
0.5895002123741966 0.0005905522537231445 0
0.5795557443323804 0.0006650580596923828 0
0.5795557443323804 0.0005905522537231445 0
0.5895002123741966 0.0007581903171539307 0
0.5795557443323804 0.0008513225746154785 0
0.5795557443323804 0.0007581903171539307 0
0.5895002123741966 0.0009677378964424133 0
0.5795557443323804 0.001084153218269348 0
0.5795557443323804 0.0009677378964424133 0
0.5895002123741966 0.001229672370553017 0
0.5795557443323804 0.001375191522836685 0
0.5795557443323804 0.001229672370553017 0
0.5895002123741966 0.001557090463191271 0
0.5795557443323804 0.001738989403545856 0
0.5795557443323804 0.001557090463191271 0
0.5895002123741966 0.001966363078989089 0
0.5795557443323804 0.002193736754432321 0
0.5795557443323804 0.001966363078989088 0
0.5895002123741966 0.002477953848736361 0
0.5795557443323804 0.002762170943040401 0
0.5795557443323804 0.002477953848736361 0
0.5895002123741966 0.003117442310920451 0
0.5795557443323804 0.003472713678800501 0
0.5795557443323804 0.003117442310920451 0
0.5895002123741966 0.003916802888650564 0
0.5795557443323804 0.004360892098500627 0
0.5795557443323804 0.003916802888650563 0
0.5895002123741966 0.004916003610813205 0
0.5795557443323804 0.005471115123125783 0
0.5795557443323804 0.004916003610813205 0
0.5895002123741966 0.006165004513516506 0
0.5795557443323804 0.006858893903907229 0
0.5795557443323804 0.006165004513516506 0
0.5895002123741966 0.007726255641895633 0
0.5795557443323804 0.008593617379884037 0
0.5795557443323804 0.007726255641895633 0
0.5895002123741966 0.009677819552369541 0
0.5795557443323804 0.01076202172485505 0
0.5795557443323804 0.009677819552369541 0
0.5895002123741966 0.01211727444046193 0
0.5795557443323804 0.01347252715606881 0
0.5795557443323804 0.01211727444046193 0
0.5895002123741966 0.01516659305057741 0
0.5795557443323804 0.01686065894508601 0
0.5795557443323804 0.01516659305057741 0
0.5895002123741966 0.01897824131322176 0
0.5795557443323804 0.02109582368135751 0
0.5795557443323804 0.01897824131322176 0
0.5895002123741966 0.0237428016415272 0
0.5795557443323804 0.02638977960169689 0
0.5795557443323804 0.0237428016415272 0
0.5895002123741966 0.029698502051909 0
0.5795557443323804 0.03300722450212111 0
0.5795557443323804 0.029698502051909 0
0.5895002123741966 0.03714312756488625 0
0.5795557443323804 0.04127903062765138 0
0.5795557443323804 0.03714312756488625 0
0.5895002123741966 0.04644890945610781 0
0.5795557443323804 0.04644890945610781 0
0.6093891484578291 1e-05 0
0.5994446804160128 2e-05 0
0.5994446804160128 1e-05 0
0.6093891484578291 3.25e-05 0
0.5994446804160128 4.5e-05 0
0.5994446804160128 3.25e-05 0
0.6093891484578291 6.062500000000001e-05 0
0.5994446804160128 7.625000000000001e-05 0
0.5994446804160128 6.062500000000001e-05 0
0.6093891484578291 9.578125000000001e-05 0
0.5994446804160128 0.0001153125 0
0.5994446804160128 9.578125000000001e-05 0
0.6093891484578291 0.0001397265625 0
0.5994446804160128 0.000164140625 0
0.5994446804160128 0.0001397265625 0
0.6093891484578291 0.000194658203125 0
0.5994446804160128 0.00022517578125 0
0.5994446804160128 0.000194658203125 0
0.6093891484578291 0.00026332275390625 0
0.5994446804160128 0.0003014697265625 0
0.5994446804160128 0.00026332275390625 0
0.6093891484578291 0.0003491534423828125 0
0.5994446804160128 0.000396837158203125 0
0.5994446804160128 0.0003491534423828125 0
0.6093891484578291 0.0004564418029785156 0
0.5994446804160128 0.0005160464477539063 0
0.5994446804160128 0.0004564418029785156 0
0.6093891484578291 0.0005905522537231445 0
0.5994446804160128 0.0006650580596923828 0
0.5994446804160128 0.0005905522537231445 0
0.6093891484578291 0.0007581903171539307 0
0.5994446804160128 0.0008513225746154785 0
0.5994446804160128 0.0007581903171539307 0
0.6093891484578291 0.0009677378964424133 0
0.5994446804160128 0.001084153218269348 0
0.5994446804160128 0.0009677378964424133 0
0.6093891484578291 0.001229672370553017 0
0.5994446804160128 0.001375191522836685 0
0.5994446804160128 0.001229672370553017 0
0.6093891484578291 0.001557090463191271 0
0.5994446804160128 0.001738989403545856 0
0.5994446804160128 0.001557090463191271 0
0.6093891484578291 0.001966363078989089 0
0.5994446804160128 0.002193736754432321 0
0.5994446804160128 0.001966363078989088 0
0.6093891484578291 0.002477953848736361 0
0.5994446804160128 0.002762170943040401 0
0.5994446804160128 0.002477953848736361 0
0.6093891484578291 0.003117442310920451 0
0.5994446804160128 0.003472713678800501 0
0.5994446804160128 0.003117442310920451 0
0.6093891484578291 0.003916802888650564 0
0.5994446804160128 0.004360892098500627 0
0.5994446804160128 0.003916802888650563 0
0.6093891484578291 0.004916003610813205 0
0.5994446804160128 0.005471115123125783 0
0.5994446804160128 0.004916003610813205 0
0.6093891484578291 0.006165004513516506 0
0.5994446804160128 0.006858893903907229 0
0.5994446804160128 0.006165004513516506 0
0.6093891484578291 0.007726255641895633 0
0.5994446804160128 0.008593617379884037 0
0.5994446804160128 0.007726255641895633 0
0.6093891484578291 0.009677819552369541 0
0.5994446804160128 0.01076202172485505 0
0.5994446804160128 0.009677819552369541 0
0.6093891484578291 0.01211727444046193 0
0.5994446804160128 0.01347252715606881 0
0.5994446804160128 0.01211727444046193 0
0.6093891484578291 0.01516659305057741 0
0.5994446804160128 0.01686065894508601 0
0.5994446804160128 0.01516659305057741 0
0.6093891484578291 0.01897824131322176 0
0.5994446804160128 0.02109582368135751 0
0.5994446804160128 0.01897824131322176 0
0.6093891484578291 0.0237428016415272 0
0.5994446804160128 0.02638977960169689 0
0.5994446804160128 0.0237428016415272 0
0.6093891484578291 0.029698502051909 0
0.5994446804160128 0.03300722450212111 0
0.5994446804160128 0.029698502051909 0
0.6093891484578291 0.03714312756488625 0
0.5994446804160128 0.04127903062765138 0
0.5994446804160128 0.03714312756488625 0
0.6093891484578291 0.04644890945610781 0
0.5994446804160128 0.04644890945610781 0
0.6292780845414616 1e-05 0
0.6193336164996454 2e-05 0
0.6193336164996454 1e-05 0
0.6292780845414616 3.25e-05 0
0.6193336164996454 4.5e-05 0
0.6193336164996454 3.25e-05 0
0.6292780845414616 6.062500000000001e-05 0
0.6193336164996454 7.625000000000001e-05 0
0.6193336164996454 6.062500000000001e-05 0
0.6292780845414616 9.578125000000001e-05 0
0.6193336164996454 0.0001153125 0
0.6193336164996454 9.578125000000001e-05 0
0.6292780845414616 0.0001397265625 0
0.6193336164996454 0.000164140625 0
0.6193336164996454 0.0001397265625 0
0.6292780845414616 0.000194658203125 0
0.6193336164996454 0.00022517578125 0
0.6193336164996454 0.000194658203125 0
0.6292780845414616 0.00026332275390625 0
0.6193336164996454 0.0003014697265625 0
0.6193336164996454 0.00026332275390625 0
0.6292780845414616 0.0003491534423828125 0
0.6193336164996454 0.000396837158203125 0
0.6193336164996454 0.0003491534423828125 0
0.6292780845414616 0.0004564418029785156 0
0.6193336164996454 0.0005160464477539063 0
0.6193336164996454 0.0004564418029785156 0
0.6292780845414616 0.0005905522537231445 0
0.6193336164996454 0.0006650580596923828 0
0.6193336164996454 0.0005905522537231445 0
0.6292780845414616 0.0007581903171539307 0
0.6193336164996454 0.0008513225746154785 0
0.6193336164996454 0.0007581903171539307 0
0.6292780845414616 0.0009677378964424133 0
0.6193336164996454 0.001084153218269348 0
0.6193336164996454 0.0009677378964424133 0
0.6292780845414616 0.001229672370553017 0
0.6193336164996454 0.001375191522836685 0
0.6193336164996454 0.001229672370553017 0
0.6292780845414616 0.001557090463191271 0
0.6193336164996454 0.001738989403545856 0
0.6193336164996454 0.001557090463191271 0
0.6292780845414616 0.001966363078989089 0
0.6193336164996454 0.002193736754432321 0
0.6193336164996454 0.001966363078989088 0
0.6292780845414616 0.002477953848736361 0
0.6193336164996454 0.002762170943040401 0
0.6193336164996454 0.002477953848736361 0
0.6292780845414616 0.003117442310920451 0
0.6193336164996454 0.003472713678800501 0
0.6193336164996454 0.003117442310920451 0
0.6292780845414616 0.003916802888650564 0
0.6193336164996454 0.004360892098500627 0
0.6193336164996454 0.003916802888650563 0
0.6292780845414616 0.004916003610813205 0
0.6193336164996454 0.005471115123125783 0
0.6193336164996454 0.004916003610813205 0
0.6292780845414616 0.006165004513516506 0
0.6193336164996454 0.006858893903907229 0
0.6193336164996454 0.006165004513516506 0
0.6292780845414616 0.007726255641895633 0
0.6193336164996454 0.008593617379884037 0
0.6193336164996454 0.007726255641895633 0
0.6292780845414616 0.009677819552369541 0
0.6193336164996454 0.01076202172485505 0
0.6193336164996454 0.009677819552369541 0
0.6292780845414616 0.01211727444046193 0
0.6193336164996454 0.01347252715606881 0
0.6193336164996454 0.01211727444046193 0
0.6292780845414616 0.01516659305057741 0
0.6193336164996454 0.01686065894508601 0
0.6193336164996454 0.01516659305057741 0
0.6292780845414616 0.01897824131322176 0
0.6193336164996454 0.02109582368135751 0
0.6193336164996454 0.01897824131322176 0
0.6292780845414616 0.0237428016415272 0
0.6193336164996454 0.02638977960169689 0
0.6193336164996454 0.0237428016415272 0
0.6292780845414616 0.029698502051909 0
0.6193336164996454 0.03300722450212111 0
0.6193336164996454 0.029698502051909 0
0.6292780845414616 0.03714312756488625 0
0.6193336164996454 0.04127903062765138 0
0.6193336164996454 0.03714312756488625 0
0.6292780845414616 0.04644890945610781 0
0.6193336164996454 0.04644890945610781 0
0.6491670206250939 9.999999999999999e-06 0
0.6392225525832778 2e-05 0
0.6392225525832778 9.999999999999999e-06 0
0.6491670206250939 3.25e-05 0
0.6392225525832778 4.5e-05 0
0.6392225525832778 3.25e-05 0
0.6491670206250939 6.0625e-05 0
0.6392225525832778 7.625000000000001e-05 0
0.6392225525832778 6.0625e-05 0
0.6491670206250939 9.578125e-05 0
0.6392225525832778 0.0001153125 0
0.6392225525832778 9.578125e-05 0
0.6491670206250939 0.0001397265625 0
0.6392225525832778 0.000164140625 0
0.6392225525832778 0.0001397265625 0
0.6491670206250939 0.000194658203125 0
0.6392225525832778 0.00022517578125 0
0.6392225525832778 0.000194658203125 0
0.6491670206250939 0.00026332275390625 0
0.6392225525832778 0.0003014697265625 0
0.6392225525832778 0.00026332275390625 0
0.6491670206250939 0.0003491534423828125 0
0.6392225525832778 0.000396837158203125 0
0.6392225525832778 0.0003491534423828125 0
0.6491670206250939 0.0004564418029785156 0
0.6392225525832778 0.0005160464477539063 0
0.6392225525832778 0.0004564418029785156 0
0.6491670206250939 0.0005905522537231445 0
0.6392225525832778 0.0006650580596923828 0
0.6392225525832778 0.0005905522537231445 0
0.6491670206250939 0.0007581903171539307 0
0.6392225525832778 0.0008513225746154785 0
0.6392225525832778 0.0007581903171539307 0
0.6491670206250939 0.0009677378964424133 0
0.6392225525832778 0.001084153218269348 0
0.6392225525832778 0.0009677378964424133 0
0.6491670206250939 0.001229672370553017 0
0.6392225525832778 0.001375191522836685 0
0.6392225525832778 0.001229672370553017 0
0.6491670206250939 0.001557090463191271 0
0.6392225525832778 0.001738989403545856 0
0.6392225525832778 0.001557090463191271 0
0.6491670206250939 0.001966363078989088 0
0.6392225525832778 0.00219373675443232 0
0.6392225525832778 0.001966363078989088 0
0.6491670206250939 0.00247795384873636 0
0.6392225525832778 0.002762170943040401 0
0.6392225525832778 0.00247795384873636 0
0.6491670206250939 0.003117442310920451 0
0.6392225525832778 0.003472713678800501 0
0.6392225525832778 0.003117442310920451 0
0.6491670206250939 0.003916802888650563 0
0.6392225525832778 0.004360892098500626 0
0.6392225525832778 0.003916802888650563 0
0.6491670206250939 0.004916003610813204 0
0.6392225525832778 0.005471115123125782 0
0.6392225525832778 0.004916003610813204 0
0.6491670206250939 0.006165004513516505 0
0.6392225525832778 0.006858893903907228 0
0.6392225525832778 0.006165004513516505 0
0.6491670206250939 0.007726255641895632 0
0.6392225525832778 0.008593617379884035 0
0.6392225525832778 0.007726255641895633 0
0.6491670206250939 0.00967781955236954 0
0.6392225525832778 0.01076202172485504 0
0.6392225525832778 0.00967781955236954 0
0.6491670206250939 0.01211727444046192 0
0.6392225525832778 0.01347252715606881 0
0.6392225525832778 0.01211727444046192 0
0.6491670206250939 0.01516659305057741 0
0.6392225525832778 0.01686065894508601 0
0.6392225525832778 0.01516659305057741 0
0.6491670206250939 0.01897824131322176 0
0.6392225525832778 0.02109582368135751 0
0.6392225525832778 0.01897824131322176 0
0.6491670206250939 0.0237428016415272 0
0.6392225525832778 0.02638977960169689 0
0.6392225525832778 0.0237428016415272 0
0.6491670206250939 0.029698502051909 0
0.6392225525832778 0.03300722450212111 0
0.6392225525832778 0.029698502051909 0
0.6491670206250939 0.03714312756488625 0
0.6392225525832778 0.04127903062765138 0
0.6392225525832778 0.03714312756488625 0
0.6491670206250939 0.04644890945610781 0
0.6392225525832778 0.04644890945610781 0
0.6690559567087264 1e-05 0
0.6591114886669102 2e-05 0
0.6591114886669102 9.999999999999999e-06 0
0.6690559567087264 3.25e-05 0
0.6591114886669102 4.5e-05 0
0.6591114886669102 3.249999999999999e-05 0
0.6690559567087264 6.062500000000001e-05 0
0.6591114886669102 7.625000000000001e-05 0
0.6591114886669102 6.062500000000001e-05 0
0.6690559567087264 9.578125000000001e-05 0
0.6591114886669102 0.0001153125 0
0.6591114886669102 9.578125000000001e-05 0
0.6690559567087264 0.0001397265625 0
0.6591114886669102 0.000164140625 0
0.6591114886669102 0.0001397265625 0
0.6690559567087264 0.000194658203125 0
0.6591114886669102 0.00022517578125 0
0.6591114886669102 0.000194658203125 0
0.6690559567087264 0.00026332275390625 0
0.6591114886669102 0.0003014697265625 0
0.6591114886669102 0.00026332275390625 0
0.6690559567087264 0.0003491534423828125 0
0.6591114886669102 0.000396837158203125 0
0.6591114886669102 0.0003491534423828125 0
0.6690559567087264 0.0004564418029785156 0
0.6591114886669102 0.0005160464477539063 0
0.6591114886669102 0.0004564418029785156 0
0.6690559567087264 0.0005905522537231445 0
0.6591114886669102 0.0006650580596923828 0
0.6591114886669102 0.0005905522537231445 0
0.6690559567087264 0.0007581903171539307 0
0.6591114886669102 0.0008513225746154785 0
0.6591114886669102 0.0007581903171539307 0
0.6690559567087264 0.0009677378964424133 0
0.6591114886669102 0.001084153218269348 0
0.6591114886669102 0.0009677378964424133 0
0.6690559567087264 0.001229672370553017 0
0.6591114886669102 0.001375191522836685 0
0.6591114886669102 0.001229672370553017 0
0.6690559567087264 0.001557090463191271 0
0.6591114886669102 0.001738989403545856 0
0.6591114886669102 0.001557090463191271 0
0.6690559567087264 0.001966363078989089 0
0.6591114886669102 0.00219373675443232 0
0.6591114886669102 0.001966363078989088 0
0.6690559567087264 0.002477953848736361 0
0.6591114886669102 0.002762170943040401 0
0.6591114886669102 0.00247795384873636 0
0.6690559567087264 0.003117442310920451 0
0.6591114886669102 0.003472713678800501 0
0.6591114886669102 0.003117442310920451 0
0.6690559567087264 0.003916802888650564 0
0.6591114886669102 0.004360892098500626 0
0.6591114886669102 0.003916802888650563 0
0.6690559567087264 0.004916003610813205 0
0.6591114886669102 0.005471115123125782 0
0.6591114886669102 0.004916003610813204 0
0.6690559567087264 0.006165004513516506 0
0.6591114886669102 0.006858893903907228 0
0.6591114886669102 0.006165004513516505 0
0.6690559567087264 0.007726255641895633 0
0.6591114886669102 0.008593617379884035 0
0.6591114886669102 0.007726255641895632 0
0.6690559567087264 0.009677819552369541 0
0.6591114886669102 0.01076202172485504 0
0.6591114886669102 0.00967781955236954 0
0.6690559567087264 0.01211727444046193 0
0.6591114886669102 0.01347252715606881 0
0.6591114886669102 0.01211727444046192 0
0.6690559567087264 0.01516659305057741 0
0.6591114886669102 0.01686065894508601 0
0.6591114886669102 0.01516659305057741 0
0.6690559567087264 0.01897824131322176 0
0.6591114886669102 0.02109582368135751 0
0.6591114886669102 0.01897824131322176 0
0.6690559567087264 0.0237428016415272 0
0.6591114886669102 0.02638977960169689 0
0.6591114886669102 0.0237428016415272 0
0.6690559567087264 0.029698502051909 0
0.6591114886669102 0.03300722450212111 0
0.6591114886669102 0.029698502051909 0
0.6690559567087264 0.03714312756488625 0
0.6591114886669102 0.04127903062765138 0
0.6591114886669102 0.03714312756488625 0
0.6690559567087264 0.04644890945610781 0
0.6591114886669102 0.04644890945610781 0
0.6889448927923587 1e-05 0
0.6790004247505426 2e-05 0
0.6790004247505426 1e-05 0
0.6889448927923587 3.25e-05 0
0.6790004247505426 4.5e-05 0
0.6790004247505426 3.25e-05 0
0.6889448927923587 6.062500000000001e-05 0
0.6790004247505426 7.625000000000001e-05 0
0.6790004247505426 6.062500000000001e-05 0
0.6889448927923587 9.578125000000001e-05 0
0.6790004247505426 0.0001153125 0
0.6790004247505426 9.578125000000001e-05 0
0.6889448927923587 0.0001397265625 0
0.6790004247505426 0.000164140625 0
0.6790004247505426 0.0001397265625 0
0.6889448927923587 0.000194658203125 0
0.6790004247505426 0.00022517578125 0
0.6790004247505426 0.000194658203125 0
0.6889448927923587 0.00026332275390625 0
0.6790004247505426 0.0003014697265625 0
0.6790004247505426 0.00026332275390625 0
0.6889448927923587 0.0003491534423828125 0
0.6790004247505426 0.000396837158203125 0
0.6790004247505426 0.0003491534423828125 0
0.6889448927923587 0.0004564418029785156 0
0.6790004247505426 0.0005160464477539063 0
0.6790004247505426 0.0004564418029785156 0
0.6889448927923587 0.0005905522537231445 0
0.6790004247505426 0.0006650580596923828 0
0.6790004247505426 0.0005905522537231445 0
0.6889448927923587 0.0007581903171539307 0
0.6790004247505426 0.0008513225746154785 0
0.6790004247505426 0.0007581903171539307 0
0.6889448927923587 0.0009677378964424133 0
0.6790004247505426 0.001084153218269348 0
0.6790004247505426 0.0009677378964424133 0
0.6889448927923587 0.001229672370553017 0
0.6790004247505426 0.001375191522836685 0
0.6790004247505426 0.001229672370553017 0
0.6889448927923587 0.001557090463191271 0
0.6790004247505426 0.001738989403545856 0
0.6790004247505426 0.001557090463191271 0
0.6889448927923587 0.001966363078989089 0
0.6790004247505426 0.002193736754432321 0
0.6790004247505426 0.001966363078989088 0
0.6889448927923587 0.002477953848736361 0
0.6790004247505426 0.002762170943040401 0
0.6790004247505426 0.002477953848736361 0
0.6889448927923587 0.003117442310920451 0
0.6790004247505426 0.003472713678800501 0
0.6790004247505426 0.003117442310920451 0
0.6889448927923587 0.003916802888650564 0
0.6790004247505426 0.004360892098500627 0
0.6790004247505426 0.003916802888650563 0
0.6889448927923587 0.004916003610813205 0
0.6790004247505426 0.005471115123125783 0
0.6790004247505426 0.004916003610813205 0
0.6889448927923587 0.006165004513516506 0
0.6790004247505426 0.006858893903907229 0
0.6790004247505426 0.006165004513516506 0
0.6889448927923587 0.007726255641895633 0
0.6790004247505426 0.008593617379884037 0
0.6790004247505426 0.007726255641895633 0
0.6889448927923587 0.009677819552369541 0
0.6790004247505426 0.01076202172485505 0
0.6790004247505426 0.009677819552369541 0
0.6889448927923587 0.01211727444046193 0
0.6790004247505426 0.01347252715606881 0
0.6790004247505426 0.01211727444046193 0
0.6889448927923587 0.01516659305057741 0
0.6790004247505426 0.01686065894508601 0
0.6790004247505426 0.01516659305057741 0
0.6889448927923587 0.01897824131322176 0
0.6790004247505426 0.02109582368135751 0
0.6790004247505426 0.01897824131322176 0
0.6889448927923587 0.0237428016415272 0
0.6790004247505426 0.02638977960169689 0
0.6790004247505426 0.0237428016415272 0
0.6889448927923587 0.029698502051909 0
0.6790004247505426 0.03300722450212111 0
0.6790004247505426 0.029698502051909 0
0.6889448927923587 0.03714312756488625 0
0.6790004247505426 0.04127903062765138 0
0.6790004247505426 0.03714312756488625 0
0.6889448927923587 0.04644890945610781 0
0.6790004247505426 0.04644890945610781 0
0.7088338288759912 1e-05 0
0.698889360834175 2e-05 0
0.6988893608341751 1e-05 0
0.7088338288759912 3.25e-05 0
0.698889360834175 4.5e-05 0
0.6988893608341751 3.25e-05 0
0.7088338288759912 6.062500000000001e-05 0
0.698889360834175 7.625000000000001e-05 0
0.6988893608341751 6.062500000000001e-05 0
0.7088338288759912 9.578125000000001e-05 0
0.698889360834175 0.0001153125 0
0.6988893608341751 9.578125000000001e-05 0
0.7088338288759912 0.0001397265625 0
0.698889360834175 0.000164140625 0
0.6988893608341751 0.0001397265625 0
0.7088338288759912 0.000194658203125 0
0.698889360834175 0.00022517578125 0
0.6988893608341751 0.000194658203125 0
0.7088338288759912 0.00026332275390625 0
0.698889360834175 0.0003014697265625 0
0.6988893608341751 0.00026332275390625 0
0.7088338288759912 0.0003491534423828125 0
0.698889360834175 0.000396837158203125 0
0.6988893608341751 0.0003491534423828125 0
0.7088338288759912 0.0004564418029785156 0
0.698889360834175 0.0005160464477539063 0
0.6988893608341751 0.0004564418029785156 0
0.7088338288759912 0.0005905522537231445 0
0.698889360834175 0.0006650580596923828 0
0.6988893608341751 0.0005905522537231445 0
0.7088338288759912 0.0007581903171539307 0
0.698889360834175 0.0008513225746154785 0
0.6988893608341751 0.0007581903171539307 0
0.7088338288759912 0.0009677378964424133 0
0.698889360834175 0.001084153218269348 0
0.6988893608341751 0.0009677378964424133 0
0.7088338288759912 0.001229672370553017 0
0.698889360834175 0.001375191522836685 0
0.6988893608341751 0.001229672370553017 0
0.7088338288759912 0.001557090463191271 0
0.698889360834175 0.001738989403545856 0
0.6988893608341751 0.001557090463191271 0
0.7088338288759912 0.001966363078989089 0
0.698889360834175 0.002193736754432321 0
0.6988893608341751 0.001966363078989088 0
0.7088338288759912 0.002477953848736361 0
0.698889360834175 0.002762170943040401 0
0.6988893608341751 0.002477953848736361 0
0.7088338288759912 0.003117442310920451 0
0.698889360834175 0.003472713678800501 0
0.6988893608341751 0.003117442310920451 0
0.7088338288759912 0.003916802888650564 0
0.698889360834175 0.004360892098500627 0
0.6988893608341751 0.003916802888650563 0
0.7088338288759912 0.004916003610813205 0
0.698889360834175 0.005471115123125783 0
0.6988893608341751 0.004916003610813205 0
0.7088338288759912 0.006165004513516506 0
0.698889360834175 0.006858893903907229 0
0.6988893608341751 0.006165004513516506 0
0.7088338288759912 0.007726255641895633 0
0.698889360834175 0.008593617379884037 0
0.6988893608341751 0.007726255641895633 0
0.7088338288759912 0.009677819552369541 0
0.698889360834175 0.01076202172485505 0
0.6988893608341751 0.009677819552369541 0
0.7088338288759912 0.01211727444046193 0
0.698889360834175 0.01347252715606881 0
0.6988893608341751 0.01211727444046193 0
0.7088338288759912 0.01516659305057741 0
0.698889360834175 0.01686065894508601 0
0.6988893608341751 0.01516659305057741 0
0.7088338288759912 0.01897824131322176 0
0.698889360834175 0.02109582368135751 0
0.6988893608341751 0.01897824131322176 0
0.7088338288759912 0.0237428016415272 0
0.698889360834175 0.02638977960169689 0
0.6988893608341751 0.0237428016415272 0
0.7088338288759912 0.029698502051909 0
0.698889360834175 0.03300722450212111 0
0.6988893608341751 0.029698502051909 0
0.7088338288759912 0.03714312756488625 0
0.698889360834175 0.04127903062765138 0
0.6988893608341751 0.03714312756488625 0
0.7088338288759912 0.04644890945610781 0
0.6988893608341751 0.04644890945610781 0
0.7287227649596237 9.999999999999999e-06 0
0.7187782969178075 2e-05 0
0.7187782969178075 9.999999999999999e-06 0
0.7287227649596237 3.25e-05 0
0.7187782969178075 4.5e-05 0
0.7187782969178075 3.25e-05 0
0.7287227649596237 6.0625e-05 0
0.7187782969178075 7.625000000000001e-05 0
0.7187782969178075 6.0625e-05 0
0.7287227649596237 9.578125e-05 0
0.7187782969178075 0.0001153125 0
0.7187782969178075 9.578125e-05 0
0.7287227649596237 0.0001397265625 0
0.7187782969178075 0.000164140625 0
0.7187782969178075 0.0001397265625 0
0.7287227649596237 0.000194658203125 0
0.7187782969178075 0.00022517578125 0
0.7187782969178075 0.000194658203125 0
0.7287227649596237 0.00026332275390625 0
0.7187782969178075 0.0003014697265625 0
0.7187782969178075 0.00026332275390625 0
0.7287227649596237 0.0003491534423828125 0
0.7187782969178075 0.000396837158203125 0
0.7187782969178075 0.0003491534423828125 0
0.7287227649596237 0.0004564418029785156 0
0.7187782969178075 0.0005160464477539063 0
0.7187782969178075 0.0004564418029785156 0
0.7287227649596237 0.0005905522537231445 0
0.7187782969178075 0.0006650580596923828 0
0.7187782969178075 0.0005905522537231445 0
0.7287227649596237 0.0007581903171539307 0
0.7187782969178075 0.0008513225746154785 0
0.7187782969178075 0.0007581903171539307 0
0.7287227649596237 0.0009677378964424133 0
0.7187782969178075 0.001084153218269348 0
0.7187782969178075 0.0009677378964424133 0
0.7287227649596237 0.001229672370553017 0
0.7187782969178075 0.001375191522836685 0
0.7187782969178075 0.001229672370553017 0
0.7287227649596237 0.001557090463191271 0
0.7187782969178075 0.001738989403545856 0
0.7187782969178075 0.001557090463191271 0
0.7287227649596237 0.001966363078989088 0
0.7187782969178075 0.00219373675443232 0
0.7187782969178075 0.001966363078989088 0
0.7287227649596237 0.00247795384873636 0
0.7187782969178075 0.002762170943040401 0
0.7187782969178075 0.00247795384873636 0
0.7287227649596237 0.003117442310920451 0
0.7187782969178075 0.003472713678800501 0
0.7187782969178075 0.003117442310920451 0
0.7287227649596237 0.003916802888650563 0
0.7187782969178075 0.004360892098500626 0
0.7187782969178075 0.003916802888650563 0
0.7287227649596237 0.004916003610813204 0
0.7187782969178075 0.005471115123125782 0
0.7187782969178075 0.004916003610813204 0
0.7287227649596237 0.006165004513516505 0
0.7187782969178075 0.006858893903907228 0
0.7187782969178075 0.006165004513516505 0
0.7287227649596237 0.007726255641895632 0
0.7187782969178075 0.008593617379884035 0
0.7187782969178075 0.007726255641895633 0
0.7287227649596237 0.00967781955236954 0
0.7187782969178075 0.01076202172485504 0
0.7187782969178075 0.00967781955236954 0
0.7287227649596237 0.01211727444046192 0
0.7187782969178075 0.01347252715606881 0
0.7187782969178075 0.01211727444046192 0
0.7287227649596237 0.01516659305057741 0
0.7187782969178075 0.01686065894508601 0
0.7187782969178075 0.01516659305057741 0
0.7287227649596237 0.01897824131322176 0
0.7187782969178075 0.02109582368135751 0
0.7187782969178075 0.01897824131322176 0
0.7287227649596237 0.0237428016415272 0
0.7187782969178075 0.02638977960169689 0
0.7187782969178075 0.0237428016415272 0
0.7287227649596237 0.029698502051909 0
0.7187782969178075 0.03300722450212111 0
0.7187782969178075 0.029698502051909 0
0.7287227649596237 0.03714312756488625 0
0.7187782969178075 0.04127903062765138 0
0.7187782969178075 0.03714312756488625 0
0.7287227649596237 0.04644890945610781 0
0.7187782969178075 0.04644890945610781 0
0.748611701043256 1e-05 0
0.7386672330014399 2e-05 0
0.7386672330014399 9.999999999999999e-06 0
0.748611701043256 3.25e-05 0
0.7386672330014399 4.5e-05 0
0.7386672330014399 3.249999999999999e-05 0
0.748611701043256 6.062500000000001e-05 0
0.7386672330014399 7.625000000000001e-05 0
0.7386672330014399 6.062500000000001e-05 0
0.748611701043256 9.578125000000001e-05 0
0.7386672330014399 0.0001153125 0
0.7386672330014399 9.578125000000001e-05 0
0.748611701043256 0.0001397265625 0
0.7386672330014399 0.000164140625 0
0.7386672330014399 0.0001397265625 0
0.748611701043256 0.000194658203125 0
0.7386672330014399 0.00022517578125 0
0.7386672330014399 0.000194658203125 0
0.748611701043256 0.00026332275390625 0
0.7386672330014399 0.0003014697265625 0
0.7386672330014399 0.00026332275390625 0
0.748611701043256 0.0003491534423828125 0
0.7386672330014399 0.000396837158203125 0
0.7386672330014399 0.0003491534423828125 0
0.748611701043256 0.0004564418029785156 0
0.7386672330014399 0.0005160464477539063 0
0.7386672330014399 0.0004564418029785156 0
0.748611701043256 0.0005905522537231445 0
0.7386672330014399 0.0006650580596923828 0
0.7386672330014399 0.0005905522537231445 0
0.748611701043256 0.0007581903171539307 0
0.7386672330014399 0.0008513225746154785 0
0.7386672330014399 0.0007581903171539307 0
0.748611701043256 0.0009677378964424133 0
0.7386672330014399 0.001084153218269348 0
0.7386672330014399 0.0009677378964424133 0
0.748611701043256 0.001229672370553017 0
0.7386672330014399 0.001375191522836685 0
0.7386672330014399 0.001229672370553017 0
0.748611701043256 0.001557090463191271 0
0.7386672330014399 0.001738989403545856 0
0.7386672330014399 0.001557090463191271 0
0.748611701043256 0.001966363078989089 0
0.7386672330014399 0.00219373675443232 0
0.7386672330014399 0.001966363078989088 0
0.748611701043256 0.002477953848736361 0
0.7386672330014399 0.002762170943040401 0
0.7386672330014399 0.00247795384873636 0
0.748611701043256 0.003117442310920451 0
0.7386672330014399 0.003472713678800501 0
0.7386672330014399 0.003117442310920451 0
0.748611701043256 0.003916802888650564 0
0.7386672330014399 0.004360892098500626 0
0.7386672330014399 0.003916802888650563 0
0.748611701043256 0.004916003610813205 0
0.7386672330014399 0.005471115123125782 0
0.7386672330014399 0.004916003610813204 0
0.748611701043256 0.006165004513516506 0
0.7386672330014399 0.006858893903907228 0
0.7386672330014399 0.006165004513516505 0
0.748611701043256 0.007726255641895633 0
0.7386672330014399 0.008593617379884035 0
0.7386672330014399 0.007726255641895632 0
0.748611701043256 0.009677819552369541 0
0.7386672330014399 0.01076202172485504 0
0.7386672330014399 0.00967781955236954 0
0.748611701043256 0.01211727444046193 0
0.7386672330014399 0.01347252715606881 0
0.7386672330014399 0.01211727444046192 0
0.748611701043256 0.01516659305057741 0
0.7386672330014399 0.01686065894508601 0
0.7386672330014399 0.01516659305057741 0
0.748611701043256 0.01897824131322176 0
0.7386672330014399 0.02109582368135751 0
0.7386672330014399 0.01897824131322176 0
0.748611701043256 0.0237428016415272 0
0.7386672330014399 0.02638977960169689 0
0.7386672330014399 0.0237428016415272 0
0.748611701043256 0.029698502051909 0
0.7386672330014399 0.03300722450212111 0
0.7386672330014399 0.029698502051909 0
0.748611701043256 0.03714312756488625 0
0.7386672330014399 0.04127903062765138 0
0.7386672330014399 0.03714312756488625 0
0.748611701043256 0.04644890945610781 0
0.7386672330014399 0.04644890945610781 0
0.7685006371268885 1e-05 0
0.7585561690850723 2e-05 0
0.7585561690850724 1e-05 0
0.7685006371268885 3.25e-05 0
0.7585561690850723 4.5e-05 0
0.7585561690850724 3.25e-05 0
0.7685006371268885 6.062500000000001e-05 0
0.7585561690850723 7.625000000000001e-05 0
0.7585561690850724 6.062500000000001e-05 0
0.7685006371268885 9.578125000000001e-05 0
0.7585561690850723 0.0001153125 0
0.7585561690850724 9.578125000000001e-05 0
0.7685006371268885 0.0001397265625 0
0.7585561690850723 0.000164140625 0
0.7585561690850724 0.0001397265625 0
0.7685006371268885 0.000194658203125 0
0.7585561690850723 0.00022517578125 0
0.7585561690850724 0.000194658203125 0
0.7685006371268885 0.00026332275390625 0
0.7585561690850723 0.0003014697265625 0
0.7585561690850724 0.00026332275390625 0
0.7685006371268885 0.0003491534423828125 0
0.7585561690850723 0.000396837158203125 0
0.7585561690850724 0.0003491534423828125 0
0.7685006371268885 0.0004564418029785156 0
0.7585561690850723 0.0005160464477539063 0
0.7585561690850724 0.0004564418029785156 0
0.7685006371268885 0.0005905522537231445 0
0.7585561690850723 0.0006650580596923828 0
0.7585561690850724 0.0005905522537231445 0
0.7685006371268885 0.0007581903171539307 0
0.7585561690850723 0.0008513225746154785 0
0.7585561690850724 0.0007581903171539307 0
0.7685006371268885 0.0009677378964424133 0
0.7585561690850723 0.001084153218269348 0
0.7585561690850724 0.0009677378964424133 0
0.7685006371268885 0.001229672370553017 0
0.7585561690850723 0.001375191522836685 0
0.7585561690850724 0.001229672370553017 0
0.7685006371268885 0.001557090463191271 0
0.7585561690850723 0.001738989403545856 0
0.7585561690850724 0.001557090463191271 0
0.7685006371268885 0.001966363078989089 0
0.7585561690850723 0.002193736754432321 0
0.7585561690850724 0.001966363078989088 0
0.7685006371268885 0.002477953848736361 0
0.7585561690850723 0.002762170943040401 0
0.7585561690850724 0.002477953848736361 0
0.7685006371268885 0.003117442310920451 0
0.7585561690850723 0.003472713678800501 0
0.7585561690850724 0.003117442310920451 0
0.7685006371268885 0.003916802888650564 0
0.7585561690850723 0.004360892098500627 0
0.7585561690850724 0.003916802888650563 0
0.7685006371268885 0.004916003610813205 0
0.7585561690850723 0.005471115123125783 0
0.7585561690850724 0.004916003610813205 0
0.7685006371268885 0.006165004513516506 0
0.7585561690850723 0.006858893903907229 0
0.7585561690850724 0.006165004513516506 0
0.7685006371268885 0.007726255641895633 0
0.7585561690850723 0.008593617379884037 0
0.7585561690850724 0.007726255641895633 0
0.7685006371268885 0.009677819552369541 0
0.7585561690850723 0.01076202172485505 0
0.7585561690850724 0.009677819552369541 0
0.7685006371268885 0.01211727444046193 0
0.7585561690850723 0.01347252715606881 0
0.7585561690850724 0.01211727444046193 0
0.7685006371268885 0.01516659305057741 0
0.7585561690850723 0.01686065894508601 0
0.7585561690850724 0.01516659305057741 0
0.7685006371268885 0.01897824131322176 0
0.7585561690850723 0.02109582368135751 0
0.7585561690850724 0.01897824131322176 0
0.7685006371268885 0.0237428016415272 0
0.7585561690850723 0.02638977960169689 0
0.7585561690850724 0.0237428016415272 0
0.7685006371268885 0.029698502051909 0
0.7585561690850723 0.03300722450212111 0
0.7585561690850724 0.029698502051909 0
0.7685006371268885 0.03714312756488625 0
0.7585561690850723 0.04127903062765138 0
0.7585561690850724 0.03714312756488625 0
0.7685006371268885 0.04644890945610781 0
0.7585561690850724 0.04644890945610781 0
0.7883895732105208 1e-05 0
0.7784451051687047 2e-05 0
0.7784451051687047 1e-05 0
0.7883895732105208 3.25e-05 0
0.7784451051687047 4.5e-05 0
0.7784451051687047 3.25e-05 0
0.7883895732105208 6.062500000000001e-05 0
0.7784451051687047 7.625000000000001e-05 0
0.7784451051687047 6.062500000000001e-05 0
0.7883895732105208 9.578125000000001e-05 0
0.7784451051687047 0.0001153125 0
0.7784451051687047 9.578125000000001e-05 0
0.7883895732105208 0.0001397265625 0
0.7784451051687047 0.000164140625 0
0.7784451051687047 0.0001397265625 0
0.7883895732105208 0.000194658203125 0
0.7784451051687047 0.00022517578125 0
0.7784451051687047 0.000194658203125 0
0.7883895732105208 0.00026332275390625 0
0.7784451051687047 0.0003014697265625 0
0.7784451051687047 0.00026332275390625 0
0.7883895732105208 0.0003491534423828125 0
0.7784451051687047 0.000396837158203125 0
0.7784451051687047 0.0003491534423828125 0
0.7883895732105208 0.0004564418029785156 0
0.7784451051687047 0.0005160464477539063 0
0.7784451051687047 0.0004564418029785156 0
0.7883895732105208 0.0005905522537231445 0
0.7784451051687047 0.0006650580596923828 0
0.7784451051687047 0.0005905522537231445 0
0.7883895732105208 0.0007581903171539307 0
0.7784451051687047 0.0008513225746154785 0
0.7784451051687047 0.0007581903171539307 0
0.7883895732105208 0.0009677378964424133 0
0.7784451051687047 0.001084153218269348 0
0.7784451051687047 0.0009677378964424133 0
0.7883895732105208 0.001229672370553017 0
0.7784451051687047 0.001375191522836685 0
0.7784451051687047 0.001229672370553017 0
0.7883895732105208 0.001557090463191271 0
0.7784451051687047 0.001738989403545856 0
0.7784451051687047 0.001557090463191271 0
0.7883895732105208 0.001966363078989089 0
0.7784451051687047 0.002193736754432321 0
0.7784451051687047 0.001966363078989088 0
0.7883895732105208 0.002477953848736361 0
0.7784451051687047 0.002762170943040401 0
0.7784451051687047 0.002477953848736361 0
0.7883895732105208 0.003117442310920451 0
0.7784451051687047 0.003472713678800501 0
0.7784451051687047 0.003117442310920451 0
0.7883895732105208 0.003916802888650564 0
0.7784451051687047 0.004360892098500627 0
0.7784451051687047 0.003916802888650563 0
0.7883895732105208 0.004916003610813205 0
0.7784451051687047 0.005471115123125783 0
0.7784451051687047 0.004916003610813205 0
0.7883895732105208 0.006165004513516506 0
0.7784451051687047 0.006858893903907229 0
0.7784451051687047 0.006165004513516506 0
0.7883895732105208 0.007726255641895633 0
0.7784451051687047 0.008593617379884037 0
0.7784451051687047 0.007726255641895633 0
0.7883895732105208 0.009677819552369541 0
0.7784451051687047 0.01076202172485505 0
0.7784451051687047 0.009677819552369541 0
0.7883895732105208 0.01211727444046193 0
0.7784451051687047 0.01347252715606881 0
0.7784451051687047 0.01211727444046193 0
0.7883895732105208 0.01516659305057741 0
0.7784451051687047 0.01686065894508601 0
0.7784451051687047 0.01516659305057741 0
0.7883895732105208 0.01897824131322176 0
0.7784451051687047 0.02109582368135751 0
0.7784451051687047 0.01897824131322176 0
0.7883895732105208 0.0237428016415272 0
0.7784451051687047 0.02638977960169689 0
0.7784451051687047 0.0237428016415272 0
0.7883895732105208 0.029698502051909 0
0.7784451051687047 0.03300722450212111 0
0.7784451051687047 0.029698502051909 0
0.7883895732105208 0.03714312756488625 0
0.7784451051687047 0.04127903062765138 0
0.7784451051687047 0.03714312756488625 0
0.7883895732105208 0.04644890945610781 0
0.7784451051687047 0.04644890945610781 0
0.8082785092941533 1e-05 0
0.7983340412523371 2.000000000000001e-05 0
0.7983340412523371 1e-05 0
0.8082785092941533 3.25e-05 0
0.7983340412523371 4.500000000000001e-05 0
0.7983340412523371 3.25e-05 0
0.8082785092941533 6.062500000000001e-05 0
0.7983340412523371 7.625000000000001e-05 0
0.7983340412523371 6.062500000000001e-05 0
0.8082785092941533 9.578125000000001e-05 0
0.7983340412523371 0.0001153125 0
0.7983340412523371 9.578125000000001e-05 0
0.8082785092941533 0.0001397265625 0
0.7983340412523371 0.000164140625 0
0.7983340412523371 0.0001397265625 0
0.8082785092941533 0.0001946582031250001 0
0.7983340412523371 0.00022517578125 0
0.7983340412523371 0.0001946582031250001 0
0.8082785092941533 0.0002633227539062501 0
0.7983340412523371 0.0003014697265625 0
0.7983340412523371 0.00026332275390625 0
0.8082785092941533 0.0003491534423828126 0
0.7983340412523371 0.0003968371582031251 0
0.7983340412523371 0.0003491534423828125 0
0.8082785092941533 0.0004564418029785157 0
0.7983340412523371 0.0005160464477539063 0
0.7983340412523371 0.0004564418029785157 0
0.8082785092941533 0.0005905522537231446 0
0.7983340412523371 0.0006650580596923828 0
0.7983340412523371 0.0005905522537231445 0
0.8082785092941533 0.0007581903171539309 0
0.7983340412523371 0.0008513225746154786 0
0.7983340412523371 0.0007581903171539309 0
0.8082785092941533 0.0009677378964424136 0
0.7983340412523371 0.001084153218269348 0
0.7983340412523371 0.0009677378964424137 0
0.8082785092941533 0.001229672370553017 0
0.7983340412523371 0.001375191522836685 0
0.7983340412523371 0.001229672370553017 0
0.8082785092941533 0.001557090463191271 0
0.7983340412523371 0.001738989403545857 0
0.7983340412523371 0.001557090463191271 0
0.8082785092941533 0.001966363078989089 0
0.7983340412523371 0.002193736754432321 0
0.7983340412523371 0.001966363078989089 0
0.8082785092941533 0.002477953848736361 0
0.7983340412523371 0.002762170943040401 0
0.7983340412523371 0.002477953848736361 0
0.8082785092941533 0.003117442310920451 0
0.7983340412523371 0.003472713678800502 0
0.7983340412523371 0.003117442310920451 0
0.8082785092941533 0.003916802888650564 0
0.7983340412523371 0.004360892098500627 0
0.7983340412523371 0.003916802888650564 0
0.8082785092941533 0.004916003610813205 0
0.7983340412523371 0.005471115123125783 0
0.7983340412523371 0.004916003610813205 0
0.8082785092941533 0.006165004513516507 0
0.7983340412523371 0.00685889390390723 0
0.7983340412523371 0.006165004513516507 0
0.8082785092941533 0.007726255641895633 0
0.7983340412523371 0.008593617379884037 0
0.7983340412523371 0.007726255641895633 0
0.8082785092941533 0.009677819552369541 0
0.7983340412523371 0.01076202172485505 0
0.7983340412523371 0.009677819552369541 0
0.8082785092941533 0.01211727444046193 0
0.7983340412523371 0.01347252715606881 0
0.7983340412523371 0.01211727444046193 0
0.8082785092941533 0.01516659305057741 0
0.7983340412523371 0.01686065894508601 0
0.7983340412523371 0.01516659305057741 0
0.8082785092941533 0.01897824131322176 0
0.7983340412523371 0.02109582368135751 0
0.7983340412523371 0.01897824131322176 0
0.8082785092941533 0.0237428016415272 0
0.7983340412523371 0.02638977960169689 0
0.7983340412523371 0.0237428016415272 0
0.8082785092941533 0.029698502051909 0
0.7983340412523371 0.03300722450212111 0
0.7983340412523371 0.029698502051909 0
0.8082785092941533 0.03714312756488625 0
0.7983340412523371 0.04127903062765138 0
0.7983340412523371 0.03714312756488625 0
0.8082785092941533 0.04644890945610781 0
0.7983340412523371 0.04644890945610781 0
0.8281674453777857 1e-05 0
0.8182229773359695 2.000000000000001e-05 0
0.8182229773359695 1e-05 0
0.8281674453777857 3.25e-05 0
0.8182229773359695 4.500000000000001e-05 0
0.8182229773359695 3.25e-05 0
0.8281674453777857 6.062500000000001e-05 0
0.8182229773359695 7.625000000000001e-05 0
0.8182229773359695 6.062500000000001e-05 0
0.8281674453777857 9.578125000000001e-05 0
0.8182229773359695 0.0001153125 0
0.8182229773359695 9.578125000000001e-05 0
0.8281674453777857 0.0001397265625 0
0.8182229773359695 0.000164140625 0
0.8182229773359695 0.0001397265625 0
0.8281674453777857 0.000194658203125 0
0.8182229773359695 0.00022517578125 0
0.8182229773359695 0.0001946582031250001 0
0.8281674453777857 0.00026332275390625 0
0.8182229773359695 0.0003014697265625 0
0.8182229773359695 0.00026332275390625 0
0.8281674453777857 0.0003491534423828125 0
0.8182229773359695 0.0003968371582031251 0
0.8182229773359695 0.0003491534423828126 0
0.8281674453777857 0.0004564418029785156 0
0.8182229773359695 0.0005160464477539063 0
0.8182229773359695 0.0004564418029785156 0
0.8281674453777857 0.0005905522537231445 0
0.8182229773359695 0.0006650580596923828 0
0.8182229773359695 0.0005905522537231445 0
0.8281674453777857 0.0007581903171539307 0
0.8182229773359695 0.0008513225746154786 0
0.8182229773359695 0.0007581903171539307 0
0.8281674453777857 0.0009677378964424133 0
0.8182229773359695 0.001084153218269348 0
0.8182229773359695 0.0009677378964424134 0
0.8281674453777857 0.001229672370553017 0
0.8182229773359695 0.001375191522836685 0
0.8182229773359695 0.001229672370553017 0
0.8281674453777857 0.001557090463191271 0
0.8182229773359695 0.001738989403545857 0
0.8182229773359695 0.001557090463191271 0
0.8281674453777857 0.001966363078989089 0
0.8182229773359695 0.002193736754432321 0
0.8182229773359695 0.001966363078989089 0
0.8281674453777857 0.002477953848736361 0
0.8182229773359695 0.002762170943040401 0
0.8182229773359695 0.002477953848736361 0
0.8281674453777857 0.003117442310920451 0
0.8182229773359695 0.003472713678800502 0
0.8182229773359695 0.003117442310920451 0
0.8281674453777857 0.003916802888650564 0
0.8182229773359695 0.004360892098500627 0
0.8182229773359695 0.003916802888650564 0
0.8281674453777857 0.004916003610813205 0
0.8182229773359695 0.005471115123125783 0
0.8182229773359695 0.004916003610813205 0
0.8281674453777857 0.006165004513516506 0
0.8182229773359695 0.00685889390390723 0
0.8182229773359695 0.006165004513516506 0
0.8281674453777857 0.007726255641895633 0
0.8182229773359695 0.008593617379884037 0
0.8182229773359695 0.007726255641895633 0
0.8281674453777857 0.009677819552369541 0
0.8182229773359695 0.01076202172485505 0
0.8182229773359695 0.009677819552369541 0
0.8281674453777857 0.01211727444046193 0
0.8182229773359695 0.01347252715606881 0
0.8182229773359695 0.01211727444046193 0
0.8281674453777857 0.01516659305057741 0
0.8182229773359695 0.01686065894508601 0
0.8182229773359695 0.01516659305057741 0
0.8281674453777857 0.01897824131322176 0
0.8182229773359695 0.02109582368135751 0
0.8182229773359695 0.01897824131322176 0
0.8281674453777857 0.0237428016415272 0
0.8182229773359695 0.02638977960169689 0
0.8182229773359695 0.0237428016415272 0
0.8281674453777857 0.029698502051909 0
0.8182229773359695 0.03300722450212111 0
0.8182229773359695 0.029698502051909 0
0.8281674453777857 0.03714312756488625 0
0.8182229773359695 0.04127903062765138 0
0.8182229773359695 0.03714312756488625 0
0.8281674453777857 0.04644890945610781 0
0.8182229773359695 0.04644890945610781 0
0.8480563814614182 1e-05 0
0.838111913419602 2.000000000000001e-05 0
0.838111913419602 1e-05 0
0.8480563814614182 3.25e-05 0
0.838111913419602 4.500000000000001e-05 0
0.838111913419602 3.25e-05 0
0.8480563814614182 6.062500000000001e-05 0
0.838111913419602 7.625000000000001e-05 0
0.838111913419602 6.062500000000001e-05 0
0.8480563814614182 9.578125000000001e-05 0
0.838111913419602 0.0001153125 0
0.838111913419602 9.578125000000001e-05 0
0.8480563814614182 0.0001397265625 0
0.838111913419602 0.000164140625 0
0.838111913419602 0.0001397265625 0
0.8480563814614182 0.0001946582031250001 0
0.838111913419602 0.00022517578125 0
0.838111913419602 0.0001946582031250001 0
0.8480563814614182 0.0002633227539062501 0
0.838111913419602 0.0003014697265625 0
0.838111913419602 0.00026332275390625 0
0.8480563814614182 0.0003491534423828126 0
0.838111913419602 0.0003968371582031251 0
0.838111913419602 0.0003491534423828125 0
0.8480563814614182 0.0004564418029785157 0
0.838111913419602 0.0005160464477539063 0
0.838111913419602 0.0004564418029785157 0
0.8480563814614182 0.0005905522537231446 0
0.838111913419602 0.0006650580596923828 0
0.838111913419602 0.0005905522537231445 0
0.8480563814614182 0.0007581903171539309 0
0.838111913419602 0.0008513225746154786 0
0.838111913419602 0.0007581903171539309 0
0.8480563814614182 0.0009677378964424136 0
0.838111913419602 0.001084153218269348 0
0.838111913419602 0.0009677378964424137 0
0.8480563814614182 0.001229672370553017 0
0.838111913419602 0.001375191522836685 0
0.838111913419602 0.001229672370553017 0
0.8480563814614182 0.001557090463191271 0
0.838111913419602 0.001738989403545857 0
0.838111913419602 0.001557090463191271 0
0.8480563814614182 0.001966363078989089 0
0.838111913419602 0.002193736754432321 0
0.838111913419602 0.001966363078989089 0
0.8480563814614182 0.002477953848736361 0
0.838111913419602 0.002762170943040401 0
0.838111913419602 0.002477953848736361 0
0.8480563814614182 0.003117442310920451 0
0.838111913419602 0.003472713678800502 0
0.838111913419602 0.003117442310920451 0
0.8480563814614182 0.003916802888650564 0
0.838111913419602 0.004360892098500627 0
0.838111913419602 0.003916802888650564 0
0.8480563814614182 0.004916003610813205 0
0.838111913419602 0.005471115123125783 0
0.838111913419602 0.004916003610813205 0
0.8480563814614182 0.006165004513516507 0
0.838111913419602 0.00685889390390723 0
0.838111913419602 0.006165004513516507 0
0.8480563814614182 0.007726255641895633 0
0.838111913419602 0.008593617379884037 0
0.838111913419602 0.007726255641895633 0
0.8480563814614182 0.009677819552369541 0
0.838111913419602 0.01076202172485505 0
0.838111913419602 0.009677819552369541 0
0.8480563814614182 0.01211727444046193 0
0.838111913419602 0.01347252715606881 0
0.838111913419602 0.01211727444046193 0
0.8480563814614182 0.01516659305057741 0
0.838111913419602 0.01686065894508601 0
0.838111913419602 0.01516659305057741 0
0.8480563814614182 0.01897824131322176 0
0.838111913419602 0.02109582368135751 0
0.838111913419602 0.01897824131322176 0
0.8480563814614182 0.0237428016415272 0
0.838111913419602 0.02638977960169689 0
0.838111913419602 0.0237428016415272 0
0.8480563814614182 0.029698502051909 0
0.838111913419602 0.03300722450212111 0
0.838111913419602 0.029698502051909 0
0.8480563814614182 0.03714312756488625 0
0.838111913419602 0.04127903062765138 0
0.838111913419602 0.03714312756488625 0
0.8480563814614182 0.04644890945610781 0
0.838111913419602 0.04644890945610781 0
0.8679453175450507 1e-05 0
0.8580008495032344 2.000000000000001e-05 0
0.8580008495032344 1e-05 0
0.8679453175450507 3.25e-05 0
0.8580008495032344 4.500000000000001e-05 0
0.8580008495032344 3.25e-05 0
0.8679453175450507 6.062500000000001e-05 0
0.8580008495032344 7.625000000000001e-05 0
0.8580008495032344 6.062500000000001e-05 0
0.8679453175450507 9.578125000000001e-05 0
0.8580008495032344 0.0001153125 0
0.8580008495032344 9.578125000000001e-05 0
0.8679453175450507 0.0001397265625 0
0.8580008495032344 0.000164140625 0
0.8580008495032344 0.0001397265625 0
0.8679453175450507 0.000194658203125 0
0.8580008495032344 0.00022517578125 0
0.8580008495032344 0.0001946582031250001 0
0.8679453175450507 0.00026332275390625 0
0.8580008495032344 0.0003014697265625 0
0.8580008495032344 0.00026332275390625 0
0.8679453175450507 0.0003491534423828125 0
0.8580008495032344 0.0003968371582031251 0
0.8580008495032344 0.0003491534423828126 0
0.8679453175450507 0.0004564418029785156 0
0.8580008495032344 0.0005160464477539063 0
0.8580008495032344 0.0004564418029785156 0
0.8679453175450507 0.0005905522537231445 0
0.8580008495032344 0.0006650580596923828 0
0.8580008495032344 0.0005905522537231445 0
0.8679453175450507 0.0007581903171539307 0
0.8580008495032344 0.0008513225746154786 0
0.8580008495032344 0.0007581903171539307 0
0.8679453175450507 0.0009677378964424133 0
0.8580008495032344 0.001084153218269348 0
0.8580008495032344 0.0009677378964424134 0
0.8679453175450507 0.001229672370553017 0
0.8580008495032344 0.001375191522836685 0
0.8580008495032344 0.001229672370553017 0
0.8679453175450507 0.001557090463191271 0
0.8580008495032344 0.001738989403545857 0
0.8580008495032344 0.001557090463191271 0
0.8679453175450507 0.001966363078989089 0
0.8580008495032344 0.002193736754432321 0
0.8580008495032344 0.001966363078989089 0
0.8679453175450507 0.002477953848736361 0
0.8580008495032344 0.002762170943040401 0
0.8580008495032344 0.002477953848736361 0
0.8679453175450507 0.003117442310920451 0
0.8580008495032344 0.003472713678800502 0
0.8580008495032344 0.003117442310920451 0
0.8679453175450507 0.003916802888650564 0
0.8580008495032344 0.004360892098500627 0
0.8580008495032344 0.003916802888650564 0
0.8679453175450507 0.004916003610813205 0
0.8580008495032344 0.005471115123125783 0
0.8580008495032344 0.004916003610813205 0
0.8679453175450507 0.006165004513516506 0
0.8580008495032344 0.00685889390390723 0
0.8580008495032344 0.006165004513516506 0
0.8679453175450507 0.007726255641895633 0
0.8580008495032344 0.008593617379884037 0
0.8580008495032344 0.007726255641895633 0
0.8679453175450507 0.009677819552369541 0
0.8580008495032344 0.01076202172485505 0
0.8580008495032344 0.009677819552369541 0
0.8679453175450507 0.01211727444046193 0
0.8580008495032344 0.01347252715606881 0
0.8580008495032344 0.01211727444046193 0
0.8679453175450507 0.01516659305057741 0
0.8580008495032344 0.01686065894508601 0
0.8580008495032344 0.01516659305057741 0
0.8679453175450507 0.01897824131322176 0
0.8580008495032344 0.02109582368135751 0
0.8580008495032344 0.01897824131322176 0
0.8679453175450507 0.0237428016415272 0
0.8580008495032344 0.02638977960169689 0
0.8580008495032344 0.0237428016415272 0
0.8679453175450507 0.029698502051909 0
0.8580008495032344 0.03300722450212111 0
0.8580008495032344 0.029698502051909 0
0.8679453175450507 0.03714312756488625 0
0.8580008495032344 0.04127903062765138 0
0.8580008495032344 0.03714312756488625 0
0.8679453175450507 0.04644890945610781 0
0.8580008495032344 0.04644890945610781 0
0.887834253628683 1e-05 0
0.8778897855868668 2.000000000000001e-05 0
0.8778897855868668 1e-05 0
0.887834253628683 3.25e-05 0
0.8778897855868668 4.500000000000001e-05 0
0.8778897855868668 3.25e-05 0
0.887834253628683 6.062500000000001e-05 0
0.8778897855868668 7.625000000000001e-05 0
0.8778897855868668 6.062500000000001e-05 0
0.887834253628683 9.578125000000001e-05 0
0.8778897855868668 0.0001153125 0
0.8778897855868668 9.578125000000001e-05 0
0.887834253628683 0.0001397265625 0
0.8778897855868668 0.000164140625 0
0.8778897855868668 0.0001397265625 0
0.887834253628683 0.0001946582031250001 0
0.8778897855868668 0.00022517578125 0
0.8778897855868668 0.0001946582031250001 0
0.887834253628683 0.0002633227539062501 0
0.8778897855868668 0.0003014697265625 0
0.8778897855868668 0.00026332275390625 0
0.887834253628683 0.0003491534423828126 0
0.8778897855868668 0.0003968371582031251 0
0.8778897855868668 0.0003491534423828125 0
0.887834253628683 0.0004564418029785157 0
0.8778897855868668 0.0005160464477539063 0
0.8778897855868668 0.0004564418029785157 0
0.887834253628683 0.0005905522537231446 0
0.8778897855868668 0.0006650580596923828 0
0.8778897855868668 0.0005905522537231445 0
0.887834253628683 0.0007581903171539309 0
0.8778897855868668 0.0008513225746154786 0
0.8778897855868668 0.0007581903171539309 0
0.887834253628683 0.0009677378964424136 0
0.8778897855868668 0.001084153218269348 0
0.8778897855868668 0.0009677378964424137 0
0.887834253628683 0.001229672370553017 0
0.8778897855868668 0.001375191522836685 0
0.8778897855868668 0.001229672370553017 0
0.887834253628683 0.001557090463191271 0
0.8778897855868668 0.001738989403545857 0
0.8778897855868668 0.001557090463191271 0
0.887834253628683 0.001966363078989089 0
0.8778897855868668 0.002193736754432321 0
0.8778897855868668 0.001966363078989089 0
0.887834253628683 0.002477953848736361 0
0.8778897855868668 0.002762170943040401 0
0.8778897855868668 0.002477953848736361 0
0.887834253628683 0.003117442310920451 0
0.8778897855868668 0.003472713678800502 0
0.8778897855868668 0.003117442310920451 0
0.887834253628683 0.003916802888650564 0
0.8778897855868668 0.004360892098500627 0
0.8778897855868668 0.003916802888650564 0
0.887834253628683 0.004916003610813205 0
0.8778897855868668 0.005471115123125783 0
0.8778897855868668 0.004916003610813205 0
0.887834253628683 0.006165004513516507 0
0.8778897855868668 0.00685889390390723 0
0.8778897855868668 0.006165004513516507 0
0.887834253628683 0.007726255641895633 0
0.8778897855868668 0.008593617379884037 0
0.8778897855868668 0.007726255641895633 0
0.887834253628683 0.009677819552369541 0
0.8778897855868668 0.01076202172485505 0
0.8778897855868668 0.009677819552369541 0
0.887834253628683 0.01211727444046193 0
0.8778897855868668 0.01347252715606881 0
0.8778897855868668 0.01211727444046193 0
0.887834253628683 0.01516659305057741 0
0.8778897855868668 0.01686065894508601 0
0.8778897855868668 0.01516659305057741 0
0.887834253628683 0.01897824131322176 0
0.8778897855868668 0.02109582368135751 0
0.8778897855868668 0.01897824131322176 0
0.887834253628683 0.0237428016415272 0
0.8778897855868668 0.02638977960169689 0
0.8778897855868668 0.0237428016415272 0
0.887834253628683 0.029698502051909 0
0.8778897855868668 0.03300722450212111 0
0.8778897855868668 0.029698502051909 0
0.887834253628683 0.03714312756488625 0
0.8778897855868668 0.04127903062765138 0
0.8778897855868668 0.03714312756488625 0
0.887834253628683 0.04644890945610781 0
0.8778897855868668 0.04644890945610781 0
0.9074353163903783 1e-05 0
0.8976347850095306 2.000000000000001e-05 0
0.8976347850095305 1e-05 0
0.9074353163903783 3.25e-05 0
0.8976347850095306 4.500000000000001e-05 0
0.8976347850095305 3.25e-05 0
0.9074353163903783 6.062500000000001e-05 0
0.8976347850095306 7.625000000000001e-05 0
0.8976347850095305 6.062500000000001e-05 0
0.9074353163903783 9.578125000000001e-05 0
0.8976347850095306 0.0001153125 0
0.8976347850095305 9.578125000000001e-05 0
0.9074353163903783 0.0001397265625 0
0.8976347850095306 0.000164140625 0
0.8976347850095305 0.0001397265625 0
0.9074353163903783 0.0001946582031250001 0
0.8976347850095306 0.0002251757812500001 0
0.8976347850095305 0.0001946582031250001 0
0.9074353163903783 0.0002633227539062501 0
0.8976347850095306 0.0003014697265625001 0
0.8976347850095305 0.0002633227539062501 0
0.9074353163903783 0.0003491534423828126 0
0.8976347850095306 0.0003968371582031251 0
0.8976347850095305 0.0003491534423828126 0
0.9074353163903783 0.0004564418029785157 0
0.8976347850095306 0.0005160464477539064 0
0.8976347850095305 0.0004564418029785157 0
0.9074353163903783 0.0005905522537231446 0
0.8976347850095306 0.0006650580596923829 0
0.8976347850095305 0.0005905522537231446 0
0.9074353163903783 0.0007581903171539309 0
0.8976347850095306 0.0008513225746154787 0
0.8976347850095305 0.0007581903171539309 0
0.9074353163903783 0.0009677378964424136 0
0.8976347850095306 0.001084153218269348 0
0.8976347850095305 0.0009677378964424136 0
0.9074353163903783 0.001229672370553017 0
0.8976347850095306 0.001375191522836685 0
0.8976347850095305 0.001229672370553017 0
0.9074353163903783 0.001557090463191271 0
0.8976347850095306 0.001738989403545857 0
0.8976347850095305 0.001557090463191271 0
0.9074353163903783 0.001966363078989089 0
0.8976347850095306 0.002193736754432321 0
0.8976347850095305 0.001966363078989089 0
0.9074353163903783 0.002477953848736361 0
0.8976347850095306 0.002762170943040401 0
0.8976347850095305 0.002477953848736361 0
0.9074353163903783 0.003117442310920451 0
0.8976347850095306 0.003472713678800502 0
0.8976347850095305 0.003117442310920451 0
0.9074353163903783 0.003916802888650564 0
0.8976347850095306 0.004360892098500627 0
0.8976347850095305 0.003916802888650564 0
0.9074353163903783 0.004916003610813205 0
0.8976347850095306 0.005471115123125783 0
0.8976347850095305 0.004916003610813205 0
0.9074353163903783 0.006165004513516507 0
0.8976347850095306 0.00685889390390723 0
0.8976347850095305 0.006165004513516507 0
0.9074353163903783 0.007726255641895633 0
0.8976347850095306 0.008593617379884037 0
0.8976347850095305 0.007726255641895633 0
0.9074353163903783 0.009677819552369541 0
0.8976347850095306 0.01076202172485505 0
0.8976347850095305 0.009677819552369541 0
0.9074353163903783 0.01211727444046193 0
0.8976347850095306 0.01347252715606881 0
0.8976347850095305 0.01211727444046193 0
0.9074353163903783 0.01516659305057741 0
0.8976347850095306 0.01686065894508601 0
0.8976347850095305 0.01516659305057741 0
0.9074353163903783 0.01897824131322176 0
0.8976347850095306 0.02109582368135751 0
0.8976347850095305 0.01897824131322176 0
0.9074353163903783 0.0237428016415272 0
0.8976347850095306 0.02638977960169689 0
0.8976347850095305 0.0237428016415272 0
0.9074353163903783 0.029698502051909 0
0.8976347850095306 0.03300722450212111 0
0.8976347850095305 0.029698502051909 0
0.9074353163903783 0.03714312756488625 0
0.8976347850095306 0.04127903062765139 0
0.8976347850095305 0.03714312756488625 0
0.9074353163903783 0.04644890945610781 0
0.8976347850095305 0.04644890945610781 0
0.9241597151291044 1e-05 0
0.9157975157597413 2.000000000000001e-05 0
0.9157975157597413 1e-05 0
0.9241597151291044 3.25e-05 0
0.9157975157597413 4.500000000000001e-05 0
0.9157975157597413 3.25e-05 0
0.9241597151291044 6.062500000000001e-05 0
0.9157975157597413 7.625000000000001e-05 0
0.9157975157597413 6.062500000000001e-05 0
0.9241597151291044 9.578125000000001e-05 0
0.9157975157597413 0.0001153125 0
0.9157975157597413 9.578125000000001e-05 0
0.9241597151291044 0.0001397265625 0
0.9157975157597413 0.000164140625 0
0.9157975157597413 0.0001397265625 0
0.9241597151291044 0.000194658203125 0
0.9157975157597413 0.00022517578125 0
0.9157975157597413 0.0001946582031250001 0
0.9241597151291044 0.00026332275390625 0
0.9157975157597413 0.0003014697265625 0
0.9157975157597413 0.00026332275390625 0
0.9241597151291044 0.0003491534423828125 0
0.9157975157597413 0.0003968371582031251 0
0.9157975157597413 0.0003491534423828126 0
0.9241597151291044 0.0004564418029785156 0
0.9157975157597413 0.0005160464477539063 0
0.9157975157597413 0.0004564418029785156 0
0.9241597151291044 0.0005905522537231445 0
0.9157975157597413 0.0006650580596923828 0
0.9157975157597413 0.0005905522537231445 0
0.9241597151291044 0.0007581903171539307 0
0.9157975157597413 0.0008513225746154786 0
0.9157975157597413 0.0007581903171539307 0
0.9241597151291044 0.0009677378964424133 0
0.9157975157597413 0.001084153218269348 0
0.9157975157597413 0.0009677378964424134 0
0.9241597151291044 0.001229672370553017 0
0.9157975157597413 0.001375191522836685 0
0.9157975157597413 0.001229672370553017 0
0.9241597151291044 0.001557090463191271 0
0.9157975157597413 0.001738989403545857 0
0.9157975157597413 0.001557090463191271 0
0.9241597151291044 0.001966363078989089 0
0.9157975157597413 0.002193736754432321 0
0.9157975157597413 0.001966363078989089 0
0.9241597151291044 0.002477953848736361 0
0.9157975157597413 0.002762170943040401 0
0.9157975157597413 0.002477953848736361 0
0.9241597151291044 0.003117442310920451 0
0.9157975157597413 0.003472713678800502 0
0.9157975157597413 0.003117442310920451 0
0.9241597151291044 0.003916802888650564 0
0.9157975157597413 0.004360892098500627 0
0.9157975157597413 0.003916802888650564 0
0.9241597151291044 0.004916003610813205 0
0.9157975157597413 0.005471115123125783 0
0.9157975157597413 0.004916003610813205 0
0.9241597151291044 0.006165004513516506 0
0.9157975157597413 0.00685889390390723 0
0.9157975157597413 0.006165004513516506 0
0.9241597151291044 0.007726255641895633 0
0.9157975157597413 0.008593617379884037 0
0.9157975157597413 0.007726255641895633 0
0.9241597151291044 0.009677819552369541 0
0.9157975157597413 0.01076202172485505 0
0.9157975157597413 0.009677819552369541 0
0.9241597151291044 0.01211727444046193 0
0.9157975157597413 0.01347252715606881 0
0.9157975157597413 0.01211727444046193 0
0.9241597151291044 0.01516659305057741 0
0.9157975157597413 0.01686065894508601 0
0.9157975157597413 0.01516659305057741 0
0.9241597151291044 0.01897824131322176 0
0.9157975157597413 0.02109582368135751 0
0.9157975157597413 0.01897824131322176 0
0.9241597151291044 0.0237428016415272 0
0.9157975157597413 0.02638977960169689 0
0.9157975157597413 0.0237428016415272 0
0.9241597151291044 0.029698502051909 0
0.9157975157597413 0.03300722450212111 0
0.9157975157597413 0.029698502051909 0
0.9241597151291044 0.03714312756488625 0
0.9157975157597413 0.04127903062765138 0
0.9157975157597413 0.03714312756488625 0
0.9241597151291044 0.04644890945610781 0
0.9157975157597413 0.04644890945610781 0
0.9378950020351312 1e-05 0
0.9310273585821178 2e-05 0
0.9310273585821178 1e-05 0
0.9378950020351312 3.25e-05 0
0.9310273585821178 4.5e-05 0
0.9310273585821178 3.25e-05 0
0.9378950020351312 6.062500000000001e-05 0
0.9310273585821178 7.625000000000001e-05 0
0.9310273585821178 6.062500000000001e-05 0
0.9378950020351312 9.578125000000001e-05 0
0.9310273585821178 0.0001153125 0
0.9310273585821178 9.578125000000001e-05 0
0.9378950020351312 0.0001397265625 0
0.9310273585821178 0.000164140625 0
0.9310273585821178 0.0001397265625 0
0.9378950020351312 0.000194658203125 0
0.9310273585821178 0.00022517578125 0
0.9310273585821178 0.000194658203125 0
0.9378950020351312 0.00026332275390625 0
0.9310273585821178 0.0003014697265625 0
0.9310273585821178 0.00026332275390625 0
0.9378950020351312 0.0003491534423828125 0
0.9310273585821178 0.000396837158203125 0
0.9310273585821178 0.0003491534423828125 0
0.9378950020351312 0.0004564418029785156 0
0.9310273585821178 0.0005160464477539063 0
0.9310273585821178 0.0004564418029785156 0
0.9378950020351312 0.0005905522537231445 0
0.9310273585821178 0.0006650580596923828 0
0.9310273585821178 0.0005905522537231445 0
0.9378950020351312 0.0007581903171539307 0
0.9310273585821178 0.0008513225746154785 0
0.9310273585821178 0.0007581903171539307 0
0.9378950020351312 0.0009677378964424133 0
0.9310273585821178 0.001084153218269348 0
0.9310273585821178 0.0009677378964424133 0
0.9378950020351312 0.001229672370553017 0
0.9310273585821178 0.001375191522836685 0
0.9310273585821178 0.001229672370553017 0
0.9378950020351312 0.001557090463191271 0
0.9310273585821178 0.001738989403545856 0
0.9310273585821178 0.001557090463191271 0
0.9378950020351312 0.001966363078989089 0
0.9310273585821178 0.002193736754432321 0
0.9310273585821178 0.001966363078989088 0
0.9378950020351312 0.002477953848736361 0
0.9310273585821178 0.002762170943040401 0
0.9310273585821178 0.002477953848736361 0
0.9378950020351312 0.003117442310920451 0
0.9310273585821178 0.003472713678800501 0
0.9310273585821178 0.003117442310920451 0
0.9378950020351312 0.003916802888650564 0
0.9310273585821178 0.004360892098500627 0
0.9310273585821178 0.003916802888650563 0
0.9378950020351312 0.004916003610813205 0
0.9310273585821178 0.005471115123125783 0
0.9310273585821178 0.004916003610813205 0
0.9378950020351312 0.006165004513516506 0
0.9310273585821178 0.006858893903907229 0
0.9310273585821178 0.006165004513516506 0
0.9378950020351312 0.007726255641895633 0
0.9310273585821178 0.008593617379884037 0
0.9310273585821178 0.007726255641895633 0
0.9378950020351312 0.009677819552369541 0
0.9310273585821178 0.01076202172485505 0
0.9310273585821178 0.009677819552369541 0
0.9378950020351312 0.01211727444046193 0
0.9310273585821178 0.01347252715606881 0
0.9310273585821178 0.01211727444046193 0
0.9378950020351312 0.01516659305057741 0
0.9310273585821178 0.01686065894508601 0
0.9310273585821178 0.01516659305057741 0
0.9378950020351312 0.01897824131322176 0
0.9310273585821178 0.02109582368135751 0
0.9310273585821178 0.01897824131322176 0
0.9378950020351312 0.0237428016415272 0
0.9310273585821178 0.02638977960169689 0
0.9310273585821178 0.0237428016415272 0
0.9378950020351312 0.029698502051909 0
0.9310273585821178 0.03300722450212111 0
0.9310273585821178 0.029698502051909 0
0.9378950020351312 0.03714312756488625 0
0.9310273585821178 0.04127903062765138 0
0.9310273585821178 0.03714312756488625 0
0.9378950020351312 0.04644890945610781 0
0.9310273585821178 0.04644890945610781 0
0.9491754134737164 9.999999999999999e-06 0
0.9435352077544238 2e-05 0
0.9435352077544238 9.999999999999999e-06 0
0.9491754134737164 3.25e-05 0
0.9435352077544238 4.5e-05 0
0.9435352077544238 3.25e-05 0
0.9491754134737164 6.0625e-05 0
0.9435352077544238 7.625000000000001e-05 0
0.9435352077544238 6.0625e-05 0
0.9491754134737164 9.578125e-05 0
0.9435352077544238 0.0001153125 0
0.9435352077544238 9.578125e-05 0
0.9491754134737164 0.0001397265625 0
0.9435352077544238 0.000164140625 0
0.9435352077544238 0.0001397265625 0
0.9491754134737164 0.000194658203125 0
0.9435352077544238 0.00022517578125 0
0.9435352077544238 0.000194658203125 0
0.9491754134737164 0.00026332275390625 0
0.9435352077544238 0.0003014697265625 0
0.9435352077544238 0.00026332275390625 0
0.9491754134737164 0.0003491534423828125 0
0.9435352077544238 0.000396837158203125 0
0.9435352077544238 0.0003491534423828125 0
0.9491754134737164 0.0004564418029785156 0
0.9435352077544238 0.0005160464477539063 0
0.9435352077544238 0.0004564418029785156 0
0.9491754134737164 0.0005905522537231445 0
0.9435352077544238 0.0006650580596923828 0
0.9435352077544238 0.0005905522537231445 0
0.9491754134737164 0.0007581903171539307 0
0.9435352077544238 0.0008513225746154785 0
0.9435352077544238 0.0007581903171539307 0
0.9491754134737164 0.0009677378964424133 0
0.9435352077544238 0.001084153218269348 0
0.9435352077544238 0.0009677378964424133 0
0.9491754134737164 0.001229672370553017 0
0.9435352077544238 0.001375191522836685 0
0.9435352077544238 0.001229672370553017 0
0.9491754134737164 0.001557090463191271 0
0.9435352077544238 0.001738989403545856 0
0.9435352077544238 0.001557090463191271 0
0.9491754134737164 0.001966363078989088 0
0.9435352077544238 0.00219373675443232 0
0.9435352077544238 0.001966363078989088 0
0.9491754134737164 0.00247795384873636 0
0.9435352077544238 0.002762170943040401 0
0.9435352077544238 0.00247795384873636 0
0.9491754134737164 0.003117442310920451 0
0.9435352077544238 0.003472713678800501 0
0.9435352077544238 0.003117442310920451 0
0.9491754134737164 0.003916802888650563 0
0.9435352077544238 0.004360892098500626 0
0.9435352077544238 0.003916802888650563 0
0.9491754134737164 0.004916003610813204 0
0.9435352077544238 0.005471115123125782 0
0.9435352077544238 0.004916003610813204 0
0.9491754134737164 0.006165004513516505 0
0.9435352077544238 0.006858893903907228 0
0.9435352077544238 0.006165004513516505 0
0.9491754134737164 0.007726255641895632 0
0.9435352077544238 0.008593617379884035 0
0.9435352077544238 0.007726255641895633 0
0.9491754134737164 0.00967781955236954 0
0.9435352077544238 0.01076202172485504 0
0.9435352077544238 0.00967781955236954 0
0.9491754134737164 0.01211727444046192 0
0.9435352077544238 0.01347252715606881 0
0.9435352077544238 0.01211727444046192 0
0.9491754134737164 0.01516659305057741 0
0.9435352077544238 0.01686065894508601 0
0.9435352077544238 0.01516659305057741 0
0.9491754134737164 0.01897824131322176 0
0.9435352077544238 0.02109582368135751 0
0.9435352077544238 0.01897824131322176 0
0.9491754134737164 0.0237428016415272 0
0.9435352077544238 0.02638977960169689 0
0.9435352077544238 0.0237428016415272 0
0.9491754134737164 0.029698502051909 0
0.9435352077544238 0.03300722450212111 0
0.9435352077544238 0.029698502051909 0
0.9491754134737164 0.03714312756488625 0
0.9435352077544238 0.04127903062765138 0
0.9435352077544238 0.03714312756488625 0
0.9491754134737164 0.04644890945610781 0
0.9435352077544238 0.04644890945610781 0
0.9584397037061202 1e-05 0
0.9538075585899183 2e-05 0
0.9538075585899183 9.999999999999999e-06 0
0.9584397037061202 3.25e-05 0
0.9538075585899183 4.5e-05 0
0.9538075585899183 3.249999999999999e-05 0
0.9584397037061202 6.062500000000001e-05 0
0.9538075585899183 7.625000000000001e-05 0
0.9538075585899183 6.062500000000001e-05 0
0.9584397037061202 9.578125000000001e-05 0
0.9538075585899183 0.0001153125 0
0.9538075585899183 9.578125000000001e-05 0
0.9584397037061202 0.0001397265625 0
0.9538075585899183 0.000164140625 0
0.9538075585899183 0.0001397265625 0
0.9584397037061202 0.000194658203125 0
0.9538075585899183 0.00022517578125 0
0.9538075585899183 0.000194658203125 0
0.9584397037061202 0.00026332275390625 0
0.9538075585899183 0.0003014697265625 0
0.9538075585899183 0.00026332275390625 0
0.9584397037061202 0.0003491534423828125 0
0.9538075585899183 0.000396837158203125 0
0.9538075585899183 0.0003491534423828125 0
0.9584397037061202 0.0004564418029785156 0
0.9538075585899183 0.0005160464477539063 0
0.9538075585899183 0.0004564418029785156 0
0.9584397037061202 0.0005905522537231445 0
0.9538075585899183 0.0006650580596923828 0
0.9538075585899183 0.0005905522537231445 0
0.9584397037061202 0.0007581903171539307 0
0.9538075585899183 0.0008513225746154785 0
0.9538075585899183 0.0007581903171539307 0
0.9584397037061202 0.0009677378964424133 0
0.9538075585899183 0.001084153218269348 0
0.9538075585899183 0.0009677378964424133 0
0.9584397037061202 0.001229672370553017 0
0.9538075585899183 0.001375191522836685 0
0.9538075585899183 0.001229672370553017 0
0.9584397037061202 0.001557090463191271 0
0.9538075585899183 0.001738989403545856 0
0.9538075585899183 0.001557090463191271 0
0.9584397037061202 0.001966363078989089 0
0.9538075585899183 0.00219373675443232 0
0.9538075585899183 0.001966363078989088 0
0.9584397037061202 0.002477953848736361 0
0.9538075585899183 0.002762170943040401 0
0.9538075585899183 0.00247795384873636 0
0.9584397037061202 0.003117442310920451 0
0.9538075585899183 0.003472713678800501 0
0.9538075585899183 0.003117442310920451 0
0.9584397037061202 0.003916802888650564 0
0.9538075585899183 0.004360892098500626 0
0.9538075585899183 0.003916802888650563 0
0.9584397037061202 0.004916003610813205 0
0.9538075585899183 0.005471115123125782 0
0.9538075585899183 0.004916003610813204 0
0.9584397037061202 0.006165004513516506 0
0.9538075585899183 0.006858893903907228 0
0.9538075585899183 0.006165004513516505 0
0.9584397037061202 0.007726255641895633 0
0.9538075585899183 0.008593617379884035 0
0.9538075585899183 0.007726255641895632 0
0.9584397037061202 0.009677819552369541 0
0.9538075585899183 0.01076202172485504 0
0.9538075585899183 0.00967781955236954 0
0.9584397037061202 0.01211727444046193 0
0.9538075585899183 0.01347252715606881 0
0.9538075585899183 0.01211727444046192 0
0.9584397037061202 0.01516659305057741 0
0.9538075585899183 0.01686065894508601 0
0.9538075585899183 0.01516659305057741 0
0.9584397037061202 0.01897824131322176 0
0.9538075585899183 0.02109582368135751 0
0.9538075585899183 0.01897824131322176 0
0.9584397037061202 0.0237428016415272 0
0.9538075585899183 0.02638977960169689 0
0.9538075585899183 0.0237428016415272 0
0.9584397037061202 0.029698502051909 0
0.9538075585899183 0.03300722450212111 0
0.9538075585899183 0.029698502051909 0
0.9584397037061202 0.03714312756488625 0
0.9538075585899183 0.04127903062765138 0
0.9538075585899183 0.03714312756488625 0
0.9584397037061202 0.04644890945610781 0
0.9538075585899183 0.04644890945610781 0
0.9660482099009511 1e-05 0
0.9622439568035357 2e-05 0
0.9622439568035357 1e-05 0
0.9660482099009511 3.25e-05 0
0.9622439568035357 4.5e-05 0
0.9622439568035357 3.25e-05 0
0.9660482099009511 6.062500000000001e-05 0
0.9622439568035357 7.625000000000001e-05 0
0.9622439568035357 6.062500000000001e-05 0
0.9660482099009511 9.578125000000001e-05 0
0.9622439568035357 0.0001153125 0
0.9622439568035357 9.578125000000001e-05 0
0.9660482099009511 0.0001397265625 0
0.9622439568035357 0.000164140625 0
0.9622439568035357 0.0001397265625 0
0.9660482099009511 0.000194658203125 0
0.9622439568035357 0.00022517578125 0
0.9622439568035357 0.000194658203125 0
0.9660482099009511 0.00026332275390625 0
0.9622439568035357 0.0003014697265625 0
0.9622439568035357 0.00026332275390625 0
0.9660482099009511 0.0003491534423828125 0
0.9622439568035357 0.000396837158203125 0
0.9622439568035357 0.0003491534423828125 0
0.9660482099009511 0.0004564418029785156 0
0.9622439568035357 0.0005160464477539063 0
0.9622439568035357 0.0004564418029785156 0
0.9660482099009511 0.0005905522537231445 0
0.9622439568035357 0.0006650580596923828 0
0.9622439568035357 0.0005905522537231445 0
0.9660482099009511 0.0007581903171539307 0
0.9622439568035357 0.0008513225746154785 0
0.9622439568035357 0.0007581903171539307 0
0.9660482099009511 0.0009677378964424133 0
0.9622439568035357 0.001084153218269348 0
0.9622439568035357 0.0009677378964424133 0
0.9660482099009511 0.001229672370553017 0
0.9622439568035357 0.001375191522836685 0
0.9622439568035357 0.001229672370553017 0
0.9660482099009511 0.001557090463191271 0
0.9622439568035357 0.001738989403545856 0
0.9622439568035357 0.001557090463191271 0
0.9660482099009511 0.001966363078989089 0
0.9622439568035357 0.002193736754432321 0
0.9622439568035357 0.001966363078989088 0
0.9660482099009511 0.002477953848736361 0
0.9622439568035357 0.002762170943040401 0
0.9622439568035357 0.002477953848736361 0
0.9660482099009511 0.003117442310920451 0
0.9622439568035357 0.003472713678800501 0
0.9622439568035357 0.003117442310920451 0
0.9660482099009511 0.003916802888650564 0
0.9622439568035357 0.004360892098500627 0
0.9622439568035357 0.003916802888650563 0
0.9660482099009511 0.004916003610813205 0
0.9622439568035357 0.005471115123125783 0
0.9622439568035357 0.004916003610813205 0
0.9660482099009511 0.006165004513516506 0
0.9622439568035357 0.006858893903907229 0
0.9622439568035357 0.006165004513516506 0
0.9660482099009511 0.007726255641895633 0
0.9622439568035357 0.008593617379884037 0
0.9622439568035357 0.007726255641895633 0
0.9660482099009511 0.009677819552369541 0
0.9622439568035357 0.01076202172485505 0
0.9622439568035357 0.009677819552369541 0
0.9660482099009511 0.01211727444046193 0
0.9622439568035357 0.01347252715606881 0
0.9622439568035357 0.01211727444046193 0
0.9660482099009511 0.01516659305057741 0
0.9622439568035357 0.01686065894508601 0
0.9622439568035357 0.01516659305057741 0
0.9660482099009511 0.01897824131322176 0
0.9622439568035357 0.02109582368135751 0
0.9622439568035357 0.01897824131322176 0
0.9660482099009511 0.0237428016415272 0
0.9622439568035357 0.02638977960169689 0
0.9622439568035357 0.0237428016415272 0
0.9660482099009511 0.029698502051909 0
0.9622439568035357 0.03300722450212111 0
0.9622439568035357 0.029698502051909 0
0.9660482099009511 0.03714312756488625 0
0.9622439568035357 0.04127903062765138 0
0.9622439568035357 0.03714312756488625 0
0.9660482099009511 0.04644890945610781 0
0.9622439568035357 0.04644890945610781 0
0.9722968646853466 1e-05 0
0.9691725372931488 2e-05 0
0.9691725372931488 1e-05 0
0.9722968646853466 3.25e-05 0
0.9691725372931488 4.5e-05 0
0.9691725372931488 3.25e-05 0
0.9722968646853466 6.062500000000001e-05 0
0.9691725372931488 7.625000000000001e-05 0
0.9691725372931488 6.062500000000001e-05 0
0.9722968646853466 9.578125000000001e-05 0
0.9691725372931488 0.0001153125 0
0.9691725372931488 9.578125000000001e-05 0
0.9722968646853466 0.0001397265625 0
0.9691725372931488 0.000164140625 0
0.9691725372931488 0.0001397265625 0
0.9722968646853466 0.000194658203125 0
0.9691725372931488 0.00022517578125 0
0.9691725372931488 0.000194658203125 0
0.9722968646853466 0.00026332275390625 0
0.9691725372931488 0.0003014697265625 0
0.9691725372931488 0.00026332275390625 0
0.9722968646853466 0.0003491534423828125 0
0.9691725372931488 0.000396837158203125 0
0.9691725372931488 0.0003491534423828125 0
0.9722968646853466 0.0004564418029785156 0
0.9691725372931488 0.0005160464477539063 0
0.9691725372931488 0.0004564418029785156 0
0.9722968646853466 0.0005905522537231445 0
0.9691725372931488 0.0006650580596923828 0
0.9691725372931488 0.0005905522537231445 0
0.9722968646853466 0.0007581903171539307 0
0.9691725372931488 0.0008513225746154785 0
0.9691725372931488 0.0007581903171539307 0
0.9722968646853466 0.0009677378964424133 0
0.9691725372931488 0.001084153218269348 0
0.9691725372931488 0.0009677378964424133 0
0.9722968646853466 0.001229672370553017 0
0.9691725372931488 0.001375191522836685 0
0.9691725372931488 0.001229672370553017 0
0.9722968646853466 0.001557090463191271 0
0.9691725372931488 0.001738989403545856 0
0.9691725372931488 0.001557090463191271 0
0.9722968646853466 0.001966363078989089 0
0.9691725372931488 0.002193736754432321 0
0.9691725372931488 0.001966363078989088 0
0.9722968646853466 0.002477953848736361 0
0.9691725372931488 0.002762170943040401 0
0.9691725372931488 0.002477953848736361 0
0.9722968646853466 0.003117442310920451 0
0.9691725372931488 0.003472713678800501 0
0.9691725372931488 0.003117442310920451 0
0.9722968646853466 0.003916802888650564 0
0.9691725372931488 0.004360892098500627 0
0.9691725372931488 0.003916802888650563 0
0.9722968646853466 0.004916003610813205 0
0.9691725372931488 0.005471115123125783 0
0.9691725372931488 0.004916003610813205 0
0.9722968646853466 0.006165004513516506 0
0.9691725372931488 0.006858893903907229 0
0.9691725372931488 0.006165004513516506 0
0.9722968646853466 0.007726255641895633 0
0.9691725372931488 0.008593617379884037 0
0.9691725372931488 0.007726255641895633 0
0.9722968646853466 0.009677819552369541 0
0.9691725372931488 0.01076202172485505 0
0.9691725372931488 0.009677819552369541 0
0.9722968646853466 0.01211727444046193 0
0.9691725372931488 0.01347252715606881 0
0.9691725372931488 0.01211727444046193 0
0.9722968646853466 0.01516659305057741 0
0.9691725372931488 0.01686065894508601 0
0.9691725372931488 0.01516659305057741 0
0.9722968646853466 0.01897824131322176 0
0.9691725372931488 0.02109582368135751 0
0.9691725372931488 0.01897824131322176 0
0.9722968646853466 0.0237428016415272 0
0.9691725372931488 0.02638977960169689 0
0.9691725372931488 0.0237428016415272 0
0.9722968646853466 0.029698502051909 0
0.9691725372931488 0.03300722450212111 0
0.9691725372931488 0.029698502051909 0
0.9722968646853466 0.03714312756488625 0
0.9691725372931488 0.04127903062765138 0
0.9691725372931488 0.03714312756488625 0
0.9722968646853466 0.04644890945610781 0
0.9691725372931488 0.04644890945610781 0
0.9748627891672874 2e-05 0
0.9748627891672874 9.999999999999999e-06 0
0.9748627891672874 4.5e-05 0
0.9748627891672874 3.25e-05 0
0.9748627891672874 7.625000000000001e-05 0
0.9748627891672874 6.0625e-05 0
0.9748627891672874 0.0001153125 0
0.9748627891672874 9.578125e-05 0
0.9748627891672874 0.000164140625 0
0.9748627891672874 0.0001397265625 0
0.9748627891672874 0.00022517578125 0
0.9748627891672874 0.000194658203125 0
0.9748627891672874 0.0003014697265625 0
0.9748627891672874 0.00026332275390625 0
0.9748627891672874 0.000396837158203125 0
0.9748627891672874 0.0003491534423828125 0
0.9748627891672874 0.0005160464477539063 0
0.9748627891672874 0.0004564418029785156 0
0.9748627891672874 0.0006650580596923828 0
0.9748627891672874 0.0005905522537231445 0
0.9748627891672874 0.0008513225746154785 0
0.9748627891672874 0.0007581903171539307 0
0.9748627891672874 0.001084153218269348 0
0.9748627891672874 0.0009677378964424133 0
0.9748627891672874 0.001375191522836685 0
0.9748627891672874 0.001229672370553017 0
0.9748627891672874 0.001738989403545856 0
0.9748627891672874 0.001557090463191271 0
0.9748627891672874 0.00219373675443232 0
0.9748627891672874 0.001966363078989088 0
0.9748627891672874 0.002762170943040401 0
0.9748627891672874 0.00247795384873636 0
0.9748627891672874 0.003472713678800501 0
0.9748627891672874 0.003117442310920451 0
0.9748627891672874 0.004360892098500626 0
0.9748627891672874 0.003916802888650563 0
0.9748627891672874 0.005471115123125782 0
0.9748627891672874 0.004916003610813204 0
0.9748627891672874 0.006858893903907228 0
0.9748627891672874 0.006165004513516505 0
0.9748627891672874 0.008593617379884035 0
0.9748627891672874 0.007726255641895633 0
0.9748627891672874 0.01076202172485504 0
0.9748627891672874 0.00967781955236954 0
0.9748627891672874 0.01347252715606881 0
0.9748627891672874 0.01211727444046192 0
0.9748627891672874 0.01686065894508601 0
0.9748627891672874 0.01516659305057741 0
0.9748627891672874 0.02109582368135751 0
0.9748627891672874 0.01897824131322176 0
0.9748627891672874 0.02638977960169689 0
0.9748627891672874 0.0237428016415272 0
0.9748627891672874 0.03300722450212111 0
0.9748627891672874 0.029698502051909 0
0.9748627891672874 0.04127903062765138 0
0.9748627891672874 0.03714312756488625 0
0.9748627891672874 0.04644890945610781 0
0.9921995020821054 1e-05 0
0.991240808301352 2e-05 0
0.991240808301352 9.999999999999999e-06 0
0.9921995020821054 3.25e-05 0
0.991240808301352 4.5e-05 0
0.991240808301352 3.249999999999999e-05 0
0.9921995020821054 6.062500000000001e-05 0
0.991240808301352 7.625000000000001e-05 0
0.991240808301352 6.062500000000001e-05 0
0.9921995020821054 9.578125000000001e-05 0
0.991240808301352 0.0001153125 0
0.991240808301352 9.578125000000001e-05 0
0.9921995020821054 0.0001397265625 0
0.991240808301352 0.000164140625 0
0.991240808301352 0.0001397265625 0
0.9921995020821054 0.000194658203125 0
0.991240808301352 0.00022517578125 0
0.991240808301352 0.000194658203125 0
0.9921995020821054 0.00026332275390625 0
0.991240808301352 0.0003014697265625 0
0.991240808301352 0.00026332275390625 0
0.9921995020821054 0.0003491534423828125 0
0.991240808301352 0.000396837158203125 0
0.991240808301352 0.0003491534423828125 0
0.9921995020821054 0.0004564418029785156 0
0.991240808301352 0.0005160464477539063 0
0.991240808301352 0.0004564418029785156 0
0.9921995020821054 0.0005905522537231445 0
0.991240808301352 0.0006650580596923828 0
0.991240808301352 0.0005905522537231445 0
0.9921995020821054 0.0007581903171539307 0
0.991240808301352 0.0008513225746154785 0
0.991240808301352 0.0007581903171539307 0
0.9921995020821054 0.0009677378964424133 0
0.991240808301352 0.001084153218269348 0
0.991240808301352 0.0009677378964424133 0
0.9921995020821054 0.001229672370553017 0
0.991240808301352 0.001375191522836685 0
0.991240808301352 0.001229672370553017 0
0.9921995020821054 0.001557090463191271 0
0.991240808301352 0.001738989403545856 0
0.991240808301352 0.001557090463191271 0
0.9921995020821054 0.001966363078989089 0
0.991240808301352 0.00219373675443232 0
0.991240808301352 0.001966363078989088 0
0.9921995020821054 0.002477953848736361 0
0.991240808301352 0.002762170943040401 0
0.991240808301352 0.00247795384873636 0
0.9921995020821054 0.003117442310920451 0
0.991240808301352 0.003472713678800501 0
0.991240808301352 0.003117442310920451 0
0.9921995020821054 0.003916802888650564 0
0.991240808301352 0.004360892098500626 0
0.991240808301352 0.003916802888650563 0
0.9921995020821054 0.004916003610813205 0
0.991240808301352 0.005471115123125782 0
0.991240808301352 0.004916003610813204 0
0.9921995020821054 0.006165004513516506 0
0.991240808301352 0.006858893903907228 0
0.991240808301352 0.006165004513516505 0
0.9921995020821054 0.007726255641895633 0
0.991240808301352 0.008593617379884035 0
0.991240808301352 0.007726255641895632 0
0.9921995020821054 0.009677819552369541 0
0.991240808301352 0.01076202172485504 0
0.991240808301352 0.00967781955236954 0
0.9921995020821054 0.01211727444046193 0
0.991240808301352 0.01347252715606881 0
0.991240808301352 0.01211727444046192 0
0.9921995020821054 0.01516659305057741 0
0.991240808301352 0.01686065894508601 0
0.991240808301352 0.01516659305057741 0
0.9921995020821054 0.01897824131322176 0
0.991240808301352 0.02109582368135751 0
0.991240808301352 0.01897824131322176 0
0.9921995020821054 0.0237428016415272 0
0.991240808301352 0.02638977960169689 0
0.991240808301352 0.0237428016415272 0
0.9921995020821054 0.029698502051909 0
0.991240808301352 0.03300722450212111 0
0.991240808301352 0.029698502051909 0
0.9921995020821054 0.03714312756488625 0
0.991240808301352 0.04127903062765138 0
0.991240808301352 0.03714312756488625 0
0.9921995020821054 0.04644890945610781 0
0.991240808301352 0.04644890945610781 0
0.9937741994998642 1e-05 0
0.9929868507909848 2e-05 0
0.9929868507909848 1e-05 0
0.9937741994998642 3.25e-05 0
0.9929868507909848 4.5e-05 0
0.9929868507909848 3.25e-05 0
0.9937741994998642 6.062500000000001e-05 0
0.9929868507909848 7.625000000000001e-05 0
0.9929868507909848 6.062500000000001e-05 0
0.9937741994998642 9.578125000000001e-05 0
0.9929868507909848 0.0001153125 0
0.9929868507909848 9.578125000000001e-05 0
0.9937741994998642 0.0001397265625 0
0.9929868507909848 0.000164140625 0
0.9929868507909848 0.0001397265625 0
0.9937741994998642 0.000194658203125 0
0.9929868507909848 0.00022517578125 0
0.9929868507909848 0.000194658203125 0
0.9937741994998642 0.00026332275390625 0
0.9929868507909848 0.0003014697265625 0
0.9929868507909848 0.00026332275390625 0
0.9937741994998642 0.0003491534423828125 0
0.9929868507909848 0.000396837158203125 0
0.9929868507909848 0.0003491534423828125 0
0.9937741994998642 0.0004564418029785156 0
0.9929868507909848 0.0005160464477539063 0
0.9929868507909848 0.0004564418029785156 0
0.9937741994998642 0.0005905522537231445 0
0.9929868507909848 0.0006650580596923828 0
0.9929868507909848 0.0005905522537231445 0
0.9937741994998642 0.0007581903171539307 0
0.9929868507909848 0.0008513225746154785 0
0.9929868507909848 0.0007581903171539307 0
0.9937741994998642 0.0009677378964424133 0
0.9929868507909848 0.001084153218269348 0
0.9929868507909848 0.0009677378964424133 0
0.9937741994998642 0.001229672370553017 0
0.9929868507909848 0.001375191522836685 0
0.9929868507909848 0.001229672370553017 0
0.9937741994998642 0.001557090463191271 0
0.9929868507909848 0.001738989403545856 0
0.9929868507909848 0.001557090463191271 0
0.9937741994998642 0.001966363078989089 0
0.9929868507909848 0.002193736754432321 0
0.9929868507909848 0.001966363078989088 0
0.9937741994998642 0.002477953848736361 0
0.9929868507909848 0.002762170943040401 0
0.9929868507909848 0.002477953848736361 0
0.9937741994998642 0.003117442310920451 0
0.9929868507909848 0.003472713678800501 0
0.9929868507909848 0.003117442310920451 0
0.9937741994998642 0.003916802888650564 0
0.9929868507909848 0.004360892098500627 0
0.9929868507909848 0.003916802888650563 0
0.9937741994998642 0.004916003610813205 0
0.9929868507909848 0.005471115123125783 0
0.9929868507909848 0.004916003610813205 0
0.9937741994998642 0.006165004513516506 0
0.9929868507909848 0.006858893903907229 0
0.9929868507909848 0.006165004513516506 0
0.9937741994998642 0.007726255641895633 0
0.9929868507909848 0.008593617379884037 0
0.9929868507909848 0.007726255641895633 0
0.9937741994998642 0.009677819552369541 0
0.9929868507909848 0.01076202172485505 0
0.9929868507909848 0.009677819552369541 0
0.9937741994998642 0.01211727444046193 0
0.9929868507909848 0.01347252715606881 0
0.9929868507909848 0.01211727444046193 0
0.9937741994998642 0.01516659305057741 0
0.9929868507909848 0.01686065894508601 0
0.9929868507909848 0.01516659305057741 0
0.9937741994998642 0.01897824131322176 0
0.9929868507909848 0.02109582368135751 0
0.9929868507909848 0.01897824131322176 0
0.9937741994998642 0.0237428016415272 0
0.9929868507909848 0.02638977960169689 0
0.9929868507909848 0.0237428016415272 0
0.9937741994998642 0.029698502051909 0
0.9929868507909848 0.03300722450212111 0
0.9929868507909848 0.029698502051909 0
0.9937741994998642 0.03714312756488625 0
0.9929868507909848 0.04127903062765138 0
0.9929868507909848 0.03714312756488625 0
0.9937741994998642 0.04644890945610781 0
0.9929868507909848 0.04644890945610781 0
0.9950674549908498 1e-05 0
0.994420827245357 2e-05 0
0.994420827245357 1e-05 0
0.9950674549908498 3.25e-05 0
0.994420827245357 4.5e-05 0
0.994420827245357 3.25e-05 0
0.9950674549908498 6.062500000000001e-05 0
0.994420827245357 7.625000000000001e-05 0
0.994420827245357 6.062500000000001e-05 0
0.9950674549908498 9.578125000000001e-05 0
0.994420827245357 0.0001153125 0
0.994420827245357 9.578125000000001e-05 0
0.9950674549908498 0.0001397265625 0
0.994420827245357 0.000164140625 0
0.994420827245357 0.0001397265625 0
0.9950674549908498 0.000194658203125 0
0.994420827245357 0.00022517578125 0
0.994420827245357 0.000194658203125 0
0.9950674549908498 0.00026332275390625 0
0.994420827245357 0.0003014697265625 0
0.994420827245357 0.00026332275390625 0
0.9950674549908498 0.0003491534423828125 0
0.994420827245357 0.000396837158203125 0
0.994420827245357 0.0003491534423828125 0
0.9950674549908498 0.0004564418029785156 0
0.994420827245357 0.0005160464477539063 0
0.994420827245357 0.0004564418029785156 0
0.9950674549908498 0.0005905522537231445 0
0.994420827245357 0.0006650580596923828 0
0.994420827245357 0.0005905522537231445 0
0.9950674549908498 0.0007581903171539307 0
0.994420827245357 0.0008513225746154785 0
0.994420827245357 0.0007581903171539307 0
0.9950674549908498 0.0009677378964424133 0
0.994420827245357 0.001084153218269348 0
0.994420827245357 0.0009677378964424133 0
0.9950674549908498 0.001229672370553017 0
0.994420827245357 0.001375191522836685 0
0.994420827245357 0.001229672370553017 0
0.9950674549908498 0.001557090463191271 0
0.994420827245357 0.001738989403545856 0
0.994420827245357 0.001557090463191271 0
0.9950674549908498 0.001966363078989089 0
0.994420827245357 0.002193736754432321 0
0.994420827245357 0.001966363078989088 0
0.9950674549908498 0.002477953848736361 0
0.994420827245357 0.002762170943040401 0
0.994420827245357 0.002477953848736361 0
0.9950674549908498 0.003117442310920451 0
0.994420827245357 0.003472713678800501 0
0.994420827245357 0.003117442310920451 0
0.9950674549908498 0.003916802888650564 0
0.994420827245357 0.004360892098500627 0
0.994420827245357 0.003916802888650563 0
0.9950674549908498 0.004916003610813205 0
0.994420827245357 0.005471115123125783 0
0.994420827245357 0.004916003610813205 0
0.9950674549908498 0.006165004513516506 0
0.994420827245357 0.006858893903907229 0
0.994420827245357 0.006165004513516506 0
0.9950674549908498 0.007726255641895633 0
0.994420827245357 0.008593617379884037 0
0.994420827245357 0.007726255641895633 0
0.9950674549908498 0.009677819552369541 0
0.994420827245357 0.01076202172485505 0
0.994420827245357 0.009677819552369541 0
0.9950674549908498 0.01211727444046193 0
0.994420827245357 0.01347252715606881 0
0.994420827245357 0.01211727444046193 0
0.9950674549908498 0.01516659305057741 0
0.994420827245357 0.01686065894508601 0
0.994420827245357 0.01516659305057741 0
0.9950674549908498 0.01897824131322176 0
0.994420827245357 0.02109582368135751 0
0.994420827245357 0.01897824131322176 0
0.9950674549908498 0.0237428016415272 0
0.994420827245357 0.02638977960169689 0
0.994420827245357 0.0237428016415272 0
0.9950674549908498 0.029698502051909 0
0.994420827245357 0.03300722450212111 0
0.994420827245357 0.029698502051909 0
0.9950674549908498 0.03714312756488625 0
0.994420827245357 0.04127903062765138 0
0.994420827245357 0.03714312756488625 0
0.9950674549908498 0.04644890945610781 0
0.994420827245357 0.04644890945610781 0
0.9961295699464777 1e-05 0
0.9955985124686637 2.000000000000001e-05 0
0.9955985124686637 1e-05 0
0.9961295699464777 3.25e-05 0
0.9955985124686637 4.500000000000001e-05 0
0.9955985124686637 3.25e-05 0
0.9961295699464777 6.062500000000001e-05 0
0.9955985124686637 7.625000000000001e-05 0
0.9955985124686637 6.062500000000001e-05 0
0.9961295699464777 9.578125000000001e-05 0
0.9955985124686637 0.0001153125 0
0.9955985124686637 9.578125000000001e-05 0
0.9961295699464777 0.0001397265625 0
0.9955985124686637 0.000164140625 0
0.9955985124686637 0.0001397265625 0
0.9961295699464777 0.0001946582031250001 0
0.9955985124686637 0.00022517578125 0
0.9955985124686637 0.0001946582031250001 0
0.9961295699464777 0.0002633227539062501 0
0.9955985124686637 0.0003014697265625 0
0.9955985124686637 0.00026332275390625 0
0.9961295699464777 0.0003491534423828126 0
0.9955985124686637 0.0003968371582031251 0
0.9955985124686637 0.0003491534423828125 0
0.9961295699464777 0.0004564418029785157 0
0.9955985124686637 0.0005160464477539063 0
0.9955985124686637 0.0004564418029785157 0
0.9961295699464777 0.0005905522537231446 0
0.9955985124686637 0.0006650580596923828 0
0.9955985124686637 0.0005905522537231445 0
0.9961295699464777 0.0007581903171539309 0
0.9955985124686637 0.0008513225746154786 0
0.9955985124686637 0.0007581903171539309 0
0.9961295699464777 0.0009677378964424136 0
0.9955985124686637 0.001084153218269348 0
0.9955985124686637 0.0009677378964424137 0
0.9961295699464777 0.001229672370553017 0
0.9955985124686637 0.001375191522836685 0
0.9955985124686637 0.001229672370553017 0
0.9961295699464777 0.001557090463191271 0
0.9955985124686637 0.001738989403545857 0
0.9955985124686637 0.001557090463191271 0
0.9961295699464777 0.001966363078989089 0
0.9955985124686637 0.002193736754432321 0
0.9955985124686637 0.001966363078989089 0
0.9961295699464777 0.002477953848736361 0
0.9955985124686637 0.002762170943040401 0
0.9955985124686637 0.002477953848736361 0
0.9961295699464777 0.003117442310920451 0
0.9955985124686637 0.003472713678800502 0
0.9955985124686637 0.003117442310920451 0
0.9961295699464777 0.003916802888650564 0
0.9955985124686637 0.004360892098500627 0
0.9955985124686637 0.003916802888650564 0
0.9961295699464777 0.004916003610813205 0
0.9955985124686637 0.005471115123125783 0
0.9955985124686637 0.004916003610813205 0
0.9961295699464777 0.006165004513516507 0
0.9955985124686637 0.00685889390390723 0
0.9955985124686637 0.006165004513516507 0
0.9961295699464777 0.007726255641895633 0
0.9955985124686637 0.008593617379884037 0
0.9955985124686637 0.007726255641895633 0
0.9961295699464777 0.009677819552369541 0
0.9955985124686637 0.01076202172485505 0
0.9955985124686637 0.009677819552369541 0
0.9961295699464777 0.01211727444046193 0
0.9955985124686637 0.01347252715606881 0
0.9955985124686637 0.01211727444046193 0
0.9961295699464777 0.01516659305057741 0
0.9955985124686637 0.01686065894508601 0
0.9955985124686637 0.01516659305057741 0
0.9961295699464777 0.01897824131322176 0
0.9955985124686637 0.02109582368135751 0
0.9955985124686637 0.01897824131322176 0
0.9961295699464777 0.0237428016415272 0
0.9955985124686637 0.02638977960169689 0
0.9955985124686637 0.0237428016415272 0
0.9961295699464777 0.029698502051909 0
0.9955985124686637 0.03300722450212111 0
0.9955985124686637 0.029698502051909 0
0.9961295699464777 0.03714312756488625 0
0.9955985124686637 0.04127903062765138 0
0.9955985124686637 0.03714312756488625 0
0.9961295699464777 0.04644890945610781 0
0.9955985124686637 0.04644890945610781 0
0.9970018556669997 9.999999999999999e-06 0
0.9965657128067387 2e-05 0
0.9965657128067387 1e-05 0
0.9970018556669997 3.25e-05 0
0.9965657128067387 4.5e-05 0
0.9965657128067387 3.25e-05 0
0.9970018556669997 6.0625e-05 0
0.9965657128067387 7.625000000000001e-05 0
0.9965657128067387 6.0625e-05 0
0.9970018556669997 9.578125e-05 0
0.9965657128067387 0.0001153125 0
0.9965657128067387 9.578125e-05 0
0.9970018556669997 0.0001397265625 0
0.9965657128067387 0.000164140625 0
0.9965657128067387 0.0001397265625 0
0.9970018556669997 0.000194658203125 0
0.9965657128067387 0.00022517578125 0
0.9965657128067387 0.000194658203125 0
0.9970018556669997 0.00026332275390625 0
0.9965657128067387 0.0003014697265625 0
0.9965657128067387 0.00026332275390625 0
0.9970018556669997 0.0003491534423828125 0
0.9965657128067387 0.0003968371582031251 0
0.9965657128067387 0.0003491534423828126 0
0.9970018556669997 0.0004564418029785156 0
0.9965657128067387 0.0005160464477539063 0
0.9965657128067387 0.0004564418029785156 0
0.9970018556669997 0.0005905522537231445 0
0.9965657128067387 0.0006650580596923828 0
0.9965657128067387 0.0005905522537231445 0
0.9970018556669997 0.0007581903171539307 0
0.9965657128067387 0.0008513225746154786 0
0.9965657128067387 0.0007581903171539307 0
0.9970018556669997 0.0009677378964424133 0
0.9965657128067387 0.001084153218269348 0
0.9965657128067387 0.0009677378964424134 0
0.9970018556669997 0.001229672370553017 0
0.9965657128067387 0.001375191522836685 0
0.9965657128067387 0.001229672370553017 0
0.9970018556669997 0.001557090463191271 0
0.9965657128067387 0.001738989403545857 0
0.9965657128067387 0.001557090463191271 0
0.9970018556669997 0.001966363078989088 0
0.9965657128067387 0.00219373675443232 0
0.9965657128067387 0.001966363078989088 0
0.9970018556669997 0.00247795384873636 0
0.9965657128067387 0.002762170943040401 0
0.9965657128067387 0.00247795384873636 0
0.9970018556669997 0.003117442310920451 0
0.9965657128067387 0.003472713678800501 0
0.9965657128067387 0.003117442310920451 0
0.9970018556669997 0.003916802888650563 0
0.9965657128067387 0.004360892098500626 0
0.9965657128067387 0.003916802888650563 0
0.9970018556669997 0.004916003610813204 0
0.9965657128067387 0.005471115123125782 0
0.9965657128067387 0.004916003610813204 0
0.9970018556669997 0.006165004513516505 0
0.9965657128067387 0.006858893903907229 0
0.9965657128067387 0.006165004513516507 0
0.9970018556669997 0.007726255641895632 0
0.9965657128067387 0.008593617379884035 0
0.9965657128067387 0.007726255641895631 0
0.9970018556669997 0.00967781955236954 0
0.9965657128067387 0.01076202172485504 0
0.9965657128067387 0.00967781955236954 0
0.9970018556669997 0.01211727444046192 0
0.9965657128067387 0.01347252715606881 0
0.9965657128067387 0.01211727444046193 0
0.9970018556669997 0.01516659305057741 0
0.9965657128067387 0.01686065894508601 0
0.9965657128067387 0.01516659305057741 0
0.9970018556669997 0.01897824131322176 0
0.9965657128067387 0.02109582368135751 0
0.9965657128067387 0.01897824131322176 0
0.9970018556669997 0.0237428016415272 0
0.9965657128067387 0.02638977960169689 0
0.9965657128067387 0.0237428016415272 0
0.9970018556669997 0.029698502051909 0
0.9965657128067387 0.03300722450212111 0
0.9965657128067387 0.029698502051909 0
0.9970018556669997 0.03714312756488625 0
0.9965657128067387 0.04127903062765138 0
0.9965657128067387 0.03714312756488625 0
0.9970018556669997 0.04644890945610781 0
0.9965657128067387 0.04644890945610781 0
0.9977182397368483 1e-05 0
0.997360047701924 2e-05 0
0.997360047701924 9.999999999999999e-06 0
0.9977182397368483 3.25e-05 0
0.997360047701924 4.5e-05 0
0.997360047701924 3.249999999999999e-05 0
0.9977182397368483 6.062500000000001e-05 0
0.997360047701924 7.625000000000001e-05 0
0.997360047701924 6.062500000000001e-05 0
0.9977182397368483 9.578125000000001e-05 0
0.997360047701924 0.0001153125 0
0.997360047701924 9.578125000000001e-05 0
0.9977182397368483 0.0001397265625 0
0.997360047701924 0.000164140625 0
0.997360047701924 0.0001397265625 0
0.9977182397368483 0.000194658203125 0
0.997360047701924 0.00022517578125 0
0.997360047701924 0.000194658203125 0
0.9977182397368483 0.00026332275390625 0
0.997360047701924 0.0003014697265625 0
0.997360047701924 0.00026332275390625 0
0.9977182397368483 0.0003491534423828125 0
0.997360047701924 0.000396837158203125 0
0.997360047701924 0.0003491534423828125 0
0.9977182397368483 0.0004564418029785156 0
0.997360047701924 0.0005160464477539063 0
0.997360047701924 0.0004564418029785156 0
0.9977182397368483 0.0005905522537231445 0
0.997360047701924 0.0006650580596923828 0
0.997360047701924 0.0005905522537231445 0
0.9977182397368483 0.0007581903171539307 0
0.997360047701924 0.0008513225746154785 0
0.997360047701924 0.0007581903171539307 0
0.9977182397368483 0.0009677378964424133 0
0.997360047701924 0.001084153218269348 0
0.997360047701924 0.0009677378964424133 0
0.9977182397368483 0.001229672370553017 0
0.997360047701924 0.001375191522836685 0
0.997360047701924 0.001229672370553017 0
0.9977182397368483 0.001557090463191271 0
0.997360047701924 0.001738989403545856 0
0.997360047701924 0.001557090463191271 0
0.9977182397368483 0.001966363078989089 0
0.997360047701924 0.00219373675443232 0
0.997360047701924 0.001966363078989088 0
0.9977182397368483 0.002477953848736361 0
0.997360047701924 0.002762170943040401 0
0.997360047701924 0.00247795384873636 0
0.9977182397368483 0.003117442310920451 0
0.997360047701924 0.003472713678800501 0
0.997360047701924 0.003117442310920451 0
0.9977182397368483 0.003916802888650564 0
0.997360047701924 0.004360892098500626 0
0.997360047701924 0.003916802888650563 0
0.9977182397368483 0.004916003610813205 0
0.997360047701924 0.005471115123125782 0
0.997360047701924 0.004916003610813204 0
0.9977182397368483 0.006165004513516506 0
0.997360047701924 0.006858893903907228 0
0.997360047701924 0.006165004513516505 0
0.9977182397368483 0.007726255641895633 0
0.997360047701924 0.008593617379884035 0
0.997360047701924 0.007726255641895632 0
0.9977182397368483 0.009677819552369541 0
0.997360047701924 0.01076202172485504 0
0.997360047701924 0.00967781955236954 0
0.9977182397368483 0.01211727444046193 0
0.997360047701924 0.01347252715606881 0
0.997360047701924 0.01211727444046192 0
0.9977182397368483 0.01516659305057741 0
0.997360047701924 0.01686065894508601 0
0.997360047701924 0.01516659305057741 0
0.9977182397368483 0.01897824131322176 0
0.997360047701924 0.02109582368135751 0
0.997360047701924 0.01897824131322176 0
0.9977182397368483 0.0237428016415272 0
0.997360047701924 0.02638977960169689 0
0.997360047701924 0.0237428016415272 0
0.9977182397368483 0.029698502051909 0
0.997360047701924 0.03300722450212111 0
0.997360047701924 0.029698502051909 0
0.9977182397368483 0.03714312756488625 0
0.997360047701924 0.04127903062765138 0
0.997360047701924 0.03714312756488625 0
0.9977182397368483 0.04644890945610781 0
0.997360047701924 0.04644890945610781 0
0.9983065863397841 1e-05 0
0.9980124130383161 2e-05 0
0.9980124130383161 1e-05 0
0.9983065863397841 3.25e-05 0
0.9980124130383161 4.5e-05 0
0.9980124130383161 3.25e-05 0
0.9983065863397841 6.062500000000001e-05 0
0.9980124130383161 7.625000000000001e-05 0
0.9980124130383161 6.062500000000001e-05 0
0.9983065863397841 9.578125000000001e-05 0
0.9980124130383161 0.0001153125 0
0.9980124130383161 9.578125000000001e-05 0
0.9983065863397841 0.0001397265625 0
0.9980124130383161 0.000164140625 0
0.9980124130383161 0.0001397265625 0
0.9983065863397841 0.000194658203125 0
0.9980124130383161 0.00022517578125 0
0.9980124130383161 0.000194658203125 0
0.9983065863397841 0.00026332275390625 0
0.9980124130383161 0.0003014697265625 0
0.9980124130383161 0.00026332275390625 0
0.9983065863397841 0.0003491534423828125 0
0.9980124130383161 0.000396837158203125 0
0.9980124130383161 0.0003491534423828125 0
0.9983065863397841 0.0004564418029785156 0
0.9980124130383161 0.0005160464477539063 0
0.9980124130383161 0.0004564418029785156 0
0.9983065863397841 0.0005905522537231445 0
0.9980124130383161 0.0006650580596923828 0
0.9980124130383161 0.0005905522537231445 0
0.9983065863397841 0.0007581903171539307 0
0.9980124130383161 0.0008513225746154785 0
0.9980124130383161 0.0007581903171539307 0
0.9983065863397841 0.0009677378964424133 0
0.9980124130383161 0.001084153218269348 0
0.9980124130383161 0.0009677378964424133 0
0.9983065863397841 0.001229672370553017 0
0.9980124130383161 0.001375191522836685 0
0.9980124130383161 0.001229672370553017 0
0.9983065863397841 0.001557090463191271 0
0.9980124130383161 0.001738989403545856 0
0.9980124130383161 0.001557090463191271 0
0.9983065863397841 0.001966363078989089 0
0.9980124130383161 0.002193736754432321 0
0.9980124130383161 0.001966363078989088 0
0.9983065863397841 0.002477953848736361 0
0.9980124130383161 0.002762170943040401 0
0.9980124130383161 0.002477953848736361 0
0.9983065863397841 0.003117442310920451 0
0.9980124130383161 0.003472713678800501 0
0.9980124130383161 0.003117442310920451 0
0.9983065863397841 0.003916802888650564 0
0.9980124130383161 0.004360892098500627 0
0.9980124130383161 0.003916802888650563 0
0.9983065863397841 0.004916003610813205 0
0.9980124130383161 0.005471115123125783 0
0.9980124130383161 0.004916003610813205 0
0.9983065863397841 0.006165004513516506 0
0.9980124130383161 0.006858893903907229 0
0.9980124130383161 0.006165004513516506 0
0.9983065863397841 0.007726255641895633 0
0.9980124130383161 0.008593617379884037 0
0.9980124130383161 0.007726255641895633 0
0.9983065863397841 0.009677819552369541 0
0.9980124130383161 0.01076202172485505 0
0.9980124130383161 0.009677819552369541 0
0.9983065863397841 0.01211727444046193 0
0.9980124130383161 0.01347252715606881 0
0.9980124130383161 0.01211727444046193 0
0.9983065863397841 0.01516659305057741 0
0.9980124130383161 0.01686065894508601 0
0.9980124130383161 0.01516659305057741 0
0.9983065863397841 0.01897824131322176 0
0.9980124130383161 0.02109582368135751 0
0.9980124130383161 0.01897824131322176 0
0.9983065863397841 0.0237428016415272 0
0.9980124130383161 0.02638977960169689 0
0.9980124130383161 0.0237428016415272 0
0.9983065863397841 0.029698502051909 0
0.9980124130383161 0.03300722450212111 0
0.9980124130383161 0.029698502051909 0
0.9983065863397841 0.03714312756488625 0
0.9980124130383161 0.04127903062765138 0
0.9980124130383161 0.03714312756488625 0
0.9983065863397841 0.04644890945610781 0
0.9980124130383161 0.04644890945610781 0
0.9987897791195731 1e-05 0
0.9985481827296786 2e-05 0
0.9985481827296786 1e-05 0
0.9987897791195731 3.25e-05 0
0.9985481827296786 4.5e-05 0
0.9985481827296786 3.25e-05 0
0.9987897791195731 6.062500000000001e-05 0
0.9985481827296786 7.625000000000001e-05 0
0.9985481827296786 6.062500000000001e-05 0
0.9987897791195731 9.578125000000001e-05 0
0.9985481827296786 0.0001153125 0
0.9985481827296786 9.578125000000001e-05 0
0.9987897791195731 0.0001397265625 0
0.9985481827296786 0.000164140625 0
0.9985481827296786 0.0001397265625 0
0.9987897791195731 0.000194658203125 0
0.9985481827296786 0.00022517578125 0
0.9985481827296786 0.000194658203125 0
0.9987897791195731 0.00026332275390625 0
0.9985481827296786 0.0003014697265625 0
0.9985481827296786 0.00026332275390625 0
0.9987897791195731 0.0003491534423828125 0
0.9985481827296786 0.000396837158203125 0
0.9985481827296786 0.0003491534423828125 0
0.9987897791195731 0.0004564418029785156 0
0.9985481827296786 0.0005160464477539063 0
0.9985481827296786 0.0004564418029785156 0
0.9987897791195731 0.0005905522537231445 0
0.9985481827296786 0.0006650580596923828 0
0.9985481827296786 0.0005905522537231445 0
0.9987897791195731 0.0007581903171539307 0
0.9985481827296786 0.0008513225746154785 0
0.9985481827296786 0.0007581903171539307 0
0.9987897791195731 0.0009677378964424133 0
0.9985481827296786 0.001084153218269348 0
0.9985481827296786 0.0009677378964424133 0
0.9987897791195731 0.001229672370553017 0
0.9985481827296786 0.001375191522836685 0
0.9985481827296786 0.001229672370553017 0
0.9987897791195731 0.001557090463191271 0
0.9985481827296786 0.001738989403545856 0
0.9985481827296786 0.001557090463191271 0
0.9987897791195731 0.001966363078989089 0
0.9985481827296786 0.002193736754432321 0
0.9985481827296786 0.001966363078989088 0
0.9987897791195731 0.002477953848736361 0
0.9985481827296786 0.002762170943040401 0
0.9985481827296786 0.002477953848736361 0
0.9987897791195731 0.003117442310920451 0
0.9985481827296786 0.003472713678800501 0
0.9985481827296786 0.003117442310920451 0
0.9987897791195731 0.003916802888650564 0
0.9985481827296786 0.004360892098500627 0
0.9985481827296786 0.003916802888650563 0
0.9987897791195731 0.004916003610813205 0
0.9985481827296786 0.005471115123125783 0
0.9985481827296786 0.004916003610813205 0
0.9987897791195731 0.006165004513516506 0
0.9985481827296786 0.006858893903907229 0
0.9985481827296786 0.006165004513516506 0
0.9987897791195731 0.007726255641895633 0
0.9985481827296786 0.008593617379884037 0
0.9985481827296786 0.007726255641895633 0
0.9987897791195731 0.009677819552369541 0
0.9985481827296786 0.01076202172485505 0
0.9985481827296786 0.009677819552369541 0
0.9987897791195731 0.01211727444046193 0
0.9985481827296786 0.01347252715606881 0
0.9985481827296786 0.01211727444046193 0
0.9987897791195731 0.01516659305057741 0
0.9985481827296786 0.01686065894508601 0
0.9985481827296786 0.01516659305057741 0
0.9987897791195731 0.01897824131322176 0
0.9985481827296786 0.02109582368135751 0
0.9985481827296786 0.01897824131322176 0
0.9987897791195731 0.0237428016415272 0
0.9985481827296786 0.02638977960169689 0
0.9985481827296786 0.0237428016415272 0
0.9987897791195731 0.029698502051909 0
0.9985481827296786 0.03300722450212111 0
0.9985481827296786 0.029698502051909 0
0.9987897791195731 0.03714312756488625 0
0.9985481827296786 0.04127903062765138 0
0.9985481827296786 0.03714312756488625 0
0.9987897791195731 0.04644890945610781 0
0.9985481827296786 0.04644890945610781 0
0.9991866119480619 1e-05 0
0.9989881955338176 2e-05 0
0.9989881955338176 1e-05 0
0.9991866119480619 3.25e-05 0
0.9989881955338176 4.5e-05 0
0.9989881955338176 3.25e-05 0
0.9991866119480619 6.062500000000001e-05 0
0.9989881955338176 7.625000000000001e-05 0
0.9989881955338176 6.062500000000001e-05 0
0.9991866119480619 9.578125000000001e-05 0
0.9989881955338176 0.0001153125 0
0.9989881955338176 9.578125000000001e-05 0
0.9991866119480619 0.0001397265625 0
0.9989881955338176 0.000164140625 0
0.9989881955338176 0.0001397265625 0
0.9991866119480619 0.000194658203125 0
0.9989881955338176 0.00022517578125 0
0.9989881955338176 0.000194658203125 0
0.9991866119480619 0.00026332275390625 0
0.9989881955338176 0.0003014697265625 0
0.9989881955338176 0.00026332275390625 0
0.9991866119480619 0.0003491534423828125 0
0.9989881955338176 0.000396837158203125 0
0.9989881955338176 0.0003491534423828125 0
0.9991866119480619 0.0004564418029785156 0
0.9989881955338176 0.0005160464477539063 0
0.9989881955338176 0.0004564418029785156 0
0.9991866119480619 0.0005905522537231445 0
0.9989881955338176 0.0006650580596923828 0
0.9989881955338176 0.0005905522537231445 0
0.9991866119480619 0.0007581903171539307 0
0.9989881955338176 0.0008513225746154785 0
0.9989881955338176 0.0007581903171539307 0
0.9991866119480619 0.0009677378964424133 0
0.9989881955338176 0.001084153218269348 0
0.9989881955338176 0.0009677378964424133 0
0.9991866119480619 0.001229672370553017 0
0.9989881955338176 0.001375191522836685 0
0.9989881955338176 0.001229672370553017 0
0.9991866119480619 0.001557090463191271 0
0.9989881955338176 0.001738989403545856 0
0.9989881955338176 0.001557090463191271 0
0.9991866119480619 0.001966363078989089 0
0.9989881955338176 0.002193736754432321 0
0.9989881955338176 0.001966363078989088 0
0.9991866119480619 0.002477953848736361 0
0.9989881955338176 0.002762170943040401 0
0.9989881955338176 0.002477953848736361 0
0.9991866119480619 0.003117442310920451 0
0.9989881955338176 0.003472713678800501 0
0.9989881955338176 0.003117442310920451 0
0.9991866119480619 0.003916802888650564 0
0.9989881955338176 0.004360892098500627 0
0.9989881955338176 0.003916802888650563 0
0.9991866119480619 0.004916003610813205 0
0.9989881955338176 0.005471115123125783 0
0.9989881955338176 0.004916003610813205 0
0.9991866119480619 0.006165004513516506 0
0.9989881955338176 0.006858893903907229 0
0.9989881955338176 0.006165004513516506 0
0.9991866119480619 0.007726255641895633 0
0.9989881955338176 0.008593617379884037 0
0.9989881955338176 0.007726255641895633 0
0.9991866119480619 0.009677819552369541 0
0.9989881955338176 0.01076202172485505 0
0.9989881955338176 0.009677819552369541 0
0.9991866119480619 0.01211727444046193 0
0.9989881955338176 0.01347252715606881 0
0.9989881955338176 0.01211727444046193 0
0.9991866119480619 0.01516659305057741 0
0.9989881955338176 0.01686065894508601 0
0.9989881955338176 0.01516659305057741 0
0.9991866119480619 0.01897824131322176 0
0.9989881955338176 0.02109582368135751 0
0.9989881955338176 0.01897824131322176 0
0.9991866119480619 0.0237428016415272 0
0.9989881955338176 0.02638977960169689 0
0.9989881955338176 0.0237428016415272 0
0.9991866119480619 0.029698502051909 0
0.9989881955338176 0.03300722450212111 0
0.9989881955338176 0.029698502051909 0
0.9991866119480619 0.03714312756488625 0
0.9989881955338176 0.04127903062765138 0
0.9989881955338176 0.03714312756488625 0
0.9991866119480619 0.04644890945610781 0
0.9989881955338176 0.04644890945610781 0
0.9995125198131353 1e-05 0
0.9993495658805986 2.000000000000001e-05 0
0.9993495658805986 1e-05 0
0.9995125198131353 3.25e-05 0
0.9993495658805986 4.500000000000001e-05 0
0.9993495658805986 3.25e-05 0
0.9995125198131353 6.062500000000001e-05 0
0.9993495658805986 7.625000000000001e-05 0
0.9993495658805986 6.062500000000001e-05 0
0.9995125198131353 9.578125000000001e-05 0
0.9993495658805986 0.0001153125 0
0.9993495658805986 9.578125000000001e-05 0
0.9995125198131353 0.0001397265625 0
0.9993495658805986 0.000164140625 0
0.9993495658805986 0.0001397265625 0
0.9995125198131353 0.0001946582031250001 0
0.9993495658805986 0.00022517578125 0
0.9993495658805986 0.0001946582031250001 0
0.9995125198131353 0.0002633227539062501 0
0.9993495658805986 0.0003014697265625 0
0.9993495658805986 0.00026332275390625 0
0.9995125198131353 0.0003491534423828126 0
0.9993495658805986 0.0003968371582031251 0
0.9993495658805986 0.0003491534423828125 0
0.9995125198131353 0.0004564418029785157 0
0.9993495658805986 0.0005160464477539063 0
0.9993495658805986 0.0004564418029785157 0
0.9995125198131353 0.0005905522537231446 0
0.9993495658805986 0.0006650580596923828 0
0.9993495658805986 0.0005905522537231445 0
0.9995125198131353 0.0007581903171539309 0
0.9993495658805986 0.0008513225746154786 0
0.9993495658805986 0.0007581903171539309 0
0.9995125198131353 0.0009677378964424136 0
0.9993495658805986 0.001084153218269348 0
0.9993495658805986 0.0009677378964424137 0
0.9995125198131353 0.001229672370553017 0
0.9993495658805986 0.001375191522836685 0
0.9993495658805986 0.001229672370553017 0
0.9995125198131353 0.001557090463191271 0
0.9993495658805986 0.001738989403545857 0
0.9993495658805986 0.001557090463191271 0
0.9995125198131353 0.001966363078989089 0
0.9993495658805986 0.002193736754432321 0
0.9993495658805986 0.001966363078989089 0
0.9995125198131353 0.002477953848736361 0
0.9993495658805986 0.002762170943040401 0
0.9993495658805986 0.002477953848736361 0
0.9995125198131353 0.003117442310920451 0
0.9993495658805986 0.003472713678800502 0
0.9993495658805986 0.003117442310920451 0
0.9995125198131353 0.003916802888650564 0
0.9993495658805986 0.004360892098500627 0
0.9993495658805986 0.003916802888650564 0
0.9995125198131353 0.004916003610813205 0
0.9993495658805986 0.005471115123125783 0
0.9993495658805986 0.004916003610813205 0
0.9995125198131353 0.006165004513516507 0
0.9993495658805986 0.00685889390390723 0
0.9993495658805986 0.006165004513516507 0
0.9995125198131353 0.007726255641895633 0
0.9993495658805986 0.008593617379884037 0
0.9993495658805986 0.007726255641895633 0
0.9995125198131353 0.009677819552369541 0
0.9993495658805986 0.01076202172485505 0
0.9993495658805986 0.009677819552369541 0
0.9995125198131353 0.01211727444046193 0
0.9993495658805986 0.01347252715606881 0
0.9993495658805986 0.01211727444046193 0
0.9995125198131353 0.01516659305057741 0
0.9993495658805986 0.01686065894508601 0
0.9993495658805986 0.01516659305057741 0
0.9995125198131353 0.01897824131322176 0
0.9993495658805986 0.02109582368135751 0
0.9993495658805986 0.01897824131322176 0
0.9995125198131353 0.0237428016415272 0
0.9993495658805986 0.02638977960169689 0
0.9993495658805986 0.0237428016415272 0
0.9995125198131353 0.029698502051909 0
0.9993495658805986 0.03300722450212111 0
0.9993495658805986 0.029698502051909 0
0.9995125198131353 0.03714312756488625 0
0.9993495658805986 0.04127903062765138 0
0.9993495658805986 0.03714312756488625 0
0.9995125198131353 0.04644890945610781 0
0.9993495658805986 0.04644890945610781 0
0.9997801789554477 1e-05 0
0.9996463493842915 2.000000000000001e-05 0
0.9996463493842914 1e-05 0
0.9997801789554477 3.25e-05 0
0.9996463493842915 4.500000000000001e-05 0
0.9996463493842915 3.25e-05 0
0.9997801789554477 6.062500000000001e-05 0
0.9996463493842915 7.625000000000001e-05 0
0.9996463493842915 6.062500000000001e-05 0
0.9997801789554477 9.578125000000001e-05 0
0.9996463493842915 0.0001153125 0
0.9996463493842915 9.578125000000001e-05 0
0.9997801789554477 0.0001397265625 0
0.9996463493842915 0.000164140625 0
0.9996463493842915 0.0001397265625 0
0.9997801789554477 0.000194658203125 0
0.9996463493842915 0.00022517578125 0
0.9996463493842915 0.0001946582031250001 0
0.9997801789554477 0.00026332275390625 0
0.9996463493842915 0.0003014697265625 0
0.9996463493842915 0.00026332275390625 0
0.9997801789554477 0.0003491534423828125 0
0.9996463493842915 0.0003968371582031251 0
0.9996463493842915 0.0003491534423828126 0
0.9997801789554477 0.0004564418029785156 0
0.9996463493842915 0.0005160464477539063 0
0.9996463493842915 0.0004564418029785156 0
0.9997801789554477 0.0005905522537231445 0
0.9996463493842915 0.0006650580596923828 0
0.9996463493842915 0.0005905522537231445 0
0.9997801789554477 0.0007581903171539307 0
0.9996463493842915 0.0008513225746154786 0
0.9996463493842915 0.0007581903171539307 0
0.9997801789554477 0.0009677378964424133 0
0.9996463493842915 0.001084153218269348 0
0.9996463493842915 0.0009677378964424134 0
0.9997801789554477 0.001229672370553017 0
0.9996463493842915 0.001375191522836685 0
0.9996463493842915 0.001229672370553017 0
0.9997801789554477 0.001557090463191271 0
0.9996463493842915 0.001738989403545857 0
0.9996463493842915 0.001557090463191271 0
0.9997801789554477 0.001966363078989089 0
0.9996463493842915 0.002193736754432321 0
0.9996463493842915 0.001966363078989089 0
0.9997801789554477 0.002477953848736361 0
0.9996463493842915 0.002762170943040401 0
0.9996463493842915 0.002477953848736361 0
0.9997801789554477 0.003117442310920451 0
0.9996463493842915 0.003472713678800502 0
0.9996463493842915 0.003117442310920451 0
0.9997801789554477 0.003916802888650564 0
0.9996463493842915 0.004360892098500627 0
0.9996463493842915 0.003916802888650564 0
0.9997801789554477 0.004916003610813205 0
0.9996463493842915 0.005471115123125783 0
0.9996463493842915 0.004916003610813205 0
0.9997801789554477 0.006165004513516506 0
0.9996463493842915 0.00685889390390723 0
0.9996463493842915 0.006165004513516506 0
0.9997801789554477 0.007726255641895633 0
0.9996463493842915 0.008593617379884037 0
0.9996463493842915 0.007726255641895633 0
0.9997801789554477 0.009677819552369541 0
0.9996463493842915 0.01076202172485505 0
0.9996463493842915 0.009677819552369541 0
0.9997801789554477 0.01211727444046193 0
0.9996463493842915 0.01347252715606881 0
0.9996463493842915 0.01211727444046193 0
0.9997801789554477 0.01516659305057741 0
0.9996463493842915 0.01686065894508601 0
0.9996463493842915 0.01516659305057741 0
0.9997801789554477 0.01897824131322176 0
0.9996463493842915 0.02109582368135751 0
0.9996463493842915 0.01897824131322176 0
0.9997801789554477 0.0237428016415272 0
0.9996463493842915 0.02638977960169689 0
0.9996463493842915 0.0237428016415272 0
0.9997801789554477 0.029698502051909 0
0.9996463493842915 0.03300722450212111 0
0.9996463493842915 0.029698502051909 0
0.9997801789554477 0.03714312756488625 0
0.9996463493842915 0.04127903062765138 0
0.9996463493842915 0.03714312756488625 0
0.9997801789554477 0.04644890945610781 0
0.9996463493842915 0.04644890945610781 0
0.9999981916374723 1e-05 0
0.9999441405575983 5e-06 0
1.000129432207848 2.25e-05 0
1.00006381192266 1.625e-05 0
1.000288763817538 3.812500000000001e-05 0
1.000209098012693 3.03125e-05 0
1.000482199127155 5.765625000000001e-05 0
1.000385481472346 4.789062500000001e-05 0
1.000717037752313 8.20703125e-05 0
1.000599618439734 6.986328125000001e-05 0
1.001002141767504 0.000112587890625 0
1.000859589759908 9.73291015625e-05 0
1.001348270081723 0.00015073486328125 0
1.001175205924614 0.000131661376953125 0
1.001768484532988 0.0001984185791015625 0
1.001558377307356 0.0001745767211914063 0
1.002278642582907 0.0002580232238769531 0
1.002023563557948 0.0002282209014892578 0
1.002897995981035 0.0003325290298461914 0
1.002588319281971 0.0002952761268615723 0
1.003649917279593 0.0004256612873077393 0
1.003273956630311 0.0003790951585769653 0
1.004562781404505 0.0005420766091346741 0
1.004106349342049 0.0004838689482212067 0
1.005671037052017 0.0006875957614183426 0
1.00511690922826 0.0006148361852765083 0
1.007016506316956 0.0008694947017729282 0
1.00634377168449 0.0007785452315956354 0
1.008649962815094 0.00109686837721616 0
1.007833234566026 0.0009831815394945442 0
1.010633047901892 0.0013810854715202 0
1.009641505358493 0.00123897692436818 0
1.01304059745211 0.001736356839400251 0
1.011836822677001 0.001558721155460226 0
1.015963463663406 0.002180446049250313 0
1.014502030557758 0.001958401444325282 0
1.019511946837424 0.002735557561562892 0
1.017737705250418 0.002458001805406603 0
1.023819955721293 0.003429446951953615 0
1.021665951279358 0.003082502256758253 0
1.029050060085972 0.004296808689942018 0
1.026435007903632 0.003863127820947816 0
1.03539962832141 0.005381010862427523 0
1.03222484420369 0.004838909776184771 0
1.043108272349279 0.006736263578034403 0
1.039253950335348 0.006058637220230963 0
1.052466892356648 0.008430329472543005 0
1.047787582352956 0.007583296525288705 0
1.06382865112581 0.01054791184067876 0
1.058147771741247 0.00948912065661088 0
1.077622306748703 0.01319488980084844 0
1.070725478937248 0.0118714008207636 0
1.094368387833619 0.01650361225106056 0
1.085995347291148 0.0148492510259545 0
1.114698837584094 0.02063951531382569 0
1.104533612708876 0.01857156378244312 0
1.127039851529318 0.0232244547280539 0
$EndNodes
$Elements
8 4147 1 4147
1 1 8 28
1 1 7 34 
2 7 8 35 
3 8 9 36 
4 9 10 37 
5 10 11 38 
6 11 12 39 
7 12 13 40 
8 13 14 41 
9 14 15 42 
10 15 16 43 
11 16 17 44 
12 17 18 45 
13 18 19 46 
14 19 20 47 
15 20 21 48 
16 21 22 49 
17 22 23 50 
18 23 24 51 
19 24 25 52 
20 25 26 53 
21 26 27 54 
22 27 28 55 
23 28 29 56 
24 29 30 57 
25 30 31 58 
26 31 32 59 
27 32 33 60 
28 33 2 61 
1 2 8 87
29 2 62 148 
30 62 63 149 
31 63 64 150 
32 64 65 151 
33 65 66 152 
34 66 67 153 
35 67 68 154 
36 68 69 155 
37 69 70 156 
38 70 71 157 
39 71 72 158 
40 72 73 159 
41 73 74 160 
42 74 75 161 
43 75 76 162 
44 76 77 163 
45 77 78 164 
46 78 79 165 
47 79 80 166 
48 80 81 167 
49 81 82 168 
50 82 83 169 
51 83 84 170 
52 84 85 171 
53 85 86 172 
54 86 87 173 
55 87 88 174 
56 88 89 175 
57 89 90 176 
58 90 91 177 
59 91 92 178 
60 92 93 179 
61 93 94 180 
62 94 95 181 
63 95 96 182 
64 96 97 183 
65 97 98 184 
66 98 99 185 
67 99 100 186 
68 100 101 187 
69 101 102 188 
70 102 103 189 
71 103 104 190 
72 104 105 191 
73 105 106 192 
74 106 107 193 
75 107 108 194 
76 108 109 195 
77 109 110 196 
78 110 111 197 
79 111 112 198 
80 112 113 199 
81 113 114 200 
82 114 115 201 
83 115 116 202 
84 116 117 203 
85 117 118 204 
86 118 119 205 
87 119 120 206 
88 120 121 207 
89 121 122 208 
90 122 123 209 
91 123 124 210 
92 124 125 211 
93 125 126 212 
94 126 127 213 
95 127 128 214 
96 128 129 215 
97 129 130 216 
98 130 131 217 
99 131 132 218 
100 132 133 219 
101 133 134 220 
102 134 135 221 
103 135 136 222 
104 136 137 223 
105 137 138 224 
106 138 139 225 
107 139 140 226 
108 140 141 227 
109 141 142 228 
110 142 143 229 
111 143 144 230 
112 144 145 231 
113 145 146 232 
114 146 147 233 
115 147 3 234 
1 3 8 32
116 3 235 266 
117 235 236 267 
118 236 237 268 
119 237 238 269 
120 238 239 270 
121 239 240 271 
122 240 241 272 
123 241 242 273 
124 242 243 274 
125 243 244 275 
126 244 245 276 
127 245 246 277 
128 246 247 278 
129 247 248 279 
130 248 249 280 
131 249 250 281 
132 250 251 282 
133 251 252 283 
134 252 253 284 
135 253 254 285 
136 254 255 286 
137 255 256 287 
138 256 257 288 
139 257 258 289 
140 258 259 290 
141 259 260 291 
142 260 261 292 
143 261 262 293 
144 262 263 294 
145 263 264 295 
146 264 265 296 
147 265 4 297 
1 4 8 5
148 4 298 302 
149 298 299 303 
150 299 300 304 
151 300 301 305 
152 301 5 306 
1 5 8 18
153 5 307 324 
154 307 308 325 
155 308 309 326 
156 309 310 327 
157 310 311 328 
158 311 312 329 
159 312 313 330 
160 313 314 331 
161 314 315 332 
162 315 316 333 
163 316 317 334 
164 317 318 335 
165 318 319 336 
166 319 320 337 
167 320 321 338 
168 321 322 339 
169 322 323 340 
170 323 6 341 
1 6 8 8
171 6 342 349 
172 342 343 350 
173 343 344 351 
174 344 345 352 
175 345 346 353 
176 346 347 354 
177 347 348 355 
178 348 1 356 
2 1 9 1448
179 7 2500 2501 3514 3515 3516 
180 385 263 264 3517 295 3518 
181 264 3121 3227 3519 3520 3521 
182 385 3227 3345 3522 3523 3524 
183 3227 3120 3231 3525 3526 3527 
184 7 3027 3363 3528 3529 3530 
185 3345 3227 3442 3523 3531 3532 
186 2501 3019 3027 3533 3534 3535 
187 2921 3231 3253 3536 3537 3538 
188 3019 2501 3100 3533 3539 3540 
189 317 3110 3111 3541 3542 3543 
190 3235 3340 3344 3544 3545 3546 
191 3009 3010 3011 3547 3548 3549 
192 3214 3209 3236 3550 3551 3552 
193 2917 2915 2929 3553 3554 3555 
194 2921 2919 2923 3556 3557 3558 
195 3097 2895 3394 3559 3560 3561 
196 3166 3183 3439 3562 3563 3564 
197 2908 2909 2910 3565 3566 3567 
198 2895 2898 3394 3568 3569 3560 
199 3089 3158 3358 3570 3571 3572 
200 3222 3218 3440 3573 3574 3575 
201 3066 2902 3422 3576 3577 3578 
202 3135 312 3472 3579 3580 3581 
203 315 2873 3116 3582 3583 3584 
204 3106 2872 3109 3585 3586 3587 
205 3284 2927 3330 3588 3589 3590 
206 2915 2910 2925 3591 3592 3593 
207 3207 3266 3355 3594 3595 3596 
208 3008 3144 3331 3597 3598 3599 
209 2906 2907 3065 3600 3601 3602 
210 2879 3242 3291 3603 3604 3605 
211 3078 2979 3079 3606 3607 3608 
212 3152 3039 3373 3609 3610 3611 
213 2900 2902 3066 3612 3576 3613 
214 3278 3108 3334 3614 3615 3616 
215 3344 3341 3345 3617 3618 3619 
216 3116 2873 3424 3583 3620 3621 
217 2931 3257 3400 3622 3623 3624 
218 3053 3090 3091 3625 3626 3627 
219 3085 3078 3482 3628 3629 3630 
220 2905 2906 2908 3631 3632 3633 
221 3009 3011 3474 3549 3634 3635 
222 312 2874 3472 3636 3637 3580 
223 3020 3321 3474 3638 3639 3640 
224 3204 3006 3356 3641 3642 3643 
225 3051 3048 3053 3644 3645 3646 
226 3088 3024 3089 3647 3648 3649 
227 3265 3188 3281 3650 3651 3652 
228 2936 2939 3086 3653 3654 3655 
229 346 2887 3101 3656 3657 3658 
230 3298 3358 3391 3659 3660 3661 
231 2869 311 3135 3662 3663 3664 
232 3091 3177 3279 3665 3666 3667 
233 3005 3047 3048 3668 3669 3670 
234 2878 3149 3288 3671 3672 3673 
235 3158 3089 3283 3570 3674 3675 
236 2938 3250 3512 3676 3677 3678 
237 2502 3244 3245 3679 3680 3681 
238 3298 2882 3358 3682 3683 3659 
239 3005 3001 3047 3684 3685 3668 
240 3261 3089 3319 3686 3687 3688 
241 3221 3218 3222 3689 3573 3690 
242 2997 3001 3005 3691 3684 3692 
243 3091 3176 3177 3693 3694 3665 
244 3387 3326 3396 3695 3696 3697 
245 3247 3246 3281 3698 3699 3700 
246 3175 2927 3284 3701 3588 3702 
247 3118 2889 3323 3703 3704 3705 
248 3146 3045 3511 3706 3707 3708 
249 2997 3368 3447 3709 3710 3711 
250 2917 2929 3485 3555 3712 3713 
251 3078 3079 3482 3608 3714 3629 
252 348 1 3378 356 3715 3716 
253 3011 3010 3012 3548 3717 3718 
254 3065 2907 3156 3601 3719 3720 
255 3151 3314 3315 3721 3722 3723 
256 3187 3191 3195 3724 3725 3726 
257 2930 2917 3485 3727 3713 3728 
258 317 318 3110 335 3729 3541 
259 311 312 3135 329 3579 3663 
260 3044 3118 3323 3730 3705 3731 
261 2983 3167 3241 3732 3733 3734 
262 2858 3157 3296 3735 3736 3737 
263 3130 2870 3168 3738 3739 3740 
264 3155 3035 3413 3741 3742 3743 
265 3274 2856 3295 3744 3745 3746 
266 3109 2872 3259 3586 3747 3748 
267 3092 2888 3262 3749 3750 3751 
268 3197 3195 3247 3752 3753 3754 
269 3186 3187 3412 3755 3756 3757 
270 3165 3164 3450 3758 3759 3760 
271 3115 3066 3470 3761 3762 3763 
272 2874 3151 3315 3764 3723 3765 
273 3088 3089 3261 3649 3686 3766 
274 3053 3091 3328 3627 3767 3768 
275 3048 3047 3090 3669 3769 3770 
276 2925 2934 2935 3771 3772 3773 
277 3039 3152 3453 3609 3774 3775 
278 3144 3008 3332 3597 3776 3777 
279 3101 2887 3433 3657 3778 3779 
280 2914 2910 2915 3780 3591 3781 
281 1 7 3378 34 3782 3715 
282 2976 2979 3078 3783 3606 3784 
283 3236 3286 3429 3785 3786 3787 
284 2861 3159 3305 3788 3789 3790 
285 2928 2900 3066 3791 3613 3792 
286 3055 3077 3401 3793 3794 3795 
287 3070 2965 3462 3796 3797 3798 
288 3110 3108 3460 3799 3800 3801 
289 3163 3166 3439 3802 3564 3803 
290 310 2869 3117 3804 3805 3806 
291 322 2889 3118 3807 3703 3808 
292 3015 3010 3170 3809 3810 3811 
293 2936 3086 3407 3655 3812 3813 
294 3051 3053 3499 3646 3814 3815 
295 2991 3093 3095 3816 3817 3818 
296 3017 3018 3019 3819 3820 3821 
297 314 315 3116 332 3584 3822 
298 3223 3222 3442 3823 3824 3825 
299 2928 3066 3067 3792 3826 3827 
300 3195 3196 3244 3828 3829 3830 
301 320 2872 3106 3831 3585 3832 
302 2968 3024 3088 3833 3647 3834 
303 3086 3087 3160 3835 3836 3837 
304 2963 2965 3070 3838 3796 3839 
305 3134 2869 3135 3840 3664 3841 
306 3256 3387 3396 3842 3697 3843 
307 2939 2941 3087 3844 3845 3846 
308 2916 2915 2917 3847 3553 3848 
309 2931 2929 3251 3849 3850 3851 
310 3086 2939 3087 3654 3846 3835 
311 3114 3113 3119 3852 3853 3854 
312 3218 3235 3440 3855 3856 3574 
313 2908 2906 2909 3632 3857 3565 
314 3291 3242 3292 3604 3858 3859 
315 3003 3007 3009 3860 3861 3862 
316 3112 3067 3113 3863 3864 3865 
317 264 2891 3377 3866 3867 3868 
318 2915 2925 3388 3593 3869 3870 
319 2902 2904 2905 3871 3872 3873 
320 3407 3161 3471 3874 3875 3876 
321 2898 2900 2928 3877 3791 3878 
322 2891 2893 3069 3879 3880 3881 
323 2983 3241 3444 3734 3882 3883 
324 3117 2869 3175 3805 3884 3885 
325 3008 3004 3332 3886 3887 3776 
326 3097 3068 3375 3888 3889 3890 
327 3340 3341 3344 3891 3617 3545 
328 3123 3072 3124 3892 3893 3894 
329 3023 3078 3080 3895 3896 3897 
330 3069 3376 3377 3898 3899 3900 
331 3092 3262 3496 3751 3901 3902 
332 3009 3007 3010 3861 3903 3547 
333 3139 3140 3141 3904 3905 3906 
334 3025 3070 3071 3907 3908 3909 
335 3141 3140 3145 3905 3910 3911 
336 2908 2910 2914 3567 3780 3912 
337 3267 3110 3460 3913 3801 3914 
338 3067 3066 3115 3826 3761 3915 
339 3221 3222 3223 3690 3823 3916 
340 2905 2904 2906 3872 3917 3631 
341 2995 2996 2997 3918 3919 3920 
342 3122 3072 3123 3921 3892 3922 
343 3217 3216 3459 3923 3924 3925 
344 2910 2909 2932 3566 3926 3927 
345 3132 343 3201 3928 3929 3930 
346 3112 3113 3114 3865 3852 3931 
347 3187 3195 3197 3726 3752 3932 
348 3171 3036 3361 3933 3934 3935 
349 3219 3250 3454 3936 3937 3938 
350 2920 2919 2921 3939 3556 3940 
351 3302 3403 3445 3941 3942 3943 
352 3080 3078 3085 3896 3628 3944 
353 2893 2895 3097 3945 3559 3946 
354 2875 3106 3107 3947 3948 3949 
355 3274 3295 3408 3746 3950 3951 
356 3093 2991 3285 3816 3952 3953 
357 3235 3335 3340 3954 3955 3544 
358 2929 2915 3388 3554 3870 3956 
359 3132 3201 3202 3930 3957 3958 
360 3124 3072 3159 3893 3959 3960 
361 3006 3204 3478 3641 3961 3962 
362 2979 2980 3082 3963 3964 3965 
363 3124 3159 3406 3960 3966 3967 
364 3232 3273 3337 3968 3969 3970 
365 3288 3149 3289 3672 3971 3972 
366 2935 3250 3251 3973 3974 3975 
367 3241 3084 3444 3976 3977 3882 
368 3023 2976 3078 3978 3784 3895 
369 3053 3048 3090 3645 3770 3625 
370 2009 2864 3168 3979 3980 3981 
371 3012 3016 3017 3982 3983 3984 
372 3035 3256 3413 3985 3986 3742 
373 2898 2899 2900 3987 3988 3877 
374 3071 3070 3073 3908 3989 3990 
375 3010 3007 3170 3903 3991 3810 
376 2974 2976 3023 3992 3978 3993 
377 3108 3107 3334 3994 3995 3615 
378 3171 3170 3331 3996 3997 3998 
379 3082 2980 3444 3964 3999 4000 
380 2965 2968 3033 4001 4002 4003 
381 3108 3278 3282 3614 4004 4005 
382 3400 3238 3504 4006 4007 4008 
383 3013 3193 3501 4009 4010 4011 
384 3011 3012 3483 3718 4012 4013 
385 3220 3269 3395 4014 4015 4016 
386 3068 3097 3394 3888 3561 4017 
387 2997 2998 3001 4018 4019 3691 
388 1980 2009 3168 4020 3981 4021 
389 3099 3029 3100 4022 4023 4024 
390 3033 2968 3088 4002 3834 4025 
391 345 346 3101 353 3658 4026 
392 2961 2963 3025 4027 4028 4029 
393 3035 3255 3256 4030 4031 3985 
394 3045 3369 3511 4032 4033 3707 
395 3017 3019 3029 3821 4034 4035 
396 3080 3085 3397 3944 4036 4037 
397 3025 2963 3070 4028 3839 3907 
398 3069 2893 3097 3880 3946 4038 
399 3176 3014 3321 4039 4040 4041 
400 3337 3271 3437 4042 4043 4044 
401 3025 3072 3122 4045 3921 4046 
402 3035 2948 3255 4047 4048 4030 
403 3213 3209 3214 4049 3550 4050 
404 2867 345 3101 4051 4026 4052 
405 3114 3119 3120 3854 4053 4054 
406 3014 3009 3474 4055 3635 4056 
407 2895 2897 2898 4057 4058 3568 
408 2971 2974 3131 4059 4060 4061 
409 3066 3422 3470 3578 4062 3762 
410 3017 3016 3018 3983 4063 3819 
411 3058 3055 3401 4064 3795 4065 
412 2984 2987 3167 4066 4067 4068 
413 3142 3141 3143 4069 4070 4071 
414 3001 3002 3003 4072 4073 4074 
415 3060 3051 3499 4075 3815 4076 
416 3087 2941 3367 3845 4077 4078 
417 3107 3106 3109 3948 3587 4079 
418 2931 3400 3504 3624 4008 4080 
419 2900 2901 2902 4081 4082 3612 
420 3335 3232 3336 4083 4084 4085 
421 3242 2879 3293 3603 4086 4087 
422 3160 3136 3173 4088 4089 4090 
423 3023 3081 3131 4091 4092 4093 
424 3079 3082 3083 4094 4095 4096 
425 3204 3356 3410 3643 4097 4098 
426 3403 3133 3445 4099 4100 3942 
427 2995 2997 3447 3920 3711 4101 
428 2875 3107 3108 3949 3994 4102 
429 3071 3073 3322 3990 4103 4104 
430 3147 2880 3294 4105 4106 4107 
431 3033 3088 3133 4025 4108 4109 
432 2935 2934 3512 3772 4110 4111 
433 3111 3110 3267 3542 3913 4112 
434 2889 3132 3417 4113 4114 4115 
435 3332 3203 3434 4116 4117 4118 
436 2941 2942 3357 4119 4120 4121 
437 1922 1951 3136 4122 4123 4124 
438 3329 2926 3393 4125 4126 4127 
439 2876 3117 3284 4128 4129 4130 
440 2888 3092 3384 3749 4131 4132 
441 2908 2914 3290 3912 4133 4134 
442 2856 3274 3293 3744 4135 4136 
443 2870 3130 3154 3738 4137 4138 
444 3105 3101 3433 4139 3779 4140 
445 3250 2935 3512 3973 4111 3677 
446 3036 3171 3362 3933 4141 4142 
447 2891 3069 3377 3881 3900 3867 
448 3280 3189 3281 4143 4144 4145 
449 3102 3101 3105 4146 4139 4147 
450 3167 2987 3239 4067 4148 4149 
451 2961 3122 3495 4150 4151 4152 
452 2929 2931 3485 3849 4153 3712 
453 2882 3299 3358 4154 4155 3683 
454 2916 2917 3503 3848 4156 4157 
455 3123 3124 3125 3894 4158 4159 
456 2933 3065 3446 4160 4161 4162 
457 2992 2994 2995 4163 4164 4165 
458 2926 3329 3470 4125 4166 4167 
459 3184 3186 3412 4168 3757 4169 
460 3020 3354 3494 4170 4171 4172 
461 3089 3024 3283 3648 4173 3674 
462 3279 3177 3467 3666 4174 4175 
463 3268 3036 3362 4176 4142 4177 
464 2867 3101 3102 4052 4146 4178 
465 3299 3319 3358 4179 4180 4155 
466 3091 3090 3176 3626 4181 3693 
467 3113 3067 3115 3864 3915 4182 
468 3354 3194 3494 4183 4184 4171 
469 2983 2984 3167 4185 4068 3732 
470 3102 3105 3203 4147 4186 4187 
471 3335 3336 3340 4085 4188 3955 
472 3004 3006 3332 4189 4190 3887 
473 3003 3004 3007 4191 4192 3860 
474 2988 2990 2991 4193 4194 4195 
475 3079 3083 3147 4096 4196 4197 
476 3105 3142 3434 4198 4199 4200 
477 3171 3331 3431 3998 4201 4202 
478 3336 3232 3337 4084 3970 4203 
479 3167 3240 3241 4204 4205 3733 
480 3142 3105 3433 4198 4140 4206 
481 2875 319 3106 4207 4208 3947 
482 3139 3138 3140 4209 4210 3904 
483 2887 3138 3139 4211 4209 4212 
484 3061 3352 3499 4213 4214 4215 
485 3292 3150 3385 4216 4217 4218 
486 3118 3044 3371 3730 4219 4220 
487 3068 3067 3112 4221 3863 4222 
488 3203 3332 3478 4116 4223 4224 
489 3187 3190 3191 4225 4226 3724 
490 2902 2903 2904 4227 4228 3871 
491 3144 3332 3434 3777 4118 4229 
492 3375 3068 3465 3889 4230 4231 
493 3218 3217 3459 4232 3925 4233 
494 2869 3134 3421 3840 4234 4235 
495 344 345 2867 352 4051 4236 
496 2872 321 3118 4237 4238 4239 
497 2991 2992 3510 4240 4241 4242 
498 3025 3071 3072 3909 4243 4045 
499 310 311 2869 328 3662 3804 
500 3120 3119 3253 4053 4244 4245 
501 3086 3160 3161 3837 4246 4247 
502 3050 3048 3051 4248 3644 4249 
503 3449 3126 3466 4250 4251 4252 
504 3324 3080 3397 4253 4037 4254 
505 3015 3170 3171 3811 3996 4255 
506 2976 2977 2979 4256 4257 3783 
507 2984 2986 2987 4258 4259 4066 
508 3250 3219 3252 3936 4260 4261 
509 2891 2892 2893 4262 4263 3879 
510 2876 309 3117 4264 4265 4128 
511 2974 2975 2976 4266 4267 3992 
512 2961 3025 3122 4029 4046 4150 
513 318 2875 3110 4268 4269 3729 
514 3167 3239 3240 4149 4270 4204 
515 346 347 2887 354 4271 3656 
516 3012 3017 3098 3984 4272 4273 
517 3023 3080 3081 3897 4274 4091 
518 3386 3059 3505 4275 4276 4277 
519 3340 3339 3341 4278 4279 3891 
520 2914 2926 3290 4280 4281 4133 
521 2887 347 3138 4271 4282 4211 
522 3177 3176 3321 3694 4041 4283 
523 3059 3058 3505 4284 4285 4276 
524 2934 2936 3512 4286 4287 4110 
525 3001 3003 3486 4074 4288 4289 
526 3087 3136 3160 4290 4088 3836 
527 2898 2897 2899 4058 4291 3987 
528 3079 2979 3082 3607 3965 4094 
529 308 2876 3169 4292 4293 4294 
530 3296 3157 3324 3736 4295 4296 
531 3338 3342 3343 4297 4298 4299 
532 3061 3165 3450 4300 3760 4301 
533 2942 3318 3357 4302 4303 4120 
534 3241 3240 3242 4205 4304 4305 
535 2909 2906 3065 3857 3602 4306 
536 2923 2919 3327 3557 4307 4308 
537 2968 2969 3024 4309 4310 3833 
538 2931 3251 3252 3851 4311 4312 
539 3161 3160 3489 4246 4313 4314 
540 3129 3326 3387 4315 3695 4316 
541 320 321 2872 338 4237 3831 
542 2965 2966 2968 4317 4318 4001 
543 2974 3023 3131 3993 4093 4060 
544 2963 2964 2965 4319 4320 3838 
545 3240 3150 3292 4321 4216 4322 
546 2991 2990 2992 4194 4323 4240 
547 3003 3009 3320 3862 4324 4325 
548 3267 2978 3366 4326 4327 4328 
549 3072 3071 3159 4243 4329 3959 
550 2980 2982 2983 4330 4331 4332 
551 2880 3147 3408 4105 4333 4334 
552 3081 3080 3157 4274 4335 4336 
553 312 313 2874 330 4337 3636 
554 2997 2996 2998 3919 4338 4018 
555 2876 3284 3425 4130 4339 4340 
556 322 323 2889 340 4341 3807 
557 2961 2962 2963 4342 4343 4027 
558 318 319 2875 336 4207 4268 
559 315 316 2873 333 4344 3582 
560 264 2890 2891 4345 4346 3866 
561 2927 3175 3502 3701 4347 4348 
562 3071 3322 3399 4104 4349 4350 
563 2902 2905 3422 3873 4351 3577 
564 3207 3355 3428 3596 4352 4353 
565 2987 2986 2988 4259 4354 4355 
566 3139 3141 3142 3906 4069 4356 
567 2905 2908 3290 3633 4134 4357 
568 3251 3250 3252 3974 4261 4311 
569 2953 3466 3509 4358 4359 4360 
570 3305 3159 3399 3789 4361 4362 
571 3321 3014 3474 4040 4056 3639 
572 2903 3137 3453 4363 4364 4365 
573 3107 3109 3263 4079 4366 4367 
574 3001 2998 3002 4019 4368 4072 
575 3275 2911 3286 4369 4370 4371 
576 3194 3354 3501 4183 4372 4373 
577 2971 3131 3477 4061 4374 4375 
578 3042 3045 3146 4376 3706 4377 
579 3090 3047 3432 3769 4378 4379 
580 2971 2973 2974 4380 4381 4059 
581 2900 2899 2901 3988 4382 4081 
582 2212 1980 2870 4383 4384 4385 
583 2925 2935 3388 3773 4386 3869 
584 3272 2911 3419 4387 4388 4389 
585 2989 3263 3360 4390 4391 4392 
586 347 348 3138 355 4393 4282 
587 3232 3335 3455 4083 4394 4395 
588 3131 3081 3283 4092 4396 4397 
589 3197 3247 3311 3754 4398 4399 
590 3197 3312 3469 4400 4401 4402 
591 3104 3102 3203 4403 4187 4404 
592 2987 2988 3409 4355 4405 4406 
593 2856 3293 3365 4136 4407 4408 
594 2958 2961 3495 4409 4152 4410 
595 309 310 3117 327 3806 4265 
596 308 309 2876 326 4264 4292 
597 2914 2915 2916 3781 3847 4411 
598 3083 3082 3084 4095 4412 4413 
599 2851 3182 3277 4414 4415 4416 
600 3289 3059 3386 4417 4275 4418 
601 2958 2960 2961 4419 4420 4409 
602 3214 3236 3429 3552 3787 4421 
603 3238 3420 3504 4422 4423 4007 
604 319 320 3106 337 3832 4208 
605 2917 2930 3488 3727 4424 4425 
606 2948 2950 3255 4426 4427 4048 
607 3094 3059 3289 4428 4417 4429 
608 342 343 3132 350 3928 4430 
609 3132 2889 3416 4113 4431 4432 
610 3157 2858 3391 3735 4433 4434 
611 2893 2894 2895 4435 4436 3945 
612 2995 2994 2996 4164 4437 3918 
613 2922 3253 3379 4438 4439 4440 
614 321 322 3118 339 3808 4238 
615 3149 2878 3392 3671 4441 4442 
616 3136 1951 3173 4123 4443 4089 
617 3195 3244 3247 3830 4444 3753 
618 2950 2953 3255 4445 4446 4427 
619 3215 3214 3455 4447 4448 4449 
620 3336 3337 3338 4203 4450 4451 
621 3261 2859 3300 4452 4453 4454 
622 2980 2983 3444 4332 3883 3999 
623 2866 3268 3362 4455 4177 4456 
624 3159 2861 3406 3788 4457 3966 
625 3141 3145 3498 3911 4458 4459 
626 2954 2956 2957 4460 4461 4462 
627 3012 3015 3016 4463 4464 3982 
628 3412 3197 3469 4465 4402 4466 
629 3087 3367 3476 4078 4467 4468 
630 2928 3067 3068 3827 4221 4469 
631 3057 3055 3058 4470 4064 4471 
632 3344 3346 3440 4472 4473 4474 
633 3096 3094 3149 4475 4476 4477 
634 3143 3141 3364 4070 4478 4479 
635 2925 2932 2934 4480 4481 3771 
636 3207 2912 3266 4482 4483 3594 
637 3327 2930 3420 4484 4485 4486 
638 3209 3207 3428 4487 4353 4488 
639 2932 2909 2933 3926 4489 4490 
640 3142 3143 3144 4071 4491 4492 
641 3246 3265 3281 4493 3652 3699 
642 314 3116 3370 3822 4494 4495 
643 3358 3158 3391 3571 4496 3660 
644 3003 3002 3004 4073 4497 4191 
645 2891 2890 2892 4346 4498 4262 
646 3005 3048 3050 3670 4248 4499 
647 299 300 2888 304 4500 4501 
648 2918 2919 2920 4502 3939 4503 
649 3109 3259 3360 3748 4504 4505 
650 3065 3350 3446 4506 4507 4161 
651 3259 3031 3360 4508 4509 4504 
652 3065 3156 3350 3720 4510 4506 
653 3000 3042 3325 4511 4512 4513 
654 3126 3125 3127 4514 4515 4516 
655 3018 3026 3027 4517 4518 4519 
656 3250 3248 3454 4520 4521 3937 
657 2902 2901 2903 4082 4522 4227 
658 2983 2982 2984 4331 4523 4185 
659 3169 2876 3425 4293 4340 4524 
660 3187 3186 3190 3755 4525 4225 
661 3098 3029 3099 4526 4022 4527 
662 307 308 3169 325 4294 4528 
663 3216 3215 3455 4529 4449 4530 
664 3125 3124 3398 4158 4531 4532 
665 2942 3130 3318 4533 4534 4302 
666 3128 3127 3129 4535 4536 4537 
667 3138 348 3378 4393 3716 4538 
668 3145 3140 3179 3910 4539 4540 
669 2950 2952 2953 4541 4542 4445 
670 3069 3097 3375 4038 3890 4543 
671 3409 2988 3487 4405 4544 4545 
672 2936 2937 2939 4546 4547 3653 
673 2919 2918 3503 4502 4548 4549 
674 2872 3118 3371 4239 4220 4550 
675 2870 1980 3168 4384 4021 3739 
676 3081 3157 3158 4336 4551 4552 
677 3403 3073 3462 4553 4554 4555 
678 3104 3203 3204 4404 4556 4557 
679 3352 3060 3499 4558 4076 4214 
680 2979 2977 2980 4257 4559 3963 
681 3152 2903 3453 4560 4365 3774 
682 3307 2886 3381 4561 4562 4563 
683 3060 3352 3372 4558 4564 4565 
684 3264 3237 3471 4566 4567 4568 
685 2976 2975 2977 4267 4569 4256 
686 343 344 3201 351 4570 3929 
687 3055 3052 3077 4571 4572 3793 
688 3137 2903 3414 4363 4573 4574 
689 2992 2995 3404 4165 4575 4576 
690 3133 3088 3261 4108 3766 4577 
691 2946 3035 3480 4578 4579 4580 
692 2974 2973 2975 4381 4581 4266 
693 3343 3339 3508 4582 4583 4584 
694 3284 3076 3425 4585 4586 4339 
695 3086 3161 3407 4247 3874 3812 
696 3096 3149 3150 4477 4587 4588 
697 2212 2870 3153 4385 4589 4590 
698 3134 3041 3137 4591 4592 4593 
699 3052 3051 3062 4594 4595 4596 
700 2009 2038 2864 4597 4598 3979 
701 2886 3326 3381 4599 4600 4562 
702 2895 2896 2897 4601 4602 4057 
703 2988 2991 3487 4195 4603 4544 
704 1893 1922 2877 4604 4605 4606 
705 2888 300 3262 4500 4607 3750 
706 2920 2921 2922 3940 4608 4609 
707 3113 3115 3329 4182 4610 4611 
708 2968 2966 2969 4318 4612 4309 
709 2965 2964 2966 4320 4613 4317 
710 2241 2270 2865 4614 4615 4616 
711 3083 3084 3274 4413 4617 4618 
712 2906 2904 2907 3917 4619 3600 
713 2946 2948 3035 4620 4047 4578 
714 3178 298 3492 4621 4622 4623 
715 2963 2962 2964 4343 4624 4319 
716 3064 3040 3315 4625 4626 4627 
717 3269 3257 3395 4628 4629 4015 
718 2920 2922 3379 4609 4440 4630 
719 3007 3008 3170 4631 4632 3991 
720 2183 2212 3153 4633 4590 4634 
721 3347 3337 3437 4635 4044 4636 
722 3255 2953 3387 4446 4637 4638 
723 3057 3058 3059 4471 4284 4639 
724 3275 3286 3355 4371 4640 4641 
725 300 301 3262 305 4642 4607 
726 2925 2910 2932 3592 3927 4480 
727 3007 3004 3008 4192 3886 4631 
728 2918 2916 3503 4643 4157 4548 
729 3052 3062 3077 4596 4644 4572 
730 2939 2940 2941 4645 4646 3844 
731 3224 3223 3225 4647 4648 4649 
732 2038 1893 3172 4650 4651 4652 
733 2931 3252 3257 4312 4653 3622 
734 2942 2944 3130 4654 4655 4533 
735 3144 3143 3331 4491 4656 3598 
736 2961 2960 2962 4420 4657 4342 
737 3103 3102 3104 4658 4403 4659 
738 559 2853 3200 4660 4661 4662 
739 501 2871 3199 4663 4664 4665 
740 2299 2792 2913 4666 4667 4668 
741 3126 3128 3466 4669 4670 4251 
742 3073 3070 3462 3989 3798 4554 
743 791 820 3260 4671 4672 4673 
744 3142 3144 3434 4492 4229 4199 
745 3041 3039 3453 4674 3775 4675 
746 3407 2938 3512 4676 3678 4677 
747 3222 3441 3442 4678 4679 3824 
748 3217 3220 3395 4680 4016 4681 
749 3051 3060 3062 4075 4682 4595 
750 2988 2989 2990 4683 4684 4193 
751 2875 3108 3110 4102 3799 4269 
752 3273 3271 3337 4685 4042 3969 
753 443 472 2852 4686 4687 4688 
754 559 762 2853 4689 4690 4660 
755 501 530 2871 4691 4692 4663 
756 2734 2763 2851 4693 4694 4695 
757 2270 2299 3174 4696 4697 4698 
758 2957 3449 3466 4699 4252 4700 
759 3203 3105 3434 4186 4200 4117 
760 3195 3191 3196 3725 4701 3828 
761 3177 3198 3497 4702 4703 4704 
762 3014 3176 3432 4039 4705 4706 
763 2953 2954 3466 4707 4708 4358 
764 317 3111 3506 3543 4709 4710 
765 3213 3214 3215 4050 4447 4711 
766 3179 3140 3378 4539 4712 4713 
767 3114 3120 3121 4054 4714 4715 
768 344 2867 3201 4236 4716 4570 
769 3033 3133 3403 4109 4099 4717 
770 3215 3216 3217 4529 3923 4718 
771 820 2854 3260 4719 4720 4672 
772 2957 2956 2958 4461 4721 4722 
773 3168 2864 3318 3980 4723 4724 
774 2855 3291 3292 4725 3859 4726 
775 2992 2993 2994 4727 4728 4163 
776 2821 2850 2912 4729 4730 4731 
777 3390 3161 3489 4732 4314 4733 
778 2893 2892 2894 4263 4734 4435 
779 2938 3248 3250 4735 4520 3676 
780 3073 3302 3402 4736 4737 4738 
781 3327 3420 3438 4486 4739 4740 
782 264 265 2890 296 4741 4345 
783 3389 2946 3480 4742 4580 4743 
784 3119 3113 3493 3853 4744 4745 
785 3263 2989 3473 4390 4746 4747 
786 3268 2866 3363 4455 4748 4749 
787 2792 2821 3205 4750 4751 4752 
788 2877 1922 3136 4605 4124 4753 
789 3156 3037 3490 4754 4755 4756 
790 2898 2928 3394 3878 4757 3569 
791 3252 3219 3395 4260 4758 4759 
792 3239 3150 3240 4760 4321 4270 
793 3040 3063 3315 4761 4762 4626 
794 414 443 3148 4763 4764 4765 
795 3466 3128 3509 4670 4766 4359 
796 1951 2241 3173 4767 4768 4443 
797 2734 2851 3277 4695 4416 4769 
798 3383 2933 3456 4770 4771 4772 
799 7 3179 3378 4773 4713 3782 
800 3018 3016 3026 4063 4774 4517 
801 3017 3029 3098 4035 4526 4272 
802 2953 2952 2954 4542 4775 4707 
803 3123 3125 3126 4159 4514 4776 
804 3077 3062 3405 4644 4777 4778 
805 2864 2038 3172 4598 4652 4779 
806 2978 3267 3460 4326 3914 4780 
807 2867 3103 3201 4781 4782 4716 
808 2854 3288 3289 4783 3972 4784 
809 2618 2647 3162 4785 4786 4787 
810 3220 3218 3221 4788 3689 4789 
811 265 4 3411 297 4790 4791 
812 2867 3102 3103 4178 4658 4781 
813 3127 3125 3359 4515 4792 4793 
814 3042 3044 3045 4794 4795 4376 
815 2618 3162 3180 4787 4796 4797 
816 2984 2985 2986 4798 4799 4258 
817 313 314 3370 331 4495 4800 
818 3037 2949 3490 4801 4802 4755 
819 3050 3051 3052 4249 4594 4803 
820 6 342 3416 349 4804 4805 
821 3112 3317 3465 4806 4807 4808 
822 3387 2953 3509 4637 4360 4809 
823 2954 2957 3466 4462 4700 4708 
824 1893 2877 3172 4606 4810 4651 
825 3165 3061 3328 4300 4811 4812 
826 3012 3098 3483 4273 4813 4012 
827 3149 3094 3289 4476 4429 3971 
828 762 791 3254 4814 4815 4816 
829 2647 2676 3049 4817 4818 4819 
830 3139 3142 3433 4356 4206 4820 
831 3005 3050 3368 4499 4821 4822 
832 3084 3241 3452 3976 4823 4824 
833 3126 3127 3128 4516 4535 4669 
834 2865 2270 3174 4615 4698 4825 
835 298 299 3492 303 4826 4622 
836 2859 3261 3319 4452 3688 4827 
837 3137 3041 3453 4592 4675 4364 
838 3272 3273 3286 4828 4829 4830 
839 3182 3184 3258 4831 4832 4833 
840 3338 3337 3347 4450 4635 4834 
841 3159 3071 3399 4329 4350 4361 
842 2889 323 3416 4341 4835 4431 
843 530 559 3200 4836 4662 4837 
844 472 501 3199 4838 4665 4839 
845 3000 3032 3042 4840 4841 4511 
846 2997 3005 3368 3692 4822 3709 
847 3329 3115 3470 4610 3763 4166 
848 3163 3165 3166 4842 4843 3802 
849 2904 2903 3152 4228 4560 4844 
850 3398 3124 3484 4531 4845 4846 
851 3328 3061 3499 4811 4215 4847 
852 3273 3232 3429 3968 4848 4849 
853 3095 3094 3096 4850 4475 4851 
854 2850 588 3266 4852 4853 4854 
855 3242 3240 3292 4304 4322 3858 
856 2705 2734 3277 4855 4769 4856 
857 3235 3218 3459 3855 4233 4857 
858 3160 3173 3489 4090 4858 4313 
859 3012 3010 3015 3717 3809 4463 
860 3259 2872 3371 3747 4550 4859 
861 3117 3175 3284 3885 3702 4129 
862 3147 3083 3408 4196 4860 4333 
863 3099 3100 3451 4024 4861 4862 
864 3093 3059 3094 4863 4428 4864 
865 2980 2981 2982 4865 4866 4330 
866 2992 2990 2993 4323 4867 4727 
867 3015 3171 3361 4255 3935 4868 
868 3302 3073 3403 4736 4553 3941 
869 2895 2894 2896 4436 4869 4601 
870 2763 2618 3180 4870 4797 4871 
871 3009 3014 3320 4055 4872 4324 
872 2967 3046 3348 4873 4874 4875 
873 2154 2183 3316 4876 4877 4878 
874 3151 2874 3475 3764 4879 4880 
875 2965 3033 3462 4003 4881 3797 
876 3043 3151 3370 4882 4883 4884 
877 588 617 3234 4885 4886 4887 
878 3042 3146 3458 4377 4888 4889 
879 3129 3127 3381 4536 4890 4891 
880 3157 3080 3324 4335 4253 4295 
881 2299 2913 3174 4668 4892 4697 
882 3230 3228 3231 4893 4894 4895 
883 3248 2938 3249 4735 4896 4897 
884 3169 3425 3496 4524 4898 4899 
885 820 849 2854 4900 4901 4719 
886 3249 3407 3471 4902 3876 4903 
887 3226 3225 3227 4904 4905 4906 
888 2991 3095 3487 3818 4907 4603 
889 3325 3042 3458 4512 4889 4908 
890 3047 3001 3486 3685 4289 4909 
891 2913 2792 3205 4667 4752 4910 
892 2988 2986 2989 4354 4911 4683 
893 849 878 3288 4912 4913 4914 
894 3420 3233 3438 4915 4916 4739 
895 3112 3114 3317 3931 4917 4806 
896 3153 2870 3154 4589 4138 4918 
897 2969 2970 2971 4919 4920 4921 
898 3199 2871 3309 4664 4922 4923 
899 3130 3168 3318 3740 4724 4534 
900 301 5 3430 306 4924 4925 
901 3204 3203 3478 4556 4224 3961 
902 2924 3329 3393 4926 4127 4927 
903 2241 2865 3173 4616 4928 4768 
904 3062 3060 3309 4682 4929 4930 
905 3081 3158 3283 4552 3675 4396 
906 878 907 2878 4931 4932 4933 
907 2971 2972 2973 4934 4935 4380 
908 3201 3103 3202 4782 4936 3957 
909 5 307 3430 324 4937 4924 
910 3293 2879 3365 4086 4938 4407 
911 2936 3407 3512 3813 4677 4287 
912 2969 2971 3477 4921 4375 4939 
913 3035 3155 3480 3741 4940 4579 
914 2907 3152 3373 4941 3611 4942 
915 2874 313 3475 4337 4943 4879 
916 907 675 3287 4944 4945 4946 
917 1110 1139 3210 4947 4948 4949 
918 3037 3156 3373 4754 4950 4951 
919 3339 3336 3508 4952 4953 4583 
920 965 994 3211 4954 4955 4956 
921 3027 3026 3030 4518 4957 4958 
922 2936 2934 2937 4286 4959 4546 
923 2935 3251 3388 3975 4960 4386 
924 646 936 2911 4961 4962 4963 
925 675 704 2855 4964 4965 4966 
926 704 733 3291 4967 4968 4969 
927 733 1023 2879 4970 4971 4972 
928 3457 3243 3513 4973 4974 4975 
929 1052 1081 2856 4976 4977 4978 
930 1081 1284 3295 4979 4980 4981 
931 1284 1313 2880 4982 4983 4984 
932 1313 1342 3294 4985 4986 4987 
933 1342 1197 2857 4988 4989 4990 
934 1197 1226 3297 4991 4992 4993 
935 1226 1255 2881 4994 4995 4996 
936 1255 1371 3296 4997 4998 4999 
937 1371 1400 2858 5000 5001 5002 
938 1400 1429 3298 5003 5004 5005 
939 1429 1458 2882 5006 5007 5008 
940 1458 1487 3299 5009 5010 5011 
941 1487 1516 2859 5012 5013 5014 
942 1516 1545 3300 5015 5016 5017 
943 1545 1574 2883 5018 5019 5020 
944 1574 1603 3301 5021 5022 5023 
945 1603 1632 2860 5024 5025 5026 
946 1632 1661 3303 5027 5028 5029 
947 1661 1690 2884 5030 5031 5032 
948 1690 1719 3305 5033 5034 5035 
949 1719 1748 2861 5036 5037 5038 
950 1748 1777 3304 5039 5040 5041 
951 1777 1806 2885 5042 5043 5044 
952 1806 1835 3306 5045 5046 5047 
953 1835 1864 2862 5048 5049 5050 
954 1864 2067 3307 5051 5052 5053 
955 2067 2096 2886 5054 5055 5056 
956 2096 2125 3308 5057 5058 5059 
957 2125 2154 2863 5060 5061 5062 
958 3158 3157 3391 4551 4434 4496 
959 3424 3243 3457 5063 4973 5064 
960 3108 3282 3460 4005 5065 3800 
961 323 6 3416 341 4805 4835 
962 2932 2933 3383 4490 4770 5066 
963 617 646 3275 5067 5068 5069 
964 3150 3149 3392 4587 4442 5070 
965 4 298 3411 302 5071 4790 
966 313 3370 3475 4800 5072 4943 
967 3026 3016 3361 4774 5073 5074 
968 3206 2912 3207 5075 4482 5076 
969 2958 2959 2960 5077 5078 4419 
970 2989 3360 3418 4392 5079 5080 
971 2676 414 3380 5081 5082 5083 
972 3344 3345 3346 3619 5084 4472 
973 3342 3338 3347 4297 4834 5085 
974 443 2852 3148 4688 5086 4764 
975 2967 3043 3046 5087 5088 4873 
976 2998 2996 2999 4338 5089 5090 
977 3116 3043 3370 5091 4884 4494 
978 3140 3138 3378 4210 4538 4712 
979 994 1110 3270 5092 5093 5094 
980 2897 2896 3076 4602 5095 5096 
981 2821 2912 3205 4731 5097 4751 
982 3096 3150 3239 4588 4760 5098 
983 2560 2589 3022 5099 5100 5101 
984 3189 3310 3468 5102 5103 5104 
985 3420 2930 3504 4485 5105 4423 
986 2954 2955 2956 5106 5107 4460 
987 2873 316 3506 4344 5108 5109 
988 3022 3276 3469 5110 5111 5112 
989 3354 3099 3501 5113 5114 4372 
990 3083 3274 3408 4618 3951 4860 
991 3056 3055 3057 5115 4470 5116 
992 3208 3207 3209 5117 4487 5118 
993 2851 3181 3182 5119 5120 4414 
994 3317 2868 3465 5121 5122 4807 
995 2911 3272 3286 4387 4830 4370 
996 3050 3054 3368 5123 5124 4821 
997 3076 3284 3330 4585 3590 5125 
998 2984 2982 2985 4523 5126 4798 
999 3251 2929 3388 3850 3956 4960 
1000 3175 2869 3421 3884 4235 5127 
1001 1023 1052 3365 5128 5129 5130 
1002 3336 3339 3340 4952 4278 4188 
1003 3136 3087 3476 4290 4468 5131 
1004 3254 791 3260 4815 4673 5132 
1005 3057 3059 3093 4639 4863 5133 
1006 2901 2899 2927 4382 5134 5135 
1007 3242 3293 3452 4087 5136 5137 
1008 3054 3052 3055 5138 4571 5139 
1009 2924 2920 3379 5140 4630 5141 
1010 2980 2977 2981 4559 5142 4865 
1011 3038 3037 3039 5143 5144 5145 
1012 316 317 3506 334 4710 5108 
1013 2912 2850 3266 4730 4854 4483 
1014 2975 2973 2978 4581 5146 5147 
1015 3093 3094 3095 4864 4850 3817 
1016 2950 2951 2952 5148 5149 4541 
1017 3042 3032 3044 4841 5150 4794 
1018 2923 3327 3438 4308 4740 5151 
1019 3040 3039 3041 5152 4674 5153 
1020 2444 2473 3188 5154 5155 5156 
1021 3258 3412 3469 5157 4466 5158 
1022 2183 3153 3316 4634 5159 4877 
1023 3038 3040 3064 5160 4625 5161 
1024 2589 2705 3276 5162 5163 5164 
1025 2969 2966 2970 4612 5165 4919 
1026 3375 2868 3376 5166 5167 5168 
1027 3354 3020 3491 4170 5169 5170 
1028 2964 2962 3028 4624 5171 5172 
1029 3267 3366 3435 4328 5173 5174 
1030 2863 2154 3316 5061 4878 5175 
1031 3156 2907 3373 3719 4942 4950 
1032 2948 2949 2950 5176 5177 4426 
1033 2887 3139 3433 4212 4820 3778 
1034 2982 2981 3278 4866 5178 5179 
1035 2897 3076 3330 5096 5125 5180 
1036 3198 3177 3321 4702 4283 5181 
1037 3122 3123 3449 3922 5182 5183 
1038 2994 2993 3000 4728 5184 5185 
1039 3004 3002 3006 4497 5186 4189 
1040 414 3148 3380 4765 5187 5082 
1041 3045 3044 3323 4795 3731 5188 
1042 3243 2873 3349 5189 5190 5191 
1043 3183 3166 3185 3562 5192 5193 
1044 3170 3008 3331 4632 3599 3997 
1045 3063 3041 3134 5194 4591 5195 
1046 3151 3034 3314 5196 5197 3721 
1047 3022 3312 3426 5198 5199 5200 
1048 2951 2949 3037 5201 4801 5202 
1049 2647 3049 3162 4819 5203 4786 
1050 936 965 3419 5204 5205 5206 
1051 2958 2956 2959 4721 5207 5077 
1052 3314 3064 3315 5208 4627 3722 
1053 2892 2890 3178 4498 5209 5210 
1054 2946 2947 2948 5211 5212 4620 
1055 2967 2959 3034 5213 5214 5215 
1056 2854 849 3288 4901 4914 4783 
1057 2531 2560 3426 5216 5217 5218 
1058 3319 3089 3358 3687 3572 4180 
1059 3256 3255 3387 4031 4638 3842 
1060 2971 2970 2972 4920 5219 4934 
1061 3320 3014 3432 4872 4706 5220 
1062 3103 3104 3369 4659 5221 5222 
1063 3451 3013 3501 5223 4011 5224 
1064 3003 3320 3486 4325 5225 4288 
1065 2954 2952 2955 4775 5226 5106 
1066 3221 3223 3224 3916 4647 5227 
1067 2933 3446 3456 4162 5228 4771 
1068 2972 2970 3074 5219 5229 5230 
1069 3241 3242 3452 4305 5137 4823 
1070 299 2888 3492 4501 5231 4826 
1071 3197 3311 3312 4399 5232 4400 
1072 3263 3109 3360 4366 4505 4391 
1073 3043 3034 3151 5233 5196 4882 
1074 3016 3015 3361 4464 4868 5073 
1075 878 2878 3288 4933 3673 4913 
1076 3278 2981 3282 5178 5234 4004 
1077 2939 2937 2940 4547 5235 4645 
1078 3335 3216 3455 5236 4530 4394 
1079 3283 3024 3477 4173 5237 5238 
1080 3056 3057 3285 5116 5239 5240 
1081 3075 3074 3243 5241 5242 5243 
1082 2960 2959 2967 5078 5213 5244 
1083 3161 3264 3471 5245 4568 3875 
1084 2864 3172 3357 4779 5246 5247 
1085 3046 3043 3116 5088 5091 5248 
1086 2941 2940 2942 4646 5249 4119 
1087 2985 2982 3278 5126 5179 5250 
1088 3219 3217 3395 5251 4681 4758 
1089 2907 2904 3152 4619 4844 4941 
1090 3262 301 3430 4642 4925 5252 
1091 2957 2958 3495 4722 4410 5253 
1092 3172 2877 3367 4810 5254 5255 
1093 2973 2972 3366 4935 5256 5257 
1094 3217 3218 3220 4232 4788 4680 
1095 2878 907 3287 4932 4946 5258 
1096 2956 2955 3313 5107 5259 5260 
1097 3277 3182 3448 4415 5261 5262 
1098 3293 3274 3452 4135 5263 5136 
1099 3053 3328 3499 3768 4847 3814 
1100 3036 3026 3361 5264 5074 3934 
1101 2881 3296 3324 5265 4296 5266 
1102 3364 3362 3431 5267 5268 5269 
1103 3169 3262 3430 5270 5252 5271 
1104 2854 3289 3386 4784 4418 5272 
1105 2853 3254 3401 5273 5274 5275 
1106 3182 3258 3448 4833 5276 5261 
1107 3182 3183 3184 5277 5278 4831 
1108 3114 3121 3317 4715 5279 4917 
1109 3132 3202 3417 3958 5280 4114 
1110 3030 3036 3268 5281 4176 5282 
1111 2328 2357 3189 5283 5284 5285 
1112 675 2855 3287 4966 5286 4945 
1113 2473 2328 3280 5287 5288 5289 
1114 3038 3064 3382 5161 5290 5291 
1115 2990 2989 3418 4684 5080 5292 
1116 3257 3269 3400 4628 5293 3623 
1117 3054 3055 3056 5139 5115 5294 
1118 3369 3104 3511 5221 5295 4033 
1119 2972 3074 3075 5230 5241 5296 
1120 2855 704 3291 4965 4969 4725 
1121 3260 3386 3505 5297 4277 5298 
1122 3260 2854 3386 4720 5272 5297 
1123 733 2879 3291 4972 3605 4968 
1124 2933 2909 3065 4489 4306 4160 
1125 3131 3283 3477 4397 5238 4374 
1126 2866 3362 3364 4456 5267 5299 
1127 3039 3037 3373 5144 4951 3610 
1128 2914 2916 2926 4411 5300 4280 
1129 2967 3034 3043 5215 5233 5087 
1130 588 3234 3266 4887 5301 4853 
1131 2856 1081 3295 4977 4981 3745 
1132 3000 2993 3031 5184 5302 5303 
1133 2996 2994 3325 4437 5304 5305 
1134 1284 2880 3295 4984 5306 4980 
1135 2880 1313 3294 4983 4987 4106 
1136 1139 1168 3353 5307 5308 5309 
1137 1342 2857 3294 4990 5310 4986 
1138 2857 1197 3297 4989 4993 5311 
1139 1226 2881 3297 4996 5312 4992 
1140 2881 1255 3296 4995 4999 5265 
1141 1371 2858 3296 5002 3737 4998 
1142 2858 1400 3298 5001 5005 5313 
1143 1429 2882 3298 5008 3682 5004 
1144 2882 1458 3299 5007 5011 4154 
1145 1487 2859 3299 5014 5314 5010 
1146 2859 1516 3300 5013 5017 4453 
1147 1545 2883 3300 5020 5315 5016 
1148 2883 1574 3301 5019 5023 5316 
1149 1603 2860 3301 5026 5317 5022 
1150 2860 1632 3303 5025 5029 5318 
1151 1661 2884 3303 5032 5319 5028 
1152 2884 1690 3305 5031 5035 5320 
1153 1719 2861 3305 5038 3790 5034 
1154 2861 1748 3304 5037 5041 5321 
1155 1777 2885 3304 5044 5322 5040 
1156 2885 1806 3306 5043 5047 5323 
1157 1835 2862 3306 5050 5324 5046 
1158 2862 1864 3307 5049 5053 5325 
1159 2067 2886 3307 5056 4561 5052 
1160 2886 2096 3308 5055 5059 5326 
1161 2125 2863 3308 5062 5327 5058 
1162 2950 2949 2951 5177 5201 5148 
1163 3057 3093 3285 5133 3953 5239 
1164 3075 3243 3349 5243 5191 5328 
1165 2868 3375 3465 5166 4231 5122 
1166 2899 2897 3330 4291 5180 5329 
1167 3038 3039 3040 5145 5152 5160 
1168 3191 3190 3192 4226 5330 5331 
1169 3333 2978 3460 5332 4780 5333 
1170 3030 3026 3036 4957 5264 5281 
1171 3076 2896 3092 5095 5334 5335 
1172 2944 2945 2946 5336 5337 5338 
1173 2948 2947 2949 5212 5339 5176 
1174 3236 3209 3428 3551 4488 5340 
1175 3239 2987 3409 4148 4406 5341 
1176 3153 3155 3316 5342 5343 5159 
1177 3000 3031 3032 5303 5344 4840 
1178 2951 3037 3038 5202 5143 5345 
1179 3286 3236 3355 3785 5346 4640 
1180 3063 3134 3135 5195 3841 5347 
1181 3040 3041 3063 5153 5194 4761 
1182 3046 3116 3424 5248 3621 5348 
1183 2879 1023 3365 4971 5130 4938 
1184 3032 3031 3259 5344 4508 5349 
1185 3257 3252 3395 4653 4759 4629 
1186 1052 2856 3365 4978 4408 5129 
1187 2873 3243 3424 5189 5063 3620 
1188 3049 2676 3380 4818 5083 5350 
1189 3050 3052 3054 4803 5138 5123 
1190 3148 2852 3352 5086 5351 5352 
1191 2855 3292 3385 4726 4218 5353 
1192 2853 762 3254 4690 4816 5273 
1193 2999 2996 3325 5089 5305 5354 
1194 3329 2924 3493 4926 5355 5356 
1195 3253 3119 3379 4244 5357 4439 
1196 2977 2975 3333 4569 5358 5359 
1197 3192 3198 3494 5360 5361 5362 
1198 3098 3099 3354 4527 5113 5363 
1199 307 3169 3430 4528 5271 4937 
1200 3184 3185 3186 5364 5365 4168 
1201 3235 3344 3440 3546 4474 3856 
1202 3224 3225 3226 4649 4904 5366 
1203 2994 3000 3325 5185 4513 5304 
1204 2998 2999 3356 5090 5367 5368 
1205 2386 2531 3021 5369 5370 5371 
1206 3230 3231 3233 4895 5372 5373 
1207 2357 2386 3310 5374 5375 5376 
1208 3336 3338 3508 4451 5377 4953 
1209 3147 3294 3481 4107 5378 5379 
1210 2962 2960 3348 4657 5380 5381 
1211 3212 3209 3213 5382 4049 5383 
1212 3174 2913 3264 4892 5384 5385 
1213 2966 2964 3351 4613 5386 5387 
1214 3234 617 3275 4886 5069 5388 
1215 2959 2956 3313 5207 5260 5389 
1216 2886 3308 3326 5326 5390 4599 
1217 3221 3224 3269 5227 5391 5392 
1218 2944 2946 3389 5338 4742 5393 
1219 3096 3239 3409 5098 5341 5394 
1220 2946 2945 2947 5337 5395 5211 
1221 3247 3281 3468 3700 5396 5397 
1222 2947 2945 3350 5395 5398 5399 
1223 3306 2862 3359 5324 5400 5401 
1224 3153 3154 3155 4918 5402 5342 
1225 3202 3103 3369 4936 5222 5403 
1226 3220 3221 3269 4789 5392 4014 
1227 3002 2998 3356 4368 5368 5404 
1228 2884 3305 3399 5320 4362 5405 
1229 3079 3147 3482 4197 5406 3714 
1230 3303 2884 3322 5319 5407 5408 
1231 3301 2860 3302 5317 5409 5410 
1232 3326 3129 3381 4315 4891 4600 
1233 3299 2859 3319 5314 4827 4179 
1234 2978 2973 3366 5146 5257 4327 
1235 3262 3169 3496 5270 4899 3901 
1236 3091 3279 3464 3667 5411 5412 
1237 3198 3321 3494 5181 5413 5361 
1238 3282 3333 3460 5414 5333 5065 
1239 2934 2932 3383 4481 5066 5415 
1240 2985 3278 3334 5250 3616 5416 
1241 2960 2967 3348 5244 4875 5380 
1242 342 3132 3416 4430 4432 4804 
1243 3034 2959 3313 5214 5389 5417 
1244 298 3178 3411 4621 5418 5071 
1245 3261 3300 3463 4454 5419 5420 
1246 3024 2969 3477 4310 4939 5237 
1247 2975 2978 3333 5147 5332 5358 
1248 2989 2986 3473 4911 5421 4746 
1249 3034 3313 3314 5417 5422 5197 
1250 3318 2864 3357 4723 5247 4303 
1251 3226 3227 3228 4906 5423 5424 
1252 3154 3130 3389 4137 5425 5426 
1253 3133 3261 3463 4577 5420 5427 
1254 2871 530 3200 4692 4837 5428 
1255 2852 472 3199 4687 4839 5429 
1256 3380 3148 3450 5187 5430 5431 
1257 2942 2943 2944 5432 5433 4654 
1258 2918 2920 2924 4503 5140 5434 
1259 3211 994 3270 4955 5094 5435 
1260 2927 2899 3330 5134 5329 3589 
1261 3205 2912 3206 5097 5075 5436 
1262 3068 3112 3465 4222 4808 4230 
1263 2890 265 3411 4741 4791 5437 
1264 646 2911 3275 4963 4369 5068 
1265 3311 3247 3468 4398 5397 5438 
1266 3350 2945 3446 5398 5439 4507 
1267 3342 3347 3353 5085 5440 5441 
1268 2972 3075 3366 5296 5442 5256 
1269 2894 2892 3374 4734 5443 5444 
1270 3134 3137 3421 4593 5445 4234 
1271 3128 3129 3509 4537 5446 4766 
1272 1110 3210 3270 4949 5447 5093 
1273 3322 2884 3399 5407 5405 4349 
1274 2981 2977 3333 5142 5359 5448 
1275 3074 2970 3351 5229 5449 5450 
1276 2964 3028 3351 5172 5451 5386 
1277 2851 2763 3180 4694 4871 5452 
1278 3185 3166 3279 5192 5453 5454 
1279 3107 3263 3334 4367 5455 3995 
1280 3143 3364 3431 4479 5269 5456 
1281 2415 2444 3265 5457 5458 5459 
1282 3200 2853 3423 4661 5460 5461 
1283 3077 3405 3423 4778 5462 5463 
1284 3095 3096 3409 4851 5394 5464 
1285 2928 3068 3394 4469 4017 4757 
1286 3368 3054 3447 5124 5465 3710 
1287 3054 3056 3447 5294 5466 5465 
1288 3309 2871 3405 4922 5467 5468 
1289 3164 3380 3450 5469 5431 3759 
1290 3028 2962 3348 5171 5381 5470 
1291 2901 2927 3414 5135 5471 5472 
1292 3282 2981 3333 5234 5448 5414 
1293 3422 3290 3470 5473 5474 4062 
1294 3162 3049 3163 5203 5475 5476 
1295 2970 2966 3351 5165 5387 5449 
1296 3229 3238 3400 5477 4006 5478 
1297 2955 2952 3382 5226 5479 5480 
1298 2911 936 3419 4962 5206 4388 
1299 2944 2943 2945 5433 5481 5336 
1300 3281 3189 3468 4144 5104 5396 
1301 3310 3311 3468 5482 5438 5103 
1302 3113 3329 3493 4611 5356 4744 
1303 3274 3084 3452 4617 4824 5263 
1304 3401 3254 3505 5274 5483 5484 
1305 2952 2951 3382 5149 5485 5479 
1306 3191 3193 3196 5486 5487 4701 
1307 3364 3141 3498 4478 4459 5488 
1308 3440 3346 3441 4473 5489 5490 
1309 3006 3002 3356 5186 5404 3642 
1310 2942 2940 2943 5249 5491 5432 
1311 2863 3316 3413 5175 5492 5493 
1312 2874 3315 3472 3765 5494 3637 
1313 3199 3309 3372 4923 5495 5496 
1314 2903 2901 3414 4522 5472 4573 
1315 3127 3359 3500 4793 5497 5498 
1316 3363 2866 3427 4748 5499 5500 
1317 2858 3298 3391 5313 3661 4433 
1318 3130 2944 3389 4655 5393 5425 
1319 2993 2990 3418 4867 5292 5501 
1320 3316 3155 3413 5343 3743 5492 
1321 3362 3171 3431 4141 4202 5268 
1322 2896 2894 3384 4869 5502 5503 
1323 3374 2888 3384 5504 4132 5505 
1324 965 3211 3419 4956 5506 5205 
1325 3194 3192 3494 5507 5362 4184 
1326 3356 2999 3410 5367 5508 4097 
1327 3206 3207 3208 5076 5117 5509 
1328 3249 2938 3407 4896 4676 4902 
1329 3162 3163 3439 5476 3803 5510 
1330 3357 3172 3367 5246 5255 5511 
1331 3208 3209 3212 5118 5382 5512 
1332 2937 2934 3383 4959 5415 5513 
1333 3360 3031 3418 4509 5514 5079 
1334 2560 3022 3426 5101 5200 5217 
1335 3044 3032 3371 5150 5515 4219 
1336 1168 385 3342 5516 5517 5518 
1337 3182 3181 3183 5120 5519 5277 
1338 3285 2991 3510 3952 4242 5520 
1339 3295 2880 3408 5306 4334 3950 
1340 2892 3178 3374 5210 5521 5443 
1341 3210 1139 3353 4948 5309 5522 
1342 3287 2855 3385 5286 5353 5523 
1343 3276 2705 3277 5163 4856 5524 
1344 3178 2890 3411 5209 5437 5418 
1345 3332 3006 3478 4190 3962 4223 
1346 3084 3082 3444 4412 4000 3977 
1347 2851 3180 3181 5452 5525 5119 
1348 3312 3022 3469 5198 5112 4401 
1349 3056 3285 3404 5240 5526 5527 
1350 3429 3232 3455 4848 4395 5528 
1351 3187 3197 3412 3932 4465 3756 
1352 3046 3424 3457 5348 5064 5529 
1353 3165 3328 3464 4812 5530 5531 
1354 3032 3259 3371 5349 4859 5515 
1355 3234 3275 3355 5388 4641 5532 
1356 3163 3164 3165 5533 3758 4842 
1357 2853 3401 3423 5275 5534 5460 
1358 3229 3228 3230 5535 4893 5536 
1359 3111 3267 3435 4112 5174 5537 
1360 3385 3150 3392 4217 5070 5538 
1361 3226 3228 3229 5424 5535 5539 
1362 3031 2993 3418 5302 5501 5514 
1363 2861 3304 3406 5321 5540 4457 
1364 2926 2916 3393 5300 5541 4126 
1365 3347 3210 3353 5542 5522 5440 
1366 3348 3046 3457 4874 5529 5543 
1367 3173 2865 3489 4928 5544 4858 
1368 3314 3313 3507 5422 5545 5546 
1369 2924 3379 3493 5141 5547 5355 
1370 2951 3038 3382 5345 5291 5485 
1371 3075 3349 3435 5328 5548 5549 
1372 3264 3161 3390 5245 4732 5550 
1373 3212 3248 3249 5551 4897 5552 
1374 3163 3049 3164 5475 5553 5533 
1375 3092 2896 3384 5334 5503 4131 
1376 3176 3090 3432 4181 4379 4705 
1377 2878 3287 3392 5258 5554 4441 
1378 2881 3324 3397 5266 4254 5555 
1379 3446 2943 3456 5556 5557 5228 
1380 2985 3334 3473 5416 5558 5559 
1381 3229 3230 3238 5536 5560 5477 
1382 3243 3074 3513 5242 5561 4974 
1383 3328 3091 3464 3767 5412 5530 
1384 3307 3381 3500 4563 5562 5563 
1385 2865 3174 3390 4825 5564 5565 
1386 3264 2913 3415 5384 5566 5567 
1387 2992 3404 3510 4576 5568 4241 
1388 3206 3208 3237 5509 5569 5570 
1389 3338 3343 3508 4299 4584 5377 
1390 3069 3375 3376 4543 5168 3898 
1391 3308 2863 3396 5327 5571 5572 
1392 2871 3200 3405 5428 5573 5467 
1393 3022 2589 3276 5100 5164 5110 
1394 3129 3387 3509 4316 4809 5446 
1395 2955 3382 3507 5480 5574 5575 
1396 3297 2881 3397 5312 5555 5576 
1397 3204 3410 3511 4098 5577 5578 
1398 3164 3049 3380 5553 5350 5469 
1399 3326 3308 3396 5390 5572 3696 
1400 3180 3162 3439 4796 5510 5579 
1401 3064 3314 3507 5208 5546 5580 
1402 2885 3306 3398 5323 5581 5582 
1403 3290 2926 3470 4281 4167 5474 
1404 2328 3189 3280 5285 4143 5288 
1405 2916 2918 3393 4643 5583 5541 
1406 2860 3303 3402 5318 5584 5585 
1407 3276 3448 3469 5586 5587 5111 
1408 3076 3092 3425 5335 5588 4586 
1409 3184 3183 3185 5278 5193 5364 
1410 3351 3028 3513 5451 5589 5590 
1411 3306 3359 3398 5401 5591 5581 
1412 3212 3213 3248 5383 5592 5551 
1413 3327 2919 3488 4307 5593 5594 
1414 3123 3126 3449 4776 4250 5182 
1415 2986 2985 3473 4799 5559 5421 
1416 3062 3309 3405 4930 5468 4777 
1417 3303 3322 3402 5408 5595 5584 
1418 3302 2860 3402 5409 5585 4737 
1419 3350 3156 3490 4510 4756 5596 
1420 3191 3192 3193 5331 5597 5486 
1421 2894 3374 3384 5444 5505 5502 
1422 3215 3217 3219 4718 5251 5598 
1423 3382 3064 3507 5290 5580 5574 
1424 3352 2852 3372 5351 5599 4564 
1425 2949 2947 3490 5339 5600 4802 
1426 3104 3204 3511 4557 5578 5295 
1427 3322 3073 3402 4103 4738 5595 
1428 3323 2889 3417 3704 4115 5601 
1429 3045 3323 3461 5188 5602 5603 
1430 2913 3205 3415 4910 5604 5566 
1431 3237 3264 3415 4566 5567 5605 
1432 3301 3302 3445 5410 3943 5606 
1433 3396 2863 3413 5571 5493 5607 
1434 2905 3290 3422 4357 5473 4351 
1435 2857 3297 3436 5311 5608 5609 
1436 3410 2999 3458 5508 5610 5611 
1437 2930 3327 3488 4484 5594 4424 
1438 3367 2877 3476 5254 5612 4467 
1439 3401 3077 3423 3794 5463 5534 
1440 2852 3199 3372 5429 5496 5599 
1441 3074 3351 3513 5450 5590 5561 
1442 3349 2873 3506 5190 5109 5613 
1443 3315 3063 3472 4762 5614 5494 
1444 3309 3060 3372 4929 4565 5495 
1445 3321 3020 3494 3638 4172 5413 
1446 3192 3190 3198 5330 5615 5360 
1447 3311 3021 3312 5616 5617 5232 
1448 3211 3270 3271 5435 5618 5619 
1449 3287 3385 3392 5523 5538 5554 
1450 2862 3307 3500 5325 5563 5620 
1451 3188 2473 3280 5155 5289 5621 
1452 3021 2531 3426 5370 5218 5622 
1453 2888 3374 3492 5504 5623 5231 
1454 3369 3045 3461 4032 5603 5624 
1455 3258 3184 3412 4832 4169 5157 
1456 2918 2924 3393 5434 4927 5583 
1457 3335 3235 3459 3954 4857 5625 
1458 3212 3249 3479 5552 5626 5627 
1459 3148 3352 3450 5352 5628 5430 
1460 3331 3143 3431 4656 5456 4201 
1461 3095 3409 3487 5464 4545 4907 
1462 3342 385 3343 5517 5629 4298 
1463 3063 3135 3472 5347 3581 5614 
1464 2444 3188 3265 5156 3650 5458 
1465 2883 3301 3445 5316 5606 5630 
1466 3254 3260 3505 5132 5298 5483 
1467 3381 3127 3500 4890 5498 5562 
1468 3366 3075 3435 5442 5549 5173 
1469 3211 3271 3272 5619 5631 5632 
1470 3137 3414 3502 4574 5633 5634 
1471 3379 3119 3493 5357 4745 5547 
1472 3370 3151 3475 4883 4880 5072 
1473 3481 3436 3482 5635 5636 5637 
1474 3334 3263 3473 5455 4747 5558 
1475 3421 3137 3502 5445 5634 5638 
1476 3210 3347 3437 5542 4636 5639 
1477 2945 2943 3446 5481 5556 5439 
1478 3047 3320 3432 5640 5220 4378 
1479 3300 2883 3463 5315 5641 5419 
1480 2386 3021 3310 5371 5642 5375 
1481 3270 3210 3437 5447 5639 5643 
1482 3189 2357 3310 5284 5376 5102 
1483 3397 3085 3436 4036 5644 5645 
1484 3272 3271 3273 5631 4685 4828 
1485 2877 3136 3476 4753 5131 5612 
1486 3174 3264 3390 5385 5550 5564 
1487 3297 3397 3436 5576 5645 5608 
1488 3186 3185 3467 5365 5646 5647 
1489 3359 2862 3500 5400 5620 5497 
1490 2999 3325 3458 5354 4908 5610 
1491 1168 3342 3353 5518 5441 5308 
1492 3166 3165 3464 4843 5531 5648 
1493 3410 3146 3511 5649 3708 5577 
1494 3406 3304 3484 5540 5650 5651 
1495 3313 2955 3507 5259 5575 5545 
1496 3349 3111 3435 5652 5537 5548 
1497 3058 3401 3505 4065 5484 4285 
1498 3310 3021 3311 5642 5616 5482 
1499 3400 3269 3443 5293 5653 5654 
1500 2943 2940 3456 5491 5655 5557 
1501 3028 3348 3457 5470 5543 5656 
1502 3355 3236 3428 5346 5340 4352 
1503 3405 3200 3423 5573 5461 5462 
1504 3211 3272 3419 5632 4389 5506 
1505 3230 3233 3420 5373 4915 5657 
1506 3056 3404 3447 5527 5658 5466 
1507 3304 2885 3484 5322 5659 5650 
1508 3122 3449 3495 5183 5660 4151 
1509 2941 3357 3367 4121 5511 4077 
1510 3206 3237 3415 5570 5605 5661 
1511 3312 3021 3426 5617 5622 5199 
1512 2885 3398 3484 5582 4846 5659 
1513 3193 3192 3194 5597 5507 5662 
1514 3205 3206 3415 5436 5661 5604 
1515 3294 2857 3481 5310 5663 5378 
1516 3359 3125 3398 4792 4532 5591 
1517 3417 3202 3461 5280 5664 5665 
1518 3226 3229 3443 5539 5666 5667 
1519 3146 3410 3458 5649 5611 4888 
1520 3269 3224 3443 5391 5668 5653 
1521 3256 3396 3413 3843 5607 3986 
1522 2883 3445 3463 5630 5669 5641 
1523 3155 3154 3480 5402 5670 4940 
1524 3020 3474 3491 3640 5671 5169 
1525 2866 3364 3498 5299 5488 5672 
1526 2857 3436 3481 5609 5635 5663 
1527 3244 3196 3245 3829 5673 3680 
1528 2940 2937 3456 5235 5674 5655 
1529 3352 3061 3450 4213 4301 5628 
1530 3238 3230 3420 5560 5657 4422 
1531 3185 3279 3467 5454 4175 5646 
1532 3248 3213 3454 5592 5675 4521 
1533 3320 3047 3486 5640 4909 5225 
1534 3436 3085 3482 5644 3630 5636 
1535 3224 3226 3443 5366 5667 5668 
1536 2947 3350 3490 5399 5596 5600 
1537 3323 3417 3461 5601 5665 5602 
1538 3414 2927 3502 5471 4348 5633 
1539 3213 3215 3454 4711 5676 5675 
1540 3033 3403 3462 4717 4555 4881 
1541 3111 3349 3506 5652 5613 4709 
1542 2865 3390 3489 5565 4733 5544 
1543 3181 3180 3439 5525 5579 5677 
1544 3229 3400 3443 5478 5654 5666 
1545 3193 3194 3501 5662 4373 4010 
1546 2937 3383 3456 5513 4772 5674 
1547 3404 2995 3447 4575 4101 5658 
1548 3202 3369 3461 5403 5624 5664 
1549 3186 3467 3497 5647 5678 5679 
1550 3279 3166 3464 5453 5648 5411 
1551 3216 3335 3459 5236 5625 3924 
1552 3276 3277 3448 5524 5262 5586 
1553 3271 3270 3437 5618 5643 4043 
1554 3374 3178 3492 5521 4623 5623 
1555 3098 3354 3483 5363 5680 4813 
1556 3190 3186 3497 4525 5679 5681 
1557 3404 3285 3510 5526 5520 5568 
1558 3488 2919 3503 5593 4549 5682 
1559 3222 3440 3441 3575 5490 4678 
1560 3188 3280 3281 5621 4145 3651 
1561 3425 3092 3496 5588 3902 4898 
1562 3154 3389 3480 5426 4743 5670 
1563 3427 2866 3498 5499 5672 5683 
1564 3124 3406 3484 3967 5651 4845 
1565 3471 3237 3479 4567 5684 5685 
1566 3175 3421 3502 5127 5638 4347 
1567 3485 2931 3504 4153 4080 5686 
1568 3214 3429 3455 4421 5528 4448 
1569 3215 3219 3454 5598 3938 5676 
1570 3237 3208 3479 5569 5687 5684 
1571 3028 3457 3513 5656 4975 5589 
1572 3208 3212 3479 5512 5627 5687 
1573 3445 3133 3463 4100 5427 5669 
1574 3145 3427 3498 5688 5683 4458 
1575 3147 3481 3482 5379 5637 5406 
1576 3198 3190 3497 5615 5681 4703 
1577 3483 3354 3491 5680 5170 5689 
1578 3467 3177 3497 4174 4704 5678 
1579 3449 2957 3495 4699 5253 5660 
1580 3474 3011 3491 3634 5690 5671 
1581 3249 3471 3479 4903 5685 5626 
1582 3448 3258 3469 5276 5158 5587 
1583 3099 3451 3501 4862 5224 5114 
1584 2930 3485 3504 3728 5686 5105 
1585 3011 3483 3491 4013 5689 5690 
1586 2917 3488 3503 4425 5682 4156 
1587 3179 7 3363 4773 3530 5691 
1588 3121 264 3377 3519 3868 5692 
1589 3339 385 3341 5693 5694 4279 
1590 3341 385 3345 5694 3524 3618 
1591 2501 3013 3451 5695 5223 5696 
1592 3100 2501 3451 3539 5696 4861 
1593 3121 2868 3317 5697 5121 5279 
1594 2868 3121 3376 5697 5698 5167 
1595 2922 2921 3253 4608 3538 4438 
1596 2921 2923 3231 3558 5699 3536 
1597 3231 2923 3233 5699 5700 5372 
1598 3233 2923 3438 5700 5151 4916 
1599 3019 3018 3027 3820 4519 3534 
1600 3029 3019 3100 4034 3540 4023 
1601 3027 3030 3363 4958 5701 3529 
1602 3030 3268 3363 5282 4749 5701 
1603 3121 3120 3227 4714 3525 3520 
1604 3231 3120 3253 3526 4245 3537 
1605 3376 3121 3377 5698 5692 3899 
1606 3145 3179 3427 4540 5702 5688 
1607 3179 3363 3427 5691 5500 5702 
1608 3225 3223 3442 4648 3825 5703 
1609 3227 3225 3442 4905 5703 3531 
1610 3228 3227 3231 5423 3527 4894 
1611 3346 3345 3441 5084 5704 5489 
1612 3441 3345 3442 5704 3532 4679 
1613 7 2501 3027 3516 3535 3528 
1614 385 264 3227 3518 3521 3522 
1615 385 3339 3343 5693 4582 5629 
1616 2502 2415 3265 5705 5459 5706 
1617 2501 2502 3013 5707 5708 5695 
1618 3013 2502 3245 5708 3681 5709 
1619 3244 2502 3246 3679 5710 5711 
1620 3246 2502 3265 5710 5706 4493 
1621 3193 3013 3245 4009 5709 5712 
1622 3183 3181 3439 5519 5677 3563 
1623 3196 3193 3245 5487 5712 5673 
1624 3266 3234 3355 5301 5532 3595 
1625 3244 3246 3247 5711 3698 4444 
1626 3286 3273 3429 4829 4849 3786 
2 1 10 2521
1627 62 63 2387 2474 149 5713 5714 5715 5716 
1628 2474 2387 2388 2475 5714 5717 5718 5719 5720 
1629 2475 2388 2389 2476 5718 5721 5722 5723 5724 
1630 2476 2389 2390 2477 5722 5725 5726 5727 5728 
1631 2477 2390 2391 2478 5726 5729 5730 5731 5732 
1632 2478 2391 2392 2479 5730 5733 5734 5735 5736 
1633 2479 2392 2393 2480 5734 5737 5738 5739 5740 
1634 2480 2393 2394 2481 5738 5741 5742 5743 5744 
1635 2481 2394 2395 2482 5742 5745 5746 5747 5748 
1636 2482 2395 2396 2483 5746 5749 5750 5751 5752 
1637 2483 2396 2397 2484 5750 5753 5754 5755 5756 
1638 2484 2397 2398 2485 5754 5757 5758 5759 5760 
1639 2485 2398 2399 2486 5758 5761 5762 5763 5764 
1640 2486 2399 2400 2487 5762 5765 5766 5767 5768 
1641 2487 2400 2401 2488 5766 5769 5770 5771 5772 
1642 2488 2401 2402 2489 5770 5773 5774 5775 5776 
1643 2489 2402 2403 2490 5774 5777 5778 5779 5780 
1644 2490 2403 2404 2491 5778 5781 5782 5783 5784 
1645 2491 2404 2405 2492 5782 5785 5786 5787 5788 
1646 2492 2405 2406 2493 5786 5789 5790 5791 5792 
1647 2493 2406 2407 2494 5790 5793 5794 5795 5796 
1648 2494 2407 2408 2495 5794 5797 5798 5799 5800 
1649 2495 2408 2409 2496 5798 5801 5802 5803 5804 
1650 2496 2409 2410 2497 5802 5805 5806 5807 5808 
1651 2497 2410 2411 2498 5806 5809 5810 5811 5812 
1652 2498 2411 2412 2499 5810 5813 5814 5815 5816 
1653 2499 2412 2413 2500 5814 5817 5818 5819 5820 
1654 2500 2413 2414 2501 5818 5821 5822 3515 5823 
1655 2501 2414 2415 2502 5822 5824 5705 5707 5825 
1656 2 62 2474 33 148 5715 5826 61 5827 
1657 33 2474 2475 32 5826 5719 5828 60 5829 
1658 32 2475 2476 31 5828 5723 5830 59 5831 
1659 31 2476 2477 30 5830 5727 5832 58 5833 
1660 30 2477 2478 29 5832 5731 5834 57 5835 
1661 29 2478 2479 28 5834 5735 5836 56 5837 
1662 28 2479 2480 27 5836 5739 5838 55 5839 
1663 27 2480 2481 26 5838 5743 5840 54 5841 
1664 26 2481 2482 25 5840 5747 5842 53 5843 
1665 25 2482 2483 24 5842 5751 5844 52 5845 
1666 24 2483 2484 23 5844 5755 5846 51 5847 
1667 23 2484 2485 22 5846 5759 5848 50 5849 
1668 22 2485 2486 21 5848 5763 5850 49 5851 
1669 21 2486 2487 20 5850 5767 5852 48 5853 
1670 20 2487 2488 19 5852 5771 5854 47 5855 
1671 19 2488 2489 18 5854 5775 5856 46 5857 
1672 18 2489 2490 17 5856 5779 5858 45 5859 
1673 17 2490 2491 16 5858 5783 5860 44 5861 
1674 16 2491 2492 15 5860 5787 5862 43 5863 
1675 15 2492 2493 14 5862 5791 5864 42 5865 
1676 14 2493 2494 13 5864 5795 5866 41 5867 
1677 13 2494 2495 12 5866 5799 5868 40 5869 
1678 12 2495 2496 11 5868 5803 5870 39 5871 
1679 11 2496 2497 10 5870 5807 5872 38 5873 
1680 10 2497 2498 9 5872 5811 5874 37 5875 
1681 9 2498 2499 8 5874 5815 5876 36 5877 
1682 8 2499 2500 7 5876 5819 3514 35 5878 
1683 63 64 2416 2387 150 5879 5880 5713 5881 
1684 2387 2416 2417 2388 5880 5882 5883 5717 5884 
1685 2388 2417 2418 2389 5883 5885 5886 5721 5887 
1686 2389 2418 2419 2390 5886 5888 5889 5725 5890 
1687 2390 2419 2420 2391 5889 5891 5892 5729 5893 
1688 2391 2420 2421 2392 5892 5894 5895 5733 5896 
1689 2392 2421 2422 2393 5895 5897 5898 5737 5899 
1690 2393 2422 2423 2394 5898 5900 5901 5741 5902 
1691 2394 2423 2424 2395 5901 5903 5904 5745 5905 
1692 2395 2424 2425 2396 5904 5906 5907 5749 5908 
1693 2396 2425 2426 2397 5907 5909 5910 5753 5911 
1694 2397 2426 2427 2398 5910 5912 5913 5757 5914 
1695 2398 2427 2428 2399 5913 5915 5916 5761 5917 
1696 2399 2428 2429 2400 5916 5918 5919 5765 5920 
1697 2400 2429 2430 2401 5919 5921 5922 5769 5923 
1698 2401 2430 2431 2402 5922 5924 5925 5773 5926 
1699 2402 2431 2432 2403 5925 5927 5928 5777 5929 
1700 2403 2432 2433 2404 5928 5930 5931 5781 5932 
1701 2404 2433 2434 2405 5931 5933 5934 5785 5935 
1702 2405 2434 2435 2406 5934 5936 5937 5789 5938 
1703 2406 2435 2436 2407 5937 5939 5940 5793 5941 
1704 2407 2436 2437 2408 5940 5942 5943 5797 5944 
1705 2408 2437 2438 2409 5943 5945 5946 5801 5947 
1706 2409 2438 2439 2410 5946 5948 5949 5805 5950 
1707 2410 2439 2440 2411 5949 5951 5952 5809 5953 
1708 2411 2440 2441 2412 5952 5954 5955 5813 5956 
1709 2412 2441 2442 2413 5955 5957 5958 5817 5959 
1710 2413 2442 2443 2414 5958 5960 5961 5821 5962 
1711 2414 2443 2444 2415 5961 5963 5457 5824 5964 
1712 64 65 2445 2416 151 5965 5966 5879 5967 
1713 2416 2445 2446 2417 5966 5968 5969 5882 5970 
1714 2417 2446 2447 2418 5969 5971 5972 5885 5973 
1715 2418 2447 2448 2419 5972 5974 5975 5888 5976 
1716 2419 2448 2449 2420 5975 5977 5978 5891 5979 
1717 2420 2449 2450 2421 5978 5980 5981 5894 5982 
1718 2421 2450 2451 2422 5981 5983 5984 5897 5985 
1719 2422 2451 2452 2423 5984 5986 5987 5900 5988 
1720 2423 2452 2453 2424 5987 5989 5990 5903 5991 
1721 2424 2453 2454 2425 5990 5992 5993 5906 5994 
1722 2425 2454 2455 2426 5993 5995 5996 5909 5997 
1723 2426 2455 2456 2427 5996 5998 5999 5912 6000 
1724 2427 2456 2457 2428 5999 6001 6002 5915 6003 
1725 2428 2457 2458 2429 6002 6004 6005 5918 6006 
1726 2429 2458 2459 2430 6005 6007 6008 5921 6009 
1727 2430 2459 2460 2431 6008 6010 6011 5924 6012 
1728 2431 2460 2461 2432 6011 6013 6014 5927 6015 
1729 2432 2461 2462 2433 6014 6016 6017 5930 6018 
1730 2433 2462 2463 2434 6017 6019 6020 5933 6021 
1731 2434 2463 2464 2435 6020 6022 6023 5936 6024 
1732 2435 2464 2465 2436 6023 6025 6026 5939 6027 
1733 2436 2465 2466 2437 6026 6028 6029 5942 6030 
1734 2437 2466 2467 2438 6029 6031 6032 5945 6033 
1735 2438 2467 2468 2439 6032 6034 6035 5948 6036 
1736 2439 2468 2469 2440 6035 6037 6038 5951 6039 
1737 2440 2469 2470 2441 6038 6040 6041 5954 6042 
1738 2441 2470 2471 2442 6041 6043 6044 5957 6045 
1739 2442 2471 2472 2443 6044 6046 6047 5960 6048 
1740 2443 2472 2473 2444 6047 6049 5154 5963 6050 
1741 65 66 2300 2445 152 6051 6052 5965 6053 
1742 2445 2300 2301 2446 6052 6054 6055 5968 6056 
1743 2446 2301 2302 2447 6055 6057 6058 5971 6059 
1744 2447 2302 2303 2448 6058 6060 6061 5974 6062 
1745 2448 2303 2304 2449 6061 6063 6064 5977 6065 
1746 2449 2304 2305 2450 6064 6066 6067 5980 6068 
1747 2450 2305 2306 2451 6067 6069 6070 5983 6071 
1748 2451 2306 2307 2452 6070 6072 6073 5986 6074 
1749 2452 2307 2308 2453 6073 6075 6076 5989 6077 
1750 2453 2308 2309 2454 6076 6078 6079 5992 6080 
1751 2454 2309 2310 2455 6079 6081 6082 5995 6083 
1752 2455 2310 2311 2456 6082 6084 6085 5998 6086 
1753 2456 2311 2312 2457 6085 6087 6088 6001 6089 
1754 2457 2312 2313 2458 6088 6090 6091 6004 6092 
1755 2458 2313 2314 2459 6091 6093 6094 6007 6095 
1756 2459 2314 2315 2460 6094 6096 6097 6010 6098 
1757 2460 2315 2316 2461 6097 6099 6100 6013 6101 
1758 2461 2316 2317 2462 6100 6102 6103 6016 6104 
1759 2462 2317 2318 2463 6103 6105 6106 6019 6107 
1760 2463 2318 2319 2464 6106 6108 6109 6022 6110 
1761 2464 2319 2320 2465 6109 6111 6112 6025 6113 
1762 2465 2320 2321 2466 6112 6114 6115 6028 6116 
1763 2466 2321 2322 2467 6115 6117 6118 6031 6119 
1764 2467 2322 2323 2468 6118 6120 6121 6034 6122 
1765 2468 2323 2324 2469 6121 6123 6124 6037 6125 
1766 2469 2324 2325 2470 6124 6126 6127 6040 6128 
1767 2470 2325 2326 2471 6127 6129 6130 6043 6131 
1768 2471 2326 2327 2472 6130 6132 6133 6046 6134 
1769 2472 2327 2328 2473 6133 6135 5287 6049 6136 
1770 66 67 2329 2300 153 6137 6138 6051 6139 
1771 2300 2329 2330 2301 6138 6140 6141 6054 6142 
1772 2301 2330 2331 2302 6141 6143 6144 6057 6145 
1773 2302 2331 2332 2303 6144 6146 6147 6060 6148 
1774 2303 2332 2333 2304 6147 6149 6150 6063 6151 
1775 2304 2333 2334 2305 6150 6152 6153 6066 6154 
1776 2305 2334 2335 2306 6153 6155 6156 6069 6157 
1777 2306 2335 2336 2307 6156 6158 6159 6072 6160 
1778 2307 2336 2337 2308 6159 6161 6162 6075 6163 
1779 2308 2337 2338 2309 6162 6164 6165 6078 6166 
1780 2309 2338 2339 2310 6165 6167 6168 6081 6169 
1781 2310 2339 2340 2311 6168 6170 6171 6084 6172 
1782 2311 2340 2341 2312 6171 6173 6174 6087 6175 
1783 2312 2341 2342 2313 6174 6176 6177 6090 6178 
1784 2313 2342 2343 2314 6177 6179 6180 6093 6181 
1785 2314 2343 2344 2315 6180 6182 6183 6096 6184 
1786 2315 2344 2345 2316 6183 6185 6186 6099 6187 
1787 2316 2345 2346 2317 6186 6188 6189 6102 6190 
1788 2317 2346 2347 2318 6189 6191 6192 6105 6193 
1789 2318 2347 2348 2319 6192 6194 6195 6108 6196 
1790 2319 2348 2349 2320 6195 6197 6198 6111 6199 
1791 2320 2349 2350 2321 6198 6200 6201 6114 6202 
1792 2321 2350 2351 2322 6201 6203 6204 6117 6205 
1793 2322 2351 2352 2323 6204 6206 6207 6120 6208 
1794 2323 2352 2353 2324 6207 6209 6210 6123 6211 
1795 2324 2353 2354 2325 6210 6212 6213 6126 6214 
1796 2325 2354 2355 2326 6213 6215 6216 6129 6217 
1797 2326 2355 2356 2327 6216 6218 6219 6132 6220 
1798 2327 2356 2357 2328 6219 6221 5283 6135 6222 
1799 67 68 2358 2329 154 6223 6224 6137 6225 
1800 2329 2358 2359 2330 6224 6226 6227 6140 6228 
1801 2330 2359 2360 2331 6227 6229 6230 6143 6231 
1802 2331 2360 2361 2332 6230 6232 6233 6146 6234 
1803 2332 2361 2362 2333 6233 6235 6236 6149 6237 
1804 2333 2362 2363 2334 6236 6238 6239 6152 6240 
1805 2334 2363 2364 2335 6239 6241 6242 6155 6243 
1806 2335 2364 2365 2336 6242 6244 6245 6158 6246 
1807 2336 2365 2366 2337 6245 6247 6248 6161 6249 
1808 2337 2366 2367 2338 6248 6250 6251 6164 6252 
1809 2338 2367 2368 2339 6251 6253 6254 6167 6255 
1810 2339 2368 2369 2340 6254 6256 6257 6170 6258 
1811 2340 2369 2370 2341 6257 6259 6260 6173 6261 
1812 2341 2370 2371 2342 6260 6262 6263 6176 6264 
1813 2342 2371 2372 2343 6263 6265 6266 6179 6267 
1814 2343 2372 2373 2344 6266 6268 6269 6182 6270 
1815 2344 2373 2374 2345 6269 6271 6272 6185 6273 
1816 2345 2374 2375 2346 6272 6274 6275 6188 6276 
1817 2346 2375 2376 2347 6275 6277 6278 6191 6279 
1818 2347 2376 2377 2348 6278 6280 6281 6194 6282 
1819 2348 2377 2378 2349 6281 6283 6284 6197 6285 
1820 2349 2378 2379 2350 6284 6286 6287 6200 6288 
1821 2350 2379 2380 2351 6287 6289 6290 6203 6291 
1822 2351 2380 2381 2352 6290 6292 6293 6206 6294 
1823 2352 2381 2382 2353 6293 6295 6296 6209 6297 
1824 2353 2382 2383 2354 6296 6298 6299 6212 6300 
1825 2354 2383 2384 2355 6299 6301 6302 6215 6303 
1826 2355 2384 2385 2356 6302 6304 6305 6218 6306 
1827 2356 2385 2386 2357 6305 6307 5374 6221 6308 
1828 68 69 2503 2358 155 6309 6310 6223 6311 
1829 2358 2503 2504 2359 6310 6312 6313 6226 6314 
1830 2359 2504 2505 2360 6313 6315 6316 6229 6317 
1831 2360 2505 2506 2361 6316 6318 6319 6232 6320 
1832 2361 2506 2507 2362 6319 6321 6322 6235 6323 
1833 2362 2507 2508 2363 6322 6324 6325 6238 6326 
1834 2363 2508 2509 2364 6325 6327 6328 6241 6329 
1835 2364 2509 2510 2365 6328 6330 6331 6244 6332 
1836 2365 2510 2511 2366 6331 6333 6334 6247 6335 
1837 2366 2511 2512 2367 6334 6336 6337 6250 6338 
1838 2367 2512 2513 2368 6337 6339 6340 6253 6341 
1839 2368 2513 2514 2369 6340 6342 6343 6256 6344 
1840 2369 2514 2515 2370 6343 6345 6346 6259 6347 
1841 2370 2515 2516 2371 6346 6348 6349 6262 6350 
1842 2371 2516 2517 2372 6349 6351 6352 6265 6353 
1843 2372 2517 2518 2373 6352 6354 6355 6268 6356 
1844 2373 2518 2519 2374 6355 6357 6358 6271 6359 
1845 2374 2519 2520 2375 6358 6360 6361 6274 6362 
1846 2375 2520 2521 2376 6361 6363 6364 6277 6365 
1847 2376 2521 2522 2377 6364 6366 6367 6280 6368 
1848 2377 2522 2523 2378 6367 6369 6370 6283 6371 
1849 2378 2523 2524 2379 6370 6372 6373 6286 6374 
1850 2379 2524 2525 2380 6373 6375 6376 6289 6377 
1851 2380 2525 2526 2381 6376 6378 6379 6292 6380 
1852 2381 2526 2527 2382 6379 6381 6382 6295 6383 
1853 2382 2527 2528 2383 6382 6384 6385 6298 6386 
1854 2383 2528 2529 2384 6385 6387 6388 6301 6389 
1855 2384 2529 2530 2385 6388 6390 6391 6304 6392 
1856 2385 2530 2531 2386 6391 6393 5369 6307 6394 
1857 69 70 2532 2503 156 6395 6396 6309 6397 
1858 2503 2532 2533 2504 6396 6398 6399 6312 6400 
1859 2504 2533 2534 2505 6399 6401 6402 6315 6403 
1860 2505 2534 2535 2506 6402 6404 6405 6318 6406 
1861 2506 2535 2536 2507 6405 6407 6408 6321 6409 
1862 2507 2536 2537 2508 6408 6410 6411 6324 6412 
1863 2508 2537 2538 2509 6411 6413 6414 6327 6415 
1864 2509 2538 2539 2510 6414 6416 6417 6330 6418 
1865 2510 2539 2540 2511 6417 6419 6420 6333 6421 
1866 2511 2540 2541 2512 6420 6422 6423 6336 6424 
1867 2512 2541 2542 2513 6423 6425 6426 6339 6427 
1868 2513 2542 2543 2514 6426 6428 6429 6342 6430 
1869 2514 2543 2544 2515 6429 6431 6432 6345 6433 
1870 2515 2544 2545 2516 6432 6434 6435 6348 6436 
1871 2516 2545 2546 2517 6435 6437 6438 6351 6439 
1872 2517 2546 2547 2518 6438 6440 6441 6354 6442 
1873 2518 2547 2548 2519 6441 6443 6444 6357 6445 
1874 2519 2548 2549 2520 6444 6446 6447 6360 6448 
1875 2520 2549 2550 2521 6447 6449 6450 6363 6451 
1876 2521 2550 2551 2522 6450 6452 6453 6366 6454 
1877 2522 2551 2552 2523 6453 6455 6456 6369 6457 
1878 2523 2552 2553 2524 6456 6458 6459 6372 6460 
1879 2524 2553 2554 2525 6459 6461 6462 6375 6463 
1880 2525 2554 2555 2526 6462 6464 6465 6378 6466 
1881 2526 2555 2556 2527 6465 6467 6468 6381 6469 
1882 2527 2556 2557 2528 6468 6470 6471 6384 6472 
1883 2528 2557 2558 2529 6471 6473 6474 6387 6475 
1884 2529 2558 2559 2530 6474 6476 6477 6390 6478 
1885 2530 2559 2560 2531 6477 6479 5216 6393 6480 
1886 79 80 444 415 166 6481 6482 6483 6484 
1887 415 444 445 416 6482 6485 6486 6487 6488 
1888 416 445 446 417 6486 6489 6490 6491 6492 
1889 417 446 447 418 6490 6493 6494 6495 6496 
1890 418 447 448 419 6494 6497 6498 6499 6500 
1891 419 448 449 420 6498 6501 6502 6503 6504 
1892 420 449 450 421 6502 6505 6506 6507 6508 
1893 421 450 451 422 6506 6509 6510 6511 6512 
1894 422 451 452 423 6510 6513 6514 6515 6516 
1895 423 452 453 424 6514 6517 6518 6519 6520 
1896 424 453 454 425 6518 6521 6522 6523 6524 
1897 425 454 455 426 6522 6525 6526 6527 6528 
1898 426 455 456 427 6526 6529 6530 6531 6532 
1899 427 456 457 428 6530 6533 6534 6535 6536 
1900 428 457 458 429 6534 6537 6538 6539 6540 
1901 429 458 459 430 6538 6541 6542 6543 6544 
1902 430 459 460 431 6542 6545 6546 6547 6548 
1903 431 460 461 432 6546 6549 6550 6551 6552 
1904 432 461 462 433 6550 6553 6554 6555 6556 
1905 433 462 463 434 6554 6557 6558 6559 6560 
1906 434 463 464 435 6558 6561 6562 6563 6564 
1907 435 464 465 436 6562 6565 6566 6567 6568 
1908 436 465 466 437 6566 6569 6570 6571 6572 
1909 437 466 467 438 6570 6573 6574 6575 6576 
1910 438 467 468 439 6574 6577 6578 6579 6580 
1911 439 468 469 440 6578 6581 6582 6583 6584 
1912 440 469 470 441 6582 6585 6586 6587 6588 
1913 441 470 471 442 6586 6589 6590 6591 6592 
1914 442 471 472 443 6590 6593 4686 6594 6595 
1915 70 71 2561 2532 157 6596 6597 6395 6598 
1916 2532 2561 2562 2533 6597 6599 6600 6398 6601 
1917 2533 2562 2563 2534 6600 6602 6603 6401 6604 
1918 2534 2563 2564 2535 6603 6605 6606 6404 6607 
1919 2535 2564 2565 2536 6606 6608 6609 6407 6610 
1920 2536 2565 2566 2537 6609 6611 6612 6410 6613 
1921 2537 2566 2567 2538 6612 6614 6615 6413 6616 
1922 2538 2567 2568 2539 6615 6617 6618 6416 6619 
1923 2539 2568 2569 2540 6618 6620 6621 6419 6622 
1924 2540 2569 2570 2541 6621 6623 6624 6422 6625 
1925 2541 2570 2571 2542 6624 6626 6627 6425 6628 
1926 2542 2571 2572 2543 6627 6629 6630 6428 6631 
1927 2543 2572 2573 2544 6630 6632 6633 6431 6634 
1928 2544 2573 2574 2545 6633 6635 6636 6434 6637 
1929 2545 2574 2575 2546 6636 6638 6639 6437 6640 
1930 2546 2575 2576 2547 6639 6641 6642 6440 6643 
1931 2547 2576 2577 2548 6642 6644 6645 6443 6646 
1932 2548 2577 2578 2549 6645 6647 6648 6446 6649 
1933 2549 2578 2579 2550 6648 6650 6651 6449 6652 
1934 2550 2579 2580 2551 6651 6653 6654 6452 6655 
1935 2551 2580 2581 2552 6654 6656 6657 6455 6658 
1936 2552 2581 2582 2553 6657 6659 6660 6458 6661 
1937 2553 2582 2583 2554 6660 6662 6663 6461 6664 
1938 2554 2583 2584 2555 6663 6665 6666 6464 6667 
1939 2555 2584 2585 2556 6666 6668 6669 6467 6670 
1940 2556 2585 2586 2557 6669 6671 6672 6470 6673 
1941 2557 2586 2587 2558 6672 6674 6675 6473 6676 
1942 2558 2587 2588 2559 6675 6677 6678 6476 6679 
1943 2559 2588 2589 2560 6678 6680 5099 6479 6681 
1944 71 72 2677 2561 158 6682 6683 6596 6684 
1945 2561 2677 2678 2562 6683 6685 6686 6599 6687 
1946 2562 2678 2679 2563 6686 6688 6689 6602 6690 
1947 2563 2679 2680 2564 6689 6691 6692 6605 6693 
1948 2564 2680 2681 2565 6692 6694 6695 6608 6696 
1949 2565 2681 2682 2566 6695 6697 6698 6611 6699 
1950 2566 2682 2683 2567 6698 6700 6701 6614 6702 
1951 2567 2683 2684 2568 6701 6703 6704 6617 6705 
1952 2568 2684 2685 2569 6704 6706 6707 6620 6708 
1953 2569 2685 2686 2570 6707 6709 6710 6623 6711 
1954 2570 2686 2687 2571 6710 6712 6713 6626 6714 
1955 2571 2687 2688 2572 6713 6715 6716 6629 6717 
1956 2572 2688 2689 2573 6716 6718 6719 6632 6720 
1957 2573 2689 2690 2574 6719 6721 6722 6635 6723 
1958 2574 2690 2691 2575 6722 6724 6725 6638 6726 
1959 2575 2691 2692 2576 6725 6727 6728 6641 6729 
1960 2576 2692 2693 2577 6728 6730 6731 6644 6732 
1961 2577 2693 2694 2578 6731 6733 6734 6647 6735 
1962 2578 2694 2695 2579 6734 6736 6737 6650 6738 
1963 2579 2695 2696 2580 6737 6739 6740 6653 6741 
1964 2580 2696 2697 2581 6740 6742 6743 6656 6744 
1965 2581 2697 2698 2582 6743 6745 6746 6659 6747 
1966 2582 2698 2699 2583 6746 6748 6749 6662 6750 
1967 2583 2699 2700 2584 6749 6751 6752 6665 6753 
1968 2584 2700 2701 2585 6752 6754 6755 6668 6756 
1969 2585 2701 2702 2586 6755 6757 6758 6671 6759 
1970 2586 2702 2703 2587 6758 6760 6761 6674 6762 
1971 2587 2703 2704 2588 6761 6763 6764 6677 6765 
1972 2588 2704 2705 2589 6764 6766 5162 6680 6767 
1973 72 73 2706 2677 159 6768 6769 6682 6770 
1974 2677 2706 2707 2678 6769 6771 6772 6685 6773 
1975 2678 2707 2708 2679 6772 6774 6775 6688 6776 
1976 2679 2708 2709 2680 6775 6777 6778 6691 6779 
1977 2680 2709 2710 2681 6778 6780 6781 6694 6782 
1978 2681 2710 2711 2682 6781 6783 6784 6697 6785 
1979 2682 2711 2712 2683 6784 6786 6787 6700 6788 
1980 2683 2712 2713 2684 6787 6789 6790 6703 6791 
1981 2684 2713 2714 2685 6790 6792 6793 6706 6794 
1982 2685 2714 2715 2686 6793 6795 6796 6709 6797 
1983 2686 2715 2716 2687 6796 6798 6799 6712 6800 
1984 2687 2716 2717 2688 6799 6801 6802 6715 6803 
1985 2688 2717 2718 2689 6802 6804 6805 6718 6806 
1986 2689 2718 2719 2690 6805 6807 6808 6721 6809 
1987 2690 2719 2720 2691 6808 6810 6811 6724 6812 
1988 2691 2720 2721 2692 6811 6813 6814 6727 6815 
1989 2692 2721 2722 2693 6814 6816 6817 6730 6818 
1990 2693 2722 2723 2694 6817 6819 6820 6733 6821 
1991 2694 2723 2724 2695 6820 6822 6823 6736 6824 
1992 2695 2724 2725 2696 6823 6825 6826 6739 6827 
1993 2696 2725 2726 2697 6826 6828 6829 6742 6830 
1994 2697 2726 2727 2698 6829 6831 6832 6745 6833 
1995 2698 2727 2728 2699 6832 6834 6835 6748 6836 
1996 2699 2728 2729 2700 6835 6837 6838 6751 6839 
1997 2700 2729 2730 2701 6838 6840 6841 6754 6842 
1998 2701 2730 2731 2702 6841 6843 6844 6757 6845 
1999 2702 2731 2732 2703 6844 6846 6847 6760 6848 
2000 2703 2732 2733 2704 6847 6849 6850 6763 6851 
2001 2704 2733 2734 2705 6850 6852 4855 6766 6853 
2002 73 74 2735 2706 160 6854 6855 6768 6856 
2003 2706 2735 2736 2707 6855 6857 6858 6771 6859 
2004 2707 2736 2737 2708 6858 6860 6861 6774 6862 
2005 2708 2737 2738 2709 6861 6863 6864 6777 6865 
2006 2709 2738 2739 2710 6864 6866 6867 6780 6868 
2007 2710 2739 2740 2711 6867 6869 6870 6783 6871 
2008 2711 2740 2741 2712 6870 6872 6873 6786 6874 
2009 2712 2741 2742 2713 6873 6875 6876 6789 6877 
2010 2713 2742 2743 2714 6876 6878 6879 6792 6880 
2011 2714 2743 2744 2715 6879 6881 6882 6795 6883 
2012 2715 2744 2745 2716 6882 6884 6885 6798 6886 
2013 2716 2745 2746 2717 6885 6887 6888 6801 6889 
2014 2717 2746 2747 2718 6888 6890 6891 6804 6892 
2015 2718 2747 2748 2719 6891 6893 6894 6807 6895 
2016 2719 2748 2749 2720 6894 6896 6897 6810 6898 
2017 2720 2749 2750 2721 6897 6899 6900 6813 6901 
2018 2721 2750 2751 2722 6900 6902 6903 6816 6904 
2019 2722 2751 2752 2723 6903 6905 6906 6819 6907 
2020 2723 2752 2753 2724 6906 6908 6909 6822 6910 
2021 2724 2753 2754 2725 6909 6911 6912 6825 6913 
2022 2725 2754 2755 2726 6912 6914 6915 6828 6916 
2023 2726 2755 2756 2727 6915 6917 6918 6831 6919 
2024 2727 2756 2757 2728 6918 6920 6921 6834 6922 
2025 2728 2757 2758 2729 6921 6923 6924 6837 6925 
2026 2729 2758 2759 2730 6924 6926 6927 6840 6928 
2027 2730 2759 2760 2731 6927 6929 6930 6843 6931 
2028 2731 2760 2761 2732 6930 6932 6933 6846 6934 
2029 2732 2761 2762 2733 6933 6935 6936 6849 6937 
2030 2733 2762 2763 2734 6936 6938 4693 6852 6939 
2031 74 75 2590 2735 161 6940 6941 6854 6942 
2032 2735 2590 2591 2736 6941 6943 6944 6857 6945 
2033 2736 2591 2592 2737 6944 6946 6947 6860 6948 
2034 2737 2592 2593 2738 6947 6949 6950 6863 6951 
2035 2738 2593 2594 2739 6950 6952 6953 6866 6954 
2036 2739 2594 2595 2740 6953 6955 6956 6869 6957 
2037 2740 2595 2596 2741 6956 6958 6959 6872 6960 
2038 2741 2596 2597 2742 6959 6961 6962 6875 6963 
2039 2742 2597 2598 2743 6962 6964 6965 6878 6966 
2040 2743 2598 2599 2744 6965 6967 6968 6881 6969 
2041 2744 2599 2600 2745 6968 6970 6971 6884 6972 
2042 2745 2600 2601 2746 6971 6973 6974 6887 6975 
2043 2746 2601 2602 2747 6974 6976 6977 6890 6978 
2044 2747 2602 2603 2748 6977 6979 6980 6893 6981 
2045 2748 2603 2604 2749 6980 6982 6983 6896 6984 
2046 2749 2604 2605 2750 6983 6985 6986 6899 6987 
2047 2750 2605 2606 2751 6986 6988 6989 6902 6990 
2048 2751 2606 2607 2752 6989 6991 6992 6905 6993 
2049 2752 2607 2608 2753 6992 6994 6995 6908 6996 
2050 2753 2608 2609 2754 6995 6997 6998 6911 6999 
2051 2754 2609 2610 2755 6998 7000 7001 6914 7002 
2052 2755 2610 2611 2756 7001 7003 7004 6917 7005 
2053 2756 2611 2612 2757 7004 7006 7007 6920 7008 
2054 2757 2612 2613 2758 7007 7009 7010 6923 7011 
2055 2758 2613 2614 2759 7010 7012 7013 6926 7014 
2056 2759 2614 2615 2760 7013 7015 7016 6929 7017 
2057 2760 2615 2616 2761 7016 7018 7019 6932 7020 
2058 2761 2616 2617 2762 7019 7021 7022 6935 7023 
2059 2762 2617 2618 2763 7022 7024 4870 6938 7025 
2060 75 76 2619 2590 162 7026 7027 6940 7028 
2061 2590 2619 2620 2591 7027 7029 7030 6943 7031 
2062 2591 2620 2621 2592 7030 7032 7033 6946 7034 
2063 2592 2621 2622 2593 7033 7035 7036 6949 7037 
2064 2593 2622 2623 2594 7036 7038 7039 6952 7040 
2065 2594 2623 2624 2595 7039 7041 7042 6955 7043 
2066 2595 2624 2625 2596 7042 7044 7045 6958 7046 
2067 2596 2625 2626 2597 7045 7047 7048 6961 7049 
2068 2597 2626 2627 2598 7048 7050 7051 6964 7052 
2069 2598 2627 2628 2599 7051 7053 7054 6967 7055 
2070 2599 2628 2629 2600 7054 7056 7057 6970 7058 
2071 2600 2629 2630 2601 7057 7059 7060 6973 7061 
2072 2601 2630 2631 2602 7060 7062 7063 6976 7064 
2073 2602 2631 2632 2603 7063 7065 7066 6979 7067 
2074 2603 2632 2633 2604 7066 7068 7069 6982 7070 
2075 2604 2633 2634 2605 7069 7071 7072 6985 7073 
2076 2605 2634 2635 2606 7072 7074 7075 6988 7076 
2077 2606 2635 2636 2607 7075 7077 7078 6991 7079 
2078 2607 2636 2637 2608 7078 7080 7081 6994 7082 
2079 2608 2637 2638 2609 7081 7083 7084 6997 7085 
2080 2609 2638 2639 2610 7084 7086 7087 7000 7088 
2081 2610 2639 2640 2611 7087 7089 7090 7003 7091 
2082 2611 2640 2641 2612 7090 7092 7093 7006 7094 
2083 2612 2641 2642 2613 7093 7095 7096 7009 7097 
2084 2613 2642 2643 2614 7096 7098 7099 7012 7100 
2085 2614 2643 2644 2615 7099 7101 7102 7015 7103 
2086 2615 2644 2645 2616 7102 7104 7105 7018 7106 
2087 2616 2645 2646 2617 7105 7107 7108 7021 7109 
2088 2617 2646 2647 2618 7108 7110 4785 7024 7111 
2089 76 77 2648 2619 163 7112 7113 7026 7114 
2090 2619 2648 2649 2620 7113 7115 7116 7029 7117 
2091 2620 2649 2650 2621 7116 7118 7119 7032 7120 
2092 2621 2650 2651 2622 7119 7121 7122 7035 7123 
2093 2622 2651 2652 2623 7122 7124 7125 7038 7126 
2094 2623 2652 2653 2624 7125 7127 7128 7041 7129 
2095 2624 2653 2654 2625 7128 7130 7131 7044 7132 
2096 2625 2654 2655 2626 7131 7133 7134 7047 7135 
2097 2626 2655 2656 2627 7134 7136 7137 7050 7138 
2098 2627 2656 2657 2628 7137 7139 7140 7053 7141 
2099 2628 2657 2658 2629 7140 7142 7143 7056 7144 
2100 2629 2658 2659 2630 7143 7145 7146 7059 7147 
2101 2630 2659 2660 2631 7146 7148 7149 7062 7150 
2102 2631 2660 2661 2632 7149 7151 7152 7065 7153 
2103 2632 2661 2662 2633 7152 7154 7155 7068 7156 
2104 2633 2662 2663 2634 7155 7157 7158 7071 7159 
2105 2634 2663 2664 2635 7158 7160 7161 7074 7162 
2106 2635 2664 2665 2636 7161 7163 7164 7077 7165 
2107 2636 2665 2666 2637 7164 7166 7167 7080 7168 
2108 2637 2666 2667 2638 7167 7169 7170 7083 7171 
2109 2638 2667 2668 2639 7170 7172 7173 7086 7174 
2110 2639 2668 2669 2640 7173 7175 7176 7089 7177 
2111 2640 2669 2670 2641 7176 7178 7179 7092 7180 
2112 2641 2670 2671 2642 7179 7181 7182 7095 7183 
2113 2642 2671 2672 2643 7182 7184 7185 7098 7186 
2114 2643 2672 2673 2644 7185 7187 7188 7101 7189 
2115 2644 2673 2674 2645 7188 7190 7191 7104 7192 
2116 2645 2674 2675 2646 7191 7193 7194 7107 7195 
2117 2646 2675 2676 2647 7194 7196 4817 7110 7197 
2118 77 78 386 2648 164 7198 7199 7112 7200 
2119 2648 386 387 2649 7199 7201 7202 7115 7203 
2120 2649 387 388 2650 7202 7204 7205 7118 7206 
2121 2650 388 389 2651 7205 7207 7208 7121 7209 
2122 2651 389 390 2652 7208 7210 7211 7124 7212 
2123 2652 390 391 2653 7211 7213 7214 7127 7215 
2124 2653 391 392 2654 7214 7216 7217 7130 7218 
2125 2654 392 393 2655 7217 7219 7220 7133 7221 
2126 2655 393 394 2656 7220 7222 7223 7136 7224 
2127 2656 394 395 2657 7223 7225 7226 7139 7227 
2128 2657 395 396 2658 7226 7228 7229 7142 7230 
2129 2658 396 397 2659 7229 7231 7232 7145 7233 
2130 2659 397 398 2660 7232 7234 7235 7148 7236 
2131 2660 398 399 2661 7235 7237 7238 7151 7239 
2132 2661 399 400 2662 7238 7240 7241 7154 7242 
2133 2662 400 401 2663 7241 7243 7244 7157 7245 
2134 2663 401 402 2664 7244 7246 7247 7160 7248 
2135 2664 402 403 2665 7247 7249 7250 7163 7251 
2136 2665 403 404 2666 7250 7252 7253 7166 7254 
2137 2666 404 405 2667 7253 7255 7256 7169 7257 
2138 2667 405 406 2668 7256 7258 7259 7172 7260 
2139 2668 406 407 2669 7259 7261 7262 7175 7263 
2140 2669 407 408 2670 7262 7264 7265 7178 7266 
2141 2670 408 409 2671 7265 7267 7268 7181 7269 
2142 2671 409 410 2672 7268 7270 7271 7184 7272 
2143 2672 410 411 2673 7271 7273 7274 7187 7275 
2144 2673 411 412 2674 7274 7276 7277 7190 7278 
2145 2674 412 413 2675 7277 7279 7280 7193 7281 
2146 2675 413 414 2676 7280 7282 5081 7196 7283 
2147 78 79 415 386 165 6483 7284 7198 7285 
2148 386 415 416 387 7284 6487 7286 7201 7287 
2149 387 416 417 388 7286 6491 7288 7204 7289 
2150 388 417 418 389 7288 6495 7290 7207 7291 
2151 389 418 419 390 7290 6499 7292 7210 7293 
2152 390 419 420 391 7292 6503 7294 7213 7295 
2153 391 420 421 392 7294 6507 7296 7216 7297 
2154 392 421 422 393 7296 6511 7298 7219 7299 
2155 393 422 423 394 7298 6515 7300 7222 7301 
2156 394 423 424 395 7300 6519 7302 7225 7303 
2157 395 424 425 396 7302 6523 7304 7228 7305 
2158 396 425 426 397 7304 6527 7306 7231 7307 
2159 397 426 427 398 7306 6531 7308 7234 7309 
2160 398 427 428 399 7308 6535 7310 7237 7311 
2161 399 428 429 400 7310 6539 7312 7240 7313 
2162 400 429 430 401 7312 6543 7314 7243 7315 
2163 401 430 431 402 7314 6547 7316 7246 7317 
2164 402 431 432 403 7316 6551 7318 7249 7319 
2165 403 432 433 404 7318 6555 7320 7252 7321 
2166 404 433 434 405 7320 6559 7322 7255 7323 
2167 405 434 435 406 7322 6563 7324 7258 7325 
2168 406 435 436 407 7324 6567 7326 7261 7327 
2169 407 436 437 408 7326 6571 7328 7264 7329 
2170 408 437 438 409 7328 6575 7330 7267 7331 
2171 409 438 439 410 7330 6579 7332 7270 7333 
2172 410 439 440 411 7332 6583 7334 7273 7335 
2173 411 440 441 412 7334 6587 7336 7276 7337 
2174 412 441 442 413 7336 6591 7338 7279 7339 
2175 413 442 443 414 7338 6594 4763 7282 7340 
2176 97 98 1314 1285 184 7341 7342 7343 7344 
2177 1285 1314 1315 1286 7342 7345 7346 7347 7348 
2178 1286 1315 1316 1287 7346 7349 7350 7351 7352 
2179 1287 1316 1317 1288 7350 7353 7354 7355 7356 
2180 1288 1317 1318 1289 7354 7357 7358 7359 7360 
2181 1289 1318 1319 1290 7358 7361 7362 7363 7364 
2182 1290 1319 1320 1291 7362 7365 7366 7367 7368 
2183 1291 1320 1321 1292 7366 7369 7370 7371 7372 
2184 1292 1321 1322 1293 7370 7373 7374 7375 7376 
2185 1293 1322 1323 1294 7374 7377 7378 7379 7380 
2186 1294 1323 1324 1295 7378 7381 7382 7383 7384 
2187 1295 1324 1325 1296 7382 7385 7386 7387 7388 
2188 1296 1325 1326 1297 7386 7389 7390 7391 7392 
2189 1297 1326 1327 1298 7390 7393 7394 7395 7396 
2190 1298 1327 1328 1299 7394 7397 7398 7399 7400 
2191 1299 1328 1329 1300 7398 7401 7402 7403 7404 
2192 1300 1329 1330 1301 7402 7405 7406 7407 7408 
2193 1301 1330 1331 1302 7406 7409 7410 7411 7412 
2194 1302 1331 1332 1303 7410 7413 7414 7415 7416 
2195 1303 1332 1333 1304 7414 7417 7418 7419 7420 
2196 1304 1333 1334 1305 7418 7421 7422 7423 7424 
2197 1305 1334 1335 1306 7422 7425 7426 7427 7428 
2198 1306 1335 1336 1307 7426 7429 7430 7431 7432 
2199 1307 1336 1337 1308 7430 7433 7434 7435 7436 
2200 1308 1337 1338 1309 7434 7437 7438 7439 7440 
2201 1309 1338 1339 1310 7438 7441 7442 7443 7444 
2202 1310 1339 1340 1311 7442 7445 7446 7447 7448 
2203 1311 1340 1341 1312 7446 7449 7450 7451 7452 
2204 1312 1341 1342 1313 7450 7453 4985 7454 7455 
2205 98 99 1169 1314 185 7456 7457 7341 7458 
2206 1314 1169 1170 1315 7457 7459 7460 7345 7461 
2207 1315 1170 1171 1316 7460 7462 7463 7349 7464 
2208 1316 1171 1172 1317 7463 7465 7466 7353 7467 
2209 1317 1172 1173 1318 7466 7468 7469 7357 7470 
2210 1318 1173 1174 1319 7469 7471 7472 7361 7473 
2211 1319 1174 1175 1320 7472 7474 7475 7365 7476 
2212 1320 1175 1176 1321 7475 7477 7478 7369 7479 
2213 1321 1176 1177 1322 7478 7480 7481 7373 7482 
2214 1322 1177 1178 1323 7481 7483 7484 7377 7485 
2215 1323 1178 1179 1324 7484 7486 7487 7381 7488 
2216 1324 1179 1180 1325 7487 7489 7490 7385 7491 
2217 1325 1180 1181 1326 7490 7492 7493 7389 7494 
2218 1326 1181 1182 1327 7493 7495 7496 7393 7497 
2219 1327 1182 1183 1328 7496 7498 7499 7397 7500 
2220 1328 1183 1184 1329 7499 7501 7502 7401 7503 
2221 1329 1184 1185 1330 7502 7504 7505 7405 7506 
2222 1330 1185 1186 1331 7505 7507 7508 7409 7509 
2223 1331 1186 1187 1332 7508 7510 7511 7413 7512 
2224 1332 1187 1188 1333 7511 7513 7514 7417 7515 
2225 1333 1188 1189 1334 7514 7516 7517 7421 7518 
2226 1334 1189 1190 1335 7517 7519 7520 7425 7521 
2227 1335 1190 1191 1336 7520 7522 7523 7429 7524 
2228 1336 1191 1192 1337 7523 7525 7526 7433 7527 
2229 1337 1192 1193 1338 7526 7528 7529 7437 7530 
2230 1338 1193 1194 1339 7529 7531 7532 7441 7533 
2231 1339 1194 1195 1340 7532 7534 7535 7445 7536 
2232 1340 1195 1196 1341 7535 7537 7538 7449 7539 
2233 1341 1196 1197 1342 7538 7540 4988 7453 7541 
2234 80 81 473 444 167 7542 7543 6481 7544 
2235 444 473 474 445 7543 7545 7546 6485 7547 
2236 445 474 475 446 7546 7548 7549 6489 7550 
2237 446 475 476 447 7549 7551 7552 6493 7553 
2238 447 476 477 448 7552 7554 7555 6497 7556 
2239 448 477 478 449 7555 7557 7558 6501 7559 
2240 449 478 479 450 7558 7560 7561 6505 7562 
2241 450 479 480 451 7561 7563 7564 6509 7565 
2242 451 480 481 452 7564 7566 7567 6513 7568 
2243 452 481 482 453 7567 7569 7570 6517 7571 
2244 453 482 483 454 7570 7572 7573 6521 7574 
2245 454 483 484 455 7573 7575 7576 6525 7577 
2246 455 484 485 456 7576 7578 7579 6529 7580 
2247 456 485 486 457 7579 7581 7582 6533 7583 
2248 457 486 487 458 7582 7584 7585 6537 7586 
2249 458 487 488 459 7585 7587 7588 6541 7589 
2250 459 488 489 460 7588 7590 7591 6545 7592 
2251 460 489 490 461 7591 7593 7594 6549 7595 
2252 461 490 491 462 7594 7596 7597 6553 7598 
2253 462 491 492 463 7597 7599 7600 6557 7601 
2254 463 492 493 464 7600 7602 7603 6561 7604 
2255 464 493 494 465 7603 7605 7606 6565 7607 
2256 465 494 495 466 7606 7608 7609 6569 7610 
2257 466 495 496 467 7609 7611 7612 6573 7613 
2258 467 496 497 468 7612 7614 7615 6577 7616 
2259 468 497 498 469 7615 7617 7618 6581 7619 
2260 469 498 499 470 7618 7620 7621 6585 7622 
2261 470 499 500 471 7621 7623 7624 6589 7625 
2262 471 500 501 472 7624 7626 4838 6593 7627 
2263 81 82 502 473 168 7628 7629 7542 7630 
2264 473 502 503 474 7629 7631 7632 7545 7633 
2265 474 503 504 475 7632 7634 7635 7548 7636 
2266 475 504 505 476 7635 7637 7638 7551 7639 
2267 476 505 506 477 7638 7640 7641 7554 7642 
2268 477 506 507 478 7641 7643 7644 7557 7645 
2269 478 507 508 479 7644 7646 7647 7560 7648 
2270 479 508 509 480 7647 7649 7650 7563 7651 
2271 480 509 510 481 7650 7652 7653 7566 7654 
2272 481 510 511 482 7653 7655 7656 7569 7657 
2273 482 511 512 483 7656 7658 7659 7572 7660 
2274 483 512 513 484 7659 7661 7662 7575 7663 
2275 484 513 514 485 7662 7664 7665 7578 7666 
2276 485 514 515 486 7665 7667 7668 7581 7669 
2277 486 515 516 487 7668 7670 7671 7584 7672 
2278 487 516 517 488 7671 7673 7674 7587 7675 
2279 488 517 518 489 7674 7676 7677 7590 7678 
2280 489 518 519 490 7677 7679 7680 7593 7681 
2281 490 519 520 491 7680 7682 7683 7596 7684 
2282 491 520 521 492 7683 7685 7686 7599 7687 
2283 492 521 522 493 7686 7688 7689 7602 7690 
2284 493 522 523 494 7689 7691 7692 7605 7693 
2285 494 523 524 495 7692 7694 7695 7608 7696 
2286 495 524 525 496 7695 7697 7698 7611 7699 
2287 496 525 526 497 7698 7700 7701 7614 7702 
2288 497 526 527 498 7701 7703 7704 7617 7705 
2289 498 527 528 499 7704 7706 7707 7620 7708 
2290 499 528 529 500 7707 7709 7710 7623 7711 
2291 500 529 530 501 7710 7712 4691 7626 7713 
2292 82 83 531 502 169 7714 7715 7628 7716 
2293 502 531 532 503 7715 7717 7718 7631 7719 
2294 503 532 533 504 7718 7720 7721 7634 7722 
2295 504 533 534 505 7721 7723 7724 7637 7725 
2296 505 534 535 506 7724 7726 7727 7640 7728 
2297 506 535 536 507 7727 7729 7730 7643 7731 
2298 507 536 537 508 7730 7732 7733 7646 7734 
2299 508 537 538 509 7733 7735 7736 7649 7737 
2300 509 538 539 510 7736 7738 7739 7652 7740 
2301 510 539 540 511 7739 7741 7742 7655 7743 
2302 511 540 541 512 7742 7744 7745 7658 7746 
2303 512 541 542 513 7745 7747 7748 7661 7749 
2304 513 542 543 514 7748 7750 7751 7664 7752 
2305 514 543 544 515 7751 7753 7754 7667 7755 
2306 515 544 545 516 7754 7756 7757 7670 7758 
2307 516 545 546 517 7757 7759 7760 7673 7761 
2308 517 546 547 518 7760 7762 7763 7676 7764 
2309 518 547 548 519 7763 7765 7766 7679 7767 
2310 519 548 549 520 7766 7768 7769 7682 7770 
2311 520 549 550 521 7769 7771 7772 7685 7773 
2312 521 550 551 522 7772 7774 7775 7688 7776 
2313 522 551 552 523 7775 7777 7778 7691 7779 
2314 523 552 553 524 7778 7780 7781 7694 7782 
2315 524 553 554 525 7781 7783 7784 7697 7785 
2316 525 554 555 526 7784 7786 7787 7700 7788 
2317 526 555 556 527 7787 7789 7790 7703 7791 
2318 527 556 557 528 7790 7792 7793 7706 7794 
2319 528 557 558 529 7793 7795 7796 7709 7797 
2320 529 558 559 530 7796 7798 4836 7712 7799 
2321 83 84 734 531 170 7800 7801 7714 7802 
2322 531 734 735 532 7801 7803 7804 7717 7805 
2323 532 735 736 533 7804 7806 7807 7720 7808 
2324 533 736 737 534 7807 7809 7810 7723 7811 
2325 534 737 738 535 7810 7812 7813 7726 7814 
2326 535 738 739 536 7813 7815 7816 7729 7817 
2327 536 739 740 537 7816 7818 7819 7732 7820 
2328 537 740 741 538 7819 7821 7822 7735 7823 
2329 538 741 742 539 7822 7824 7825 7738 7826 
2330 539 742 743 540 7825 7827 7828 7741 7829 
2331 540 743 744 541 7828 7830 7831 7744 7832 
2332 541 744 745 542 7831 7833 7834 7747 7835 
2333 542 745 746 543 7834 7836 7837 7750 7838 
2334 543 746 747 544 7837 7839 7840 7753 7841 
2335 544 747 748 545 7840 7842 7843 7756 7844 
2336 545 748 749 546 7843 7845 7846 7759 7847 
2337 546 749 750 547 7846 7848 7849 7762 7850 
2338 547 750 751 548 7849 7851 7852 7765 7853 
2339 548 751 752 549 7852 7854 7855 7768 7856 
2340 549 752 753 550 7855 7857 7858 7771 7859 
2341 550 753 754 551 7858 7860 7861 7774 7862 
2342 551 754 755 552 7861 7863 7864 7777 7865 
2343 552 755 756 553 7864 7866 7867 7780 7868 
2344 553 756 757 554 7867 7869 7870 7783 7871 
2345 554 757 758 555 7870 7872 7873 7786 7874 
2346 555 758 759 556 7873 7875 7876 7789 7877 
2347 556 759 760 557 7876 7878 7879 7792 7880 
2348 557 760 761 558 7879 7881 7882 7795 7883 
2349 558 761 762 559 7882 7884 4689 7798 7885 
2350 84 85 763 734 171 7886 7887 7800 7888 
2351 734 763 764 735 7887 7889 7890 7803 7891 
2352 735 764 765 736 7890 7892 7893 7806 7894 
2353 736 765 766 737 7893 7895 7896 7809 7897 
2354 737 766 767 738 7896 7898 7899 7812 7900 
2355 738 767 768 739 7899 7901 7902 7815 7903 
2356 739 768 769 740 7902 7904 7905 7818 7906 
2357 740 769 770 741 7905 7907 7908 7821 7909 
2358 741 770 771 742 7908 7910 7911 7824 7912 
2359 742 771 772 743 7911 7913 7914 7827 7915 
2360 743 772 773 744 7914 7916 7917 7830 7918 
2361 744 773 774 745 7917 7919 7920 7833 7921 
2362 745 774 775 746 7920 7922 7923 7836 7924 
2363 746 775 776 747 7923 7925 7926 7839 7927 
2364 747 776 777 748 7926 7928 7929 7842 7930 
2365 748 777 778 749 7929 7931 7932 7845 7933 
2366 749 778 779 750 7932 7934 7935 7848 7936 
2367 750 779 780 751 7935 7937 7938 7851 7939 
2368 751 780 781 752 7938 7940 7941 7854 7942 
2369 752 781 782 753 7941 7943 7944 7857 7945 
2370 753 782 783 754 7944 7946 7947 7860 7948 
2371 754 783 784 755 7947 7949 7950 7863 7951 
2372 755 784 785 756 7950 7952 7953 7866 7954 
2373 756 785 786 757 7953 7955 7956 7869 7957 
2374 757 786 787 758 7956 7958 7959 7872 7960 
2375 758 787 788 759 7959 7961 7962 7875 7963 
2376 759 788 789 760 7962 7964 7965 7878 7966 
2377 760 789 790 761 7965 7967 7968 7881 7969 
2378 761 790 791 762 7968 7970 4814 7884 7971 
2379 85 86 792 763 172 7972 7973 7886 7974 
2380 763 792 793 764 7973 7975 7976 7889 7977 
2381 764 793 794 765 7976 7978 7979 7892 7980 
2382 765 794 795 766 7979 7981 7982 7895 7983 
2383 766 795 796 767 7982 7984 7985 7898 7986 
2384 767 796 797 768 7985 7987 7988 7901 7989 
2385 768 797 798 769 7988 7990 7991 7904 7992 
2386 769 798 799 770 7991 7993 7994 7907 7995 
2387 770 799 800 771 7994 7996 7997 7910 7998 
2388 771 800 801 772 7997 7999 8000 7913 8001 
2389 772 801 802 773 8000 8002 8003 7916 8004 
2390 773 802 803 774 8003 8005 8006 7919 8007 
2391 774 803 804 775 8006 8008 8009 7922 8010 
2392 775 804 805 776 8009 8011 8012 7925 8013 
2393 776 805 806 777 8012 8014 8015 7928 8016 
2394 777 806 807 778 8015 8017 8018 7931 8019 
2395 778 807 808 779 8018 8020 8021 7934 8022 
2396 779 808 809 780 8021 8023 8024 7937 8025 
2397 780 809 810 781 8024 8026 8027 7940 8028 
2398 781 810 811 782 8027 8029 8030 7943 8031 
2399 782 811 812 783 8030 8032 8033 7946 8034 
2400 783 812 813 784 8033 8035 8036 7949 8037 
2401 784 813 814 785 8036 8038 8039 7952 8040 
2402 785 814 815 786 8039 8041 8042 7955 8043 
2403 786 815 816 787 8042 8044 8045 7958 8046 
2404 787 816 817 788 8045 8047 8048 7961 8049 
2405 788 817 818 789 8048 8050 8051 7964 8052 
2406 789 818 819 790 8051 8053 8054 7967 8055 
2407 790 819 820 791 8054 8056 4671 7970 8057 
2408 86 87 821 792 173 8058 8059 7972 8060 
2409 792 821 822 793 8059 8061 8062 7975 8063 
2410 793 822 823 794 8062 8064 8065 7978 8066 
2411 794 823 824 795 8065 8067 8068 7981 8069 
2412 795 824 825 796 8068 8070 8071 7984 8072 
2413 796 825 826 797 8071 8073 8074 7987 8075 
2414 797 826 827 798 8074 8076 8077 7990 8078 
2415 798 827 828 799 8077 8079 8080 7993 8081 
2416 799 828 829 800 8080 8082 8083 7996 8084 
2417 800 829 830 801 8083 8085 8086 7999 8087 
2418 801 830 831 802 8086 8088 8089 8002 8090 
2419 802 831 832 803 8089 8091 8092 8005 8093 
2420 803 832 833 804 8092 8094 8095 8008 8096 
2421 804 833 834 805 8095 8097 8098 8011 8099 
2422 805 834 835 806 8098 8100 8101 8014 8102 
2423 806 835 836 807 8101 8103 8104 8017 8105 
2424 807 836 837 808 8104 8106 8107 8020 8108 
2425 808 837 838 809 8107 8109 8110 8023 8111 
2426 809 838 839 810 8110 8112 8113 8026 8114 
2427 810 839 840 811 8113 8115 8116 8029 8117 
2428 811 840 841 812 8116 8118 8119 8032 8120 
2429 812 841 842 813 8119 8121 8122 8035 8123 
2430 813 842 843 814 8122 8124 8125 8038 8126 
2431 814 843 844 815 8125 8127 8128 8041 8129 
2432 815 844 845 816 8128 8130 8131 8044 8132 
2433 816 845 846 817 8131 8133 8134 8047 8135 
2434 817 846 847 818 8134 8136 8137 8050 8138 
2435 818 847 848 819 8137 8139 8140 8053 8141 
2436 819 848 849 820 8140 8142 4900 8056 8143 
2437 87 88 850 821 174 8144 8145 8058 8146 
2438 821 850 851 822 8145 8147 8148 8061 8149 
2439 822 851 852 823 8148 8150 8151 8064 8152 
2440 823 852 853 824 8151 8153 8154 8067 8155 
2441 824 853 854 825 8154 8156 8157 8070 8158 
2442 825 854 855 826 8157 8159 8160 8073 8161 
2443 826 855 856 827 8160 8162 8163 8076 8164 
2444 827 856 857 828 8163 8165 8166 8079 8167 
2445 828 857 858 829 8166 8168 8169 8082 8170 
2446 829 858 859 830 8169 8171 8172 8085 8173 
2447 830 859 860 831 8172 8174 8175 8088 8176 
2448 831 860 861 832 8175 8177 8178 8091 8179 
2449 832 861 862 833 8178 8180 8181 8094 8182 
2450 833 862 863 834 8181 8183 8184 8097 8185 
2451 834 863 864 835 8184 8186 8187 8100 8188 
2452 835 864 865 836 8187 8189 8190 8103 8191 
2453 836 865 866 837 8190 8192 8193 8106 8194 
2454 837 866 867 838 8193 8195 8196 8109 8197 
2455 838 867 868 839 8196 8198 8199 8112 8200 
2456 839 868 869 840 8199 8201 8202 8115 8203 
2457 840 869 870 841 8202 8204 8205 8118 8206 
2458 841 870 871 842 8205 8207 8208 8121 8209 
2459 842 871 872 843 8208 8210 8211 8124 8212 
2460 843 872 873 844 8211 8213 8214 8127 8215 
2461 844 873 874 845 8214 8216 8217 8130 8218 
2462 845 874 875 846 8217 8219 8220 8133 8221 
2463 846 875 876 847 8220 8222 8223 8136 8224 
2464 847 876 877 848 8223 8225 8226 8139 8227 
2465 848 877 878 849 8226 8228 4912 8142 8229 
2466 88 89 879 850 175 8230 8231 8144 8232 
2467 850 879 880 851 8231 8233 8234 8147 8235 
2468 851 880 881 852 8234 8236 8237 8150 8238 
2469 852 881 882 853 8237 8239 8240 8153 8241 
2470 853 882 883 854 8240 8242 8243 8156 8244 
2471 854 883 884 855 8243 8245 8246 8159 8247 
2472 855 884 885 856 8246 8248 8249 8162 8250 
2473 856 885 886 857 8249 8251 8252 8165 8253 
2474 857 886 887 858 8252 8254 8255 8168 8256 
2475 858 887 888 859 8255 8257 8258 8171 8259 
2476 859 888 889 860 8258 8260 8261 8174 8262 
2477 860 889 890 861 8261 8263 8264 8177 8265 
2478 861 890 891 862 8264 8266 8267 8180 8268 
2479 862 891 892 863 8267 8269 8270 8183 8271 
2480 863 892 893 864 8270 8272 8273 8186 8274 
2481 864 893 894 865 8273 8275 8276 8189 8277 
2482 865 894 895 866 8276 8278 8279 8192 8280 
2483 866 895 896 867 8279 8281 8282 8195 8283 
2484 867 896 897 868 8282 8284 8285 8198 8286 
2485 868 897 898 869 8285 8287 8288 8201 8289 
2486 869 898 899 870 8288 8290 8291 8204 8292 
2487 870 899 900 871 8291 8293 8294 8207 8295 
2488 871 900 901 872 8294 8296 8297 8210 8298 
2489 872 901 902 873 8297 8299 8300 8213 8301 
2490 873 902 903 874 8300 8302 8303 8216 8304 
2491 874 903 904 875 8303 8305 8306 8219 8307 
2492 875 904 905 876 8306 8308 8309 8222 8310 
2493 876 905 906 877 8309 8311 8312 8225 8313 
2494 877 906 907 878 8312 8314 4931 8228 8315 
2495 89 90 647 879 176 8316 8317 8230 8318 
2496 879 647 648 880 8317 8319 8320 8233 8321 
2497 880 648 649 881 8320 8322 8323 8236 8324 
2498 881 649 650 882 8323 8325 8326 8239 8327 
2499 882 650 651 883 8326 8328 8329 8242 8330 
2500 883 651 652 884 8329 8331 8332 8245 8333 
2501 884 652 653 885 8332 8334 8335 8248 8336 
2502 885 653 654 886 8335 8337 8338 8251 8339 
2503 886 654 655 887 8338 8340 8341 8254 8342 
2504 887 655 656 888 8341 8343 8344 8257 8345 
2505 888 656 657 889 8344 8346 8347 8260 8348 
2506 889 657 658 890 8347 8349 8350 8263 8351 
2507 890 658 659 891 8350 8352 8353 8266 8354 
2508 891 659 660 892 8353 8355 8356 8269 8357 
2509 892 660 661 893 8356 8358 8359 8272 8360 
2510 893 661 662 894 8359 8361 8362 8275 8363 
2511 894 662 663 895 8362 8364 8365 8278 8366 
2512 895 663 664 896 8365 8367 8368 8281 8369 
2513 896 664 665 897 8368 8370 8371 8284 8372 
2514 897 665 666 898 8371 8373 8374 8287 8375 
2515 898 666 667 899 8374 8376 8377 8290 8378 
2516 899 667 668 900 8377 8379 8380 8293 8381 
2517 900 668 669 901 8380 8382 8383 8296 8384 
2518 901 669 670 902 8383 8385 8386 8299 8387 
2519 902 670 671 903 8386 8388 8389 8302 8390 
2520 903 671 672 904 8389 8391 8392 8305 8393 
2521 904 672 673 905 8392 8394 8395 8308 8396 
2522 905 673 674 906 8395 8397 8398 8311 8399 
2523 906 674 675 907 8398 8400 4944 8314 8401 
2524 90 91 676 647 177 8402 8403 8316 8404 
2525 647 676 677 648 8403 8405 8406 8319 8407 
2526 648 677 678 649 8406 8408 8409 8322 8410 
2527 649 678 679 650 8409 8411 8412 8325 8413 
2528 650 679 680 651 8412 8414 8415 8328 8416 
2529 651 680 681 652 8415 8417 8418 8331 8419 
2530 652 681 682 653 8418 8420 8421 8334 8422 
2531 653 682 683 654 8421 8423 8424 8337 8425 
2532 654 683 684 655 8424 8426 8427 8340 8428 
2533 655 684 685 656 8427 8429 8430 8343 8431 
2534 656 685 686 657 8430 8432 8433 8346 8434 
2535 657 686 687 658 8433 8435 8436 8349 8437 
2536 658 687 688 659 8436 8438 8439 8352 8440 
2537 659 688 689 660 8439 8441 8442 8355 8443 
2538 660 689 690 661 8442 8444 8445 8358 8446 
2539 661 690 691 662 8445 8447 8448 8361 8449 
2540 662 691 692 663 8448 8450 8451 8364 8452 
2541 663 692 693 664 8451 8453 8454 8367 8455 
2542 664 693 694 665 8454 8456 8457 8370 8458 
2543 665 694 695 666 8457 8459 8460 8373 8461 
2544 666 695 696 667 8460 8462 8463 8376 8464 
2545 667 696 697 668 8463 8465 8466 8379 8467 
2546 668 697 698 669 8466 8468 8469 8382 8470 
2547 669 698 699 670 8469 8471 8472 8385 8473 
2548 670 699 700 671 8472 8474 8475 8388 8476 
2549 671 700 701 672 8475 8477 8478 8391 8479 
2550 672 701 702 673 8478 8480 8481 8394 8482 
2551 673 702 703 674 8481 8483 8484 8397 8485 
2552 674 703 704 675 8484 8486 4964 8400 8487 
2553 91 92 705 676 178 8488 8489 8402 8490 
2554 676 705 706 677 8489 8491 8492 8405 8493 
2555 677 706 707 678 8492 8494 8495 8408 8496 
2556 678 707 708 679 8495 8497 8498 8411 8499 
2557 679 708 709 680 8498 8500 8501 8414 8502 
2558 680 709 710 681 8501 8503 8504 8417 8505 
2559 681 710 711 682 8504 8506 8507 8420 8508 
2560 682 711 712 683 8507 8509 8510 8423 8511 
2561 683 712 713 684 8510 8512 8513 8426 8514 
2562 684 713 714 685 8513 8515 8516 8429 8517 
2563 685 714 715 686 8516 8518 8519 8432 8520 
2564 686 715 716 687 8519 8521 8522 8435 8523 
2565 687 716 717 688 8522 8524 8525 8438 8526 
2566 688 717 718 689 8525 8527 8528 8441 8529 
2567 689 718 719 690 8528 8530 8531 8444 8532 
2568 690 719 720 691 8531 8533 8534 8447 8535 
2569 691 720 721 692 8534 8536 8537 8450 8538 
2570 692 721 722 693 8537 8539 8540 8453 8541 
2571 693 722 723 694 8540 8542 8543 8456 8544 
2572 694 723 724 695 8543 8545 8546 8459 8547 
2573 695 724 725 696 8546 8548 8549 8462 8550 
2574 696 725 726 697 8549 8551 8552 8465 8553 
2575 697 726 727 698 8552 8554 8555 8468 8556 
2576 698 727 728 699 8555 8557 8558 8471 8559 
2577 699 728 729 700 8558 8560 8561 8474 8562 
2578 700 729 730 701 8561 8563 8564 8477 8565 
2579 701 730 731 702 8564 8566 8567 8480 8568 
2580 702 731 732 703 8567 8569 8570 8483 8571 
2581 703 732 733 704 8570 8572 4967 8486 8573 
2582 92 93 995 705 179 8574 8575 8488 8576 
2583 705 995 996 706 8575 8577 8578 8491 8579 
2584 706 996 997 707 8578 8580 8581 8494 8582 
2585 707 997 998 708 8581 8583 8584 8497 8585 
2586 708 998 999 709 8584 8586 8587 8500 8588 
2587 709 999 1000 710 8587 8589 8590 8503 8591 
2588 710 1000 1001 711 8590 8592 8593 8506 8594 
2589 711 1001 1002 712 8593 8595 8596 8509 8597 
2590 712 1002 1003 713 8596 8598 8599 8512 8600 
2591 713 1003 1004 714 8599 8601 8602 8515 8603 
2592 714 1004 1005 715 8602 8604 8605 8518 8606 
2593 715 1005 1006 716 8605 8607 8608 8521 8609 
2594 716 1006 1007 717 8608 8610 8611 8524 8612 
2595 717 1007 1008 718 8611 8613 8614 8527 8615 
2596 718 1008 1009 719 8614 8616 8617 8530 8618 
2597 719 1009 1010 720 8617 8619 8620 8533 8621 
2598 720 1010 1011 721 8620 8622 8623 8536 8624 
2599 721 1011 1012 722 8623 8625 8626 8539 8627 
2600 722 1012 1013 723 8626 8628 8629 8542 8630 
2601 723 1013 1014 724 8629 8631 8632 8545 8633 
2602 724 1014 1015 725 8632 8634 8635 8548 8636 
2603 725 1015 1016 726 8635 8637 8638 8551 8639 
2604 726 1016 1017 727 8638 8640 8641 8554 8642 
2605 727 1017 1018 728 8641 8643 8644 8557 8645 
2606 728 1018 1019 729 8644 8646 8647 8560 8648 
2607 729 1019 1020 730 8647 8649 8650 8563 8651 
2608 730 1020 1021 731 8650 8652 8653 8566 8654 
2609 731 1021 1022 732 8653 8655 8656 8569 8657 
2610 732 1022 1023 733 8656 8658 4970 8572 8659 
2611 93 94 1024 995 180 8660 8661 8574 8662 
2612 995 1024 1025 996 8661 8663 8664 8577 8665 
2613 996 1025 1026 997 8664 8666 8667 8580 8668 
2614 997 1026 1027 998 8667 8669 8670 8583 8671 
2615 998 1027 1028 999 8670 8672 8673 8586 8674 
2616 999 1028 1029 1000 8673 8675 8676 8589 8677 
2617 1000 1029 1030 1001 8676 8678 8679 8592 8680 
2618 1001 1030 1031 1002 8679 8681 8682 8595 8683 
2619 1002 1031 1032 1003 8682 8684 8685 8598 8686 
2620 1003 1032 1033 1004 8685 8687 8688 8601 8689 
2621 1004 1033 1034 1005 8688 8690 8691 8604 8692 
2622 1005 1034 1035 1006 8691 8693 8694 8607 8695 
2623 1006 1035 1036 1007 8694 8696 8697 8610 8698 
2624 1007 1036 1037 1008 8697 8699 8700 8613 8701 
2625 1008 1037 1038 1009 8700 8702 8703 8616 8704 
2626 1009 1038 1039 1010 8703 8705 8706 8619 8707 
2627 1010 1039 1040 1011 8706 8708 8709 8622 8710 
2628 1011 1040 1041 1012 8709 8711 8712 8625 8713 
2629 1012 1041 1042 1013 8712 8714 8715 8628 8716 
2630 1013 1042 1043 1014 8715 8717 8718 8631 8719 
2631 1014 1043 1044 1015 8718 8720 8721 8634 8722 
2632 1015 1044 1045 1016 8721 8723 8724 8637 8725 
2633 1016 1045 1046 1017 8724 8726 8727 8640 8728 
2634 1017 1046 1047 1018 8727 8729 8730 8643 8731 
2635 1018 1047 1048 1019 8730 8732 8733 8646 8734 
2636 1019 1048 1049 1020 8733 8735 8736 8649 8737 
2637 1020 1049 1050 1021 8736 8738 8739 8652 8740 
2638 1021 1050 1051 1022 8739 8741 8742 8655 8743 
2639 1022 1051 1052 1023 8742 8744 5128 8658 8745 
2640 94 95 1053 1024 181 8746 8747 8660 8748 
2641 1024 1053 1054 1025 8747 8749 8750 8663 8751 
2642 1025 1054 1055 1026 8750 8752 8753 8666 8754 
2643 1026 1055 1056 1027 8753 8755 8756 8669 8757 
2644 1027 1056 1057 1028 8756 8758 8759 8672 8760 
2645 1028 1057 1058 1029 8759 8761 8762 8675 8763 
2646 1029 1058 1059 1030 8762 8764 8765 8678 8766 
2647 1030 1059 1060 1031 8765 8767 8768 8681 8769 
2648 1031 1060 1061 1032 8768 8770 8771 8684 8772 
2649 1032 1061 1062 1033 8771 8773 8774 8687 8775 
2650 1033 1062 1063 1034 8774 8776 8777 8690 8778 
2651 1034 1063 1064 1035 8777 8779 8780 8693 8781 
2652 1035 1064 1065 1036 8780 8782 8783 8696 8784 
2653 1036 1065 1066 1037 8783 8785 8786 8699 8787 
2654 1037 1066 1067 1038 8786 8788 8789 8702 8790 
2655 1038 1067 1068 1039 8789 8791 8792 8705 8793 
2656 1039 1068 1069 1040 8792 8794 8795 8708 8796 
2657 1040 1069 1070 1041 8795 8797 8798 8711 8799 
2658 1041 1070 1071 1042 8798 8800 8801 8714 8802 
2659 1042 1071 1072 1043 8801 8803 8804 8717 8805 
2660 1043 1072 1073 1044 8804 8806 8807 8720 8808 
2661 1044 1073 1074 1045 8807 8809 8810 8723 8811 
2662 1045 1074 1075 1046 8810 8812 8813 8726 8814 
2663 1046 1075 1076 1047 8813 8815 8816 8729 8817 
2664 1047 1076 1077 1048 8816 8818 8819 8732 8820 
2665 1048 1077 1078 1049 8819 8821 8822 8735 8823 
2666 1049 1078 1079 1050 8822 8824 8825 8738 8826 
2667 1050 1079 1080 1051 8825 8827 8828 8741 8829 
2668 1051 1080 1081 1052 8828 8830 4976 8744 8831 
2669 95 96 1256 1053 182 8832 8833 8746 8834 
2670 1053 1256 1257 1054 8833 8835 8836 8749 8837 
2671 1054 1257 1258 1055 8836 8838 8839 8752 8840 
2672 1055 1258 1259 1056 8839 8841 8842 8755 8843 
2673 1056 1259 1260 1057 8842 8844 8845 8758 8846 
2674 1057 1260 1261 1058 8845 8847 8848 8761 8849 
2675 1058 1261 1262 1059 8848 8850 8851 8764 8852 
2676 1059 1262 1263 1060 8851 8853 8854 8767 8855 
2677 1060 1263 1264 1061 8854 8856 8857 8770 8858 
2678 1061 1264 1265 1062 8857 8859 8860 8773 8861 
2679 1062 1265 1266 1063 8860 8862 8863 8776 8864 
2680 1063 1266 1267 1064 8863 8865 8866 8779 8867 
2681 1064 1267 1268 1065 8866 8868 8869 8782 8870 
2682 1065 1268 1269 1066 8869 8871 8872 8785 8873 
2683 1066 1269 1270 1067 8872 8874 8875 8788 8876 
2684 1067 1270 1271 1068 8875 8877 8878 8791 8879 
2685 1068 1271 1272 1069 8878 8880 8881 8794 8882 
2686 1069 1272 1273 1070 8881 8883 8884 8797 8885 
2687 1070 1273 1274 1071 8884 8886 8887 8800 8888 
2688 1071 1274 1275 1072 8887 8889 8890 8803 8891 
2689 1072 1275 1276 1073 8890 8892 8893 8806 8894 
2690 1073 1276 1277 1074 8893 8895 8896 8809 8897 
2691 1074 1277 1278 1075 8896 8898 8899 8812 8900 
2692 1075 1278 1279 1076 8899 8901 8902 8815 8903 
2693 1076 1279 1280 1077 8902 8904 8905 8818 8906 
2694 1077 1280 1281 1078 8905 8907 8908 8821 8909 
2695 1078 1281 1282 1079 8908 8910 8911 8824 8912 
2696 1079 1282 1283 1080 8911 8913 8914 8827 8915 
2697 1080 1283 1284 1081 8914 8916 4979 8830 8917 
2698 96 97 1285 1256 183 7343 8918 8832 8919 
2699 1256 1285 1286 1257 8918 7347 8920 8835 8921 
2700 1257 1286 1287 1258 8920 7351 8922 8838 8923 
2701 1258 1287 1288 1259 8922 7355 8924 8841 8925 
2702 1259 1288 1289 1260 8924 7359 8926 8844 8927 
2703 1260 1289 1290 1261 8926 7363 8928 8847 8929 
2704 1261 1290 1291 1262 8928 7367 8930 8850 8931 
2705 1262 1291 1292 1263 8930 7371 8932 8853 8933 
2706 1263 1292 1293 1264 8932 7375 8934 8856 8935 
2707 1264 1293 1294 1265 8934 7379 8936 8859 8937 
2708 1265 1294 1295 1266 8936 7383 8938 8862 8939 
2709 1266 1295 1296 1267 8938 7387 8940 8865 8941 
2710 1267 1296 1297 1268 8940 7391 8942 8868 8943 
2711 1268 1297 1298 1269 8942 7395 8944 8871 8945 
2712 1269 1298 1299 1270 8944 7399 8946 8874 8947 
2713 1270 1299 1300 1271 8946 7403 8948 8877 8949 
2714 1271 1300 1301 1272 8948 7407 8950 8880 8951 
2715 1272 1301 1302 1273 8950 7411 8952 8883 8953 
2716 1273 1302 1303 1274 8952 7415 8954 8886 8955 
2717 1274 1303 1304 1275 8954 7419 8956 8889 8957 
2718 1275 1304 1305 1276 8956 7423 8958 8892 8959 
2719 1276 1305 1306 1277 8958 7427 8960 8895 8961 
2720 1277 1306 1307 1278 8960 7431 8962 8898 8963 
2721 1278 1307 1308 1279 8962 7435 8964 8901 8965 
2722 1279 1308 1309 1280 8964 7439 8966 8904 8967 
2723 1280 1309 1310 1281 8966 7443 8968 8907 8969 
2724 1281 1310 1311 1282 8968 7447 8970 8910 8971 
2725 1282 1311 1312 1283 8970 7451 8972 8913 8973 
2726 1283 1312 1313 1284 8972 7454 4982 8916 8974 
2727 132 133 2242 2213 219 8975 8976 8977 8978 
2728 2213 2242 2243 2214 8976 8979 8980 8981 8982 
2729 2214 2243 2244 2215 8980 8983 8984 8985 8986 
2730 2215 2244 2245 2216 8984 8987 8988 8989 8990 
2731 2216 2245 2246 2217 8988 8991 8992 8993 8994 
2732 2217 2246 2247 2218 8992 8995 8996 8997 8998 
2733 2218 2247 2248 2219 8996 8999 9000 9001 9002 
2734 2219 2248 2249 2220 9000 9003 9004 9005 9006 
2735 2220 2249 2250 2221 9004 9007 9008 9009 9010 
2736 2221 2250 2251 2222 9008 9011 9012 9013 9014 
2737 2222 2251 2252 2223 9012 9015 9016 9017 9018 
2738 2223 2252 2253 2224 9016 9019 9020 9021 9022 
2739 2224 2253 2254 2225 9020 9023 9024 9025 9026 
2740 2225 2254 2255 2226 9024 9027 9028 9029 9030 
2741 2226 2255 2256 2227 9028 9031 9032 9033 9034 
2742 2227 2256 2257 2228 9032 9035 9036 9037 9038 
2743 2228 2257 2258 2229 9036 9039 9040 9041 9042 
2744 2229 2258 2259 2230 9040 9043 9044 9045 9046 
2745 2230 2259 2260 2231 9044 9047 9048 9049 9050 
2746 2231 2260 2261 2232 9048 9051 9052 9053 9054 
2747 2232 2261 2262 2233 9052 9055 9056 9057 9058 
2748 2233 2262 2263 2234 9056 9059 9060 9061 9062 
2749 2234 2263 2264 2235 9060 9063 9064 9065 9066 
2750 2235 2264 2265 2236 9064 9067 9068 9069 9070 
2751 2236 2265 2266 2237 9068 9071 9072 9073 9074 
2752 2237 2266 2267 2238 9072 9075 9076 9077 9078 
2753 2238 2267 2268 2239 9076 9079 9080 9081 9082 
2754 2239 2268 2269 2240 9080 9083 9084 9085 9086 
2755 2240 2269 2270 2241 9084 9087 4614 9088 9089 
2756 133 134 2271 2242 220 9090 9091 8975 9092 
2757 2242 2271 2272 2243 9091 9093 9094 8979 9095 
2758 2243 2272 2273 2244 9094 9096 9097 8983 9098 
2759 2244 2273 2274 2245 9097 9099 9100 8987 9101 
2760 2245 2274 2275 2246 9100 9102 9103 8991 9104 
2761 2246 2275 2276 2247 9103 9105 9106 8995 9107 
2762 2247 2276 2277 2248 9106 9108 9109 8999 9110 
2763 2248 2277 2278 2249 9109 9111 9112 9003 9113 
2764 2249 2278 2279 2250 9112 9114 9115 9007 9116 
2765 2250 2279 2280 2251 9115 9117 9118 9011 9119 
2766 2251 2280 2281 2252 9118 9120 9121 9015 9122 
2767 2252 2281 2282 2253 9121 9123 9124 9019 9125 
2768 2253 2282 2283 2254 9124 9126 9127 9023 9128 
2769 2254 2283 2284 2255 9127 9129 9130 9027 9131 
2770 2255 2284 2285 2256 9130 9132 9133 9031 9134 
2771 2256 2285 2286 2257 9133 9135 9136 9035 9137 
2772 2257 2286 2287 2258 9136 9138 9139 9039 9140 
2773 2258 2287 2288 2259 9139 9141 9142 9043 9143 
2774 2259 2288 2289 2260 9142 9144 9145 9047 9146 
2775 2260 2289 2290 2261 9145 9147 9148 9051 9149 
2776 2261 2290 2291 2262 9148 9150 9151 9055 9152 
2777 2262 2291 2292 2263 9151 9153 9154 9059 9155 
2778 2263 2292 2293 2264 9154 9156 9157 9063 9158 
2779 2264 2293 2294 2265 9157 9159 9160 9067 9161 
2780 2265 2294 2295 2266 9160 9162 9163 9071 9164 
2781 2266 2295 2296 2267 9163 9165 9166 9075 9167 
2782 2267 2296 2297 2268 9166 9168 9169 9079 9170 
2783 2268 2297 2298 2269 9169 9171 9172 9083 9173 
2784 2269 2298 2299 2270 9172 9174 4696 9087 9175 
2785 134 135 2764 2271 221 9176 9177 9090 9178 
2786 2271 2764 2765 2272 9177 9179 9180 9093 9181 
2787 2272 2765 2766 2273 9180 9182 9183 9096 9184 
2788 2273 2766 2767 2274 9183 9185 9186 9099 9187 
2789 2274 2767 2768 2275 9186 9188 9189 9102 9190 
2790 2275 2768 2769 2276 9189 9191 9192 9105 9193 
2791 2276 2769 2770 2277 9192 9194 9195 9108 9196 
2792 2277 2770 2771 2278 9195 9197 9198 9111 9199 
2793 2278 2771 2772 2279 9198 9200 9201 9114 9202 
2794 2279 2772 2773 2280 9201 9203 9204 9117 9205 
2795 2280 2773 2774 2281 9204 9206 9207 9120 9208 
2796 2281 2774 2775 2282 9207 9209 9210 9123 9211 
2797 2282 2775 2776 2283 9210 9212 9213 9126 9214 
2798 2283 2776 2777 2284 9213 9215 9216 9129 9217 
2799 2284 2777 2778 2285 9216 9218 9219 9132 9220 
2800 2285 2778 2779 2286 9219 9221 9222 9135 9223 
2801 2286 2779 2780 2287 9222 9224 9225 9138 9226 
2802 2287 2780 2781 2288 9225 9227 9228 9141 9229 
2803 2288 2781 2782 2289 9228 9230 9231 9144 9232 
2804 2289 2782 2783 2290 9231 9233 9234 9147 9235 
2805 2290 2783 2784 2291 9234 9236 9237 9150 9238 
2806 2291 2784 2785 2292 9237 9239 9240 9153 9241 
2807 2292 2785 2786 2293 9240 9242 9243 9156 9244 
2808 2293 2786 2787 2294 9243 9245 9246 9159 9247 
2809 2294 2787 2788 2295 9246 9248 9249 9162 9250 
2810 2295 2788 2789 2296 9249 9251 9252 9165 9253 
2811 2296 2789 2790 2297 9252 9254 9255 9168 9256 
2812 2297 2790 2791 2298 9255 9257 9258 9171 9259 
2813 2298 2791 2792 2299 9258 9260 4666 9174 9261 
2814 135 136 2793 2764 222 9262 9263 9176 9264 
2815 2764 2793 2794 2765 9263 9265 9266 9179 9267 
2816 2765 2794 2795 2766 9266 9268 9269 9182 9270 
2817 2766 2795 2796 2767 9269 9271 9272 9185 9273 
2818 2767 2796 2797 2768 9272 9274 9275 9188 9276 
2819 2768 2797 2798 2769 9275 9277 9278 9191 9279 
2820 2769 2798 2799 2770 9278 9280 9281 9194 9282 
2821 2770 2799 2800 2771 9281 9283 9284 9197 9285 
2822 2771 2800 2801 2772 9284 9286 9287 9200 9288 
2823 2772 2801 2802 2773 9287 9289 9290 9203 9291 
2824 2773 2802 2803 2774 9290 9292 9293 9206 9294 
2825 2774 2803 2804 2775 9293 9295 9296 9209 9297 
2826 2775 2804 2805 2776 9296 9298 9299 9212 9300 
2827 2776 2805 2806 2777 9299 9301 9302 9215 9303 
2828 2777 2806 2807 2778 9302 9304 9305 9218 9306 
2829 2778 2807 2808 2779 9305 9307 9308 9221 9309 
2830 2779 2808 2809 2780 9308 9310 9311 9224 9312 
2831 2780 2809 2810 2781 9311 9313 9314 9227 9315 
2832 2781 2810 2811 2782 9314 9316 9317 9230 9318 
2833 2782 2811 2812 2783 9317 9319 9320 9233 9321 
2834 2783 2812 2813 2784 9320 9322 9323 9236 9324 
2835 2784 2813 2814 2785 9323 9325 9326 9239 9327 
2836 2785 2814 2815 2786 9326 9328 9329 9242 9330 
2837 2786 2815 2816 2787 9329 9331 9332 9245 9333 
2838 2787 2816 2817 2788 9332 9334 9335 9248 9336 
2839 2788 2817 2818 2789 9335 9337 9338 9251 9339 
2840 2789 2818 2819 2790 9338 9340 9341 9254 9342 
2841 2790 2819 2820 2791 9341 9343 9344 9257 9345 
2842 2791 2820 2821 2792 9344 9346 4750 9260 9347 
2843 99 100 1198 1169 186 9348 9349 7456 9350 
2844 1169 1198 1199 1170 9349 9351 9352 7459 9353 
2845 1170 1199 1200 1171 9352 9354 9355 7462 9356 
2846 1171 1200 1201 1172 9355 9357 9358 7465 9359 
2847 1172 1201 1202 1173 9358 9360 9361 7468 9362 
2848 1173 1202 1203 1174 9361 9363 9364 7471 9365 
2849 1174 1203 1204 1175 9364 9366 9367 7474 9368 
2850 1175 1204 1205 1176 9367 9369 9370 7477 9371 
2851 1176 1205 1206 1177 9370 9372 9373 7480 9374 
2852 1177 1206 1207 1178 9373 9375 9376 7483 9377 
2853 1178 1207 1208 1179 9376 9378 9379 7486 9380 
2854 1179 1208 1209 1180 9379 9381 9382 7489 9383 
2855 1180 1209 1210 1181 9382 9384 9385 7492 9386 
2856 1181 1210 1211 1182 9385 9387 9388 7495 9389 
2857 1182 1211 1212 1183 9388 9390 9391 7498 9392 
2858 1183 1212 1213 1184 9391 9393 9394 7501 9395 
2859 1184 1213 1214 1185 9394 9396 9397 7504 9398 
2860 1185 1214 1215 1186 9397 9399 9400 7507 9401 
2861 1186 1215 1216 1187 9400 9402 9403 7510 9404 
2862 1187 1216 1217 1188 9403 9405 9406 7513 9407 
2863 1188 1217 1218 1189 9406 9408 9409 7516 9410 
2864 1189 1218 1219 1190 9409 9411 9412 7519 9413 
2865 1190 1219 1220 1191 9412 9414 9415 7522 9416 
2866 1191 1220 1221 1192 9415 9417 9418 7525 9419 
2867 1192 1221 1222 1193 9418 9420 9421 7528 9422 
2868 1193 1222 1223 1194 9421 9423 9424 7531 9425 
2869 1194 1223 1224 1195 9424 9426 9427 7534 9428 
2870 1195 1224 1225 1196 9427 9429 9430 7537 9431 
2871 1196 1225 1226 1197 9430 9432 4991 7540 9433 
2872 100 101 1227 1198 187 9434 9435 9348 9436 
2873 1198 1227 1228 1199 9435 9437 9438 9351 9439 
2874 1199 1228 1229 1200 9438 9440 9441 9354 9442 
2875 1200 1229 1230 1201 9441 9443 9444 9357 9445 
2876 1201 1230 1231 1202 9444 9446 9447 9360 9448 
2877 1202 1231 1232 1203 9447 9449 9450 9363 9451 
2878 1203 1232 1233 1204 9450 9452 9453 9366 9454 
2879 1204 1233 1234 1205 9453 9455 9456 9369 9457 
2880 1205 1234 1235 1206 9456 9458 9459 9372 9460 
2881 1206 1235 1236 1207 9459 9461 9462 9375 9463 
2882 1207 1236 1237 1208 9462 9464 9465 9378 9466 
2883 1208 1237 1238 1209 9465 9467 9468 9381 9469 
2884 1209 1238 1239 1210 9468 9470 9471 9384 9472 
2885 1210 1239 1240 1211 9471 9473 9474 9387 9475 
2886 1211 1240 1241 1212 9474 9476 9477 9390 9478 
2887 1212 1241 1242 1213 9477 9479 9480 9393 9481 
2888 1213 1242 1243 1214 9480 9482 9483 9396 9484 
2889 1214 1243 1244 1215 9483 9485 9486 9399 9487 
2890 1215 1244 1245 1216 9486 9488 9489 9402 9490 
2891 1216 1245 1246 1217 9489 9491 9492 9405 9493 
2892 1217 1246 1247 1218 9492 9494 9495 9408 9496 
2893 1218 1247 1248 1219 9495 9497 9498 9411 9499 
2894 1219 1248 1249 1220 9498 9500 9501 9414 9502 
2895 1220 1249 1250 1221 9501 9503 9504 9417 9505 
2896 1221 1250 1251 1222 9504 9506 9507 9420 9508 
2897 1222 1251 1252 1223 9507 9509 9510 9423 9511 
2898 1223 1252 1253 1224 9510 9512 9513 9426 9514 
2899 1224 1253 1254 1225 9513 9515 9516 9429 9517 
2900 1225 1254 1255 1226 9516 9518 4994 9432 9519 
2901 101 102 1343 1227 188 9520 9521 9434 9522 
2902 1227 1343 1344 1228 9521 9523 9524 9437 9525 
2903 1228 1344 1345 1229 9524 9526 9527 9440 9528 
2904 1229 1345 1346 1230 9527 9529 9530 9443 9531 
2905 1230 1346 1347 1231 9530 9532 9533 9446 9534 
2906 1231 1347 1348 1232 9533 9535 9536 9449 9537 
2907 1232 1348 1349 1233 9536 9538 9539 9452 9540 
2908 1233 1349 1350 1234 9539 9541 9542 9455 9543 
2909 1234 1350 1351 1235 9542 9544 9545 9458 9546 
2910 1235 1351 1352 1236 9545 9547 9548 9461 9549 
2911 1236 1352 1353 1237 9548 9550 9551 9464 9552 
2912 1237 1353 1354 1238 9551 9553 9554 9467 9555 
2913 1238 1354 1355 1239 9554 9556 9557 9470 9558 
2914 1239 1355 1356 1240 9557 9559 9560 9473 9561 
2915 1240 1356 1357 1241 9560 9562 9563 9476 9564 
2916 1241 1357 1358 1242 9563 9565 9566 9479 9567 
2917 1242 1358 1359 1243 9566 9568 9569 9482 9570 
2918 1243 1359 1360 1244 9569 9571 9572 9485 9573 
2919 1244 1360 1361 1245 9572 9574 9575 9488 9576 
2920 1245 1361 1362 1246 9575 9577 9578 9491 9579 
2921 1246 1362 1363 1247 9578 9580 9581 9494 9582 
2922 1247 1363 1364 1248 9581 9583 9584 9497 9585 
2923 1248 1364 1365 1249 9584 9586 9587 9500 9588 
2924 1249 1365 1366 1250 9587 9589 9590 9503 9591 
2925 1250 1366 1367 1251 9590 9592 9593 9506 9594 
2926 1251 1367 1368 1252 9593 9595 9596 9509 9597 
2927 1252 1368 1369 1253 9596 9598 9599 9512 9600 
2928 1253 1369 1370 1254 9599 9601 9602 9515 9603 
2929 1254 1370 1371 1255 9602 9604 4997 9518 9605 
2930 102 103 1372 1343 189 9606 9607 9520 9608 
2931 1343 1372 1373 1344 9607 9609 9610 9523 9611 
2932 1344 1373 1374 1345 9610 9612 9613 9526 9614 
2933 1345 1374 1375 1346 9613 9615 9616 9529 9617 
2934 1346 1375 1376 1347 9616 9618 9619 9532 9620 
2935 1347 1376 1377 1348 9619 9621 9622 9535 9623 
2936 1348 1377 1378 1349 9622 9624 9625 9538 9626 
2937 1349 1378 1379 1350 9625 9627 9628 9541 9629 
2938 1350 1379 1380 1351 9628 9630 9631 9544 9632 
2939 1351 1380 1381 1352 9631 9633 9634 9547 9635 
2940 1352 1381 1382 1353 9634 9636 9637 9550 9638 
2941 1353 1382 1383 1354 9637 9639 9640 9553 9641 
2942 1354 1383 1384 1355 9640 9642 9643 9556 9644 
2943 1355 1384 1385 1356 9643 9645 9646 9559 9647 
2944 1356 1385 1386 1357 9646 9648 9649 9562 9650 
2945 1357 1386 1387 1358 9649 9651 9652 9565 9653 
2946 1358 1387 1388 1359 9652 9654 9655 9568 9656 
2947 1359 1388 1389 1360 9655 9657 9658 9571 9659 
2948 1360 1389 1390 1361 9658 9660 9661 9574 9662 
2949 1361 1390 1391 1362 9661 9663 9664 9577 9665 
2950 1362 1391 1392 1363 9664 9666 9667 9580 9668 
2951 1363 1392 1393 1364 9667 9669 9670 9583 9671 
2952 1364 1393 1394 1365 9670 9672 9673 9586 9674 
2953 1365 1394 1395 1366 9673 9675 9676 9589 9677 
2954 1366 1395 1396 1367 9676 9678 9679 9592 9680 
2955 1367 1396 1397 1368 9679 9681 9682 9595 9683 
2956 1368 1397 1398 1369 9682 9684 9685 9598 9686 
2957 1369 1398 1399 1370 9685 9687 9688 9601 9689 
2958 1370 1399 1400 1371 9688 9690 5000 9604 9691 
2959 103 104 1401 1372 190 9692 9693 9606 9694 
2960 1372 1401 1402 1373 9693 9695 9696 9609 9697 
2961 1373 1402 1403 1374 9696 9698 9699 9612 9700 
2962 1374 1403 1404 1375 9699 9701 9702 9615 9703 
2963 1375 1404 1405 1376 9702 9704 9705 9618 9706 
2964 1376 1405 1406 1377 9705 9707 9708 9621 9709 
2965 1377 1406 1407 1378 9708 9710 9711 9624 9712 
2966 1378 1407 1408 1379 9711 9713 9714 9627 9715 
2967 1379 1408 1409 1380 9714 9716 9717 9630 9718 
2968 1380 1409 1410 1381 9717 9719 9720 9633 9721 
2969 1381 1410 1411 1382 9720 9722 9723 9636 9724 
2970 1382 1411 1412 1383 9723 9725 9726 9639 9727 
2971 1383 1412 1413 1384 9726 9728 9729 9642 9730 
2972 1384 1413 1414 1385 9729 9731 9732 9645 9733 
2973 1385 1414 1415 1386 9732 9734 9735 9648 9736 
2974 1386 1415 1416 1387 9735 9737 9738 9651 9739 
2975 1387 1416 1417 1388 9738 9740 9741 9654 9742 
2976 1388 1417 1418 1389 9741 9743 9744 9657 9745 
2977 1389 1418 1419 1390 9744 9746 9747 9660 9748 
2978 1390 1419 1420 1391 9747 9749 9750 9663 9751 
2979 1391 1420 1421 1392 9750 9752 9753 9666 9754 
2980 1392 1421 1422 1393 9753 9755 9756 9669 9757 
2981 1393 1422 1423 1394 9756 9758 9759 9672 9760 
2982 1394 1423 1424 1395 9759 9761 9762 9675 9763 
2983 1395 1424 1425 1396 9762 9764 9765 9678 9766 
2984 1396 1425 1426 1397 9765 9767 9768 9681 9769 
2985 1397 1426 1427 1398 9768 9770 9771 9684 9772 
2986 1398 1427 1428 1399 9771 9773 9774 9687 9775 
2987 1399 1428 1429 1400 9774 9776 5003 9690 9777 
2988 104 105 1430 1401 191 9778 9779 9692 9780 
2989 1401 1430 1431 1402 9779 9781 9782 9695 9783 
2990 1402 1431 1432 1403 9782 9784 9785 9698 9786 
2991 1403 1432 1433 1404 9785 9787 9788 9701 9789 
2992 1404 1433 1434 1405 9788 9790 9791 9704 9792 
2993 1405 1434 1435 1406 9791 9793 9794 9707 9795 
2994 1406 1435 1436 1407 9794 9796 9797 9710 9798 
2995 1407 1436 1437 1408 9797 9799 9800 9713 9801 
2996 1408 1437 1438 1409 9800 9802 9803 9716 9804 
2997 1409 1438 1439 1410 9803 9805 9806 9719 9807 
2998 1410 1439 1440 1411 9806 9808 9809 9722 9810 
2999 1411 1440 1441 1412 9809 9811 9812 9725 9813 
3000 1412 1441 1442 1413 9812 9814 9815 9728 9816 
3001 1413 1442 1443 1414 9815 9817 9818 9731 9819 
3002 1414 1443 1444 1415 9818 9820 9821 9734 9822 
3003 1415 1444 1445 1416 9821 9823 9824 9737 9825 
3004 1416 1445 1446 1417 9824 9826 9827 9740 9828 
3005 1417 1446 1447 1418 9827 9829 9830 9743 9831 
3006 1418 1447 1448 1419 9830 9832 9833 9746 9834 
3007 1419 1448 1449 1420 9833 9835 9836 9749 9837 
3008 1420 1449 1450 1421 9836 9838 9839 9752 9840 
3009 1421 1450 1451 1422 9839 9841 9842 9755 9843 
3010 1422 1451 1452 1423 9842 9844 9845 9758 9846 
3011 1423 1452 1453 1424 9845 9847 9848 9761 9849 
3012 1424 1453 1454 1425 9848 9850 9851 9764 9852 
3013 1425 1454 1455 1426 9851 9853 9854 9767 9855 
3014 1426 1455 1456 1427 9854 9856 9857 9770 9858 
3015 1427 1456 1457 1428 9857 9859 9860 9773 9861 
3016 1428 1457 1458 1429 9860 9862 5006 9776 9863 
3017 105 106 1459 1430 192 9864 9865 9778 9866 
3018 1430 1459 1460 1431 9865 9867 9868 9781 9869 
3019 1431 1460 1461 1432 9868 9870 9871 9784 9872 
3020 1432 1461 1462 1433 9871 9873 9874 9787 9875 
3021 1433 1462 1463 1434 9874 9876 9877 9790 9878 
3022 1434 1463 1464 1435 9877 9879 9880 9793 9881 
3023 1435 1464 1465 1436 9880 9882 9883 9796 9884 
3024 1436 1465 1466 1437 9883 9885 9886 9799 9887 
3025 1437 1466 1467 1438 9886 9888 9889 9802 9890 
3026 1438 1467 1468 1439 9889 9891 9892 9805 9893 
3027 1439 1468 1469 1440 9892 9894 9895 9808 9896 
3028 1440 1469 1470 1441 9895 9897 9898 9811 9899 
3029 1441 1470 1471 1442 9898 9900 9901 9814 9902 
3030 1442 1471 1472 1443 9901 9903 9904 9817 9905 
3031 1443 1472 1473 1444 9904 9906 9907 9820 9908 
3032 1444 1473 1474 1445 9907 9909 9910 9823 9911 
3033 1445 1474 1475 1446 9910 9912 9913 9826 9914 
3034 1446 1475 1476 1447 9913 9915 9916 9829 9917 
3035 1447 1476 1477 1448 9916 9918 9919 9832 9920 
3036 1448 1477 1478 1449 9919 9921 9922 9835 9923 
3037 1449 1478 1479 1450 9922 9924 9925 9838 9926 
3038 1450 1479 1480 1451 9925 9927 9928 9841 9929 
3039 1451 1480 1481 1452 9928 9930 9931 9844 9932 
3040 1452 1481 1482 1453 9931 9933 9934 9847 9935 
3041 1453 1482 1483 1454 9934 9936 9937 9850 9938 
3042 1454 1483 1484 1455 9937 9939 9940 9853 9941 
3043 1455 1484 1485 1456 9940 9942 9943 9856 9944 
3044 1456 1485 1486 1457 9943 9945 9946 9859 9947 
3045 1457 1486 1487 1458 9946 9948 5009 9862 9949 
3046 106 107 1488 1459 193 9950 9951 9864 9952 
3047 1459 1488 1489 1460 9951 9953 9954 9867 9955 
3048 1460 1489 1490 1461 9954 9956 9957 9870 9958 
3049 1461 1490 1491 1462 9957 9959 9960 9873 9961 
3050 1462 1491 1492 1463 9960 9962 9963 9876 9964 
3051 1463 1492 1493 1464 9963 9965 9966 9879 9967 
3052 1464 1493 1494 1465 9966 9968 9969 9882 9970 
3053 1465 1494 1495 1466 9969 9971 9972 9885 9973 
3054 1466 1495 1496 1467 9972 9974 9975 9888 9976 
3055 1467 1496 1497 1468 9975 9977 9978 9891 9979 
3056 1468 1497 1498 1469 9978 9980 9981 9894 9982 
3057 1469 1498 1499 1470 9981 9983 9984 9897 9985 
3058 1470 1499 1500 1471 9984 9986 9987 9900 9988 
3059 1471 1500 1501 1472 9987 9989 9990 9903 9991 
3060 1472 1501 1502 1473 9990 9992 9993 9906 9994 
3061 1473 1502 1503 1474 9993 9995 9996 9909 9997 
3062 1474 1503 1504 1475 9996 9998 9999 9912 10000 
3063 1475 1504 1505 1476 9999 10001 10002 9915 10003 
3064 1476 1505 1506 1477 10002 10004 10005 9918 10006 
3065 1477 1506 1507 1478 10005 10007 10008 9921 10009 
3066 1478 1507 1508 1479 10008 10010 10011 9924 10012 
3067 1479 1508 1509 1480 10011 10013 10014 9927 10015 
3068 1480 1509 1510 1481 10014 10016 10017 9930 10018 
3069 1481 1510 1511 1482 10017 10019 10020 9933 10021 
3070 1482 1511 1512 1483 10020 10022 10023 9936 10024 
3071 1483 1512 1513 1484 10023 10025 10026 9939 10027 
3072 1484 1513 1514 1485 10026 10028 10029 9942 10030 
3073 1485 1514 1515 1486 10029 10031 10032 9945 10033 
3074 1486 1515 1516 1487 10032 10034 5012 9948 10035 
3075 107 108 1517 1488 194 10036 10037 9950 10038 
3076 1488 1517 1518 1489 10037 10039 10040 9953 10041 
3077 1489 1518 1519 1490 10040 10042 10043 9956 10044 
3078 1490 1519 1520 1491 10043 10045 10046 9959 10047 
3079 1491 1520 1521 1492 10046 10048 10049 9962 10050 
3080 1492 1521 1522 1493 10049 10051 10052 9965 10053 
3081 1493 1522 1523 1494 10052 10054 10055 9968 10056 
3082 1494 1523 1524 1495 10055 10057 10058 9971 10059 
3083 1495 1524 1525 1496 10058 10060 10061 9974 10062 
3084 1496 1525 1526 1497 10061 10063 10064 9977 10065 
3085 1497 1526 1527 1498 10064 10066 10067 9980 10068 
3086 1498 1527 1528 1499 10067 10069 10070 9983 10071 
3087 1499 1528 1529 1500 10070 10072 10073 9986 10074 
3088 1500 1529 1530 1501 10073 10075 10076 9989 10077 
3089 1501 1530 1531 1502 10076 10078 10079 9992 10080 
3090 1502 1531 1532 1503 10079 10081 10082 9995 10083 
3091 1503 1532 1533 1504 10082 10084 10085 9998 10086 
3092 1504 1533 1534 1505 10085 10087 10088 10001 10089 
3093 1505 1534 1535 1506 10088 10090 10091 10004 10092 
3094 1506 1535 1536 1507 10091 10093 10094 10007 10095 
3095 1507 1536 1537 1508 10094 10096 10097 10010 10098 
3096 1508 1537 1538 1509 10097 10099 10100 10013 10101 
3097 1509 1538 1539 1510 10100 10102 10103 10016 10104 
3098 1510 1539 1540 1511 10103 10105 10106 10019 10107 
3099 1511 1540 1541 1512 10106 10108 10109 10022 10110 
3100 1512 1541 1542 1513 10109 10111 10112 10025 10113 
3101 1513 1542 1543 1514 10112 10114 10115 10028 10116 
3102 1514 1543 1544 1515 10115 10117 10118 10031 10119 
3103 1515 1544 1545 1516 10118 10120 5015 10034 10121 
3104 108 109 1546 1517 195 10122 10123 10036 10124 
3105 1517 1546 1547 1518 10123 10125 10126 10039 10127 
3106 1518 1547 1548 1519 10126 10128 10129 10042 10130 
3107 1519 1548 1549 1520 10129 10131 10132 10045 10133 
3108 1520 1549 1550 1521 10132 10134 10135 10048 10136 
3109 1521 1550 1551 1522 10135 10137 10138 10051 10139 
3110 1522 1551 1552 1523 10138 10140 10141 10054 10142 
3111 1523 1552 1553 1524 10141 10143 10144 10057 10145 
3112 1524 1553 1554 1525 10144 10146 10147 10060 10148 
3113 1525 1554 1555 1526 10147 10149 10150 10063 10151 
3114 1526 1555 1556 1527 10150 10152 10153 10066 10154 
3115 1527 1556 1557 1528 10153 10155 10156 10069 10157 
3116 1528 1557 1558 1529 10156 10158 10159 10072 10160 
3117 1529 1558 1559 1530 10159 10161 10162 10075 10163 
3118 1530 1559 1560 1531 10162 10164 10165 10078 10166 
3119 1531 1560 1561 1532 10165 10167 10168 10081 10169 
3120 1532 1561 1562 1533 10168 10170 10171 10084 10172 
3121 1533 1562 1563 1534 10171 10173 10174 10087 10175 
3122 1534 1563 1564 1535 10174 10176 10177 10090 10178 
3123 1535 1564 1565 1536 10177 10179 10180 10093 10181 
3124 1536 1565 1566 1537 10180 10182 10183 10096 10184 
3125 1537 1566 1567 1538 10183 10185 10186 10099 10187 
3126 1538 1567 1568 1539 10186 10188 10189 10102 10190 
3127 1539 1568 1569 1540 10189 10191 10192 10105 10193 
3128 1540 1569 1570 1541 10192 10194 10195 10108 10196 
3129 1541 1570 1571 1542 10195 10197 10198 10111 10199 
3130 1542 1571 1572 1543 10198 10200 10201 10114 10202 
3131 1543 1572 1573 1544 10201 10203 10204 10117 10205 
3132 1544 1573 1574 1545 10204 10206 5018 10120 10207 
3133 109 110 1575 1546 196 10208 10209 10122 10210 
3134 1546 1575 1576 1547 10209 10211 10212 10125 10213 
3135 1547 1576 1577 1548 10212 10214 10215 10128 10216 
3136 1548 1577 1578 1549 10215 10217 10218 10131 10219 
3137 1549 1578 1579 1550 10218 10220 10221 10134 10222 
3138 1550 1579 1580 1551 10221 10223 10224 10137 10225 
3139 1551 1580 1581 1552 10224 10226 10227 10140 10228 
3140 1552 1581 1582 1553 10227 10229 10230 10143 10231 
3141 1553 1582 1583 1554 10230 10232 10233 10146 10234 
3142 1554 1583 1584 1555 10233 10235 10236 10149 10237 
3143 1555 1584 1585 1556 10236 10238 10239 10152 10240 
3144 1556 1585 1586 1557 10239 10241 10242 10155 10243 
3145 1557 1586 1587 1558 10242 10244 10245 10158 10246 
3146 1558 1587 1588 1559 10245 10247 10248 10161 10249 
3147 1559 1588 1589 1560 10248 10250 10251 10164 10252 
3148 1560 1589 1590 1561 10251 10253 10254 10167 10255 
3149 1561 1590 1591 1562 10254 10256 10257 10170 10258 
3150 1562 1591 1592 1563 10257 10259 10260 10173 10261 
3151 1563 1592 1593 1564 10260 10262 10263 10176 10264 
3152 1564 1593 1594 1565 10263 10265 10266 10179 10267 
3153 1565 1594 1595 1566 10266 10268 10269 10182 10270 
3154 1566 1595 1596 1567 10269 10271 10272 10185 10273 
3155 1567 1596 1597 1568 10272 10274 10275 10188 10276 
3156 1568 1597 1598 1569 10275 10277 10278 10191 10279 
3157 1569 1598 1599 1570 10278 10280 10281 10194 10282 
3158 1570 1599 1600 1571 10281 10283 10284 10197 10285 
3159 1571 1600 1601 1572 10284 10286 10287 10200 10288 
3160 1572 1601 1602 1573 10287 10289 10290 10203 10291 
3161 1573 1602 1603 1574 10290 10292 5021 10206 10293 
3162 110 111 1604 1575 197 10294 10295 10208 10296 
3163 1575 1604 1605 1576 10295 10297 10298 10211 10299 
3164 1576 1605 1606 1577 10298 10300 10301 10214 10302 
3165 1577 1606 1607 1578 10301 10303 10304 10217 10305 
3166 1578 1607 1608 1579 10304 10306 10307 10220 10308 
3167 1579 1608 1609 1580 10307 10309 10310 10223 10311 
3168 1580 1609 1610 1581 10310 10312 10313 10226 10314 
3169 1581 1610 1611 1582 10313 10315 10316 10229 10317 
3170 1582 1611 1612 1583 10316 10318 10319 10232 10320 
3171 1583 1612 1613 1584 10319 10321 10322 10235 10323 
3172 1584 1613 1614 1585 10322 10324 10325 10238 10326 
3173 1585 1614 1615 1586 10325 10327 10328 10241 10329 
3174 1586 1615 1616 1587 10328 10330 10331 10244 10332 
3175 1587 1616 1617 1588 10331 10333 10334 10247 10335 
3176 1588 1617 1618 1589 10334 10336 10337 10250 10338 
3177 1589 1618 1619 1590 10337 10339 10340 10253 10341 
3178 1590 1619 1620 1591 10340 10342 10343 10256 10344 
3179 1591 1620 1621 1592 10343 10345 10346 10259 10347 
3180 1592 1621 1622 1593 10346 10348 10349 10262 10350 
3181 1593 1622 1623 1594 10349 10351 10352 10265 10353 
3182 1594 1623 1624 1595 10352 10354 10355 10268 10356 
3183 1595 1624 1625 1596 10355 10357 10358 10271 10359 
3184 1596 1625 1626 1597 10358 10360 10361 10274 10362 
3185 1597 1626 1627 1598 10361 10363 10364 10277 10365 
3186 1598 1627 1628 1599 10364 10366 10367 10280 10368 
3187 1599 1628 1629 1600 10367 10369 10370 10283 10371 
3188 1600 1629 1630 1601 10370 10372 10373 10286 10374 
3189 1601 1630 1631 1602 10373 10375 10376 10289 10377 
3190 1602 1631 1632 1603 10376 10378 5024 10292 10379 
3191 111 112 1633 1604 198 10380 10381 10294 10382 
3192 1604 1633 1634 1605 10381 10383 10384 10297 10385 
3193 1605 1634 1635 1606 10384 10386 10387 10300 10388 
3194 1606 1635 1636 1607 10387 10389 10390 10303 10391 
3195 1607 1636 1637 1608 10390 10392 10393 10306 10394 
3196 1608 1637 1638 1609 10393 10395 10396 10309 10397 
3197 1609 1638 1639 1610 10396 10398 10399 10312 10400 
3198 1610 1639 1640 1611 10399 10401 10402 10315 10403 
3199 1611 1640 1641 1612 10402 10404 10405 10318 10406 
3200 1612 1641 1642 1613 10405 10407 10408 10321 10409 
3201 1613 1642 1643 1614 10408 10410 10411 10324 10412 
3202 1614 1643 1644 1615 10411 10413 10414 10327 10415 
3203 1615 1644 1645 1616 10414 10416 10417 10330 10418 
3204 1616 1645 1646 1617 10417 10419 10420 10333 10421 
3205 1617 1646 1647 1618 10420 10422 10423 10336 10424 
3206 1618 1647 1648 1619 10423 10425 10426 10339 10427 
3207 1619 1648 1649 1620 10426 10428 10429 10342 10430 
3208 1620 1649 1650 1621 10429 10431 10432 10345 10433 
3209 1621 1650 1651 1622 10432 10434 10435 10348 10436 
3210 1622 1651 1652 1623 10435 10437 10438 10351 10439 
3211 1623 1652 1653 1624 10438 10440 10441 10354 10442 
3212 1624 1653 1654 1625 10441 10443 10444 10357 10445 
3213 1625 1654 1655 1626 10444 10446 10447 10360 10448 
3214 1626 1655 1656 1627 10447 10449 10450 10363 10451 
3215 1627 1656 1657 1628 10450 10452 10453 10366 10454 
3216 1628 1657 1658 1629 10453 10455 10456 10369 10457 
3217 1629 1658 1659 1630 10456 10458 10459 10372 10460 
3218 1630 1659 1660 1631 10459 10461 10462 10375 10463 
3219 1631 1660 1661 1632 10462 10464 5027 10378 10465 
3220 112 113 1662 1633 199 10466 10467 10380 10468 
3221 1633 1662 1663 1634 10467 10469 10470 10383 10471 
3222 1634 1663 1664 1635 10470 10472 10473 10386 10474 
3223 1635 1664 1665 1636 10473 10475 10476 10389 10477 
3224 1636 1665 1666 1637 10476 10478 10479 10392 10480 
3225 1637 1666 1667 1638 10479 10481 10482 10395 10483 
3226 1638 1667 1668 1639 10482 10484 10485 10398 10486 
3227 1639 1668 1669 1640 10485 10487 10488 10401 10489 
3228 1640 1669 1670 1641 10488 10490 10491 10404 10492 
3229 1641 1670 1671 1642 10491 10493 10494 10407 10495 
3230 1642 1671 1672 1643 10494 10496 10497 10410 10498 
3231 1643 1672 1673 1644 10497 10499 10500 10413 10501 
3232 1644 1673 1674 1645 10500 10502 10503 10416 10504 
3233 1645 1674 1675 1646 10503 10505 10506 10419 10507 
3234 1646 1675 1676 1647 10506 10508 10509 10422 10510 
3235 1647 1676 1677 1648 10509 10511 10512 10425 10513 
3236 1648 1677 1678 1649 10512 10514 10515 10428 10516 
3237 1649 1678 1679 1650 10515 10517 10518 10431 10519 
3238 1650 1679 1680 1651 10518 10520 10521 10434 10522 
3239 1651 1680 1681 1652 10521 10523 10524 10437 10525 
3240 1652 1681 1682 1653 10524 10526 10527 10440 10528 
3241 1653 1682 1683 1654 10527 10529 10530 10443 10531 
3242 1654 1683 1684 1655 10530 10532 10533 10446 10534 
3243 1655 1684 1685 1656 10533 10535 10536 10449 10537 
3244 1656 1685 1686 1657 10536 10538 10539 10452 10540 
3245 1657 1686 1687 1658 10539 10541 10542 10455 10543 
3246 1658 1687 1688 1659 10542 10544 10545 10458 10546 
3247 1659 1688 1689 1660 10545 10547 10548 10461 10549 
3248 1660 1689 1690 1661 10548 10550 5030 10464 10551 
3249 113 114 1691 1662 200 10552 10553 10466 10554 
3250 1662 1691 1692 1663 10553 10555 10556 10469 10557 
3251 1663 1692 1693 1664 10556 10558 10559 10472 10560 
3252 1664 1693 1694 1665 10559 10561 10562 10475 10563 
3253 1665 1694 1695 1666 10562 10564 10565 10478 10566 
3254 1666 1695 1696 1667 10565 10567 10568 10481 10569 
3255 1667 1696 1697 1668 10568 10570 10571 10484 10572 
3256 1668 1697 1698 1669 10571 10573 10574 10487 10575 
3257 1669 1698 1699 1670 10574 10576 10577 10490 10578 
3258 1670 1699 1700 1671 10577 10579 10580 10493 10581 
3259 1671 1700 1701 1672 10580 10582 10583 10496 10584 
3260 1672 1701 1702 1673 10583 10585 10586 10499 10587 
3261 1673 1702 1703 1674 10586 10588 10589 10502 10590 
3262 1674 1703 1704 1675 10589 10591 10592 10505 10593 
3263 1675 1704 1705 1676 10592 10594 10595 10508 10596 
3264 1676 1705 1706 1677 10595 10597 10598 10511 10599 
3265 1677 1706 1707 1678 10598 10600 10601 10514 10602 
3266 1678 1707 1708 1679 10601 10603 10604 10517 10605 
3267 1679 1708 1709 1680 10604 10606 10607 10520 10608 
3268 1680 1709 1710 1681 10607 10609 10610 10523 10611 
3269 1681 1710 1711 1682 10610 10612 10613 10526 10614 
3270 1682 1711 1712 1683 10613 10615 10616 10529 10617 
3271 1683 1712 1713 1684 10616 10618 10619 10532 10620 
3272 1684 1713 1714 1685 10619 10621 10622 10535 10623 
3273 1685 1714 1715 1686 10622 10624 10625 10538 10626 
3274 1686 1715 1716 1687 10625 10627 10628 10541 10629 
3275 1687 1716 1717 1688 10628 10630 10631 10544 10632 
3276 1688 1717 1718 1689 10631 10633 10634 10547 10635 
3277 1689 1718 1719 1690 10634 10636 5033 10550 10637 
3278 114 115 1720 1691 201 10638 10639 10552 10640 
3279 1691 1720 1721 1692 10639 10641 10642 10555 10643 
3280 1692 1721 1722 1693 10642 10644 10645 10558 10646 
3281 1693 1722 1723 1694 10645 10647 10648 10561 10649 
3282 1694 1723 1724 1695 10648 10650 10651 10564 10652 
3283 1695 1724 1725 1696 10651 10653 10654 10567 10655 
3284 1696 1725 1726 1697 10654 10656 10657 10570 10658 
3285 1697 1726 1727 1698 10657 10659 10660 10573 10661 
3286 1698 1727 1728 1699 10660 10662 10663 10576 10664 
3287 1699 1728 1729 1700 10663 10665 10666 10579 10667 
3288 1700 1729 1730 1701 10666 10668 10669 10582 10670 
3289 1701 1730 1731 1702 10669 10671 10672 10585 10673 
3290 1702 1731 1732 1703 10672 10674 10675 10588 10676 
3291 1703 1732 1733 1704 10675 10677 10678 10591 10679 
3292 1704 1733 1734 1705 10678 10680 10681 10594 10682 
3293 1705 1734 1735 1706 10681 10683 10684 10597 10685 
3294 1706 1735 1736 1707 10684 10686 10687 10600 10688 
3295 1707 1736 1737 1708 10687 10689 10690 10603 10691 
3296 1708 1737 1738 1709 10690 10692 10693 10606 10694 
3297 1709 1738 1739 1710 10693 10695 10696 10609 10697 
3298 1710 1739 1740 1711 10696 10698 10699 10612 10700 
3299 1711 1740 1741 1712 10699 10701 10702 10615 10703 
3300 1712 1741 1742 1713 10702 10704 10705 10618 10706 
3301 1713 1742 1743 1714 10705 10707 10708 10621 10709 
3302 1714 1743 1744 1715 10708 10710 10711 10624 10712 
3303 1715 1744 1745 1716 10711 10713 10714 10627 10715 
3304 1716 1745 1746 1717 10714 10716 10717 10630 10718 
3305 1717 1746 1747 1718 10717 10719 10720 10633 10721 
3306 1718 1747 1748 1719 10720 10722 5036 10636 10723 
3307 115 116 1749 1720 202 10724 10725 10638 10726 
3308 1720 1749 1750 1721 10725 10727 10728 10641 10729 
3309 1721 1750 1751 1722 10728 10730 10731 10644 10732 
3310 1722 1751 1752 1723 10731 10733 10734 10647 10735 
3311 1723 1752 1753 1724 10734 10736 10737 10650 10738 
3312 1724 1753 1754 1725 10737 10739 10740 10653 10741 
3313 1725 1754 1755 1726 10740 10742 10743 10656 10744 
3314 1726 1755 1756 1727 10743 10745 10746 10659 10747 
3315 1727 1756 1757 1728 10746 10748 10749 10662 10750 
3316 1728 1757 1758 1729 10749 10751 10752 10665 10753 
3317 1729 1758 1759 1730 10752 10754 10755 10668 10756 
3318 1730 1759 1760 1731 10755 10757 10758 10671 10759 
3319 1731 1760 1761 1732 10758 10760 10761 10674 10762 
3320 1732 1761 1762 1733 10761 10763 10764 10677 10765 
3321 1733 1762 1763 1734 10764 10766 10767 10680 10768 
3322 1734 1763 1764 1735 10767 10769 10770 10683 10771 
3323 1735 1764 1765 1736 10770 10772 10773 10686 10774 
3324 1736 1765 1766 1737 10773 10775 10776 10689 10777 
3325 1737 1766 1767 1738 10776 10778 10779 10692 10780 
3326 1738 1767 1768 1739 10779 10781 10782 10695 10783 
3327 1739 1768 1769 1740 10782 10784 10785 10698 10786 
3328 1740 1769 1770 1741 10785 10787 10788 10701 10789 
3329 1741 1770 1771 1742 10788 10790 10791 10704 10792 
3330 1742 1771 1772 1743 10791 10793 10794 10707 10795 
3331 1743 1772 1773 1744 10794 10796 10797 10710 10798 
3332 1744 1773 1774 1745 10797 10799 10800 10713 10801 
3333 1745 1774 1775 1746 10800 10802 10803 10716 10804 
3334 1746 1775 1776 1747 10803 10805 10806 10719 10807 
3335 1747 1776 1777 1748 10806 10808 5039 10722 10809 
3336 116 117 1778 1749 203 10810 10811 10724 10812 
3337 1749 1778 1779 1750 10811 10813 10814 10727 10815 
3338 1750 1779 1780 1751 10814 10816 10817 10730 10818 
3339 1751 1780 1781 1752 10817 10819 10820 10733 10821 
3340 1752 1781 1782 1753 10820 10822 10823 10736 10824 
3341 1753 1782 1783 1754 10823 10825 10826 10739 10827 
3342 1754 1783 1784 1755 10826 10828 10829 10742 10830 
3343 1755 1784 1785 1756 10829 10831 10832 10745 10833 
3344 1756 1785 1786 1757 10832 10834 10835 10748 10836 
3345 1757 1786 1787 1758 10835 10837 10838 10751 10839 
3346 1758 1787 1788 1759 10838 10840 10841 10754 10842 
3347 1759 1788 1789 1760 10841 10843 10844 10757 10845 
3348 1760 1789 1790 1761 10844 10846 10847 10760 10848 
3349 1761 1790 1791 1762 10847 10849 10850 10763 10851 
3350 1762 1791 1792 1763 10850 10852 10853 10766 10854 
3351 1763 1792 1793 1764 10853 10855 10856 10769 10857 
3352 1764 1793 1794 1765 10856 10858 10859 10772 10860 
3353 1765 1794 1795 1766 10859 10861 10862 10775 10863 
3354 1766 1795 1796 1767 10862 10864 10865 10778 10866 
3355 1767 1796 1797 1768 10865 10867 10868 10781 10869 
3356 1768 1797 1798 1769 10868 10870 10871 10784 10872 
3357 1769 1798 1799 1770 10871 10873 10874 10787 10875 
3358 1770 1799 1800 1771 10874 10876 10877 10790 10878 
3359 1771 1800 1801 1772 10877 10879 10880 10793 10881 
3360 1772 1801 1802 1773 10880 10882 10883 10796 10884 
3361 1773 1802 1803 1774 10883 10885 10886 10799 10887 
3362 1774 1803 1804 1775 10886 10888 10889 10802 10890 
3363 1775 1804 1805 1776 10889 10891 10892 10805 10893 
3364 1776 1805 1806 1777 10892 10894 5042 10808 10895 
3365 117 118 1807 1778 204 10896 10897 10810 10898 
3366 1778 1807 1808 1779 10897 10899 10900 10813 10901 
3367 1779 1808 1809 1780 10900 10902 10903 10816 10904 
3368 1780 1809 1810 1781 10903 10905 10906 10819 10907 
3369 1781 1810 1811 1782 10906 10908 10909 10822 10910 
3370 1782 1811 1812 1783 10909 10911 10912 10825 10913 
3371 1783 1812 1813 1784 10912 10914 10915 10828 10916 
3372 1784 1813 1814 1785 10915 10917 10918 10831 10919 
3373 1785 1814 1815 1786 10918 10920 10921 10834 10922 
3374 1786 1815 1816 1787 10921 10923 10924 10837 10925 
3375 1787 1816 1817 1788 10924 10926 10927 10840 10928 
3376 1788 1817 1818 1789 10927 10929 10930 10843 10931 
3377 1789 1818 1819 1790 10930 10932 10933 10846 10934 
3378 1790 1819 1820 1791 10933 10935 10936 10849 10937 
3379 1791 1820 1821 1792 10936 10938 10939 10852 10940 
3380 1792 1821 1822 1793 10939 10941 10942 10855 10943 
3381 1793 1822 1823 1794 10942 10944 10945 10858 10946 
3382 1794 1823 1824 1795 10945 10947 10948 10861 10949 
3383 1795 1824 1825 1796 10948 10950 10951 10864 10952 
3384 1796 1825 1826 1797 10951 10953 10954 10867 10955 
3385 1797 1826 1827 1798 10954 10956 10957 10870 10958 
3386 1798 1827 1828 1799 10957 10959 10960 10873 10961 
3387 1799 1828 1829 1800 10960 10962 10963 10876 10964 
3388 1800 1829 1830 1801 10963 10965 10966 10879 10967 
3389 1801 1830 1831 1802 10966 10968 10969 10882 10970 
3390 1802 1831 1832 1803 10969 10971 10972 10885 10973 
3391 1803 1832 1833 1804 10972 10974 10975 10888 10976 
3392 1804 1833 1834 1805 10975 10977 10978 10891 10979 
3393 1805 1834 1835 1806 10978 10980 5045 10894 10981 
3394 118 119 1836 1807 205 10982 10983 10896 10984 
3395 1807 1836 1837 1808 10983 10985 10986 10899 10987 
3396 1808 1837 1838 1809 10986 10988 10989 10902 10990 
3397 1809 1838 1839 1810 10989 10991 10992 10905 10993 
3398 1810 1839 1840 1811 10992 10994 10995 10908 10996 
3399 1811 1840 1841 1812 10995 10997 10998 10911 10999 
3400 1812 1841 1842 1813 10998 11000 11001 10914 11002 
3401 1813 1842 1843 1814 11001 11003 11004 10917 11005 
3402 1814 1843 1844 1815 11004 11006 11007 10920 11008 
3403 1815 1844 1845 1816 11007 11009 11010 10923 11011 
3404 1816 1845 1846 1817 11010 11012 11013 10926 11014 
3405 1817 1846 1847 1818 11013 11015 11016 10929 11017 
3406 1818 1847 1848 1819 11016 11018 11019 10932 11020 
3407 1819 1848 1849 1820 11019 11021 11022 10935 11023 
3408 1820 1849 1850 1821 11022 11024 11025 10938 11026 
3409 1821 1850 1851 1822 11025 11027 11028 10941 11029 
3410 1822 1851 1852 1823 11028 11030 11031 10944 11032 
3411 1823 1852 1853 1824 11031 11033 11034 10947 11035 
3412 1824 1853 1854 1825 11034 11036 11037 10950 11038 
3413 1825 1854 1855 1826 11037 11039 11040 10953 11041 
3414 1826 1855 1856 1827 11040 11042 11043 10956 11044 
3415 1827 1856 1857 1828 11043 11045 11046 10959 11047 
3416 1828 1857 1858 1829 11046 11048 11049 10962 11050 
3417 1829 1858 1859 1830 11049 11051 11052 10965 11053 
3418 1830 1859 1860 1831 11052 11054 11055 10968 11056 
3419 1831 1860 1861 1832 11055 11057 11058 10971 11059 
3420 1832 1861 1862 1833 11058 11060 11061 10974 11062 
3421 1833 1862 1863 1834 11061 11063 11064 10977 11065 
3422 1834 1863 1864 1835 11064 11066 5048 10980 11067 
3423 119 120 2039 1836 206 11068 11069 10982 11070 
3424 1836 2039 2040 1837 11069 11071 11072 10985 11073 
3425 1837 2040 2041 1838 11072 11074 11075 10988 11076 
3426 1838 2041 2042 1839 11075 11077 11078 10991 11079 
3427 1839 2042 2043 1840 11078 11080 11081 10994 11082 
3428 1840 2043 2044 1841 11081 11083 11084 10997 11085 
3429 1841 2044 2045 1842 11084 11086 11087 11000 11088 
3430 1842 2045 2046 1843 11087 11089 11090 11003 11091 
3431 1843 2046 2047 1844 11090 11092 11093 11006 11094 
3432 1844 2047 2048 1845 11093 11095 11096 11009 11097 
3433 1845 2048 2049 1846 11096 11098 11099 11012 11100 
3434 1846 2049 2050 1847 11099 11101 11102 11015 11103 
3435 1847 2050 2051 1848 11102 11104 11105 11018 11106 
3436 1848 2051 2052 1849 11105 11107 11108 11021 11109 
3437 1849 2052 2053 1850 11108 11110 11111 11024 11112 
3438 1850 2053 2054 1851 11111 11113 11114 11027 11115 
3439 1851 2054 2055 1852 11114 11116 11117 11030 11118 
3440 1852 2055 2056 1853 11117 11119 11120 11033 11121 
3441 1853 2056 2057 1854 11120 11122 11123 11036 11124 
3442 1854 2057 2058 1855 11123 11125 11126 11039 11127 
3443 1855 2058 2059 1856 11126 11128 11129 11042 11130 
3444 1856 2059 2060 1857 11129 11131 11132 11045 11133 
3445 1857 2060 2061 1858 11132 11134 11135 11048 11136 
3446 1858 2061 2062 1859 11135 11137 11138 11051 11139 
3447 1859 2062 2063 1860 11138 11140 11141 11054 11142 
3448 1860 2063 2064 1861 11141 11143 11144 11057 11145 
3449 1861 2064 2065 1862 11144 11146 11147 11060 11148 
3450 1862 2065 2066 1863 11147 11149 11150 11063 11151 
3451 1863 2066 2067 1864 11150 11152 5051 11066 11153 
3452 120 121 2068 2039 207 11154 11155 11068 11156 
3453 2039 2068 2069 2040 11155 11157 11158 11071 11159 
3454 2040 2069 2070 2041 11158 11160 11161 11074 11162 
3455 2041 2070 2071 2042 11161 11163 11164 11077 11165 
3456 2042 2071 2072 2043 11164 11166 11167 11080 11168 
3457 2043 2072 2073 2044 11167 11169 11170 11083 11171 
3458 2044 2073 2074 2045 11170 11172 11173 11086 11174 
3459 2045 2074 2075 2046 11173 11175 11176 11089 11177 
3460 2046 2075 2076 2047 11176 11178 11179 11092 11180 
3461 2047 2076 2077 2048 11179 11181 11182 11095 11183 
3462 2048 2077 2078 2049 11182 11184 11185 11098 11186 
3463 2049 2078 2079 2050 11185 11187 11188 11101 11189 
3464 2050 2079 2080 2051 11188 11190 11191 11104 11192 
3465 2051 2080 2081 2052 11191 11193 11194 11107 11195 
3466 2052 2081 2082 2053 11194 11196 11197 11110 11198 
3467 2053 2082 2083 2054 11197 11199 11200 11113 11201 
3468 2054 2083 2084 2055 11200 11202 11203 11116 11204 
3469 2055 2084 2085 2056 11203 11205 11206 11119 11207 
3470 2056 2085 2086 2057 11206 11208 11209 11122 11210 
3471 2057 2086 2087 2058 11209 11211 11212 11125 11213 
3472 2058 2087 2088 2059 11212 11214 11215 11128 11216 
3473 2059 2088 2089 2060 11215 11217 11218 11131 11219 
3474 2060 2089 2090 2061 11218 11220 11221 11134 11222 
3475 2061 2090 2091 2062 11221 11223 11224 11137 11225 
3476 2062 2091 2092 2063 11224 11226 11227 11140 11228 
3477 2063 2092 2093 2064 11227 11229 11230 11143 11231 
3478 2064 2093 2094 2065 11230 11232 11233 11146 11234 
3479 2065 2094 2095 2066 11233 11235 11236 11149 11237 
3480 2066 2095 2096 2067 11236 11238 5054 11152 11239 
3481 121 122 2097 2068 208 11240 11241 11154 11242 
3482 2068 2097 2098 2069 11241 11243 11244 11157 11245 
3483 2069 2098 2099 2070 11244 11246 11247 11160 11248 
3484 2070 2099 2100 2071 11247 11249 11250 11163 11251 
3485 2071 2100 2101 2072 11250 11252 11253 11166 11254 
3486 2072 2101 2102 2073 11253 11255 11256 11169 11257 
3487 2073 2102 2103 2074 11256 11258 11259 11172 11260 
3488 2074 2103 2104 2075 11259 11261 11262 11175 11263 
3489 2075 2104 2105 2076 11262 11264 11265 11178 11266 
3490 2076 2105 2106 2077 11265 11267 11268 11181 11269 
3491 2077 2106 2107 2078 11268 11270 11271 11184 11272 
3492 2078 2107 2108 2079 11271 11273 11274 11187 11275 
3493 2079 2108 2109 2080 11274 11276 11277 11190 11278 
3494 2080 2109 2110 2081 11277 11279 11280 11193 11281 
3495 2081 2110 2111 2082 11280 11282 11283 11196 11284 
3496 2082 2111 2112 2083 11283 11285 11286 11199 11287 
3497 2083 2112 2113 2084 11286 11288 11289 11202 11290 
3498 2084 2113 2114 2085 11289 11291 11292 11205 11293 
3499 2085 2114 2115 2086 11292 11294 11295 11208 11296 
3500 2086 2115 2116 2087 11295 11297 11298 11211 11299 
3501 2087 2116 2117 2088 11298 11300 11301 11214 11302 
3502 2088 2117 2118 2089 11301 11303 11304 11217 11305 
3503 2089 2118 2119 2090 11304 11306 11307 11220 11308 
3504 2090 2119 2120 2091 11307 11309 11310 11223 11311 
3505 2091 2120 2121 2092 11310 11312 11313 11226 11314 
3506 2092 2121 2122 2093 11313 11315 11316 11229 11317 
3507 2093 2122 2123 2094 11316 11318 11319 11232 11320 
3508 2094 2123 2124 2095 11319 11321 11322 11235 11323 
3509 2095 2124 2125 2096 11322 11324 5057 11238 11325 
3510 122 123 2126 2097 209 11326 11327 11240 11328 
3511 2097 2126 2127 2098 11327 11329 11330 11243 11331 
3512 2098 2127 2128 2099 11330 11332 11333 11246 11334 
3513 2099 2128 2129 2100 11333 11335 11336 11249 11337 
3514 2100 2129 2130 2101 11336 11338 11339 11252 11340 
3515 2101 2130 2131 2102 11339 11341 11342 11255 11343 
3516 2102 2131 2132 2103 11342 11344 11345 11258 11346 
3517 2103 2132 2133 2104 11345 11347 11348 11261 11349 
3518 2104 2133 2134 2105 11348 11350 11351 11264 11352 
3519 2105 2134 2135 2106 11351 11353 11354 11267 11355 
3520 2106 2135 2136 2107 11354 11356 11357 11270 11358 
3521 2107 2136 2137 2108 11357 11359 11360 11273 11361 
3522 2108 2137 2138 2109 11360 11362 11363 11276 11364 
3523 2109 2138 2139 2110 11363 11365 11366 11279 11367 
3524 2110 2139 2140 2111 11366 11368 11369 11282 11370 
3525 2111 2140 2141 2112 11369 11371 11372 11285 11373 
3526 2112 2141 2142 2113 11372 11374 11375 11288 11376 
3527 2113 2142 2143 2114 11375 11377 11378 11291 11379 
3528 2114 2143 2144 2115 11378 11380 11381 11294 11382 
3529 2115 2144 2145 2116 11381 11383 11384 11297 11385 
3530 2116 2145 2146 2117 11384 11386 11387 11300 11388 
3531 2117 2146 2147 2118 11387 11389 11390 11303 11391 
3532 2118 2147 2148 2119 11390 11392 11393 11306 11394 
3533 2119 2148 2149 2120 11393 11395 11396 11309 11397 
3534 2120 2149 2150 2121 11396 11398 11399 11312 11400 
3535 2121 2150 2151 2122 11399 11401 11402 11315 11403 
3536 2122 2151 2152 2123 11402 11404 11405 11318 11406 
3537 2123 2152 2153 2124 11405 11407 11408 11321 11409 
3538 2124 2153 2154 2125 11408 11410 5060 11324 11411 
3539 123 124 2155 2126 210 11412 11413 11326 11414 
3540 2126 2155 2156 2127 11413 11415 11416 11329 11417 
3541 2127 2156 2157 2128 11416 11418 11419 11332 11420 
3542 2128 2157 2158 2129 11419 11421 11422 11335 11423 
3543 2129 2158 2159 2130 11422 11424 11425 11338 11426 
3544 2130 2159 2160 2131 11425 11427 11428 11341 11429 
3545 2131 2160 2161 2132 11428 11430 11431 11344 11432 
3546 2132 2161 2162 2133 11431 11433 11434 11347 11435 
3547 2133 2162 2163 2134 11434 11436 11437 11350 11438 
3548 2134 2163 2164 2135 11437 11439 11440 11353 11441 
3549 2135 2164 2165 2136 11440 11442 11443 11356 11444 
3550 2136 2165 2166 2137 11443 11445 11446 11359 11447 
3551 2137 2166 2167 2138 11446 11448 11449 11362 11450 
3552 2138 2167 2168 2139 11449 11451 11452 11365 11453 
3553 2139 2168 2169 2140 11452 11454 11455 11368 11456 
3554 2140 2169 2170 2141 11455 11457 11458 11371 11459 
3555 2141 2170 2171 2142 11458 11460 11461 11374 11462 
3556 2142 2171 2172 2143 11461 11463 11464 11377 11465 
3557 2143 2172 2173 2144 11464 11466 11467 11380 11468 
3558 2144 2173 2174 2145 11467 11469 11470 11383 11471 
3559 2145 2174 2175 2146 11470 11472 11473 11386 11474 
3560 2146 2175 2176 2147 11473 11475 11476 11389 11477 
3561 2147 2176 2177 2148 11476 11478 11479 11392 11480 
3562 2148 2177 2178 2149 11479 11481 11482 11395 11483 
3563 2149 2178 2179 2150 11482 11484 11485 11398 11486 
3564 2150 2179 2180 2151 11485 11487 11488 11401 11489 
3565 2151 2180 2181 2152 11488 11490 11491 11404 11492 
3566 2152 2181 2182 2153 11491 11493 11494 11407 11495 
3567 2153 2182 2183 2154 11494 11496 4876 11410 11497 
3568 124 125 2184 2155 211 11498 11499 11412 11500 
3569 2155 2184 2185 2156 11499 11501 11502 11415 11503 
3570 2156 2185 2186 2157 11502 11504 11505 11418 11506 
3571 2157 2186 2187 2158 11505 11507 11508 11421 11509 
3572 2158 2187 2188 2159 11508 11510 11511 11424 11512 
3573 2159 2188 2189 2160 11511 11513 11514 11427 11515 
3574 2160 2189 2190 2161 11514 11516 11517 11430 11518 
3575 2161 2190 2191 2162 11517 11519 11520 11433 11521 
3576 2162 2191 2192 2163 11520 11522 11523 11436 11524 
3577 2163 2192 2193 2164 11523 11525 11526 11439 11527 
3578 2164 2193 2194 2165 11526 11528 11529 11442 11530 
3579 2165 2194 2195 2166 11529 11531 11532 11445 11533 
3580 2166 2195 2196 2167 11532 11534 11535 11448 11536 
3581 2167 2196 2197 2168 11535 11537 11538 11451 11539 
3582 2168 2197 2198 2169 11538 11540 11541 11454 11542 
3583 2169 2198 2199 2170 11541 11543 11544 11457 11545 
3584 2170 2199 2200 2171 11544 11546 11547 11460 11548 
3585 2171 2200 2201 2172 11547 11549 11550 11463 11551 
3586 2172 2201 2202 2173 11550 11552 11553 11466 11554 
3587 2173 2202 2203 2174 11553 11555 11556 11469 11557 
3588 2174 2203 2204 2175 11556 11558 11559 11472 11560 
3589 2175 2204 2205 2176 11559 11561 11562 11475 11563 
3590 2176 2205 2206 2177 11562 11564 11565 11478 11566 
3591 2177 2206 2207 2178 11565 11567 11568 11481 11569 
3592 2178 2207 2208 2179 11568 11570 11571 11484 11572 
3593 2179 2208 2209 2180 11571 11573 11574 11487 11575 
3594 2180 2209 2210 2181 11574 11576 11577 11490 11578 
3595 2181 2210 2211 2182 11577 11579 11580 11493 11581 
3596 2182 2211 2212 2183 11580 11582 4633 11496 11583 
3597 125 126 1952 2184 212 11584 11585 11498 11586 
3598 2184 1952 1953 2185 11585 11587 11588 11501 11589 
3599 2185 1953 1954 2186 11588 11590 11591 11504 11592 
3600 2186 1954 1955 2187 11591 11593 11594 11507 11595 
3601 2187 1955 1956 2188 11594 11596 11597 11510 11598 
3602 2188 1956 1957 2189 11597 11599 11600 11513 11601 
3603 2189 1957 1958 2190 11600 11602 11603 11516 11604 
3604 2190 1958 1959 2191 11603 11605 11606 11519 11607 
3605 2191 1959 1960 2192 11606 11608 11609 11522 11610 
3606 2192 1960 1961 2193 11609 11611 11612 11525 11613 
3607 2193 1961 1962 2194 11612 11614 11615 11528 11616 
3608 2194 1962 1963 2195 11615 11617 11618 11531 11619 
3609 2195 1963 1964 2196 11618 11620 11621 11534 11622 
3610 2196 1964 1965 2197 11621 11623 11624 11537 11625 
3611 2197 1965 1966 2198 11624 11626 11627 11540 11628 
3612 2198 1966 1967 2199 11627 11629 11630 11543 11631 
3613 2199 1967 1968 2200 11630 11632 11633 11546 11634 
3614 2200 1968 1969 2201 11633 11635 11636 11549 11637 
3615 2201 1969 1970 2202 11636 11638 11639 11552 11640 
3616 2202 1970 1971 2203 11639 11641 11642 11555 11643 
3617 2203 1971 1972 2204 11642 11644 11645 11558 11646 
3618 2204 1972 1973 2205 11645 11647 11648 11561 11649 
3619 2205 1973 1974 2206 11648 11650 11651 11564 11652 
3620 2206 1974 1975 2207 11651 11653 11654 11567 11655 
3621 2207 1975 1976 2208 11654 11656 11657 11570 11658 
3622 2208 1976 1977 2209 11657 11659 11660 11573 11661 
3623 2209 1977 1978 2210 11660 11662 11663 11576 11664 
3624 2210 1978 1979 2211 11663 11665 11666 11579 11667 
3625 2211 1979 1980 2212 11666 11668 4383 11582 11669 
3626 126 127 1981 1952 213 11670 11671 11584 11672 
3627 1952 1981 1982 1953 11671 11673 11674 11587 11675 
3628 1953 1982 1983 1954 11674 11676 11677 11590 11678 
3629 1954 1983 1984 1955 11677 11679 11680 11593 11681 
3630 1955 1984 1985 1956 11680 11682 11683 11596 11684 
3631 1956 1985 1986 1957 11683 11685 11686 11599 11687 
3632 1957 1986 1987 1958 11686 11688 11689 11602 11690 
3633 1958 1987 1988 1959 11689 11691 11692 11605 11693 
3634 1959 1988 1989 1960 11692 11694 11695 11608 11696 
3635 1960 1989 1990 1961 11695 11697 11698 11611 11699 
3636 1961 1990 1991 1962 11698 11700 11701 11614 11702 
3637 1962 1991 1992 1963 11701 11703 11704 11617 11705 
3638 1963 1992 1993 1964 11704 11706 11707 11620 11708 
3639 1964 1993 1994 1965 11707 11709 11710 11623 11711 
3640 1965 1994 1995 1966 11710 11712 11713 11626 11714 
3641 1966 1995 1996 1967 11713 11715 11716 11629 11717 
3642 1967 1996 1997 1968 11716 11718 11719 11632 11720 
3643 1968 1997 1998 1969 11719 11721 11722 11635 11723 
3644 1969 1998 1999 1970 11722 11724 11725 11638 11726 
3645 1970 1999 2000 1971 11725 11727 11728 11641 11729 
3646 1971 2000 2001 1972 11728 11730 11731 11644 11732 
3647 1972 2001 2002 1973 11731 11733 11734 11647 11735 
3648 1973 2002 2003 1974 11734 11736 11737 11650 11738 
3649 1974 2003 2004 1975 11737 11739 11740 11653 11741 
3650 1975 2004 2005 1976 11740 11742 11743 11656 11744 
3651 1976 2005 2006 1977 11743 11745 11746 11659 11747 
3652 1977 2006 2007 1978 11746 11748 11749 11662 11750 
3653 1978 2007 2008 1979 11749 11751 11752 11665 11753 
3654 1979 2008 2009 1980 11752 11754 4020 11668 11755 
3655 127 128 2010 1981 214 11756 11757 11670 11758 
3656 1981 2010 2011 1982 11757 11759 11760 11673 11761 
3657 1982 2011 2012 1983 11760 11762 11763 11676 11764 
3658 1983 2012 2013 1984 11763 11765 11766 11679 11767 
3659 1984 2013 2014 1985 11766 11768 11769 11682 11770 
3660 1985 2014 2015 1986 11769 11771 11772 11685 11773 
3661 1986 2015 2016 1987 11772 11774 11775 11688 11776 
3662 1987 2016 2017 1988 11775 11777 11778 11691 11779 
3663 1988 2017 2018 1989 11778 11780 11781 11694 11782 
3664 1989 2018 2019 1990 11781 11783 11784 11697 11785 
3665 1990 2019 2020 1991 11784 11786 11787 11700 11788 
3666 1991 2020 2021 1992 11787 11789 11790 11703 11791 
3667 1992 2021 2022 1993 11790 11792 11793 11706 11794 
3668 1993 2022 2023 1994 11793 11795 11796 11709 11797 
3669 1994 2023 2024 1995 11796 11798 11799 11712 11800 
3670 1995 2024 2025 1996 11799 11801 11802 11715 11803 
3671 1996 2025 2026 1997 11802 11804 11805 11718 11806 
3672 1997 2026 2027 1998 11805 11807 11808 11721 11809 
3673 1998 2027 2028 1999 11808 11810 11811 11724 11812 
3674 1999 2028 2029 2000 11811 11813 11814 11727 11815 
3675 2000 2029 2030 2001 11814 11816 11817 11730 11818 
3676 2001 2030 2031 2002 11817 11819 11820 11733 11821 
3677 2002 2031 2032 2003 11820 11822 11823 11736 11824 
3678 2003 2032 2033 2004 11823 11825 11826 11739 11827 
3679 2004 2033 2034 2005 11826 11828 11829 11742 11830 
3680 2005 2034 2035 2006 11829 11831 11832 11745 11833 
3681 2006 2035 2036 2007 11832 11834 11835 11748 11836 
3682 2007 2036 2037 2008 11835 11837 11838 11751 11839 
3683 2008 2037 2038 2009 11838 11840 4597 11754 11841 
3684 128 129 1865 2010 215 11842 11843 11756 11844 
3685 2010 1865 1866 2011 11843 11845 11846 11759 11847 
3686 2011 1866 1867 2012 11846 11848 11849 11762 11850 
3687 2012 1867 1868 2013 11849 11851 11852 11765 11853 
3688 2013 1868 1869 2014 11852 11854 11855 11768 11856 
3689 2014 1869 1870 2015 11855 11857 11858 11771 11859 
3690 2015 1870 1871 2016 11858 11860 11861 11774 11862 
3691 2016 1871 1872 2017 11861 11863 11864 11777 11865 
3692 2017 1872 1873 2018 11864 11866 11867 11780 11868 
3693 2018 1873 1874 2019 11867 11869 11870 11783 11871 
3694 2019 1874 1875 2020 11870 11872 11873 11786 11874 
3695 2020 1875 1876 2021 11873 11875 11876 11789 11877 
3696 2021 1876 1877 2022 11876 11878 11879 11792 11880 
3697 2022 1877 1878 2023 11879 11881 11882 11795 11883 
3698 2023 1878 1879 2024 11882 11884 11885 11798 11886 
3699 2024 1879 1880 2025 11885 11887 11888 11801 11889 
3700 2025 1880 1881 2026 11888 11890 11891 11804 11892 
3701 2026 1881 1882 2027 11891 11893 11894 11807 11895 
3702 2027 1882 1883 2028 11894 11896 11897 11810 11898 
3703 2028 1883 1884 2029 11897 11899 11900 11813 11901 
3704 2029 1884 1885 2030 11900 11902 11903 11816 11904 
3705 2030 1885 1886 2031 11903 11905 11906 11819 11907 
3706 2031 1886 1887 2032 11906 11908 11909 11822 11910 
3707 2032 1887 1888 2033 11909 11911 11912 11825 11913 
3708 2033 1888 1889 2034 11912 11914 11915 11828 11916 
3709 2034 1889 1890 2035 11915 11917 11918 11831 11919 
3710 2035 1890 1891 2036 11918 11920 11921 11834 11922 
3711 2036 1891 1892 2037 11921 11923 11924 11837 11925 
3712 2037 1892 1893 2038 11924 11926 4650 11840 11927 
3713 129 130 1894 1865 216 11928 11929 11842 11930 
3714 1865 1894 1895 1866 11929 11931 11932 11845 11933 
3715 1866 1895 1896 1867 11932 11934 11935 11848 11936 
3716 1867 1896 1897 1868 11935 11937 11938 11851 11939 
3717 1868 1897 1898 1869 11938 11940 11941 11854 11942 
3718 1869 1898 1899 1870 11941 11943 11944 11857 11945 
3719 1870 1899 1900 1871 11944 11946 11947 11860 11948 
3720 1871 1900 1901 1872 11947 11949 11950 11863 11951 
3721 1872 1901 1902 1873 11950 11952 11953 11866 11954 
3722 1873 1902 1903 1874 11953 11955 11956 11869 11957 
3723 1874 1903 1904 1875 11956 11958 11959 11872 11960 
3724 1875 1904 1905 1876 11959 11961 11962 11875 11963 
3725 1876 1905 1906 1877 11962 11964 11965 11878 11966 
3726 1877 1906 1907 1878 11965 11967 11968 11881 11969 
3727 1878 1907 1908 1879 11968 11970 11971 11884 11972 
3728 1879 1908 1909 1880 11971 11973 11974 11887 11975 
3729 1880 1909 1910 1881 11974 11976 11977 11890 11978 
3730 1881 1910 1911 1882 11977 11979 11980 11893 11981 
3731 1882 1911 1912 1883 11980 11982 11983 11896 11984 
3732 1883 1912 1913 1884 11983 11985 11986 11899 11987 
3733 1884 1913 1914 1885 11986 11988 11989 11902 11990 
3734 1885 1914 1915 1886 11989 11991 11992 11905 11993 
3735 1886 1915 1916 1887 11992 11994 11995 11908 11996 
3736 1887 1916 1917 1888 11995 11997 11998 11911 11999 
3737 1888 1917 1918 1889 11998 12000 12001 11914 12002 
3738 1889 1918 1919 1890 12001 12003 12004 11917 12005 
3739 1890 1919 1920 1891 12004 12006 12007 11920 12008 
3740 1891 1920 1921 1892 12007 12009 12010 11923 12011 
3741 1892 1921 1922 1893 12010 12012 4604 11926 12013 
3742 130 131 1923 1894 217 12014 12015 11928 12016 
3743 1894 1923 1924 1895 12015 12017 12018 11931 12019 
3744 1895 1924 1925 1896 12018 12020 12021 11934 12022 
3745 1896 1925 1926 1897 12021 12023 12024 11937 12025 
3746 1897 1926 1927 1898 12024 12026 12027 11940 12028 
3747 1898 1927 1928 1899 12027 12029 12030 11943 12031 
3748 1899 1928 1929 1900 12030 12032 12033 11946 12034 
3749 1900 1929 1930 1901 12033 12035 12036 11949 12037 
3750 1901 1930 1931 1902 12036 12038 12039 11952 12040 
3751 1902 1931 1932 1903 12039 12041 12042 11955 12043 
3752 1903 1932 1933 1904 12042 12044 12045 11958 12046 
3753 1904 1933 1934 1905 12045 12047 12048 11961 12049 
3754 1905 1934 1935 1906 12048 12050 12051 11964 12052 
3755 1906 1935 1936 1907 12051 12053 12054 11967 12055 
3756 1907 1936 1937 1908 12054 12056 12057 11970 12058 
3757 1908 1937 1938 1909 12057 12059 12060 11973 12061 
3758 1909 1938 1939 1910 12060 12062 12063 11976 12064 
3759 1910 1939 1940 1911 12063 12065 12066 11979 12067 
3760 1911 1940 1941 1912 12066 12068 12069 11982 12070 
3761 1912 1941 1942 1913 12069 12071 12072 11985 12073 
3762 1913 1942 1943 1914 12072 12074 12075 11988 12076 
3763 1914 1943 1944 1915 12075 12077 12078 11991 12079 
3764 1915 1944 1945 1916 12078 12080 12081 11994 12082 
3765 1916 1945 1946 1917 12081 12083 12084 11997 12085 
3766 1917 1946 1947 1918 12084 12086 12087 12000 12088 
3767 1918 1947 1948 1919 12087 12089 12090 12003 12091 
3768 1919 1948 1949 1920 12090 12092 12093 12006 12094 
3769 1920 1949 1950 1921 12093 12095 12096 12009 12097 
3770 1921 1950 1951 1922 12096 12098 4122 12012 12099 
3771 131 132 2213 1923 218 8977 12100 12014 12101 
3772 1923 2213 2214 1924 12100 8981 12102 12017 12103 
3773 1924 2214 2215 1925 12102 8985 12104 12020 12105 
3774 1925 2215 2216 1926 12104 8989 12106 12023 12107 
3775 1926 2216 2217 1927 12106 8993 12108 12026 12109 
3776 1927 2217 2218 1928 12108 8997 12110 12029 12111 
3777 1928 2218 2219 1929 12110 9001 12112 12032 12113 
3778 1929 2219 2220 1930 12112 9005 12114 12035 12115 
3779 1930 2220 2221 1931 12114 9009 12116 12038 12117 
3780 1931 2221 2222 1932 12116 9013 12118 12041 12119 
3781 1932 2222 2223 1933 12118 9017 12120 12044 12121 
3782 1933 2223 2224 1934 12120 9021 12122 12047 12123 
3783 1934 2224 2225 1935 12122 9025 12124 12050 12125 
3784 1935 2225 2226 1936 12124 9029 12126 12053 12127 
3785 1936 2226 2227 1937 12126 9033 12128 12056 12129 
3786 1937 2227 2228 1938 12128 9037 12130 12059 12131 
3787 1938 2228 2229 1939 12130 9041 12132 12062 12133 
3788 1939 2229 2230 1940 12132 9045 12134 12065 12135 
3789 1940 2230 2231 1941 12134 9049 12136 12068 12137 
3790 1941 2231 2232 1942 12136 9053 12138 12071 12139 
3791 1942 2232 2233 1943 12138 9057 12140 12074 12141 
3792 1943 2233 2234 1944 12140 9061 12142 12077 12143 
3793 1944 2234 2235 1945 12142 9065 12144 12080 12145 
3794 1945 2235 2236 1946 12144 9069 12146 12083 12147 
3795 1946 2236 2237 1947 12146 9073 12148 12086 12149 
3796 1947 2237 2238 1948 12148 9077 12150 12089 12151 
3797 1948 2238 2239 1949 12150 9081 12152 12092 12153 
3798 1949 2239 2240 1950 12152 9085 12154 12095 12155 
3799 1950 2240 2241 1951 12154 9088 4767 12098 12156 
3800 136 137 2822 2793 223 12157 12158 9262 12159 
3801 2793 2822 2823 2794 12158 12160 12161 9265 12162 
3802 2794 2823 2824 2795 12161 12163 12164 9268 12165 
3803 2795 2824 2825 2796 12164 12166 12167 9271 12168 
3804 2796 2825 2826 2797 12167 12169 12170 9274 12171 
3805 2797 2826 2827 2798 12170 12172 12173 9277 12174 
3806 2798 2827 2828 2799 12173 12175 12176 9280 12177 
3807 2799 2828 2829 2800 12176 12178 12179 9283 12180 
3808 2800 2829 2830 2801 12179 12181 12182 9286 12183 
3809 2801 2830 2831 2802 12182 12184 12185 9289 12186 
3810 2802 2831 2832 2803 12185 12187 12188 9292 12189 
3811 2803 2832 2833 2804 12188 12190 12191 9295 12192 
3812 2804 2833 2834 2805 12191 12193 12194 9298 12195 
3813 2805 2834 2835 2806 12194 12196 12197 9301 12198 
3814 2806 2835 2836 2807 12197 12199 12200 9304 12201 
3815 2807 2836 2837 2808 12200 12202 12203 9307 12204 
3816 2808 2837 2838 2809 12203 12205 12206 9310 12207 
3817 2809 2838 2839 2810 12206 12208 12209 9313 12210 
3818 2810 2839 2840 2811 12209 12211 12212 9316 12213 
3819 2811 2840 2841 2812 12212 12214 12215 9319 12216 
3820 2812 2841 2842 2813 12215 12217 12218 9322 12219 
3821 2813 2842 2843 2814 12218 12220 12221 9325 12222 
3822 2814 2843 2844 2815 12221 12223 12224 9328 12225 
3823 2815 2844 2845 2816 12224 12226 12227 9331 12228 
3824 2816 2845 2846 2817 12227 12229 12230 9334 12231 
3825 2817 2846 2847 2818 12230 12232 12233 9337 12234 
3826 2818 2847 2848 2819 12233 12235 12236 9340 12237 
3827 2819 2848 2849 2820 12236 12238 12239 9343 12240 
3828 2820 2849 2850 2821 12239 12241 4729 9346 12242 
3829 137 138 560 2822 224 12243 12244 12157 12245 
3830 2822 560 561 2823 12244 12246 12247 12160 12248 
3831 2823 561 562 2824 12247 12249 12250 12163 12251 
3832 2824 562 563 2825 12250 12252 12253 12166 12254 
3833 2825 563 564 2826 12253 12255 12256 12169 12257 
3834 2826 564 565 2827 12256 12258 12259 12172 12260 
3835 2827 565 566 2828 12259 12261 12262 12175 12263 
3836 2828 566 567 2829 12262 12264 12265 12178 12266 
3837 2829 567 568 2830 12265 12267 12268 12181 12269 
3838 2830 568 569 2831 12268 12270 12271 12184 12272 
3839 2831 569 570 2832 12271 12273 12274 12187 12275 
3840 2832 570 571 2833 12274 12276 12277 12190 12278 
3841 2833 571 572 2834 12277 12279 12280 12193 12281 
3842 2834 572 573 2835 12280 12282 12283 12196 12284 
3843 2835 573 574 2836 12283 12285 12286 12199 12287 
3844 2836 574 575 2837 12286 12288 12289 12202 12290 
3845 2837 575 576 2838 12289 12291 12292 12205 12293 
3846 2838 576 577 2839 12292 12294 12295 12208 12296 
3847 2839 577 578 2840 12295 12297 12298 12211 12299 
3848 2840 578 579 2841 12298 12300 12301 12214 12302 
3849 2841 579 580 2842 12301 12303 12304 12217 12305 
3850 2842 580 581 2843 12304 12306 12307 12220 12308 
3851 2843 581 582 2844 12307 12309 12310 12223 12311 
3852 2844 582 583 2845 12310 12312 12313 12226 12314 
3853 2845 583 584 2846 12313 12315 12316 12229 12317 
3854 2846 584 585 2847 12316 12318 12319 12232 12320 
3855 2847 585 586 2848 12319 12321 12322 12235 12323 
3856 2848 586 587 2849 12322 12324 12325 12238 12326 
3857 2849 587 588 2850 12325 12327 4852 12241 12328 
3858 138 139 589 560 225 12329 12330 12243 12331 
3859 560 589 590 561 12330 12332 12333 12246 12334 
3860 561 590 591 562 12333 12335 12336 12249 12337 
3861 562 591 592 563 12336 12338 12339 12252 12340 
3862 563 592 593 564 12339 12341 12342 12255 12343 
3863 564 593 594 565 12342 12344 12345 12258 12346 
3864 565 594 595 566 12345 12347 12348 12261 12349 
3865 566 595 596 567 12348 12350 12351 12264 12352 
3866 567 596 597 568 12351 12353 12354 12267 12355 
3867 568 597 598 569 12354 12356 12357 12270 12358 
3868 569 598 599 570 12357 12359 12360 12273 12361 
3869 570 599 600 571 12360 12362 12363 12276 12364 
3870 571 600 601 572 12363 12365 12366 12279 12367 
3871 572 601 602 573 12366 12368 12369 12282 12370 
3872 573 602 603 574 12369 12371 12372 12285 12373 
3873 574 603 604 575 12372 12374 12375 12288 12376 
3874 575 604 605 576 12375 12377 12378 12291 12379 
3875 576 605 606 577 12378 12380 12381 12294 12382 
3876 577 606 607 578 12381 12383 12384 12297 12385 
3877 578 607 608 579 12384 12386 12387 12300 12388 
3878 579 608 609 580 12387 12389 12390 12303 12391 
3879 580 609 610 581 12390 12392 12393 12306 12394 
3880 581 610 611 582 12393 12395 12396 12309 12397 
3881 582 611 612 583 12396 12398 12399 12312 12400 
3882 583 612 613 584 12399 12401 12402 12315 12403 
3883 584 613 614 585 12402 12404 12405 12318 12406 
3884 585 614 615 586 12405 12407 12408 12321 12409 
3885 586 615 616 587 12408 12410 12411 12324 12412 
3886 587 616 617 588 12411 12413 4885 12327 12414 
3887 139 140 618 589 226 12415 12416 12329 12417 
3888 589 618 619 590 12416 12418 12419 12332 12420 
3889 590 619 620 591 12419 12421 12422 12335 12423 
3890 591 620 621 592 12422 12424 12425 12338 12426 
3891 592 621 622 593 12425 12427 12428 12341 12429 
3892 593 622 623 594 12428 12430 12431 12344 12432 
3893 594 623 624 595 12431 12433 12434 12347 12435 
3894 595 624 625 596 12434 12436 12437 12350 12438 
3895 596 625 626 597 12437 12439 12440 12353 12441 
3896 597 626 627 598 12440 12442 12443 12356 12444 
3897 598 627 628 599 12443 12445 12446 12359 12447 
3898 599 628 629 600 12446 12448 12449 12362 12450 
3899 600 629 630 601 12449 12451 12452 12365 12453 
3900 601 630 631 602 12452 12454 12455 12368 12456 
3901 602 631 632 603 12455 12457 12458 12371 12459 
3902 603 632 633 604 12458 12460 12461 12374 12462 
3903 604 633 634 605 12461 12463 12464 12377 12465 
3904 605 634 635 606 12464 12466 12467 12380 12468 
3905 606 635 636 607 12467 12469 12470 12383 12471 
3906 607 636 637 608 12470 12472 12473 12386 12474 
3907 608 637 638 609 12473 12475 12476 12389 12477 
3908 609 638 639 610 12476 12478 12479 12392 12480 
3909 610 639 640 611 12479 12481 12482 12395 12483 
3910 611 640 641 612 12482 12484 12485 12398 12486 
3911 612 641 642 613 12485 12487 12488 12401 12489 
3912 613 642 643 614 12488 12490 12491 12404 12492 
3913 614 643 644 615 12491 12493 12494 12407 12495 
3914 615 644 645 616 12494 12496 12497 12410 12498 
3915 616 645 646 617 12497 12499 5067 12413 12500 
3916 140 141 908 618 227 12501 12502 12415 12503 
3917 618 908 909 619 12502 12504 12505 12418 12506 
3918 619 909 910 620 12505 12507 12508 12421 12509 
3919 620 910 911 621 12508 12510 12511 12424 12512 
3920 621 911 912 622 12511 12513 12514 12427 12515 
3921 622 912 913 623 12514 12516 12517 12430 12518 
3922 623 913 914 624 12517 12519 12520 12433 12521 
3923 624 914 915 625 12520 12522 12523 12436 12524 
3924 625 915 916 626 12523 12525 12526 12439 12527 
3925 626 916 917 627 12526 12528 12529 12442 12530 
3926 627 917 918 628 12529 12531 12532 12445 12533 
3927 628 918 919 629 12532 12534 12535 12448 12536 
3928 629 919 920 630 12535 12537 12538 12451 12539 
3929 630 920 921 631 12538 12540 12541 12454 12542 
3930 631 921 922 632 12541 12543 12544 12457 12545 
3931 632 922 923 633 12544 12546 12547 12460 12548 
3932 633 923 924 634 12547 12549 12550 12463 12551 
3933 634 924 925 635 12550 12552 12553 12466 12554 
3934 635 925 926 636 12553 12555 12556 12469 12557 
3935 636 926 927 637 12556 12558 12559 12472 12560 
3936 637 927 928 638 12559 12561 12562 12475 12563 
3937 638 928 929 639 12562 12564 12565 12478 12566 
3938 639 929 930 640 12565 12567 12568 12481 12569 
3939 640 930 931 641 12568 12570 12571 12484 12572 
3940 641 931 932 642 12571 12573 12574 12487 12575 
3941 642 932 933 643 12574 12576 12577 12490 12578 
3942 643 933 934 644 12577 12579 12580 12493 12581 
3943 644 934 935 645 12580 12582 12583 12496 12584 
3944 645 935 936 646 12583 12585 4961 12499 12586 
3945 141 142 937 908 228 12587 12588 12501 12589 
3946 908 937 938 909 12588 12590 12591 12504 12592 
3947 909 938 939 910 12591 12593 12594 12507 12595 
3948 910 939 940 911 12594 12596 12597 12510 12598 
3949 911 940 941 912 12597 12599 12600 12513 12601 
3950 912 941 942 913 12600 12602 12603 12516 12604 
3951 913 942 943 914 12603 12605 12606 12519 12607 
3952 914 943 944 915 12606 12608 12609 12522 12610 
3953 915 944 945 916 12609 12611 12612 12525 12613 
3954 916 945 946 917 12612 12614 12615 12528 12616 
3955 917 946 947 918 12615 12617 12618 12531 12619 
3956 918 947 948 919 12618 12620 12621 12534 12622 
3957 919 948 949 920 12621 12623 12624 12537 12625 
3958 920 949 950 921 12624 12626 12627 12540 12628 
3959 921 950 951 922 12627 12629 12630 12543 12631 
3960 922 951 952 923 12630 12632 12633 12546 12634 
3961 923 952 953 924 12633 12635 12636 12549 12637 
3962 924 953 954 925 12636 12638 12639 12552 12640 
3963 925 954 955 926 12639 12641 12642 12555 12643 
3964 926 955 956 927 12642 12644 12645 12558 12646 
3965 927 956 957 928 12645 12647 12648 12561 12649 
3966 928 957 958 929 12648 12650 12651 12564 12652 
3967 929 958 959 930 12651 12653 12654 12567 12655 
3968 930 959 960 931 12654 12656 12657 12570 12658 
3969 931 960 961 932 12657 12659 12660 12573 12661 
3970 932 961 962 933 12660 12662 12663 12576 12664 
3971 933 962 963 934 12663 12665 12666 12579 12667 
3972 934 963 964 935 12666 12668 12669 12582 12670 
3973 935 964 965 936 12669 12671 5204 12585 12672 
3974 142 143 966 937 229 12673 12674 12587 12675 
3975 937 966 967 938 12674 12676 12677 12590 12678 
3976 938 967 968 939 12677 12679 12680 12593 12681 
3977 939 968 969 940 12680 12682 12683 12596 12684 
3978 940 969 970 941 12683 12685 12686 12599 12687 
3979 941 970 971 942 12686 12688 12689 12602 12690 
3980 942 971 972 943 12689 12691 12692 12605 12693 
3981 943 972 973 944 12692 12694 12695 12608 12696 
3982 944 973 974 945 12695 12697 12698 12611 12699 
3983 945 974 975 946 12698 12700 12701 12614 12702 
3984 946 975 976 947 12701 12703 12704 12617 12705 
3985 947 976 977 948 12704 12706 12707 12620 12708 
3986 948 977 978 949 12707 12709 12710 12623 12711 
3987 949 978 979 950 12710 12712 12713 12626 12714 
3988 950 979 980 951 12713 12715 12716 12629 12717 
3989 951 980 981 952 12716 12718 12719 12632 12720 
3990 952 981 982 953 12719 12721 12722 12635 12723 
3991 953 982 983 954 12722 12724 12725 12638 12726 
3992 954 983 984 955 12725 12727 12728 12641 12729 
3993 955 984 985 956 12728 12730 12731 12644 12732 
3994 956 985 986 957 12731 12733 12734 12647 12735 
3995 957 986 987 958 12734 12736 12737 12650 12738 
3996 958 987 988 959 12737 12739 12740 12653 12741 
3997 959 988 989 960 12740 12742 12743 12656 12744 
3998 960 989 990 961 12743 12745 12746 12659 12747 
3999 961 990 991 962 12746 12748 12749 12662 12750 
4000 962 991 992 963 12749 12751 12752 12665 12753 
4001 963 992 993 964 12752 12754 12755 12668 12756 
4002 964 993 994 965 12755 12757 4954 12671 12758 
4003 143 144 1082 966 230 12759 12760 12673 12761 
4004 966 1082 1083 967 12760 12762 12763 12676 12764 
4005 967 1083 1084 968 12763 12765 12766 12679 12767 
4006 968 1084 1085 969 12766 12768 12769 12682 12770 
4007 969 1085 1086 970 12769 12771 12772 12685 12773 
4008 970 1086 1087 971 12772 12774 12775 12688 12776 
4009 971 1087 1088 972 12775 12777 12778 12691 12779 
4010 972 1088 1089 973 12778 12780 12781 12694 12782 
4011 973 1089 1090 974 12781 12783 12784 12697 12785 
4012 974 1090 1091 975 12784 12786 12787 12700 12788 
4013 975 1091 1092 976 12787 12789 12790 12703 12791 
4014 976 1092 1093 977 12790 12792 12793 12706 12794 
4015 977 1093 1094 978 12793 12795 12796 12709 12797 
4016 978 1094 1095 979 12796 12798 12799 12712 12800 
4017 979 1095 1096 980 12799 12801 12802 12715 12803 
4018 980 1096 1097 981 12802 12804 12805 12718 12806 
4019 981 1097 1098 982 12805 12807 12808 12721 12809 
4020 982 1098 1099 983 12808 12810 12811 12724 12812 
4021 983 1099 1100 984 12811 12813 12814 12727 12815 
4022 984 1100 1101 985 12814 12816 12817 12730 12818 
4023 985 1101 1102 986 12817 12819 12820 12733 12821 
4024 986 1102 1103 987 12820 12822 12823 12736 12824 
4025 987 1103 1104 988 12823 12825 12826 12739 12827 
4026 988 1104 1105 989 12826 12828 12829 12742 12830 
4027 989 1105 1106 990 12829 12831 12832 12745 12833 
4028 990 1106 1107 991 12832 12834 12835 12748 12836 
4029 991 1107 1108 992 12835 12837 12838 12751 12839 
4030 992 1108 1109 993 12838 12840 12841 12754 12842 
4031 993 1109 1110 994 12841 12843 5092 12757 12844 
4032 144 145 1111 1082 231 12845 12846 12759 12847 
4033 1082 1111 1112 1083 12846 12848 12849 12762 12850 
4034 1083 1112 1113 1084 12849 12851 12852 12765 12853 
4035 1084 1113 1114 1085 12852 12854 12855 12768 12856 
4036 1085 1114 1115 1086 12855 12857 12858 12771 12859 
4037 1086 1115 1116 1087 12858 12860 12861 12774 12862 
4038 1087 1116 1117 1088 12861 12863 12864 12777 12865 
4039 1088 1117 1118 1089 12864 12866 12867 12780 12868 
4040 1089 1118 1119 1090 12867 12869 12870 12783 12871 
4041 1090 1119 1120 1091 12870 12872 12873 12786 12874 
4042 1091 1120 1121 1092 12873 12875 12876 12789 12877 
4043 1092 1121 1122 1093 12876 12878 12879 12792 12880 
4044 1093 1122 1123 1094 12879 12881 12882 12795 12883 
4045 1094 1123 1124 1095 12882 12884 12885 12798 12886 
4046 1095 1124 1125 1096 12885 12887 12888 12801 12889 
4047 1096 1125 1126 1097 12888 12890 12891 12804 12892 
4048 1097 1126 1127 1098 12891 12893 12894 12807 12895 
4049 1098 1127 1128 1099 12894 12896 12897 12810 12898 
4050 1099 1128 1129 1100 12897 12899 12900 12813 12901 
4051 1100 1129 1130 1101 12900 12902 12903 12816 12904 
4052 1101 1130 1131 1102 12903 12905 12906 12819 12907 
4053 1102 1131 1132 1103 12906 12908 12909 12822 12910 
4054 1103 1132 1133 1104 12909 12911 12912 12825 12913 
4055 1104 1133 1134 1105 12912 12914 12915 12828 12916 
4056 1105 1134 1135 1106 12915 12917 12918 12831 12919 
4057 1106 1135 1136 1107 12918 12920 12921 12834 12922 
4058 1107 1136 1137 1108 12921 12923 12924 12837 12925 
4059 1108 1137 1138 1109 12924 12926 12927 12840 12928 
4060 1109 1138 1139 1110 12927 12929 4947 12843 12930 
4061 145 146 1140 1111 232 12931 12932 12845 12933 
4062 1111 1140 1141 1112 12932 12934 12935 12848 12936 
4063 1112 1141 1142 1113 12935 12937 12938 12851 12939 
4064 1113 1142 1143 1114 12938 12940 12941 12854 12942 
4065 1114 1143 1144 1115 12941 12943 12944 12857 12945 
4066 1115 1144 1145 1116 12944 12946 12947 12860 12948 
4067 1116 1145 1146 1117 12947 12949 12950 12863 12951 
4068 1117 1146 1147 1118 12950 12952 12953 12866 12954 
4069 1118 1147 1148 1119 12953 12955 12956 12869 12957 
4070 1119 1148 1149 1120 12956 12958 12959 12872 12960 
4071 1120 1149 1150 1121 12959 12961 12962 12875 12963 
4072 1121 1150 1151 1122 12962 12964 12965 12878 12966 
4073 1122 1151 1152 1123 12965 12967 12968 12881 12969 
4074 1123 1152 1153 1124 12968 12970 12971 12884 12972 
4075 1124 1153 1154 1125 12971 12973 12974 12887 12975 
4076 1125 1154 1155 1126 12974 12976 12977 12890 12978 
4077 1126 1155 1156 1127 12977 12979 12980 12893 12981 
4078 1127 1156 1157 1128 12980 12982 12983 12896 12984 
4079 1128 1157 1158 1129 12983 12985 12986 12899 12987 
4080 1129 1158 1159 1130 12986 12988 12989 12902 12990 
4081 1130 1159 1160 1131 12989 12991 12992 12905 12993 
4082 1131 1160 1161 1132 12992 12994 12995 12908 12996 
4083 1132 1161 1162 1133 12995 12997 12998 12911 12999 
4084 1133 1162 1163 1134 12998 13000 13001 12914 13002 
4085 1134 1163 1164 1135 13001 13003 13004 12917 13005 
4086 1135 1164 1165 1136 13004 13006 13007 12920 13008 
4087 1136 1165 1166 1137 13007 13009 13010 12923 13011 
4088 1137 1166 1167 1138 13010 13012 13013 12926 13014 
4089 1138 1167 1168 1139 13013 13015 5307 12929 13016 
4090 146 147 357 1140 233 13017 13018 12931 13019 
4091 1140 357 358 1141 13018 13020 13021 12934 13022 
4092 1141 358 359 1142 13021 13023 13024 12937 13025 
4093 1142 359 360 1143 13024 13026 13027 12940 13028 
4094 1143 360 361 1144 13027 13029 13030 12943 13031 
4095 1144 361 362 1145 13030 13032 13033 12946 13034 
4096 1145 362 363 1146 13033 13035 13036 12949 13037 
4097 1146 363 364 1147 13036 13038 13039 12952 13040 
4098 1147 364 365 1148 13039 13041 13042 12955 13043 
4099 1148 365 366 1149 13042 13044 13045 12958 13046 
4100 1149 366 367 1150 13045 13047 13048 12961 13049 
4101 1150 367 368 1151 13048 13050 13051 12964 13052 
4102 1151 368 369 1152 13051 13053 13054 12967 13055 
4103 1152 369 370 1153 13054 13056 13057 12970 13058 
4104 1153 370 371 1154 13057 13059 13060 12973 13061 
4105 1154 371 372 1155 13060 13062 13063 12976 13064 
4106 1155 372 373 1156 13063 13065 13066 12979 13067 
4107 1156 373 374 1157 13066 13068 13069 12982 13070 
4108 1157 374 375 1158 13069 13071 13072 12985 13073 
4109 1158 375 376 1159 13072 13074 13075 12988 13076 
4110 1159 376 377 1160 13075 13077 13078 12991 13079 
4111 1160 377 378 1161 13078 13080 13081 12994 13082 
4112 1161 378 379 1162 13081 13083 13084 12997 13085 
4113 1162 379 380 1163 13084 13086 13087 13000 13088 
4114 1163 380 381 1164 13087 13089 13090 13003 13091 
4115 1164 381 382 1165 13090 13092 13093 13006 13094 
4116 1165 382 383 1166 13093 13095 13096 13009 13097 
4117 1166 383 384 1167 13096 13098 13099 13012 13100 
4118 1167 384 385 1168 13099 13101 5516 13015 13102 
4119 147 3 235 357 234 266 13103 13017 13104 
4120 357 235 236 358 13103 267 13105 13020 13106 
4121 358 236 237 359 13105 268 13107 13023 13108 
4122 359 237 238 360 13107 269 13109 13026 13110 
4123 360 238 239 361 13109 270 13111 13029 13112 
4124 361 239 240 362 13111 271 13113 13032 13114 
4125 362 240 241 363 13113 272 13115 13035 13116 
4126 363 241 242 364 13115 273 13117 13038 13118 
4127 364 242 243 365 13117 274 13119 13041 13120 
4128 365 243 244 366 13119 275 13121 13044 13122 
4129 366 244 245 367 13121 276 13123 13047 13124 
4130 367 245 246 368 13123 277 13125 13050 13126 
4131 368 246 247 369 13125 278 13127 13053 13128 
4132 369 247 248 370 13127 279 13129 13056 13130 
4133 370 248 249 371 13129 280 13131 13059 13132 
4134 371 249 250 372 13131 281 13133 13062 13134 
4135 372 250 251 373 13133 282 13135 13065 13136 
4136 373 251 252 374 13135 283 13137 13068 13138 
4137 374 252 253 375 13137 284 13139 13071 13140 
4138 375 253 254 376 13139 285 13141 13074 13142 
4139 376 254 255 377 13141 286 13143 13077 13144 
4140 377 255 256 378 13143 287 13145 13080 13146 
4141 378 256 257 379 13145 288 13147 13083 13148 
4142 379 257 258 380 13147 289 13149 13086 13150 
4143 380 258 259 381 13149 290 13151 13089 13152 
4144 381 259 260 382 13151 291 13153 13092 13154 
4145 382 260 261 383 13153 292 13155 13095 13156 
4146 383 261 262 384 13155 293 13157 13098 13158 
4147 384 262 263 385 13157 294 3517 13101 13159 
$EndElements
