$MeshFormat
4.1 0 8
$EndMeshFormat
$PhysicalNames
6
1 1 "inlet"
1 2 "outlet"
1 3 "top"
1 4 "symmetry"
1 5 "plate"
2 6 "fluid"
$EndPhysicalNames
$Entities
6 6 1 0
1 -0.5 0 0 0 
2 0 0 0 0 
3 2 0 0 0 
4 2.5 0 0 0 
5 2.5 1 0 0 
6 -0.5 1 0 0 
1 -0.5 0 0 0 0 0 1 4 2 1 -2 
2 0 0 0 2 0 0 1 5 2 2 -3 
3 2 0 0 2.5 0 0 1 4 2 3 -4 
4 2.5 0 0 2.5 1 0 1 2 2 4 -5 
5 -0.5 1 0 2.5 1 0 1 3 2 5 -6 
6 -0.5 0 0 -0.5 1 0 1 1 2 6 -1 
1 -0.5 0 0 2.5 1 0 1 6 6 1 2 3 4 5 6 
$EndEntities
$Nodes
13 7622 1 7622
0 1 0 1
1
-0.5 0 0
0 2 0 1
2
0 0 0
0 3 0 1
3
2 0 0
0 4 0 1
4
2.5 0 0
0 5 0 1
5
2.5 1 0
0 6 0 1
6
-0.5 1 0
1 1 0 35
7
8
9
10
11
12
13
14
15
16
17
18
19
20
21
22
23
24
25
26
27
28
29
30
31
32
33
34
35
36
37
38
39
40
41
-0.3611257642589777 0 0
-0.2607110623173711 0 0
-0.1881049796293913 0 0
-0.1356062806172702 0 0
-0.09764645914022391 0 0
-0.0701991495534981 0 0
-0.05035303909837108 0 0
-0.03600307013767334 0 0
-0.02562715080859806 0 0
-0.01812471592401743 0 0
-0.01269998995396937 0 0
-0.008777576363007522 0 0
-0.005941426974593655 0 0
-0.003890715036568126 0 0
-0.002407923018181157 0 0
-0.001335772212082698 0 0
-0.0005605406256091183 0 0
-0.4305628821294745 0 0
-0.3109184132881939 0 0
-0.224408020973409 0 0
-0.1618556301233307 0 0
-0.1166263698787471 0 0
-0.083922804346861 0 0
-0.06027609432593456 0 0
-0.04317805461802221 0 0
-0.03081511047313568 0 0
-0.02187593336630772 0 0
-0.0154123529389934 0 0
-0.01073878315848842 0 0
-0.007359501668800561 0 0
-0.004916071005580891 0 0
-0.003149319027374642 0 0
-0.001871847615131927 0 0
-0.0009481564188459357 0 0
-0.0002802703128045314 0 0
1 2 0 123
42
43
44
45
46
47
48
49
50
51
52
53
54
55
56
57
58
59
60
61
62
63
64
65
66
67
68
69
70
71
72
73
74
75
76
77
78
79
80
81
82
83
84
85
86
87
88
89
90
91
92
93
94
95
96
97
98
99
100
101
102
103
104
105
106
107
108
109
110
111
112
113
114
115
116
117
118
119
120
121
122
123
124
125
126
127
128
129
130
131
132
133
134
135
136
137
138
139
140
141
142
143
144
145
146
147
148
149
150
151
152
153
154
155
156
157
158
159
160
161
162
163
164
0.0005866592306000747 0 0
0.001408482914792938 0 0
0.002559737083302666 0 0
0.004172475834496988 0 0
0.006431685918939408 0 0
0.009596508715435017 0 0
0.01402996075266916 0 0
0.02024057880487979 0 0
0.0289407419975299 0 0
0.04112839756627237 0 0
0.05820151283582839 0 0
0.08211845132463147 0 0
0.1156578733575332 0 0
0.1613431026267237 0 0
0.2106758612956438 0 0
0.2600086199645481 0 0
0.3093413786334018 0 0
0.3586741373022536 0 0
0.4080068959711053 0 0
0.457339654639957 0 0
0.5066724133088086 0 0
0.5560051719776603 0 0
0.6053379306465121 0 0
0.6546706893153639 0 0
0.7040034479842155 0 0
0.7533362066530671 0 0
0.8026689653219189 0 0
0.8520017239907707 0 0
0.9013344826596223 0 0
0.9506672413284739 0 0
0.9999999999973473 0 0
1.049332758666451 0 0
1.098665517335577 0 0
1.147998276004702 0 0
1.197331034673828 0 0
1.246663793342953 0 0
1.295996552012078 0 0
1.345329310681204 0 0
1.394662069350329 0 0
1.443994828019455 0 0
1.49332758668858 0 0
1.542660345357705 0 0
1.591993104026831 0 0
1.641325862695956 0 0
1.690658621365082 0 0
1.739991380034207 0 0
1.789324138703332 0 0
1.838656897372458 0 0
1.884342126641866 0 0
1.917881548674944 0 0
1.941798487163879 0 0
1.958871602433524 0 0
1.971059258002328 0 0
1.979759421195022 0 0
1.985970039247263 0 0
1.990403491284519 0 0
1.99356831408103 0 0
1.995827524165483 0 0
1.997440262916685 0 0
1.998591517085201 0 0
1.999413340769397 0 0
0.0002933296153000375 0 0
0.0009975710726965062 0 0
0.001984109999047801 0 0
0.003366106458899827 0 0
0.005302080876718198 0 0
0.008014097317187182 0 0
0.01181323473405209 0 0
0.01713526977877448 0 0
0.02459066040120485 0 0
0.03503456978190114 0 0
0.04966495520105037 0 0
0.07015998208023067 0 0
0.09888816234108233 0 0
0.1385004879921256 0 0
0.1860094819611837 0 0
0.235342240630102 0 0
0.2846749992989749 0 0
0.3340077579678277 0 0
0.3833405166366794 0 0
0.4326732753055311 0 0
0.4820060339743829 0 0
0.5313387926432345 0 0
0.5806715513120863 0 0
0.630004309980938 0 0
0.6793370686497897 0 0
0.7286698273186414 0 0
0.7780025859874931 0 0
0.8273353446563448 0 0
0.8766681033251965 0 0
0.9260008619940481 0 0
0.9753336206629106 0 0
1.024666379331899 0 0
1.073999138001014 0 0
1.123331896670139 0 0
1.172664655339265 0 0
1.22199741400839 0 0
1.271330172677516 0 0
1.320662931346641 0 0
1.369995690015767 0 0
1.419328448684892 0 0
1.468661207354017 0 0
1.517993966023143 0 0
1.567326724692268 0 0
1.616659483361393 0 0
1.665992242030519 0 0
1.715325000699644 0 0
1.76465775936877 0 0
1.813990518037895 0 0
1.861499512007162 0 0
1.901111837658405 0 0
1.929840017919412 0 0
1.950335044798702 0 0
1.964965430217926 0 0
1.975409339598675 0 0
1.982864730221142 0 0
1.988186765265891 0 0
1.991985902682775 0 0
1.994697919123257 0 0
1.996633893541084 0 0
1.998015890000943 0 0
1.999002428927299 0 0
1.999706670384699 0 0
1 3 0 35
165
166
167
168
169
170
171
172
173
174
175
176
177
178
179
180
181
182
183
184
185
186
187
188
189
190
191
192
193
194
195
196
197
198
199
2.000560540625623 0 0
2.001335772212116 0 0
2.002407923018238 0 0
2.003890715036654 0 0
2.005941426974716 0 0
2.008777576363173 0 0
2.012699989954188 0 0
2.018124715924297 0 0
2.025627150808947 0 0
2.036003070138096 0 0
2.050353039098867 0 0
2.070199149554053 0 0
2.097646459140804 0 0
2.135606280617805 0 0
2.188104979629754 0 0
2.260711062317465 0 0
2.361125764259445 0 0
2.000280270312812 0 0
2.000948156418873 0 0
2.001871847615179 0 0
2.003149319027448 0 0
2.004916071005685 0 0
2.007359501668941 0 0
2.010738783158677 0 0
2.015412352939242 0 0
2.021875933366614 0 0
2.03081511047353 0 0
2.043178054618505 0 0
2.060276094326492 0 0
2.08392280434745 0 0
2.116626369879217 0 0
2.161855630123779 0 0
2.224408020973452 0 0
2.310918413288848 0 0
2.43056288212993 0 0
1 4 0 9
200
201
202
203
204
205
206
207
208
2.5 0.1999999999995579 0
2.5 0.399999999998975 0
2.5 0.5999999999989468 0
2.5 0.7999999999994734 0
2.5 0.09999999999981679 0
2.5 0.2999999999992664 0
2.5 0.4999999999986833 0
2.5 0.6999999999992101 0
2.5 0.8999999999997367 0
1 5 0 29
209
210
211
212
213
214
215
216
217
218
219
220
221
222
223
224
225
226
227
228
229
230
231
232
233
234
235
236
237
2.300000000001931 1 0
2.100000000001537 1 0
1.900000000002982 1 0
1.700000000003658 1 0
1.500000000004334 1 0
1.300000000005011 1 0
1.100000000005687 1 0
0.9000000000056225 1 0
0.7000000000048192 1 0
0.5000000000040159 1 0
0.3000000000032128 1 0
0.1000000000024097 1 0
-0.09999999999839382 1 0
-0.2999999999991969 1 0
2.400000000001006 1 0
2.200000000001604 1 0
2.000000000002294 1 0
1.800000000003182 1 0
1.600000000003891 1 0
1.400000000004653 1 0
1.200000000005295 1 0
1.000000000005938 1 0
0.800000000005249 1 0
0.6000000000043384 1 0
0.4000000000036046 1 0
0.2000000000027962 1 0
2.180922109573658e-12 1 0
-0.1999999999987683 1 0
-0.3999999999995234 1 0
1 6 0 9
238
239
240
241
242
243
244
245
246
-0.5 0.7999999999999998 0
-0.5 0.6000000000013869 0
-0.5 0.4000000000016644 0
-0.5 0.2000000000008322 0
-0.5 0.8999999999999206 0
-0.5 0.7000000000005973 0
-0.5 0.5000000000017577 0
-0.5 0.3000000000012483 0
-0.5 0.1000000000004161 0
2 1 0 7376
247
248
249
250
251
252
253
254
255
256
257
258
259
260
261
262
263
264
265
266
267
268
269
270
271
272
273
274
275
276
277
278
279
280
281
282
283
284
285
286
287
288
289
290
291
292
293
294
295
296
297
298
299
300
301
302
303
304
305
306
307
308
309
310
311
312
313
314
315
316
317
318
319
320
321
322
323
324
325
326
327
328
329
330
331
332
333
334
335
336
337
338
339
340
341
342
343
344
345
346
347
348
349
350
351
352
353
354
355
356
357
358
359
360
361
362
363
364
365
366
367
368
369
370
371
372
373
374
375
376
377
378
379
380
381
382
383
384
385
386
387
388
389
390
391
392
393
394
395
396
397
398
399
400
401
402
403
404
405
406
407
408
409
410
411
412
413
414
415
416
417
418
419
420
421
422
423
424
425
426
427
428
429
430
431
432
433
434
435
436
437
438
439
440
441
442
443
444
445
446
447
448
449
450
451
452
453
454
455
456
457
458
459
460
461
462
463
464
465
466
467
468
469
470
471
472
473
474
475
476
477
478
479
480
481
482
483
484
485
486
487
488
489
490
491
492
493
494
495
496
497
498
499
500
501
502
503
504
505
506
507
508
509
510
511
512
513
514
515
516
517
518
519
520
521
522
523
524
525
526
527
528
529
530
531
532
533
534
535
536
537
538
539
540
541
542
543
544
545
546
547
548
549
550
551
552
553
554
555
556
557
558
559
560
561
562
563
564
565
566
567
568
569
570
571
572
573
574
575
576
577
578
579
580
581
582
583
584
585
586
587
588
589
590
591
592
593
594
595
596
597
598
599
600
601
602
603
604
605
606
607
608
609
610
611
612
613
614
615
616
617
618
619
620
621
622
623
624
625
626
627
628
629
630
631
632
633
634
635
636
637
638
639
640
641
642
643
644
645
646
647
648
649
650
651
652
653
654
655
656
657
658
659
660
661
662
663
664
665
666
667
668
669
670
671
672
673
674
675
676
677
678
679
680
681
682
683
684
685
686
687
688
689
690
691
692
693
694
695
696
697
698
699
700
701
702
703
704
705
706
707
708
709
710
711
712
713
714
715
716
717
718
719
720
721
722
723
724
725
726
727
728
729
730
731
732
733
734
735
736
737
738
739
740
741
742
743
744
745
746
747
748
749
750
751
752
753
754
755
756
757
758
759
760
761
762
763
764
765
766
767
768
769
770
771
772
773
774
775
776
777
778
779
780
781
782
783
784
785
786
787
788
789
790
791
792
793
794
795
796
797
798
799
800
801
802
803
804
805
806
807
808
809
810
811
812
813
814
815
816
817
818
819
820
821
822
823
824
825
826
827
828
829
830
831
832
833
834
835
836
837
838
839
840
841
842
843
844
845
846
847
848
849
850
851
852
853
854
855
856
857
858
859
860
861
862
863
864
865
866
867
868
869
870
871
872
873
874
875
876
877
878
879
880
881
882
883
884
885
886
887
888
889
890
891
892
893
894
895
896
897
898
899
900
901
902
903
904
905
906
907
908
909
910
911
912
913
914
915
916
917
918
919
920
921
922
923
924
925
926
927
928
929
930
931
932
933
934
935
936
937
938
939
940
941
942
943
944
945
946
947
948
949
950
951
952
953
954
955
956
957
958
959
960
961
962
963
964
965
966
967
968
969
970
971
972
973
974
975
976
977
978
979
980
981
982
983
984
985
986
987
988
989
990
991
992
993
994
995
996
997
998
999
1000
1001
1002
1003
1004
1005
1006
1007
1008
1009
1010
1011
1012
1013
1014
1015
1016
1017
1018
1019
1020
1021
1022
1023
1024
1025
1026
1027
1028
1029
1030
1031
1032
1033
1034
1035
1036
1037
1038
1039
1040
1041
1042
1043
1044
1045
1046
1047
1048
1049
1050
1051
1052
1053
1054
1055
1056
1057
1058
1059
1060
1061
1062
1063
1064
1065
1066
1067
1068
1069
1070
1071
1072
1073
1074
1075
1076
1077
1078
1079
1080
1081
1082
1083
1084
1085
1086
1087
1088
1089
1090
1091
1092
1093
1094
1095
1096
1097
1098
1099
1100
1101
1102
1103
1104
1105
1106
1107
1108
1109
1110
1111
1112
1113
1114
1115
1116
1117
1118
1119
1120
1121
1122
1123
1124
1125
1126
1127
1128
1129
1130
1131
1132
1133
1134
1135
1136
1137
1138
1139
1140
1141
1142
1143
1144
1145
1146
1147
1148
1149
1150
1151
1152
1153
1154
1155
1156
1157
1158
1159
1160
1161
1162
1163
1164
1165
1166
1167
1168
1169
1170
1171
1172
1173
1174
1175
1176
1177
1178
1179
1180
1181
1182
1183
1184
1185
1186
1187
1188
1189
1190
1191
1192
1193
1194
1195
1196
1197
1198
1199
1200
1201
1202
1203
1204
1205
1206
1207
1208
1209
1210
1211
1212
1213
1214
1215
1216
1217
1218
1219
1220
1221
1222
1223
1224
1225
1226
1227
1228
1229
1230
1231
1232
1233
1234
1235
1236
1237
1238
1239
1240
1241
1242
1243
1244
1245
1246
1247
1248
1249
1250
1251
1252
1253
1254
1255
1256
1257
1258
1259
1260
1261
1262
1263
1264
1265
1266
1267
1268
1269
1270
1271
1272
1273
1274
1275
1276
1277
1278
1279
1280
1281
1282
1283
1284
1285
1286
1287
1288
1289
1290
1291
1292
1293
1294
1295
1296
1297
1298
1299
1300
1301
1302
1303
1304
1305
1306
1307
1308
1309
1310
1311
1312
1313
1314
1315
1316
1317
1318
1319
1320
1321
1322
1323
1324
1325
1326
1327
1328
1329
1330
1331
1332
1333
1334
1335
1336
1337
1338
1339
1340
1341
1342
1343
1344
1345
1346
1347
1348
1349
1350
1351
1352
1353
1354
1355
1356
1357
1358
1359
1360
1361
1362
1363
1364
1365
1366
1367
1368
1369
1370
1371
1372
1373
1374
1375
1376
1377
1378
1379
1380
1381
1382
1383
1384
1385
1386
1387
1388
1389
1390
1391
1392
1393
1394
1395
1396
1397
1398
1399
1400
1401
1402
1403
1404
1405
1406
1407
1408
1409
1410
1411
1412
1413
1414
1415
1416
1417
1418
1419
1420
1421
1422
1423
1424
1425
1426
1427
1428
1429
1430
1431
1432
1433
1434
1435
1436
1437
1438
1439
1440
1441
1442
1443
1444
1445
1446
1447
1448
1449
1450
1451
1452
1453
1454
1455
1456
1457
1458
1459
1460
1461
1462
1463
1464
1465
1466
1467
1468
1469
1470
1471
1472
1473
1474
1475
1476
1477
1478
1479
1480
1481
1482
1483
1484
1485
1486
1487
1488
1489
1490
1491
1492
1493
1494
1495
1496
1497
1498
1499
1500
1501
1502
1503
1504
1505
1506
1507
1508
1509
1510
1511
1512
1513
1514
1515
1516
1517
1518
1519
1520
1521
1522
1523
1524
1525
1526
1527
1528
1529
1530
1531
1532
1533
1534
1535
1536
1537
1538
1539
1540
1541
1542
1543
1544
1545
1546
1547
1548
1549
1550
1551
1552
1553
1554
1555
1556
1557
1558
1559
1560
1561
1562
1563
1564
1565
1566
1567
1568
1569
1570
1571
1572
1573
1574
1575
1576
1577
1578
1579
1580
1581
1582
1583
1584
1585
1586
1587
1588
1589
1590
1591
1592
1593
1594
1595
1596
1597
1598
1599
1600
1601
1602
1603
1604
1605
1606
1607
1608
1609
1610
1611
1612
1613
1614
1615
1616
1617
1618
1619
1620
1621
1622
1623
1624
1625
1626
1627
1628
1629
1630
1631
1632
1633
1634
1635
1636
1637
1638
1639
1640
1641
1642
1643
1644
1645
1646
1647
1648
1649
1650
1651
1652
1653
1654
1655
1656
1657
1658
1659
1660
1661
1662
1663
1664
1665
1666
1667
1668
1669
1670
1671
1672
1673
1674
1675
1676
1677
1678
1679
1680
1681
1682
1683
1684
1685
1686
1687
1688
1689
1690
1691
1692
1693
1694
1695
1696
1697
1698
1699
1700
1701
1702
1703
1704
1705
1706
1707
1708
1709
1710
1711
1712
1713
1714
1715
1716
1717
1718
1719
1720
1721
1722
1723
1724
1725
1726
1727
1728
1729
1730
1731
1732
1733
1734
1735
1736
1737
1738
1739
1740
1741
1742
1743
1744
1745
1746
1747
1748
1749
1750
1751
1752
1753
1754
1755
1756
1757
1758
1759
1760
1761
1762
1763
1764
1765
1766
1767
1768
1769
1770
1771
1772
1773
1774
1775
1776
1777
1778
1779
1780
1781
1782
1783
1784
1785
1786
1787
1788
1789
1790
1791
1792
1793
1794
1795
1796
1797
1798
1799
1800
1801
1802
1803
1804
1805
1806
1807
1808
1809
1810
1811
1812
1813
1814
1815
1816
1817
1818
1819
1820
1821
1822
1823
1824
1825
1826
1827
1828
1829
1830
1831
1832
1833
1834
1835
1836
1837
1838
1839
1840
1841
1842
1843
1844
1845
1846
1847
1848
1849
1850
1851
1852
1853
1854
1855
1856
1857
1858
1859
1860
1861
1862
1863
1864
1865
1866
1867
1868
1869
1870
1871
1872
1873
1874
1875
1876
1877
1878
1879
1880
1881
1882
1883
1884
1885
1886
1887
1888
1889
1890
1891
1892
1893
1894
1895
1896
1897
1898
1899
1900
1901
1902
1903
1904
1905
1906
1907
1908
1909
1910
1911
1912
1913
1914
1915
1916
1917
1918
1919
1920
1921
1922
1923
1924
1925
1926
1927
1928
1929
1930
1931
1932
1933
1934
1935
1936
1937
1938
1939
1940
1941
1942
1943
1944
1945
1946
1947
1948
1949
1950
1951
1952
1953
1954
1955
1956
1957
1958
1959
1960
1961
1962
1963
1964
1965
1966
1967
1968
1969
1970
1971
1972
1973
1974
1975
1976
1977
1978
1979
1980
1981
1982
1983
1984
1985
1986
1987
1988
1989
1990
1991
1992
1993
1994
1995
1996
1997
1998
1999
2000
2001
2002
2003
2004
2005
2006
2007
2008
2009
2010
2011
2012
2013
2014
2015
2016
2017
2018
2019
2020
2021
2022
2023
2024
2025
2026
2027
2028
2029
2030
2031
2032
2033
2034
2035
2036
2037
2038
2039
2040
2041
2042
2043
2044
2045
2046
2047
2048
2049
2050
2051
2052
2053
2054
2055
2056
2057
2058
2059
2060
2061
2062
2063
2064
2065
2066
2067
2068
2069
2070
2071
2072
2073
2074
2075
2076
2077
2078
2079
2080
2081
2082
2083
2084
2085
2086
2087
2088
2089
2090
2091
2092
2093
2094
2095
2096
2097
2098
2099
2100
2101
2102
2103
2104
2105
2106
2107
2108
2109
2110
2111
2112
2113
2114
2115
2116
2117
2118
2119
2120
2121
2122
2123
2124
2125
2126
2127
2128
2129
2130
2131
2132
2133
2134
2135
2136
2137
2138
2139
2140
2141
2142
2143
2144
2145
2146
2147
2148
2149
2150
2151
2152
2153
2154
2155
2156
2157
2158
2159
2160
2161
2162
2163
2164
2165
2166
2167
2168
2169
2170
2171
2172
2173
2174
2175
2176
2177
2178
2179
2180
2181
2182
2183
2184
2185
2186
2187
2188
2189
2190
2191
2192
2193
2194
2195
2196
2197
2198
2199
2200
2201
2202
2203
2204
2205
2206
2207
2208
2209
2210
2211
2212
2213
2214
2215
2216
2217
2218
2219
2220
2221
2222
2223
2224
2225
2226
2227
2228
2229
2230
2231
2232
2233
2234
2235
2236
2237
2238
2239
2240
2241
2242
2243
2244
2245
2246
2247
2248
2249
2250
2251
2252
2253
2254
2255
2256
2257
2258
2259
2260
2261
2262
2263
2264
2265
2266
2267
2268
2269
2270
2271
2272
2273
2274
2275
2276
2277
2278
2279
2280
2281
2282
2283
2284
2285
2286
2287
2288
2289
2290
2291
2292
2293
2294
2295
2296
2297
2298
2299
2300
2301
2302
2303
2304
2305
2306
2307
2308
2309
2310
2311
2312
2313
2314
2315
2316
2317
2318
2319
2320
2321
2322
2323
2324
2325
2326
2327
2328
2329
2330
2331
2332
2333
2334
2335
2336
2337
2338
2339
2340
2341
2342
2343
2344
2345
2346
2347
2348
2349
2350
2351
2352
2353
2354
2355
2356
2357
2358
2359
2360
2361
2362
2363
2364
2365
2366
2367
2368
2369
2370
2371
2372
2373
2374
2375
2376
2377
2378
2379
2380
2381
2382
2383
2384
2385
2386
2387
2388
2389
2390
2391
2392
2393
2394
2395
2396
2397
2398
2399
2400
2401
2402
2403
2404
2405
2406
2407
2408
2409
2410
2411
2412
2413
2414
2415
2416
2417
2418
2419
2420
2421
2422
2423
2424
2425
2426
2427
2428
2429
2430
2431
2432
2433
2434
2435
2436
2437
2438
2439
2440
2441
2442
2443
2444
2445
2446
2447
2448
2449
2450
2451
2452
2453
2454
2455
2456
2457
2458
2459
2460
2461
2462
2463
2464
2465
2466
2467
2468
2469
2470
2471
2472
2473
2474
2475
2476
2477
2478
2479
2480
2481
2482
2483
2484
2485
2486
2487
2488
2489
2490
2491
2492
2493
2494
2495
2496
2497
2498
2499
2500
2501
2502
2503
2504
2505
2506
2507
2508
2509
2510
2511
2512
2513
2514
2515
2516
2517
2518
2519
2520
2521
2522
2523
2524
2525
2526
2527
2528
2529
2530
2531
2532
2533
2534
2535
2536
2537
2538
2539
2540
2541
2542
2543
2544
2545
2546
2547
2548
2549
2550
2551
2552
2553
2554
2555
2556
2557
2558
2559
2560
2561
2562
2563
2564
2565
2566
2567
2568
2569
2570
2571
2572
2573
2574
2575
2576
2577
2578
2579
2580
2581
2582
2583
2584
2585
2586
2587
2588
2589
2590
2591
2592
2593
2594
2595
2596
2597
2598
2599
2600
2601
2602
2603
2604
2605
2606
2607
2608
2609
2610
2611
2612
2613
2614
2615
2616
2617
2618
2619
2620
2621
2622
2623
2624
2625
2626
2627
2628
2629
2630
2631
2632
2633
2634
2635
2636
2637
2638
2639
2640
2641
2642
2643
2644
2645
2646
2647
2648
2649
2650
2651
2652
2653
2654
2655
2656
2657
2658
2659
2660
2661
2662
2663
2664
2665
2666
2667
2668
2669
2670
2671
2672
2673
2674
2675
2676
2677
2678
2679
2680
2681
2682
2683
2684
2685
2686
2687
2688
2689
2690
2691
2692
2693
2694
2695
2696
2697
2698
2699
2700
2701
2702
2703
2704
2705
2706
2707
2708
2709
2710
2711
2712
2713
2714
2715
2716
2717
2718
2719
2720
2721
2722
2723
2724
2725
2726
2727
2728
2729
2730
2731
2732
2733
2734
2735
2736
2737
2738
2739
2740
2741
2742
2743
2744
2745
2746
2747
2748
2749
2750
2751
2752
2753
2754
2755
2756
2757
2758
2759
2760
2761
2762
2763
2764
2765
2766
2767
2768
2769
2770
2771
2772
2773
2774
2775
2776
2777
2778
2779
2780
2781
2782
2783
2784
2785
2786
2787
2788
2789
2790
2791
2792
2793
2794
2795
2796
2797
2798
2799
2800
2801
2802
2803
2804
2805
2806
2807
2808
2809
2810
2811
2812
2813
2814
2815
2816
2817
2818
2819
2820
2821
2822
2823
2824
2825
2826
2827
2828
2829
2830
2831
2832
2833
2834
2835
2836
2837
2838
2839
2840
2841
2842
2843
2844
2845
2846
2847
2848
2849
2850
2851
2852
2853
2854
2855
2856
2857
2858
2859
2860
2861
2862
2863
2864
2865
2866
2867
2868
2869
2870
2871
2872
2873
2874
2875
2876
2877
2878
2879
2880
2881
2882
2883
2884
2885
2886
2887
2888
2889
2890
2891
2892
2893
2894
2895
2896
2897
2898
2899
2900
2901
2902
2903
2904
2905
2906
2907
2908
2909
2910
2911
2912
2913
2914
2915
2916
2917
2918
2919
2920
2921
2922
2923
2924
2925
2926
2927
2928
2929
2930
2931
2932
2933
2934
2935
2936
2937
2938
2939
2940
2941
2942
2943
2944
2945
2946
2947
2948
2949
2950
2951
2952
2953
2954
2955
2956
2957
2958
2959
2960
2961
2962
2963
2964
2965
2966
2967
2968
2969
2970
2971
2972
2973
2974
2975
2976
2977
2978
2979
2980
2981
2982
2983
2984
2985
2986
2987
2988
2989
2990
2991
2992
2993
2994
2995
2996
2997
2998
2999
3000
3001
3002
3003
3004
3005
3006
3007
3008
3009
3010
3011
3012
3013
3014
3015
3016
3017
3018
3019
3020
3021
3022
3023
3024
3025
3026
3027
3028
3029
3030
3031
3032
3033
3034
3035
3036
3037
3038
3039
3040
3041
3042
3043
3044
3045
3046
3047
3048
3049
3050
3051
3052
3053
3054
3055
3056
3057
3058
3059
3060
3061
3062
3063
3064
3065
3066
3067
3068
3069
3070
3071
3072
3073
3074
3075
3076
3077
3078
3079
3080
3081
3082
3083
3084
3085
3086
3087
3088
3089
3090
3091
3092
3093
3094
3095
3096
3097
3098
3099
3100
3101
3102
3103
3104
3105
3106
3107
3108
3109
3110
3111
3112
3113
3114
3115
3116
3117
3118
3119
3120
3121
3122
3123
3124
3125
3126
3127
3128
3129
3130
3131
3132
3133
3134
3135
3136
3137
3138
3139
3140
3141
3142
3143
3144
3145
3146
3147
3148
3149
3150
3151
3152
3153
3154
3155
3156
3157
3158
3159
3160
3161
3162
3163
3164
3165
3166
3167
3168
3169
3170
3171
3172
3173
3174
3175
3176
3177
3178
3179
3180
3181
3182
3183
3184
3185
3186
3187
3188
3189
3190
3191
3192
3193
3194
3195
3196
3197
3198
3199
3200
3201
3202
3203
3204
3205
3206
3207
3208
3209
3210
3211
3212
3213
3214
3215
3216
3217
3218
3219
3220
3221
3222
3223
3224
3225
3226
3227
3228
3229
3230
3231
3232
3233
3234
3235
3236
3237
3238
3239
3240
3241
3242
3243
3244
3245
3246
3247
3248
3249
3250
3251
3252
3253
3254
3255
3256
3257
3258
3259
3260
3261
3262
3263
3264
3265
3266
3267
3268
3269
3270
3271
3272
3273
3274
3275
3276
3277
3278
3279
3280
3281
3282
3283
3284
3285
3286
3287
3288
3289
3290
3291
3292
3293
3294
3295
3296
3297
3298
3299
3300
3301
3302
3303
3304
3305
3306
3307
3308
3309
3310
3311
3312
3313
3314
3315
3316
3317
3318
3319
3320
3321
3322
3323
3324
3325
3326
3327
3328
3329
3330
3331
3332
3333
3334
3335
3336
3337
3338
3339
3340
3341
3342
3343
3344
3345
3346
3347
3348
3349
3350
3351
3352
3353
3354
3355
3356
3357
3358
3359
3360
3361
3362
3363
3364
3365
3366
3367
3368
3369
3370
3371
3372
3373
3374
3375
3376
3377
3378
3379
3380
3381
3382
3383
3384
3385
3386
3387
3388
3389
3390
3391
3392
3393
3394
3395
3396
3397
3398
3399
3400
3401
3402
3403
3404
3405
3406
3407
3408
3409
3410
3411
3412
3413
3414
3415
3416
3417
3418
3419
3420
3421
3422
3423
3424
3425
3426
3427
3428
3429
3430
3431
3432
3433
3434
3435
3436
3437
3438
3439
3440
3441
3442
3443
3444
3445
3446
3447
3448
3449
3450
3451
3452
3453
3454
3455
3456
3457
3458
3459
3460
3461
3462
3463
3464
3465
3466
3467
3468
3469
3470
3471
3472
3473
3474
3475
3476
3477
3478
3479
3480
3481
3482
3483
3484
3485
3486
3487
3488
3489
3490
3491
3492
3493
3494
3495
3496
3497
3498
3499
3500
3501
3502
3503
3504
3505
3506
3507
3508
3509
3510
3511
3512
3513
3514
3515
3516
3517
3518
3519
3520
3521
3522
3523
3524
3525
3526
3527
3528
3529
3530
3531
3532
3533
3534
3535
3536
3537
3538
3539
3540
3541
3542
3543
3544
3545
3546
3547
3548
3549
3550
3551
3552
3553
3554
3555
3556
3557
3558
3559
3560
3561
3562
3563
3564
3565
3566
3567
3568
3569
3570
3571
3572
3573
3574
3575
3576
3577
3578
3579
3580
3581
3582
3583
3584
3585
3586
3587
3588
3589
3590
3591
3592
3593
3594
3595
3596
3597
3598
3599
3600
3601
3602
3603
3604
3605
3606
3607
3608
3609
3610
3611
3612
3613
3614
3615
3616
3617
3618
3619
3620
3621
3622
3623
3624
3625
3626
3627
3628
3629
3630
3631
3632
3633
3634
3635
3636
3637
3638
3639
3640
3641
3642
3643
3644
3645
3646
3647
3648
3649
3650
3651
3652
3653
3654
3655
3656
3657
3658
3659
3660
3661
3662
3663
3664
3665
3666
3667
3668
3669
3670
3671
3672
3673
3674
3675
3676
3677
3678
3679
3680
3681
3682
3683
3684
3685
3686
3687
3688
3689
3690
3691
3692
3693
3694
3695
3696
3697
3698
3699
3700
3701
3702
3703
3704
3705
3706
3707
3708
3709
3710
3711
3712
3713
3714
3715
3716
3717
3718
3719
3720
3721
3722
3723
3724
3725
3726
3727
3728
3729
3730
3731
3732
3733
3734
3735
3736
3737
3738
3739
3740
3741
3742
3743
3744
3745
3746
3747
3748
3749
3750
3751
3752
3753
3754
3755
3756
3757
3758
3759
3760
3761
3762
3763
3764
3765
3766
3767
3768
3769
3770
3771
3772
3773
3774
3775
3776
3777
3778
3779
3780
3781
3782
3783
3784
3785
3786
3787
3788
3789
3790
3791
3792
3793
3794
3795
3796
3797
3798
3799
3800
3801
3802
3803
3804
3805
3806
3807
3808
3809
3810
3811
3812
3813
3814
3815
3816
3817
3818
3819
3820
3821
3822
3823
3824
3825
3826
3827
3828
3829
3830
3831
3832
3833
3834
3835
3836
3837
3838
3839
3840
3841
3842
3843
3844
3845
3846
3847
3848
3849
3850
3851
3852
3853
3854
3855
3856
3857
3858
3859
3860
3861
3862
3863
3864
3865
3866
3867
3868
3869
3870
3871
3872
3873
3874
3875
3876
3877
3878
3879
3880
3881
3882
3883
3884
3885
3886
3887
3888
3889
3890
3891
3892
3893
3894
3895
3896
3897
3898
3899
3900
3901
3902
3903
3904
3905
3906
3907
3908
3909
3910
3911
3912
3913
3914
3915
3916
3917
3918
3919
3920
3921
3922
3923
3924
3925
3926
3927
3928
3929
3930
3931
3932
3933
3934
3935
3936
3937
3938
3939
3940
3941
3942
3943
3944
3945
3946
3947
3948
3949
3950
3951
3952
3953
3954
3955
3956
3957
3958
3959
3960
3961
3962
3963
3964
3965
3966
3967
3968
3969
3970
3971
3972
3973
3974
3975
3976
3977
3978
3979
3980
3981
3982
3983
3984
3985
3986
3987
3988
3989
3990
3991
3992
3993
3994
3995
3996
3997
3998
3999
4000
4001
4002
4003
4004
4005
4006
4007
4008
4009
4010
4011
4012
4013
4014
4015
4016
4017
4018
4019
4020
4021
4022
4023
4024
4025
4026
4027
4028
4029
4030
4031
4032
4033
4034
4035
4036
4037
4038
4039
4040
4041
4042
4043
4044
4045
4046
4047
4048
4049
4050
4051
4052
4053
4054
4055
4056
4057
4058
4059
4060
4061
4062
4063
4064
4065
4066
4067
4068
4069
4070
4071
4072
4073
4074
4075
4076
4077
4078
4079
4080
4081
4082
4083
4084
4085
4086
4087
4088
4089
4090
4091
4092
4093
4094
4095
4096
4097
4098
4099
4100
4101
4102
4103
4104
4105
4106
4107
4108
4109
4110
4111
4112
4113
4114
4115
4116
4117
4118
4119
4120
4121
4122
4123
4124
4125
4126
4127
4128
4129
4130
4131
4132
4133
4134
4135
4136
4137
4138
4139
4140
4141
4142
4143
4144
4145
4146
4147
4148
4149
4150
4151
4152
4153
4154
4155
4156
4157
4158
4159
4160
4161
4162
4163
4164
4165
4166
4167
4168
4169
4170
4171
4172
4173
4174
4175
4176
4177
4178
4179
4180
4181
4182
4183
4184
4185
4186
4187
4188
4189
4190
4191
4192
4193
4194
4195
4196
4197
4198
4199
4200
4201
4202
4203
4204
4205
4206
4207
4208
4209
4210
4211
4212
4213
4214
4215
4216
4217
4218
4219
4220
4221
4222
4223
4224
4225
4226
4227
4228
4229
4230
4231
4232
4233
4234
4235
4236
4237
4238
4239
4240
4241
4242
4243
4244
4245
4246
4247
4248
4249
4250
4251
4252
4253
4254
4255
4256
4257
4258
4259
4260
4261
4262
4263
4264
4265
4266
4267
4268
4269
4270
4271
4272
4273
4274
4275
4276
4277
4278
4279
4280
4281
4282
4283
4284
4285
4286
4287
4288
4289
4290
4291
4292
4293
4294
4295
4296
4297
4298
4299
4300
4301
4302
4303
4304
4305
4306
4307
4308
4309
4310
4311
4312
4313
4314
4315
4316
4317
4318
4319
4320
4321
4322
4323
4324
4325
4326
4327
4328
4329
4330
4331
4332
4333
4334
4335
4336
4337
4338
4339
4340
4341
4342
4343
4344
4345
4346
4347
4348
4349
4350
4351
4352
4353
4354
4355
4356
4357
4358
4359
4360
4361
4362
4363
4364
4365
4366
4367
4368
4369
4370
4371
4372
4373
4374
4375
4376
4377
4378
4379
4380
4381
4382
4383
4384
4385
4386
4387
4388
4389
4390
4391
4392
4393
4394
4395
4396
4397
4398
4399
4400
4401
4402
4403
4404
4405
4406
4407
4408
4409
4410
4411
4412
4413
4414
4415
4416
4417
4418
4419
4420
4421
4422
4423
4424
4425
4426
4427
4428
4429
4430
4431
4432
4433
4434
4435
4436
4437
4438
4439
4440
4441
4442
4443
4444
4445
4446
4447
4448
4449
4450
4451
4452
4453
4454
4455
4456
4457
4458
4459
4460
4461
4462
4463
4464
4465
4466
4467
4468
4469
4470
4471
4472
4473
4474
4475
4476
4477
4478
4479
4480
4481
4482
4483
4484
4485
4486
4487
4488
4489
4490
4491
4492
4493
4494
4495
4496
4497
4498
4499
4500
4501
4502
4503
4504
4505
4506
4507
4508
4509
4510
4511
4512
4513
4514
4515
4516
4517
4518
4519
4520
4521
4522
4523
4524
4525
4526
4527
4528
4529
4530
4531
4532
4533
4534
4535
4536
4537
4538
4539
4540
4541
4542
4543
4544
4545
4546
4547
4548
4549
4550
4551
4552
4553
4554
4555
4556
4557
4558
4559
4560
4561
4562
4563
4564
4565
4566
4567
4568
4569
4570
4571
4572
4573
4574
4575
4576
4577
4578
4579
4580
4581
4582
4583
4584
4585
4586
4587
4588
4589
4590
4591
4592
4593
4594
4595
4596
4597
4598
4599
4600
4601
4602
4603
4604
4605
4606
4607
4608
4609
4610
4611
4612
4613
4614
4615
4616
4617
4618
4619
4620
4621
4622
4623
4624
4625
4626
4627
4628
4629
4630
4631
4632
4633
4634
4635
4636
4637
4638
4639
4640
4641
4642
4643
4644
4645
4646
4647
4648
4649
4650
4651
4652
4653
4654
4655
4656
4657
4658
4659
4660
4661
4662
4663
4664
4665
4666
4667
4668
4669
4670
4671
4672
4673
4674
4675
4676
4677
4678
4679
4680
4681
4682
4683
4684
4685
4686
4687
4688
4689
4690
4691
4692
4693
4694
4695
4696
4697
4698
4699
4700
4701
4702
4703
4704
4705
4706
4707
4708
4709
4710
4711
4712
4713
4714
4715
4716
4717
4718
4719
4720
4721
4722
4723
4724
4725
4726
4727
4728
4729
4730
4731
4732
4733
4734
4735
4736
4737
4738
4739
4740
4741
4742
4743
4744
4745
4746
4747
4748
4749
4750
4751
4752
4753
4754
4755
4756
4757
4758
4759
4760
4761
4762
4763
4764
4765
4766
4767
4768
4769
4770
4771
4772
4773
4774
4775
4776
4777
4778
4779
4780
4781
4782
4783
4784
4785
4786
4787
4788
4789
4790
4791
4792
4793
4794
4795
4796
4797
4798
4799
4800
4801
4802
4803
4804
4805
4806
4807
4808
4809
4810
4811
4812
4813
4814
4815
4816
4817
4818
4819
4820
4821
4822
4823
4824
4825
4826
4827
4828
4829
4830
4831
4832
4833
4834
4835
4836
4837
4838
4839
4840
4841
4842
4843
4844
4845
4846
4847
4848
4849
4850
4851
4852
4853
4854
4855
4856
4857
4858
4859
4860
4861
4862
4863
4864
4865
4866
4867
4868
4869
4870
4871
4872
4873
4874
4875
4876
4877
4878
4879
4880
4881
4882
4883
4884
4885
4886
4887
4888
4889
4890
4891
4892
4893
4894
4895
4896
4897
4898
4899
4900
4901
4902
4903
4904
4905
4906
4907
4908
4909
4910
4911
4912
4913
4914
4915
4916
4917
4918
4919
4920
4921
4922
4923
4924
4925
4926
4927
4928
4929
4930
4931
4932
4933
4934
4935
4936
4937
4938
4939
4940
4941
4942
4943
4944
4945
4946
4947
4948
4949
4950
4951
4952
4953
4954
4955
4956
4957
4958
4959
4960
4961
4962
4963
4964
4965
4966
4967
4968
4969
4970
4971
4972
4973
4974
4975
4976
4977
4978
4979
4980
4981
4982
4983
4984
4985
4986
4987
4988
4989
4990
4991
4992
4993
4994
4995
4996
4997
4998
4999
5000
5001
5002
5003
5004
5005
5006
5007
5008
5009
5010
5011
5012
5013
5014
5015
5016
5017
5018
5019
5020
5021
5022
5023
5024
5025
5026
5027
5028
5029
5030
5031
5032
5033
5034
5035
5036
5037
5038
5039
5040
5041
5042
5043
5044
5045
5046
5047
5048
5049
5050
5051
5052
5053
5054
5055
5056
5057
5058
5059
5060
5061
5062
5063
5064
5065
5066
5067
5068
5069
5070
5071
5072
5073
5074
5075
5076
5077
5078
5079
5080
5081
5082
5083
5084
5085
5086
5087
5088
5089
5090
5091
5092
5093
5094
5095
5096
5097
5098
5099
5100
5101
5102
5103
5104
5105
5106
5107
5108
5109
5110
5111
5112
5113
5114
5115
5116
5117
5118
5119
5120
5121
5122
5123
5124
5125
5126
5127
5128
5129
5130
5131
5132
5133
5134
5135
5136
5137
5138
5139
5140
5141
5142
5143
5144
5145
5146
5147
5148
5149
5150
5151
5152
5153
5154
5155
5156
5157
5158
5159
5160
5161
5162
5163
5164
5165
5166
5167
5168
5169
5170
5171
5172
5173
5174
5175
5176
5177
5178
5179
5180
5181
5182
5183
5184
5185
5186
5187
5188
5189
5190
5191
5192
5193
5194
5195
5196
5197
5198
5199
5200
5201
5202
5203
5204
5205
5206
5207
5208
5209
5210
5211
5212
5213
5214
5215
5216
5217
5218
5219
5220
5221
5222
5223
5224
5225
5226
5227
5228
5229
5230
5231
5232
5233
5234
5235
5236
5237
5238
5239
5240
5241
5242
5243
5244
5245
5246
5247
5248
5249
5250
5251
5252
5253
5254
5255
5256
5257
5258
5259
5260
5261
5262
5263
5264
5265
5266
5267
5268
5269
5270
5271
5272
5273
5274
5275
5276
5277
5278
5279
5280
5281
5282
5283
5284
5285
5286
5287
5288
5289
5290
5291
5292
5293
5294
5295
5296
5297
5298
5299
5300
5301
5302
5303
5304
5305
5306
5307
5308
5309
5310
5311
5312
5313
5314
5315
5316
5317
5318
5319
5320
5321
5322
5323
5324
5325
5326
5327
5328
5329
5330
5331
5332
5333
5334
5335
5336
5337
5338
5339
5340
5341
5342
5343
5344
5345
5346
5347
5348
5349
5350
5351
5352
5353
5354
5355
5356
5357
5358
5359
5360
5361
5362
5363
5364
5365
5366
5367
5368
5369
5370
5371
5372
5373
5374
5375
5376
5377
5378
5379
5380
5381
5382
5383
5384
5385
5386
5387
5388
5389
5390
5391
5392
5393
5394
5395
5396
5397
5398
5399
5400
5401
5402
5403
5404
5405
5406
5407
5408
5409
5410
5411
5412
5413
5414
5415
5416
5417
5418
5419
5420
5421
5422
5423
5424
5425
5426
5427
5428
5429
5430
5431
5432
5433
5434
5435
5436
5437
5438
5439
5440
5441
5442
5443
5444
5445
5446
5447
5448
5449
5450
5451
5452
5453
5454
5455
5456
5457
5458
5459
5460
5461
5462
5463
5464
5465
5466
5467
5468
5469
5470
5471
5472
5473
5474
5475
5476
5477
5478
5479
5480
5481
5482
5483
5484
5485
5486
5487
5488
5489
5490
5491
5492
5493
5494
5495
5496
5497
5498
5499
5500
5501
5502
5503
5504
5505
5506
5507
5508
5509
5510
5511
5512
5513
5514
5515
5516
5517
5518
5519
5520
5521
5522
5523
5524
5525
5526
5527
5528
5529
5530
5531
5532
5533
5534
5535
5536
5537
5538
5539
5540
5541
5542
5543
5544
5545
5546
5547
5548
5549
5550
5551
5552
5553
5554
5555
5556
5557
5558
5559
5560
5561
5562
5563
5564
5565
5566
5567
5568
5569
5570
5571
5572
5573
5574
5575
5576
5577
5578
5579
5580
5581
5582
5583
5584
5585
5586
5587
5588
5589
5590
5591
5592
5593
5594
5595
5596
5597
5598
5599
5600
5601
5602
5603
5604
5605
5606
5607
5608
5609
5610
5611
5612
5613
5614
5615
5616
5617
5618
5619
5620
5621
5622
5623
5624
5625
5626
5627
5628
5629
5630
5631
5632
5633
5634
5635
5636
5637
5638
5639
5640
5641
5642
5643
5644
5645
5646
5647
5648
5649
5650
5651
5652
5653
5654
5655
5656
5657
5658
5659
5660
5661
5662
5663
5664
5665
5666
5667
5668
5669
5670
5671
5672
5673
5674
5675
5676
5677
5678
5679
5680
5681
5682
5683
5684
5685
5686
5687
5688
5689
5690
5691
5692
5693
5694
5695
5696
5697
5698
5699
5700
5701
5702
5703
5704
5705
5706
5707
5708
5709
5710
5711
5712
5713
5714
5715
5716
5717
5718
5719
5720
5721
5722
5723
5724
5725
5726
5727
5728
5729
5730
5731
5732
5733
5734
5735
5736
5737
5738
5739
5740
5741
5742
5743
5744
5745
5746
5747
5748
5749
5750
5751
5752
5753
5754
5755
5756
5757
5758
5759
5760
5761
5762
5763
5764
5765
5766
5767
5768
5769
5770
5771
5772
5773
5774
5775
5776
5777
5778
5779
5780
5781
5782
5783
5784
5785
5786
5787
5788
5789
5790
5791
5792
5793
5794
5795
5796
5797
5798
5799
5800
5801
5802
5803
5804
5805
5806
5807
5808
5809
5810
5811
5812
5813
5814
5815
5816
5817
5818
5819
5820
5821
5822
5823
5824
5825
5826
5827
5828
5829
5830
5831
5832
5833
5834
5835
5836
5837
5838
5839
5840
5841
5842
5843
5844
5845
5846
5847
5848
5849
5850
5851
5852
5853
5854
5855
5856
5857
5858
5859
5860
5861
5862
5863
5864
5865
5866
5867
5868
5869
5870
5871
5872
5873
5874
5875
5876
5877
5878
5879
5880
5881
5882
5883
5884
5885
5886
5887
5888
5889
5890
5891
5892
5893
5894
5895
5896
5897
5898
5899
5900
5901
5902
5903
5904
5905
5906
5907
5908
5909
5910
5911
5912
5913
5914
5915
5916
5917
5918
5919
5920
5921
5922
5923
5924
5925
5926
5927
5928
5929
5930
5931
5932
5933
5934
5935
5936
5937
5938
5939
5940
5941
5942
5943
5944
5945
5946
5947
5948
5949
5950
5951
5952
5953
5954
5955
5956
5957
5958
5959
5960
5961
5962
5963
5964
5965
5966
5967
5968
5969
5970
5971
5972
5973
5974
5975
5976
5977
5978
5979
5980
5981
5982
5983
5984
5985
5986
5987
5988
5989
5990
5991
5992
5993
5994
5995
5996
5997
5998
5999
6000
6001
6002
6003
6004
6005
6006
6007
6008
6009
6010
6011
6012
6013
6014
6015
6016
6017
6018
6019
6020
6021
6022
6023
6024
6025
6026
6027
6028
6029
6030
6031
6032
6033
6034
6035
6036
6037
6038
6039
6040
6041
6042
6043
6044
6045
6046
6047
6048
6049
6050
6051
6052
6053
6054
6055
6056
6057
6058
6059
6060
6061
6062
6063
6064
6065
6066
6067
6068
6069
6070
6071
6072
6073
6074
6075
6076
6077
6078
6079
6080
6081
6082
6083
6084
6085
6086
6087
6088
6089
6090
6091
6092
6093
6094
6095
6096
6097
6098
6099
6100
6101
6102
6103
6104
6105
6106
6107
6108
6109
6110
6111
6112
6113
6114
6115
6116
6117
6118
6119
6120
6121
6122
6123
6124
6125
6126
6127
6128
6129
6130
6131
6132
6133
6134
6135
6136
6137
6138
6139
6140
6141
6142
6143
6144
6145
6146
6147
6148
6149
6150
6151
6152
6153
6154
6155
6156
6157
6158
6159
6160
6161
6162
6163
6164
6165
6166
6167
6168
6169
6170
6171
6172
6173
6174
6175
6176
6177
6178
6179
6180
6181
6182
6183
6184
6185
6186
6187
6188
6189
6190
6191
6192
6193
6194
6195
6196
6197
6198
6199
6200
6201
6202
6203
6204
6205
6206
6207
6208
6209
6210
6211
6212
6213
6214
6215
6216
6217
6218
6219
6220
6221
6222
6223
6224
6225
6226
6227
6228
6229
6230
6231
6232
6233
6234
6235
6236
6237
6238
6239
6240
6241
6242
6243
6244
6245
6246
6247
6248
6249
6250
6251
6252
6253
6254
6255
6256
6257
6258
6259
6260
6261
6262
6263
6264
6265
6266
6267
6268
6269
6270
6271
6272
6273
6274
6275
6276
6277
6278
6279
6280
6281
6282
6283
6284
6285
6286
6287
6288
6289
6290
6291
6292
6293
6294
6295
6296
6297
6298
6299
6300
6301
6302
6303
6304
6305
6306
6307
6308
6309
6310
6311
6312
6313
6314
6315
6316
6317
6318
6319
6320
6321
6322
6323
6324
6325
6326
6327
6328
6329
6330
6331
6332
6333
6334
6335
6336
6337
6338
6339
6340
6341
6342
6343
6344
6345
6346
6347
6348
6349
6350
6351
6352
6353
6354
6355
6356
6357
6358
6359
6360
6361
6362
6363
6364
6365
6366
6367
6368
6369
6370
6371
6372
6373
6374
6375
6376
6377
6378
6379
6380
6381
6382
6383
6384
6385
6386
6387
6388
6389
6390
6391
6392
6393
6394
6395
6396
6397
6398
6399
6400
6401
6402
6403
6404
6405
6406
6407
6408
6409
6410
6411
6412
6413
6414
6415
6416
6417
6418
6419
6420
6421
6422
6423
6424
6425
6426
6427
6428
6429
6430
6431
6432
6433
6434
6435
6436
6437
6438
6439
6440
6441
6442
6443
6444
6445
6446
6447
6448
6449
6450
6451
6452
6453
6454
6455
6456
6457
6458
6459
6460
6461
6462
6463
6464
6465
6466
6467
6468
6469
6470
6471
6472
6473
6474
6475
6476
6477
6478
6479
6480
6481
6482
6483
6484
6485
6486
6487
6488
6489
6490
6491
6492
6493
6494
6495
6496
6497
6498
6499
6500
6501
6502
6503
6504
6505
6506
6507
6508
6509
6510
6511
6512
6513
6514
6515
6516
6517
6518
6519
6520
6521
6522
6523
6524
6525
6526
6527
6528
6529
6530
6531
6532
6533
6534
6535
6536
6537
6538
6539
6540
6541
6542
6543
6544
6545
6546
6547
6548
6549
6550
6551
6552
6553
6554
6555
6556
6557
6558
6559
6560
6561
6562
6563
6564
6565
6566
6567
6568
6569
6570
6571
6572
6573
6574
6575
6576
6577
6578
6579
6580
6581
6582
6583
6584
6585
6586
6587
6588
6589
6590
6591
6592
6593
6594
6595
6596
6597
6598
6599
6600
6601
6602
6603
6604
6605
6606
6607
6608
6609
6610
6611
6612
6613
6614
6615
6616
6617
6618
6619
6620
6621
6622
6623
6624
6625
6626
6627
6628
6629
6630
6631
6632
6633
6634
6635
6636
6637
6638
6639
6640
6641
6642
6643
6644
6645
6646
6647
6648
6649
6650
6651
6652
6653
6654
6655
6656
6657
6658
6659
6660
6661
6662
6663
6664
6665
6666
6667
6668
6669
6670
6671
6672
6673
6674
6675
6676
6677
6678
6679
6680
6681
6682
6683
6684
6685
6686
6687
6688
6689
6690
6691
6692
6693
6694
6695
6696
6697
6698
6699
6700
6701
6702
6703
6704
6705
6706
6707
6708
6709
6710
6711
6712
6713
6714
6715
6716
6717
6718
6719
6720
6721
6722
6723
6724
6725
6726
6727
6728
6729
6730
6731
6732
6733
6734
6735
6736
6737
6738
6739
6740
6741
6742
6743
6744
6745
6746
6747
6748
6749
6750
6751
6752
6753
6754
6755
6756
6757
6758
6759
6760
6761
6762
6763
6764
6765
6766
6767
6768
6769
6770
6771
6772
6773
6774
6775
6776
6777
6778
6779
6780
6781
6782
6783
6784
6785
6786
6787
6788
6789
6790
6791
6792
6793
6794
6795
6796
6797
6798
6799
6800
6801
6802
6803
6804
6805
6806
6807
6808
6809
6810
6811
6812
6813
6814
6815
6816
6817
6818
6819
6820
6821
6822
6823
6824
6825
6826
6827
6828
6829
6830
6831
6832
6833
6834
6835
6836
6837
6838
6839
6840
6841
6842
6843
6844
6845
6846
6847
6848
6849
6850
6851
6852
6853
6854
6855
6856
6857
6858
6859
6860
6861
6862
6863
6864
6865
6866
6867
6868
6869
6870
6871
6872
6873
6874
6875
6876
6877
6878
6879
6880
6881
6882
6883
6884
6885
6886
6887
6888
6889
6890
6891
6892
6893
6894
6895
6896
6897
6898
6899
6900
6901
6902
6903
6904
6905
6906
6907
6908
6909
6910
6911
6912
6913
6914
6915
6916
6917
6918
6919
6920
6921
6922
6923
6924
6925
6926
6927
6928
6929
6930
6931
6932
6933
6934
6935
6936
6937
6938
6939
6940
6941
6942
6943
6944
6945
6946
6947
6948
6949
6950
6951
6952
6953
6954
6955
6956
6957
6958
6959
6960
6961
6962
6963
6964
6965
6966
6967
6968
6969
6970
6971
6972
6973
6974
6975
6976
6977
6978
6979
6980
6981
6982
6983
6984
6985
6986
6987
6988
6989
6990
6991
6992
6993
6994
6995
6996
6997
6998
6999
7000
7001
7002
7003
7004
7005
7006
7007
7008
7009
7010
7011
7012
7013
7014
7015
7016
7017
7018
7019
7020
7021
7022
7023
7024
7025
7026
7027
7028
7029
7030
7031
7032
7033
7034
7035
7036
7037
7038
7039
7040
7041
7042
7043
7044
7045
7046
7047
7048
7049
7050
7051
7052
7053
7054
7055
7056
7057
7058
7059
7060
7061
7062
7063
7064
7065
7066
7067
7068
7069
7070
7071
7072
7073
7074
7075
7076
7077
7078
7079
7080
7081
7082
7083
7084
7085
7086
7087
7088
7089
7090
7091
7092
7093
7094
7095
7096
7097
7098
7099
7100
7101
7102
7103
7104
7105
7106
7107
7108
7109
7110
7111
7112
7113
7114
7115
7116
7117
7118
7119
7120
7121
7122
7123
7124
7125
7126
7127
7128
7129
7130
7131
7132
7133
7134
7135
7136
7137
7138
7139
7140
7141
7142
7143
7144
7145
7146
7147
7148
7149
7150
7151
7152
7153
7154
7155
7156
7157
7158
7159
7160
7161
7162
7163
7164
7165
7166
7167
7168
7169
7170
7171
7172
7173
7174
7175
7176
7177
7178
7179
7180
7181
7182
7183
7184
7185
7186
7187
7188
7189
7190
7191
7192
7193
7194
7195
7196
7197
7198
7199
7200
7201
7202
7203
7204
7205
7206
7207
7208
7209
7210
7211
7212
7213
7214
7215
7216
7217
7218
7219
7220
7221
7222
7223
7224
7225
7226
7227
7228
7229
7230
7231
7232
7233
7234
7235
7236
7237
7238
7239
7240
7241
7242
7243
7244
7245
7246
7247
7248
7249
7250
7251
7252
7253
7254
7255
7256
7257
7258
7259
7260
7261
7262
7263
7264
7265
7266
7267
7268
7269
7270
7271
7272
7273
7274
7275
7276
7277
7278
7279
7280
7281
7282
7283
7284
7285
7286
7287
7288
7289
7290
7291
7292
7293
7294
7295
7296
7297
7298
7299
7300
7301
7302
7303
7304
7305
7306
7307
7308
7309
7310
7311
7312
7313
7314
7315
7316
7317
7318
7319
7320
7321
7322
7323
7324
7325
7326
7327
7328
7329
7330
7331
7332
7333
7334
7335
7336
7337
7338
7339
7340
7341
7342
7343
7344
7345
7346
7347
7348
7349
7350
7351
7352
7353
7354
7355
7356
7357
7358
7359
7360
7361
7362
7363
7364
7365
7366
7367
7368
7369
7370
7371
7372
7373
7374
7375
7376
7377
7378
7379
7380
7381
7382
7383
7384
7385
7386
7387
7388
7389
7390
7391
7392
7393
7394
7395
7396
7397
7398
7399
7400
7401
7402
7403
7404
7405
7406
7407
7408
7409
7410
7411
7412
7413
7414
7415
7416
7417
7418
7419
7420
7421
7422
7423
7424
7425
7426
7427
7428
7429
7430
7431
7432
7433
7434
7435
7436
7437
7438
7439
7440
7441
7442
7443
7444
7445
7446
7447
7448
7449
7450
7451
7452
7453
7454
7455
7456
7457
7458
7459
7460
7461
7462
7463
7464
7465
7466
7467
7468
7469
7470
7471
7472
7473
7474
7475
7476
7477
7478
7479
7480
7481
7482
7483
7484
7485
7486
7487
7488
7489
7490
7491
7492
7493
7494
7495
7496
7497
7498
7499
7500
7501
7502
7503
7504
7505
7506
7507
7508
7509
7510
7511
7512
7513
7514
7515
7516
7517
7518
7519
7520
7521
7522
7523
7524
7525
7526
7527
7528
7529
7530
7531
7532
7533
7534
7535
7536
7537
7538
7539
7540
7541
7542
7543
7544
7545
7546
7547
7548
7549
7550
7551
7552
7553
7554
7555
7556
7557
7558
7559
7560
7561
7562
7563
7564
7565
7566
7567
7568
7569
7570
7571
7572
7573
7574
7575
7576
7577
7578
7579
7580
7581
7582
7583
7584
7585
7586
7587
7588
7589
7590
7591
7592
7593
7594
7595
7596
7597
7598
7599
7600
7601
7602
7603
7604
7605
7606
7607
7608
7609
7610
7611
7612
7613
7614
7615
7616
7617
7618
7619
7620
7621
7622
1.147998276004702 2e-05 0
1.147998276004702 4.7e-05 0
1.147998276004702 8.345000000000001e-05 0
1.147998276004702 0.0001326575 0
1.147998276004702 0.000199087625 0
1.147998276004702 0.0002887682937500001 0
1.147998276004702 0.0004098371965625001 0
1.147998276004702 0.0005732802153593752 0
1.147998276004702 0.0007939282907351566 0
1.147998276004702 0.001091803192492462 0
1.147998276004702 0.001493934309864823 0
1.147998276004702 0.002036811318317512 0
1.147998276004702 0.002769695279728641 0
1.147998276004702 0.003759088627633665 0
1.147998276004702 0.005094769647305449 0
1.147998276004702 0.006897939023862356 0
1.147998276004702 0.009332217682214181 0
1.147998276004702 0.01261849387098915 0
1.147998276004702 0.01705496672583535 0
1.147998276004702 0.02304420507987772 0
1.147998276004702 0.03112967685783492 0
1.147998276004702 0.04204506375807715 0
1.147998276004702 0.05678083607340416 0
1.197331034673828 2e-05 0
1.197331034673828 4.7e-05 0
1.197331034673828 8.345000000000001e-05 0
1.197331034673828 0.0001326575 0
1.197331034673828 0.000199087625 0
1.197331034673828 0.0002887682937500001 0
1.197331034673828 0.0004098371965625001 0
1.197331034673828 0.0005732802153593752 0
1.197331034673828 0.0007939282907351566 0
1.197331034673828 0.001091803192492462 0
1.197331034673828 0.001493934309864823 0
1.197331034673828 0.002036811318317512 0
1.197331034673828 0.002769695279728641 0
1.197331034673828 0.003759088627633665 0
1.197331034673828 0.005094769647305449 0
1.197331034673828 0.006897939023862356 0
1.197331034673828 0.009332217682214181 0
1.197331034673828 0.01261849387098915 0
1.197331034673828 0.01705496672583535 0
1.197331034673828 0.02304420507987772 0
1.197331034673828 0.03112967685783492 0
1.197331034673828 0.04204506375807715 0
1.197331034673828 0.05678083607340416 0
1.246663793342953 2e-05 0
1.246663793342953 4.7e-05 0
1.246663793342953 8.345000000000001e-05 0
1.246663793342953 0.0001326575 0
1.246663793342953 0.000199087625 0
1.246663793342953 0.0002887682937500001 0
1.246663793342953 0.0004098371965625001 0
1.246663793342953 0.0005732802153593752 0
1.246663793342953 0.0007939282907351566 0
1.246663793342953 0.001091803192492462 0
1.246663793342953 0.001493934309864823 0
1.246663793342953 0.002036811318317512 0
1.246663793342953 0.002769695279728641 0
1.246663793342953 0.003759088627633665 0
1.246663793342953 0.005094769647305449 0
1.246663793342953 0.006897939023862356 0
1.246663793342953 0.009332217682214181 0
1.246663793342953 0.01261849387098915 0
1.246663793342953 0.01705496672583535 0
1.246663793342953 0.02304420507987772 0
1.246663793342953 0.03112967685783492 0
1.246663793342953 0.04204506375807715 0
1.246663793342953 0.05678083607340416 0
0.9999999999973473 2e-05 0
0.9999999999973473 4.7e-05 0
0.9999999999973473 8.345e-05 0
0.9999999999973473 0.0001326575 0
0.9999999999973473 0.000199087625 0
0.9999999999973473 0.00028876829375 0
0.9999999999973473 0.0004098371965625001 0
0.9999999999973473 0.0005732802153593751 0
0.9999999999973473 0.0007939282907351564 0
0.9999999999973473 0.001091803192492461 0
0.9999999999973473 0.001493934309864823 0
0.9999999999973473 0.002036811318317511 0
0.9999999999973473 0.00276969527972864 0
0.9999999999973473 0.003759088627633664 0
0.9999999999973473 0.005094769647305448 0
0.9999999999973473 0.006897939023862354 0
0.9999999999973473 0.00933221768221418 0
0.9999999999973473 0.01261849387098914 0
0.9999999999973473 0.01705496672583534 0
0.9999999999973473 0.02304420507987772 0
0.9999999999973473 0.03112967685783492 0
0.9999999999973473 0.04204506375807714 0
0.9999999999973473 0.05678083607340415 0
1.049332758666451 2e-05 0
1.049332758666451 4.7e-05 0
1.049332758666451 8.345000000000001e-05 0
1.049332758666451 0.0001326575 0
1.049332758666451 0.000199087625 0
1.049332758666451 0.0002887682937500001 0
1.049332758666451 0.0004098371965625001 0
1.049332758666451 0.0005732802153593752 0
1.049332758666451 0.0007939282907351566 0
1.049332758666451 0.001091803192492462 0
1.049332758666451 0.001493934309864823 0
1.049332758666451 0.002036811318317512 0
1.049332758666451 0.002769695279728641 0
1.049332758666451 0.003759088627633665 0
1.049332758666451 0.005094769647305449 0
1.049332758666451 0.006897939023862356 0
1.049332758666451 0.009332217682214181 0
1.049332758666451 0.01261849387098915 0
1.049332758666451 0.01705496672583535 0
1.049332758666451 0.02304420507987772 0
1.049332758666451 0.03112967685783492 0
1.049332758666451 0.04204506375807715 0
1.049332758666451 0.05678083607340416 0
1.098665517335577 2e-05 0
1.098665517335577 4.7e-05 0
1.098665517335577 8.345e-05 0
1.098665517335577 0.0001326575 0
1.098665517335577 0.000199087625 0
1.098665517335577 0.00028876829375 0
1.098665517335577 0.0004098371965625001 0
1.098665517335577 0.0005732802153593751 0
1.098665517335577 0.0007939282907351564 0
1.098665517335577 0.001091803192492461 0
1.098665517335577 0.001493934309864823 0
1.098665517335577 0.002036811318317511 0
1.098665517335577 0.00276969527972864 0
1.098665517335577 0.003759088627633664 0
1.098665517335577 0.005094769647305448 0
1.098665517335577 0.006897939023862354 0
1.098665517335577 0.00933221768221418 0
1.098665517335577 0.01261849387098914 0
1.098665517335577 0.01705496672583534 0
1.098665517335577 0.02304420507987772 0
1.098665517335577 0.03112967685783492 0
1.098665517335577 0.04204506375807714 0
1.098665517335577 0.05678083607340415 0
1.295996552012078 2e-05 0
1.295996552012078 4.7e-05 0
1.295996552012078 8.345000000000001e-05 0
1.295996552012078 0.0001326575 0
1.295996552012078 0.000199087625 0
1.295996552012078 0.0002887682937500001 0
1.295996552012078 0.0004098371965625001 0
1.295996552012078 0.0005732802153593752 0
1.295996552012078 0.0007939282907351566 0
1.295996552012078 0.001091803192492462 0
1.295996552012078 0.001493934309864823 0
1.295996552012078 0.002036811318317512 0
1.295996552012078 0.002769695279728641 0
1.295996552012078 0.003759088627633665 0
1.295996552012078 0.005094769647305449 0
1.295996552012078 0.006897939023862356 0
1.295996552012078 0.009332217682214181 0
1.295996552012078 0.01261849387098915 0
1.295996552012078 0.01705496672583535 0
1.295996552012078 0.02304420507987772 0
1.295996552012078 0.03112967685783492 0
1.295996552012078 0.04204506375807715 0
1.295996552012078 0.05678083607340416 0
1.345329310681204 2e-05 0
1.345329310681204 4.7e-05 0
1.345329310681204 8.345e-05 0
1.345329310681204 0.0001326575 0
1.345329310681204 0.000199087625 0
1.345329310681204 0.00028876829375 0
1.345329310681204 0.0004098371965625001 0
1.345329310681204 0.0005732802153593751 0
1.345329310681204 0.0007939282907351564 0
1.345329310681204 0.001091803192492461 0
1.345329310681204 0.001493934309864823 0
1.345329310681204 0.002036811318317511 0
1.345329310681204 0.00276969527972864 0
1.345329310681204 0.003759088627633664 0
1.345329310681204 0.005094769647305448 0
1.345329310681204 0.006897939023862354 0
1.345329310681204 0.00933221768221418 0
1.345329310681204 0.01261849387098914 0
1.345329310681204 0.01705496672583534 0
1.345329310681204 0.02304420507987772 0
1.345329310681204 0.03112967685783492 0
1.345329310681204 0.04204506375807714 0
1.345329310681204 0.05678083607340415 0
1.394662069350329 2e-05 0
1.394662069350329 4.7e-05 0
1.394662069350329 8.345000000000001e-05 0
1.394662069350329 0.0001326575 0
1.394662069350329 0.000199087625 0
1.394662069350329 0.0002887682937500001 0
1.394662069350329 0.0004098371965625001 0
1.394662069350329 0.0005732802153593752 0
1.394662069350329 0.0007939282907351566 0
1.394662069350329 0.001091803192492462 0
1.394662069350329 0.001493934309864823 0
1.394662069350329 0.002036811318317512 0
1.394662069350329 0.002769695279728641 0
1.394662069350329 0.003759088627633665 0
1.394662069350329 0.005094769647305449 0
1.394662069350329 0.006897939023862356 0
1.394662069350329 0.009332217682214181 0
1.394662069350329 0.01261849387098915 0
1.394662069350329 0.01705496672583535 0
1.394662069350329 0.02304420507987772 0
1.394662069350329 0.03112967685783492 0
1.394662069350329 0.04204506375807715 0
1.394662069350329 0.05678083607340416 0
0.0005866592306000747 2e-05 0
0.0005866592306000747 4.7e-05 0
0.0005866592306000747 8.345000000000001e-05 0
0.0005866592306000747 0.0001326575 0
0.0005866592306000747 0.000199087625 0
0.0005866592306000747 0.0002887682937500001 0
0.0005866592306000747 0.0004098371965625001 0
0.0005866592306000747 0.0005732802153593752 0
0.0005866592306000747 0.0007939282907351566 0
0.0005866592306000747 0.001091803192492462 0
0.0005866592306000747 0.001493934309864823 0
0.0005866592306000747 0.002036811318317512 0
0.0005866592306000747 0.002769695279728641 0
0.0005866592306000747 0.003759088627633665 0
0.0005866592306000747 0.005094769647305449 0
0.0005866592306000747 0.006897939023862356 0
0.0005866592306000747 0.009332217682214181 0
0.0005866592306000747 0.01261849387098915 0
0.0005866592306000747 0.01705496672583535 0
0.0005866592306000747 0.02304420507987772 0
0.0005866592306000747 0.03112967685783492 0
0.0005866592306000747 0.04204506375807715 0
0.0005866592306000747 0.05678083607340416 0
0.001408482914792938 2.000000000000001e-05 0
0.001408482914792938 4.700000000000002e-05 0
0.001408482914792938 8.345000000000002e-05 0
0.001408482914792938 0.0001326575 0
0.001408482914792938 0.0001990876250000001 0
0.001408482914792938 0.0002887682937500001 0
0.001408482914792938 0.0004098371965625002 0
0.001408482914792938 0.0005732802153593753 0
0.001408482914792938 0.0007939282907351567 0
0.001408482914792938 0.001091803192492462 0
0.001408482914792938 0.001493934309864824 0
0.001408482914792938 0.002036811318317512 0
0.001408482914792938 0.002769695279728641 0
0.001408482914792938 0.003759088627633666 0
0.001408482914792938 0.00509476964730545 0
0.001408482914792938 0.006897939023862357 0
0.001408482914792938 0.009332217682214183 0
0.001408482914792938 0.01261849387098915 0
0.001408482914792938 0.01705496672583535 0
0.001408482914792938 0.02304420507987772 0
0.001408482914792938 0.03112967685783492 0
0.001408482914792938 0.04204506375807715 0
0.001408482914792938 0.05678083607340416 0
0.002559737083302666 2.000000000000001e-05 0
0.002559737083302666 4.700000000000002e-05 0
0.002559737083302666 8.345000000000002e-05 0
0.002559737083302666 0.0001326575 0
0.002559737083302666 0.0001990876250000001 0
0.002559737083302666 0.0002887682937500001 0
0.002559737083302666 0.0004098371965625002 0
0.002559737083302666 0.0005732802153593753 0
0.002559737083302666 0.0007939282907351567 0
0.002559737083302666 0.001091803192492462 0
0.002559737083302666 0.001493934309864824 0
0.002559737083302666 0.002036811318317512 0
0.002559737083302666 0.002769695279728641 0
0.002559737083302666 0.003759088627633666 0
0.002559737083302666 0.00509476964730545 0
0.002559737083302666 0.006897939023862357 0
0.002559737083302666 0.009332217682214183 0
0.002559737083302666 0.01261849387098915 0
0.002559737083302666 0.01705496672583535 0
0.002559737083302666 0.02304420507987772 0
0.002559737083302666 0.03112967685783492 0
0.002559737083302666 0.04204506375807715 0
0.002559737083302666 0.05678083607340416 0
1.443994828019455 2e-05 0
1.443994828019455 4.7e-05 0
1.443994828019455 8.345000000000001e-05 0
1.443994828019455 0.0001326575 0
1.443994828019455 0.000199087625 0
1.443994828019455 0.0002887682937500001 0
1.443994828019455 0.0004098371965625001 0
1.443994828019455 0.0005732802153593752 0
1.443994828019455 0.0007939282907351566 0
1.443994828019455 0.001091803192492462 0
1.443994828019455 0.001493934309864823 0
1.443994828019455 0.002036811318317512 0
1.443994828019455 0.002769695279728641 0
1.443994828019455 0.003759088627633665 0
1.443994828019455 0.005094769647305449 0
1.443994828019455 0.006897939023862356 0
1.443994828019455 0.009332217682214181 0
1.443994828019455 0.01261849387098915 0
1.443994828019455 0.01705496672583535 0
1.443994828019455 0.02304420507987772 0
1.443994828019455 0.03112967685783492 0
1.443994828019455 0.04204506375807715 0
1.443994828019455 0.05678083607340416 0
1.49332758668858 2e-05 0
1.49332758668858 4.7e-05 0
1.49332758668858 8.345000000000001e-05 0
1.49332758668858 0.0001326575 0
1.49332758668858 0.000199087625 0
1.49332758668858 0.0002887682937500001 0
1.49332758668858 0.0004098371965625001 0
1.49332758668858 0.0005732802153593752 0
1.49332758668858 0.0007939282907351566 0
1.49332758668858 0.001091803192492462 0
1.49332758668858 0.001493934309864823 0
1.49332758668858 0.002036811318317512 0
1.49332758668858 0.002769695279728641 0
1.49332758668858 0.003759088627633665 0
1.49332758668858 0.005094769647305449 0
1.49332758668858 0.006897939023862356 0
1.49332758668858 0.009332217682214181 0
1.49332758668858 0.01261849387098915 0
1.49332758668858 0.01705496672583535 0
1.49332758668858 0.02304420507987772 0
1.49332758668858 0.03112967685783492 0
1.49332758668858 0.04204506375807715 0
1.49332758668858 0.05678083607340416 0
1.542660345357705 2e-05 0
1.542660345357705 4.7e-05 0
1.542660345357705 8.345000000000001e-05 0
1.542660345357705 0.0001326575 0
1.542660345357705 0.000199087625 0
1.542660345357705 0.0002887682937500001 0
1.542660345357705 0.0004098371965625001 0
1.542660345357705 0.0005732802153593752 0
1.542660345357705 0.0007939282907351566 0
1.542660345357705 0.001091803192492462 0
1.542660345357705 0.001493934309864823 0
1.542660345357705 0.002036811318317512 0
1.542660345357705 0.002769695279728641 0
1.542660345357705 0.003759088627633665 0
1.542660345357705 0.005094769647305449 0
1.542660345357705 0.006897939023862356 0
1.542660345357705 0.009332217682214181 0
1.542660345357705 0.01261849387098915 0
1.542660345357705 0.01705496672583535 0
1.542660345357705 0.02304420507987772 0
1.542660345357705 0.03112967685783492 0
1.542660345357705 0.04204506375807715 0
1.542660345357705 0.05678083607340416 0
1.591993104026831 2e-05 0
1.591993104026831 4.7e-05 0
1.591993104026831 8.345e-05 0
1.591993104026831 0.0001326575 0
1.591993104026831 0.000199087625 0
1.591993104026831 0.00028876829375 0
1.591993104026831 0.0004098371965625001 0
1.591993104026831 0.0005732802153593751 0
1.591993104026831 0.0007939282907351564 0
1.591993104026831 0.001091803192492461 0
1.591993104026831 0.001493934309864823 0
1.591993104026831 0.002036811318317511 0
1.591993104026831 0.00276969527972864 0
1.591993104026831 0.003759088627633664 0
1.591993104026831 0.005094769647305448 0
1.591993104026831 0.006897939023862354 0
1.591993104026831 0.00933221768221418 0
1.591993104026831 0.01261849387098914 0
1.591993104026831 0.01705496672583534 0
1.591993104026831 0.02304420507987772 0
1.591993104026831 0.03112967685783492 0
1.591993104026831 0.04204506375807714 0
1.591993104026831 0.05678083607340415 0
1.641325862695956 2e-05 0
1.641325862695956 4.7e-05 0
1.641325862695956 8.345000000000001e-05 0
1.641325862695956 0.0001326575 0
1.641325862695956 0.000199087625 0
1.641325862695956 0.0002887682937500001 0
1.641325862695956 0.0004098371965625001 0
1.641325862695956 0.0005732802153593752 0
1.641325862695956 0.0007939282907351566 0
1.641325862695956 0.001091803192492462 0
1.641325862695956 0.001493934309864823 0
1.641325862695956 0.002036811318317512 0
1.641325862695956 0.002769695279728641 0
1.641325862695956 0.003759088627633665 0
1.641325862695956 0.005094769647305449 0
1.641325862695956 0.006897939023862356 0
1.641325862695956 0.009332217682214181 0
1.641325862695956 0.01261849387098915 0
1.641325862695956 0.01705496672583535 0
1.641325862695956 0.02304420507987772 0
1.641325862695956 0.03112967685783492 0
1.641325862695956 0.04204506375807715 0
1.641325862695956 0.05678083607340416 0
1.690658621365082 2e-05 0
1.690658621365082 4.7e-05 0
1.690658621365082 8.345000000000001e-05 0
1.690658621365082 0.0001326575 0
1.690658621365082 0.000199087625 0
1.690658621365082 0.0002887682937500001 0
1.690658621365082 0.0004098371965625001 0
1.690658621365082 0.0005732802153593752 0
1.690658621365082 0.0007939282907351566 0
1.690658621365082 0.001091803192492462 0
1.690658621365082 0.001493934309864823 0
1.690658621365082 0.002036811318317512 0
1.690658621365082 0.002769695279728641 0
1.690658621365082 0.003759088627633665 0
1.690658621365082 0.005094769647305449 0
1.690658621365082 0.006897939023862356 0
1.690658621365082 0.009332217682214181 0
1.690658621365082 0.01261849387098915 0
1.690658621365082 0.01705496672583535 0
1.690658621365082 0.02304420507987772 0
1.690658621365082 0.03112967685783492 0
1.690658621365082 0.04204506375807715 0
1.690658621365082 0.05678083607340416 0
1.884342126641866 2.000000000000001e-05 0
1.884342126641866 4.700000000000002e-05 0
1.884342126641866 8.345000000000002e-05 0
1.884342126641866 0.0001326575 0
1.884342126641866 0.0001990876250000001 0
1.884342126641866 0.0002887682937500001 0
1.884342126641866 0.0004098371965625002 0
1.884342126641866 0.0005732802153593753 0
1.884342126641866 0.0007939282907351567 0
1.884342126641866 0.001091803192492462 0
1.884342126641866 0.001493934309864824 0
1.884342126641866 0.002036811318317512 0
1.884342126641866 0.002769695279728641 0
1.884342126641866 0.003759088627633666 0
1.884342126641866 0.00509476964730545 0
1.884342126641866 0.006897939023862357 0
1.884342126641866 0.009332217682214183 0
1.884342126641866 0.01261849387098915 0
1.884342126641866 0.01705496672583535 0
1.884342126641866 0.02304420507987772 0
1.884342126641866 0.03112967685783492 0
1.884342126641866 0.04204506375807715 0
1.884342126641866 0.05678083607340416 0
1.917881548674944 2e-05 0
1.917881548674944 4.7e-05 0
1.917881548674944 8.345000000000001e-05 0
1.917881548674944 0.0001326575 0
1.917881548674944 0.000199087625 0
1.917881548674944 0.0002887682937500001 0
1.917881548674944 0.0004098371965625001 0
1.917881548674944 0.0005732802153593752 0
1.917881548674944 0.0007939282907351566 0
1.917881548674944 0.001091803192492462 0
1.917881548674944 0.001493934309864823 0
1.917881548674944 0.002036811318317512 0
1.917881548674944 0.002769695279728641 0
1.917881548674944 0.003759088627633665 0
1.917881548674944 0.005094769647305449 0
1.917881548674944 0.006897939023862356 0
1.917881548674944 0.009332217682214181 0
1.917881548674944 0.01261849387098915 0
1.917881548674944 0.01705496672583535 0
1.917881548674944 0.02304420507987772 0
1.917881548674944 0.03112967685783492 0
1.917881548674944 0.04204506375807715 0
1.917881548674944 0.05678083607340416 0
1.941798487163879 2.000000000000001e-05 0
1.941798487163879 4.700000000000002e-05 0
1.941798487163879 8.345000000000002e-05 0
1.941798487163879 0.0001326575 0
1.941798487163879 0.0001990876250000001 0
1.941798487163879 0.0002887682937500001 0
1.941798487163879 0.0004098371965625002 0
1.941798487163879 0.0005732802153593753 0
1.941798487163879 0.0007939282907351567 0
1.941798487163879 0.001091803192492462 0
1.941798487163879 0.001493934309864824 0
1.941798487163879 0.002036811318317512 0
1.941798487163879 0.002769695279728641 0
1.941798487163879 0.003759088627633666 0
1.941798487163879 0.00509476964730545 0
1.941798487163879 0.006897939023862357 0
1.941798487163879 0.009332217682214183 0
1.941798487163879 0.01261849387098915 0
1.941798487163879 0.01705496672583535 0
1.941798487163879 0.02304420507987772 0
1.941798487163879 0.03112967685783492 0
1.941798487163879 0.04204506375807715 0
1.941798487163879 0.05678083607340416 0
0.004172475834496988 2e-05 0
0.004172475834496988 4.7e-05 0
0.004172475834496988 8.345e-05 0
0.004172475834496988 0.0001326575 0
0.004172475834496988 0.000199087625 0
0.004172475834496988 0.00028876829375 0
0.004172475834496988 0.0004098371965625001 0
0.004172475834496988 0.0005732802153593751 0
0.004172475834496988 0.0007939282907351564 0
0.004172475834496988 0.001091803192492461 0
0.004172475834496988 0.001493934309864823 0
0.004172475834496988 0.002036811318317511 0
0.004172475834496988 0.00276969527972864 0
0.004172475834496988 0.003759088627633664 0
0.004172475834496988 0.005094769647305448 0
0.004172475834496988 0.006897939023862354 0
0.004172475834496988 0.00933221768221418 0
0.004172475834496988 0.01261849387098914 0
0.004172475834496988 0.01705496672583534 0
0.004172475834496988 0.02304420507987772 0
0.004172475834496988 0.03112967685783492 0
0.004172475834496988 0.04204506375807714 0
0.004172475834496988 0.05678083607340415 0
0.006431685918939408 2.000000000000001e-05 0
0.006431685918939408 4.700000000000002e-05 0
0.006431685918939408 8.345000000000002e-05 0
0.006431685918939408 0.0001326575 0
0.006431685918939408 0.0001990876250000001 0
0.006431685918939408 0.0002887682937500001 0
0.006431685918939408 0.0004098371965625002 0
0.006431685918939408 0.0005732802153593753 0
0.006431685918939408 0.0007939282907351568 0
0.006431685918939408 0.001091803192492462 0
0.006431685918939408 0.001493934309864824 0
0.006431685918939408 0.002036811318317512 0
0.006431685918939408 0.002769695279728641 0
0.006431685918939408 0.003759088627633666 0
0.006431685918939408 0.00509476964730545 0
0.006431685918939408 0.006897939023862358 0
0.006431685918939408 0.009332217682214183 0
0.006431685918939408 0.01261849387098915 0
0.006431685918939408 0.01705496672583535 0
0.006431685918939408 0.02304420507987772 0
0.006431685918939408 0.03112967685783493 0
0.006431685918939408 0.04204506375807716 0
0.006431685918939408 0.05678083607340417 0
0.009596508715435017 2e-05 0
0.009596508715435017 4.7e-05 0
0.009596508715435017 8.345e-05 0
0.009596508715435017 0.0001326575 0
0.009596508715435017 0.000199087625 0
0.009596508715435017 0.00028876829375 0
0.009596508715435017 0.0004098371965625001 0
0.009596508715435017 0.0005732802153593751 0
0.009596508715435017 0.0007939282907351564 0
0.009596508715435017 0.001091803192492461 0
0.009596508715435017 0.001493934309864823 0
0.009596508715435017 0.002036811318317511 0
0.009596508715435017 0.00276969527972864 0
0.009596508715435017 0.003759088627633664 0
0.009596508715435017 0.005094769647305448 0
0.009596508715435017 0.006897939023862354 0
0.009596508715435017 0.00933221768221418 0
0.009596508715435017 0.01261849387098914 0
0.009596508715435017 0.01705496672583534 0
0.009596508715435017 0.02304420507987772 0
0.009596508715435017 0.03112967685783492 0
0.009596508715435017 0.04204506375807714 0
0.009596508715435017 0.05678083607340415 0
1.739991380034207 2.000000000000001e-05 0
1.739991380034207 4.700000000000002e-05 0
1.739991380034207 8.345000000000002e-05 0
1.739991380034207 0.0001326575 0
1.739991380034207 0.0001990876250000001 0
1.739991380034207 0.0002887682937500001 0
1.739991380034207 0.0004098371965625002 0
1.739991380034207 0.0005732802153593753 0
1.739991380034207 0.0007939282907351567 0
1.739991380034207 0.001091803192492462 0
1.739991380034207 0.001493934309864824 0
1.739991380034207 0.002036811318317512 0
1.739991380034207 0.002769695279728641 0
1.739991380034207 0.003759088627633666 0
1.739991380034207 0.00509476964730545 0
1.739991380034207 0.006897939023862357 0
1.739991380034207 0.009332217682214183 0
1.739991380034207 0.01261849387098915 0
1.739991380034207 0.01705496672583535 0
1.739991380034207 0.02304420507987772 0
1.739991380034207 0.03112967685783492 0
1.739991380034207 0.04204506375807715 0
1.739991380034207 0.05678083607340416 0
1.789324138703332 2e-05 0
1.789324138703332 4.7e-05 0
1.789324138703332 8.345000000000001e-05 0
1.789324138703332 0.0001326575 0
1.789324138703332 0.000199087625 0
1.789324138703332 0.0002887682937500001 0
1.789324138703332 0.0004098371965625001 0
1.789324138703332 0.0005732802153593752 0
1.789324138703332 0.0007939282907351566 0
1.789324138703332 0.001091803192492462 0
1.789324138703332 0.001493934309864823 0
1.789324138703332 0.002036811318317512 0
1.789324138703332 0.002769695279728641 0
1.789324138703332 0.003759088627633665 0
1.789324138703332 0.005094769647305449 0
1.789324138703332 0.006897939023862356 0
1.789324138703332 0.009332217682214181 0
1.789324138703332 0.01261849387098915 0
1.789324138703332 0.01705496672583535 0
1.789324138703332 0.02304420507987772 0
1.789324138703332 0.03112967685783492 0
1.789324138703332 0.04204506375807715 0
1.789324138703332 0.05678083607340416 0
1.838656897372458 2e-05 0
1.838656897372458 4.7e-05 0
1.838656897372458 8.345000000000001e-05 0
1.838656897372458 0.0001326575 0
1.838656897372458 0.000199087625 0
1.838656897372458 0.0002887682937500001 0
1.838656897372458 0.0004098371965625001 0
1.838656897372458 0.0005732802153593752 0
1.838656897372458 0.0007939282907351566 0
1.838656897372458 0.001091803192492462 0
1.838656897372458 0.001493934309864823 0
1.838656897372458 0.002036811318317512 0
1.838656897372458 0.002769695279728641 0
1.838656897372458 0.003759088627633665 0
1.838656897372458 0.005094769647305449 0
1.838656897372458 0.006897939023862356 0
1.838656897372458 0.009332217682214181 0
1.838656897372458 0.01261849387098915 0
1.838656897372458 0.01705496672583535 0
1.838656897372458 0.02304420507987772 0
1.838656897372458 0.03112967685783492 0
1.838656897372458 0.04204506375807715 0
1.838656897372458 0.05678083607340416 0
1.958871602433524 2e-05 0
1.958871602433524 4.7e-05 0
1.958871602433524 8.345000000000001e-05 0
1.958871602433524 0.0001326575 0
1.958871602433524 0.000199087625 0
1.958871602433524 0.0002887682937500001 0
1.958871602433524 0.0004098371965625001 0
1.958871602433524 0.0005732802153593752 0
1.958871602433524 0.0007939282907351566 0
1.958871602433524 0.001091803192492462 0
1.958871602433524 0.001493934309864823 0
1.958871602433524 0.002036811318317512 0
1.958871602433524 0.002769695279728641 0
1.958871602433524 0.003759088627633665 0
1.958871602433524 0.005094769647305449 0
1.958871602433524 0.006897939023862356 0
1.958871602433524 0.009332217682214181 0
1.958871602433524 0.01261849387098915 0
1.958871602433524 0.01705496672583535 0
1.958871602433524 0.02304420507987772 0
1.958871602433524 0.03112967685783492 0
1.958871602433524 0.04204506375807715 0
1.958871602433524 0.05678083607340416 0
1.971059258002328 2e-05 0
1.971059258002328 4.7e-05 0
1.971059258002328 8.345000000000001e-05 0
1.971059258002328 0.0001326575 0
1.971059258002328 0.000199087625 0
1.971059258002328 0.0002887682937500001 0
1.971059258002328 0.0004098371965625001 0
1.971059258002328 0.0005732802153593752 0
1.971059258002328 0.0007939282907351566 0
1.971059258002328 0.001091803192492462 0
1.971059258002328 0.001493934309864823 0
1.971059258002328 0.002036811318317512 0
1.971059258002328 0.002769695279728641 0
1.971059258002328 0.003759088627633665 0
1.971059258002328 0.005094769647305449 0
1.971059258002328 0.006897939023862356 0
1.971059258002328 0.009332217682214181 0
1.971059258002328 0.01261849387098915 0
1.971059258002328 0.01705496672583535 0
1.971059258002328 0.02304420507987772 0
1.971059258002328 0.03112967685783492 0
1.971059258002328 0.04204506375807715 0
1.971059258002328 0.05678083607340416 0
1.979759421195022 2e-05 0
1.979759421195022 4.7e-05 0
1.979759421195022 8.345000000000001e-05 0
1.979759421195022 0.0001326575 0
1.979759421195022 0.000199087625 0
1.979759421195022 0.0002887682937500001 0
1.979759421195022 0.0004098371965625001 0
1.979759421195022 0.0005732802153593752 0
1.979759421195022 0.0007939282907351566 0
1.979759421195022 0.001091803192492462 0
1.979759421195022 0.001493934309864823 0
1.979759421195022 0.002036811318317512 0
1.979759421195022 0.002769695279728641 0
1.979759421195022 0.003759088627633665 0
1.979759421195022 0.005094769647305449 0
1.979759421195022 0.006897939023862356 0
1.979759421195022 0.009332217682214181 0
1.979759421195022 0.01261849387098915 0
1.979759421195022 0.01705496672583535 0
1.979759421195022 0.02304420507987772 0
1.979759421195022 0.03112967685783492 0
1.979759421195022 0.04204506375807715 0
1.979759421195022 0.05678083607340416 0
1.995827524165483 2e-05 0
1.995827524165483 4.7e-05 0
1.995827524165483 8.345000000000001e-05 0
1.995827524165483 0.0001326575 0
1.995827524165483 0.000199087625 0
1.995827524165483 0.0002887682937500001 0
1.995827524165483 0.0004098371965625001 0
1.995827524165483 0.0005732802153593752 0
1.995827524165483 0.0007939282907351566 0
1.995827524165483 0.001091803192492462 0
1.995827524165483 0.001493934309864823 0
1.995827524165483 0.002036811318317512 0
1.995827524165483 0.002769695279728641 0
1.995827524165483 0.003759088627633665 0
1.995827524165483 0.005094769647305449 0
1.995827524165483 0.006897939023862356 0
1.995827524165483 0.009332217682214181 0
1.995827524165483 0.01261849387098915 0
1.995827524165483 0.01705496672583535 0
1.995827524165483 0.02304420507987772 0
1.995827524165483 0.03112967685783492 0
1.995827524165483 0.04204506375807715 0
1.995827524165483 0.05678083607340416 0
1.997440262916685 2.000000000000001e-05 0
1.997440262916685 4.700000000000002e-05 0
1.997440262916685 8.345000000000002e-05 0
1.997440262916685 0.0001326575 0
1.997440262916685 0.0001990876250000001 0
1.997440262916685 0.0002887682937500001 0
1.997440262916685 0.0004098371965625002 0
1.997440262916685 0.0005732802153593753 0
1.997440262916685 0.0007939282907351567 0
1.997440262916685 0.001091803192492462 0
1.997440262916685 0.001493934309864824 0
1.997440262916685 0.002036811318317512 0
1.997440262916685 0.002769695279728641 0
1.997440262916685 0.003759088627633666 0
1.997440262916685 0.00509476964730545 0
1.997440262916685 0.006897939023862357 0
1.997440262916685 0.009332217682214183 0
1.997440262916685 0.01261849387098915 0
1.997440262916685 0.01705496672583535 0
1.997440262916685 0.02304420507987772 0
1.997440262916685 0.03112967685783492 0
1.997440262916685 0.04204506375807715 0
1.997440262916685 0.05678083607340416 0
1.998591517085201 2e-05 0
1.998591517085201 4.7e-05 0
1.998591517085201 8.345000000000001e-05 0
1.998591517085201 0.0001326575 0
1.998591517085201 0.000199087625 0
1.998591517085201 0.0002887682937500001 0
1.998591517085201 0.0004098371965625001 0
1.998591517085201 0.0005732802153593752 0
1.998591517085201 0.0007939282907351566 0
1.998591517085201 0.001091803192492462 0
1.998591517085201 0.001493934309864823 0
1.998591517085201 0.002036811318317512 0
1.998591517085201 0.002769695279728641 0
1.998591517085201 0.003759088627633665 0
1.998591517085201 0.005094769647305449 0
1.998591517085201 0.006897939023862356 0
1.998591517085201 0.009332217682214181 0
1.998591517085201 0.01261849387098915 0
1.998591517085201 0.01705496672583535 0
1.998591517085201 0.02304420507987772 0
1.998591517085201 0.03112967685783492 0
1.998591517085201 0.04204506375807715 0
1.998591517085201 0.05678083607340416 0
1.985970039247263 2e-05 0
1.985970039247263 4.7e-05 0
1.985970039247263 8.345000000000001e-05 0
1.985970039247263 0.0001326575 0
1.985970039247263 0.000199087625 0
1.985970039247263 0.0002887682937500001 0
1.985970039247263 0.0004098371965625001 0
1.985970039247263 0.0005732802153593752 0
1.985970039247263 0.0007939282907351566 0
1.985970039247263 0.001091803192492462 0
1.985970039247263 0.001493934309864823 0
1.985970039247263 0.002036811318317512 0
1.985970039247263 0.002769695279728641 0
1.985970039247263 0.003759088627633665 0
1.985970039247263 0.005094769647305449 0
1.985970039247263 0.006897939023862356 0
1.985970039247263 0.009332217682214181 0
1.985970039247263 0.01261849387098915 0
1.985970039247263 0.01705496672583535 0
1.985970039247263 0.02304420507987772 0
1.985970039247263 0.03112967685783492 0
1.985970039247263 0.04204506375807715 0
1.985970039247263 0.05678083607340416 0
1.990403491284519 2e-05 0
1.990403491284519 4.7e-05 0
1.990403491284519 8.345000000000001e-05 0
1.990403491284519 0.0001326575 0
1.990403491284519 0.000199087625 0
1.990403491284519 0.0002887682937500001 0
1.990403491284519 0.0004098371965625001 0
1.990403491284519 0.0005732802153593752 0
1.990403491284519 0.0007939282907351566 0
1.990403491284519 0.001091803192492462 0
1.990403491284519 0.001493934309864823 0
1.990403491284519 0.002036811318317512 0
1.990403491284519 0.002769695279728641 0
1.990403491284519 0.003759088627633665 0
1.990403491284519 0.005094769647305449 0
1.990403491284519 0.006897939023862356 0
1.990403491284519 0.009332217682214181 0
1.990403491284519 0.01261849387098915 0
1.990403491284519 0.01705496672583535 0
1.990403491284519 0.02304420507987772 0
1.990403491284519 0.03112967685783492 0
1.990403491284519 0.04204506375807715 0
1.990403491284519 0.05678083607340416 0
1.99356831408103 2.000000000000001e-05 0
1.99356831408103 4.700000000000002e-05 0
1.99356831408103 8.345000000000002e-05 0
1.99356831408103 0.0001326575 0
1.99356831408103 0.0001990876250000001 0
1.99356831408103 0.0002887682937500001 0
1.99356831408103 0.0004098371965625002 0
1.99356831408103 0.0005732802153593753 0
1.99356831408103 0.0007939282907351567 0
1.99356831408103 0.001091803192492462 0
1.99356831408103 0.001493934309864824 0
1.99356831408103 0.002036811318317512 0
1.99356831408103 0.002769695279728641 0
1.99356831408103 0.003759088627633666 0
1.99356831408103 0.00509476964730545 0
1.99356831408103 0.006897939023862357 0
1.99356831408103 0.009332217682214183 0
1.99356831408103 0.01261849387098915 0
1.99356831408103 0.01705496672583535 0
1.99356831408103 0.02304420507987772 0
1.99356831408103 0.03112967685783492 0
1.99356831408103 0.04204506375807715 0
1.99356831408103 0.05678083607340416 0
1.999413340769397 2.000000000000001e-05 0
1.999413340769397 4.700000000000002e-05 0
1.999413340769397 8.345000000000002e-05 0
1.999413340769397 0.0001326575 0
1.999413340769397 0.0001990876250000001 0
1.999413340769397 0.0002887682937500001 0
1.999413340769397 0.0004098371965625002 0
1.999413340769397 0.0005732802153593753 0
1.999413340769397 0.0007939282907351567 0
1.999413340769397 0.001091803192492462 0
1.999413340769397 0.001493934309864824 0
1.999413340769397 0.002036811318317512 0
1.999413340769397 0.002769695279728641 0
1.999413340769397 0.003759088627633666 0
1.999413340769397 0.00509476964730545 0
1.999413340769397 0.006897939023862357 0
1.999413340769397 0.009332217682214183 0
1.999413340769397 0.01261849387098915 0
1.999413340769397 0.01705496672583535 0
1.999413340769397 0.02304420507987772 0
1.999413340769397 0.03112967685783492 0
1.999413340769397 0.04204506375807715 0
1.999413340769397 0.05678083607340416 0
0.01402996075266916 2e-05 0
0.01402996075266916 4.7e-05 0
0.01402996075266916 8.345e-05 0
0.01402996075266916 0.0001326575 0
0.01402996075266916 0.000199087625 0
0.01402996075266916 0.00028876829375 0
0.01402996075266916 0.0004098371965625001 0
0.01402996075266916 0.0005732802153593751 0
0.01402996075266916 0.0007939282907351564 0
0.01402996075266916 0.001091803192492461 0
0.01402996075266916 0.001493934309864823 0
0.01402996075266916 0.002036811318317511 0
0.01402996075266916 0.00276969527972864 0
0.01402996075266916 0.003759088627633664 0
0.01402996075266916 0.005094769647305448 0
0.01402996075266916 0.006897939023862354 0
0.01402996075266916 0.00933221768221418 0
0.01402996075266916 0.01261849387098914 0
0.01402996075266916 0.01705496672583534 0
0.01402996075266916 0.02304420507987772 0
0.01402996075266916 0.03112967685783492 0
0.01402996075266916 0.04204506375807714 0
0.01402996075266916 0.05678083607340415 0
0.02024057880487979 2e-05 0
0.02024057880487979 4.7e-05 0
0.02024057880487979 8.345e-05 0
0.02024057880487979 0.0001326575 0
0.02024057880487979 0.000199087625 0
0.02024057880487979 0.00028876829375 0
0.02024057880487979 0.0004098371965625001 0
0.02024057880487979 0.0005732802153593751 0
0.02024057880487979 0.0007939282907351564 0
0.02024057880487979 0.001091803192492461 0
0.02024057880487979 0.001493934309864823 0
0.02024057880487979 0.002036811318317511 0
0.02024057880487979 0.00276969527972864 0
0.02024057880487979 0.003759088627633664 0
0.02024057880487979 0.005094769647305448 0
0.02024057880487979 0.006897939023862354 0
0.02024057880487979 0.00933221768221418 0
0.02024057880487979 0.01261849387098914 0
0.02024057880487979 0.01705496672583534 0
0.02024057880487979 0.02304420507987772 0
0.02024057880487979 0.03112967685783492 0
0.02024057880487979 0.04204506375807714 0
0.02024057880487979 0.05678083607340415 0
0.0289407419975299 2.000000000000001e-05 0
0.0289407419975299 4.700000000000002e-05 0
0.0289407419975299 8.345000000000002e-05 0
0.0289407419975299 0.0001326575 0
0.0289407419975299 0.0001990876250000001 0
0.0289407419975299 0.0002887682937500001 0
0.0289407419975299 0.0004098371965625002 0
0.0289407419975299 0.0005732802153593753 0
0.0289407419975299 0.0007939282907351567 0
0.0289407419975299 0.001091803192492462 0
0.0289407419975299 0.001493934309864824 0
0.0289407419975299 0.002036811318317512 0
0.0289407419975299 0.002769695279728641 0
0.0289407419975299 0.003759088627633666 0
0.0289407419975299 0.00509476964730545 0
0.0289407419975299 0.006897939023862357 0
0.0289407419975299 0.009332217682214183 0
0.0289407419975299 0.01261849387098915 0
0.0289407419975299 0.01705496672583535 0
0.0289407419975299 0.02304420507987772 0
0.0289407419975299 0.03112967685783492 0
0.0289407419975299 0.04204506375807715 0
0.0289407419975299 0.05678083607340416 0
0.04112839756627237 2e-05 0
0.04112839756627237 4.7e-05 0
0.04112839756627237 8.345000000000001e-05 0
0.04112839756627237 0.0001326575 0
0.04112839756627237 0.000199087625 0
0.04112839756627237 0.0002887682937500001 0
0.04112839756627237 0.0004098371965625001 0
0.04112839756627237 0.0005732802153593752 0
0.04112839756627237 0.0007939282907351566 0
0.04112839756627237 0.001091803192492462 0
0.04112839756627237 0.001493934309864823 0
0.04112839756627237 0.002036811318317512 0
0.04112839756627237 0.002769695279728641 0
0.04112839756627237 0.003759088627633665 0
0.04112839756627237 0.005094769647305449 0
0.04112839756627237 0.006897939023862356 0
0.04112839756627237 0.009332217682214181 0
0.04112839756627237 0.01261849387098915 0
0.04112839756627237 0.01705496672583535 0
0.04112839756627237 0.02304420507987772 0
0.04112839756627237 0.03112967685783492 0
0.04112839756627237 0.04204506375807715 0
0.04112839756627237 0.05678083607340416 0
0.05820151283582839 2e-05 0
0.05820151283582839 4.7e-05 0
0.05820151283582839 8.345000000000001e-05 0
0.05820151283582839 0.0001326575 0
0.05820151283582839 0.000199087625 0
0.05820151283582839 0.0002887682937500001 0
0.05820151283582839 0.0004098371965625001 0
0.05820151283582839 0.0005732802153593752 0
0.05820151283582839 0.0007939282907351566 0
0.05820151283582839 0.001091803192492462 0
0.05820151283582839 0.001493934309864823 0
0.05820151283582839 0.002036811318317512 0
0.05820151283582839 0.002769695279728641 0
0.05820151283582839 0.003759088627633665 0
0.05820151283582839 0.005094769647305449 0
0.05820151283582839 0.006897939023862356 0
0.05820151283582839 0.009332217682214181 0
0.05820151283582839 0.01261849387098915 0
0.05820151283582839 0.01705496672583535 0
0.05820151283582839 0.02304420507987772 0
0.05820151283582839 0.03112967685783492 0
0.05820151283582839 0.04204506375807715 0
0.05820151283582839 0.05678083607340416 0
0.08211845132463147 2.000000000000001e-05 0
0.08211845132463147 4.700000000000002e-05 0
0.08211845132463147 8.345000000000002e-05 0
0.08211845132463147 0.0001326575 0
0.08211845132463147 0.0001990876250000001 0
0.08211845132463147 0.0002887682937500001 0
0.08211845132463147 0.0004098371965625002 0
0.08211845132463147 0.0005732802153593753 0
0.08211845132463147 0.0007939282907351567 0
0.08211845132463147 0.001091803192492462 0
0.08211845132463147 0.001493934309864824 0
0.08211845132463147 0.002036811318317512 0
0.08211845132463147 0.002769695279728641 0
0.08211845132463147 0.003759088627633666 0
0.08211845132463147 0.00509476964730545 0
0.08211845132463147 0.006897939023862357 0
0.08211845132463147 0.009332217682214183 0
0.08211845132463147 0.01261849387098915 0
0.08211845132463147 0.01705496672583535 0
0.08211845132463147 0.02304420507987772 0
0.08211845132463147 0.03112967685783492 0
0.08211845132463147 0.04204506375807715 0
0.08211845132463147 0.05678083607340416 0
0.1156578733575332 2e-05 0
0.1156578733575332 4.7e-05 0
0.1156578733575332 8.345000000000001e-05 0
0.1156578733575332 0.0001326575 0
0.1156578733575332 0.000199087625 0
0.1156578733575332 0.0002887682937500001 0
0.1156578733575332 0.0004098371965625001 0
0.1156578733575332 0.0005732802153593752 0
0.1156578733575332 0.0007939282907351566 0
0.1156578733575332 0.001091803192492462 0
0.1156578733575332 0.001493934309864823 0
0.1156578733575332 0.002036811318317512 0
0.1156578733575332 0.002769695279728641 0
0.1156578733575332 0.003759088627633665 0
0.1156578733575332 0.005094769647305449 0
0.1156578733575332 0.006897939023862356 0
0.1156578733575332 0.009332217682214181 0
0.1156578733575332 0.01261849387098915 0
0.1156578733575332 0.01705496672583535 0
0.1156578733575332 0.02304420507987772 0
0.1156578733575332 0.03112967685783492 0
0.1156578733575332 0.04204506375807715 0
0.1156578733575332 0.05678083607340416 0
0.1613431026267237 2.000000000000001e-05 0
0.1613431026267237 4.700000000000002e-05 0
0.1613431026267237 8.345000000000002e-05 0
0.1613431026267237 0.0001326575 0
0.1613431026267237 0.0001990876250000001 0
0.1613431026267237 0.0002887682937500001 0
0.1613431026267237 0.0004098371965625002 0
0.1613431026267237 0.0005732802153593753 0
0.1613431026267237 0.0007939282907351567 0
0.1613431026267237 0.001091803192492462 0
0.1613431026267237 0.001493934309864824 0
0.1613431026267237 0.002036811318317512 0
0.1613431026267237 0.002769695279728641 0
0.1613431026267237 0.003759088627633666 0
0.1613431026267237 0.00509476964730545 0
0.1613431026267237 0.006897939023862357 0
0.1613431026267237 0.009332217682214183 0
0.1613431026267237 0.01261849387098915 0
0.1613431026267237 0.01705496672583535 0
0.1613431026267237 0.02304420507987772 0
0.1613431026267237 0.03112967685783492 0
0.1613431026267237 0.04204506375807715 0
0.1613431026267237 0.05678083607340416 0
0.2106758612956438 2e-05 0
0.2106758612956438 4.7e-05 0
0.2106758612956438 8.345000000000001e-05 0
0.2106758612956438 0.0001326575 0
0.2106758612956438 0.000199087625 0
0.2106758612956438 0.0002887682937500001 0
0.2106758612956438 0.0004098371965625001 0
0.2106758612956438 0.0005732802153593752 0
0.2106758612956438 0.0007939282907351566 0
0.2106758612956438 0.001091803192492462 0
0.2106758612956438 0.001493934309864823 0
0.2106758612956438 0.002036811318317512 0
0.2106758612956438 0.002769695279728641 0
0.2106758612956438 0.003759088627633665 0
0.2106758612956438 0.005094769647305449 0
0.2106758612956438 0.006897939023862356 0
0.2106758612956438 0.009332217682214181 0
0.2106758612956438 0.01261849387098915 0
0.2106758612956438 0.01705496672583535 0
0.2106758612956438 0.02304420507987772 0
0.2106758612956438 0.03112967685783492 0
0.2106758612956438 0.04204506375807715 0
0.2106758612956438 0.05678083607340416 0
0.2600086199645481 2e-05 0
0.2600086199645481 4.7e-05 0
0.2600086199645481 8.345e-05 0
0.2600086199645481 0.0001326575 0
0.2600086199645481 0.000199087625 0
0.2600086199645481 0.00028876829375 0
0.2600086199645481 0.0004098371965625001 0
0.2600086199645481 0.0005732802153593751 0
0.2600086199645481 0.0007939282907351564 0
0.2600086199645481 0.001091803192492461 0
0.2600086199645481 0.001493934309864823 0
0.2600086199645481 0.002036811318317511 0
0.2600086199645481 0.00276969527972864 0
0.2600086199645481 0.003759088627633664 0
0.2600086199645481 0.005094769647305448 0
0.2600086199645481 0.006897939023862354 0
0.2600086199645481 0.00933221768221418 0
0.2600086199645481 0.01261849387098914 0
0.2600086199645481 0.01705496672583534 0
0.2600086199645481 0.02304420507987772 0
0.2600086199645481 0.03112967685783492 0
0.2600086199645481 0.04204506375807714 0
0.2600086199645481 0.05678083607340415 0
0.3093413786334018 2e-05 0
0.3093413786334018 4.7e-05 0
0.3093413786334018 8.345e-05 0
0.3093413786334018 0.0001326575 0
0.3093413786334018 0.000199087625 0
0.3093413786334018 0.00028876829375 0
0.3093413786334018 0.0004098371965625001 0
0.3093413786334018 0.0005732802153593751 0
0.3093413786334018 0.0007939282907351564 0
0.3093413786334018 0.001091803192492461 0
0.3093413786334018 0.001493934309864823 0
0.3093413786334018 0.002036811318317511 0
0.3093413786334018 0.00276969527972864 0
0.3093413786334018 0.003759088627633664 0
0.3093413786334018 0.005094769647305448 0
0.3093413786334018 0.006897939023862354 0
0.3093413786334018 0.00933221768221418 0
0.3093413786334018 0.01261849387098914 0
0.3093413786334018 0.01705496672583534 0
0.3093413786334018 0.02304420507987772 0
0.3093413786334018 0.03112967685783492 0
0.3093413786334018 0.04204506375807714 0
0.3093413786334018 0.05678083607340415 0
0.3586741373022536 2e-05 0
0.3586741373022536 4.7e-05 0
0.3586741373022536 8.345000000000001e-05 0
0.3586741373022536 0.0001326575 0
0.3586741373022536 0.000199087625 0
0.3586741373022536 0.0002887682937500001 0
0.3586741373022536 0.0004098371965625001 0
0.3586741373022536 0.0005732802153593752 0
0.3586741373022536 0.0007939282907351566 0
0.3586741373022536 0.001091803192492462 0
0.3586741373022536 0.001493934309864823 0
0.3586741373022536 0.002036811318317512 0
0.3586741373022536 0.002769695279728641 0
0.3586741373022536 0.003759088627633665 0
0.3586741373022536 0.005094769647305449 0
0.3586741373022536 0.006897939023862356 0
0.3586741373022536 0.009332217682214181 0
0.3586741373022536 0.01261849387098915 0
0.3586741373022536 0.01705496672583535 0
0.3586741373022536 0.02304420507987772 0
0.3586741373022536 0.03112967685783492 0
0.3586741373022536 0.04204506375807715 0
0.3586741373022536 0.05678083607340416 0
0.4080068959711053 2.000000000000001e-05 0
0.4080068959711053 4.700000000000002e-05 0
0.4080068959711053 8.345000000000004e-05 0
0.4080068959711053 0.0001326575000000001 0
0.4080068959711053 0.0001990876250000001 0
0.4080068959711053 0.0002887682937500002 0
0.4080068959711053 0.0004098371965625003 0
0.4080068959711053 0.0005732802153593754 0
0.4080068959711053 0.0007939282907351568 0
0.4080068959711053 0.001091803192492462 0
0.4080068959711053 0.001493934309864824 0
0.4080068959711053 0.002036811318317512 0
0.4080068959711053 0.002769695279728641 0
0.4080068959711053 0.003759088627633666 0
0.4080068959711053 0.00509476964730545 0
0.4080068959711053 0.006897939023862357 0
0.4080068959711053 0.009332217682214183 0
0.4080068959711053 0.01261849387098915 0
0.4080068959711053 0.01705496672583535 0
0.4080068959711053 0.02304420507987773 0
0.4080068959711053 0.03112967685783493 0
0.4080068959711053 0.04204506375807716 0
0.4080068959711053 0.05678083607340417 0
0.457339654639957 2e-05 0
0.457339654639957 4.7e-05 0
0.457339654639957 8.345e-05 0
0.457339654639957 0.0001326575 0
0.457339654639957 0.000199087625 0
0.457339654639957 0.00028876829375 0
0.457339654639957 0.0004098371965625001 0
0.457339654639957 0.0005732802153593751 0
0.457339654639957 0.0007939282907351564 0
0.457339654639957 0.001091803192492461 0
0.457339654639957 0.001493934309864823 0
0.457339654639957 0.002036811318317511 0
0.457339654639957 0.00276969527972864 0
0.457339654639957 0.003759088627633664 0
0.457339654639957 0.005094769647305448 0
0.457339654639957 0.006897939023862354 0
0.457339654639957 0.00933221768221418 0
0.457339654639957 0.01261849387098914 0
0.457339654639957 0.01705496672583534 0
0.457339654639957 0.02304420507987772 0
0.457339654639957 0.03112967685783492 0
0.457339654639957 0.04204506375807714 0
0.457339654639957 0.05678083607340415 0
0.5066724133088086 2.000000000000001e-05 0
0.5066724133088086 4.700000000000002e-05 0
0.5066724133088086 8.345000000000002e-05 0
0.5066724133088086 0.0001326575 0
0.5066724133088086 0.0001990876250000001 0
0.5066724133088086 0.0002887682937500001 0
0.5066724133088086 0.0004098371965625002 0
0.5066724133088086 0.0005732802153593753 0
0.5066724133088086 0.0007939282907351567 0
0.5066724133088086 0.001091803192492462 0
0.5066724133088086 0.001493934309864824 0
0.5066724133088086 0.002036811318317512 0
0.5066724133088086 0.002769695279728641 0
0.5066724133088086 0.003759088627633666 0
0.5066724133088086 0.00509476964730545 0
0.5066724133088086 0.006897939023862357 0
0.5066724133088086 0.009332217682214183 0
0.5066724133088086 0.01261849387098915 0
0.5066724133088086 0.01705496672583535 0
0.5066724133088086 0.02304420507987772 0
0.5066724133088086 0.03112967685783492 0
0.5066724133088086 0.04204506375807715 0
0.5066724133088086 0.05678083607340416 0
0.5560051719776603 2e-05 0
0.5560051719776603 4.7e-05 0
0.5560051719776603 8.345e-05 0
0.5560051719776603 0.0001326575 0
0.5560051719776603 0.000199087625 0
0.5560051719776603 0.00028876829375 0
0.5560051719776603 0.0004098371965625001 0
0.5560051719776603 0.0005732802153593751 0
0.5560051719776603 0.0007939282907351564 0
0.5560051719776603 0.001091803192492461 0
0.5560051719776603 0.001493934309864823 0
0.5560051719776603 0.002036811318317511 0
0.5560051719776603 0.00276969527972864 0
0.5560051719776603 0.003759088627633664 0
0.5560051719776603 0.005094769647305448 0
0.5560051719776603 0.006897939023862354 0
0.5560051719776603 0.00933221768221418 0
0.5560051719776603 0.01261849387098914 0
0.5560051719776603 0.01705496672583534 0
0.5560051719776603 0.02304420507987772 0
0.5560051719776603 0.03112967685783492 0
0.5560051719776603 0.04204506375807714 0
0.5560051719776603 0.05678083607340415 0
0.6053379306465121 2.000000000000001e-05 0
0.6053379306465121 4.700000000000002e-05 0
0.6053379306465121 8.345000000000002e-05 0
0.6053379306465121 0.0001326575 0
0.6053379306465121 0.0001990876250000001 0
0.6053379306465121 0.0002887682937500001 0
0.6053379306465121 0.0004098371965625002 0
0.6053379306465121 0.0005732802153593753 0
0.6053379306465121 0.0007939282907351568 0
0.6053379306465121 0.001091803192492462 0
0.6053379306465121 0.001493934309864824 0
0.6053379306465121 0.002036811318317512 0
0.6053379306465121 0.002769695279728641 0
0.6053379306465121 0.003759088627633666 0
0.6053379306465121 0.00509476964730545 0
0.6053379306465121 0.006897939023862358 0
0.6053379306465121 0.009332217682214183 0
0.6053379306465121 0.01261849387098915 0
0.6053379306465121 0.01705496672583535 0
0.6053379306465121 0.02304420507987772 0
0.6053379306465121 0.03112967685783493 0
0.6053379306465121 0.04204506375807716 0
0.6053379306465121 0.05678083607340417 0
0.6546706893153639 2e-05 0
0.6546706893153639 4.7e-05 0
0.6546706893153639 8.345000000000001e-05 0
0.6546706893153639 0.0001326575 0
0.6546706893153639 0.000199087625 0
0.6546706893153639 0.0002887682937500001 0
0.6546706893153639 0.0004098371965625001 0
0.6546706893153639 0.0005732802153593752 0
0.6546706893153639 0.0007939282907351566 0
0.6546706893153639 0.001091803192492462 0
0.6546706893153639 0.001493934309864823 0
0.6546706893153639 0.002036811318317512 0
0.6546706893153639 0.002769695279728641 0
0.6546706893153639 0.003759088627633665 0
0.6546706893153639 0.005094769647305449 0
0.6546706893153639 0.006897939023862356 0
0.6546706893153639 0.009332217682214181 0
0.6546706893153639 0.01261849387098915 0
0.6546706893153639 0.01705496672583535 0
0.6546706893153639 0.02304420507987772 0
0.6546706893153639 0.03112967685783492 0
0.6546706893153639 0.04204506375807715 0
0.6546706893153639 0.05678083607340416 0
0.7040034479842155 2e-05 0
0.7040034479842155 4.7e-05 0
0.7040034479842155 8.345e-05 0
0.7040034479842155 0.0001326575 0
0.7040034479842155 0.000199087625 0
0.7040034479842155 0.00028876829375 0
0.7040034479842155 0.0004098371965625001 0
0.7040034479842155 0.0005732802153593751 0
0.7040034479842155 0.0007939282907351564 0
0.7040034479842155 0.001091803192492461 0
0.7040034479842155 0.001493934309864823 0
0.7040034479842155 0.002036811318317511 0
0.7040034479842155 0.00276969527972864 0
0.7040034479842155 0.003759088627633664 0
0.7040034479842155 0.005094769647305448 0
0.7040034479842155 0.006897939023862354 0
0.7040034479842155 0.00933221768221418 0
0.7040034479842155 0.01261849387098914 0
0.7040034479842155 0.01705496672583534 0
0.7040034479842155 0.02304420507987772 0
0.7040034479842155 0.03112967685783492 0
0.7040034479842155 0.04204506375807714 0
0.7040034479842155 0.05678083607340415 0
0.7533362066530671 2e-05 0
0.7533362066530671 4.7e-05 0
0.7533362066530671 8.345000000000001e-05 0
0.7533362066530671 0.0001326575 0
0.7533362066530671 0.000199087625 0
0.7533362066530671 0.0002887682937500001 0
0.7533362066530671 0.0004098371965625001 0
0.7533362066530671 0.0005732802153593752 0
0.7533362066530671 0.0007939282907351566 0
0.7533362066530671 0.001091803192492462 0
0.7533362066530671 0.001493934309864823 0
0.7533362066530671 0.002036811318317512 0
0.7533362066530671 0.002769695279728641 0
0.7533362066530671 0.003759088627633665 0
0.7533362066530671 0.005094769647305449 0
0.7533362066530671 0.006897939023862356 0
0.7533362066530671 0.009332217682214181 0
0.7533362066530671 0.01261849387098915 0
0.7533362066530671 0.01705496672583535 0
0.7533362066530671 0.02304420507987772 0
0.7533362066530671 0.03112967685783492 0
0.7533362066530671 0.04204506375807715 0
0.7533362066530671 0.05678083607340416 0
0.8026689653219189 2.000000000000001e-05 0
0.8026689653219189 4.700000000000002e-05 0
0.8026689653219189 8.345000000000002e-05 0
0.8026689653219189 0.0001326575 0
0.8026689653219189 0.0001990876250000001 0
0.8026689653219189 0.0002887682937500001 0
0.8026689653219189 0.0004098371965625002 0
0.8026689653219189 0.0005732802153593753 0
0.8026689653219189 0.0007939282907351568 0
0.8026689653219189 0.001091803192492462 0
0.8026689653219189 0.001493934309864824 0
0.8026689653219189 0.002036811318317512 0
0.8026689653219189 0.002769695279728641 0
0.8026689653219189 0.003759088627633666 0
0.8026689653219189 0.00509476964730545 0
0.8026689653219189 0.006897939023862358 0
0.8026689653219189 0.009332217682214183 0
0.8026689653219189 0.01261849387098915 0
0.8026689653219189 0.01705496672583535 0
0.8026689653219189 0.02304420507987772 0
0.8026689653219189 0.03112967685783493 0
0.8026689653219189 0.04204506375807716 0
0.8026689653219189 0.05678083607340417 0
0.8520017239907707 2.000000000000001e-05 0
0.8520017239907707 4.700000000000002e-05 0
0.8520017239907707 8.345000000000002e-05 0
0.8520017239907707 0.0001326575 0
0.8520017239907707 0.0001990876250000001 0
0.8520017239907707 0.0002887682937500001 0
0.8520017239907707 0.0004098371965625002 0
0.8520017239907707 0.0005732802153593753 0
0.8520017239907707 0.0007939282907351567 0
0.8520017239907707 0.001091803192492462 0
0.8520017239907707 0.001493934309864824 0
0.8520017239907707 0.002036811318317512 0
0.8520017239907707 0.002769695279728641 0
0.8520017239907707 0.003759088627633666 0
0.8520017239907707 0.00509476964730545 0
0.8520017239907707 0.006897939023862357 0
0.8520017239907707 0.009332217682214183 0
0.8520017239907707 0.01261849387098915 0
0.8520017239907707 0.01705496672583535 0
0.8520017239907707 0.02304420507987772 0
0.8520017239907707 0.03112967685783492 0
0.8520017239907707 0.04204506375807715 0
0.8520017239907707 0.05678083607340416 0
0.9013344826596223 2e-05 0
0.9013344826596223 4.7e-05 0
0.9013344826596223 8.345e-05 0
0.9013344826596223 0.0001326575 0
0.9013344826596223 0.000199087625 0
0.9013344826596223 0.00028876829375 0
0.9013344826596223 0.0004098371965625001 0
0.9013344826596223 0.0005732802153593751 0
0.9013344826596223 0.0007939282907351564 0
0.9013344826596223 0.001091803192492461 0
0.9013344826596223 0.001493934309864823 0
0.9013344826596223 0.002036811318317511 0
0.9013344826596223 0.00276969527972864 0
0.9013344826596223 0.003759088627633664 0
0.9013344826596223 0.005094769647305448 0
0.9013344826596223 0.006897939023862354 0
0.9013344826596223 0.00933221768221418 0
0.9013344826596223 0.01261849387098914 0
0.9013344826596223 0.01705496672583534 0
0.9013344826596223 0.02304420507987772 0
0.9013344826596223 0.03112967685783492 0
0.9013344826596223 0.04204506375807714 0
0.9013344826596223 0.05678083607340415 0
0.9506672413284739 2e-05 0
0.9506672413284739 4.7e-05 0
0.9506672413284739 8.345000000000001e-05 0
0.9506672413284739 0.0001326575 0
0.9506672413284739 0.000199087625 0
0.9506672413284739 0.0002887682937500001 0
0.9506672413284739 0.0004098371965625001 0
0.9506672413284739 0.0005732802153593752 0
0.9506672413284739 0.0007939282907351566 0
0.9506672413284739 0.001091803192492462 0
0.9506672413284739 0.001493934309864823 0
0.9506672413284739 0.002036811318317512 0
0.9506672413284739 0.002769695279728641 0
0.9506672413284739 0.003759088627633665 0
0.9506672413284739 0.005094769647305449 0
0.9506672413284739 0.006897939023862356 0
0.9506672413284739 0.009332217682214181 0
0.9506672413284739 0.01261849387098915 0
0.9506672413284739 0.01705496672583535 0
0.9506672413284739 0.02304420507987772 0
0.9506672413284739 0.03112967685783492 0
0.9506672413284739 0.04204506375807715 0
0.9506672413284739 0.05678083607340416 0
1.963421561536871 0.06633754309361067 0
1.902233897082293 0.08142364563669702 0
1.769635531972538 0.09835112442775824 0
1.567326724692268 0.1001493240026614 0
1.369995690015767 0.0995042583196336 0
1.172664655339265 0.09950425831963361 0
0.9753336206629296 0.09880480124464887 0
0.7780025859874928 0.1015931757463506 0
0.5803103171716358 0.1043320899958625 0
0.3833405166366795 0.09835262516951163 0
0.1803386508186404 0.09575819034555508 0
0.03338582820933816 0.06689900104563219 0
-0.1721858782450104 0.01934436361714769 0
-0.1893638978458669 0.08286044585078656 0
-0.01406729698651285 0.8169548305454121 0
1.983562765138667 0.8267055047063488 0
-0.006279575507400382 0.02662979797411577 0
0.097802875987891 0.08215006289041495 0
1.594306765229634 0.831556476934547 0
1.211312040385048 0.8477134373747071 0
0.7903070777109247 0.8226798291025105 0
0.3818160885644358 0.8175435901520196 0
1.667820711085766 0.1033336405120943 0
1.467546708102541 0.1041152668116935 0
1.271330172677516 0.09950425831963361 0
1.073999138000993 0.1005487041443742 0
0.8778820693207877 0.1014887976393228 0
0.6793370686497896 0.09950425831939663 0
0.4820060339743828 0.1005491458123297 0
0.2800151331195686 0.1071659757278353 0
2.358075586800052 0.2623833994670293 0
-0.3321019832960913 0.5023127548772035 0
2.329102939086684 0.6879020401588767 0
1.976772931245456 0.06582507346195648 0
1.970814974171115 0.07591722090132694 0
1.995204254152128 0.05880761516101464 0
1.988405050309246 0.06095629665314143 0
1.983873461954641 0.07772100508172169 0
1.971284822182047 0.09187292691254374 0
1.954447958259556 0.0778790161379521 0
1.932765088752357 0.07636026718414927 0
1.921667356337926 0.1030411804494703 0
2.334238470835392 0.5322460988087661 0
2.152792386024682 0.4096406135468372 0
2.194273535711769 0.6133428845324382 0
0.1359443221936653 0.08872421876599942 0
0.1487251242842693 0.1291616697317579 0
0.1942301792630983 0.1419017626363847 0
0.1507648005428407 0.1818159304420075 0
0.2164931819194121 0.1945711514068583 0
0.1609806469023903 0.2432703207878122 0
0.09671717473015548 0.217317475295028 0
0.2247225363058194 0.267163473404055 0
0.1049226097322686 0.2896981094179845 0
0.03270015724512139 0.2562036505765703 0
0.04092359283369938 0.3401797062889104 0
0.1219935217541473 0.3758577737726869 0
0.04742985999640344 0.4376695303901997 0
0.1723281559199669 0.4794115055221196 0
-0.03897314111110717 0.3027447893387124 0
-0.04120632959680662 0.2230702728603087 0
-0.1255843875681894 0.2678292937557278 0
0.2818334378242034 0.2225015194010314 0
0.292962524439368 0.295222765217922 0
0.3516920707334775 0.2456967469800355 0
0.3646018504456286 0.3228135460265927 0
0.4290917517261961 0.2703742900522097 0
0.444486636187905 0.3537892800782035 0
0.5104473043696203 0.2961116684785109 0
0.5281649274562114 0.3853027568660595 0
0.5997121604909768 0.3249564244738077 0
0.6170749627184627 0.41850267667144 0
0.6920529657664071 0.3545008622644933 0
0.7106634074294141 0.4536710388027121 0
0.7955204123025366 0.3704133308378807 0
0.3762966828887493 0.412098331262818 0
0.5407381664738604 0.4834953085665823 0
0.8104739500518995 0.4881628398044642 0
0.8915168897732371 0.4184769869323539 0
0.9094697507935787 0.5334596603297492 0
0.9970146334808034 0.4540702026987476 0
0.9787877511403855 0.3372207648739995 0
1.075577758969607 0.3796057655843087 0
1.101298433091777 0.4860325665309651 0
1.186803351775521 0.3925738850659476 0
1.210158816730054 0.5130568209278521 0
1.289729984945455 0.4347641957678484 0
1.313110009053288 0.5525889768108991 0
1.400619059823473 0.4642077541090781 0
1.366363296492519 0.3601923668855297 0
1.475709331750096 0.3670209530330444 0
1.508827151597116 0.4849717133536324 0
1.578486265116291 0.4033173965550142 0
1.614847128821087 0.5084108400969545 0
1.687796338312101 0.410833018494719 0
1.722866347005355 0.5299067600140255 0
1.792853263925312 0.444514606597423 0
1.768572685635339 0.3447840527623883 0
1.861364024564977 0.3673153376759176 0
1.548091296504781 0.3081544333962034 0
1.140123573570888 0.2983771821288667 0
1.834710219442999 0.2712190941501504 0
1.923408109535823 0.29903185010375 0
1.953233597715595 0.3861937459187917 0
1.748330748320673 0.257352614910706 0
0.7554042142250627 0.2803780439194001 0
1.83399676943943 0.555142491847335 0
2.010832151844564 0.3121157901183252 0
1.978526220538096 0.2275659606844958 0
1.994888210847527 0.09446268233384271 0
2.056814224219916 0.2464274282156351 0
0.7107719121258061 0.5766623618533927 0
2.034440903866838 0.1834955357299295 0
2.099920346079096 0.1874536579486208 0
2.004495702037243 0.04941294991574065 0
1.984208230326372 0.1090740063708072 0
2.066055416028303 0.1363340358256236 0
2.207945308254651 0.04507362118086802 0
0.05675230823394282 0.5459905197076469 0
0.1681175931169024 0.5953830688209292 0
2.005305209416216 0.1156281011790814 0
2.012616057705608 0.0957231895275939 0
2.006227347703795 0.077738449627744 0
2.029719565534709 0.08162900580597277 0
0.5836286908546481 0.2273753659876572 0
-0.06625426756753056 0.4828949794828424 0
1.127728786540029 0.5983807567841687 0
2.135375205751739 0.2521589958875587 0
2.173870696159368 0.1845620913528259 0
1.98558162127893 0.1333271893159492 0
1.541291852342266 0.5973252251782223 0
1.762392105517229 0.6557821573687685 0
1.79422767130493 0.1929188996458105 0
1.888571501692085 0.1123332930502232 0
1.918500319011917 0.1418109879043324 0
1.876654360473171 0.1511649891083834 0
1.719311156443762 0.1854493418673672 0
1.665907171218054 0.2490774739973234 0
1.900431124608089 0.1835782049442344 0
-0.1083593604608053 0.1735132979871121 0
-0.05348436009738504 0.1296292834102346 0
-0.2197571416470692 0.2212026954964377 0
0.4053675078939077 0.1895313105530062 0
1.848021233079808 0.1205918514067364 0
-0.1214007021028848 0.3597567275259463 0
-0.04287738126002373 0.6262968480449929 0
0.2152344774639499 0.3893277411902707 0
2.048773326682519 0.4049538428073997 0
1.985675496092225 0.4681498198825284 0
1.962848985472198 0.1163376140881565 0
1.274258949334947 0.3316264535098061 0
1.335848064680112 0.2677041873648376 0
1.259757980895697 0.2439847184516922 0
1.309861515042019 0.1946052468307017 0
1.387155453837864 0.2001298834953899 0
0.8839119257450527 0.3137078261256533 0
0.9432787160945263 0.2511088101688635 0
0.8738092905880064 0.2324531124302821 0
0.9218106010709533 0.1865533172902517 0
0.994826195844472 0.1933486065691556 0
1.063644567652721 0.2833927848811786 0
1.116468301041589 0.2162142660233118 0
0.6724145709766255 0.2531689086090935 0
0.7414985228140156 0.2053135223492176 0
0.6415143434039275 0.1923539354211825 0
1.794714079345689 0.8240136332237572 0
0.4923407271325853 0.2059486089426104 0
1.249208287014195 0.1619255616529475 0
1.956599888283575 0.1456263893285861 0
0.1813861948381568 0.843260586164604 0
1.39641658096154 0.8475425791612895 0
1.014213647928048 0.8240853207889813 0
0.589557144142579 0.8355832111336494 0
0.4938184109514794 0.6951800072351736 0
0.365679115128103 0.6650114272076756 0
0.3302362838124613 0.1814908416165961 0
1.891838579023923 0.6869209673278084 0
1.632808387159003 0.3271144309367679 0
1.423788610804742 0.280120351340293 0
1.462878953050779 0.211260379577302 0
0.02649563604531468 0.1838341802357659 0
-0.2012470797899004 0.8410036497264348 0
-0.3143029027508835 0.695078510457509 0
0.9034976905595062 0.6874113362900081 0
0.5538377671349585 0.1675229414385118 0
-0.3413646941933475 0.3252355904699686 0
1.651589421562914 0.1658171285506208 0
1.608589952992804 0.2103070620316818 0
1.983103064518688 0.06125461930648317 0
2.157660637883679 0.7753388028749933 0
1.313770642085071 0.69762861190264 0
0.09371330074897802 0.150753997714005 0
0.0452172256478669 0.1317444030155803 0
-0.0009278173969314734 0.1365311768752256 0
0.003951389707223033 0.09944476329883176 0
0.00528792017279065 0.05869361982537616 0
0.01132479124942341 0.06045216462208733 0
-0.1857695717929848 0.5768375456922212 0
2.043835119728386 0.6657277729488695 0
0.1107028346260004 0.1119022398622577 0
0.432809544714559 0.5671629392370249 0
0.2945055927394388 0.5499628677991799 0
1.865629355393673 0.08594084333709093 0
0.07732854991519833 0.108721250209111 0
0.05117355300984004 0.09717231407161911 0
0.06972697555847487 0.0792741221730929 0
1.433543576341566 0.1557805898071172 0
1.493093569154968 0.1538233145860957 0
1.858815359795337 0.1986339181331148 0
0.2759124668048714 0.163710008164733 0
1.71902317932713 0.1005371039103518 0
0.6535455276158013 0.7040197016280186 0
0.8582616945916658 0.1613236375957584 0
-0.3447030065803732 0.1698320347687987 0
1.618674821348427 0.1050583744443017 0
1.587129855334699 0.1556018803383489 0
0.2311560489805301 0.09973359352477995 0
2.356490282667013 0.1514338781983918 0
1.517993966023143 0.09950425831963366 0
1.320662931346642 0.0995042583196336 0
1.416727484159108 0.1021987017403877 0
1.222151962943718 0.1005650703072716 0
1.123331896670134 0.100722425712525 0
1.14944079080837 0.1524743387392268 0
1.024666379331896 0.1006062425128947 0
1.046681836072062 0.1481256429879977 0
0.9260008619940473 0.09950425831939569 0
0.7286698273186414 0.1008972907362221 0
0.7040034479842165 0.1481378434101364 0
0.828581000755759 0.1053948923376837 0
0.8026689653219187 0.1544020708978621 0
0.6300043099809383 0.09950425831939627 0
0.5310377641928591 0.1032574844119341 0
0.4326732753055311 0.1005313548695045 0
0.4545111422643869 0.1469556699296362 0
0.3332311136045931 0.09820577755608451 0
2.029689652658695 0.1135596148000177 0
1.987218675584758 0.1701515078646192 0
1.540386045917834 0.2141122985246656 0
2.234621737350298 0.2631641531029934 0
0.09606724449702619 0.6977331472250141 0
1.189463515043387 0.2155546916471011 0
1.423633168304369 0.5825784861900012 0
1.475044898688796 0.7103887816590914 0
1.013103606274577 0.5751137214793877 0
1.039612343181767 0.6913278062426876 0
2.080065098467096 0.521360641330791 0
1.98708478075723 0.06715523478607749 0
1.99269618038664 0.0643238331479669 0
0.2957992129125936 0.3690867528013163 0
1.649667495923532 0.6112319812524952 0
0.8222940205731704 0.5984764023223991 0
0.6277620540353005 0.5039316746006266 0
0.4497054160618264 0.450330228553279 0
1.817696707622953 0.09222671284101801 0
1.80391238119099 0.1344313263442779 0
0.1772437979867246 0.3170872502058385 0
0.6060630602615753 0.1491678412355185 0
0.2355474987759548 0.6998332345123408 0
1.345329310681204 0.1459432022208408 0
-0.2538900738009591 0.13709353684116 0
-0.2872058275701206 0.07193246052116135 0
-0.1181858970630869 0.05911014200256633 0
-0.129497129319103 0.1117401242801345 0
-0.07785671220484776 0.09324243832203269 0
-0.07795922248884227 0.04212393949522932 0
-0.004495702037244118 0.04941294991574065 0
-0.04324987016404224 0.06989849672135015 0
2.096804056684178 0.3288125643621588 0
1.9051258545631 0.2312094355731289 0
0.5052417550110777 0.1434104040758469 0
0.407722228100803 0.1403687512074733 0
0.750968669885257 0.1420687806279577 0
0.8052907903296664 0.2173289594876709 0
0.9995926318826536 0.14079691294307 0
1.057278535056289 0.2076093911582874 0
1.094533416274906 0.1542824614609538 0
-0.02799307999227618 0.3886553373172698 0
1.894193042189038 0.4676634996252216 0
-0.2157376447034655 0.3269989152689267 0
-0.205569299381811 0.4508390196229073 0
-0.3631099965079962 0.8672164320367888 0
1.224782410827548 0.6150225054934638 0
1.590646038619554 0.700108457504633 0
0.05229995725649952 0.07639717663739801 0
0.03714452778249634 0.08262349988652812 0
0.02428371874469637 0.07514697171164671 0
0.02380301511134564 0.06412624968657751 0
0.01751294095615932 0.06951872839894351 0
0.01168618043728545 0.07893244939579792 0
0.002124265747598386 0.07139773678985745 0
0.02050398780549796 0.0895045863777354 0
-0.001268252500025735 0.08151983287449674 0
-0.008789101682818443 0.07251412847673892 0
-0.01407324207694642 0.08878710391054753 0
-0.003633080919166531 0.0641103584472978 0
-0.01304776400253456 0.06239902189463364 0
-0.007224507937554889 0.05844419592647093 0
-0.02095198600866566 0.1103751673013799 0
-0.04022590017928841 0.09748350901205977 0
-0.01269294325225884 0.05332625983408642 0
-0.01161822941149844 0.04143624875170795 0
-0.02445544187783451 0.04633956218804826 0
-0.02380179650038829 0.03318960861933728 0
-0.03887125789422224 0.03881670289789235 0
-0.03969744678095935 0.02295385378961097 0
-0.00440525173857354 0.05475379649671673 0
-0.02265243145108336 0.07208999465784925 0
-0.006325545048322567 0.0348427346797363 0
0.003238248304841495 0.06434571880393056 0
-0.000119885610283175 0.06137320494316301 0
0.0020937249181322 0.05772234354891606 0
-0.002639575605059776 0.05857425580450323 0
0.009585401228083349 0.06619893975618574 0
0.01652547651609998 0.06237479668235997 0
2.056135814976029 0.09628051751905167 0
2.061824296952973 0.06662538022039513 0
2.004942006086877 0.01966707286217731 0
2.093964769987879 0.0894088399500369 0
2.091735434193426 0.04768683167708113 0
2.066490763015186 0.0225652396155934 0
2.0343419158982 0.03690276152982542 0
2.00593831459781 0.02732924746615047 0
2.011568018370025 0.02217192193884399 0
2.010759962471868 0.0153643280236667 0
2.019908242497525 0.02003267305185652 0
2.013785110217699 0.03137523775021284 0
2.003632162524385 0.01617621537066712 0
2.127459946706845 0.1310283713697244 0
2.1954686054306 0.1071977942810103 0
2.276998062700759 0.09292133832192401 0
2.265360692624893 0.172360239262216 0
-0.1516528465160611 0.7112342768933139 0
1.755374210140103 0.1481028278385099 0
2.006620670135773 0.03739879227637923 0
2.018264766470174 0.04237947345230064 0
2.031475326130694 0.05649609991930077 0
1.944910315459426 0.1848250538550232 0
0.5765742693194676 0.5884086655201364 0
1.69676327154205 0.1402685881281895 0
1.541186032224582 0.144638215154281 0
1.950105755749066 0.5676382360658281 0
1.946629469410223 0.09821328178548744 0
1.159143799729299 0.7134573610417592 0
0.7760832457170417 0.6778499262392658 0
-0.4077371946669214 0.08912967074696443 0
2.300693934057584 0.8488653668609901 0
0.007460584978532995 0.06193741854514843 0
1.197331034673827 0.1399950080432503 0
1.493480996406552 0.2725950626443532 0
0.241192509821691 0.3275775965638805 0
0.02571761436388271 0.1094783366356128 0
2.0245963401371 0.0270393721542619 0
1.299278443352315 0.1402965054687514 0
2.042310087561789 0.02790863956248795 0
2.054705084706352 0.04143144626599138 0
2.142615412462992 0.07230128023526151 0
1.997358687953398 0.08226128152027773 0
1.995263192804019 0.0712282084211963 0
2.009117239166758 0.06450267485741615 0
2.015666385238237 0.05605976418118679 0
2.00756408949387 0.0569663680356664 0
2.003182615592706 0.0615191137898796 0
1.685483525818432 0.7370289647222945 0
-0.09354893089753194 0.1235873210027606 0
-0.02507331758586984 0.05897427099661688 0
-0.1861064963069755 0.1471478706263358 0
0.8238070644252873 0.2760218931281088 0
-0.03549644630132276 0.1693156422737294 0
0.6587403442511557 0.1476458010266467 0
1.702506646648429 0.3147306013963906 0
0.9069244936611851 0.1373084153085732 0
1.599261036856682 0.2663122732501714 0
-0.07141370680225814 0.0635447679441186 0
0.9540814008527067 0.1427193852791825 0
0.3138216988443645 0.1365603750169525 0
2.019249664816575 0.1445050577128391 0
0.2883167767623953 0.4500033256474485 0
2.002772576052582 0.08754640075236458 0
2.429404011731615 0.08785846954948742 0
0.008062744980247519 0.0591506654161257 0
1.390622033124991 0.1402304233570739 0
2.278500276975163 0.383876429384933 0
1.211176663602675 0.2962772091120341 0
0.6874965753588859 0.1931849004282323 0
2.179618732557212 0.3275305512568962 0
2.139118410204554 0.01341222295284836 0
-0.04683713613551153 0.05328295670720926 0
0.3586741373022536 0.134958762531285 0
0.3683268026333938 0.4859115384999501 0
-0.01339179940165624 0.03025241227782351 0
-0.01295518161486074 0.01993925005804253 0
-0.00349495588609218 0.01985734274177211 0
-0.02246155607446615 0.02658378118620357 0
1.991809705044911 0.06074663386574606 0
1.997812507526015 0.06279491806845827 0
1.997953278308879 0.05784278746872031 0
2.001789383346412 0.06660273671612808 0
2.000187476582616 0.05964119465531515 0
2.002968644895167 0.0568640924940012 0
1.006588650595625 0.2541404153231439 0
0.2375553855201813 0.1413349310750103 0
2.019475793219992 0.06793968460880136 0
2.874148249213478e-05 0.05901791322926082 0
1.836326201168847 0.1595481969276646 0
0.04503945919139862 0.06659355511003408 0
2.204858745040128 0.495222255305718 0
2.037432025869331 0.01776909335644621 0
1.950308038541609 0.06596027567316061 0
1.941249203703168 0.1210058907112066 0
0.00306045743478912 0.06075049407202791 0
-0.1802695525141888 0.004666108841107091 0
0.0005866592306000747 0.01097535577660166 0
-0.1802695525141888 0.006309246935494573 0
2.180269552514421 0.004666108841107092 0
2.180269552514421 0.006309246935494573 0
1.999413340769397 0.01097535577660166 0
2.005086651620632 0.01399141094732792 0
2.018422683319364 0.01519379361371768 0
2.024095994170599 0.01656671069005645 0
2.069265875486976 0.01301535841191876 0
2.088275218036943 0.01559065815464729 0
2.10280458660987 0.01798873128422088 0
2.051961394442258 0.0201671664860198 0
-0.08579960950720517 0.01598142874406842 0
-0.01955539377517964 0.01778617383030006 0
-0.1059416625129849 0.02114910870337933 0
-0.006184261192130334 0.01627887196451584 0
-0.02632631419791005 0.02144655192382675 0
-0.1250725503669263 0.0307341515561885 0
-0.05882833463490081 0.03253889664242014 0
0.2334168743297029 0.5146871866606497 0
0.2303224663411811 0.464707415584784 0
0.291411184750917 0.4999830967233142 0
0.6280216309156368 0.2402721372983753 0
0.6125715171292878 0.2098646507044198 0
0.6569644571902765 0.222761422015138 0
1.449748971277419 0.3235706521866687 0
1.458634803605647 0.2763577069923231 0
1.484595164078324 0.3198080078386988 0
1.962866390220801 0.08487597152524792 0
1.958957145796135 0.09504310434901558 0
1.95053871383489 0.08804614896171978 0
-0.08092186027909519 0.1515712906986734 0
-0.0444904031993539 0.149472462841982 0
-0.07192790338106406 0.1714144701304208 0
2.00195452140332 0.0530968929945724 0
2.003732173466205 0.05313852120487093 0
2.001190992832282 0.05682246428370268 0
0.5687332289948033 0.1974491537130845 0
0.5799504136982669 0.1583453913370151 0
0.5948458755581116 0.1882716036115878 0
-0.00102645818722985 0.0576775459389537 0
0.0003077003565461048 0.05789937465133249 0
-0.001305417061283821 0.05879608451688203 0
0.3737476018462694 0.7412775086798475 0
0.3086817936701953 0.7586884123321802 0
0.3006133069520289 0.6824223308600081 0
0.6237887018327515 0.1707608883283505 0
2.03287029727966 0.4947552306066597 0
2.01508542710808 0.5444994386983095 0
1.967890625920645 0.5178940279741783 0
0.2816011417012964 0.8304020881583118 0
0.2084668468070559 0.7715469103384724 0
1.511900314127439 0.3375876932146239 0
1.520786146455666 0.2903747480202783 0
2.006483562202467 0.2055307482072127 0
1.982872448061427 0.1988587342745575 0
2.010829789725798 0.1768235217972744 0
-0.1009541456791686 0.1485503094949363 0
-0.07351664549745848 0.1266083022064976 0
2.017670222379006 0.2369966944500655 0
2.045627564043377 0.2149614819727823 0
-0.0980725597759646 0.05061704074889782 0
-0.0746864646455502 0.05283435371967396 0
-0.09479980193267254 0.06132745497334247 0
-0.004253086175842614 0.2396369617184395 0
-0.007355346775745973 0.2034522265480374 0
0.02959789664521803 0.2200189154061681 0
0.4856866163535074 0.8265634006428345 0
0.4378172497579576 0.7563617986935967 0
0.5416877775470292 0.7653816091844114 0
0.5916704256728125 0.2761658952307324 0
0.6360633657338011 0.2890626665414506 0
0.02882425779399715 0.08606404313213176 0
0.03143107107318952 0.09605091826107048 0
0.02311080108469033 0.09949146150667412 0
0.1937813166919584 0.4343696233561952 0
0.2517756271131726 0.4196655334188596 0
1.993506979598519 0.05977712451338035 0
1.996508380839071 0.06080126661473646 0
1.994811106285463 0.06177077596710216 0
2.061950109097741 0.5935442071398302 0
1.996970437738726 0.6166830045073488 0
0.06946526319842246 0.1412492003647927 0
0.06127288778153261 0.1202328266123457 0
0.08552092533208817 0.129737623961558 0
0.4488541175132464 0.1977399597478083 0
0.4299393250791473 0.1682434902413212 0
0.473425934698486 0.1764521394361233 0
0.1702228745184347 0.5373972871715244 0
0.2313115929281706 0.5726729683100545 0
0.4172296298100519 0.229952800302608 0
0.4607162394293907 0.2381614494974101 0
0.6692669830805533 0.5402970182270097 0
0.6436730907226369 0.5825355136867645 0
0.6021681616773841 0.5461701700603815 0
1.65970506632434 0.1345753845313575 0
1.63513212145567 0.1354377514974612 0
1.643247766217097 0.104196007478198 0
0.02214470412546771 0.134137789945403 0
0.01239489848347562 0.1230047567554192 0
0.0354674200058748 0.1206113698255966 0
2.128830318942608 0.8876694014374966 0
2.229177285970631 0.8121020848679917 0
2.20034696702956 0.924432683430495 0
0.9064837206765425 0.6104354983098786 0
0.9612866785340778 0.5542866909045685 0
0.9583006484170415 0.6312625288846978 0
0.06010446839714634 0.1672940889748855 0
0.03585643084659079 0.1577892916256731 0
2.25656100716273 0.3235202912439632 0
2.229059504766187 0.3557034903209146 0
2.207120234953755 0.2953473521799448 0
-0.05841524019153226 0.04047032119656083 0
-0.04285419701486688 0.0460498298025508 0
-0.0623981793121769 0.04770344810121929 0
-0.02847233912326829 0.7216258392952024 0
0.02659493161850122 0.6620149976350035 0
0.04099997375525667 0.7573439888852131 0
1.991985902682775 0.05678083607340416 0
1.992689009562971 0.05876373496957511 0
1.991106598164715 0.05876373496957511 0
-0.08286007175128696 0.764094553719363 0
-0.0972651138880424 0.6687655624691533 0
1.975409339598675 0.05678083607340416 0
1.978266176220239 0.06130295476768032 0
1.973916094623892 0.06130295476768032 0
0.02883477347701727 0.07102298637863945 0
0.02404336692802101 0.06963661069911212 0
0.0285944216603419 0.06551262536610486 0
1.967120130690194 0.3055738201110376 0
1.950967165036959 0.2632989053941229 0
1.99467918619133 0.2698408754014105 0
1.31344032556918 0.6251087943567696 0
1.368371588678829 0.5675837315004502 0
1.36870190519472 0.6401035490463206 0
1.989380836401084 0.0860918437077822 0
1.990616074954019 0.07999114330099971 0
1.996123449400462 0.08836198192706021 0
0.2650265457576968 0.6248980511557604 0
0.2018325459464286 0.647608151666635 0
2.041781382570102 0.9133527523531744 0
2.070611701511173 0.8010221537906711 0
2.050248159947571 0.1599147857777766 0
2.026845284341706 0.1640002967213843 0
2.04265254042244 0.1404195467692314 0
2.464702005865807 0.1439292347745227 0
2.464702005865807 0.04392923477474371 0
1.026912995554907 0.7577065635158344 0
1.099378071455533 0.7023925836422233 0
1.086678723828673 0.7687713409153702 0
0.006937463486959547 0.5861436838763199 0
0.07640977636548452 0.6218618334663305 0
0.001061233200312167 0.05837012838908844 0
0.00257709117646066 0.05923641881047199 0
0.001544599458640628 0.05988420365064437 0
0.003690822545461425 0.05820798168714611 0
0.004174188803789885 0.05972205694870204 0
1.563757950626266 0.1848570894315072 0
1.540786039071208 0.1793752568394733 0
1.564157943779641 0.150120047746315 0
1.260269229845855 0.1307149099862905 0
1.235680124978957 0.1312453159801095 0
1.246741067810617 0.1000346643134526 0
1.112762844156548 0.8358993790818442 0
1.185227920057174 0.7805853992082331 0
0.3409080442838243 0.9087717950760098 0
0.2406930974206848 0.9216302930823019 0
1.889138422242178 0.825359568965053 0
1.843276329184806 0.7554673002757828 0
1.937700672081295 0.7568132360170786 0
1.999800408676007 0.05821101536435966 0
2.001578060738892 0.05825264357465817 0
-0.0656705361511164 0.1114358608661337 0
-0.05904130619206809 0.09536297366704623 0
-0.04685513013833673 0.1135563962111472 0
-0.4538685973334607 0.04456483537348221 0
-0.4538685973334607 0.1445648353738983 0
0.8397161690237946 0.342060578481767 0
0.8096637383639119 0.3232176119829948 0
0.85385949508517 0.294864859626881 0
1.694510422287661 0.8277850550791521 0
1.639895145524033 0.7842927208284207 0
1.74009880258206 0.7805212989730259 0
0.04415904039616819 0.08989790697907361 0
0.03844558368686137 0.103325325353616 0
-0.2805609179202083 0.2732191429832032 0
-0.3430338503868603 0.2475338126193836 0
-0.2822300741137212 0.1955173651326182 0
0.1124349506754226 0.570686794264288 0
0.1320924188069643 0.6465581080229716 0
1.994386284116579 0.0577942256172094 0
-0.060553291184445 0.08157046752169142 0
-0.04173788517166532 0.08369100286670496 0
2.400346967028792 0.924432683430495 0
2.400346967028792 0.8244326834302318 0
-0.03835138794906469 0.1961929575670191 0
-0.004500405128004044 0.1765749112547477 0
1.647153382616646 0.9157782384672735 0
1.747357039674674 0.9120068166118787 0
1.778553092431459 0.7398978952962629 0
1.827115342270576 0.6713515623482884 0
0.7754623132637997 0.3253956873786404 0
0.7896056393251749 0.2781999685237544 0
0.149744962413555 0.1554888000868827 0
0.1222390506459094 0.1662849640780063 0
0.1212192125166237 0.1399578337228815 0
0.170840876722682 0.07626951320947961 0
0.1581414865061528 0.09224120455577725 0
0.1486437124101945 0.07275252741970178 0
0.721926302663363 0.7633497653652646 0
0.7148143866664215 0.6909348139336422 0
0.7831951617139832 0.7502648776708881 0
0.0005866592306000747 0.02004958590285653 0
-0.001454148327746052 0.02145077391082491 0
-0.001454148327746053 0.01845615473380373 0
2.429037793400026 0.3311916997330021 0
2.429037793400026 0.2311916997332936 0
1.255656020195029 0.9238567186873535 0
1.303864310673294 0.8476280082679983 0
1.348208290483275 0.9237712895806447 0
1.155656020195368 0.9238567186873535 0
1.057106823966867 0.9120426603944907 0
0.4409080442842259 0.9087717950760098 0
0.5447785720732974 0.9177916055668247 0
-0.2177473931752674 0.2741008053826822 0
-0.2785511694484065 0.3261172528694476 0
0.5670740421532972 0.1359275157171871 0
0.5424377656639088 0.1353902129252229 0
0.5556740406822475 0.1037947872038983 0
1.981431242856855 0.05901772768994366 0
1.979937997882072 0.06353984638421983 0
1.941826037550598 0.2293876981288124 0
1.925018085011263 0.2080172447140761 0
1.961718267998761 0.2061955072697595 0
2.100782856353601 0.4072972281771184 0
2.072788691683349 0.3668832035847792 0
2.12479822135443 0.369226588954498 0
0.1645318875514548 0.1124599300386565 0
0.1423347232389673 0.1089429442488787 0
0.9085440033412664 0.2417809612995728 0
0.8978099458294798 0.2095032148602669 0
0.9325446585827397 0.2188310637295576 0
1.297803022787904 0.255844452908265 0
1.284809747968858 0.219294982641197 0
1.322854789861065 0.2311547170977697 0
2.389250138487581 0.391938214691954 0
2.318287931887608 0.3231299144259812 0
1.791520483881836 0.2642858545304282 0
1.771279209812802 0.2251357572782582 0
1.814468945373964 0.2320689968979805 0
0.00151178615514578 0.1179879700870287 0
0.01483450203555287 0.1044615499672223 0
0.6821587198708037 0.6403410317407057 0
0.6150598984676345 0.6462141835740776 0
0.08756571295154467 0.09543565654976296 0
0.0735277627368366 0.09399768619110194 0
0.08376492577318294 0.08071209253175393 0
0.3300923539337709 0.6074871475034278 0
1.405472032321303 0.2401251174178414 0
1.425017203444321 0.2056951315363459 0
1.44333378192776 0.2456903654587975 0
1.320311122913733 0.3459094101976679 0
1.305053507007529 0.2996653204373219 0
1.351105680586315 0.3139482771251837 0
1.101884070611804 0.2908849835050226 0
1.090056434347155 0.2498035254522452 0
1.128295937306238 0.2572957240760892 0
0.9313498384427191 0.3254642954998264 0
0.9135953209197896 0.2824083181472584 0
0.9610332336174559 0.2941647875214315 0
2.021167811620158 0.08867609766678333 0
2.029704609096702 0.09759431030299523 0
2.021152855182152 0.1046414021638058 0
1.262541341235059 0.7726710246386735 0
1.355093611523305 0.7725855955319647 0
0.0127839093241916 0.1601826785554958 0
-0.01821213184912712 0.1529234095744775 0
2.0767798655732 0.05715610594873813 0
2.058264690829663 0.05402841324319325 0
2.073220259449889 0.04455913897153625 0
0.7139093926008441 0.2667734762642468 0
0.7069565468953205 0.2292412154791555 0
0.7484513685195391 0.2428457831343089 0
0.4297487630397911 0.6800957172214246 0
2.116428742245889 0.465500627438814 0
2.064419212574808 0.4631572420690953 0
2.331670704961038 0.6100740694838214 0
2.261688237399227 0.6506224623456575 0
2.264256003273581 0.5727944916706021 0
1.733820952382217 0.2214009783890366 0
1.756769413874346 0.1891841207565889 0
1.152965908042488 0.2158844788352065 0
1.164793544307137 0.2569659368879839 0
1.421036314121308 0.3636066599592871 0
1.39507595364863 0.3201563591129113 0
1.619359638448806 0.1607095044444848 0
1.602902338341563 0.1303301273913253 0
-0.02714957112811742 0.09313530646130365 0
-0.03143916581518589 0.08478675183495452 0
-0.01836283676401489 0.08043854928419839 0
2.215646331499922 0.3967585214658851 0
2.166205559290947 0.3685855824018667 0
0.8788606081665296 0.2730804692779677 0
0.1022080676874892 0.1313281187881313 0
0.1297139794551348 0.1205319547970078 0
-0.003332417967610028 0.07195593263329819 0
-0.006211091300992487 0.06831224346201836 0
-0.0007544075857840726 0.06775404761857762 0
0.2462028243621417 0.1791405797857957 0
0.2270242837197967 0.1679530412409343 0
0.2567339261625263 0.1525224696198716 0
0.06425105146251918 0.102946782140365 0
0.06045026428415745 0.08822321812235601 0
2.300346967029757 0.924432683430495 0
1.254483133954946 0.2029551400523198 0
1.279534901028107 0.1782654042418246 0
1.801641452539169 0.3080015734562694 0
1.758451716978006 0.3010683338365472 0
2.357282934733533 0.2069086388327105 0
2.428245141333507 0.1757169390989748 0
1.267008465115322 0.2878055859807492 0
0.06160640538773508 0.200575827765397 0
0.09521523773956675 0.1840357365045165 0
-0.09802130463396734 0.07617629016229951 0
-0.07463520950355296 0.07839360313307564 0
-0.07478284502880597 0.1982917854237104 0
1.230531150555234 0.3621001692878769 0
1.198990007689098 0.3444255470889909 0
1.242717806468811 0.3139518313109201 0
2.296348662075175 0.2627737762850114 0
1.361501759258988 0.2339170354301138 0
1.379818337742427 0.2739122693525653 0
-0.2106534720426382 0.388918967445917 0
-0.2734669967875792 0.388037305046438 0
0.6899321109267518 0.82913152011808 0
0.6215513358791902 0.769801456380834 0
1.997882892917447 0.0603188527685893 0
1.999070377445748 0.05874199106201773 0
1.998999992054316 0.06121805636188671 0
-0.0938274848352077 0.4213258535043944 0
-0.1359117834746708 0.4668669995528749 0
-0.1634850007423479 0.4052978735744268 0
1.967836849376155 0.676324370138339 0
2.013698942433527 0.7462166388276092 0
2.079113098604306 0.03512603564633726 0
2.060597923860769 0.03199834294079239 0
1.449339033496583 0.6464836339245463 0
1.394407770386934 0.7040086967808656 0
1.660302362735552 0.3689737247157435 0
1.667657516903716 0.3209225161665792 0
1.695151492480265 0.3627818099455548 0
1.597859904163752 0.1829544711850154 0
1.574487999455319 0.2122096802781737 0
-0.07469689104758051 0.3742060324216081 0
-0.04712367377990337 0.4357751584000561 0
-0.0329511508075628 0.07099424568959969 0
2.249991214987595 0.2177621961826047 0
2.311718139712473 0.2173718193646227 0
1.132954545924979 0.1843443023812693 0
1.105500858658248 0.1852483637421328 0
1.121987103541638 0.1533784001000903 0
0.9351523204568113 0.3778488759031767 0
0.8877144077591449 0.3660924065290036 0
1.937550103647746 0.1437186886164593 0
1.9507551018715 0.1652257215918046 0
1.931705317235672 0.1633180208796778 0
0.7237285899957349 0.3174394530919467 0
0.6822337683715163 0.3038348854367934 0
1.238266668360488 0.413669040416898 0
1.281994467140201 0.3831953246388273 0
1.633141301714196 0.4070752075248666 0
1.605647326137647 0.365215913745891 0
1.107850666270247 0.3389914738565877 0
1.069611163311164 0.3314992752327436 0
0.8435186510378868 0.3944451588851173 0
1.328046640718987 0.3974782813266891 0
2.047872534343499 0.1249468253128206 0
2.024469658737635 0.1290323362564284 0
1.527097798433194 0.3851691747940293 0
1.563288780810536 0.3557359149756087 0
0.09888816234108233 0.05678083607340416 0
0.1067303746727121 0.06946544948190955 0
0.08996066365626124 0.06946544948190955 0
0.645882563128692 0.3397286433691505 0
0.5470379976121342 0.2617435172330841 0
0.5013940157511028 0.2510301387105607 0
0.5379847089936167 0.2166619874651338 0
0.8680718819562268 0.1314062176175406 0
0.8434213476737125 0.1333592649667211 0
0.8532315350382733 0.1034418449885033 0
0.4697695280479082 0.2832429792653604 0
0.3785297893136926 0.2176140287665208 0
0.3409641772729694 0.2135937942983158 0
0.3678018958531845 0.1855110760848011 0
1.993979686595329 0.0677760207845816 0
1.995254343956328 0.06355937560821259 0
1.996537850165017 0.06701156324482729 0
0.03526517799591725 0.07476125046608015 0
0.03071412326359636 0.07888523579908741 0
0.3167627542788405 0.2340991331905334 0
0.3060348608183324 0.2019961805088137 0
1.027182755054996 0.3584132652291541 0
1.021216159396553 0.3103067748775891 0
1.914266982049462 0.2651206428384394 0
1.544238671211307 0.2611333659604345 0
1.569823541387258 0.2402122858874185 0
1.573676166680732 0.2872333533231873 0
1.285304308014915 0.1199003818941925 0
1.274243365183255 0.1511110335608495 0
1.516933521162193 0.2433536805845094 0
1.814968355100158 0.356049695219153 0
1.848037122003988 0.319267215913034 0
-0.001954521403322021 0.04572900683690891 0
-0.008056965724371278 0.04542459933372431 0
-0.00551578509044918 0.04174065625489255 0
-0.3241657959145492 0.03596623026058068 0
-0.347471511118521 0.0805310656340629 0
-0.3844314794629495 0.04456483537348221 0
-0.3232024430234874 0.5986956326673563 0
-0.2589357775445381 0.5395751502847124 0
-0.2500362372719341 0.6359580280748651 0
0.03503456978190114 0.05678083607340416 0
0.03725711288780526 0.06183991855951818 0
0.03116328510343403 0.06183991855951818 0
1.163463462673204 0.3454755335974071 0
1.175650118586781 0.2973271956204504 0
1.72393781566783 0.6964055610455315 0
0.2491633098718078 0.2085363354039448 0
0.2788729523145374 0.1931057637828822 0
0.04296635150794843 0.908477415272706 0
0.08365944892582199 0.830107708355008 0
0.1406930974202833 0.9216302930823019 0
1.345174522384464 0.4494859749384633 0
1.383491178157996 0.4122000604973039 0
1.967066903827122 0.1041052705003501 0
1.95473922744121 0.107275447936822 0
1.131190555372564 0.3860898253251281 0
1.879059164489411 0.2851254721269502 0
1.8923860670504 0.3331735938898338 0
1.971049898176581 0.08389507390693535 0
1.962631466215336 0.07689811851963951 0
2.414551469543342 0.6439510200789118 0
2.417119235417696 0.5661230494038565 0
-0.0573317884831502 0.06672163233273437 0
-0.2992965401906661 0.1534627858049794 0
-0.2368236077240142 0.1791481161687989 0
1.026357974728172 0.6332207638610376 0
0.9715550168706365 0.6893695712663479 0
0.1962391377253372 0.3532074956980547 0
0.2092181539042078 0.3223324233848595 0
0.2282134936428205 0.3584526688770756 0
0.9442657616270203 0.4362735948155508 0
0.9879011923105945 0.3956454837863735 0
1.72818451197372 0.3778085356285537 0
1.735539666141884 0.3297573270793894 0
0.7437866890344718 0.362457096551187 0
2.03382318803224 0.2792716091669801 0
1.985093922637959 0.06420492704628034 0
1.981928856001343 0.06649015412401699 0
0.07592271344155317 0.06802747912324852 0
1.941781382570824 0.9133527523531744 0
1.847357039674336 0.9120068166118787 0
0.5550797324302985 0.3105340464761593 0
1.740324801118706 0.4276738125460711 0
1.780712974780325 0.3946493296799057 0
0.5230892471337718 0.1867357751905611 0
1.348508484439941 0.1973675651630458 0
1.495361673095587 0.8395495280479183 0
1.435730739825168 0.7789656804101904 0
1.534675831959215 0.7709726292968192 0
0.03921264370036839 0.06674627807783313 0
0.04109199348694748 0.07460852749828109 0
1.590449841831892 0.3176344321664856 0
1.984894925802651 0.1212005978433782 0
1.974215303375564 0.1248324017020528 0
1.973528607899285 0.1127058102294818 0
0.01459956069672239 0.07422558889737071 0
0.0106357908326844 0.07256569457599182 0
0.01354917109212133 0.06785883407756463 0
1.547153382616984 0.9157782384672735 0
1.448208290482937 0.9237712895806447 0
0.8451535388582736 0.9113399145512553 0
0.9022603628194862 0.823382574945746 0
0.9571068239668351 0.9120426603944907 0
0.7451535388578719 0.9113399145512553 0
0.6447785720736992 0.9177916055668247 0
1.603925494924743 0.2383096676409266 0
-0.05703364849245333 0.908477415272706 0
-0.02720608874715826 0.1330802301427301 0
-0.03721817305302536 0.1200022253558072 0
-0.01093990170279857 0.1234531720883028 0
0.06470866598763844 0.2367605629357992 0
1.826521515550134 0.1957764088894626 0
1.846762789619168 0.2349265061416326 0
2.119054327720078 0.6395353287406539 0
2.137169317089432 0.5673517629316146 0
1.086873418048939 0.2119118285907996 0
1.075905975665597 0.1809459263096206 0
0.9583183984577126 0.1899509619297036 0
0.9690524559694991 0.2222287083690095 0
-0.1506235398941471 0.9205018248632174 0
-0.1076571883882066 0.8289792401359235 0
0.3903919112298369 0.2580355185161226 0
2.067180624972967 0.1854745968392752 0
2.082987881053699 0.1618938468871222 0
1.169452152925878 0.184014515193164 0
1.173385912741098 0.1462346733912386 0
1.193397274858607 0.1777748498451757 0
0.8469023841352155 0.7550455826962592 0
0.958855669243777 0.7557483285394947 0
2.417119235417696 0.4661230494038705 0
-0.008500298150721316 0.1049099653001058 0
-0.003136491932992896 0.2794742199576413 0
-0.04008973535395689 0.2629075310995106 0
0.01045509623875338 0.06332555218913653 0
0.0139251338827617 0.06141348065222365 0
0.01305543887209167 0.06428686821927285 0
1.852143126383066 0.07136083970524754 0
1.841663031508313 0.08908377808905446 0
1.828176802497705 0.07450377445721108 0
-0.123841513191095 0.0854251331413504 0
-0.1036769207619754 0.1024912813010836 0
1.438164195786785 0.4156143535710612 0
0.3030743753086663 0.1726004248906645 0
0.8628958555663383 0.6429438693062035 0
0.8658818856833745 0.5659680313260742 0
2.310925487645953 0.1618970587303039 0
2.306369373905278 0.4580612640968496 0
-0.3159544170752469 0.12088224764498 0
-0.3762201006236473 0.1294808527578816 0
0.01713526977877448 0.05678083607340415 0
0.01838302766048989 0.05957781637788206 0
0.01527771863438457 0.05957781637788206 0
0.1686139996090486 0.3825927574814788 0
0.149618659870436 0.3464725119892627 0
2.358808023463229 0.0757169390991959 0
2.316744172683886 0.1221776082601579 0
2.319061913480102 0.046460669160962 0
0.399244329921331 0.6160871832223502 0
0.4633139778330192 0.6311714732360992 0
0.006905223092441918 0.07516509309282768 0
0.005854833487840868 0.06879833827302159 0
0.1385004879921284 0.05678083607340416 0
0.1258010977755992 0.07275252741970178 0
2.199566140375948 0.5542825699190781 0
2.26954860793776 0.513734177057242 0
0.8304653299567922 0.1578628542468102 0
0.8156249830388389 0.1298984816177729 0
-0.1764499631529808 0.7761189633098744 0
1.036296196225205 0.4168379841415282 0
2.077894533470427 0.07801711008521602 0
2.092850102090653 0.06854783581355901 0
0.4867738555942097 0.5253291239018036 0
0.4412574803881927 0.5087465838951519 0
0.4952217912678434 0.4669127685599307 0
1.450545142222054 0.1299479283094053 0
1.480320138628755 0.1289692906988946 0
1.463318572748268 0.1548019521966065 0
0.1237409876364981 0.1995667028685178 0
1.532845468654175 0.7052486195818621 0
1.592476401924594 0.76583246721959 0
-0.001876483264724853 0.0627417816952304 0
-0.003136328262113154 0.06134230712590052 0
-0.001379730607671475 0.05997373037383312 0
1.410349515089715 0.1779552366512535 0
1.448211264696173 0.1835204846922096 0
0.3444552105573574 0.1582248020739405 0
0.3820208225980806 0.1622450365421456 0
1.869918037003049 0.2512142648616397 0
-0.4206823470966737 0.2626177952354004 0
-0.4206823470966737 0.3626177952358165 0
1.902778489585595 0.2073938202586817 0
1.922670720033757 0.1842016293996288 0
-0.1687112091545229 0.6440359112927676 0
-0.2329778746334723 0.7031563936754115 0
1.901111837658405 0.05678083607340416 0
1.910057722878619 0.0691022408550506 0
1.89328801186208 0.0691022408550506 0
1.964965430217926 0.05678083607340416 0
1.967240409769599 0.06155918958350742 0
1.961146581985197 0.06155918958350742 0
-0.4160509916480457 0.4511563774394339 0
-0.4160509916480457 0.5511563774392951 0
-0.4223515032901866 0.1849160173848154 0
-0.4071514513754417 0.6475392552294479 0
0.7720837440679671 0.1798577966235398 0
0.7462335963496363 0.1736911514885877 0
0.7768188176035878 0.1482354257629099 0
1.977579142068344 0.08479696599713271 0
1.983086516514787 0.09316780462319323 0
0.5736819692836403 0.6995998544315961 0
0.992688200868005 0.2956805900985717 0
1.035116609124173 0.2687666001021612 0
1.200320089323031 0.2559159503795676 0
0.9379460009618299 0.1646363512847171 0
0.9744537983485893 0.168033995924169 0
2.007850984279373 0.017515700442922 0
2.004287084305631 0.01792164411642222 0
2.007196062498126 0.01577027169716691 0
-0.3367333387447194 0.4137741726735861 0
1.827108644245145 0.4059149721366703 0
0.4065448679973553 0.1649500308802397 0
0.3831981827015283 0.1376637568693792 0
-0.1807748880454387 0.05110240473396712 0
-0.2382848627079938 0.07739645318597396 0
-0.2296958529075655 0.04563841206915452 0
1.985479121355936 0.07243811993389959 0
1.991173986780624 0.0691917216036369 0
1.98956832737933 0.074474606751459 0
0.8660354925898361 0.1968883750130203 0
0.8900361478313095 0.1739384774430051 0
2.009421702704701 0.08673081957766896 0
2.007694316879095 0.09163479513997924 0
2.004499961878189 0.0826424251900543 0
0.5931866887166055 0.1267499656156905 0
-0.2688356413389512 0.4765758872500554 0
2.000497561559361 0.06215701592916893 0
2.001685046087661 0.06058015422259738 0
0.4798764486377323 0.1451830370027416 0
0.4987912410718315 0.1746795065092287 0
0.02637187855443777 0.06045354287999084 0
0.3636575687269989 0.5585629035181023 0
1.861499512007162 0.05678083607340416 0
1.87498574101777 0.07136083970524754 0
1.692609163830908 0.2172634079323453 0
1.658748296390484 0.2074473012739721 0
1.685450289003338 0.175633235208994 0
1.737198694733617 0.1243199658744309 0
1.726068740841076 0.1441857079833497 0
1.70789322543459 0.1204028460192706 0
1.596666696968689 0.4558641183259843 0
1.651321733566594 0.4596219292958368 0
0.8317762424606661 0.1893262985417147 0
0.8039798778257925 0.1858655151927665 0
0.9749336833450755 0.2526246127460037 0
-0.08339535858249801 0.2454497833080183 0
-0.1169718740144974 0.22067129587142 0
1.990550615347943 0.06264006490055417 0
1.990107377677078 0.06085146525944374 0
1.992252942715775 0.06253523350685648 0
0.07015998208022993 0.05678083607340416 0
0.06396424419715163 0.06802747912324852 0
0.1872844150408693 0.1188299764909699 0
0.2057473498995852 0.09774589193516751 0
0.2126931141218142 0.1208176780805823 0
-0.1537748974544769 0.07098529392667643 0
-0.159430513582485 0.09730028506546051 0
-0.2506235398945487 0.9205018248632174 0
0.9972094138635628 0.1670727597561128 0
0.9768370163676801 0.1417581491111262 0
2.414551469543342 0.743951020079175 0
0.001341568603598649 0.09048229808666425 0
-0.005060926184861692 0.09411593360468964 0
-0.007670747288486076 0.08515346839252214 0
1.856825294236741 0.1032663473719137 0
1.83285897035138 0.1064092821238772 0
1.492268241673606 0.4259963331933384 0
1.543656708356703 0.4441445549543233 0
1.881970607179219 0.2149216768531219 0
1.649357779188529 0.2880959524670457 0
1.616034712007842 0.2967133520934696 0
1.632584104037368 0.2576948736237474 0
1.707118959769363 0.2532150444540147 0
1.684206908933242 0.281904037696857 0
0.04819538932885346 0.1144583585435997 0
2.175967086797724 0.6943408437037157 0
2.100747878806033 0.7205332879119315 0
0.04966495520105038 0.05678083607340416 0
0.05162048601361351 0.06168719559171912 0
0.04308392837883549 0.06168719559171912 0
0.1387267196675915 0.7704968666948091 0
0.01267737600104629 0.05861650034774574 0
0.0005866592306000747 0.03658737030795604 0
-0.002869442908861246 0.03844389921890673 0
-0.002869442908861247 0.03298620576878561 0
1.737342683291933 0.1667760848529385 0
1.774800940722517 0.1705108637421602 0
2.243381788485181 0.7316204215169351 0
-0.4071514513754417 0.7475392552287544 0
2.110712358347362 0.1102186056598807 0
2.118290091225436 0.0808550600926492 0
2.135037679584919 0.101664825802493 0
0.09401569227059936 0.1103117450356843 0
0.006374252575661822 0.0603155191852623 0
0.005260521206661058 0.06134395630858817 0
2.045771931243841 0.07412719301318395 0
2.030597445832702 0.06906255286263677 0
2.046649811541834 0.06156074006984795 0
-0.257774991270392 0.7680410800919719 0
1.060461551354505 0.245501088019733 0
-0.2705479506855398 0.1045129986811607 0
1.327595412861611 0.1702742245257712 0
1.366242382259534 0.1730365428581153 0
1.304569979197167 0.1674508761497266 0
1.630089687277859 0.1880620952911513 0
1.425135530250337 0.1289896457737525 0
1.442137096130824 0.1031569842760406 0
0.6645054593814067 0.1927694179247074 0
0.6799555731677557 0.2231769045186629 0
0.5295397610730181 0.1554666727571794 0
0.5181397596019683 0.1233339442438905 0
1.938320853625709 0.3426127980112709 0
1.98203287478008 0.3491547680185585 0
1.682291991313908 0.1218011143201419 0
1.674176346552482 0.1530428583394051 0
0.773394656571841 0.2113212409184442 0
0.7803475022773645 0.2488535017035355 0
-0.03174962164067382 0.02807173120447413 0
-0.03107950142771275 0.02476881748790728 0
-0.02313167628742722 0.02988669490277043 0
1.970097246391163 0.06608130827778358 0
2.078367285149506 0.216940543082128 0
1.26927652645631 0.6563255586980519 0
1.268946209940418 0.5838057411521815 0
1.088438096030692 0.4328191660576369 0
1.144050892433649 0.4393032257984564 0
1.929840017919412 0.05678083607340416 0
1.937281787958118 0.06657055162877672 0
1.925323318713651 0.06657055162877672 0
1.301419996999372 0.4936765862893738 0
1.356864534438381 0.5083983654599886 0
1.198481084252787 0.4528153529968998 0
1.249944400837754 0.4739105083478503 0
2.058980055964501 0.0814529488697234 0
2.075050292481954 0.09284467873454429 0
1.492770337062842 0.1018097625656636 0
1.505543767589056 0.1266637864528647 0
1.051980185564175 0.1778675170731426 0
1.070607626173484 0.1512040522244758 0
1.917499492917325 0.07889195641042315 0
-0.4315549982539981 0.8336082160183943 0
-0.4315549982539981 0.9336082160183944 0
1.705331342658728 0.4703698892543723 0
1.757859805465333 0.4872106833057243 0
0.7144975490864507 0.1992492113887249 0
0.2053616805912552 0.1682364570216215 0
0.2158927823916398 0.1416183468556975 0
1.999800945436213 0.06469882739229318 0
1.998526288075215 0.06891547256866219 0
1.744329355649834 0.09944411416905503 0
1.762504871056321 0.1232269761331341 0
0.1471608388370572 0.4276346396474032 0
2.032908621014447 0.04669943072456309 0
2.044523500302276 0.0391671038979084 0
2.043090205418523 0.04896377309264607 0
1.943606523505957 0.07711964166105069 0
1.941536563646983 0.07116027142865494 0
1.952377998400582 0.07191964590555636 0
0.9004933202834079 0.4759683236310516 0
0.9532421921371911 0.4937649315142484 0
0.8029971811772181 0.4292880853211725 0
0.8509954199125682 0.453319913368409 0
2.016024938343937 0.03687735560125674 0
2.0191907251774 0.02920730495223737 0
2.021430553303637 0.03470942280328127 0
0.7013581865979106 0.4040859505336027 0
0.7530919098659754 0.4120421848202964 0
1.909465721810003 0.1626945964242834 0
0.6083935616047198 0.3717295505726239 0
0.6545639642424349 0.3865017694679667 0
0.5193061159129158 0.3407072126722852 0
0.563938543973594 0.3551295906699335 0
-0.3315549982535966 0.9336082160183944 0
0.5586562178966641 0.5359519870433593 0
0.5046919070170133 0.5777858023785807 0
-0.05912542146888484 0.05841386232566394 0
0.4367891939570506 0.3120817850652066 0
0.4774669702787626 0.3249504742783572 0
1.971090754781252 0.1394767893222676 0
1.959724436877886 0.1309820017083713 0
0.05173675513316978 0.08678474535450856 0
0.0610134664074872 0.07783564940524546 0
-0.1451858876540487 0.03922725280985701 0
0.743427578921424 0.6272561440463292 0
1.980323196600049 0.07177303927183909 0
-0.008340422460850549 0.06325469017096572 0
-0.01013613597004473 0.06042160891055229 0
-0.00542879442836071 0.06127727718688436 0
0.1233235784098328 0.1003132293141285 0
0.27796379996222 0.1354379919462841 0
0.2587852593198749 0.1242504534014228 0
1.219335901028791 0.1887401266500243 0
1.223269660844011 0.1509602848480989 0
0.3581469605895531 0.2842551465033141 0
0.3968468010859124 0.2965939180394012 0
0.2555855910500494 0.1034497846263076 0
0.2343557172503557 0.1205342622998951 0
0.1860094819611837 0.05678083607340416 0
0.1955072560571421 0.07626951320947961 0
0.3314161976864163 0.517937203149565 0
0.4005681736739764 0.5265372388684875 0
2.012391812202498 0.06028121951930147 0
2.008340664330314 0.06073452144654128 0
2.011615237366054 0.05651306610842659 0
0.02459066040120485 0.05678083607340415 0
0.02202179695811272 0.06045354287999083 0
1.637248562105429 0.2296922680145026 0
-0.008971887229910502 0.03813949171572213 0
0.8395500404588364 0.2248910359589765 0
0.007818785072254242 0.08918860634731485 0
0.005208963968629857 0.08022614113514734 0
0.2873979811317857 0.2588621423094767 0
0.3223272975864228 0.2704597560989788 0
-0.221626985823413 0.1099769913459733 0
1.76465775936877 0.05678083607340416 0
1.779479835337935 0.0775659802505812 0
1.754813456003373 0.0775659802505812 0
0.02089832985042785 0.07233285005529511 0
0.02065797803375248 0.0668224890427605 0
1.209741498808773 0.1202800391752609 0
2.314898436572134 0.7683837035099335 0
-0.009617378561130561 0.02328452401607915 0
-0.008225068750476461 0.01989829639990732 0
-0.00488726569674628 0.02324357035794394 0
1.988186765265891 0.05678083607340416 0
1.989404270796883 0.0588685663632728 0
1.987187544778255 0.0588685663632728 0
1.999413340769397 0.01483673029841225 0
2.001522751646891 0.01439735462082813 0
2.001522751646891 0.01661559104825124 0
1.982864730221142 0.05678083607340416 0
1.984536551882976 0.05901772768994366 0
0.0005866592306000747 0.02708694096885632 0
-0.002846458138400153 0.02887973741597535 0
-0.002846458138400154 0.02483700152699675 0
1.715325000699644 0.05678083607340416 0
1.729507279680669 0.07865896999187799 0
1.704840900346106 0.07865896999187799 0
2.007672293435276 0.07112056224258007 0
2.014296516193375 0.06622117973310876 0
2.012851570461894 0.07283906711827268 0
2.006149927379732 0.06301089432364787 0
2.005373352543288 0.059242740912773 0
1.454723105710295 0.4745897337313553 0
0.2353422406300959 0.05678083607340415 0
0.2455823344725391 0.07825721479909205 0
0.2209159551380869 0.07825721479909206 0
2.015738130433775 0.02110229749535025 0
2.022252291317312 0.02353602260305921 0
2.018082179253562 0.02460564704655294 0
1.927216222545141 0.0897007238168098 0
1.91195062671011 0.09223241304308367 0
1.561837140209102 0.4966912767252935 0
1.999413340769397 0.02004958590285653 0
2.002177673428137 0.01836101979400633 0
2.002177673428137 0.02135563897102752 0
0.2206078591126157 0.2308673124054567 0
0.2532779870650114 0.2448324964025432 0
-0.03058894309397704 0.1039293381567198 0
1.224610747969542 0.2297697050493966 0
1.668856737913221 0.51915880005549 0
0.8032917933716259 0.1034940340420171 0
0.7903357756547058 0.1279976233221063 0
-0.08227876433964829 0.2852870415472201 0
1.665992242030519 0.05678083607340416 0
1.679239666225424 0.08005723829274922 0
1.654573286890861 0.08005723829274922 0
2.004008365525103 0.07217059317193604 0
2.005453311256585 0.06555270578677211 0
0.2846749992989749 0.05678083607340415 0
0.2946782558764852 0.0819734059006197 0
0.2700118765420584 0.0819734059006197 0
-0.1726707646076293 0.2445159946260828 0
-0.1706610161358275 0.2974141045123272 0
-0.1234925448355371 0.3137930106408371 0
-0.1685691734031752 0.3433778213974365 0
1.946053262852744 0.06137055587328238 0
-0.1260119196802577 0.5298662625875319 0
-0.1956694355873979 0.5138382826575643 0
1.999413340769397 0.02708694096885632 0
2.002675827683604 0.02518672627301409 0
2.002675827683604 0.02922946216199269 0
1.04915653328629 0.4700513846148564 0
1.616659483361393 0.05678083607340415 0
1.630000342022192 0.08091960525885292 0
1.605333962687629 0.0809196052588529 0
-0.004932041771307332 0.05850922586548708 0
0.3340077579678277 0.05678083607340415 0
0.3459526254534233 0.07749330681474434 0
0.3212862461189975 0.07749330681474433 0
2.008255012228451 0.02091949740051065 0
2.011163990420946 0.01876812498125534 0
2.076809140452047 0.287619996288897 0
2.053818104264371 0.320464177240242 0
0.7665329663494882 0.5875693820878959 0
0.799188633145106 0.6381631642808324 0
0.1042528553069457 0.0970261513763363 0
2.138211394620695 0.3281715578095276 0
1.516739807536401 0.1839678065553806 0
1.517139800689775 0.1492307648701884 0
1.567326724692268 0.05678083607340415 0
1.579659914359549 0.07846508003803276 0
1.554993535024987 0.07846508003803276 0
1.517993966023143 0.05678083607340416 0
1.530327155690424 0.07814254719651892 0
1.505660776355862 0.07814254719651892 0
1.864094905814234 0.5114029957362783 0
1.922149398969052 0.5176508678455248 0
1.892051262594248 0.5613903639565816 0
1.468661207354017 0.05678083607340416 0
1.48043714739556 0.08044805144254882 0
1.455770768060998 0.08044805144254882 0
1.907298811140286 0.3767545417973547 0
1.419328448684892 0.05678083607340416 0
1.430361156089281 0.07948976890689594 0
1.405694776754719 0.07948976890689594 0
0.4090161093476101 0.4681208835266145 0
1.369995690015767 0.05678083607340415 0
1.382328879683048 0.07814254719651888 0
1.357662500348485 0.07814254719651886 0
1.320662931346641 0.05678083607340415 0
1.332996121013923 0.07814254719651886 0
1.30832974167936 0.07814254719651888 0
1.271330172677516 0.05678083607340416 0
1.283663362344797 0.07814254719651889 0
1.258996983010234 0.07814254719651889 0
1.22199741400839 0.05678083607340416 0
1.234407878143336 0.07867295319033787 0
1.209741498808773 0.07867295319033787 0
1.172664655339265 0.05678083607340416 0
1.184997845006546 0.07814254719651889 0
1.160331465671983 0.07814254719651889 0
1.123331896670139 0.05678083607340415 0
1.135665086337418 0.07875163089296455 0
1.110998707002856 0.07875163089296455 0
1.073999138001014 0.05678083607340415 0
1.086332327668285 0.07866477010888917 0
1.061665948333722 0.07866477010888917 0
1.024666379331899 0.05678083607340415 0
1.036999568999174 0.07869353929314943 0
1.012333189664622 0.07869353929314943 0
0.9753336206629106 0.05678083607340415 0
0.9876668103301385 0.07779281865902651 0
0.9630004309957018 0.07779281865902651 0
0.9260008619940481 0.05678083607340415 0
0.9383340516612606 0.07814254719639993 0
0.9136676723268349 0.07814254719639992 0
0.8766681033251965 0.05678083607340415 0
0.8896082759902051 0.07913481685636348 0
0.8649418966557791 0.07913481685636348 0
0.8273353446563447 0.05678083607340417 0
0.8402913623732648 0.08108786420554392 0
0.8156249830388389 0.08108786420554392 0
0.7780025859874931 0.05678083607340417 0
0.7903357756547058 0.07918700590987737 0
0.76566939632028 0.07918700590987737 0
0.7286698273186414 0.05678083607340415 0
0.7410030169858542 0.07883906340481314 0
0.7163366376514284 0.07883906340481313 0
0.6793370686497897 0.05678083607340415 0
0.6916702583170026 0.07814254719640039 0
0.6670038789825767 0.0781425471964004 0
0.630004309980938 0.05678083607340417 0
0.642337499648151 0.07814254719640021 0
0.6176711203137252 0.07814254719640022 0
0.5806715513120861 0.05678083607340416 0
0.5928241239090739 0.08055646303463332 0
0.5681577445746481 0.0805564630346333 0
0.5313387926432345 0.05678083607340415 0
0.5435214680852597 0.0800191602426691 0
0.5188550887508339 0.08001916024266911 0
0.4820060339743828 0.05678083607340415 0
0.4943392236415957 0.07866499094286694 0
0.4696728443071699 0.07866499094286693 0
0.4326732753055311 0.05678083607340416 0
0.4450064649727441 0.07865609547145432 0
0.4203400856383182 0.07865609547145433 0
0.3833405166366795 0.05678083607340417 0
0.3956737063038924 0.0775667306214579 0
0.3710073269694665 0.07756673062145789 0
1.155728624910915 0.4995446937294086 0
2.042927690255369 0.08895476166251222 0
2.042912733817362 0.1049200661595347 0
-0.008594322644751481 0.05136960487491354 0
-0.004450476887908829 0.05208337320622869 0
-0.008549097495416193 0.05404002816540157 0
0.05525073504616396 0.06658900635540108 0
1.261634412891671 0.5328228988693756 0
-0.2821785381489483 0.8541100408816118 0
-0.3387064496294399 0.7811474712471489 0
-0.009958725594906867 0.05588522788027867 0
-0.005814879838064215 0.05659899621159382 0
1.477986261102874 0.1825418470816988 0
2.161464276068723 0.1191130828253674 0
2.169042008946796 0.08974953725813589 0
-0.01250501440657734 0.03584433051476573 0
-0.009858672224989401 0.03254757347877991 0
1.725418697484551 0.2860416081535483 0
0.8599718504227392 0.5108112500671067 0
1.793666119797745 0.09528891863438813 0
1.810804544406971 0.1133290195926479 0
1.786773956581764 0.1163912253860181 0
0.7605686787406568 0.4709169393035881 0
0.008014097317187212 0.05678083607340416 0
0.008829626847841268 0.05796575074476493 0
0.007247215449593463 0.05796575074476494 0
0.6638691850739384 0.4360868577370761 0
0.572619945087337 0.4019027167687498 0
2.003752134276568 0.0950929359307183 0
1.998830393450055 0.09100454154310364 0
0.4863257818220582 0.3695460184721315 0
1.813425016682371 0.499828549222379 0
1.778431558222392 0.5425246259306802 0
1.994697919123257 0.05678083607340416 0
1.995515889158805 0.0577942256172094 0
1.920972167386495 0.6272796016968183 0
0.4045442433167668 0.3383014130523981 0
0.01181323473405209 0.05678083607340415 0
0.01046064998242922 0.05861650034774574 0
0.005302080876718198 0.05678083607340416 0
0.005859803045865029 0.05773722794939017 0
0.004730198003643819 0.05773722794939015 0
2.012676564293862 0.02677357984452841 0
-0.08570282155118986 0.1084148796623966 0
1.466230159950742 0.5337750997718168 0
1.412126114063921 0.5233931201495396 0
0.006675332576519084 0.05892214262075093 0
0.007761664979390257 0.06054404198063706 0
0.3287821874424983 0.3090181556222574 0
-0.0001974163071625182 0.06422803862561419 0
0.002681257026219941 0.067871727796894 0
0.1714776517736838 0.1355317161840713 0
1.693421945206448 0.1019353722112231 0
2.271179377662826 0.13264078879207 0
1.929874761357542 0.1314084393077695 0
1.948924545993371 0.1333161400198963 0
2.000096710131872 0.105045391756462 0
2.008960633560912 0.1056756453533376 0
1.999413340769397 0.03658737030795604 0
2.003017005452585 0.03426423456710707 0
2.003017005452585 0.03972192801722819 0
0.0004280066237863254 0.07645878483217709 0
-0.005028677091422089 0.07701698067561782 0
0.1558727237226155 0.2125431256149098 0
0.1288489108162729 0.2302938980414201 0
1.478179974728665 0.2419277211108276 0
0.1724974899029695 0.1618588465391961 0
1.057201019683177 0.5305731440051764 0
1.00505911987769 0.5145919620890677 0
1.803510423163142 0.07450377445721108 0
1.939934269140632 0.467906659753875 0
0.2588425303725937 0.2811931193109885 0
2.178825565532405 0.4524314344262775 0
2.142461921753612 0.5082914483182545 0
0.5351963401354736 0.641794336377655 0
2.096094714985828 0.2492932120515969 0
2.116089631217959 0.2904857801248588 0
-0.03133652719730527 0.03600315575861482 0
-0.0392843523375908 0.03088527834375166 0
1.708037213992906 0.1628589649977783 0
2.39526488799553 0.04392923477474371 0
2.392947147199314 0.1196461738739396 0
0.7227509853991161 0.176725682879677 0
0.7274860589347367 0.1451033120190471 0
1.367975671903098 0.1430868127889574 0
1.388888743481428 0.1701801534262319 0
1.813990518037895 0.05678083607340416 0
1.950335044798702 0.05678083607340416 0
1.954589820487566 0.06137055587328238 0
1.020754015958267 0.1707371247785767 0
1.02605236545038 0.2004789988637215 0
1.501632499484306 0.2126863390509838 0
0.3066231233620809 0.1026858766419599 0
0.01701920873612965 0.06594676254065174 0
0.02016424581372281 0.06325052318446875 0
0.1008198922312121 0.2535077923565062 0
0.068811383488695 0.2729508799972774 0
0.1145402320769549 0.5127010126148832 0
1.798194437478329 0.6054623246080517 0
1.862917674231677 0.6210317295875717 0
0.05209108411517313 0.4918300250489233 0
-0.004750979666793866 0.5144427495952446 0
-0.00941220378556356 0.4602822549365211 0
0.08471169087527539 0.4067636520814433 0
0.1098790079581852 0.4585405179561596 0
0.0160950841213917 0.08421851788676665 0
0.0122276887563605 0.09447467483828358 0
1.235467322249186 0.2701309637818632 0
1.593000773020347 0.1026038492234815 0
2.241679511007645 0.4395493423453255 0
1.168943801635042 0.5557187888560104 0
1.114513609815903 0.5422066616575669 0
0.7606229310888528 0.5324126008289285 0
0.7107176597776101 0.5151667003280525 0
2.029802739263542 0.3585348164628624 0
2.001003462199057 0.3955737943630957 0
0.5789065645961615 0.4509989926190112 0
0.5344515469650359 0.4343990327163209 0
-0.01771001295594336 0.03731292868552262 0
-0.01859679795102226 0.0317210104485804 0
0.3582858151206363 0.09827920136279807 0
0.8924032814909864 0.119398606473948 0
0.8825930941264255 0.1493160264521658 0
2.000745270253907 0.07448332902447015 0
1.542660345357706 0.09982679116114751 0
0.1168735990907781 0.08543714082820719 0
1.578069490581677 0.5528680326375883 0
1.525059501969691 0.5411484692659274 0
0.6813718961176861 0.1478918222183915 0
0.6957500116715511 0.1706613719191843 0
0.6731184598050208 0.1704153507274395 0
1.742629226261292 0.592844458691397 0
0.04866970822394907 0.07149536587371605 0
0.4103916595383271 0.3829438056705108 0
0.3704492666671889 0.3674559386447054 0
1.236457220907185 0.7055429864721996 0
1.023137233977358 0.1444612779655339 0
1.98954822058695 0.1017683443523249 0
1.994756719871294 0.1123510537749443 0
1.882612931082628 0.1317491410793033 0
1.86233779677649 0.1358784202575599 0
1.868296367385947 0.1164625722284798 0
0.1836289912311264 0.1881935409244329 0
0.1887369144109012 0.2189207360973353 0
1.393361587087437 0.1008514800300107 0
2.017224411387372 0.436551831344964 0
1.843523153057175 0.4560890531113223 0
0.2969184159819666 0.1218631753723939 0
0.2948670828246179 0.1501351915908428 0
1.345329310681204 0.0995042583196336 0
1.295996552012079 0.09950425831963361 0
1.197408309141491 0.1000346643134526 0
1.93969727908129 0.08728677448481836 0
1.147998276004699 0.1001133420160793 0
1.098665517335564 0.1006355649284496 0
1.049332758666444 0.1005774733286345 0
0.9999999999974127 0.09970552187877178 0
0.9506672413284885 0.09915452978202227 0
0.9019414656574175 0.1004965279793592 0
0.7533362066530671 0.1012452332412863 0
0.7040034479842154 0.1002007745278094 0
0.654670689315364 0.09950425831939645 0
0.6051573135762871 0.1019181741576294 0
0.5065218990836209 0.1019033151121319 0
0.457339654639957 0.1005402503409171 0
0.4080068959711053 0.09944199001950806 0
0.1928515916041048 0.2552168970959336 0
0.07292310128298402 0.3149389078534475 0
0.113458065743208 0.3327779415953357 0
0.08145855729392337 0.3580187400307987 0
-0.01317349050825849 0.02509583116793302 0
-0.01792667773806119 0.02841809673201354 0
-0.01770836884466345 0.02326151562212305 0
0.8488081775066468 0.2542375027791954 0
2.117647775915418 0.2198063269180898 0
2.136895521119232 0.1860078746507234 0
2.154622950955554 0.2183605436201923 0
2.017497431037455 0.1145938579895495 0
2.012277437116396 0.1300665794459603 0
-0.009835687454528308 0.02844110512596964 0
0.1658073716364905 0.6987831908686775 0
1.877100428542879 0.09913706819365706 0
1.995443415347573 0.1244776452475153 0
2.002415643047753 0.1389161235143941 0
1.985754057413967 0.0611054579798123 0
1.79907002624796 0.1636751129950442 0
1.779643295665546 0.1412670770913939 0
1.482462510323317 0.5899518556841117 0
0.1329516283173295 0.2664842151028983 0
-0.01751261404280604 0.0995811356059637 0
0.839790468138274 0.6826306312646369 0
0.04417672641505141 0.3889246183395551 0
1.95686480003924 0.06614890938338563 0
-0.05456582441377714 0.5545959137639176 0
-0.1143234765265043 0.601567196868607 0
1.577228290013484 0.1278756021705051 0
0.03681187503941039 0.2981916784327404 0
0.0009752258612961001 0.3214622478138114 0
1.070416196407303 0.5867472391317782 0
-0.1877351970764212 0.1150041582385612 0
-0.2199982850539673 0.1421207037337479 0
1.96945454690391 0.42717178290066 0
0.4682585881193848 0.123752407870983 0
0.443592208784959 0.1237435123995703 0
-0.04504350314977688 0.0615907267142797 0
-0.01803683564466647 0.04388790546987811 0
-0.0241286191891114 0.03976458540369276 0
2.005440160342344 0.02349816016416389 0
0.716336637651429 0.1245175670731792 0
0.6916702583170031 0.1238210508647665 0
1.060340487036528 0.124337173566186 0
1.035674107701979 0.1243659427504462 0
1.161052723073817 0.1259892985294302 0
1.136386343739252 0.1265983822258759 0
1.986400148431844 0.1517393485902842 0
2.003234170200666 0.1573282827887292 0
1.815276936236889 0.1762335482867376 0
1.847570780482092 0.1790910575303897 0
2.01008104363774 0.05273635704846372 0
2.006029895765557 0.05318965897570353 0
1.412082804733279 0.1480055065820956 0
2.00195452140332 0.04572900683690891 0
2.005558186086508 0.04340587109605994 0
2.204246216754833 0.2238631222279096 0
2.219615694392131 0.1784611653075209 0
1.966064495522092 0.1774882808598212 0
0.3302005316791111 0.3459501494139545 0
0.2943808686759808 0.3321547590096192 0
1.934148412874074 0.1006272311174789 0
0.6501273438275417 0.1699998682239146 0
2.184998471551019 0.257661574495276 0
1.905119429015006 0.1076872367498468 0
1.895402699387189 0.09687846934346009 0
2.017973456619252 0.07968372771685839 0
-0.1640582510539373 0.1973579967417749 0
1.877778533377008 0.4174894186505697 0
1.508168375515531 0.6538570034186568 0
-0.1578018128130392 0.1294439974532351 0
0.04472224251949793 0.07951033826196306 0
1.083670564860898 0.6448542815134282 0
2.024597679377351 0.07478434520738705 0
2.025475559675343 0.06221789226405106 0
0.009718390002063627 0.4131624338537347 0
2.026303341184187 0.03964111749106303 0
2.024870046300434 0.04943778668580071 0
-0.01215558633187864 0.04738125429289719 0
2.02946912801765 0.03197106684204366 0
0.764485627936375 0.1218309781871542 0
1.883931626237983 0.08368224448689397 0
-0.03416159387495604 0.06443638385898351 0
-0.0238628745184766 0.06553213282723307 0
0.4311166851825949 0.1436622105685548 0
0.1410832038594966 0.3033926798119115 0
1.191963105278424 0.6642399332676114 0
1.706029800720381 0.6335070693106319 0
1.667575510870982 0.6741304729873949 0
2.006279492366792 0.03236401987126485 0
1.97774652625421 0.1004734666416754 0
1.529589999123863 0.1220712367369574 0
1.920083837674921 0.1224260841769014 0
1.903535910352001 0.1270721404772778 0
1.357662500348485 0.1227237302702372 0
1.332996121013923 0.1227237302702372 0
0.6180336851212568 0.1243360497774574 0
2.113690146392971 0.1592410146591726 0
2.150665321433107 0.1577952313612752 0
-0.080186921606996 0.3312507584323294 0
1.686266921464444 0.5705693706332604 0
1.63225731237231 0.5598214106747248 0
1.923713319952316 0.4269286227720067 0
2.012442718302974 0.03988913286433993 0
2.011380234253708 0.04589621168402065 0
2.023570855684466 0.05627793205024378 0
2.016965575854206 0.04921961881674372 0
1.971909281934166 0.1578889485966027 0
1.825966807135399 0.1275115888755071 0
-0.006302560277861475 0.03073626632692604 0
1.897577339742544 0.1464879885063579 0
1.88854274254063 0.1673715970263089 0
0.816383985312535 0.5433196210634317 0
0.3360479479006714 0.3905925420320672 0
1.879623242201713 0.1911060615386746 0
1.867734860134254 0.1748994536207491 0
1.620156767271543 0.6556702193785642 0
1.638064782218993 0.7185687111134638 0
1.217470613778801 0.5640396632106579 0
0.6692127307323573 0.4788013567016693 0
0.6224185083768816 0.4612171756360333 0
1.820119291179918 0.1469897616359712 0
1.998015890000943 0.05678083607340416 0
1.99827239769704 0.05731181177106223 0
1.997696770612782 0.05731181177106223 0
0.4889351717590189 0.4178164927096693 0
0.4470960261248657 0.4020597543157413 0
0.008522993103308172 0.06406817915066709 0
0.009392688113978205 0.06119479158361788 0
2.236233334065679 0.1000595663014671 0
2.230414649027746 0.1397790167716131 0
1.952049094587683 0.1186717523996815 0
1.943939336556695 0.109609586248347 0
0.9143675473660692 0.1619308662994124 0
0.3220289913284129 0.1590256083167743 0
-0.0109184328426765 0.06745657518568629 0
1.176255598683789 0.6067016311388163 0
1.031933592825957 0.2308749032407156 0
2.003075630243937 0.0591916031419404 0
2.005266367194518 0.0569152302648338 0
0.8145489273774769 0.2466754263078898 0
2.008753166483918 0.02475058470249723 0
0.5842501102545805 0.4937134915836044 0
2.015334102484696 0.01769850053776161 0
1.595479674132899 0.6042786032153588 0
0.001984109999047801 0.05678083607340416 0
0.002326731000717432 0.05725158981116011 0
0.001751103916462569 0.05725158981116011 0
0.4130010494752878 0.4312142799080485 0
1.000707423220048 0.2237445109461497 0
-4.557206389552009e-05 0.06019555908621192 0
0.001470285912252973 0.06106184950759546 0
2.201706956842625 0.07613570773093915 0
2.242471685477705 0.06899747975139602 0
0.200983167146272 0.2921253618049467 0
0.1691122224445575 0.2801787854968253 0
0.009693768114835466 0.05980141501910652 0
0.02239385327509717 0.08232577904469104 0
2.061095615502166 0.1163072766723376 0
1.40367475864205 0.1212145625487308 0
-0.03166334988602838 0.04257813254297031 0
2.096757681367574 0.133681203597674 0
0.4201977517031671 0.1204500530384889 0
0.3955313723687413 0.1193606881884925 0
0.3723117427610715 0.449004934881384 0
0.4936238944927303 0.1219797749440883 0
0.7398192486019493 0.1214830356820899 0
1.012129505607275 0.1207015777279823 0
0.9874631262727915 0.1198008570938594 0
1.10893265647252 0.1275024435867394 0
1.084266277137949 0.127415582802664 0
0.01798494959099091 0.07703971055372232 0
1.996310940378708 0.07674474497073702 0
0.2670775171305295 0.3114001808909013 0
0.2329575230637552 0.2973705349839678 0
2.080010093008092 0.1128714378878302 0
0.0064652564207116 0.3644175218030901 0
1.554256378458425 0.1223937695784712 0
0.2684958613671423 0.3483321746825984 0
-0.03348311055169167 0.3457000633279911 0
1.143436293134664 0.655919058912964 0
0.3323067298255723 0.4310508284551333 0
0.2920579948374945 0.4095450392243824 0
1.987744915533238 0.06405576571960946 0
1.989890480571935 0.0657395339670222 0
0.3283217896978946 0.4679574320736993 0
2.175280360358821 0.05868745070806476 0
0.00155918134727916 0.06285946187354678 0
1.184997845006546 0.1197496331814419 0
0.6690387064504726 0.1235750296730217 0
2.184669650794984 0.1458799428169181 0
1.931458280020547 0.1120235355803385 0
1.380308861570379 0.1198673408383538 0
1.977344218062878 0.07681911299152432 0
1.56596894548091 0.6487168413414277 0
1.973793952708286 0.07087114718164171 0
1.309970687349479 0.1199003818941925 0
1.322303877016759 0.1431198538447961 0
2.017571089229115 0.06199972439499407 0
0.644372327116047 0.1235750296730215 0
0.6324017022563655 0.1484068211310826 0
0.006411824766462422 0.06527232928005815 0
0.005349416641687245 0.06314156867453949 0
1.856490280821009 0.155356593018024 0
-0.01143117187988243 0.08065061619364322 0
-0.0157207665669509 0.07230206156729409 0
2.117175423328209 0.05999405595617132 0
2.033453213849445 0.02747400585837493 0
2.031014183003215 0.02240423275535406 0
2.03987105671556 0.02283886645946708 0
-0.03564628900667302 0.04981125944762876 0
-0.01287035362739671 0.05786264086436003 0
-0.0190605407942022 0.06068664644562526 0
-0.01888313041906434 0.05615026541535165 0
2.11542692219899 0.03054952731496475 0
2.140866911333773 0.04285675159405494 0
-0.2029318189770223 0.1841752830613868 0
-0.1472329283838904 0.160330584306724 0
-0.01857419256504668 0.04983291101106734 0
-0.02476437973185218 0.05265691659233257 0
-0.03595522686069069 0.05612861385191308 0
-0.1115230301083175 0.1176637226414475 0
0.003149352869815308 0.06254810643797923 0
-0.1189282448899542 0.1426267111336233 0
2.009861712407755 0.02935224260818165 0
0.9164626778276161 0.1184063368139844 0
0.3235264062244788 0.1173830762865185 0
0.9647075107578181 0.1207620932619157 0
0.940041131423377 0.1211118217992891 0
2.028670134183428 0.01890088320415137 0
-0.01785009772680896 0.06724450827624145 0
2.001793017828597 0.07999986557401087 0
0.3710073269694665 0.1166556938503983 0
2.002485999469559 0.06406092525300384 0
1.958934759898213 0.0721082796157814 0
2.010202890176736 0.03438701501329603 0
2.038326001729994 0.03240570054615668 0
0.3459526254534233 0.1165822700436847 0
0.2555168451882717 0.3792072469957936 0
1.967118267853993 0.07112738199746881 0
2.157496969154476 0.2898447735722275 0
0.9305029472569459 0.1400139002938778 0
-0.003522413671816658 0.05666402615060998 0
0.336247918073309 0.1357595687741188 0
2.048507586134071 0.03467004291423966 0
1.842173717124328 0.1400700241672005 0
2.00006563200299 0.08490384113632116 0
2.054400425288487 0.02523693958904067 0
2.173531859229603 0.02924292206685819 0
-0.2666558212519941 0.009672181808573845 0
2.284535536257048 0.02253681059043401 0
2.250122087232 0.006706111476424182 0
-0.001454148327746052 0.01623791830638063 0
0.0005866592306000747 0.01483673029841225 0
0.0005866592306000747 0.04941294991574065 0
-0.001954521403322021 0.0530968929945724 0
0.0009975710726965062 0.05678083607340416 0
0.001340192074366137 0.05725158981116011 0
-0.001909296253986732 0.05576731628506044 0
0.003366106458899827 0.05678083607340415 0
0.003133100376314594 0.0572515898111601 0
1.996633893541084 0.05678083607340416 0
1.996890401237181 0.05731181177106223 0
1.996578766230503 0.05832520131486747 0
1.999002428927299 0.05678083607340416 0
1.998683309539138 0.05731181177106223 0
1.999413340769397 0.04941294991574065 0
0.0005866592306000747 1e-05 0
1.305930249547815e-05 1e-05 0
0.0001531944588977717 5e-06 0
0.0005866592306000747 3.35e-05 0
-0.0003745564907413115 2.35e-05 0
-0.0001807485941229305 1.675e-05 0
0.0005866592306000747 6.5225e-05 0
-0.0009106318937905413 4.1725e-05 0
-0.0006425941922659265 3.26125e-05 0
0.0005866592306000747 0.00010805375 0
-0.001652027902984026 6.632875e-05 0
-0.001281329898387284 5.4026875e-05 0
0.0005866592306000747 0.0001658725625 0
-0.00267738387199679 9.954381250000001e-05 0
-0.002164705887490408 8.293628125000001e-05 0
0.0005866592306000747 0.0002439279593750001 0
-0.004095458566203724 0.000144384146875 0
-0.003386421219100243 0.0001219639796875 0
0.0005866592306000747 0.0003493027451562501 0
-0.006056665361684649 0.0002049185982812501 0
-0.005076061963944173 0.000174651372578125 0
0.0005866592306000747 0.0004915587059609377 0
-0.008769028346708677 0.0002866401076796876 0
-0.007412846854196663 0.0002457793529804689 0
0.0005866592306000747 0.0006836042530472658 0
-0.01252024578899899 0.0003969641453675783 0
-0.01064463706785382 0.0003418021265236329 0
0.0005866592306000747 0.0009428657416138091 0
-0.01770820545353664 0.0005459015962462308 0
-0.0151142256212678 0.0004714328708069045 0
0.0005866592306000747 0.001292868751178642 0
-0.0248831899338855 0.0007469671549324116 0
-0.02129569769371107 0.0006464343755893211 0
0.0005866592306000747 0.001765372814091167 0
-0.03480624516144901 0.001018405659158756 0
-0.02984471754766724 0.0008826864070455837 0
0.0005866592306000747 0.002403253299023076 0
-0.04852989995481191 0.00138484763986432 0
-0.04166807255813046 0.001201626649511538 0
0.0005866592306000747 0.003264391953681153 0
-0.06750981069333507 0.001879544313816833 0
-0.05801985532407351 0.001632195976840577 0
0.0005866592306000747 0.004426929137469557 0
-0.09375916019939561 0.002547384823652724 0
-0.08063448544636534 0.002213464568734779 0
0.0005866592306000747 0.005996354335583902 0
-0.1300622015433855 0.003448969511931178 0
-0.1119106808714045 0.002998177167791951 0
0.0005866592306000747 0.008115078353038268 0
-0.1551658770287969 0.004057539176519134 0
0.02024057880487979 9.999999999999999e-06 0
0.01713526977877448 2e-05 0
0.01402996075266916 9.999999999999999e-06 0
0.01713526977877448 9.999999999999999e-06 0
0.02024057880487979 3.35e-05 0
0.01713526977877448 4.7e-05 0
0.01402996075266916 3.35e-05 0
0.01713526977877448 3.35e-05 0
0.02024057880487979 6.5225e-05 0
0.01713526977877448 8.345e-05 0
0.01402996075266916 6.5225e-05 0
0.01713526977877448 6.5225e-05 0
0.02024057880487979 0.00010805375 0
0.01713526977877448 0.0001326575 0
0.01402996075266916 0.00010805375 0
0.01713526977877448 0.00010805375 0
0.02024057880487979 0.0001658725625 0
0.01713526977877448 0.000199087625 0
0.01402996075266916 0.0001658725625 0
0.01713526977877448 0.0001658725625 0
0.02024057880487979 0.000243927959375 0
0.01713526977877448 0.00028876829375 0
0.01402996075266916 0.000243927959375 0
0.01713526977877448 0.000243927959375 0
0.02024057880487979 0.0003493027451562501 0
0.01713526977877448 0.0004098371965625001 0
0.01402996075266916 0.0003493027451562501 0
0.01713526977877448 0.0003493027451562501 0
0.02024057880487979 0.0004915587059609376 0
0.01713526977877448 0.0005732802153593751 0
0.01402996075266916 0.0004915587059609376 0
0.01713526977877448 0.0004915587059609376 0
0.02024057880487979 0.0006836042530472657 0
0.01713526977877448 0.0007939282907351564 0
0.01402996075266916 0.0006836042530472657 0
0.01713526977877448 0.0006836042530472657 0
0.02024057880487979 0.0009428657416138089 0
0.01713526977877448 0.001091803192492461 0
0.01402996075266916 0.0009428657416138089 0
0.01713526977877448 0.0009428657416138089 0
0.02024057880487979 0.001292868751178642 0
0.01713526977877448 0.001493934309864823 0
0.01402996075266916 0.001292868751178642 0
0.01713526977877448 0.001292868751178642 0
0.02024057880487979 0.001765372814091167 0
0.01713526977877448 0.002036811318317511 0
0.01402996075266916 0.001765372814091167 0
0.01713526977877448 0.001765372814091167 0
0.02024057880487979 0.002403253299023076 0
0.01713526977877448 0.00276969527972864 0
0.01402996075266916 0.002403253299023076 0
0.01713526977877448 0.002403253299023076 0
0.02024057880487979 0.003264391953681152 0
0.01713526977877448 0.003759088627633664 0
0.01402996075266916 0.003264391953681152 0
0.01713526977877448 0.003264391953681152 0
0.02024057880487979 0.004426929137469556 0
0.01713526977877448 0.005094769647305448 0
0.01402996075266916 0.004426929137469556 0
0.01713526977877448 0.004426929137469556 0
0.02024057880487979 0.005996354335583902 0
0.01713526977877448 0.006897939023862354 0
0.01402996075266916 0.005996354335583902 0
0.01713526977877448 0.005996354335583902 0
0.02024057880487979 0.008115078353038267 0
0.01713526977877448 0.00933221768221418 0
0.01402996075266916 0.008115078353038267 0
0.01713526977877448 0.008115078353038267 0
0.02024057880487979 0.01097535577660166 0
0.01713526977877448 0.01261849387098914 0
0.01402996075266916 0.01097535577660166 0
0.01713526977877448 0.01097535577660166 0
0.02024057880487979 0.01483673029841224 0
0.01713526977877448 0.01705496672583534 0
0.01402996075266916 0.01483673029841224 0
0.01713526977877448 0.01483673029841225 0
0.02024057880487979 0.02004958590285653 0
0.01713526977877448 0.02304420507987772 0
0.01402996075266916 0.02004958590285653 0
0.01713526977877448 0.02004958590285653 0
0.02024057880487979 0.02708694096885632 0
0.01713526977877448 0.03112967685783492 0
0.01402996075266916 0.02708694096885632 0
0.01713526977877448 0.02708694096885632 0
0.02024057880487979 0.03658737030795603 0
0.01713526977877448 0.04204506375807714 0
0.01402996075266916 0.03658737030795603 0
0.01713526977877448 0.03658737030795603 0
0.02024057880487979 0.04941294991574065 0
0.01402996075266916 0.04941294991574065 0
0.01713526977877448 0.04941294991574065 0
0.6546706893153639 1e-05 0
0.630004309980938 2.000000000000001e-05 0
0.6053379306465121 1e-05 0
0.630004309980938 1e-05 0
0.6546706893153639 3.35e-05 0
0.630004309980938 4.700000000000001e-05 0
0.6053379306465121 3.350000000000001e-05 0
0.630004309980938 3.350000000000001e-05 0
0.6546706893153639 6.5225e-05 0
0.630004309980938 8.345000000000002e-05 0
0.6053379306465121 6.522500000000003e-05 0
0.630004309980938 6.522500000000001e-05 0
0.6546706893153639 0.00010805375 0
0.630004309980938 0.0001326575 0
0.6053379306465121 0.00010805375 0
0.630004309980938 0.00010805375 0
0.6546706893153639 0.0001658725625 0
0.630004309980938 0.0001990876250000001 0
0.6053379306465121 0.0001658725625 0
0.630004309980938 0.0001658725625 0
0.6546706893153639 0.0002439279593750001 0
0.630004309980938 0.0002887682937500001 0
0.6053379306465121 0.0002439279593750001 0
0.630004309980938 0.0002439279593750001 0
0.6546706893153639 0.0003493027451562501 0
0.630004309980938 0.0004098371965625002 0
0.6053379306465121 0.0003493027451562502 0
0.630004309980938 0.0003493027451562501 0
0.6546706893153639 0.0004915587059609377 0
0.630004309980938 0.0005732802153593753 0
0.6053379306465121 0.0004915587059609377 0
0.630004309980938 0.0004915587059609377 0
0.6546706893153639 0.0006836042530472658 0
0.630004309980938 0.0007939282907351567 0
0.6053379306465121 0.0006836042530472661 0
0.630004309980938 0.0006836042530472658 0
0.6546706893153639 0.0009428657416138091 0
0.630004309980938 0.001091803192492462 0
0.6053379306465121 0.0009428657416138093 0
0.630004309980938 0.0009428657416138092 0
0.6546706893153639 0.001292868751178642 0
0.630004309980938 0.001493934309864823 0
0.6053379306465121 0.001292868751178643 0
0.630004309980938 0.001292868751178642 0
0.6546706893153639 0.001765372814091167 0
0.630004309980938 0.002036811318317512 0
0.6053379306465121 0.001765372814091168 0
0.630004309980938 0.001765372814091168 0
0.6546706893153639 0.002403253299023076 0
0.630004309980938 0.002769695279728641 0
0.6053379306465121 0.002403253299023076 0
0.630004309980938 0.002403253299023076 0
0.6546706893153639 0.003264391953681153 0
0.630004309980938 0.003759088627633666 0
0.6053379306465121 0.003264391953681154 0
0.630004309980938 0.003264391953681153 0
0.6546706893153639 0.004426929137469557 0
0.630004309980938 0.00509476964730545 0
0.6053379306465121 0.004426929137469558 0
0.630004309980938 0.004426929137469558 0
0.6546706893153639 0.005996354335583902 0
0.630004309980938 0.006897939023862357 0
0.6053379306465121 0.005996354335583903 0
0.630004309980938 0.005996354335583903 0
0.6546706893153639 0.008115078353038268 0
0.630004309980938 0.009332217682214181 0
0.6053379306465121 0.00811507835303827 0
0.630004309980938 0.008115078353038268 0
0.6546706893153639 0.01097535577660166 0
0.630004309980938 0.01261849387098915 0
0.6053379306465121 0.01097535577660167 0
0.630004309980938 0.01097535577660166 0
0.6546706893153639 0.01483673029841225 0
0.630004309980938 0.01705496672583535 0
0.6053379306465121 0.01483673029841225 0
0.630004309980938 0.01483673029841225 0
0.6546706893153639 0.02004958590285653 0
0.630004309980938 0.02304420507987772 0
0.6053379306465121 0.02004958590285654 0
0.630004309980938 0.02004958590285653 0
0.6546706893153639 0.02708694096885632 0
0.630004309980938 0.03112967685783493 0
0.6053379306465121 0.02708694096885633 0
0.630004309980938 0.02708694096885632 0
0.6546706893153639 0.03658737030795604 0
0.630004309980938 0.04204506375807715 0
0.6053379306465121 0.03658737030795604 0
0.630004309980938 0.03658737030795604 0
0.6546706893153639 0.04941294991574065 0
0.6053379306465121 0.04941294991574066 0
0.630004309980938 0.04941294991574065 0
0.3093413786334018 9.999999999999999e-06 0
0.2846749992989749 2e-05 0
0.2600086199645481 9.999999999999999e-06 0
0.2846749992989749 9.999999999999999e-06 0
0.3093413786334018 3.35e-05 0
0.2846749992989749 4.7e-05 0
0.2600086199645481 3.35e-05 0
0.2846749992989749 3.35e-05 0
0.3093413786334018 6.5225e-05 0
0.2846749992989749 8.345e-05 0
0.2600086199645481 6.5225e-05 0
0.2846749992989749 6.5225e-05 0
0.3093413786334018 0.00010805375 0
0.2846749992989749 0.0001326575 0
0.2600086199645481 0.00010805375 0
0.2846749992989749 0.00010805375 0
0.3093413786334018 0.0001658725625 0
0.2846749992989749 0.000199087625 0
0.2600086199645481 0.0001658725625 0
0.2846749992989749 0.0001658725625 0
0.3093413786334018 0.000243927959375 0
0.2846749992989749 0.00028876829375 0
0.2600086199645481 0.000243927959375 0
0.2846749992989749 0.000243927959375 0
0.3093413786334018 0.0003493027451562501 0
0.2846749992989749 0.0004098371965625001 0
0.2600086199645481 0.0003493027451562501 0
0.2846749992989749 0.0003493027451562501 0
0.3093413786334018 0.0004915587059609376 0
0.2846749992989749 0.0005732802153593751 0
0.2600086199645481 0.0004915587059609376 0
0.2846749992989749 0.0004915587059609376 0
0.3093413786334018 0.0006836042530472657 0
0.2846749992989749 0.0007939282907351564 0
0.2600086199645481 0.0006836042530472657 0
0.2846749992989749 0.0006836042530472657 0
0.3093413786334018 0.0009428657416138089 0
0.2846749992989749 0.001091803192492461 0
0.2600086199645481 0.0009428657416138089 0
0.2846749992989749 0.0009428657416138089 0
0.3093413786334018 0.001292868751178642 0
0.2846749992989749 0.001493934309864823 0
0.2600086199645481 0.001292868751178642 0
0.2846749992989749 0.001292868751178642 0
0.3093413786334018 0.001765372814091167 0
0.2846749992989749 0.002036811318317511 0
0.2600086199645481 0.001765372814091167 0
0.2846749992989749 0.001765372814091167 0
0.3093413786334018 0.002403253299023076 0
0.2846749992989749 0.00276969527972864 0
0.2600086199645481 0.002403253299023076 0
0.2846749992989749 0.002403253299023076 0
0.3093413786334018 0.003264391953681152 0
0.2846749992989749 0.003759088627633664 0
0.2600086199645481 0.003264391953681152 0
0.2846749992989749 0.003264391953681152 0
0.3093413786334018 0.004426929137469556 0
0.2846749992989749 0.005094769647305448 0
0.2600086199645481 0.004426929137469556 0
0.2846749992989749 0.004426929137469556 0
0.3093413786334018 0.005996354335583902 0
0.2846749992989749 0.006897939023862354 0
0.2600086199645481 0.005996354335583902 0
0.2846749992989749 0.005996354335583902 0
0.3093413786334018 0.008115078353038267 0
0.2846749992989749 0.00933221768221418 0
0.2600086199645481 0.008115078353038267 0
0.2846749992989749 0.008115078353038267 0
0.3093413786334018 0.01097535577660166 0
0.2846749992989749 0.01261849387098914 0
0.2600086199645481 0.01097535577660166 0
0.2846749992989749 0.01097535577660166 0
0.3093413786334018 0.01483673029841224 0
0.2846749992989749 0.01705496672583534 0
0.2600086199645481 0.01483673029841224 0
0.2846749992989749 0.01483673029841225 0
0.3093413786334018 0.02004958590285653 0
0.2846749992989749 0.02304420507987772 0
0.2600086199645481 0.02004958590285653 0
0.2846749992989749 0.02004958590285653 0
0.3093413786334018 0.02708694096885632 0
0.2846749992989749 0.03112967685783492 0
0.2600086199645481 0.02708694096885632 0
0.2846749992989749 0.02708694096885632 0
0.3093413786334018 0.03658737030795603 0
0.2846749992989749 0.04204506375807714 0
0.2600086199645481 0.03658737030795603 0
0.2846749992989749 0.03658737030795603 0
0.3093413786334018 0.04941294991574065 0
0.2600086199645481 0.04941294991574065 0
0.2846749992989749 0.04941294991574065 0
0.1156578733575332 1e-05 0
0.09888816234108233 2.000000000000001e-05 0
0.08211845132463147 1e-05 0
0.09888816234108233 1e-05 0
0.1156578733575332 3.35e-05 0
0.09888816234108233 4.700000000000001e-05 0
0.08211845132463147 3.350000000000001e-05 0
0.09888816234108233 3.350000000000001e-05 0
0.1156578733575332 6.5225e-05 0
0.09888816234108233 8.345000000000002e-05 0
0.08211845132463147 6.522500000000003e-05 0
0.09888816234108233 6.522500000000001e-05 0
0.1156578733575332 0.00010805375 0
0.09888816234108233 0.0001326575 0
0.08211845132463147 0.00010805375 0
0.09888816234108233 0.00010805375 0
0.1156578733575332 0.0001658725625 0
0.09888816234108233 0.0001990876250000001 0
0.08211845132463147 0.0001658725625 0
0.09888816234108233 0.0001658725625 0
0.1156578733575332 0.0002439279593750001 0
0.09888816234108233 0.0002887682937500001 0
0.08211845132463147 0.0002439279593750001 0
0.09888816234108233 0.0002439279593750001 0
0.1156578733575332 0.0003493027451562501 0
0.09888816234108233 0.0004098371965625002 0
0.08211845132463147 0.0003493027451562502 0
0.09888816234108233 0.0003493027451562501 0
0.1156578733575332 0.0004915587059609377 0
0.09888816234108233 0.0005732802153593753 0
0.08211845132463147 0.0004915587059609377 0
0.09888816234108233 0.0004915587059609377 0
0.1156578733575332 0.0006836042530472658 0
0.09888816234108233 0.0007939282907351566 0
0.08211845132463147 0.0006836042530472661 0
0.09888816234108233 0.000683604253047266 0
0.1156578733575332 0.0009428657416138091 0
0.09888816234108233 0.001091803192492462 0
0.08211845132463147 0.0009428657416138092 0
0.09888816234108233 0.0009428657416138092 0
0.1156578733575332 0.001292868751178642 0
0.09888816234108233 0.001493934309864823 0
0.08211845132463147 0.001292868751178643 0
0.09888816234108233 0.001292868751178642 0
0.1156578733575332 0.001765372814091167 0
0.09888816234108233 0.002036811318317512 0
0.08211845132463147 0.001765372814091168 0
0.09888816234108233 0.001765372814091168 0
0.1156578733575332 0.002403253299023076 0
0.09888816234108233 0.002769695279728641 0
0.08211845132463147 0.002403253299023076 0
0.09888816234108233 0.002403253299023076 0
0.1156578733575332 0.003264391953681153 0
0.09888816234108233 0.003759088627633665 0
0.08211845132463147 0.003264391953681153 0
0.09888816234108233 0.003264391953681153 0
0.1156578733575332 0.004426929137469557 0
0.09888816234108233 0.00509476964730545 0
0.08211845132463147 0.004426929137469558 0
0.09888816234108233 0.004426929137469557 0
0.1156578733575332 0.005996354335583902 0
0.09888816234108233 0.006897939023862357 0
0.08211845132463147 0.005996354335583903 0
0.09888816234108233 0.005996354335583903 0
0.1156578733575332 0.008115078353038268 0
0.09888816234108233 0.009332217682214181 0
0.08211845132463147 0.00811507835303827 0
0.09888816234108233 0.008115078353038268 0
0.1156578733575332 0.01097535577660166 0
0.09888816234108233 0.01261849387098915 0
0.08211845132463147 0.01097535577660166 0
0.09888816234108233 0.01097535577660166 0
0.1156578733575332 0.01483673029841225 0
0.09888816234108233 0.01705496672583535 0
0.08211845132463147 0.01483673029841225 0
0.09888816234108233 0.01483673029841225 0
0.1156578733575332 0.02004958590285653 0
0.09888816234108233 0.02304420507987772 0
0.08211845132463147 0.02004958590285653 0
0.09888816234108233 0.02004958590285653 0
0.1156578733575332 0.02708694096885632 0
0.09888816234108233 0.03112967685783492 0
0.08211845132463147 0.02708694096885632 0
0.09888816234108233 0.02708694096885632 0
0.1156578733575332 0.03658737030795604 0
0.09888816234108233 0.04204506375807715 0
0.08211845132463147 0.03658737030795604 0
0.09888816234108233 0.03658737030795604 0
0.1156578733575332 0.04941294991574065 0
0.08211845132463147 0.04941294991574065 0
0.09888816234108233 0.04941294991574065 0
0.1613431026267237 1e-05 0
0.1385004879921284 2.000000000000001e-05 0
0.1385004879921271 1e-05 0
0.1613431026267237 3.350000000000001e-05 0
0.1385004879921284 4.700000000000001e-05 0
0.1385004879921284 3.350000000000001e-05 0
0.1613431026267237 6.522500000000003e-05 0
0.1385004879921284 8.345000000000002e-05 0
0.1385004879921284 6.522500000000001e-05 0
0.1613431026267237 0.00010805375 0
0.1385004879921284 0.0001326575 0
0.1385004879921284 0.00010805375 0
0.1613431026267237 0.0001658725625 0
0.1385004879921284 0.0001990876250000001 0
0.1385004879921284 0.0001658725625 0
0.1613431026267237 0.0002439279593750001 0
0.1385004879921284 0.0002887682937500001 0
0.1385004879921284 0.0002439279593750001 0
0.1613431026267237 0.0003493027451562502 0
0.1385004879921284 0.0004098371965625002 0
0.1385004879921284 0.0003493027451562502 0
0.1613431026267237 0.0004915587059609377 0
0.1385004879921284 0.0005732802153593753 0
0.1385004879921284 0.0004915587059609377 0
0.1613431026267237 0.0006836042530472661 0
0.1385004879921284 0.0007939282907351566 0
0.1385004879921284 0.000683604253047266 0
0.1613431026267237 0.0009428657416138092 0
0.1385004879921284 0.001091803192492462 0
0.1385004879921284 0.0009428657416138092 0
0.1613431026267237 0.001292868751178643 0
0.1385004879921284 0.001493934309864823 0
0.1385004879921284 0.001292868751178642 0
0.1613431026267237 0.001765372814091168 0
0.1385004879921284 0.002036811318317512 0
0.1385004879921284 0.001765372814091168 0
0.1613431026267237 0.002403253299023076 0
0.1385004879921284 0.002769695279728641 0
0.1385004879921284 0.002403253299023076 0
0.1613431026267237 0.003264391953681153 0
0.1385004879921284 0.003759088627633665 0
0.1385004879921284 0.003264391953681153 0
0.1613431026267237 0.004426929137469558 0
0.1385004879921284 0.00509476964730545 0
0.1385004879921284 0.004426929137469558 0
0.1613431026267237 0.005996354335583903 0
0.1385004879921284 0.006897939023862357 0
0.1385004879921284 0.005996354335583903 0
0.1613431026267237 0.00811507835303827 0
0.1385004879921284 0.009332217682214181 0
0.1385004879921284 0.008115078353038268 0
0.1613431026267237 0.01097535577660166 0
0.1385004879921284 0.01261849387098915 0
0.1385004879921284 0.01097535577660167 0
0.1613431026267237 0.01483673029841225 0
0.1385004879921284 0.01705496672583535 0
0.1385004879921284 0.01483673029841225 0
0.1613431026267237 0.02004958590285653 0
0.1385004879921284 0.02304420507987772 0
0.1385004879921284 0.02004958590285653 0
0.1613431026267237 0.02708694096885632 0
0.1385004879921284 0.03112967685783492 0
0.1385004879921284 0.02708694096885632 0
0.1613431026267237 0.03658737030795604 0
0.1385004879921284 0.04204506375807715 0
0.1385004879921284 0.03658737030795604 0
0.1613431026267237 0.04941294991574065 0
0.1385004879921284 0.04941294991574065 0
0.2106758612956438 1e-05 0
0.1860094819611837 2.000000000000001e-05 0
0.1860094819611837 1e-05 0
0.2106758612956438 3.35e-05 0
0.1860094819611837 4.700000000000001e-05 0
0.1860094819611837 3.350000000000001e-05 0
0.2106758612956438 6.5225e-05 0
0.1860094819611837 8.345000000000002e-05 0
0.1860094819611837 6.522500000000001e-05 0
0.2106758612956438 0.00010805375 0
0.1860094819611837 0.0001326575 0
0.1860094819611837 0.00010805375 0
0.2106758612956438 0.0001658725625 0
0.1860094819611837 0.0001990876250000001 0
0.1860094819611837 0.0001658725625 0
0.2106758612956438 0.0002439279593750001 0
0.1860094819611837 0.0002887682937500001 0
0.1860094819611837 0.0002439279593750001 0
0.2106758612956438 0.0003493027451562501 0
0.1860094819611837 0.0004098371965625002 0
0.1860094819611837 0.0003493027451562501 0
0.2106758612956438 0.0004915587059609377 0
0.1860094819611837 0.0005732802153593753 0
0.1860094819611837 0.0004915587059609377 0
0.2106758612956438 0.0006836042530472658 0
0.1860094819611837 0.0007939282907351566 0
0.1860094819611837 0.000683604253047266 0
0.2106758612956438 0.0009428657416138091 0
0.1860094819611837 0.001091803192492462 0
0.1860094819611837 0.0009428657416138092 0
0.2106758612956438 0.001292868751178642 0
0.1860094819611837 0.001493934309864823 0
0.1860094819611837 0.001292868751178642 0
0.2106758612956438 0.001765372814091167 0
0.1860094819611837 0.002036811318317512 0
0.1860094819611837 0.001765372814091168 0
0.2106758612956438 0.002403253299023076 0
0.1860094819611837 0.002769695279728641 0
0.1860094819611837 0.002403253299023076 0
0.2106758612956438 0.003264391953681153 0
0.1860094819611837 0.003759088627633665 0
0.1860094819611837 0.003264391953681153 0
0.2106758612956438 0.004426929137469557 0
0.1860094819611837 0.00509476964730545 0
0.1860094819611837 0.004426929137469557 0
0.2106758612956438 0.005996354335583902 0
0.1860094819611837 0.006897939023862357 0
0.1860094819611837 0.005996354335583903 0
0.2106758612956438 0.008115078353038268 0
0.1860094819611837 0.009332217682214181 0
0.1860094819611837 0.008115078353038268 0
0.2106758612956438 0.01097535577660166 0
0.1860094819611837 0.01261849387098915 0
0.1860094819611837 0.01097535577660166 0
0.2106758612956438 0.01483673029841225 0
0.1860094819611837 0.01705496672583535 0
0.1860094819611837 0.01483673029841225 0
0.2106758612956438 0.02004958590285653 0
0.1860094819611837 0.02304420507987772 0
0.1860094819611837 0.02004958590285653 0
0.2106758612956438 0.02708694096885632 0
0.1860094819611837 0.03112967685783492 0
0.1860094819611837 0.02708694096885632 0
0.2106758612956438 0.03658737030795604 0
0.1860094819611837 0.04204506375807715 0
0.1860094819611837 0.03658737030795604 0
0.2106758612956438 0.04941294991574065 0
0.1860094819611837 0.04941294991574065 0
0.009596508715435017 9.999999999999999e-06 0
0.008014097317187212 2e-05 0
0.006431685918939408 1e-05 0
0.008014097317187198 1e-05 0
0.009596508715435017 3.35e-05 0
0.008014097317187212 4.7e-05 0
0.006431685918939408 3.350000000000001e-05 0
0.008014097317187212 3.350000000000001e-05 0
0.009596508715435017 6.5225e-05 0
0.008014097317187212 8.345000000000001e-05 0
0.006431685918939408 6.522500000000003e-05 0
0.008014097317187212 6.522500000000003e-05 0
0.009596508715435017 0.00010805375 0
0.008014097317187212 0.0001326575 0
0.006431685918939408 0.00010805375 0
0.008014097317187212 0.00010805375 0
0.009596508715435017 0.0001658725625 0
0.008014097317187212 0.0001990876250000001 0
0.006431685918939408 0.0001658725625 0
0.008014097317187212 0.0001658725625 0
0.009596508715435017 0.000243927959375 0
0.008014097317187212 0.0002887682937500001 0
0.006431685918939408 0.0002439279593750001 0
0.008014097317187212 0.0002439279593750001 0
0.009596508715435017 0.0003493027451562501 0
0.008014097317187212 0.0004098371965625001 0
0.006431685918939408 0.0003493027451562502 0
0.008014097317187212 0.0003493027451562502 0
0.009596508715435017 0.0004915587059609376 0
0.008014097317187212 0.0005732802153593752 0
0.006431685918939408 0.0004915587059609377 0
0.008014097317187212 0.0004915587059609376 0
0.009596508715435017 0.0006836042530472657 0
0.008014097317187212 0.0007939282907351566 0
0.006431685918939408 0.0006836042530472661 0
0.008014097317187212 0.000683604253047266 0
0.009596508715435017 0.0009428657416138089 0
0.008014097317187212 0.001091803192492462 0
0.006431685918939408 0.0009428657416138093 0
0.008014097317187212 0.0009428657416138091 0
0.009596508715435017 0.001292868751178642 0
0.008014097317187212 0.001493934309864823 0
0.006431685918939408 0.001292868751178643 0
0.008014097317187212 0.001292868751178642 0
0.009596508715435017 0.001765372814091167 0
0.008014097317187212 0.002036811318317512 0
0.006431685918939408 0.001765372814091168 0
0.008014097317187212 0.001765372814091167 0
0.009596508715435017 0.002403253299023076 0
0.008014097317187212 0.002769695279728641 0
0.006431685918939408 0.002403253299023076 0
0.008014097317187212 0.002403253299023076 0
0.009596508715435017 0.003264391953681152 0
0.008014097317187212 0.003759088627633665 0
0.006431685918939408 0.003264391953681154 0
0.008014097317187212 0.003264391953681153 0
0.009596508715435017 0.004426929137469556 0
0.008014097317187212 0.005094769647305449 0
0.006431685918939408 0.004426929137469558 0
0.008014097317187212 0.004426929137469557 0
0.009596508715435017 0.005996354335583902 0
0.008014097317187212 0.006897939023862356 0
0.006431685918939408 0.005996354335583903 0
0.008014097317187212 0.005996354335583902 0
0.009596508715435017 0.008115078353038267 0
0.008014097317187212 0.009332217682214181 0
0.006431685918939408 0.00811507835303827 0
0.008014097317187212 0.008115078353038268 0
0.009596508715435017 0.01097535577660166 0
0.008014097317187212 0.01261849387098915 0
0.006431685918939408 0.01097535577660167 0
0.008014097317187212 0.01097535577660166 0
0.009596508715435017 0.01483673029841224 0
0.008014097317187212 0.01705496672583535 0
0.006431685918939408 0.01483673029841225 0
0.008014097317187212 0.01483673029841225 0
0.009596508715435017 0.02004958590285653 0
0.008014097317187212 0.02304420507987772 0
0.006431685918939408 0.02004958590285654 0
0.008014097317187212 0.02004958590285653 0
0.009596508715435017 0.02708694096885632 0
0.008014097317187212 0.03112967685783492 0
0.006431685918939408 0.02708694096885633 0
0.008014097317187212 0.02708694096885632 0
0.009596508715435017 0.03658737030795603 0
0.008014097317187212 0.04204506375807715 0
0.006431685918939408 0.03658737030795604 0
0.008014097317187212 0.03658737030795604 0
0.009596508715435017 0.04941294991574065 0
0.006431685918939408 0.04941294991574066 0
0.008014097317187212 0.04941294991574065 0
0.07015998208022993 2.000000000000001e-05 0
0.05820151283582839 1e-05 0
0.0701599820802303 1e-05 0
0.07015998208022993 4.700000000000001e-05 0
0.05820151283582839 3.35e-05 0
0.07015998208022993 3.350000000000001e-05 0
0.07015998208022993 8.345000000000002e-05 0
0.05820151283582839 6.5225e-05 0
0.07015998208022993 6.522500000000001e-05 0
0.07015998208022993 0.0001326575 0
0.05820151283582839 0.00010805375 0
0.07015998208022993 0.00010805375 0
0.07015998208022993 0.0001990876250000001 0
0.05820151283582839 0.0001658725625 0
0.07015998208022993 0.0001658725625 0
0.07015998208022993 0.0002887682937500001 0
0.05820151283582839 0.0002439279593750001 0
0.07015998208022993 0.0002439279593750001 0
0.07015998208022993 0.0004098371965625002 0
0.05820151283582839 0.0003493027451562501 0
0.07015998208022993 0.0003493027451562502 0
0.07015998208022993 0.0005732802153593753 0
0.05820151283582839 0.0004915587059609377 0
0.07015998208022993 0.0004915587059609377 0
0.07015998208022993 0.0007939282907351566 0
0.05820151283582839 0.0006836042530472658 0
0.07015998208022993 0.000683604253047266 0
0.07015998208022993 0.001091803192492462 0
0.05820151283582839 0.0009428657416138091 0
0.07015998208022993 0.0009428657416138092 0
0.07015998208022993 0.001493934309864823 0
0.05820151283582839 0.001292868751178642 0
0.07015998208022993 0.001292868751178642 0
0.07015998208022993 0.002036811318317512 0
0.05820151283582839 0.001765372814091167 0
0.07015998208022993 0.001765372814091168 0
0.07015998208022993 0.002769695279728641 0
0.05820151283582839 0.002403253299023076 0
0.07015998208022993 0.002403253299023076 0
0.07015998208022993 0.003759088627633665 0
0.05820151283582839 0.003264391953681153 0
0.07015998208022993 0.003264391953681153 0
0.07015998208022993 0.00509476964730545 0
0.05820151283582839 0.004426929137469557 0
0.07015998208022993 0.004426929137469558 0
0.07015998208022993 0.006897939023862357 0
0.05820151283582839 0.005996354335583902 0
0.07015998208022993 0.005996354335583903 0
0.07015998208022993 0.009332217682214181 0
0.05820151283582839 0.008115078353038268 0
0.07015998208022993 0.008115078353038268 0
0.07015998208022993 0.01261849387098915 0
0.05820151283582839 0.01097535577660166 0
0.07015998208022993 0.01097535577660167 0
0.07015998208022993 0.01705496672583535 0
0.05820151283582839 0.01483673029841225 0
0.07015998208022993 0.01483673029841225 0
0.07015998208022993 0.02304420507987772 0
0.05820151283582839 0.02004958590285653 0
0.07015998208022993 0.02004958590285653 0
0.07015998208022993 0.03112967685783492 0
0.05820151283582839 0.02708694096885632 0
0.07015998208022993 0.02708694096885632 0
0.07015998208022993 0.04204506375807715 0
0.05820151283582839 0.03658737030795604 0
0.07015998208022993 0.03658737030795604 0
0.05820151283582839 0.04941294991574065 0
0.07015998208022993 0.04941294991574065 0
0.04966495520105038 2e-05 0
0.04112839756627237 1e-05 0
0.04966495520105037 1e-05 0
0.04966495520105038 4.7e-05 0
0.04112839756627237 3.35e-05 0
0.04966495520105038 3.35e-05 0
0.04966495520105038 8.345000000000001e-05 0
0.04112839756627237 6.5225e-05 0
0.04966495520105038 6.5225e-05 0
0.04966495520105038 0.0001326575 0
0.04112839756627237 0.00010805375 0
0.04966495520105038 0.00010805375 0
0.04966495520105038 0.000199087625 0
0.04112839756627237 0.0001658725625 0
0.04966495520105038 0.0001658725625 0
0.04966495520105038 0.0002887682937500001 0
0.04112839756627237 0.0002439279593750001 0
0.04966495520105038 0.0002439279593750001 0
0.04966495520105038 0.0004098371965625001 0
0.04112839756627237 0.0003493027451562501 0
0.04966495520105038 0.0003493027451562501 0
0.04966495520105038 0.0005732802153593752 0
0.04112839756627237 0.0004915587059609377 0
0.04966495520105038 0.0004915587059609377 0
0.04966495520105038 0.0007939282907351566 0
0.04112839756627237 0.0006836042530472658 0
0.04966495520105038 0.0006836042530472658 0
0.04966495520105038 0.001091803192492462 0
0.04112839756627237 0.0009428657416138091 0
0.04966495520105038 0.000942865741613809 0
0.04966495520105038 0.001493934309864823 0
0.04112839756627237 0.001292868751178642 0
0.04966495520105038 0.001292868751178642 0
0.04966495520105038 0.002036811318317512 0
0.04112839756627237 0.001765372814091167 0
0.04966495520105038 0.001765372814091167 0
0.04966495520105038 0.002769695279728641 0
0.04112839756627237 0.002403253299023076 0
0.04966495520105038 0.002403253299023076 0
0.04966495520105038 0.003759088627633665 0
0.04112839756627237 0.003264391953681153 0
0.04966495520105038 0.003264391953681153 0
0.04966495520105038 0.005094769647305449 0
0.04112839756627237 0.004426929137469557 0
0.04966495520105038 0.004426929137469557 0
0.04966495520105038 0.006897939023862356 0
0.04112839756627237 0.005996354335583902 0
0.04966495520105038 0.005996354335583902 0
0.04966495520105038 0.009332217682214181 0
0.04112839756627237 0.008115078353038268 0
0.04966495520105038 0.008115078353038267 0
0.04966495520105038 0.01261849387098915 0
0.04112839756627237 0.01097535577660166 0
0.04966495520105038 0.01097535577660166 0
0.04966495520105038 0.01705496672583535 0
0.04112839756627237 0.01483673029841225 0
0.04966495520105038 0.01483673029841225 0
0.04966495520105038 0.02304420507987772 0
0.04112839756627237 0.02004958590285653 0
0.04966495520105038 0.02004958590285653 0
0.04966495520105038 0.03112967685783492 0
0.04112839756627237 0.02708694096885632 0
0.04966495520105038 0.02708694096885632 0
0.04966495520105038 0.04204506375807715 0
0.04112839756627237 0.03658737030795604 0
0.04966495520105038 0.03658737030795604 0
0.04112839756627237 0.04941294991574065 0
0.04966495520105038 0.04941294991574065 0
0.2353422406300959 2e-05 0
0.235342240630099 9.999999999999999e-06 0
0.2353422406300959 4.7e-05 0
0.2353422406300959 3.35e-05 0
0.2353422406300959 8.345e-05 0
0.2353422406300959 6.5225e-05 0
0.2353422406300959 0.0001326575 0
0.2353422406300959 0.00010805375 0
0.2353422406300959 0.000199087625 0
0.2353422406300959 0.0001658725625 0
0.2353422406300959 0.00028876829375 0
0.2353422406300959 0.000243927959375 0
0.2353422406300959 0.0004098371965625001 0
0.2353422406300959 0.0003493027451562501 0
0.2353422406300959 0.0005732802153593751 0
0.2353422406300959 0.0004915587059609377 0
0.2353422406300959 0.0007939282907351565 0
0.2353422406300959 0.0006836042530472657 0
0.2353422406300959 0.001091803192492461 0
0.2353422406300959 0.000942865741613809 0
0.2353422406300959 0.001493934309864823 0
0.2353422406300959 0.001292868751178642 0
0.2353422406300959 0.002036811318317512 0
0.2353422406300959 0.001765372814091167 0
0.2353422406300959 0.00276969527972864 0
0.2353422406300959 0.002403253299023076 0
0.2353422406300959 0.003759088627633665 0
0.2353422406300959 0.003264391953681153 0
0.2353422406300959 0.005094769647305448 0
0.2353422406300959 0.004426929137469556 0
0.2353422406300959 0.006897939023862355 0
0.2353422406300959 0.005996354335583902 0
0.2353422406300959 0.009332217682214181 0
0.2353422406300959 0.00811507835303827 0
0.2353422406300959 0.01261849387098914 0
0.2353422406300959 0.01097535577660166 0
0.2353422406300959 0.01705496672583535 0
0.2353422406300959 0.01483673029841225 0
0.2353422406300959 0.02304420507987772 0
0.2353422406300959 0.02004958590285653 0
0.2353422406300959 0.03112967685783492 0
0.2353422406300959 0.02708694096885632 0
0.2353422406300959 0.04204506375807715 0
0.2353422406300959 0.03658737030795603 0
0.2353422406300959 0.04941294991574065 0
0.03503456978190114 2.000000000000001e-05 0
0.0289407419975299 1e-05 0
0.03503456978190114 1e-05 0
0.03503456978190114 4.700000000000001e-05 0
0.0289407419975299 3.350000000000001e-05 0
0.03503456978190114 3.350000000000001e-05 0
0.03503456978190114 8.345000000000002e-05 0
0.0289407419975299 6.522500000000003e-05 0
0.03503456978190114 6.522500000000001e-05 0
0.03503456978190114 0.0001326575 0
0.0289407419975299 0.00010805375 0
0.03503456978190114 0.00010805375 0
0.03503456978190114 0.0001990876250000001 0
0.0289407419975299 0.0001658725625 0
0.03503456978190114 0.0001658725625 0
0.03503456978190114 0.0002887682937500001 0
0.0289407419975299 0.0002439279593750001 0
0.03503456978190114 0.0002439279593750001 0
0.03503456978190114 0.0004098371965625002 0
0.0289407419975299 0.0003493027451562502 0
0.03503456978190114 0.0003493027451562501 0
0.03503456978190114 0.0005732802153593753 0
0.0289407419975299 0.0004915587059609377 0
0.03503456978190114 0.0004915587059609377 0
0.03503456978190114 0.0007939282907351566 0
0.0289407419975299 0.0006836042530472661 0
0.03503456978190114 0.000683604253047266 0
0.03503456978190114 0.001091803192492462 0
0.0289407419975299 0.0009428657416138092 0
0.03503456978190114 0.0009428657416138092 0
0.03503456978190114 0.001493934309864823 0
0.0289407419975299 0.001292868751178643 0
0.03503456978190114 0.001292868751178642 0
0.03503456978190114 0.002036811318317512 0
0.0289407419975299 0.001765372814091168 0
0.03503456978190114 0.001765372814091168 0
0.03503456978190114 0.002769695279728641 0
0.0289407419975299 0.002403253299023076 0
0.03503456978190114 0.002403253299023076 0
0.03503456978190114 0.003759088627633665 0
0.0289407419975299 0.003264391953681153 0
0.03503456978190114 0.003264391953681153 0
0.03503456978190114 0.00509476964730545 0
0.0289407419975299 0.004426929137469558 0
0.03503456978190114 0.004426929137469557 0
0.03503456978190114 0.006897939023862357 0
0.0289407419975299 0.005996354335583903 0
0.03503456978190114 0.005996354335583903 0
0.03503456978190114 0.009332217682214181 0
0.0289407419975299 0.00811507835303827 0
0.03503456978190114 0.008115078353038268 0
0.03503456978190114 0.01261849387098915 0
0.0289407419975299 0.01097535577660166 0
0.03503456978190114 0.01097535577660166 0
0.03503456978190114 0.01705496672583535 0
0.0289407419975299 0.01483673029841225 0
0.03503456978190114 0.01483673029841225 0
0.03503456978190114 0.02304420507987772 0
0.0289407419975299 0.02004958590285653 0
0.03503456978190114 0.02004958590285653 0
0.03503456978190114 0.03112967685783492 0
0.0289407419975299 0.02708694096885632 0
0.03503456978190114 0.02708694096885632 0
0.03503456978190114 0.04204506375807715 0
0.0289407419975299 0.03658737030795604 0
0.03503456978190114 0.03658737030795604 0
0.0289407419975299 0.04941294991574065 0
0.03503456978190114 0.04941294991574065 0
0.02459066040120485 2e-05 0
0.02459066040120485 1e-05 0
0.02459066040120485 4.7e-05 0
0.02459066040120485 3.35e-05 0
0.02459066040120485 8.345000000000001e-05 0
0.02459066040120485 6.522500000000003e-05 0
0.02459066040120485 0.0001326575 0
0.02459066040120485 0.00010805375 0
0.02459066040120485 0.0001990876250000001 0
0.02459066040120485 0.0001658725625 0
0.02459066040120485 0.0002887682937500001 0
0.02459066040120485 0.000243927959375 0
0.02459066040120485 0.0004098371965625001 0
0.02459066040120485 0.0003493027451562501 0
0.02459066040120485 0.0005732802153593752 0
0.02459066040120485 0.0004915587059609376 0
0.02459066040120485 0.0007939282907351566 0
0.02459066040120485 0.000683604253047266 0
0.02459066040120485 0.001091803192492462 0
0.02459066040120485 0.000942865741613809 0
0.02459066040120485 0.001493934309864823 0
0.02459066040120485 0.001292868751178642 0
0.02459066040120485 0.002036811318317512 0
0.02459066040120485 0.001765372814091168 0
0.02459066040120485 0.002769695279728641 0
0.02459066040120485 0.002403253299023076 0
0.02459066040120485 0.003759088627633665 0
0.02459066040120485 0.003264391953681153 0
0.02459066040120485 0.005094769647305449 0
0.02459066040120485 0.004426929137469557 0
0.02459066040120485 0.006897939023862355 0
0.02459066040120485 0.005996354335583902 0
0.02459066040120485 0.009332217682214181 0
0.02459066040120485 0.008115078353038268 0
0.02459066040120485 0.01261849387098915 0
0.02459066040120485 0.01097535577660166 0
0.02459066040120485 0.01705496672583535 0
0.02459066040120485 0.01483673029841225 0
0.02459066040120485 0.02304420507987772 0
0.02459066040120485 0.02004958590285653 0
0.02459066040120485 0.03112967685783492 0
0.02459066040120485 0.02708694096885632 0
0.02459066040120485 0.04204506375807715 0
0.02459066040120485 0.03658737030795603 0
0.02459066040120485 0.04941294991574065 0
0.005302080876718198 2e-05 0
0.004172475834496988 9.999999999999999e-06 0
0.005302080876718198 1e-05 0
0.005302080876718198 4.7e-05 0
0.004172475834496988 3.35e-05 0
0.005302080876718198 3.35e-05 0
0.005302080876718198 8.345000000000001e-05 0
0.004172475834496988 6.5225e-05 0
0.005302080876718198 6.522500000000003e-05 0
0.005302080876718198 0.0001326575 0
0.004172475834496988 0.00010805375 0
0.005302080876718198 0.00010805375 0
0.005302080876718198 0.0001990876250000001 0
0.004172475834496988 0.0001658725625 0
0.005302080876718198 0.0001658725625 0
0.005302080876718198 0.0002887682937500001 0
0.004172475834496988 0.000243927959375 0
0.005302080876718198 0.000243927959375 0
0.005302080876718198 0.0004098371965625001 0
0.004172475834496988 0.0003493027451562501 0
0.005302080876718198 0.0003493027451562501 0
0.005302080876718198 0.0005732802153593752 0
0.004172475834496988 0.0004915587059609376 0
0.005302080876718198 0.0004915587059609376 0
0.005302080876718198 0.0007939282907351566 0
0.004172475834496988 0.0006836042530472657 0
0.005302080876718198 0.000683604253047266 0
0.005302080876718198 0.001091803192492462 0
0.004172475834496988 0.0009428657416138089 0
0.005302080876718198 0.0009428657416138091 0
0.005302080876718198 0.001493934309864823 0
0.004172475834496988 0.001292868751178642 0
0.005302080876718198 0.001292868751178642 0
0.005302080876718198 0.002036811318317512 0
0.004172475834496988 0.001765372814091167 0
0.005302080876718198 0.001765372814091168 0
0.005302080876718198 0.002769695279728641 0
0.004172475834496988 0.002403253299023076 0
0.005302080876718198 0.002403253299023076 0
0.005302080876718198 0.003759088627633665 0
0.004172475834496988 0.003264391953681152 0
0.005302080876718198 0.003264391953681153 0
0.005302080876718198 0.005094769647305449 0
0.004172475834496988 0.004426929137469556 0
0.005302080876718198 0.004426929137469557 0
0.005302080876718198 0.006897939023862356 0
0.004172475834496988 0.005996354335583902 0
0.005302080876718198 0.005996354335583902 0
0.005302080876718198 0.009332217682214181 0
0.004172475834496988 0.008115078353038267 0
0.005302080876718198 0.008115078353038268 0
0.005302080876718198 0.01261849387098915 0
0.004172475834496988 0.01097535577660166 0
0.005302080876718198 0.01097535577660166 0
0.005302080876718198 0.01705496672583535 0
0.004172475834496988 0.01483673029841224 0
0.005302080876718198 0.01483673029841225 0
0.005302080876718198 0.02304420507987772 0
0.004172475834496988 0.02004958590285653 0
0.005302080876718198 0.02004958590285653 0
0.005302080876718198 0.03112967685783492 0
0.004172475834496988 0.02708694096885632 0
0.005302080876718198 0.02708694096885632 0
0.005302080876718198 0.04204506375807715 0
0.004172475834496988 0.03658737030795603 0
0.005302080876718198 0.03658737030795604 0
0.004172475834496988 0.04941294991574065 0
0.005302080876718198 0.04941294991574065 0
0.003366106458899827 2e-05 0
0.002559737083302666 1e-05 0
0.003366106458899827 1e-05 0
0.003366106458899827 4.7e-05 0
0.002559737083302666 3.350000000000001e-05 0
0.003366106458899827 3.350000000000001e-05 0
0.003366106458899827 8.345000000000001e-05 0
0.002559737083302666 6.522500000000003e-05 0
0.003366106458899827 6.522500000000003e-05 0
0.003366106458899827 0.0001326575 0
0.002559737083302666 0.00010805375 0
0.003366106458899827 0.00010805375 0
0.003366106458899827 0.0001990876250000001 0
0.002559737083302666 0.0001658725625 0
0.003366106458899827 0.0001658725625 0
0.003366106458899827 0.0002887682937500001 0
0.002559737083302666 0.0002439279593750001 0
0.003366106458899827 0.0002439279593750001 0
0.003366106458899827 0.0004098371965625001 0
0.002559737083302666 0.0003493027451562502 0
0.003366106458899827 0.0003493027451562502 0
0.003366106458899827 0.0005732802153593752 0
0.002559737083302666 0.0004915587059609377 0
0.003366106458899827 0.0004915587059609376 0
0.003366106458899827 0.0007939282907351566 0
0.002559737083302666 0.0006836042530472661 0
0.003366106458899827 0.000683604253047266 0
0.003366106458899827 0.001091803192492462 0
0.002559737083302666 0.0009428657416138092 0
0.003366106458899827 0.000942865741613809 0
0.003366106458899827 0.001493934309864823 0
0.002559737083302666 0.001292868751178643 0
0.003366106458899827 0.001292868751178642 0
0.003366106458899827 0.002036811318317512 0
0.002559737083302666 0.001765372814091168 0
0.003366106458899827 0.001765372814091167 0
0.003366106458899827 0.002769695279728641 0
0.002559737083302666 0.002403253299023076 0
0.003366106458899827 0.002403253299023076 0
0.003366106458899827 0.003759088627633665 0
0.002559737083302666 0.003264391953681153 0
0.003366106458899827 0.003264391953681153 0
0.003366106458899827 0.005094769647305449 0
0.002559737083302666 0.004426929137469558 0
0.003366106458899827 0.004426929137469557 0
0.003366106458899827 0.006897939023862355 0
0.002559737083302666 0.005996354335583903 0
0.003366106458899827 0.005996354335583903 0
0.003366106458899827 0.009332217682214181 0
0.002559737083302666 0.00811507835303827 0
0.003366106458899827 0.008115078353038268 0
0.003366106458899827 0.01261849387098915 0
0.002559737083302666 0.01097535577660166 0
0.003366106458899827 0.01097535577660166 0
0.003366106458899827 0.01705496672583535 0
0.002559737083302666 0.01483673029841225 0
0.003366106458899827 0.01483673029841225 0
0.003366106458899827 0.02304420507987772 0
0.002559737083302666 0.02004958590285653 0
0.003366106458899827 0.02004958590285653 0
0.003366106458899827 0.03112967685783492 0
0.002559737083302666 0.02708694096885632 0
0.003366106458899827 0.02708694096885632 0
0.003366106458899827 0.04204506375807715 0
0.002559737083302666 0.03658737030795604 0
0.003366106458899827 0.03658737030795603 0
0.002559737083302666 0.04941294991574065 0
0.003366106458899827 0.04941294991574065 0
0.01181323473405209 2e-05 0
0.01181323473405209 9.999999999999999e-06 0
0.01181323473405209 4.7e-05 0
0.01181323473405209 3.35e-05 0
0.01181323473405209 8.345e-05 0
0.01181323473405209 6.5225e-05 0
0.01181323473405209 0.0001326575 0
0.01181323473405209 0.00010805375 0
0.01181323473405209 0.000199087625 0
0.01181323473405209 0.0001658725625 0
0.01181323473405209 0.00028876829375 0
0.01181323473405209 0.000243927959375 0
0.01181323473405209 0.0004098371965625001 0
0.01181323473405209 0.0003493027451562501 0
0.01181323473405209 0.0005732802153593751 0
0.01181323473405209 0.0004915587059609376 0
0.01181323473405209 0.0007939282907351564 0
0.01181323473405209 0.0006836042530472657 0
0.01181323473405209 0.001091803192492461 0
0.01181323473405209 0.0009428657416138089 0
0.01181323473405209 0.001493934309864823 0
0.01181323473405209 0.001292868751178642 0
0.01181323473405209 0.002036811318317511 0
0.01181323473405209 0.001765372814091167 0
0.01181323473405209 0.00276969527972864 0
0.01181323473405209 0.002403253299023076 0
0.01181323473405209 0.003759088627633664 0
0.01181323473405209 0.003264391953681152 0
0.01181323473405209 0.005094769647305448 0
0.01181323473405209 0.004426929137469556 0
0.01181323473405209 0.006897939023862354 0
0.01181323473405209 0.005996354335583902 0
0.01181323473405209 0.00933221768221418 0
0.01181323473405209 0.008115078353038267 0
0.01181323473405209 0.01261849387098914 0
0.01181323473405209 0.01097535577660166 0
0.01181323473405209 0.01705496672583534 0
0.01181323473405209 0.01483673029841225 0
0.01181323473405209 0.02304420507987772 0
0.01181323473405209 0.02004958590285653 0
0.01181323473405209 0.03112967685783492 0
0.01181323473405209 0.02708694096885632 0
0.01181323473405209 0.04204506375807714 0
0.01181323473405209 0.03658737030795603 0
0.01181323473405209 0.04941294991574065 0
0.001984109999047801 2.000000000000001e-05 0
0.001408482914792938 1e-05 0
0.001984109999047801 1e-05 0
0.001984109999047801 4.700000000000002e-05 0
0.001408482914792938 3.350000000000001e-05 0
0.001984109999047801 3.350000000000001e-05 0
0.001984109999047801 8.345000000000002e-05 0
0.001408482914792938 6.522500000000003e-05 0
0.001984109999047801 6.522500000000003e-05 0
0.001984109999047801 0.0001326575 0
0.001408482914792938 0.00010805375 0
0.001984109999047801 0.00010805375 0
0.001984109999047801 0.0001990876250000001 0
0.001408482914792938 0.0001658725625 0
0.001984109999047801 0.0001658725625 0
0.001984109999047801 0.0002887682937500001 0
0.001408482914792938 0.0002439279593750001 0
0.001984109999047801 0.0002439279593750001 0
0.001984109999047801 0.0004098371965625002 0
0.001408482914792938 0.0003493027451562502 0
0.001984109999047801 0.0003493027451562502 0
0.001984109999047801 0.0005732802153593753 0
0.001408482914792938 0.0004915587059609377 0
0.001984109999047801 0.0004915587059609377 0
0.001984109999047801 0.0007939282907351567 0
0.001408482914792938 0.0006836042530472661 0
0.001984109999047801 0.0006836042530472661 0
0.001984109999047801 0.001091803192492462 0
0.001408482914792938 0.0009428657416138092 0
0.001984109999047801 0.0009428657416138092 0
0.001984109999047801 0.001493934309864824 0
0.001408482914792938 0.001292868751178643 0
0.001984109999047801 0.001292868751178643 0
0.001984109999047801 0.002036811318317512 0
0.001408482914792938 0.001765372814091168 0
0.001984109999047801 0.001765372814091168 0
0.001984109999047801 0.002769695279728641 0
0.001408482914792938 0.002403253299023076 0
0.001984109999047801 0.002403253299023076 0
0.001984109999047801 0.003759088627633666 0
0.001408482914792938 0.003264391953681153 0
0.001984109999047801 0.003264391953681153 0
0.001984109999047801 0.00509476964730545 0
0.001408482914792938 0.004426929137469558 0
0.001984109999047801 0.004426929137469558 0
0.001984109999047801 0.006897939023862357 0
0.001408482914792938 0.005996354335583903 0
0.001984109999047801 0.005996354335583903 0
0.001984109999047801 0.009332217682214183 0
0.001408482914792938 0.00811507835303827 0
0.001984109999047801 0.00811507835303827 0
0.001984109999047801 0.01261849387098915 0
0.001408482914792938 0.01097535577660166 0
0.001984109999047801 0.01097535577660166 0
0.001984109999047801 0.01705496672583535 0
0.001408482914792938 0.01483673029841225 0
0.001984109999047801 0.01483673029841225 0
0.001984109999047801 0.02304420507987772 0
0.001408482914792938 0.02004958590285653 0
0.001984109999047801 0.02004958590285653 0
0.001984109999047801 0.03112967685783492 0
0.001408482914792938 0.02708694096885632 0
0.001984109999047801 0.02708694096885632 0
0.001984109999047801 0.04204506375807715 0
0.001408482914792938 0.03658737030795604 0
0.001984109999047801 0.03658737030795604 0
0.001408482914792938 0.04941294991574065 0
0.001984109999047801 0.04941294991574065 0
0.0009975710726965062 2.000000000000001e-05 0
0.0009975710726965062 1e-05 0
0.0009975710726965062 4.700000000000001e-05 0
0.0009975710726965062 3.350000000000001e-05 0
0.0009975710726965062 8.345000000000002e-05 0
0.0009975710726965062 6.522500000000001e-05 0
0.0009975710726965062 0.0001326575 0
0.0009975710726965062 0.00010805375 0
0.0009975710726965062 0.0001990876250000001 0
0.0009975710726965062 0.0001658725625 0
0.0009975710726965062 0.0002887682937500001 0
0.0009975710726965062 0.0002439279593750001 0
0.0009975710726965062 0.0004098371965625002 0
0.0009975710726965062 0.0003493027451562502 0
0.0009975710726965062 0.0005732802153593753 0
0.0009975710726965062 0.0004915587059609377 0
0.0009975710726965062 0.0007939282907351566 0
0.0009975710726965062 0.000683604253047266 0
0.0009975710726965062 0.001091803192492462 0
0.0009975710726965062 0.0009428657416138092 0
0.0009975710726965062 0.001493934309864823 0
0.0009975710726965062 0.001292868751178642 0
0.0009975710726965062 0.002036811318317512 0
0.0009975710726965062 0.001765372814091168 0
0.0009975710726965062 0.002769695279728641 0
0.0009975710726965062 0.002403253299023076 0
0.0009975710726965062 0.003759088627633665 0
0.0009975710726965062 0.003264391953681153 0
0.0009975710726965062 0.00509476964730545 0
0.0009975710726965062 0.004426929137469558 0
0.0009975710726965062 0.006897939023862357 0
0.0009975710726965062 0.005996354335583903 0
0.0009975710726965062 0.009332217682214181 0
0.0009975710726965062 0.008115078353038268 0
0.0009975710726965062 0.01261849387098915 0
0.0009975710726965062 0.01097535577660167 0
0.0009975710726965062 0.01705496672583535 0
0.0009975710726965062 0.01483673029841225 0
0.0009975710726965062 0.02304420507987772 0
0.0009975710726965062 0.02004958590285653 0
0.0009975710726965062 0.03112967685783492 0
0.0009975710726965062 0.02708694096885632 0
0.0009975710726965062 0.04204506375807715 0
0.0009975710726965062 0.03658737030795604 0
0.0009975710726965062 0.04941294991574065 0
0.3586741373022536 1e-05 0
0.3340077579678277 2e-05 0
0.3340077579678277 9.999999999999999e-06 0
0.3586741373022536 3.35e-05 0
0.3340077579678277 4.7e-05 0
0.3340077579678277 3.35e-05 0
0.3586741373022536 6.5225e-05 0
0.3340077579678277 8.345e-05 0
0.3340077579678277 6.5225e-05 0
0.3586741373022536 0.00010805375 0
0.3340077579678277 0.0001326575 0
0.3340077579678277 0.00010805375 0
0.3586741373022536 0.0001658725625 0
0.3340077579678277 0.000199087625 0
0.3340077579678277 0.0001658725625 0
0.3586741373022536 0.0002439279593750001 0
0.3340077579678277 0.00028876829375 0
0.3340077579678277 0.000243927959375 0
0.3586741373022536 0.0003493027451562501 0
0.3340077579678277 0.0004098371965625001 0
0.3340077579678277 0.0003493027451562501 0
0.3586741373022536 0.0004915587059609377 0
0.3340077579678277 0.0005732802153593751 0
0.3340077579678277 0.0004915587059609377 0
0.3586741373022536 0.0006836042530472658 0
0.3340077579678277 0.0007939282907351565 0
0.3340077579678277 0.0006836042530472657 0
0.3586741373022536 0.0009428657416138091 0
0.3340077579678277 0.001091803192492461 0
0.3340077579678277 0.000942865741613809 0
0.3586741373022536 0.001292868751178642 0
0.3340077579678277 0.001493934309864823 0
0.3340077579678277 0.001292868751178642 0
0.3586741373022536 0.001765372814091167 0
0.3340077579678277 0.002036811318317512 0
0.3340077579678277 0.001765372814091168 0
0.3586741373022536 0.002403253299023076 0
0.3340077579678277 0.00276969527972864 0
0.3340077579678277 0.002403253299023076 0
0.3586741373022536 0.003264391953681153 0
0.3340077579678277 0.003759088627633665 0
0.3340077579678277 0.003264391953681153 0
0.3586741373022536 0.004426929137469557 0
0.3340077579678277 0.005094769647305448 0
0.3340077579678277 0.004426929137469556 0
0.3586741373022536 0.005996354335583902 0
0.3340077579678277 0.006897939023862355 0
0.3340077579678277 0.005996354335583902 0
0.3586741373022536 0.008115078353038268 0
0.3340077579678277 0.009332217682214181 0
0.3340077579678277 0.008115078353038267 0
0.3586741373022536 0.01097535577660166 0
0.3340077579678277 0.01261849387098914 0
0.3340077579678277 0.01097535577660166 0
0.3586741373022536 0.01483673029841225 0
0.3340077579678277 0.01705496672583535 0
0.3340077579678277 0.01483673029841225 0
0.3586741373022536 0.02004958590285653 0
0.3340077579678277 0.02304420507987772 0
0.3340077579678277 0.02004958590285653 0
0.3586741373022536 0.02708694096885632 0
0.3340077579678277 0.03112967685783492 0
0.3340077579678277 0.02708694096885632 0
0.3586741373022536 0.03658737030795604 0
0.3340077579678277 0.04204506375807715 0
0.3340077579678277 0.03658737030795603 0
0.3586741373022536 0.04941294991574065 0
0.3340077579678277 0.04941294991574065 0
0.4080068959711053 1e-05 0
0.3833405166366795 2.000000000000001e-05 0
0.3833405166366795 1e-05 0
0.4080068959711053 3.350000000000001e-05 0
0.3833405166366795 4.700000000000001e-05 0
0.3833405166366795 3.350000000000001e-05 0
0.4080068959711053 6.522500000000003e-05 0
0.3833405166366795 8.345000000000002e-05 0
0.3833405166366795 6.522500000000001e-05 0
0.4080068959711053 0.0001080537500000001 0
0.3833405166366795 0.0001326575 0
0.3833405166366795 0.00010805375 0
0.4080068959711053 0.0001658725625000001 0
0.3833405166366795 0.0001990876250000001 0
0.3833405166366795 0.0001658725625000001 0
0.4080068959711053 0.0002439279593750001 0
0.3833405166366795 0.0002887682937500001 0
0.3833405166366795 0.0002439279593750001 0
0.4080068959711053 0.0003493027451562502 0
0.3833405166366795 0.0004098371965625002 0
0.3833405166366795 0.0003493027451562502 0
0.4080068959711053 0.0004915587059609378 0
0.3833405166366795 0.0005732802153593753 0
0.3833405166366795 0.0004915587059609378 0
0.4080068959711053 0.0006836042530472661 0
0.3833405166366795 0.0007939282907351567 0
0.3833405166366795 0.0006836042530472658 0
0.4080068959711053 0.0009428657416138093 0
0.3833405166366795 0.001091803192492462 0
0.3833405166366795 0.0009428657416138092 0
0.4080068959711053 0.001292868751178643 0
0.3833405166366795 0.001493934309864823 0
0.3833405166366795 0.001292868751178642 0
0.4080068959711053 0.001765372814091168 0
0.3833405166366795 0.002036811318317512 0
0.3833405166366795 0.001765372814091168 0
0.4080068959711053 0.002403253299023076 0
0.3833405166366795 0.002769695279728641 0
0.3833405166366795 0.002403253299023076 0
0.4080068959711053 0.003264391953681154 0
0.3833405166366795 0.003759088627633666 0
0.3833405166366795 0.003264391953681154 0
0.4080068959711053 0.004426929137469558 0
0.3833405166366795 0.00509476964730545 0
0.3833405166366795 0.004426929137469558 0
0.4080068959711053 0.005996354335583903 0
0.3833405166366795 0.006897939023862357 0
0.3833405166366795 0.005996354335583903 0
0.4080068959711053 0.00811507835303827 0
0.3833405166366795 0.009332217682214181 0
0.3833405166366795 0.008115078353038268 0
0.4080068959711053 0.01097535577660167 0
0.3833405166366795 0.01261849387098915 0
0.3833405166366795 0.01097535577660166 0
0.4080068959711053 0.01483673029841225 0
0.3833405166366795 0.01705496672583535 0
0.3833405166366795 0.01483673029841225 0
0.4080068959711053 0.02004958590285654 0
0.3833405166366795 0.02304420507987772 0
0.3833405166366795 0.02004958590285654 0
0.4080068959711053 0.02708694096885633 0
0.3833405166366795 0.03112967685783493 0
0.3833405166366795 0.02708694096885633 0
0.4080068959711053 0.03658737030795605 0
0.3833405166366795 0.04204506375807716 0
0.3833405166366795 0.03658737030795604 0
0.4080068959711053 0.04941294991574067 0
0.3833405166366795 0.04941294991574066 0
0.457339654639957 9.999999999999999e-06 0
0.4326732753055311 2.000000000000001e-05 0
0.4326732753055311 1e-05 0
0.457339654639957 3.35e-05 0
0.4326732753055311 4.7e-05 0
0.4326732753055311 3.350000000000001e-05 0
0.457339654639957 6.5225e-05 0
0.4326732753055311 8.345000000000002e-05 0
0.4326732753055311 6.522500000000001e-05 0
0.457339654639957 0.00010805375 0
0.4326732753055311 0.0001326575 0
0.4326732753055311 0.00010805375 0
0.457339654639957 0.0001658725625 0
0.4326732753055311 0.0001990876250000001 0
0.4326732753055311 0.0001658725625000001 0
0.457339654639957 0.000243927959375 0
0.4326732753055311 0.0002887682937500001 0
0.4326732753055311 0.0002439279593750001 0
0.457339654639957 0.0003493027451562501 0
0.4326732753055311 0.0004098371965625002 0
0.4326732753055311 0.0003493027451562501 0
0.457339654639957 0.0004915587059609376 0
0.4326732753055311 0.0005732802153593753 0
0.4326732753055311 0.0004915587059609377 0
0.457339654639957 0.0006836042530472657 0
0.4326732753055311 0.0007939282907351566 0
0.4326732753055311 0.0006836042530472658 0
0.457339654639957 0.0009428657416138089 0
0.4326732753055311 0.001091803192492462 0
0.4326732753055311 0.0009428657416138091 0
0.457339654639957 0.001292868751178642 0
0.4326732753055311 0.001493934309864823 0
0.4326732753055311 0.001292868751178642 0
0.457339654639957 0.001765372814091167 0
0.4326732753055311 0.002036811318317512 0
0.4326732753055311 0.001765372814091167 0
0.457339654639957 0.002403253299023076 0
0.4326732753055311 0.002769695279728641 0
0.4326732753055311 0.002403253299023076 0
0.457339654639957 0.003264391953681152 0
0.4326732753055311 0.003759088627633665 0
0.4326732753055311 0.003264391953681153 0
0.457339654639957 0.004426929137469556 0
0.4326732753055311 0.005094769647305449 0
0.4326732753055311 0.004426929137469557 0
0.457339654639957 0.005996354335583902 0
0.4326732753055311 0.006897939023862355 0
0.4326732753055311 0.005996354335583903 0
0.457339654639957 0.008115078353038267 0
0.4326732753055311 0.009332217682214181 0
0.4326732753055311 0.008115078353038268 0
0.457339654639957 0.01097535577660166 0
0.4326732753055311 0.01261849387098915 0
0.4326732753055311 0.01097535577660166 0
0.457339654639957 0.01483673029841224 0
0.4326732753055311 0.01705496672583535 0
0.4326732753055311 0.01483673029841225 0
0.457339654639957 0.02004958590285653 0
0.4326732753055311 0.02304420507987772 0
0.4326732753055311 0.02004958590285653 0
0.457339654639957 0.02708694096885632 0
0.4326732753055311 0.03112967685783493 0
0.4326732753055311 0.02708694096885633 0
0.457339654639957 0.03658737030795603 0
0.4326732753055311 0.04204506375807715 0
0.4326732753055311 0.03658737030795603 0
0.457339654639957 0.04941294991574065 0
0.4326732753055311 0.04941294991574066 0
0.5066724133088086 1e-05 0
0.4820060339743828 2e-05 0
0.4820060339743829 1e-05 0
0.5066724133088086 3.350000000000001e-05 0
0.4820060339743828 4.7e-05 0
0.4820060339743828 3.35e-05 0
0.5066724133088086 6.522500000000003e-05 0
0.4820060339743828 8.345000000000001e-05 0
0.4820060339743828 6.522500000000003e-05 0
0.5066724133088086 0.00010805375 0
0.4820060339743828 0.0001326575 0
0.4820060339743828 0.00010805375 0
0.5066724133088086 0.0001658725625 0
0.4820060339743828 0.0001990876250000001 0
0.4820060339743828 0.0001658725625 0
0.5066724133088086 0.0002439279593750001 0
0.4820060339743828 0.0002887682937500001 0
0.4820060339743828 0.000243927959375 0
0.5066724133088086 0.0003493027451562502 0
0.4820060339743828 0.0004098371965625001 0
0.4820060339743828 0.0003493027451562501 0
0.5066724133088086 0.0004915587059609377 0
0.4820060339743828 0.0005732802153593752 0
0.4820060339743828 0.0004915587059609376 0
0.5066724133088086 0.0006836042530472661 0
0.4820060339743828 0.0007939282907351566 0
0.4820060339743828 0.000683604253047266 0
0.5066724133088086 0.0009428657416138092 0
0.4820060339743828 0.001091803192492462 0
0.4820060339743828 0.000942865741613809 0
0.5066724133088086 0.001292868751178643 0
0.4820060339743828 0.001493934309864823 0
0.4820060339743828 0.001292868751178642 0
0.5066724133088086 0.001765372814091168 0
0.4820060339743828 0.002036811318317512 0
0.4820060339743828 0.001765372814091168 0
0.5066724133088086 0.002403253299023076 0
0.4820060339743828 0.002769695279728641 0
0.4820060339743828 0.002403253299023076 0
0.5066724133088086 0.003264391953681153 0
0.4820060339743828 0.003759088627633665 0
0.4820060339743828 0.003264391953681153 0
0.5066724133088086 0.004426929137469558 0
0.4820060339743828 0.005094769647305449 0
0.4820060339743828 0.004426929137469557 0
0.5066724133088086 0.005996354335583903 0
0.4820060339743828 0.006897939023862355 0
0.4820060339743828 0.005996354335583902 0
0.5066724133088086 0.00811507835303827 0
0.4820060339743828 0.009332217682214181 0
0.4820060339743828 0.008115078353038268 0
0.5066724133088086 0.01097535577660166 0
0.4820060339743828 0.01261849387098915 0
0.4820060339743828 0.01097535577660166 0
0.5066724133088086 0.01483673029841225 0
0.4820060339743828 0.01705496672583535 0
0.4820060339743828 0.01483673029841225 0
0.5066724133088086 0.02004958590285653 0
0.4820060339743828 0.02304420507987772 0
0.4820060339743828 0.02004958590285653 0
0.5066724133088086 0.02708694096885632 0
0.4820060339743828 0.03112967685783492 0
0.4820060339743828 0.02708694096885632 0
0.5066724133088086 0.03658737030795604 0
0.4820060339743828 0.04204506375807715 0
0.4820060339743828 0.03658737030795603 0
0.5066724133088086 0.04941294991574065 0
0.4820060339743828 0.04941294991574065 0
0.5560051719776603 9.999999999999999e-06 0
0.5313387926432345 2e-05 0
0.5313387926432345 1e-05 0
0.5560051719776603 3.35e-05 0
0.5313387926432345 4.7e-05 0
0.5313387926432345 3.350000000000001e-05 0
0.5560051719776603 6.5225e-05 0
0.5313387926432345 8.345000000000001e-05 0
0.5313387926432345 6.522500000000003e-05 0
0.5560051719776603 0.00010805375 0
0.5313387926432345 0.0001326575 0
0.5313387926432345 0.00010805375 0
0.5560051719776603 0.0001658725625 0
0.5313387926432345 0.0001990876250000001 0
0.5313387926432345 0.0001658725625 0
0.5560051719776603 0.000243927959375 0
0.5313387926432345 0.0002887682937500001 0
0.5313387926432345 0.0002439279593750001 0
0.5560051719776603 0.0003493027451562501 0
0.5313387926432345 0.0004098371965625001 0
0.5313387926432345 0.0003493027451562502 0
0.5560051719776603 0.0004915587059609376 0
0.5313387926432345 0.0005732802153593752 0
0.5313387926432345 0.0004915587059609376 0
0.5560051719776603 0.0006836042530472657 0
0.5313387926432345 0.0007939282907351566 0
0.5313387926432345 0.000683604253047266 0
0.5560051719776603 0.0009428657416138089 0
0.5313387926432345 0.001091803192492462 0
0.5313387926432345 0.000942865741613809 0
0.5560051719776603 0.001292868751178642 0
0.5313387926432345 0.001493934309864823 0
0.5313387926432345 0.001292868751178642 0
0.5560051719776603 0.001765372814091167 0
0.5313387926432345 0.002036811318317512 0
0.5313387926432345 0.001765372814091167 0
0.5560051719776603 0.002403253299023076 0
0.5313387926432345 0.002769695279728641 0
0.5313387926432345 0.002403253299023076 0
0.5560051719776603 0.003264391953681152 0
0.5313387926432345 0.003759088627633665 0
0.5313387926432345 0.003264391953681153 0
0.5560051719776603 0.004426929137469556 0
0.5313387926432345 0.005094769647305449 0
0.5313387926432345 0.004426929137469557 0
0.5560051719776603 0.005996354335583902 0
0.5313387926432345 0.006897939023862355 0
0.5313387926432345 0.005996354335583903 0
0.5560051719776603 0.008115078353038267 0
0.5313387926432345 0.009332217682214181 0
0.5313387926432345 0.008115078353038268 0
0.5560051719776603 0.01097535577660166 0
0.5313387926432345 0.01261849387098915 0
0.5313387926432345 0.01097535577660166 0
0.5560051719776603 0.01483673029841224 0
0.5313387926432345 0.01705496672583535 0
0.5313387926432345 0.01483673029841225 0
0.5560051719776603 0.02004958590285653 0
0.5313387926432345 0.02304420507987772 0
0.5313387926432345 0.02004958590285653 0
0.5560051719776603 0.02708694096885632 0
0.5313387926432345 0.03112967685783492 0
0.5313387926432345 0.02708694096885632 0
0.5560051719776603 0.03658737030795603 0
0.5313387926432345 0.04204506375807715 0
0.5313387926432345 0.03658737030795603 0
0.5560051719776603 0.04941294991574065 0
0.5313387926432345 0.04941294991574065 0
0.5806715513120861 2e-05 0
0.5806715513120863 1e-05 0
0.5806715513120861 4.7e-05 0
0.5806715513120861 3.35e-05 0
0.5806715513120861 8.345000000000001e-05 0
0.5806715513120861 6.522500000000003e-05 0
0.5806715513120861 0.0001326575 0
0.5806715513120861 0.00010805375 0
0.5806715513120861 0.0001990876250000001 0
0.5806715513120861 0.0001658725625 0
0.5806715513120861 0.0002887682937500001 0
0.5806715513120861 0.000243927959375 0
0.5806715513120861 0.0004098371965625001 0
0.5806715513120861 0.0003493027451562501 0
0.5806715513120861 0.0005732802153593752 0
0.5806715513120861 0.0004915587059609376 0
0.5806715513120861 0.0007939282907351566 0
0.5806715513120861 0.000683604253047266 0
0.5806715513120861 0.001091803192492462 0
0.5806715513120861 0.0009428657416138091 0
0.5806715513120861 0.001493934309864823 0
0.5806715513120861 0.001292868751178642 0
0.5806715513120861 0.002036811318317512 0
0.5806715513120861 0.001765372814091168 0
0.5806715513120861 0.002769695279728641 0
0.5806715513120861 0.002403253299023076 0
0.5806715513120861 0.003759088627633665 0
0.5806715513120861 0.003264391953681153 0
0.5806715513120861 0.005094769647305449 0
0.5806715513120861 0.004426929137469557 0
0.5806715513120861 0.006897939023862356 0
0.5806715513120861 0.005996354335583902 0
0.5806715513120861 0.009332217682214181 0
0.5806715513120861 0.008115078353038268 0
0.5806715513120861 0.01261849387098915 0
0.5806715513120861 0.01097535577660166 0
0.5806715513120861 0.01705496672583535 0
0.5806715513120861 0.01483673029841225 0
0.5806715513120861 0.02304420507987772 0
0.5806715513120861 0.02004958590285653 0
0.5806715513120861 0.03112967685783492 0
0.5806715513120861 0.02708694096885632 0
0.5806715513120861 0.04204506375807715 0
0.5806715513120861 0.03658737030795604 0
0.5806715513120861 0.04941294991574065 0
1.739991380034207 1e-05 0
1.715325000699644 2.000000000000001e-05 0
1.690658621365082 1e-05 0
1.715325000699644 1e-05 0
1.739991380034207 3.350000000000001e-05 0
1.715325000699644 4.700000000000001e-05 0
1.690658621365082 3.35e-05 0
1.715325000699644 3.350000000000001e-05 0
1.739991380034207 6.522500000000003e-05 0
1.715325000699644 8.345000000000002e-05 0
1.690658621365082 6.5225e-05 0
1.715325000699644 6.522500000000001e-05 0
1.739991380034207 0.00010805375 0
1.715325000699644 0.0001326575 0
1.690658621365082 0.00010805375 0
1.715325000699644 0.00010805375 0
1.739991380034207 0.0001658725625 0
1.715325000699644 0.0001990876250000001 0
1.690658621365082 0.0001658725625 0
1.715325000699644 0.0001658725625 0
1.739991380034207 0.0002439279593750001 0
1.715325000699644 0.0002887682937500001 0
1.690658621365082 0.0002439279593750001 0
1.715325000699644 0.0002439279593750001 0
1.739991380034207 0.0003493027451562502 0
1.715325000699644 0.0004098371965625002 0
1.690658621365082 0.0003493027451562501 0
1.715325000699644 0.0003493027451562502 0
1.739991380034207 0.0004915587059609377 0
1.715325000699644 0.0005732802153593753 0
1.690658621365082 0.0004915587059609377 0
1.715325000699644 0.0004915587059609377 0
1.739991380034207 0.0006836042530472661 0
1.715325000699644 0.0007939282907351566 0
1.690658621365082 0.0006836042530472658 0
1.715325000699644 0.000683604253047266 0
1.739991380034207 0.0009428657416138092 0
1.715325000699644 0.001091803192492462 0
1.690658621365082 0.0009428657416138091 0
1.715325000699644 0.0009428657416138092 0
1.739991380034207 0.001292868751178643 0
1.715325000699644 0.001493934309864823 0
1.690658621365082 0.001292868751178642 0
1.715325000699644 0.001292868751178642 0
1.739991380034207 0.001765372814091168 0
1.715325000699644 0.002036811318317512 0
1.690658621365082 0.001765372814091167 0
1.715325000699644 0.001765372814091168 0
1.739991380034207 0.002403253299023076 0
1.715325000699644 0.002769695279728641 0
1.690658621365082 0.002403253299023076 0
1.715325000699644 0.002403253299023076 0
1.739991380034207 0.003264391953681153 0
1.715325000699644 0.003759088627633665 0
1.690658621365082 0.003264391953681153 0
1.715325000699644 0.003264391953681153 0
1.739991380034207 0.004426929137469558 0
1.715325000699644 0.00509476964730545 0
1.690658621365082 0.004426929137469557 0
1.715325000699644 0.004426929137469558 0
1.739991380034207 0.005996354335583903 0
1.715325000699644 0.006897939023862357 0
1.690658621365082 0.005996354335583902 0
1.715325000699644 0.005996354335583903 0
1.739991380034207 0.00811507835303827 0
1.715325000699644 0.009332217682214181 0
1.690658621365082 0.008115078353038268 0
1.715325000699644 0.008115078353038268 0
1.739991380034207 0.01097535577660166 0
1.715325000699644 0.01261849387098915 0
1.690658621365082 0.01097535577660166 0
1.715325000699644 0.01097535577660167 0
1.739991380034207 0.01483673029841225 0
1.715325000699644 0.01705496672583535 0
1.690658621365082 0.01483673029841225 0
1.715325000699644 0.01483673029841225 0
1.739991380034207 0.02004958590285653 0
1.715325000699644 0.02304420507987772 0
1.690658621365082 0.02004958590285653 0
1.715325000699644 0.02004958590285653 0
1.739991380034207 0.02708694096885632 0
1.715325000699644 0.03112967685783492 0
1.690658621365082 0.02708694096885632 0
1.715325000699644 0.02708694096885632 0
1.739991380034207 0.03658737030795604 0
1.715325000699644 0.04204506375807715 0
1.690658621365082 0.03658737030795604 0
1.715325000699644 0.03658737030795604 0
1.739991380034207 0.04941294991574065 0
1.690658621365082 0.04941294991574065 0
1.715325000699644 0.04941294991574065 0
1.789324138703332 1e-05 0
1.76465775936877 2.000000000000001e-05 0
1.76465775936877 1e-05 0
1.789324138703332 3.35e-05 0
1.76465775936877 4.700000000000001e-05 0
1.76465775936877 3.350000000000001e-05 0
1.789324138703332 6.5225e-05 0
1.76465775936877 8.345000000000002e-05 0
1.76465775936877 6.522500000000001e-05 0
1.789324138703332 0.00010805375 0
1.76465775936877 0.0001326575 0
1.76465775936877 0.00010805375 0
1.789324138703332 0.0001658725625 0
1.76465775936877 0.0001990876250000001 0
1.76465775936877 0.0001658725625 0
1.789324138703332 0.0002439279593750001 0
1.76465775936877 0.0002887682937500001 0
1.76465775936877 0.0002439279593750001 0
1.789324138703332 0.0003493027451562501 0
1.76465775936877 0.0004098371965625002 0
1.76465775936877 0.0003493027451562501 0
1.789324138703332 0.0004915587059609377 0
1.76465775936877 0.0005732802153593753 0
1.76465775936877 0.0004915587059609377 0
1.789324138703332 0.0006836042530472658 0
1.76465775936877 0.0007939282907351566 0
1.76465775936877 0.000683604253047266 0
1.789324138703332 0.0009428657416138091 0
1.76465775936877 0.001091803192492462 0
1.76465775936877 0.0009428657416138092 0
1.789324138703332 0.001292868751178642 0
1.76465775936877 0.001493934309864823 0
1.76465775936877 0.001292868751178642 0
1.789324138703332 0.001765372814091167 0
1.76465775936877 0.002036811318317512 0
1.76465775936877 0.001765372814091168 0
1.789324138703332 0.002403253299023076 0
1.76465775936877 0.002769695279728641 0
1.76465775936877 0.002403253299023076 0
1.789324138703332 0.003264391953681153 0
1.76465775936877 0.003759088627633665 0
1.76465775936877 0.003264391953681153 0
1.789324138703332 0.004426929137469557 0
1.76465775936877 0.00509476964730545 0
1.76465775936877 0.004426929137469557 0
1.789324138703332 0.005996354335583902 0
1.76465775936877 0.006897939023862357 0
1.76465775936877 0.005996354335583903 0
1.789324138703332 0.008115078353038268 0
1.76465775936877 0.009332217682214181 0
1.76465775936877 0.008115078353038268 0
1.789324138703332 0.01097535577660166 0
1.76465775936877 0.01261849387098915 0
1.76465775936877 0.01097535577660166 0
1.789324138703332 0.01483673029841225 0
1.76465775936877 0.01705496672583535 0
1.76465775936877 0.01483673029841225 0
1.789324138703332 0.02004958590285653 0
1.76465775936877 0.02304420507987772 0
1.76465775936877 0.02004958590285653 0
1.789324138703332 0.02708694096885632 0
1.76465775936877 0.03112967685783492 0
1.76465775936877 0.02708694096885632 0
1.789324138703332 0.03658737030795604 0
1.76465775936877 0.04204506375807715 0
1.76465775936877 0.03658737030795604 0
1.789324138703332 0.04941294991574065 0
1.76465775936877 0.04941294991574065 0
0.7040034479842155 9.999999999999999e-06 0
0.6793370686497897 2e-05 0
0.6793370686497897 9.999999999999999e-06 0
0.7040034479842155 3.35e-05 0
0.6793370686497897 4.7e-05 0
0.6793370686497897 3.35e-05 0
0.7040034479842155 6.5225e-05 0
0.6793370686497897 8.345e-05 0
0.6793370686497897 6.5225e-05 0
0.7040034479842155 0.00010805375 0
0.6793370686497897 0.0001326575 0
0.6793370686497897 0.00010805375 0
0.7040034479842155 0.0001658725625 0
0.6793370686497897 0.000199087625 0
0.6793370686497897 0.0001658725625 0
0.7040034479842155 0.000243927959375 0
0.6793370686497897 0.00028876829375 0
0.6793370686497897 0.000243927959375 0
0.7040034479842155 0.0003493027451562501 0
0.6793370686497897 0.0004098371965625001 0
0.6793370686497897 0.0003493027451562501 0
0.7040034479842155 0.0004915587059609376 0
0.6793370686497897 0.0005732802153593751 0
0.6793370686497897 0.0004915587059609377 0
0.7040034479842155 0.0006836042530472657 0
0.6793370686497897 0.0007939282907351565 0
0.6793370686497897 0.0006836042530472657 0
0.7040034479842155 0.0009428657416138089 0
0.6793370686497897 0.001091803192492461 0
0.6793370686497897 0.000942865741613809 0
0.7040034479842155 0.001292868751178642 0
0.6793370686497897 0.001493934309864823 0
0.6793370686497897 0.001292868751178642 0
0.7040034479842155 0.001765372814091167 0
0.6793370686497897 0.002036811318317512 0
0.6793370686497897 0.001765372814091167 0
0.7040034479842155 0.002403253299023076 0
0.6793370686497897 0.00276969527972864 0
0.6793370686497897 0.002403253299023076 0
0.7040034479842155 0.003264391953681152 0
0.6793370686497897 0.003759088627633665 0
0.6793370686497897 0.003264391953681153 0
0.7040034479842155 0.004426929137469556 0
0.6793370686497897 0.005094769647305448 0
0.6793370686497897 0.004426929137469556 0
0.7040034479842155 0.005996354335583902 0
0.6793370686497897 0.006897939023862355 0
0.6793370686497897 0.005996354335583902 0
0.7040034479842155 0.008115078353038267 0
0.6793370686497897 0.009332217682214181 0
0.6793370686497897 0.00811507835303827 0
0.7040034479842155 0.01097535577660166 0
0.6793370686497897 0.01261849387098914 0
0.6793370686497897 0.01097535577660166 0
0.7040034479842155 0.01483673029841224 0
0.6793370686497897 0.01705496672583535 0
0.6793370686497897 0.01483673029841225 0
0.7040034479842155 0.02004958590285653 0
0.6793370686497897 0.02304420507987772 0
0.6793370686497897 0.02004958590285653 0
0.7040034479842155 0.02708694096885632 0
0.6793370686497897 0.03112967685783492 0
0.6793370686497897 0.02708694096885632 0
0.7040034479842155 0.03658737030795603 0
0.6793370686497897 0.04204506375807715 0
0.6793370686497897 0.03658737030795603 0
0.7040034479842155 0.04941294991574065 0
0.6793370686497897 0.04941294991574065 0
0.7533362066530671 1e-05 0
0.7286698273186414 2e-05 0
0.7286698273186414 9.999999999999999e-06 0
0.7533362066530671 3.35e-05 0
0.7286698273186414 4.7e-05 0
0.7286698273186414 3.35e-05 0
0.7533362066530671 6.5225e-05 0
0.7286698273186414 8.345e-05 0
0.7286698273186414 6.5225e-05 0
0.7533362066530671 0.00010805375 0
0.7286698273186414 0.0001326575 0
0.7286698273186414 0.00010805375 0
0.7533362066530671 0.0001658725625 0
0.7286698273186414 0.000199087625 0
0.7286698273186414 0.0001658725625 0
0.7533362066530671 0.0002439279593750001 0
0.7286698273186414 0.00028876829375 0
0.7286698273186414 0.000243927959375 0
0.7533362066530671 0.0003493027451562501 0
0.7286698273186414 0.0004098371965625001 0
0.7286698273186414 0.0003493027451562501 0
0.7533362066530671 0.0004915587059609377 0
0.7286698273186414 0.0005732802153593751 0
0.7286698273186414 0.0004915587059609377 0
0.7533362066530671 0.0006836042530472658 0
0.7286698273186414 0.0007939282907351565 0
0.7286698273186414 0.0006836042530472657 0
0.7533362066530671 0.0009428657416138091 0
0.7286698273186414 0.001091803192492461 0
0.7286698273186414 0.000942865741613809 0
0.7533362066530671 0.001292868751178642 0
0.7286698273186414 0.001493934309864823 0
0.7286698273186414 0.001292868751178642 0
0.7533362066530671 0.001765372814091167 0
0.7286698273186414 0.002036811318317512 0
0.7286698273186414 0.001765372814091168 0
0.7533362066530671 0.002403253299023076 0
0.7286698273186414 0.00276969527972864 0
0.7286698273186414 0.002403253299023076 0
0.7533362066530671 0.003264391953681153 0
0.7286698273186414 0.003759088627633665 0
0.7286698273186414 0.003264391953681153 0
0.7533362066530671 0.004426929137469557 0
0.7286698273186414 0.005094769647305448 0
0.7286698273186414 0.004426929137469556 0
0.7533362066530671 0.005996354335583902 0
0.7286698273186414 0.006897939023862355 0
0.7286698273186414 0.005996354335583902 0
0.7533362066530671 0.008115078353038268 0
0.7286698273186414 0.009332217682214181 0
0.7286698273186414 0.008115078353038267 0
0.7533362066530671 0.01097535577660166 0
0.7286698273186414 0.01261849387098914 0
0.7286698273186414 0.01097535577660166 0
0.7533362066530671 0.01483673029841225 0
0.7286698273186414 0.01705496672583535 0
0.7286698273186414 0.01483673029841225 0
0.7533362066530671 0.02004958590285653 0
0.7286698273186414 0.02304420507987772 0
0.7286698273186414 0.02004958590285653 0
0.7533362066530671 0.02708694096885632 0
0.7286698273186414 0.03112967685783492 0
0.7286698273186414 0.02708694096885632 0
0.7533362066530671 0.03658737030795604 0
0.7286698273186414 0.04204506375807715 0
0.7286698273186414 0.03658737030795603 0
0.7533362066530671 0.04941294991574065 0
0.7286698273186414 0.04941294991574065 0
0.8026689653219189 1e-05 0
0.7780025859874931 2.000000000000001e-05 0
0.7780025859874931 1e-05 0
0.8026689653219189 3.350000000000001e-05 0
0.7780025859874931 4.700000000000001e-05 0
0.7780025859874931 3.350000000000001e-05 0
0.8026689653219189 6.522500000000003e-05 0
0.7780025859874931 8.345000000000002e-05 0
0.7780025859874931 6.522500000000001e-05 0
0.8026689653219189 0.00010805375 0
0.7780025859874931 0.0001326575 0
0.7780025859874931 0.00010805375 0
0.8026689653219189 0.0001658725625 0
0.7780025859874931 0.0001990876250000001 0
0.7780025859874931 0.0001658725625 0
0.8026689653219189 0.0002439279593750001 0
0.7780025859874931 0.0002887682937500001 0
0.7780025859874931 0.0002439279593750001 0
0.8026689653219189 0.0003493027451562502 0
0.7780025859874931 0.0004098371965625002 0
0.7780025859874931 0.0003493027451562502 0
0.8026689653219189 0.0004915587059609377 0
0.7780025859874931 0.0005732802153593753 0
0.7780025859874931 0.0004915587059609377 0
0.8026689653219189 0.0006836042530472661 0
0.7780025859874931 0.0007939282907351567 0
0.7780025859874931 0.0006836042530472658 0
0.8026689653219189 0.0009428657416138093 0
0.7780025859874931 0.001091803192492462 0
0.7780025859874931 0.0009428657416138092 0
0.8026689653219189 0.001292868751178643 0
0.7780025859874931 0.001493934309864823 0
0.7780025859874931 0.001292868751178642 0
0.8026689653219189 0.001765372814091168 0
0.7780025859874931 0.002036811318317512 0
0.7780025859874931 0.001765372814091168 0
0.8026689653219189 0.002403253299023076 0
0.7780025859874931 0.002769695279728641 0
0.7780025859874931 0.002403253299023076 0
0.8026689653219189 0.003264391953681154 0
0.7780025859874931 0.003759088627633666 0
0.7780025859874931 0.003264391953681154 0
0.8026689653219189 0.004426929137469558 0
0.7780025859874931 0.00509476964730545 0
0.7780025859874931 0.004426929137469558 0
0.8026689653219189 0.005996354335583903 0
0.7780025859874931 0.006897939023862357 0
0.7780025859874931 0.005996354335583903 0
0.8026689653219189 0.00811507835303827 0
0.7780025859874931 0.009332217682214181 0
0.7780025859874931 0.008115078353038268 0
0.8026689653219189 0.01097535577660167 0
0.7780025859874931 0.01261849387098915 0
0.7780025859874931 0.01097535577660166 0
0.8026689653219189 0.01483673029841225 0
0.7780025859874931 0.01705496672583535 0
0.7780025859874931 0.01483673029841225 0
0.8026689653219189 0.02004958590285654 0
0.7780025859874931 0.02304420507987772 0
0.7780025859874931 0.02004958590285653 0
0.8026689653219189 0.02708694096885633 0
0.7780025859874931 0.03112967685783493 0
0.7780025859874931 0.02708694096885633 0
0.8026689653219189 0.03658737030795604 0
0.7780025859874931 0.04204506375807715 0
0.7780025859874931 0.03658737030795603 0
0.8026689653219189 0.04941294991574066 0
0.7780025859874931 0.04941294991574065 0
0.8520017239907707 1e-05 0
0.8273353446563447 2.000000000000001e-05 0
0.8273353446563448 1e-05 0
0.8520017239907707 3.350000000000001e-05 0
0.8273353446563447 4.700000000000002e-05 0
0.8273353446563447 3.350000000000001e-05 0
0.8520017239907707 6.522500000000003e-05 0
0.8273353446563447 8.345000000000002e-05 0
0.8273353446563447 6.522500000000003e-05 0
0.8520017239907707 0.00010805375 0
0.8273353446563447 0.0001326575 0
0.8273353446563447 0.00010805375 0
0.8520017239907707 0.0001658725625 0
0.8273353446563447 0.0001990876250000001 0
0.8273353446563447 0.0001658725625 0
0.8520017239907707 0.0002439279593750001 0
0.8273353446563447 0.0002887682937500001 0
0.8273353446563447 0.0002439279593750001 0
0.8520017239907707 0.0003493027451562502 0
0.8273353446563447 0.0004098371965625002 0
0.8273353446563447 0.0003493027451562502 0
0.8520017239907707 0.0004915587059609377 0
0.8273353446563447 0.0005732802153593753 0
0.8273353446563447 0.0004915587059609377 0
0.8520017239907707 0.0006836042530472661 0
0.8273353446563447 0.0007939282907351568 0
0.8273353446563447 0.0006836042530472661 0
0.8520017239907707 0.0009428657416138092 0
0.8273353446563447 0.001091803192492462 0
0.8273353446563447 0.0009428657416138092 0
0.8520017239907707 0.001292868751178643 0
0.8273353446563447 0.001493934309864824 0
0.8273353446563447 0.001292868751178643 0
0.8520017239907707 0.001765372814091168 0
0.8273353446563447 0.002036811318317512 0
0.8273353446563447 0.001765372814091168 0
0.8520017239907707 0.002403253299023076 0
0.8273353446563447 0.002769695279728641 0
0.8273353446563447 0.002403253299023076 0
0.8520017239907707 0.003264391953681153 0
0.8273353446563447 0.003759088627633666 0
0.8273353446563447 0.003264391953681153 0
0.8520017239907707 0.004426929137469558 0
0.8273353446563447 0.00509476964730545 0
0.8273353446563447 0.004426929137469558 0
0.8520017239907707 0.005996354335583903 0
0.8273353446563447 0.006897939023862357 0
0.8273353446563447 0.005996354335583902 0
0.8520017239907707 0.00811507835303827 0
0.8273353446563447 0.009332217682214183 0
0.8273353446563447 0.00811507835303827 0
0.8520017239907707 0.01097535577660166 0
0.8273353446563447 0.01261849387098915 0
0.8273353446563447 0.01097535577660166 0
0.8520017239907707 0.01483673029841225 0
0.8273353446563447 0.01705496672583535 0
0.8273353446563447 0.01483673029841225 0
0.8520017239907707 0.02004958590285653 0
0.8273353446563447 0.02304420507987772 0
0.8273353446563447 0.02004958590285653 0
0.8520017239907707 0.02708694096885632 0
0.8273353446563447 0.03112967685783493 0
0.8273353446563447 0.02708694096885632 0
0.8520017239907707 0.03658737030795604 0
0.8273353446563447 0.04204506375807715 0
0.8273353446563447 0.03658737030795604 0
0.8520017239907707 0.04941294991574065 0
0.8273353446563447 0.04941294991574065 0
0.9013344826596223 9.999999999999999e-06 0
0.8766681033251965 2e-05 0
0.8766681033251964 1e-05 0
0.9013344826596223 3.35e-05 0
0.8766681033251965 4.7e-05 0
0.8766681033251964 3.350000000000001e-05 0
0.9013344826596223 6.5225e-05 0
0.8766681033251965 8.345000000000001e-05 0
0.8766681033251964 6.522500000000003e-05 0
0.9013344826596223 0.00010805375 0
0.8766681033251965 0.0001326575 0
0.8766681033251964 0.00010805375 0
0.9013344826596223 0.0001658725625 0
0.8766681033251965 0.0001990876250000001 0
0.8766681033251964 0.0001658725625 0
0.9013344826596223 0.000243927959375 0
0.8766681033251965 0.0002887682937500001 0
0.8766681033251964 0.0002439279593750001 0
0.9013344826596223 0.0003493027451562501 0
0.8766681033251965 0.0004098371965625001 0
0.8766681033251964 0.0003493027451562502 0
0.9013344826596223 0.0004915587059609376 0
0.8766681033251965 0.0005732802153593752 0
0.8766681033251964 0.0004915587059609376 0
0.9013344826596223 0.0006836042530472657 0
0.8766681033251965 0.0007939282907351566 0
0.8766681033251964 0.000683604253047266 0
0.9013344826596223 0.0009428657416138089 0
0.8766681033251965 0.001091803192492462 0
0.8766681033251964 0.000942865741613809 0
0.9013344826596223 0.001292868751178642 0
0.8766681033251965 0.001493934309864823 0
0.8766681033251964 0.001292868751178642 0
0.9013344826596223 0.001765372814091167 0
0.8766681033251965 0.002036811318317512 0
0.8766681033251964 0.001765372814091167 0
0.9013344826596223 0.002403253299023076 0
0.8766681033251965 0.002769695279728641 0
0.8766681033251964 0.002403253299023076 0
0.9013344826596223 0.003264391953681152 0
0.8766681033251965 0.003759088627633665 0
0.8766681033251964 0.003264391953681153 0
0.9013344826596223 0.004426929137469556 0
0.8766681033251965 0.005094769647305449 0
0.8766681033251964 0.004426929137469557 0
0.9013344826596223 0.005996354335583902 0
0.8766681033251965 0.006897939023862355 0
0.8766681033251964 0.005996354335583903 0
0.9013344826596223 0.008115078353038267 0
0.8766681033251965 0.009332217682214181 0
0.8766681033251964 0.008115078353038268 0
0.9013344826596223 0.01097535577660166 0
0.8766681033251965 0.01261849387098915 0
0.8766681033251964 0.01097535577660166 0
0.9013344826596223 0.01483673029841224 0
0.8766681033251965 0.01705496672583535 0
0.8766681033251964 0.01483673029841225 0
0.9013344826596223 0.02004958590285653 0
0.8766681033251965 0.02304420507987772 0
0.8766681033251964 0.02004958590285653 0
0.9013344826596223 0.02708694096885632 0
0.8766681033251965 0.03112967685783492 0
0.8766681033251964 0.02708694096885632 0
0.9013344826596223 0.03658737030795603 0
0.8766681033251965 0.04204506375807715 0
0.8766681033251964 0.03658737030795603 0
0.9013344826596223 0.04941294991574065 0
0.8766681033251964 0.04941294991574065 0
0.9506672413284739 1e-05 0
0.9260008619940481 2e-05 0
0.9260008619940481 9.999999999999999e-06 0
0.9506672413284739 3.35e-05 0
0.9260008619940481 4.7e-05 0
0.9260008619940481 3.35e-05 0
0.9506672413284739 6.5225e-05 0
0.9260008619940481 8.345e-05 0
0.9260008619940481 6.5225e-05 0
0.9506672413284739 0.00010805375 0
0.9260008619940481 0.0001326575 0
0.9260008619940481 0.00010805375 0
0.9506672413284739 0.0001658725625 0
0.9260008619940481 0.000199087625 0
0.9260008619940481 0.0001658725625 0
0.9506672413284739 0.0002439279593750001 0
0.9260008619940481 0.00028876829375 0
0.9260008619940481 0.000243927959375 0
0.9506672413284739 0.0003493027451562501 0
0.9260008619940481 0.0004098371965625001 0
0.9260008619940481 0.0003493027451562501 0
0.9506672413284739 0.0004915587059609377 0
0.9260008619940481 0.0005732802153593751 0
0.9260008619940481 0.0004915587059609377 0
0.9506672413284739 0.0006836042530472658 0
0.9260008619940481 0.0007939282907351565 0
0.9260008619940481 0.0006836042530472657 0
0.9506672413284739 0.0009428657416138091 0
0.9260008619940481 0.001091803192492461 0
0.9260008619940481 0.000942865741613809 0
0.9506672413284739 0.001292868751178642 0
0.9260008619940481 0.001493934309864823 0
0.9260008619940481 0.001292868751178642 0
0.9506672413284739 0.001765372814091167 0
0.9260008619940481 0.002036811318317512 0
0.9260008619940481 0.001765372814091168 0
0.9506672413284739 0.002403253299023076 0
0.9260008619940481 0.00276969527972864 0
0.9260008619940481 0.002403253299023076 0
0.9506672413284739 0.003264391953681153 0
0.9260008619940481 0.003759088627633665 0
0.9260008619940481 0.003264391953681153 0
0.9506672413284739 0.004426929137469557 0
0.9260008619940481 0.005094769647305448 0
0.9260008619940481 0.004426929137469556 0
0.9506672413284739 0.005996354335583902 0
0.9260008619940481 0.006897939023862355 0
0.9260008619940481 0.005996354335583902 0
0.9506672413284739 0.008115078353038268 0
0.9260008619940481 0.009332217682214181 0
0.9260008619940481 0.008115078353038267 0
0.9506672413284739 0.01097535577660166 0
0.9260008619940481 0.01261849387098914 0
0.9260008619940481 0.01097535577660166 0
0.9506672413284739 0.01483673029841225 0
0.9260008619940481 0.01705496672583535 0
0.9260008619940481 0.01483673029841225 0
0.9506672413284739 0.02004958590285653 0
0.9260008619940481 0.02304420507987772 0
0.9260008619940481 0.02004958590285653 0
0.9506672413284739 0.02708694096885632 0
0.9260008619940481 0.03112967685783492 0
0.9260008619940481 0.02708694096885632 0
0.9506672413284739 0.03658737030795604 0
0.9260008619940481 0.04204506375807715 0
0.9260008619940481 0.03658737030795603 0
0.9506672413284739 0.04941294991574065 0
0.9260008619940481 0.04941294991574065 0
0.9999999999973473 9.999999999999999e-06 0
0.9753336206629106 2e-05 0
0.9753336206629106 9.999999999999999e-06 0
0.9999999999973473 3.35e-05 0
0.9753336206629106 4.7e-05 0
0.9753336206629106 3.35e-05 0
0.9999999999973473 6.5225e-05 0
0.9753336206629106 8.345e-05 0
0.9753336206629106 6.5225e-05 0
0.9999999999973473 0.00010805375 0
0.9753336206629106 0.0001326575 0
0.9753336206629106 0.00010805375 0
0.9999999999973473 0.0001658725625 0
0.9753336206629106 0.000199087625 0
0.9753336206629106 0.0001658725625 0
0.9999999999973473 0.000243927959375 0
0.9753336206629106 0.00028876829375 0
0.9753336206629106 0.000243927959375 0
0.9999999999973473 0.0003493027451562501 0
0.9753336206629106 0.0004098371965625001 0
0.9753336206629106 0.0003493027451562501 0
0.9999999999973473 0.0004915587059609376 0
0.9753336206629106 0.0005732802153593751 0
0.9753336206629106 0.0004915587059609377 0
0.9999999999973473 0.0006836042530472657 0
0.9753336206629106 0.0007939282907351565 0
0.9753336206629106 0.0006836042530472657 0
0.9999999999973473 0.0009428657416138089 0
0.9753336206629106 0.001091803192492461 0
0.9753336206629106 0.000942865741613809 0
0.9999999999973473 0.001292868751178642 0
0.9753336206629106 0.001493934309864823 0
0.9753336206629106 0.001292868751178642 0
0.9999999999973473 0.001765372814091167 0
0.9753336206629106 0.002036811318317512 0
0.9753336206629106 0.001765372814091167 0
0.9999999999973473 0.002403253299023076 0
0.9753336206629106 0.00276969527972864 0
0.9753336206629106 0.002403253299023076 0
0.9999999999973473 0.003264391953681152 0
0.9753336206629106 0.003759088627633665 0
0.9753336206629106 0.003264391953681153 0
0.9999999999973473 0.004426929137469556 0
0.9753336206629106 0.005094769647305448 0
0.9753336206629106 0.004426929137469556 0
0.9999999999973473 0.005996354335583902 0
0.9753336206629106 0.006897939023862355 0
0.9753336206629106 0.005996354335583902 0
0.9999999999973473 0.008115078353038267 0
0.9753336206629106 0.009332217682214181 0
0.9753336206629106 0.00811507835303827 0
0.9999999999973473 0.01097535577660166 0
0.9753336206629106 0.01261849387098914 0
0.9753336206629106 0.01097535577660166 0
0.9999999999973473 0.01483673029841224 0
0.9753336206629106 0.01705496672583535 0
0.9753336206629106 0.01483673029841225 0
0.9999999999973473 0.02004958590285653 0
0.9753336206629106 0.02304420507987772 0
0.9753336206629106 0.02004958590285653 0
0.9999999999973473 0.02708694096885632 0
0.9753336206629106 0.03112967685783492 0
0.9753336206629106 0.02708694096885632 0
0.9999999999973473 0.03658737030795603 0
0.9753336206629106 0.04204506375807715 0
0.9753336206629106 0.03658737030795603 0
0.9999999999973473 0.04941294991574065 0
0.9753336206629106 0.04941294991574065 0
1.049332758666451 1e-05 0
1.024666379331899 2e-05 0
1.024666379331899 9.999999999999999e-06 0
1.049332758666451 3.35e-05 0
1.024666379331899 4.7e-05 0
1.024666379331899 3.35e-05 0
1.049332758666451 6.5225e-05 0
1.024666379331899 8.345e-05 0
1.024666379331899 6.5225e-05 0
1.049332758666451 0.00010805375 0
1.024666379331899 0.0001326575 0
1.024666379331899 0.00010805375 0
1.049332758666451 0.0001658725625 0
1.024666379331899 0.000199087625 0
1.024666379331899 0.0001658725625 0
1.049332758666451 0.0002439279593750001 0
1.024666379331899 0.00028876829375 0
1.024666379331899 0.000243927959375 0
1.049332758666451 0.0003493027451562501 0
1.024666379331899 0.0004098371965625001 0
1.024666379331899 0.0003493027451562501 0
1.049332758666451 0.0004915587059609377 0
1.024666379331899 0.0005732802153593751 0
1.024666379331899 0.0004915587059609377 0
1.049332758666451 0.0006836042530472658 0
1.024666379331899 0.0007939282907351565 0
1.024666379331899 0.0006836042530472657 0
1.049332758666451 0.0009428657416138091 0
1.024666379331899 0.001091803192492461 0
1.024666379331899 0.000942865741613809 0
1.049332758666451 0.001292868751178642 0
1.024666379331899 0.001493934309864823 0
1.024666379331899 0.001292868751178642 0
1.049332758666451 0.001765372814091167 0
1.024666379331899 0.002036811318317512 0
1.024666379331899 0.001765372814091168 0
1.049332758666451 0.002403253299023076 0
1.024666379331899 0.00276969527972864 0
1.024666379331899 0.002403253299023076 0
1.049332758666451 0.003264391953681153 0
1.024666379331899 0.003759088627633665 0
1.024666379331899 0.003264391953681153 0
1.049332758666451 0.004426929137469557 0
1.024666379331899 0.005094769647305448 0
1.024666379331899 0.004426929137469556 0
1.049332758666451 0.005996354335583902 0
1.024666379331899 0.006897939023862355 0
1.024666379331899 0.005996354335583902 0
1.049332758666451 0.008115078353038268 0
1.024666379331899 0.009332217682214181 0
1.024666379331899 0.008115078353038267 0
1.049332758666451 0.01097535577660166 0
1.024666379331899 0.01261849387098914 0
1.024666379331899 0.01097535577660166 0
1.049332758666451 0.01483673029841225 0
1.024666379331899 0.01705496672583535 0
1.024666379331899 0.01483673029841225 0
1.049332758666451 0.02004958590285653 0
1.024666379331899 0.02304420507987772 0
1.024666379331899 0.02004958590285653 0
1.049332758666451 0.02708694096885632 0
1.024666379331899 0.03112967685783492 0
1.024666379331899 0.02708694096885632 0
1.049332758666451 0.03658737030795604 0
1.024666379331899 0.04204506375807715 0
1.024666379331899 0.03658737030795603 0
1.049332758666451 0.04941294991574065 0
1.024666379331899 0.04941294991574065 0
1.098665517335577 9.999999999999999e-06 0
1.073999138001014 2e-05 0
1.073999138001014 9.999999999999999e-06 0
1.098665517335577 3.35e-05 0
1.073999138001014 4.7e-05 0
1.073999138001014 3.35e-05 0
1.098665517335577 6.5225e-05 0
1.073999138001014 8.345e-05 0
1.073999138001014 6.5225e-05 0
1.098665517335577 0.00010805375 0
1.073999138001014 0.0001326575 0
1.073999138001014 0.00010805375 0
1.098665517335577 0.0001658725625 0
1.073999138001014 0.000199087625 0
1.073999138001014 0.0001658725625 0
1.098665517335577 0.000243927959375 0
1.073999138001014 0.00028876829375 0
1.073999138001014 0.000243927959375 0
1.098665517335577 0.0003493027451562501 0
1.073999138001014 0.0004098371965625001 0
1.073999138001014 0.0003493027451562501 0
1.098665517335577 0.0004915587059609376 0
1.073999138001014 0.0005732802153593751 0
1.073999138001014 0.0004915587059609377 0
1.098665517335577 0.0006836042530472657 0
1.073999138001014 0.0007939282907351565 0
1.073999138001014 0.0006836042530472657 0
1.098665517335577 0.0009428657416138089 0
1.073999138001014 0.001091803192492461 0
1.073999138001014 0.000942865741613809 0
1.098665517335577 0.001292868751178642 0
1.073999138001014 0.001493934309864823 0
1.073999138001014 0.001292868751178642 0
1.098665517335577 0.001765372814091167 0
1.073999138001014 0.002036811318317512 0
1.073999138001014 0.001765372814091167 0
1.098665517335577 0.002403253299023076 0
1.073999138001014 0.00276969527972864 0
1.073999138001014 0.002403253299023076 0
1.098665517335577 0.003264391953681152 0
1.073999138001014 0.003759088627633665 0
1.073999138001014 0.003264391953681153 0
1.098665517335577 0.004426929137469556 0
1.073999138001014 0.005094769647305448 0
1.073999138001014 0.004426929137469556 0
1.098665517335577 0.005996354335583902 0
1.073999138001014 0.006897939023862355 0
1.073999138001014 0.005996354335583902 0
1.098665517335577 0.008115078353038267 0
1.073999138001014 0.009332217682214181 0
1.073999138001014 0.00811507835303827 0
1.098665517335577 0.01097535577660166 0
1.073999138001014 0.01261849387098914 0
1.073999138001014 0.01097535577660166 0
1.098665517335577 0.01483673029841224 0
1.073999138001014 0.01705496672583535 0
1.073999138001014 0.01483673029841225 0
1.098665517335577 0.02004958590285653 0
1.073999138001014 0.02304420507987772 0
1.073999138001014 0.02004958590285653 0
1.098665517335577 0.02708694096885632 0
1.073999138001014 0.03112967685783492 0
1.073999138001014 0.02708694096885632 0
1.098665517335577 0.03658737030795603 0
1.073999138001014 0.04204506375807715 0
1.073999138001014 0.03658737030795603 0
1.098665517335577 0.04941294991574065 0
1.073999138001014 0.04941294991574065 0
1.147998276004702 1e-05 0
1.123331896670139 2e-05 0
1.123331896670139 9.999999999999999e-06 0
1.147998276004702 3.35e-05 0
1.123331896670139 4.7e-05 0
1.123331896670139 3.35e-05 0
1.147998276004702 6.5225e-05 0
1.123331896670139 8.345e-05 0
1.123331896670139 6.5225e-05 0
1.147998276004702 0.00010805375 0
1.123331896670139 0.0001326575 0
1.123331896670139 0.00010805375 0
1.147998276004702 0.0001658725625 0
1.123331896670139 0.000199087625 0
1.123331896670139 0.0001658725625 0
1.147998276004702 0.0002439279593750001 0
1.123331896670139 0.00028876829375 0
1.123331896670139 0.000243927959375 0
1.147998276004702 0.0003493027451562501 0
1.123331896670139 0.0004098371965625001 0
1.123331896670139 0.0003493027451562501 0
1.147998276004702 0.0004915587059609377 0
1.123331896670139 0.0005732802153593751 0
1.123331896670139 0.0004915587059609377 0
1.147998276004702 0.0006836042530472658 0
1.123331896670139 0.0007939282907351565 0
1.123331896670139 0.0006836042530472657 0
1.147998276004702 0.0009428657416138091 0
1.123331896670139 0.001091803192492461 0
1.123331896670139 0.000942865741613809 0
1.147998276004702 0.001292868751178642 0
1.123331896670139 0.001493934309864823 0
1.123331896670139 0.001292868751178642 0
1.147998276004702 0.001765372814091167 0
1.123331896670139 0.002036811318317512 0
1.123331896670139 0.001765372814091168 0
1.147998276004702 0.002403253299023076 0
1.123331896670139 0.00276969527972864 0
1.123331896670139 0.002403253299023076 0
1.147998276004702 0.003264391953681153 0
1.123331896670139 0.003759088627633665 0
1.123331896670139 0.003264391953681153 0
1.147998276004702 0.004426929137469557 0
1.123331896670139 0.005094769647305448 0
1.123331896670139 0.004426929137469556 0
1.147998276004702 0.005996354335583902 0
1.123331896670139 0.006897939023862355 0
1.123331896670139 0.005996354335583902 0
1.147998276004702 0.008115078353038268 0
1.123331896670139 0.009332217682214181 0
1.123331896670139 0.008115078353038267 0
1.147998276004702 0.01097535577660166 0
1.123331896670139 0.01261849387098914 0
1.123331896670139 0.01097535577660166 0
1.147998276004702 0.01483673029841225 0
1.123331896670139 0.01705496672583535 0
1.123331896670139 0.01483673029841225 0
1.147998276004702 0.02004958590285653 0
1.123331896670139 0.02304420507987772 0
1.123331896670139 0.02004958590285653 0
1.147998276004702 0.02708694096885632 0
1.123331896670139 0.03112967685783492 0
1.123331896670139 0.02708694096885632 0
1.147998276004702 0.03658737030795604 0
1.123331896670139 0.04204506375807715 0
1.123331896670139 0.03658737030795603 0
1.147998276004702 0.04941294991574065 0
1.123331896670139 0.04941294991574065 0
1.197331034673828 1e-05 0
1.172664655339265 2e-05 0
1.172664655339265 1e-05 0
1.197331034673828 3.35e-05 0
1.172664655339265 4.7e-05 0
1.172664655339265 3.35e-05 0
1.197331034673828 6.5225e-05 0
1.172664655339265 8.345000000000001e-05 0
1.172664655339265 6.5225e-05 0
1.197331034673828 0.00010805375 0
1.172664655339265 0.0001326575 0
1.172664655339265 0.00010805375 0
1.197331034673828 0.0001658725625 0
1.172664655339265 0.000199087625 0
1.172664655339265 0.0001658725625 0
1.197331034673828 0.0002439279593750001 0
1.172664655339265 0.0002887682937500001 0
1.172664655339265 0.0002439279593750001 0
1.197331034673828 0.0003493027451562501 0
1.172664655339265 0.0004098371965625001 0
1.172664655339265 0.0003493027451562501 0
1.197331034673828 0.0004915587059609377 0
1.172664655339265 0.0005732802153593752 0
1.172664655339265 0.0004915587059609377 0
1.197331034673828 0.0006836042530472658 0
1.172664655339265 0.0007939282907351566 0
1.172664655339265 0.0006836042530472658 0
1.197331034673828 0.0009428657416138091 0
1.172664655339265 0.001091803192492462 0
1.172664655339265 0.000942865741613809 0
1.197331034673828 0.001292868751178642 0
1.172664655339265 0.001493934309864823 0
1.172664655339265 0.001292868751178642 0
1.197331034673828 0.001765372814091167 0
1.172664655339265 0.002036811318317512 0
1.172664655339265 0.001765372814091167 0
1.197331034673828 0.002403253299023076 0
1.172664655339265 0.002769695279728641 0
1.172664655339265 0.002403253299023076 0
1.197331034673828 0.003264391953681153 0
1.172664655339265 0.003759088627633665 0
1.172664655339265 0.003264391953681153 0
1.197331034673828 0.004426929137469557 0
1.172664655339265 0.005094769647305449 0
1.172664655339265 0.004426929137469557 0
1.197331034673828 0.005996354335583902 0
1.172664655339265 0.006897939023862356 0
1.172664655339265 0.005996354335583902 0
1.197331034673828 0.008115078353038268 0
1.172664655339265 0.009332217682214181 0
1.172664655339265 0.008115078353038267 0
1.197331034673828 0.01097535577660166 0
1.172664655339265 0.01261849387098915 0
1.172664655339265 0.01097535577660166 0
1.197331034673828 0.01483673029841225 0
1.172664655339265 0.01705496672583535 0
1.172664655339265 0.01483673029841225 0
1.197331034673828 0.02004958590285653 0
1.172664655339265 0.02304420507987772 0
1.172664655339265 0.02004958590285653 0
1.197331034673828 0.02708694096885632 0
1.172664655339265 0.03112967685783492 0
1.172664655339265 0.02708694096885632 0
1.197331034673828 0.03658737030795604 0
1.172664655339265 0.04204506375807715 0
1.172664655339265 0.03658737030795604 0
1.197331034673828 0.04941294991574065 0
1.172664655339265 0.04941294991574065 0
1.246663793342953 1e-05 0
1.22199741400839 2e-05 0
1.22199741400839 1e-05 0
1.246663793342953 3.35e-05 0
1.22199741400839 4.7e-05 0
1.22199741400839 3.35e-05 0
1.246663793342953 6.5225e-05 0
1.22199741400839 8.345000000000001e-05 0
1.22199741400839 6.5225e-05 0
1.246663793342953 0.00010805375 0
1.22199741400839 0.0001326575 0
1.22199741400839 0.00010805375 0
1.246663793342953 0.0001658725625 0
1.22199741400839 0.000199087625 0
1.22199741400839 0.0001658725625 0
1.246663793342953 0.0002439279593750001 0
1.22199741400839 0.0002887682937500001 0
1.22199741400839 0.0002439279593750001 0
1.246663793342953 0.0003493027451562501 0
1.22199741400839 0.0004098371965625001 0
1.22199741400839 0.0003493027451562501 0
1.246663793342953 0.0004915587059609377 0
1.22199741400839 0.0005732802153593752 0
1.22199741400839 0.0004915587059609377 0
1.246663793342953 0.0006836042530472658 0
1.22199741400839 0.0007939282907351566 0
1.22199741400839 0.0006836042530472658 0
1.246663793342953 0.0009428657416138091 0
1.22199741400839 0.001091803192492462 0
1.22199741400839 0.000942865741613809 0
1.246663793342953 0.001292868751178642 0
1.22199741400839 0.001493934309864823 0
1.22199741400839 0.001292868751178642 0
1.246663793342953 0.001765372814091167 0
1.22199741400839 0.002036811318317512 0
1.22199741400839 0.001765372814091167 0
1.246663793342953 0.002403253299023076 0
1.22199741400839 0.002769695279728641 0
1.22199741400839 0.002403253299023076 0
1.246663793342953 0.003264391953681153 0
1.22199741400839 0.003759088627633665 0
1.22199741400839 0.003264391953681153 0
1.246663793342953 0.004426929137469557 0
1.22199741400839 0.005094769647305449 0
1.22199741400839 0.004426929137469557 0
1.246663793342953 0.005996354335583902 0
1.22199741400839 0.006897939023862356 0
1.22199741400839 0.005996354335583902 0
1.246663793342953 0.008115078353038268 0
1.22199741400839 0.009332217682214181 0
1.22199741400839 0.008115078353038267 0
1.246663793342953 0.01097535577660166 0
1.22199741400839 0.01261849387098915 0
1.22199741400839 0.01097535577660166 0
1.246663793342953 0.01483673029841225 0
1.22199741400839 0.01705496672583535 0
1.22199741400839 0.01483673029841225 0
1.246663793342953 0.02004958590285653 0
1.22199741400839 0.02304420507987772 0
1.22199741400839 0.02004958590285653 0
1.246663793342953 0.02708694096885632 0
1.22199741400839 0.03112967685783492 0
1.22199741400839 0.02708694096885632 0
1.246663793342953 0.03658737030795604 0
1.22199741400839 0.04204506375807715 0
1.22199741400839 0.03658737030795604 0
1.246663793342953 0.04941294991574065 0
1.22199741400839 0.04941294991574065 0
1.295996552012078 1e-05 0
1.271330172677516 2e-05 0
1.271330172677516 1e-05 0
1.295996552012078 3.35e-05 0
1.271330172677516 4.7e-05 0
1.271330172677516 3.35e-05 0
1.295996552012078 6.5225e-05 0
1.271330172677516 8.345000000000001e-05 0
1.271330172677516 6.5225e-05 0
1.295996552012078 0.00010805375 0
1.271330172677516 0.0001326575 0
1.271330172677516 0.00010805375 0
1.295996552012078 0.0001658725625 0
1.271330172677516 0.000199087625 0
1.271330172677516 0.0001658725625 0
1.295996552012078 0.0002439279593750001 0
1.271330172677516 0.0002887682937500001 0
1.271330172677516 0.0002439279593750001 0
1.295996552012078 0.0003493027451562501 0
1.271330172677516 0.0004098371965625001 0
1.271330172677516 0.0003493027451562501 0
1.295996552012078 0.0004915587059609377 0
1.271330172677516 0.0005732802153593752 0
1.271330172677516 0.0004915587059609377 0
1.295996552012078 0.0006836042530472658 0
1.271330172677516 0.0007939282907351566 0
1.271330172677516 0.0006836042530472658 0
1.295996552012078 0.0009428657416138091 0
1.271330172677516 0.001091803192492462 0
1.271330172677516 0.000942865741613809 0
1.295996552012078 0.001292868751178642 0
1.271330172677516 0.001493934309864823 0
1.271330172677516 0.001292868751178642 0
1.295996552012078 0.001765372814091167 0
1.271330172677516 0.002036811318317512 0
1.271330172677516 0.001765372814091167 0
1.295996552012078 0.002403253299023076 0
1.271330172677516 0.002769695279728641 0
1.271330172677516 0.002403253299023076 0
1.295996552012078 0.003264391953681153 0
1.271330172677516 0.003759088627633665 0
1.271330172677516 0.003264391953681153 0
1.295996552012078 0.004426929137469557 0
1.271330172677516 0.005094769647305449 0
1.271330172677516 0.004426929137469557 0
1.295996552012078 0.005996354335583902 0
1.271330172677516 0.006897939023862356 0
1.271330172677516 0.005996354335583902 0
1.295996552012078 0.008115078353038268 0
1.271330172677516 0.009332217682214181 0
1.271330172677516 0.008115078353038267 0
1.295996552012078 0.01097535577660166 0
1.271330172677516 0.01261849387098915 0
1.271330172677516 0.01097535577660166 0
1.295996552012078 0.01483673029841225 0
1.271330172677516 0.01705496672583535 0
1.271330172677516 0.01483673029841225 0
1.295996552012078 0.02004958590285653 0
1.271330172677516 0.02304420507987772 0
1.271330172677516 0.02004958590285653 0
1.295996552012078 0.02708694096885632 0
1.271330172677516 0.03112967685783492 0
1.271330172677516 0.02708694096885632 0
1.295996552012078 0.03658737030795604 0
1.271330172677516 0.04204506375807715 0
1.271330172677516 0.03658737030795604 0
1.295996552012078 0.04941294991574065 0
1.271330172677516 0.04941294991574065 0
1.345329310681204 9.999999999999999e-06 0
1.320662931346641 2e-05 0
1.320662931346641 9.999999999999999e-06 0
1.345329310681204 3.35e-05 0
1.320662931346641 4.7e-05 0
1.320662931346641 3.35e-05 0
1.345329310681204 6.5225e-05 0
1.320662931346641 8.345e-05 0
1.320662931346641 6.5225e-05 0
1.345329310681204 0.00010805375 0
1.320662931346641 0.0001326575 0
1.320662931346641 0.00010805375 0
1.345329310681204 0.0001658725625 0
1.320662931346641 0.000199087625 0
1.320662931346641 0.0001658725625 0
1.345329310681204 0.000243927959375 0
1.320662931346641 0.00028876829375 0
1.320662931346641 0.000243927959375 0
1.345329310681204 0.0003493027451562501 0
1.320662931346641 0.0004098371965625001 0
1.320662931346641 0.0003493027451562501 0
1.345329310681204 0.0004915587059609376 0
1.320662931346641 0.0005732802153593751 0
1.320662931346641 0.0004915587059609377 0
1.345329310681204 0.0006836042530472657 0
1.320662931346641 0.0007939282907351565 0
1.320662931346641 0.0006836042530472657 0
1.345329310681204 0.0009428657416138089 0
1.320662931346641 0.001091803192492461 0
1.320662931346641 0.000942865741613809 0
1.345329310681204 0.001292868751178642 0
1.320662931346641 0.001493934309864823 0
1.320662931346641 0.001292868751178642 0
1.345329310681204 0.001765372814091167 0
1.320662931346641 0.002036811318317512 0
1.320662931346641 0.001765372814091167 0
1.345329310681204 0.002403253299023076 0
1.320662931346641 0.00276969527972864 0
1.320662931346641 0.002403253299023076 0
1.345329310681204 0.003264391953681152 0
1.320662931346641 0.003759088627633665 0
1.320662931346641 0.003264391953681153 0
1.345329310681204 0.004426929137469556 0
1.320662931346641 0.005094769647305448 0
1.320662931346641 0.004426929137469556 0
1.345329310681204 0.005996354335583902 0
1.320662931346641 0.006897939023862355 0
1.320662931346641 0.005996354335583902 0
1.345329310681204 0.008115078353038267 0
1.320662931346641 0.009332217682214181 0
1.320662931346641 0.00811507835303827 0
1.345329310681204 0.01097535577660166 0
1.320662931346641 0.01261849387098914 0
1.320662931346641 0.01097535577660166 0
1.345329310681204 0.01483673029841224 0
1.320662931346641 0.01705496672583535 0
1.320662931346641 0.01483673029841225 0
1.345329310681204 0.02004958590285653 0
1.320662931346641 0.02304420507987772 0
1.320662931346641 0.02004958590285653 0
1.345329310681204 0.02708694096885632 0
1.320662931346641 0.03112967685783492 0
1.320662931346641 0.02708694096885632 0
1.345329310681204 0.03658737030795603 0
1.320662931346641 0.04204506375807715 0
1.320662931346641 0.03658737030795603 0
1.345329310681204 0.04941294991574065 0
1.320662931346641 0.04941294991574065 0
1.394662069350329 1e-05 0
1.369995690015767 2e-05 0
1.369995690015767 9.999999999999999e-06 0
1.394662069350329 3.35e-05 0
1.369995690015767 4.7e-05 0
1.369995690015767 3.35e-05 0
1.394662069350329 6.5225e-05 0
1.369995690015767 8.345e-05 0
1.369995690015767 6.5225e-05 0
1.394662069350329 0.00010805375 0
1.369995690015767 0.0001326575 0
1.369995690015767 0.00010805375 0
1.394662069350329 0.0001658725625 0
1.369995690015767 0.000199087625 0
1.369995690015767 0.0001658725625 0
1.394662069350329 0.0002439279593750001 0
1.369995690015767 0.00028876829375 0
1.369995690015767 0.000243927959375 0
1.394662069350329 0.0003493027451562501 0
1.369995690015767 0.0004098371965625001 0
1.369995690015767 0.0003493027451562501 0
1.394662069350329 0.0004915587059609377 0
1.369995690015767 0.0005732802153593751 0
1.369995690015767 0.0004915587059609377 0
1.394662069350329 0.0006836042530472658 0
1.369995690015767 0.0007939282907351565 0
1.369995690015767 0.0006836042530472657 0
1.394662069350329 0.0009428657416138091 0
1.369995690015767 0.001091803192492461 0
1.369995690015767 0.000942865741613809 0
1.394662069350329 0.001292868751178642 0
1.369995690015767 0.001493934309864823 0
1.369995690015767 0.001292868751178642 0
1.394662069350329 0.001765372814091167 0
1.369995690015767 0.002036811318317512 0
1.369995690015767 0.001765372814091168 0
1.394662069350329 0.002403253299023076 0
1.369995690015767 0.00276969527972864 0
1.369995690015767 0.002403253299023076 0
1.394662069350329 0.003264391953681153 0
1.369995690015767 0.003759088627633665 0
1.369995690015767 0.003264391953681153 0
1.394662069350329 0.004426929137469557 0
1.369995690015767 0.005094769647305448 0
1.369995690015767 0.004426929137469556 0
1.394662069350329 0.005996354335583902 0
1.369995690015767 0.006897939023862355 0
1.369995690015767 0.005996354335583902 0
1.394662069350329 0.008115078353038268 0
1.369995690015767 0.009332217682214181 0
1.369995690015767 0.008115078353038267 0
1.394662069350329 0.01097535577660166 0
1.369995690015767 0.01261849387098914 0
1.369995690015767 0.01097535577660166 0
1.394662069350329 0.01483673029841225 0
1.369995690015767 0.01705496672583535 0
1.369995690015767 0.01483673029841225 0
1.394662069350329 0.02004958590285653 0
1.369995690015767 0.02304420507987772 0
1.369995690015767 0.02004958590285653 0
1.394662069350329 0.02708694096885632 0
1.369995690015767 0.03112967685783492 0
1.369995690015767 0.02708694096885632 0
1.394662069350329 0.03658737030795604 0
1.369995690015767 0.04204506375807715 0
1.369995690015767 0.03658737030795603 0
1.394662069350329 0.04941294991574065 0
1.369995690015767 0.04941294991574065 0
1.443994828019455 1e-05 0
1.419328448684892 2e-05 0
1.419328448684892 1e-05 0
1.443994828019455 3.35e-05 0
1.419328448684892 4.7e-05 0
1.419328448684892 3.35e-05 0
1.443994828019455 6.5225e-05 0
1.419328448684892 8.345000000000001e-05 0
1.419328448684892 6.5225e-05 0
1.443994828019455 0.00010805375 0
1.419328448684892 0.0001326575 0
1.419328448684892 0.00010805375 0
1.443994828019455 0.0001658725625 0
1.419328448684892 0.000199087625 0
1.419328448684892 0.0001658725625 0
1.443994828019455 0.0002439279593750001 0
1.419328448684892 0.0002887682937500001 0
1.419328448684892 0.0002439279593750001 0
1.443994828019455 0.0003493027451562501 0
1.419328448684892 0.0004098371965625001 0
1.419328448684892 0.0003493027451562501 0
1.443994828019455 0.0004915587059609377 0
1.419328448684892 0.0005732802153593752 0
1.419328448684892 0.0004915587059609377 0
1.443994828019455 0.0006836042530472658 0
1.419328448684892 0.0007939282907351566 0
1.419328448684892 0.0006836042530472658 0
1.443994828019455 0.0009428657416138091 0
1.419328448684892 0.001091803192492462 0
1.419328448684892 0.000942865741613809 0
1.443994828019455 0.001292868751178642 0
1.419328448684892 0.001493934309864823 0
1.419328448684892 0.001292868751178642 0
1.443994828019455 0.001765372814091167 0
1.419328448684892 0.002036811318317512 0
1.419328448684892 0.001765372814091167 0
1.443994828019455 0.002403253299023076 0
1.419328448684892 0.002769695279728641 0
1.419328448684892 0.002403253299023076 0
1.443994828019455 0.003264391953681153 0
1.419328448684892 0.003759088627633665 0
1.419328448684892 0.003264391953681153 0
1.443994828019455 0.004426929137469557 0
1.419328448684892 0.005094769647305449 0
1.419328448684892 0.004426929137469557 0
1.443994828019455 0.005996354335583902 0
1.419328448684892 0.006897939023862356 0
1.419328448684892 0.005996354335583902 0
1.443994828019455 0.008115078353038268 0
1.419328448684892 0.009332217682214181 0
1.419328448684892 0.008115078353038267 0
1.443994828019455 0.01097535577660166 0
1.419328448684892 0.01261849387098915 0
1.419328448684892 0.01097535577660166 0
1.443994828019455 0.01483673029841225 0
1.419328448684892 0.01705496672583535 0
1.419328448684892 0.01483673029841225 0
1.443994828019455 0.02004958590285653 0
1.419328448684892 0.02304420507987772 0
1.419328448684892 0.02004958590285653 0
1.443994828019455 0.02708694096885632 0
1.419328448684892 0.03112967685783492 0
1.419328448684892 0.02708694096885632 0
1.443994828019455 0.03658737030795604 0
1.419328448684892 0.04204506375807715 0
1.419328448684892 0.03658737030795604 0
1.443994828019455 0.04941294991574065 0
1.419328448684892 0.04941294991574065 0
1.49332758668858 1e-05 0
1.468661207354017 2e-05 0
1.468661207354017 1e-05 0
1.49332758668858 3.35e-05 0
1.468661207354017 4.7e-05 0
1.468661207354017 3.35e-05 0
1.49332758668858 6.5225e-05 0
1.468661207354017 8.345000000000001e-05 0
1.468661207354017 6.5225e-05 0
1.49332758668858 0.00010805375 0
1.468661207354017 0.0001326575 0
1.468661207354017 0.00010805375 0
1.49332758668858 0.0001658725625 0
1.468661207354017 0.000199087625 0
1.468661207354017 0.0001658725625 0
1.49332758668858 0.0002439279593750001 0
1.468661207354017 0.0002887682937500001 0
1.468661207354017 0.0002439279593750001 0
1.49332758668858 0.0003493027451562501 0
1.468661207354017 0.0004098371965625001 0
1.468661207354017 0.0003493027451562501 0
1.49332758668858 0.0004915587059609377 0
1.468661207354017 0.0005732802153593752 0
1.468661207354017 0.0004915587059609377 0
1.49332758668858 0.0006836042530472658 0
1.468661207354017 0.0007939282907351566 0
1.468661207354017 0.0006836042530472658 0
1.49332758668858 0.0009428657416138091 0
1.468661207354017 0.001091803192492462 0
1.468661207354017 0.000942865741613809 0
1.49332758668858 0.001292868751178642 0
1.468661207354017 0.001493934309864823 0
1.468661207354017 0.001292868751178642 0
1.49332758668858 0.001765372814091167 0
1.468661207354017 0.002036811318317512 0
1.468661207354017 0.001765372814091167 0
1.49332758668858 0.002403253299023076 0
1.468661207354017 0.002769695279728641 0
1.468661207354017 0.002403253299023076 0
1.49332758668858 0.003264391953681153 0
1.468661207354017 0.003759088627633665 0
1.468661207354017 0.003264391953681153 0
1.49332758668858 0.004426929137469557 0
1.468661207354017 0.005094769647305449 0
1.468661207354017 0.004426929137469557 0
1.49332758668858 0.005996354335583902 0
1.468661207354017 0.006897939023862356 0
1.468661207354017 0.005996354335583902 0
1.49332758668858 0.008115078353038268 0
1.468661207354017 0.009332217682214181 0
1.468661207354017 0.008115078353038267 0
1.49332758668858 0.01097535577660166 0
1.468661207354017 0.01261849387098915 0
1.468661207354017 0.01097535577660166 0
1.49332758668858 0.01483673029841225 0
1.468661207354017 0.01705496672583535 0
1.468661207354017 0.01483673029841225 0
1.49332758668858 0.02004958590285653 0
1.468661207354017 0.02304420507987772 0
1.468661207354017 0.02004958590285653 0
1.49332758668858 0.02708694096885632 0
1.468661207354017 0.03112967685783492 0
1.468661207354017 0.02708694096885632 0
1.49332758668858 0.03658737030795604 0
1.468661207354017 0.04204506375807715 0
1.468661207354017 0.03658737030795604 0
1.49332758668858 0.04941294991574065 0
1.468661207354017 0.04941294991574065 0
1.542660345357705 1e-05 0
1.517993966023143 2e-05 0
1.517993966023143 1e-05 0
1.542660345357705 3.35e-05 0
1.517993966023143 4.7e-05 0
1.517993966023143 3.35e-05 0
1.542660345357705 6.5225e-05 0
1.517993966023143 8.345000000000001e-05 0
1.517993966023143 6.5225e-05 0
1.542660345357705 0.00010805375 0
1.517993966023143 0.0001326575 0
1.517993966023143 0.00010805375 0
1.542660345357705 0.0001658725625 0
1.517993966023143 0.000199087625 0
1.517993966023143 0.0001658725625 0
1.542660345357705 0.0002439279593750001 0
1.517993966023143 0.0002887682937500001 0
1.517993966023143 0.0002439279593750001 0
1.542660345357705 0.0003493027451562501 0
1.517993966023143 0.0004098371965625001 0
1.517993966023143 0.0003493027451562501 0
1.542660345357705 0.0004915587059609377 0
1.517993966023143 0.0005732802153593752 0
1.517993966023143 0.0004915587059609377 0
1.542660345357705 0.0006836042530472658 0
1.517993966023143 0.0007939282907351566 0
1.517993966023143 0.0006836042530472658 0
1.542660345357705 0.0009428657416138091 0
1.517993966023143 0.001091803192492462 0
1.517993966023143 0.000942865741613809 0
1.542660345357705 0.001292868751178642 0
1.517993966023143 0.001493934309864823 0
1.517993966023143 0.001292868751178642 0
1.542660345357705 0.001765372814091167 0
1.517993966023143 0.002036811318317512 0
1.517993966023143 0.001765372814091167 0
1.542660345357705 0.002403253299023076 0
1.517993966023143 0.002769695279728641 0
1.517993966023143 0.002403253299023076 0
1.542660345357705 0.003264391953681153 0
1.517993966023143 0.003759088627633665 0
1.517993966023143 0.003264391953681153 0
1.542660345357705 0.004426929137469557 0
1.517993966023143 0.005094769647305449 0
1.517993966023143 0.004426929137469557 0
1.542660345357705 0.005996354335583902 0
1.517993966023143 0.006897939023862356 0
1.517993966023143 0.005996354335583902 0
1.542660345357705 0.008115078353038268 0
1.517993966023143 0.009332217682214181 0
1.517993966023143 0.008115078353038267 0
1.542660345357705 0.01097535577660166 0
1.517993966023143 0.01261849387098915 0
1.517993966023143 0.01097535577660166 0
1.542660345357705 0.01483673029841225 0
1.517993966023143 0.01705496672583535 0
1.517993966023143 0.01483673029841225 0
1.542660345357705 0.02004958590285653 0
1.517993966023143 0.02304420507987772 0
1.517993966023143 0.02004958590285653 0
1.542660345357705 0.02708694096885632 0
1.517993966023143 0.03112967685783492 0
1.517993966023143 0.02708694096885632 0
1.542660345357705 0.03658737030795604 0
1.517993966023143 0.04204506375807715 0
1.517993966023143 0.03658737030795604 0
1.542660345357705 0.04941294991574065 0
1.517993966023143 0.04941294991574065 0
1.591993104026831 9.999999999999999e-06 0
1.567326724692268 2e-05 0
1.567326724692268 9.999999999999999e-06 0
1.591993104026831 3.35e-05 0
1.567326724692268 4.7e-05 0
1.567326724692268 3.35e-05 0
1.591993104026831 6.5225e-05 0
1.567326724692268 8.345e-05 0
1.567326724692268 6.5225e-05 0
1.591993104026831 0.00010805375 0
1.567326724692268 0.0001326575 0
1.567326724692268 0.00010805375 0
1.591993104026831 0.0001658725625 0
1.567326724692268 0.000199087625 0
1.567326724692268 0.0001658725625 0
1.591993104026831 0.000243927959375 0
1.567326724692268 0.00028876829375 0
1.567326724692268 0.000243927959375 0
1.591993104026831 0.0003493027451562501 0
1.567326724692268 0.0004098371965625001 0
1.567326724692268 0.0003493027451562501 0
1.591993104026831 0.0004915587059609376 0
1.567326724692268 0.0005732802153593751 0
1.567326724692268 0.0004915587059609377 0
1.591993104026831 0.0006836042530472657 0
1.567326724692268 0.0007939282907351565 0
1.567326724692268 0.0006836042530472657 0
1.591993104026831 0.0009428657416138089 0
1.567326724692268 0.001091803192492461 0
1.567326724692268 0.000942865741613809 0
1.591993104026831 0.001292868751178642 0
1.567326724692268 0.001493934309864823 0
1.567326724692268 0.001292868751178642 0
1.591993104026831 0.001765372814091167 0
1.567326724692268 0.002036811318317512 0
1.567326724692268 0.001765372814091167 0
1.591993104026831 0.002403253299023076 0
1.567326724692268 0.00276969527972864 0
1.567326724692268 0.002403253299023076 0
1.591993104026831 0.003264391953681152 0
1.567326724692268 0.003759088627633665 0
1.567326724692268 0.003264391953681153 0
1.591993104026831 0.004426929137469556 0
1.567326724692268 0.005094769647305448 0
1.567326724692268 0.004426929137469556 0
1.591993104026831 0.005996354335583902 0
1.567326724692268 0.006897939023862355 0
1.567326724692268 0.005996354335583902 0
1.591993104026831 0.008115078353038267 0
1.567326724692268 0.009332217682214181 0
1.567326724692268 0.00811507835303827 0
1.591993104026831 0.01097535577660166 0
1.567326724692268 0.01261849387098914 0
1.567326724692268 0.01097535577660166 0
1.591993104026831 0.01483673029841224 0
1.567326724692268 0.01705496672583535 0
1.567326724692268 0.01483673029841225 0
1.591993104026831 0.02004958590285653 0
1.567326724692268 0.02304420507987772 0
1.567326724692268 0.02004958590285653 0
1.591993104026831 0.02708694096885632 0
1.567326724692268 0.03112967685783492 0
1.567326724692268 0.02708694096885632 0
1.591993104026831 0.03658737030795603 0
1.567326724692268 0.04204506375807715 0
1.567326724692268 0.03658737030795603 0
1.591993104026831 0.04941294991574065 0
1.567326724692268 0.04941294991574065 0
1.641325862695956 1e-05 0
1.616659483361393 2e-05 0
1.616659483361393 9.999999999999999e-06 0
1.641325862695956 3.35e-05 0
1.616659483361393 4.7e-05 0
1.616659483361393 3.35e-05 0
1.641325862695956 6.5225e-05 0
1.616659483361393 8.345e-05 0
1.616659483361393 6.5225e-05 0
1.641325862695956 0.00010805375 0
1.616659483361393 0.0001326575 0
1.616659483361393 0.00010805375 0
1.641325862695956 0.0001658725625 0
1.616659483361393 0.000199087625 0
1.616659483361393 0.0001658725625 0
1.641325862695956 0.0002439279593750001 0
1.616659483361393 0.00028876829375 0
1.616659483361393 0.000243927959375 0
1.641325862695956 0.0003493027451562501 0
1.616659483361393 0.0004098371965625001 0
1.616659483361393 0.0003493027451562501 0
1.641325862695956 0.0004915587059609377 0
1.616659483361393 0.0005732802153593751 0
1.616659483361393 0.0004915587059609377 0
1.641325862695956 0.0006836042530472658 0
1.616659483361393 0.0007939282907351565 0
1.616659483361393 0.0006836042530472657 0
1.641325862695956 0.0009428657416138091 0
1.616659483361393 0.001091803192492461 0
1.616659483361393 0.000942865741613809 0
1.641325862695956 0.001292868751178642 0
1.616659483361393 0.001493934309864823 0
1.616659483361393 0.001292868751178642 0
1.641325862695956 0.001765372814091167 0
1.616659483361393 0.002036811318317512 0
1.616659483361393 0.001765372814091168 0
1.641325862695956 0.002403253299023076 0
1.616659483361393 0.00276969527972864 0
1.616659483361393 0.002403253299023076 0
1.641325862695956 0.003264391953681153 0
1.616659483361393 0.003759088627633665 0
1.616659483361393 0.003264391953681153 0
1.641325862695956 0.004426929137469557 0
1.616659483361393 0.005094769647305448 0
1.616659483361393 0.004426929137469556 0
1.641325862695956 0.005996354335583902 0
1.616659483361393 0.006897939023862355 0
1.616659483361393 0.005996354335583902 0
1.641325862695956 0.008115078353038268 0
1.616659483361393 0.009332217682214181 0
1.616659483361393 0.008115078353038267 0
1.641325862695956 0.01097535577660166 0
1.616659483361393 0.01261849387098914 0
1.616659483361393 0.01097535577660166 0
1.641325862695956 0.01483673029841225 0
1.616659483361393 0.01705496672583535 0
1.616659483361393 0.01483673029841225 0
1.641325862695956 0.02004958590285653 0
1.616659483361393 0.02304420507987772 0
1.616659483361393 0.02004958590285653 0
1.641325862695956 0.02708694096885632 0
1.616659483361393 0.03112967685783492 0
1.616659483361393 0.02708694096885632 0
1.641325862695956 0.03658737030795604 0
1.616659483361393 0.04204506375807715 0
1.616659483361393 0.03658737030795603 0
1.641325862695956 0.04941294991574065 0
1.616659483361393 0.04941294991574065 0
1.665992242030519 2e-05 0
1.665992242030519 1e-05 0
1.665992242030519 4.7e-05 0
1.665992242030519 3.35e-05 0
1.665992242030519 8.345000000000001e-05 0
1.665992242030519 6.5225e-05 0
1.665992242030519 0.0001326575 0
1.665992242030519 0.00010805375 0
1.665992242030519 0.000199087625 0
1.665992242030519 0.0001658725625 0
1.665992242030519 0.0002887682937500001 0
1.665992242030519 0.0002439279593750001 0
1.665992242030519 0.0004098371965625001 0
1.665992242030519 0.0003493027451562501 0
1.665992242030519 0.0005732802153593752 0
1.665992242030519 0.0004915587059609377 0
1.665992242030519 0.0007939282907351566 0
1.665992242030519 0.0006836042530472658 0
1.665992242030519 0.001091803192492462 0
1.665992242030519 0.000942865741613809 0
1.665992242030519 0.001493934309864823 0
1.665992242030519 0.001292868751178642 0
1.665992242030519 0.002036811318317512 0
1.665992242030519 0.001765372814091167 0
1.665992242030519 0.002769695279728641 0
1.665992242030519 0.002403253299023076 0
1.665992242030519 0.003759088627633665 0
1.665992242030519 0.003264391953681153 0
1.665992242030519 0.005094769647305449 0
1.665992242030519 0.004426929137469557 0
1.665992242030519 0.006897939023862356 0
1.665992242030519 0.005996354335583902 0
1.665992242030519 0.009332217682214181 0
1.665992242030519 0.008115078353038267 0
1.665992242030519 0.01261849387098915 0
1.665992242030519 0.01097535577660166 0
1.665992242030519 0.01705496672583535 0
1.665992242030519 0.01483673029841225 0
1.665992242030519 0.02304420507987772 0
1.665992242030519 0.02004958590285653 0
1.665992242030519 0.03112967685783492 0
1.665992242030519 0.02708694096885632 0
1.665992242030519 0.04204506375807715 0
1.665992242030519 0.03658737030795604 0
1.665992242030519 0.04941294991574065 0
1.838656897372458 1e-05 0
1.813990518037895 2e-05 0
1.813990518037895 1e-05 0
1.838656897372458 3.35e-05 0
1.813990518037895 4.7e-05 0
1.813990518037895 3.35e-05 0
1.838656897372458 6.5225e-05 0
1.813990518037895 8.345000000000001e-05 0
1.813990518037895 6.5225e-05 0
1.838656897372458 0.00010805375 0
1.813990518037895 0.0001326575 0
1.813990518037895 0.00010805375 0
1.838656897372458 0.0001658725625 0
1.813990518037895 0.000199087625 0
1.813990518037895 0.0001658725625 0
1.838656897372458 0.0002439279593750001 0
1.813990518037895 0.0002887682937500001 0
1.813990518037895 0.0002439279593750001 0
1.838656897372458 0.0003493027451562501 0
1.813990518037895 0.0004098371965625001 0
1.813990518037895 0.0003493027451562501 0
1.838656897372458 0.0004915587059609377 0
1.813990518037895 0.0005732802153593752 0
1.813990518037895 0.0004915587059609377 0
1.838656897372458 0.0006836042530472658 0
1.813990518037895 0.0007939282907351566 0
1.813990518037895 0.0006836042530472658 0
1.838656897372458 0.0009428657416138091 0
1.813990518037895 0.001091803192492462 0
1.813990518037895 0.000942865741613809 0
1.838656897372458 0.001292868751178642 0
1.813990518037895 0.001493934309864823 0
1.813990518037895 0.001292868751178642 0
1.838656897372458 0.001765372814091167 0
1.813990518037895 0.002036811318317512 0
1.813990518037895 0.001765372814091167 0
1.838656897372458 0.002403253299023076 0
1.813990518037895 0.002769695279728641 0
1.813990518037895 0.002403253299023076 0
1.838656897372458 0.003264391953681153 0
1.813990518037895 0.003759088627633665 0
1.813990518037895 0.003264391953681153 0
1.838656897372458 0.004426929137469557 0
1.813990518037895 0.005094769647305449 0
1.813990518037895 0.004426929137469557 0
1.838656897372458 0.005996354335583902 0
1.813990518037895 0.006897939023862356 0
1.813990518037895 0.005996354335583902 0
1.838656897372458 0.008115078353038268 0
1.813990518037895 0.009332217682214181 0
1.813990518037895 0.008115078353038267 0
1.838656897372458 0.01097535577660166 0
1.813990518037895 0.01261849387098915 0
1.813990518037895 0.01097535577660166 0
1.838656897372458 0.01483673029841225 0
1.813990518037895 0.01705496672583535 0
1.813990518037895 0.01483673029841225 0
1.838656897372458 0.02004958590285653 0
1.813990518037895 0.02304420507987772 0
1.813990518037895 0.02004958590285653 0
1.838656897372458 0.02708694096885632 0
1.813990518037895 0.03112967685783492 0
1.813990518037895 0.02708694096885632 0
1.838656897372458 0.03658737030795604 0
1.813990518037895 0.04204506375807715 0
1.813990518037895 0.03658737030795604 0
1.838656897372458 0.04941294991574065 0
1.813990518037895 0.04941294991574065 0
1.884342126641866 1e-05 0
1.861499512007162 2.000000000000001e-05 0
1.861499512007162 1e-05 0
1.884342126641866 3.350000000000001e-05 0
1.861499512007162 4.700000000000001e-05 0
1.861499512007162 3.350000000000001e-05 0
1.884342126641866 6.522500000000003e-05 0
1.861499512007162 8.345000000000002e-05 0
1.861499512007162 6.522500000000001e-05 0
1.884342126641866 0.00010805375 0
1.861499512007162 0.0001326575 0
1.861499512007162 0.00010805375 0
1.884342126641866 0.0001658725625 0
1.861499512007162 0.0001990876250000001 0
1.861499512007162 0.0001658725625 0
1.884342126641866 0.0002439279593750001 0
1.861499512007162 0.0002887682937500001 0
1.861499512007162 0.0002439279593750001 0
1.884342126641866 0.0003493027451562502 0
1.861499512007162 0.0004098371965625002 0
1.861499512007162 0.0003493027451562502 0
1.884342126641866 0.0004915587059609377 0
1.861499512007162 0.0005732802153593753 0
1.861499512007162 0.0004915587059609377 0
1.884342126641866 0.0006836042530472661 0
1.861499512007162 0.0007939282907351566 0
1.861499512007162 0.000683604253047266 0
1.884342126641866 0.0009428657416138092 0
1.861499512007162 0.001091803192492462 0
1.861499512007162 0.0009428657416138092 0
1.884342126641866 0.001292868751178643 0
1.861499512007162 0.001493934309864823 0
1.861499512007162 0.001292868751178642 0
1.884342126641866 0.001765372814091168 0
1.861499512007162 0.002036811318317512 0
1.861499512007162 0.001765372814091168 0
1.884342126641866 0.002403253299023076 0
1.861499512007162 0.002769695279728641 0
1.861499512007162 0.002403253299023076 0
1.884342126641866 0.003264391953681153 0
1.861499512007162 0.003759088627633665 0
1.861499512007162 0.003264391953681153 0
1.884342126641866 0.004426929137469558 0
1.861499512007162 0.00509476964730545 0
1.861499512007162 0.004426929137469558 0
1.884342126641866 0.005996354335583903 0
1.861499512007162 0.006897939023862357 0
1.861499512007162 0.005996354335583903 0
1.884342126641866 0.00811507835303827 0
1.861499512007162 0.009332217682214181 0
1.861499512007162 0.008115078353038268 0
1.884342126641866 0.01097535577660166 0
1.861499512007162 0.01261849387098915 0
1.861499512007162 0.01097535577660167 0
1.884342126641866 0.01483673029841225 0
1.861499512007162 0.01705496672583535 0
1.861499512007162 0.01483673029841225 0
1.884342126641866 0.02004958590285653 0
1.861499512007162 0.02304420507987772 0
1.861499512007162 0.02004958590285653 0
1.884342126641866 0.02708694096885632 0
1.861499512007162 0.03112967685783492 0
1.861499512007162 0.02708694096885632 0
1.884342126641866 0.03658737030795604 0
1.861499512007162 0.04204506375807715 0
1.861499512007162 0.03658737030795604 0
1.884342126641866 0.04941294991574065 0
1.861499512007162 0.04941294991574065 0
1.917881548674944 1e-05 0
1.901111837658405 2.000000000000001e-05 0
1.901111837658405 1e-05 0
1.917881548674944 3.35e-05 0
1.901111837658405 4.700000000000001e-05 0
1.901111837658405 3.350000000000001e-05 0
1.917881548674944 6.5225e-05 0
1.901111837658405 8.345000000000002e-05 0
1.901111837658405 6.522500000000001e-05 0
1.917881548674944 0.00010805375 0
1.901111837658405 0.0001326575 0
1.901111837658405 0.00010805375 0
1.917881548674944 0.0001658725625 0
1.901111837658405 0.0001990876250000001 0
1.901111837658405 0.0001658725625 0
1.917881548674944 0.0002439279593750001 0
1.901111837658405 0.0002887682937500001 0
1.901111837658405 0.0002439279593750001 0
1.917881548674944 0.0003493027451562501 0
1.901111837658405 0.0004098371965625002 0
1.901111837658405 0.0003493027451562501 0
1.917881548674944 0.0004915587059609377 0
1.901111837658405 0.0005732802153593753 0
1.901111837658405 0.0004915587059609377 0
1.917881548674944 0.0006836042530472658 0
1.901111837658405 0.0007939282907351566 0
1.901111837658405 0.000683604253047266 0
1.917881548674944 0.0009428657416138091 0
1.901111837658405 0.001091803192492462 0
1.901111837658405 0.0009428657416138092 0
1.917881548674944 0.001292868751178642 0
1.901111837658405 0.001493934309864823 0
1.901111837658405 0.001292868751178642 0
1.917881548674944 0.001765372814091167 0
1.901111837658405 0.002036811318317512 0
1.901111837658405 0.001765372814091168 0
1.917881548674944 0.002403253299023076 0
1.901111837658405 0.002769695279728641 0
1.901111837658405 0.002403253299023076 0
1.917881548674944 0.003264391953681153 0
1.901111837658405 0.003759088627633665 0
1.901111837658405 0.003264391953681153 0
1.917881548674944 0.004426929137469557 0
1.901111837658405 0.00509476964730545 0
1.901111837658405 0.004426929137469557 0
1.917881548674944 0.005996354335583902 0
1.901111837658405 0.006897939023862357 0
1.901111837658405 0.005996354335583903 0
1.917881548674944 0.008115078353038268 0
1.901111837658405 0.009332217682214181 0
1.901111837658405 0.008115078353038268 0
1.917881548674944 0.01097535577660166 0
1.901111837658405 0.01261849387098915 0
1.901111837658405 0.01097535577660166 0
1.917881548674944 0.01483673029841225 0
1.901111837658405 0.01705496672583535 0
1.901111837658405 0.01483673029841225 0
1.917881548674944 0.02004958590285653 0
1.901111837658405 0.02304420507987772 0
1.901111837658405 0.02004958590285653 0
1.917881548674944 0.02708694096885632 0
1.901111837658405 0.03112967685783492 0
1.901111837658405 0.02708694096885632 0
1.917881548674944 0.03658737030795604 0
1.901111837658405 0.04204506375807715 0
1.901111837658405 0.03658737030795604 0
1.917881548674944 0.04941294991574065 0
1.901111837658405 0.04941294991574065 0
1.941798487163879 1e-05 0
1.929840017919412 2.000000000000001e-05 0
1.929840017919412 1e-05 0
1.941798487163879 3.350000000000001e-05 0
1.929840017919412 4.700000000000001e-05 0
1.929840017919412 3.350000000000001e-05 0
1.941798487163879 6.522500000000003e-05 0
1.929840017919412 8.345000000000002e-05 0
1.929840017919412 6.522500000000001e-05 0
1.941798487163879 0.00010805375 0
1.929840017919412 0.0001326575 0
1.929840017919412 0.00010805375 0
1.941798487163879 0.0001658725625 0
1.929840017919412 0.0001990876250000001 0
1.929840017919412 0.0001658725625 0
1.941798487163879 0.0002439279593750001 0
1.929840017919412 0.0002887682937500001 0
1.929840017919412 0.0002439279593750001 0
1.941798487163879 0.0003493027451562502 0
1.929840017919412 0.0004098371965625002 0
1.929840017919412 0.0003493027451562502 0
1.941798487163879 0.0004915587059609377 0
1.929840017919412 0.0005732802153593753 0
1.929840017919412 0.0004915587059609377 0
1.941798487163879 0.0006836042530472661 0
1.929840017919412 0.0007939282907351566 0
1.929840017919412 0.000683604253047266 0
1.941798487163879 0.0009428657416138092 0
1.929840017919412 0.001091803192492462 0
1.929840017919412 0.0009428657416138092 0
1.941798487163879 0.001292868751178643 0
1.929840017919412 0.001493934309864823 0
1.929840017919412 0.001292868751178642 0
1.941798487163879 0.001765372814091168 0
1.929840017919412 0.002036811318317512 0
1.929840017919412 0.001765372814091168 0
1.941798487163879 0.002403253299023076 0
1.929840017919412 0.002769695279728641 0
1.929840017919412 0.002403253299023076 0
1.941798487163879 0.003264391953681153 0
1.929840017919412 0.003759088627633665 0
1.929840017919412 0.003264391953681153 0
1.941798487163879 0.004426929137469558 0
1.929840017919412 0.00509476964730545 0
1.929840017919412 0.004426929137469558 0
1.941798487163879 0.005996354335583903 0
1.929840017919412 0.006897939023862357 0
1.929840017919412 0.005996354335583903 0
1.941798487163879 0.00811507835303827 0
1.929840017919412 0.009332217682214181 0
1.929840017919412 0.008115078353038268 0
1.941798487163879 0.01097535577660166 0
1.929840017919412 0.01261849387098915 0
1.929840017919412 0.01097535577660167 0
1.941798487163879 0.01483673029841225 0
1.929840017919412 0.01705496672583535 0
1.929840017919412 0.01483673029841225 0
1.941798487163879 0.02004958590285653 0
1.929840017919412 0.02304420507987772 0
1.929840017919412 0.02004958590285653 0
1.941798487163879 0.02708694096885632 0
1.929840017919412 0.03112967685783492 0
1.929840017919412 0.02708694096885632 0
1.941798487163879 0.03658737030795604 0
1.929840017919412 0.04204506375807715 0
1.929840017919412 0.03658737030795604 0
1.941798487163879 0.04941294991574065 0
1.929840017919412 0.04941294991574065 0
1.958871602433524 1e-05 0
1.950335044798702 2.000000000000001e-05 0
1.950335044798702 1e-05 0
1.958871602433524 3.35e-05 0
1.950335044798702 4.700000000000001e-05 0
1.950335044798702 3.350000000000001e-05 0
1.958871602433524 6.5225e-05 0
1.950335044798702 8.345000000000002e-05 0
1.950335044798702 6.522500000000001e-05 0
1.958871602433524 0.00010805375 0
1.950335044798702 0.0001326575 0
1.950335044798702 0.00010805375 0
1.958871602433524 0.0001658725625 0
1.950335044798702 0.0001990876250000001 0
1.950335044798702 0.0001658725625 0
1.958871602433524 0.0002439279593750001 0
1.950335044798702 0.0002887682937500001 0
1.950335044798702 0.0002439279593750001 0
1.958871602433524 0.0003493027451562501 0
1.950335044798702 0.0004098371965625002 0
1.950335044798702 0.0003493027451562501 0
1.958871602433524 0.0004915587059609377 0
1.950335044798702 0.0005732802153593753 0
1.950335044798702 0.0004915587059609377 0
1.958871602433524 0.0006836042530472658 0
1.950335044798702 0.0007939282907351566 0
1.950335044798702 0.000683604253047266 0
1.958871602433524 0.0009428657416138091 0
1.950335044798702 0.001091803192492462 0
1.950335044798702 0.0009428657416138092 0
1.958871602433524 0.001292868751178642 0
1.950335044798702 0.001493934309864823 0
1.950335044798702 0.001292868751178642 0
1.958871602433524 0.001765372814091167 0
1.950335044798702 0.002036811318317512 0
1.950335044798702 0.001765372814091168 0
1.958871602433524 0.002403253299023076 0
1.950335044798702 0.002769695279728641 0
1.950335044798702 0.002403253299023076 0
1.958871602433524 0.003264391953681153 0
1.950335044798702 0.003759088627633665 0
1.950335044798702 0.003264391953681153 0
1.958871602433524 0.004426929137469557 0
1.950335044798702 0.00509476964730545 0
1.950335044798702 0.004426929137469557 0
1.958871602433524 0.005996354335583902 0
1.950335044798702 0.006897939023862357 0
1.950335044798702 0.005996354335583903 0
1.958871602433524 0.008115078353038268 0
1.950335044798702 0.009332217682214181 0
1.950335044798702 0.008115078353038268 0
1.958871602433524 0.01097535577660166 0
1.950335044798702 0.01261849387098915 0
1.950335044798702 0.01097535577660166 0
1.958871602433524 0.01483673029841225 0
1.950335044798702 0.01705496672583535 0
1.950335044798702 0.01483673029841225 0
1.958871602433524 0.02004958590285653 0
1.950335044798702 0.02304420507987772 0
1.950335044798702 0.02004958590285653 0
1.958871602433524 0.02708694096885632 0
1.950335044798702 0.03112967685783492 0
1.950335044798702 0.02708694096885632 0
1.958871602433524 0.03658737030795604 0
1.950335044798702 0.04204506375807715 0
1.950335044798702 0.03658737030795604 0
1.958871602433524 0.04941294991574065 0
1.950335044798702 0.04941294991574065 0
1.971059258002328 1e-05 0
1.964965430217926 2e-05 0
1.964965430217926 1e-05 0
1.971059258002328 3.35e-05 0
1.964965430217926 4.7e-05 0
1.964965430217926 3.35e-05 0
1.971059258002328 6.5225e-05 0
1.964965430217926 8.345000000000001e-05 0
1.964965430217926 6.5225e-05 0
1.971059258002328 0.00010805375 0
1.964965430217926 0.0001326575 0
1.964965430217926 0.00010805375 0
1.971059258002328 0.0001658725625 0
1.964965430217926 0.000199087625 0
1.964965430217926 0.0001658725625 0
1.971059258002328 0.0002439279593750001 0
1.964965430217926 0.0002887682937500001 0
1.964965430217926 0.0002439279593750001 0
1.971059258002328 0.0003493027451562501 0
1.964965430217926 0.0004098371965625001 0
1.964965430217926 0.0003493027451562501 0
1.971059258002328 0.0004915587059609377 0
1.964965430217926 0.0005732802153593752 0
1.964965430217926 0.0004915587059609377 0
1.971059258002328 0.0006836042530472658 0
1.964965430217926 0.0007939282907351566 0
1.964965430217926 0.0006836042530472658 0
1.971059258002328 0.0009428657416138091 0
1.964965430217926 0.001091803192492462 0
1.964965430217926 0.000942865741613809 0
1.971059258002328 0.001292868751178642 0
1.964965430217926 0.001493934309864823 0
1.964965430217926 0.001292868751178642 0
1.971059258002328 0.001765372814091167 0
1.964965430217926 0.002036811318317512 0
1.964965430217926 0.001765372814091167 0
1.971059258002328 0.002403253299023076 0
1.964965430217926 0.002769695279728641 0
1.964965430217926 0.002403253299023076 0
1.971059258002328 0.003264391953681153 0
1.964965430217926 0.003759088627633665 0
1.964965430217926 0.003264391953681153 0
1.971059258002328 0.004426929137469557 0
1.964965430217926 0.005094769647305449 0
1.964965430217926 0.004426929137469557 0
1.971059258002328 0.005996354335583902 0
1.964965430217926 0.006897939023862356 0
1.964965430217926 0.005996354335583902 0
1.971059258002328 0.008115078353038268 0
1.964965430217926 0.009332217682214181 0
1.964965430217926 0.008115078353038267 0
1.971059258002328 0.01097535577660166 0
1.964965430217926 0.01261849387098915 0
1.964965430217926 0.01097535577660166 0
1.971059258002328 0.01483673029841225 0
1.964965430217926 0.01705496672583535 0
1.964965430217926 0.01483673029841225 0
1.971059258002328 0.02004958590285653 0
1.964965430217926 0.02304420507987772 0
1.964965430217926 0.02004958590285653 0
1.971059258002328 0.02708694096885632 0
1.964965430217926 0.03112967685783492 0
1.964965430217926 0.02708694096885632 0
1.971059258002328 0.03658737030795604 0
1.964965430217926 0.04204506375807715 0
1.964965430217926 0.03658737030795604 0
1.971059258002328 0.04941294991574065 0
1.964965430217926 0.04941294991574065 0
1.979759421195022 1e-05 0
1.975409339598675 2e-05 0
1.975409339598675 1e-05 0
1.979759421195022 3.35e-05 0
1.975409339598675 4.7e-05 0
1.975409339598675 3.35e-05 0
1.979759421195022 6.5225e-05 0
1.975409339598675 8.345000000000001e-05 0
1.975409339598675 6.5225e-05 0
1.979759421195022 0.00010805375 0
1.975409339598675 0.0001326575 0
1.975409339598675 0.00010805375 0
1.979759421195022 0.0001658725625 0
1.975409339598675 0.000199087625 0
1.975409339598675 0.0001658725625 0
1.979759421195022 0.0002439279593750001 0
1.975409339598675 0.0002887682937500001 0
1.975409339598675 0.0002439279593750001 0
1.979759421195022 0.0003493027451562501 0
1.975409339598675 0.0004098371965625001 0
1.975409339598675 0.0003493027451562501 0
1.979759421195022 0.0004915587059609377 0
1.975409339598675 0.0005732802153593752 0
1.975409339598675 0.0004915587059609377 0
1.979759421195022 0.0006836042530472658 0
1.975409339598675 0.0007939282907351566 0
1.975409339598675 0.0006836042530472658 0
1.979759421195022 0.0009428657416138091 0
1.975409339598675 0.001091803192492462 0
1.975409339598675 0.000942865741613809 0
1.979759421195022 0.001292868751178642 0
1.975409339598675 0.001493934309864823 0
1.975409339598675 0.001292868751178642 0
1.979759421195022 0.001765372814091167 0
1.975409339598675 0.002036811318317512 0
1.975409339598675 0.001765372814091167 0
1.979759421195022 0.002403253299023076 0
1.975409339598675 0.002769695279728641 0
1.975409339598675 0.002403253299023076 0
1.979759421195022 0.003264391953681153 0
1.975409339598675 0.003759088627633665 0
1.975409339598675 0.003264391953681153 0
1.979759421195022 0.004426929137469557 0
1.975409339598675 0.005094769647305449 0
1.975409339598675 0.004426929137469557 0
1.979759421195022 0.005996354335583902 0
1.975409339598675 0.006897939023862356 0
1.975409339598675 0.005996354335583902 0
1.979759421195022 0.008115078353038268 0
1.975409339598675 0.009332217682214181 0
1.975409339598675 0.008115078353038267 0
1.979759421195022 0.01097535577660166 0
1.975409339598675 0.01261849387098915 0
1.975409339598675 0.01097535577660166 0
1.979759421195022 0.01483673029841225 0
1.975409339598675 0.01705496672583535 0
1.975409339598675 0.01483673029841225 0
1.979759421195022 0.02004958590285653 0
1.975409339598675 0.02304420507987772 0
1.975409339598675 0.02004958590285653 0
1.979759421195022 0.02708694096885632 0
1.975409339598675 0.03112967685783492 0
1.975409339598675 0.02708694096885632 0
1.979759421195022 0.03658737030795604 0
1.975409339598675 0.04204506375807715 0
1.975409339598675 0.03658737030795604 0
1.979759421195022 0.04941294991574065 0
1.975409339598675 0.04941294991574065 0
1.985970039247263 1e-05 0
1.982864730221142 2e-05 0
1.982864730221142 1e-05 0
1.985970039247263 3.35e-05 0
1.982864730221142 4.7e-05 0
1.982864730221142 3.35e-05 0
1.985970039247263 6.5225e-05 0
1.982864730221142 8.345000000000001e-05 0
1.982864730221142 6.5225e-05 0
1.985970039247263 0.00010805375 0
1.982864730221142 0.0001326575 0
1.982864730221142 0.00010805375 0
1.985970039247263 0.0001658725625 0
1.982864730221142 0.000199087625 0
1.982864730221142 0.0001658725625 0
1.985970039247263 0.0002439279593750001 0
1.982864730221142 0.0002887682937500001 0
1.982864730221142 0.0002439279593750001 0
1.985970039247263 0.0003493027451562501 0
1.982864730221142 0.0004098371965625001 0
1.982864730221142 0.0003493027451562501 0
1.985970039247263 0.0004915587059609377 0
1.982864730221142 0.0005732802153593752 0
1.982864730221142 0.0004915587059609377 0
1.985970039247263 0.0006836042530472658 0
1.982864730221142 0.0007939282907351566 0
1.982864730221142 0.0006836042530472658 0
1.985970039247263 0.0009428657416138091 0
1.982864730221142 0.001091803192492462 0
1.982864730221142 0.000942865741613809 0
1.985970039247263 0.001292868751178642 0
1.982864730221142 0.001493934309864823 0
1.982864730221142 0.001292868751178642 0
1.985970039247263 0.001765372814091167 0
1.982864730221142 0.002036811318317512 0
1.982864730221142 0.001765372814091167 0
1.985970039247263 0.002403253299023076 0
1.982864730221142 0.002769695279728641 0
1.982864730221142 0.002403253299023076 0
1.985970039247263 0.003264391953681153 0
1.982864730221142 0.003759088627633665 0
1.982864730221142 0.003264391953681153 0
1.985970039247263 0.004426929137469557 0
1.982864730221142 0.005094769647305449 0
1.982864730221142 0.004426929137469557 0
1.985970039247263 0.005996354335583902 0
1.982864730221142 0.006897939023862356 0
1.982864730221142 0.005996354335583902 0
1.985970039247263 0.008115078353038268 0
1.982864730221142 0.009332217682214181 0
1.982864730221142 0.008115078353038267 0
1.985970039247263 0.01097535577660166 0
1.982864730221142 0.01261849387098915 0
1.982864730221142 0.01097535577660166 0
1.985970039247263 0.01483673029841225 0
1.982864730221142 0.01705496672583535 0
1.982864730221142 0.01483673029841225 0
1.985970039247263 0.02004958590285653 0
1.982864730221142 0.02304420507987772 0
1.982864730221142 0.02004958590285653 0
1.985970039247263 0.02708694096885632 0
1.982864730221142 0.03112967685783492 0
1.982864730221142 0.02708694096885632 0
1.985970039247263 0.03658737030795604 0
1.982864730221142 0.04204506375807715 0
1.982864730221142 0.03658737030795604 0
1.985970039247263 0.04941294991574065 0
1.982864730221142 0.04941294991574065 0
1.990403491284519 1e-05 0
1.988186765265891 2e-05 0
1.988186765265891 1e-05 0
1.990403491284519 3.35e-05 0
1.988186765265891 4.7e-05 0
1.988186765265891 3.35e-05 0
1.990403491284519 6.5225e-05 0
1.988186765265891 8.345000000000001e-05 0
1.988186765265891 6.5225e-05 0
1.990403491284519 0.00010805375 0
1.988186765265891 0.0001326575 0
1.988186765265891 0.00010805375 0
1.990403491284519 0.0001658725625 0
1.988186765265891 0.000199087625 0
1.988186765265891 0.0001658725625 0
1.990403491284519 0.0002439279593750001 0
1.988186765265891 0.0002887682937500001 0
1.988186765265891 0.0002439279593750001 0
1.990403491284519 0.0003493027451562501 0
1.988186765265891 0.0004098371965625001 0
1.988186765265891 0.0003493027451562501 0
1.990403491284519 0.0004915587059609377 0
1.988186765265891 0.0005732802153593752 0
1.988186765265891 0.0004915587059609377 0
1.990403491284519 0.0006836042530472658 0
1.988186765265891 0.0007939282907351566 0
1.988186765265891 0.0006836042530472658 0
1.990403491284519 0.0009428657416138091 0
1.988186765265891 0.001091803192492462 0
1.988186765265891 0.000942865741613809 0
1.990403491284519 0.001292868751178642 0
1.988186765265891 0.001493934309864823 0
1.988186765265891 0.001292868751178642 0
1.990403491284519 0.001765372814091167 0
1.988186765265891 0.002036811318317512 0
1.988186765265891 0.001765372814091167 0
1.990403491284519 0.002403253299023076 0
1.988186765265891 0.002769695279728641 0
1.988186765265891 0.002403253299023076 0
1.990403491284519 0.003264391953681153 0
1.988186765265891 0.003759088627633665 0
1.988186765265891 0.003264391953681153 0
1.990403491284519 0.004426929137469557 0
1.988186765265891 0.005094769647305449 0
1.988186765265891 0.004426929137469557 0
1.990403491284519 0.005996354335583902 0
1.988186765265891 0.006897939023862356 0
1.988186765265891 0.005996354335583902 0
1.990403491284519 0.008115078353038268 0
1.988186765265891 0.009332217682214181 0
1.988186765265891 0.008115078353038267 0
1.990403491284519 0.01097535577660166 0
1.988186765265891 0.01261849387098915 0
1.988186765265891 0.01097535577660166 0
1.990403491284519 0.01483673029841225 0
1.988186765265891 0.01705496672583535 0
1.988186765265891 0.01483673029841225 0
1.990403491284519 0.02004958590285653 0
1.988186765265891 0.02304420507987772 0
1.988186765265891 0.02004958590285653 0
1.990403491284519 0.02708694096885632 0
1.988186765265891 0.03112967685783492 0
1.988186765265891 0.02708694096885632 0
1.990403491284519 0.03658737030795604 0
1.988186765265891 0.04204506375807715 0
1.988186765265891 0.03658737030795604 0
1.990403491284519 0.04941294991574065 0
1.988186765265891 0.04941294991574065 0
1.99356831408103 1e-05 0
1.991985902682775 2.000000000000001e-05 0
1.991985902682775 1e-05 0
1.99356831408103 3.350000000000001e-05 0
1.991985902682775 4.700000000000001e-05 0
1.991985902682775 3.350000000000001e-05 0
1.99356831408103 6.522500000000003e-05 0
1.991985902682775 8.345000000000002e-05 0
1.991985902682775 6.522500000000001e-05 0
1.99356831408103 0.00010805375 0
1.991985902682775 0.0001326575 0
1.991985902682775 0.00010805375 0
1.99356831408103 0.0001658725625 0
1.991985902682775 0.0001990876250000001 0
1.991985902682775 0.0001658725625 0
1.99356831408103 0.0002439279593750001 0
1.991985902682775 0.0002887682937500001 0
1.991985902682775 0.0002439279593750001 0
1.99356831408103 0.0003493027451562502 0
1.991985902682775 0.0004098371965625002 0
1.991985902682775 0.0003493027451562502 0
1.99356831408103 0.0004915587059609377 0
1.991985902682775 0.0005732802153593753 0
1.991985902682775 0.0004915587059609377 0
1.99356831408103 0.0006836042530472661 0
1.991985902682775 0.0007939282907351566 0
1.991985902682775 0.000683604253047266 0
1.99356831408103 0.0009428657416138092 0
1.991985902682775 0.001091803192492462 0
1.991985902682775 0.0009428657416138092 0
1.99356831408103 0.001292868751178643 0
1.991985902682775 0.001493934309864823 0
1.991985902682775 0.001292868751178642 0
1.99356831408103 0.001765372814091168 0
1.991985902682775 0.002036811318317512 0
1.991985902682775 0.001765372814091168 0
1.99356831408103 0.002403253299023076 0
1.991985902682775 0.002769695279728641 0
1.991985902682775 0.002403253299023076 0
1.99356831408103 0.003264391953681153 0
1.991985902682775 0.003759088627633665 0
1.991985902682775 0.003264391953681153 0
1.99356831408103 0.004426929137469558 0
1.991985902682775 0.00509476964730545 0
1.991985902682775 0.004426929137469558 0
1.99356831408103 0.005996354335583903 0
1.991985902682775 0.006897939023862357 0
1.991985902682775 0.005996354335583903 0
1.99356831408103 0.00811507835303827 0
1.991985902682775 0.009332217682214181 0
1.991985902682775 0.008115078353038268 0
1.99356831408103 0.01097535577660166 0
1.991985902682775 0.01261849387098915 0
1.991985902682775 0.01097535577660167 0
1.99356831408103 0.01483673029841225 0
1.991985902682775 0.01705496672583535 0
1.991985902682775 0.01483673029841225 0
1.99356831408103 0.02004958590285653 0
1.991985902682775 0.02304420507987772 0
1.991985902682775 0.02004958590285653 0
1.99356831408103 0.02708694096885632 0
1.991985902682775 0.03112967685783492 0
1.991985902682775 0.02708694096885632 0
1.99356831408103 0.03658737030795604 0
1.991985902682775 0.04204506375807715 0
1.991985902682775 0.03658737030795604 0
1.99356831408103 0.04941294991574065 0
1.991985902682775 0.04941294991574065 0
1.995827524165483 1e-05 0
1.994697919123257 2.000000000000001e-05 0
1.994697919123257 1e-05 0
1.995827524165483 3.35e-05 0
1.994697919123257 4.700000000000001e-05 0
1.994697919123257 3.350000000000001e-05 0
1.995827524165483 6.5225e-05 0
1.994697919123257 8.345000000000002e-05 0
1.994697919123257 6.522500000000001e-05 0
1.995827524165483 0.00010805375 0
1.994697919123257 0.0001326575 0
1.994697919123257 0.00010805375 0
1.995827524165483 0.0001658725625 0
1.994697919123257 0.0001990876250000001 0
1.994697919123257 0.0001658725625 0
1.995827524165483 0.0002439279593750001 0
1.994697919123257 0.0002887682937500001 0
1.994697919123257 0.0002439279593750001 0
1.995827524165483 0.0003493027451562501 0
1.994697919123257 0.0004098371965625002 0
1.994697919123257 0.0003493027451562501 0
1.995827524165483 0.0004915587059609377 0
1.994697919123257 0.0005732802153593753 0
1.994697919123257 0.0004915587059609377 0
1.995827524165483 0.0006836042530472658 0
1.994697919123257 0.0007939282907351566 0
1.994697919123257 0.000683604253047266 0
1.995827524165483 0.0009428657416138091 0
1.994697919123257 0.001091803192492462 0
1.994697919123257 0.0009428657416138092 0
1.995827524165483 0.001292868751178642 0
1.994697919123257 0.001493934309864823 0
1.994697919123257 0.001292868751178642 0
1.995827524165483 0.001765372814091167 0
1.994697919123257 0.002036811318317512 0
1.994697919123257 0.001765372814091168 0
1.995827524165483 0.002403253299023076 0
1.994697919123257 0.002769695279728641 0
1.994697919123257 0.002403253299023076 0
1.995827524165483 0.003264391953681153 0
1.994697919123257 0.003759088627633665 0
1.994697919123257 0.003264391953681153 0
1.995827524165483 0.004426929137469557 0
1.994697919123257 0.00509476964730545 0
1.994697919123257 0.004426929137469557 0
1.995827524165483 0.005996354335583902 0
1.994697919123257 0.006897939023862357 0
1.994697919123257 0.005996354335583903 0
1.995827524165483 0.008115078353038268 0
1.994697919123257 0.009332217682214181 0
1.994697919123257 0.008115078353038268 0
1.995827524165483 0.01097535577660166 0
1.994697919123257 0.01261849387098915 0
1.994697919123257 0.01097535577660166 0
1.995827524165483 0.01483673029841225 0
1.994697919123257 0.01705496672583535 0
1.994697919123257 0.01483673029841225 0
1.995827524165483 0.02004958590285653 0
1.994697919123257 0.02304420507987772 0
1.994697919123257 0.02004958590285653 0
1.995827524165483 0.02708694096885632 0
1.994697919123257 0.03112967685783492 0
1.994697919123257 0.02708694096885632 0
1.995827524165483 0.03658737030795604 0
1.994697919123257 0.04204506375807715 0
1.994697919123257 0.03658737030795604 0
1.995827524165483 0.04941294991574065 0
1.994697919123257 0.04941294991574065 0
1.997440262916685 1e-05 0
1.996633893541084 2.000000000000001e-05 0
1.996633893541084 1e-05 0
1.997440262916685 3.350000000000001e-05 0
1.996633893541084 4.700000000000001e-05 0
1.996633893541084 3.350000000000001e-05 0
1.997440262916685 6.522500000000003e-05 0
1.996633893541084 8.345000000000002e-05 0
1.996633893541084 6.522500000000001e-05 0
1.997440262916685 0.00010805375 0
1.996633893541084 0.0001326575 0
1.996633893541084 0.00010805375 0
1.997440262916685 0.0001658725625 0
1.996633893541084 0.0001990876250000001 0
1.996633893541084 0.0001658725625 0
1.997440262916685 0.0002439279593750001 0
1.996633893541084 0.0002887682937500001 0
1.996633893541084 0.0002439279593750001 0
1.997440262916685 0.0003493027451562502 0
1.996633893541084 0.0004098371965625002 0
1.996633893541084 0.0003493027451562502 0
1.997440262916685 0.0004915587059609377 0
1.996633893541084 0.0005732802153593753 0
1.996633893541084 0.0004915587059609377 0
1.997440262916685 0.0006836042530472661 0
1.996633893541084 0.0007939282907351566 0
1.996633893541084 0.000683604253047266 0
1.997440262916685 0.0009428657416138092 0
1.996633893541084 0.001091803192492462 0
1.996633893541084 0.0009428657416138092 0
1.997440262916685 0.001292868751178643 0
1.996633893541084 0.001493934309864823 0
1.996633893541084 0.001292868751178642 0
1.997440262916685 0.001765372814091168 0
1.996633893541084 0.002036811318317512 0
1.996633893541084 0.001765372814091168 0
1.997440262916685 0.002403253299023076 0
1.996633893541084 0.002769695279728641 0
1.996633893541084 0.002403253299023076 0
1.997440262916685 0.003264391953681153 0
1.996633893541084 0.003759088627633665 0
1.996633893541084 0.003264391953681153 0
1.997440262916685 0.004426929137469558 0
1.996633893541084 0.00509476964730545 0
1.996633893541084 0.004426929137469558 0
1.997440262916685 0.005996354335583903 0
1.996633893541084 0.006897939023862357 0
1.996633893541084 0.005996354335583903 0
1.997440262916685 0.00811507835303827 0
1.996633893541084 0.009332217682214181 0
1.996633893541084 0.008115078353038268 0
1.997440262916685 0.01097535577660166 0
1.996633893541084 0.01261849387098915 0
1.996633893541084 0.01097535577660167 0
1.997440262916685 0.01483673029841225 0
1.996633893541084 0.01705496672583535 0
1.996633893541084 0.01483673029841225 0
1.997440262916685 0.02004958590285653 0
1.996633893541084 0.02304420507987772 0
1.996633893541084 0.02004958590285653 0
1.997440262916685 0.02708694096885632 0
1.996633893541084 0.03112967685783492 0
1.996633893541084 0.02708694096885632 0
1.997440262916685 0.03658737030795604 0
1.996633893541084 0.04204506375807715 0
1.996633893541084 0.03658737030795604 0
1.997440262916685 0.04941294991574065 0
1.996633893541084 0.04941294991574065 0
1.998591517085201 1e-05 0
1.998015890000943 2.000000000000001e-05 0
1.998015890000943 1e-05 0
1.998591517085201 3.35e-05 0
1.998015890000943 4.700000000000001e-05 0
1.998015890000943 3.350000000000001e-05 0
1.998591517085201 6.5225e-05 0
1.998015890000943 8.345000000000002e-05 0
1.998015890000943 6.522500000000001e-05 0
1.998591517085201 0.00010805375 0
1.998015890000943 0.0001326575 0
1.998015890000943 0.00010805375 0
1.998591517085201 0.0001658725625 0
1.998015890000943 0.0001990876250000001 0
1.998015890000943 0.0001658725625 0
1.998591517085201 0.0002439279593750001 0
1.998015890000943 0.0002887682937500001 0
1.998015890000943 0.0002439279593750001 0
1.998591517085201 0.0003493027451562501 0
1.998015890000943 0.0004098371965625002 0
1.998015890000943 0.0003493027451562501 0
1.998591517085201 0.0004915587059609377 0
1.998015890000943 0.0005732802153593753 0
1.998015890000943 0.0004915587059609377 0
1.998591517085201 0.0006836042530472658 0
1.998015890000943 0.0007939282907351566 0
1.998015890000943 0.000683604253047266 0
1.998591517085201 0.0009428657416138091 0
1.998015890000943 0.001091803192492462 0
1.998015890000943 0.0009428657416138092 0
1.998591517085201 0.001292868751178642 0
1.998015890000943 0.001493934309864823 0
1.998015890000943 0.001292868751178642 0
1.998591517085201 0.001765372814091167 0
1.998015890000943 0.002036811318317512 0
1.998015890000943 0.001765372814091168 0
1.998591517085201 0.002403253299023076 0
1.998015890000943 0.002769695279728641 0
1.998015890000943 0.002403253299023076 0
1.998591517085201 0.003264391953681153 0
1.998015890000943 0.003759088627633665 0
1.998015890000943 0.003264391953681153 0
1.998591517085201 0.004426929137469557 0
1.998015890000943 0.00509476964730545 0
1.998015890000943 0.004426929137469557 0
1.998591517085201 0.005996354335583902 0
1.998015890000943 0.006897939023862357 0
1.998015890000943 0.005996354335583903 0
1.998591517085201 0.008115078353038268 0
1.998015890000943 0.009332217682214181 0
1.998015890000943 0.008115078353038268 0
1.998591517085201 0.01097535577660166 0
1.998015890000943 0.01261849387098915 0
1.998015890000943 0.01097535577660166 0
1.998591517085201 0.01483673029841225 0
1.998015890000943 0.01705496672583535 0
1.998015890000943 0.01483673029841225 0
1.998591517085201 0.02004958590285653 0
1.998015890000943 0.02304420507987772 0
1.998015890000943 0.02004958590285653 0
1.998591517085201 0.02708694096885632 0
1.998015890000943 0.03112967685783492 0
1.998015890000943 0.02708694096885632 0
1.998591517085201 0.03658737030795604 0
1.998015890000943 0.04204506375807715 0
1.998015890000943 0.03658737030795604 0
1.998591517085201 0.04941294991574065 0
1.998015890000943 0.04941294991574065 0
1.999413340769397 1e-05 0
1.999002428927299 2.000000000000001e-05 0
1.999002428927299 1e-05 0
1.999413340769397 3.350000000000001e-05 0
1.999002428927299 4.700000000000001e-05 0
1.999002428927299 3.350000000000001e-05 0
1.999413340769397 6.522500000000003e-05 0
1.999002428927299 8.345000000000002e-05 0
1.999002428927299 6.522500000000001e-05 0
1.999413340769397 0.00010805375 0
1.999002428927299 0.0001326575 0
1.999002428927299 0.00010805375 0
1.999413340769397 0.0001658725625 0
1.999002428927299 0.0001990876250000001 0
1.999002428927299 0.0001658725625 0
1.999413340769397 0.0002439279593750001 0
1.999002428927299 0.0002887682937500001 0
1.999002428927299 0.0002439279593750001 0
1.999413340769397 0.0003493027451562502 0
1.999002428927299 0.0004098371965625002 0
1.999002428927299 0.0003493027451562502 0
1.999413340769397 0.0004915587059609377 0
1.999002428927299 0.0005732802153593753 0
1.999002428927299 0.0004915587059609377 0
1.999413340769397 0.0006836042530472661 0
1.999002428927299 0.0007939282907351566 0
1.999002428927299 0.000683604253047266 0
1.999413340769397 0.0009428657416138092 0
1.999002428927299 0.001091803192492462 0
1.999002428927299 0.0009428657416138092 0
1.999413340769397 0.001292868751178643 0
1.999002428927299 0.001493934309864823 0
1.999002428927299 0.001292868751178642 0
1.999413340769397 0.001765372814091168 0
1.999002428927299 0.002036811318317512 0
1.999002428927299 0.001765372814091168 0
1.999413340769397 0.002403253299023076 0
1.999002428927299 0.002769695279728641 0
1.999002428927299 0.002403253299023076 0
1.999413340769397 0.003264391953681153 0
1.999002428927299 0.003759088627633665 0
1.999002428927299 0.003264391953681153 0
1.999413340769397 0.004426929137469558 0
1.999002428927299 0.00509476964730545 0
1.999002428927299 0.004426929137469558 0
1.999413340769397 0.005996354335583903 0
1.999002428927299 0.006897939023862357 0
1.999002428927299 0.005996354335583903 0
1.999413340769397 0.00811507835303827 0
1.999002428927299 0.009332217682214181 0
1.999002428927299 0.008115078353038268 0
1.999002428927299 0.01261849387098915 0
1.999002428927299 0.01097535577660167 0
1.999002428927299 0.01705496672583535 0
1.999002428927299 0.01483673029841225 0
1.999002428927299 0.02304420507987772 0
1.999002428927299 0.02004958590285653 0
1.999002428927299 0.03112967685783492 0
1.999002428927299 0.02708694096885632 0
1.999002428927299 0.04204506375807715 0
1.999002428927299 0.03658737030795604 0
1.999002428927299 0.04941294991574065 0
1.99998694069751 1e-05 0
1.999846805541105 5.000000000000001e-06 0
2.000374556490756 2.350000000000001e-05 0
2.000180748594135 1.675000000000001e-05 0
2.000910631893817 4.172500000000001e-05 0
2.000642594192288 3.261250000000001e-05 0
2.001652027903026 6.632875000000002e-05 0
2.001281329898422 5.402687500000001e-05 0
2.002677383872056 9.954381250000004e-05 0
2.002164705887541 8.293628125000002e-05 0
2.004095458566285 0.0001443841468750001 0
2.003386421219169 0.0001219639796875001 0
2.006056665361792 0.0002049185982812501 0
2.005076061964037 0.0001746513725781251 0
2.008769028346847 0.0002866401076796877 0
2.00741284685432 0.0002457793529804689 0
2.012520245789172 0.0003969641453675784 0
2.010644637068006 0.000341802126523633 0
2.017708205453747 0.0005459015962462309 0
2.015114225621463 0.0004714328708069046 0
2.024883189934132 0.0007469671549324118 0
2.021295697693951 0.0006464343755893213 0
2.034806245161725 0.001018405659158756 0
2.029844717547945 0.0008826864070455839 0
2.0485298999551 0.001384847639864321 0
2.041668072558423 0.001201626649511538 0
2.067509810693601 0.001879544313816833 0
2.058019855324307 0.001632195976840577 0
2.093759160199576 0.002547384823652725 0
2.080634485446589 0.002213464568734779 0
2.130062201543431 0.003448969511931179 0
2.111910680871425 0.002998177167791952 0
2.155165877029122 0.004057539176519135 0
$EndNodes
$Elements
8 2458 1 2458
1 1 8 18
1 1 7 24 
2 7 8 25 
3 8 9 26 
4 9 10 27 
5 10 11 28 
6 11 12 29 
7 12 13 30 
8 13 14 31 
9 14 15 32 
10 15 16 33 
11 16 17 34 
12 17 18 35 
13 18 19 36 
14 19 20 37 
15 20 21 38 
16 21 22 39 
17 22 23 40 
18 23 2 41 
1 2 8 62
19 2 42 103 
20 42 43 104 
21 43 44 105 
22 44 45 106 
23 45 46 107 
24 46 47 108 
25 47 48 109 
26 48 49 110 
27 49 50 111 
28 50 51 112 
29 51 52 113 
30 52 53 114 
31 53 54 115 
32 54 55 116 
33 55 56 117 
34 56 57 118 
35 57 58 119 
36 58 59 120 
37 59 60 121 
38 60 61 122 
39 61 62 123 
40 62 63 124 
41 63 64 125 
42 64 65 126 
43 65 66 127 
44 66 67 128 
45 67 68 129 
46 68 69 130 
47 69 70 131 
48 70 71 132 
49 71 72 133 
50 72 73 134 
51 73 74 135 
52 74 75 136 
53 75 76 137 
54 76 77 138 
55 77 78 139 
56 78 79 140 
57 79 80 141 
58 80 81 142 
59 81 82 143 
60 82 83 144 
61 83 84 145 
62 84 85 146 
63 85 86 147 
64 86 87 148 
65 87 88 149 
66 88 89 150 
67 89 90 151 
68 90 91 152 
69 91 92 153 
70 92 93 154 
71 93 94 155 
72 94 95 156 
73 95 96 157 
74 96 97 158 
75 97 98 159 
76 98 99 160 
77 99 100 161 
78 100 101 162 
79 101 102 163 
80 102 3 164 
1 3 8 18
81 3 165 182 
82 165 166 183 
83 166 167 184 
84 167 168 185 
85 168 169 186 
86 169 170 187 
87 170 171 188 
88 171 172 189 
89 172 173 190 
90 173 174 191 
91 174 175 192 
92 175 176 193 
93 176 177 194 
94 177 178 195 
95 178 179 196 
96 179 180 197 
97 180 181 198 
98 181 4 199 
1 4 8 5
99 4 200 204 
100 200 201 205 
101 201 202 206 
102 202 203 207 
103 203 5 208 
1 5 8 15
104 5 209 223 
105 209 210 224 
106 210 211 225 
107 211 212 226 
108 212 213 227 
109 213 214 228 
110 214 215 229 
111 215 216 230 
112 216 217 231 
113 217 218 232 
114 218 219 233 
115 219 220 234 
116 220 221 235 
117 221 222 236 
118 222 6 237 
1 6 8 5
119 6 238 242 
120 238 239 243 
121 239 240 244 
122 240 241 245 
123 241 1 246 
2 1 9 921
124 7 470 471 2061 2062 2063 
125 1091 181 1092 2064 2065 2066 
126 1974 1092 2057 2067 2068 2069 
127 1092 2036 2057 2070 2071 2068 
128 2036 1970 2057 2072 2073 2071 
129 1662 471 1955 2074 2075 2076 
130 1955 471 2041 2075 2077 2078 
131 1915 1662 1955 2079 2076 2080 
132 1851 1708 2027 2081 2082 2083 
133 1812 1774 1814 2084 2085 2086 
134 1740 1828 1999 2087 2088 2089 
135 1689 1688 1992 2090 2091 2092 
136 1789 1790 2018 2093 2094 2095 
137 1097 1764 2049 2096 2097 2098 
138 1774 1834 1907 2099 2100 2101 
139 1962 476 2053 2102 2103 2104 
140 1824 1671 1908 2105 2106 2107 
141 1814 1774 1907 2085 2101 2108 
142 1798 1896 1991 2109 2110 2111 
143 1671 1819 1908 2112 2113 2106 
144 1749 1740 1999 2114 2089 2115 
145 1762 1758 1887 2116 2117 2118 
146 1790 1789 2014 2093 2119 2120 
147 1760 1758 1762 2121 2116 2122 
148 1912 1915 2023 2123 2124 2125 
149 1704 1710 1830 2126 2127 2128 
150 1822 1671 1823 2129 2130 2131 
151 1720 1774 1812 2132 2084 2133 
152 1941 1935 2001 2134 2135 2136 
153 1708 1796 2027 2137 2138 2082 
154 2044 1685 2045 2139 2140 2141 
155 1896 1848 1991 2142 2143 2110 
156 1841 1842 1853 2144 2145 2146 
157 1816 1792 1884 2147 2148 2149 
158 1769 1708 1851 2150 2081 2151 
159 1716 1792 1816 2152 2147 2153 
160 1902 1761 1988 2154 2155 2156 
161 1672 1836 1864 2157 2158 2159 
162 1842 1843 2001 2160 2161 2162 
163 210 1839 1996 2163 2164 2165 
164 1833 1729 1894 2166 2167 2168 
165 1841 1830 1842 2169 2170 2144 
166 1889 2032 2035 2171 2172 2173 
167 1915 1954 2037 2174 2175 2176 
168 1664 1795 1890 2177 2178 2179 
169 1051 1074 2044 2180 2181 2182 
170 1795 1664 1982 2177 2183 2184 
171 913 936 1683 2185 2186 2187 
172 1661 1936 1937 2188 2189 2190 
173 1757 1752 1758 2191 2192 2193 
174 1840 1737 1892 2194 2195 2196 
175 1759 1687 2007 2197 2198 2199 
176 1769 1851 1908 2151 2200 2201 
177 210 1665 1839 2202 2203 2163 
178 1766 1762 2026 2204 2205 2206 
179 4 200 2029 204 2207 2208 
180 1821 1895 1993 2209 2210 2211 
181 1795 1768 1890 2212 2213 2178 
182 2053 1961 2060 2214 2215 2216 
183 1961 1845 2060 2217 2218 2215 
184 1865 1888 1990 2219 2220 2221 
185 1674 1817 1871 2222 2223 2224 
186 1669 1821 1993 2225 2211 2226 
187 1671 219 1819 2227 2228 2112 
188 1665 1815 1826 2229 2230 2231 
189 2048 1097 2049 2232 2098 2233 
190 1790 1914 1949 2234 2235 2236 
191 241 1 1995 246 2237 2238 
192 1805 1724 2017 2239 2240 2241 
193 1815 1668 2013 2242 2243 2244 
194 1935 1854 2001 2245 2246 2135 
195 1791 1835 1863 2247 2248 2249 
196 1768 1769 1890 2250 2251 2213 
197 1074 1685 2044 2252 2139 2181 
198 1914 1917 1949 2253 2254 2235 
199 203 5 1996 208 2255 2256 
200 1830 1710 2018 2127 2257 2258 
201 212 1668 1815 2259 2242 2260 
202 1815 1781 1826 2261 2262 2230 
203 1724 1755 2017 2263 2264 2240 
204 1696 1698 1841 2265 2266 2267 
205 1281 1660 1695 2268 2269 2270 
206 1670 1861 1994 2271 2272 2273 
207 472 473 2042 2274 2275 2276 
208 200 201 1680 205 2277 2278 
209 214 1669 1820 2279 2280 2281 
210 1669 215 1821 2282 2283 2225 
211 218 1671 1822 2284 2129 2285 
212 1835 1791 1929 2247 2286 2287 
213 1658 1834 1882 2288 2289 2290 
214 1683 936 1838 2186 2291 2292 
215 1758 1919 1987 2293 2294 2295 
216 1693 1797 1918 2296 2297 2298 
217 1695 1660 1696 2269 2299 2300 
218 1806 1807 1808 2301 2302 2303 
219 1801 1802 1803 2304 2305 2306 
220 1680 201 2032 2277 2307 2308 
221 1751 1754 1782 2309 2310 2311 
222 1843 1844 2001 2312 2313 2161 
223 1761 1861 1988 2314 2315 2155 
224 1667 1853 1855 2316 2317 2318 
225 1851 1824 1908 2319 2107 2200 
226 1828 1804 1829 2320 2321 2322 
227 1739 1800 1801 2323 2324 2325 
228 1750 1810 1811 2326 2327 2328 
229 1731 1805 1806 2329 2330 2331 
230 1771 1773 1886 2332 2333 2334 
231 1820 1669 1840 2280 2335 2336 
232 1843 1830 2018 2337 2258 2338 
233 1969 1966 2005 2339 2340 2341 
234 1755 1812 1813 2342 2343 2344 
235 1823 1671 1824 2130 2105 2345 
236 1797 1693 1896 2296 2346 2347 
237 1692 1682 1694 2348 2349 2350 
238 1842 1830 1843 2170 2337 2160 
239 1782 1754 1786 2310 2351 2352 
240 1750 1811 1891 2328 2353 2354 
241 1740 1739 1828 2355 2356 2087 
242 1864 1836 1865 2158 2357 2358 
243 1944 1949 1957 2359 2360 2361 
244 2032 1693 2035 2362 2363 2172 
245 1806 1805 1807 2330 2364 2301 
246 1696 1841 1849 2267 2365 2366 
247 1940 1943 1945 2367 2368 2369 
248 1859 1699 2051 2370 2371 2372 
249 1853 1854 1855 2373 2374 2317 
250 209 210 1996 224 2165 2375 
251 1803 1802 1817 2305 2376 2377 
252 1751 1747 1754 2378 2379 2309 
253 200 1680 1867 2278 2380 2381 
254 1801 1800 1802 2324 2382 2304 
255 1701 1830 1841 2383 2169 2384 
256 1914 1912 2023 2385 2125 2386 
257 1710 1789 2018 2387 2095 2257 
258 1800 1734 2033 2388 2389 2390 
259 1889 1680 2032 2391 2308 2171 
260 5 209 1996 223 2375 2255 
261 1801 1804 1828 2392 2320 2393 
262 1835 1929 1930 2287 2394 2395 
263 1670 1822 1861 2396 2397 2271 
264 2045 2046 2048 2398 2399 2400 
265 1794 1775 1930 2401 2402 2403 
266 1665 1826 1848 2231 2404 2405 
267 1970 1969 2005 2406 2341 2407 
268 1840 1892 1893 2196 2408 2409 
269 1744 1827 2020 2410 2411 2412 
270 1865 1837 1888 2413 2414 2219 
271 1775 1794 1927 2401 2415 2416 
272 1949 1917 1957 2254 2417 2360 
273 1680 1889 1981 2391 2418 2419 
274 1873 1811 1926 2420 2421 2422 
275 1731 1728 1805 2423 2424 2329 
276 1784 1818 1987 2425 2426 2427 
277 1755 1722 1812 2428 2429 2342 
278 1736 1734 1800 2430 2388 2431 
279 1744 1742 1827 2432 2433 2410 
280 1750 1732 1810 2434 2435 2326 
281 1728 1724 1805 2436 2239 2424 
282 1739 1736 1800 2437 2431 2323 
283 1886 1766 2026 2438 2206 2439 
284 1742 1740 1749 2440 2114 2441 
285 1235 1258 1667 2442 2443 2444 
286 1722 1720 1812 2445 2133 2429 
287 1774 1718 1816 2446 2447 2448 
288 1676 1862 1879 2449 2450 2451 
289 1718 1716 1816 2452 2153 2447 
290 1792 1714 1825 2453 2454 2455 
291 2008 1898 2045 2456 2457 2458 
292 1661 1935 1936 2459 2460 2188 
293 1714 1712 1825 2461 2462 2454 
294 1732 1731 1810 2463 2464 2435 
295 1758 1752 1919 2192 2465 2293 
296 1749 1888 2022 2466 2467 2468 
297 1817 1674 2003 2222 2469 2470 
298 1888 1749 1999 2466 2115 2471 
299 1748 1747 1751 2472 2378 2473 
300 475 1916 1951 2474 2475 2476 
301 7 1911 1995 2477 2478 2479 
302 1832 1681 1847 2480 2481 2482 
303 1166 1189 1661 2483 2484 2485 
304 1734 1750 2033 2486 2487 2389 
305 1781 1815 2013 2261 2244 2488 
306 1712 1699 1859 2489 2370 2490 
307 220 1664 1819 2491 2492 2493 
308 1738 1736 1739 2494 2437 2495 
309 1688 1799 1992 2496 2497 2091 
310 1734 1732 1750 2498 2434 2486 
311 1748 1751 1752 2473 2499 2500 
312 1684 1688 1689 2501 2090 2502 
313 202 1682 1692 2503 2348 2504 
314 1917 1914 2023 2253 2386 2505 
315 1791 1863 1910 2249 2506 2507 
316 1833 1894 1895 2168 2508 2509 
317 1796 1906 2000 2510 2511 2512 
318 1730 1728 1731 2513 2423 2514 
319 1747 1744 2020 2515 2412 2516 
320 1724 1722 1755 2517 2428 2263 
321 1757 1758 1760 2193 2121 2518 
322 1683 1838 1897 2292 2519 2520 
323 1235 1667 1855 2444 2318 2521 
324 1665 211 1815 2522 2523 2229 
325 1720 1718 1774 2524 2446 2132 
326 1746 1744 1747 2525 2515 2526 
327 1774 1816 1834 2448 2527 2099 
328 1801 1803 1804 2306 2528 2392 
329 1668 1820 1893 2529 2530 2531 
330 1935 1661 2055 2459 2532 2533 
331 1742 1749 1827 2441 2534 2433 
332 1739 1801 1828 2325 2393 2356 
333 1765 1779 1799 2535 2536 2537 
334 1938 1939 1963 2538 2539 2540 
335 1668 213 1820 2541 2542 2529 
336 216 1670 1821 2543 2544 2545 
337 1670 217 1822 2546 2547 2396 
338 1888 1837 2022 2414 2548 2467 
339 220 221 1664 235 2549 2491 
340 1843 1790 1948 2550 2551 2552 
341 1701 1704 1830 2553 2128 2383 
342 1751 1782 1858 2311 2554 2555 
343 1694 1848 1896 2556 2142 2557 
344 1811 1925 1926 2558 2559 2421 
345 1806 1808 1809 2303 2560 2561 
346 1664 221 1831 2549 2562 2563 
347 1716 1714 1792 2564 2453 2152 
348 1763 1762 1766 2565 2204 2566 
349 1891 1873 1998 2567 2568 2569 
350 1821 1670 1833 2544 2570 2571 
351 1811 1873 1891 2420 2567 2353 
352 201 202 1692 206 2504 2572 
353 1844 1843 1948 2312 2552 2573 
354 1704 1709 1710 2574 2575 2126 
355 1963 1846 1964 2576 2577 2578 
356 867 1852 1904 2579 2580 2581 
357 1913 1912 1914 2582 2385 2583 
358 210 211 1665 225 2522 2202 
359 1738 1739 1740 2495 2355 2584 
360 1825 1712 1859 2462 2490 2585 
361 1729 1833 1901 2166 2586 2587 
362 1867 1680 1981 2380 2419 2588 
363 201 1692 2032 2572 2589 2307 
364 1911 1863 1995 2590 2591 2478 
365 1120 1143 1964 2592 2593 2594 
366 1796 1706 1906 2595 2596 2510 
367 181 1867 1980 2597 2598 2599 
368 1823 1824 1850 2345 2600 2601 
369 1939 1940 1963 2602 2603 2539 
370 1258 1281 1695 2604 2270 2605 
371 212 213 1668 227 2541 2259 
372 214 215 1669 229 2282 2279 
373 216 217 1670 231 2546 2543 
374 218 219 1671 233 2227 2284 
375 1692 1694 2056 2350 2606 2607 
376 1879 1862 1880 2450 2608 2609 
377 1664 1831 1982 2563 2610 2183 
378 1730 1731 1732 2514 2463 2611 
379 1968 1966 1969 2612 2339 2613 
380 1726 1850 1903 2614 2615 2616 
381 1856 1673 1857 2617 2618 2619 
382 1698 1701 1841 2620 2384 2266 
383 1668 1893 1933 2531 2621 2622 
384 1960 1945 1962 2623 2624 2625 
385 1829 1804 1856 2321 2626 2627 
386 1792 1825 2038 2455 2628 2629 
387 1752 1751 1919 2499 2630 2465 
388 240 241 1835 245 2631 2632 
389 1919 1788 1987 2633 2634 2294 
390 1832 1847 1982 2482 2635 2636 
391 683 706 1651 2637 2638 2639 
392 890 913 1650 2640 2641 2642 
393 239 240 1681 244 2643 2644 
394 1835 241 1863 2631 2645 2248 
395 239 1681 1832 2644 2480 2646 
396 1880 1813 1922 2647 2648 2649 
397 219 220 1819 234 2493 2228 
398 1688 1687 1759 2650 2197 2651 
399 1822 1823 1861 2131 2652 2397 
400 1810 1731 2050 2464 2653 2654 
401 1750 1891 2033 2354 2655 2487 
402 1809 1808 2024 2560 2656 2657 
403 213 214 1820 228 2281 2542 
404 215 216 1821 230 2545 2283 
405 217 218 1822 232 2285 2547 
406 1974 1967 1977 2658 2659 2660 
407 211 212 1815 226 2260 2523 
408 1681 240 1835 2643 2632 2661 
409 1746 1747 1748 2526 2472 2662 
410 1921 1792 2038 2663 2629 2664 
411 1662 1663 1911 2665 2666 2667 
412 1687 1897 2008 2668 2669 2670 
413 1808 1807 1862 2302 2671 2672 
414 1772 1771 2028 2673 2674 2675 
415 1834 1658 1907 2288 2676 2100 
416 1681 1835 1930 2661 2395 2677 
417 2012 2045 2048 2678 2400 2679 
418 1816 1884 1920 2149 2680 2681 
419 1166 1661 1937 2485 2190 2682 
420 1850 1824 1851 2600 2319 2683 
421 867 683 1852 2684 2685 2579 
422 1786 1787 1836 2686 2687 2688 
423 1860 1983 1989 2689 2690 2691 
424 1743 1742 1744 2692 2432 2693 
425 1880 1862 1923 2608 2694 2695 
426 1731 1806 2050 2331 2696 2653 
427 1710 1711 1789 2697 2698 2387 
428 1898 1686 2044 2699 2700 2701 
429 1212 1235 1855 2702 2521 2703 
430 1697 1660 1866 2704 2705 2706 
431 1663 1912 1913 2707 2582 2708 
432 221 222 1831 236 2709 2562 
433 1924 1809 2024 2710 2657 2711 
434 202 203 1682 207 2712 2503 
435 1942 1844 1944 2713 2714 2715 
436 1852 1793 1904 2716 2717 2580 
437 1741 1740 1742 2718 2440 2719 
438 1751 1858 1919 2555 2720 2630 
439 1787 1827 2022 2721 2722 2723 
440 1786 1754 1787 2351 2724 2686 
441 1827 1787 2020 2721 2725 2411 
442 1853 1842 1854 2145 2726 2373 
443 1694 1839 1848 2727 2728 2556 
444 1189 1212 2055 2729 2730 2731 
445 1819 1664 1890 2492 2179 2732 
446 1846 1120 1964 2733 2594 2577 
447 474 475 1958 2734 2735 2736 
448 1782 1786 1983 2352 2737 2738 
449 1694 1682 1839 2349 2739 2727 
450 238 239 1832 243 2646 2740 
451 1978 1968 2006 2741 2742 2743 
452 1849 1841 1853 2365 2146 2744 
453 1845 1997 2060 2745 2746 2218 
454 1966 1773 1986 2747 2748 2749 
455 1831 1832 1982 2750 2636 2610 
456 1811 1810 1925 2327 2751 2558 
457 1910 1863 1911 2506 2590 2752 
458 1804 1803 1909 2528 2753 2754 
459 1803 1817 2003 2377 2470 2755 
460 1836 1837 1865 2756 2413 2357 
461 1673 1856 1870 2617 2757 2758 
462 1812 1814 2034 2086 2759 2760 
463 1882 1834 1920 2289 2761 2762 
464 1753 1752 1757 2763 2191 2764 
465 1836 1672 1989 2157 2765 2766 
466 1755 1813 1923 2344 2767 2768 
467 1953 1955 2043 2769 2770 2771 
468 1650 913 1683 2641 2187 2772 
469 1760 1762 1763 2122 2565 2773 
470 1737 1840 1932 2194 2774 2775 
471 1733 1732 1734 2776 2498 2777 
472 706 729 1690 2778 2779 2780 
473 1737 1736 1738 2781 2494 2782 
474 1735 1734 1736 2783 2430 2784 
475 1834 1816 1920 2527 2681 2761 
476 1965 1966 1968 2785 2612 2786 
477 1857 1673 1868 2618 2787 2788 
478 1925 1875 1926 2789 2790 2559 
479 1651 706 1690 2638 2780 2791 
480 6 238 1931 242 2792 2793 
481 1745 1744 1746 2794 2525 2795 
482 1813 1812 2034 2343 2760 2796 
483 1699 1697 2051 2797 2798 2371 
484 2008 2045 2047 2458 2799 2800 
485 1813 1880 1923 2647 2695 2767 
486 1860 1652 1983 2801 2802 2689 
487 1839 1665 1848 2203 2405 2728 
488 1708 1706 1796 2803 2595 2137 
489 1986 1971 2005 2804 2805 2806 
490 1689 1690 2058 2807 2808 2809 
491 1729 1728 1730 2810 2513 2811 
492 1727 1724 1728 2812 2436 2813 
493 1985 1976 2002 2814 2815 2816 
494 1723 1722 1724 2817 2517 2818 
495 1788 1784 1987 2819 2427 2634 
496 1721 1720 1722 2820 2445 2821 
497 1719 1718 1720 2822 2524 2823 
498 222 6 1931 237 2793 2824 
499 1850 1726 1988 2614 2825 2826 
500 2023 1915 2037 2124 2176 2827 
501 1717 1716 1718 2828 2452 2829 
502 1799 1779 1818 2536 2830 2831 
503 1855 1854 1934 2374 2832 2833 
504 1663 1662 1912 2665 2834 2707 
505 1861 1761 1994 2314 2835 2272 
506 1687 1683 1897 2836 2520 2668 
507 1945 1946 1947 2837 2838 2839 
508 1695 1696 1849 2300 2366 2840 
509 1679 1859 2051 2841 2372 2842 
510 1817 1891 1998 2843 2569 2844 
511 1715 1714 1716 2845 2564 2846 
512 1866 1679 2051 2847 2842 2848 
513 1281 1304 1660 2849 2850 2268 
514 1850 1851 2039 2683 2851 2852 
515 2010 2009 2011 2853 2854 2855 
516 1143 1166 1937 2856 2682 2857 
517 1836 1787 1837 2687 2858 2756 
518 475 1951 1958 2476 2859 2735 
519 1862 1807 1923 2671 2860 2694 
520 1827 1749 2022 2534 2468 2722 
521 1939 1844 1942 2861 2713 2862 
522 1713 1712 1714 2863 2461 2864 
523 1663 1910 1911 2865 2752 2666 
524 821 844 1652 2866 2867 2868 
525 1937 1936 1938 2189 2869 2870 
526 1871 1817 1998 2223 2844 2871 
527 1682 203 1996 2712 2256 2872 
528 1666 2041 2042 2873 2874 2875 
529 1028 1051 1686 2876 2877 2878 
530 1093 1092 1977 2879 2880 2881 
531 936 1028 1838 2882 2883 2291 
532 473 474 1666 2884 2885 2886 
533 660 821 1860 2887 2888 2889 
534 1772 2009 2052 2890 2891 2892 
535 2011 2009 2012 2854 2893 2894 
536 1738 1740 1741 2584 2718 2895 
537 1304 1327 1866 2896 2897 2898 
538 1973 1975 2002 2899 2900 2901 
539 1651 1690 1691 2791 2902 2903 
540 1741 1742 1743 2719 2692 2904 
541 1094 1093 1967 2905 2906 2907 
542 1821 1833 1895 2571 2509 2209 
543 1702 1699 1712 2908 2489 2909 
544 1820 1840 1893 2336 2409 2530 
545 1948 1790 1949 2551 2236 2910 
546 1817 1802 1891 2376 2911 2843 
547 1743 1744 1745 2693 2794 2912 
548 1657 1879 1880 2913 2609 2914 
549 1710 1709 1711 2575 2915 2697 
550 637 660 1672 2916 2917 2918 
551 2009 1772 2047 2890 2919 2920 
552 1327 1350 1679 2921 2922 2923 
553 1791 1711 1929 2924 2925 2286 
554 1711 1794 1929 2926 2927 2925 
555 1697 1866 2051 2706 2848 2798 
556 1690 729 2058 2779 2928 2808 
557 1775 1847 1930 2929 2930 2402 
558 1095 1094 1972 2931 2932 2933 
559 1730 1732 1733 2611 2776 2934 
560 614 637 1864 2935 2936 2937 
561 1945 1947 1962 2839 2938 2624 
562 1350 1373 1885 2939 2940 2941 
563 1973 1967 1974 2942 2658 2943 
564 1757 1760 1918 2518 2944 2945 
565 1761 1901 1994 2946 2947 2835 
566 1667 1849 1853 2948 2744 2316 
567 1693 1918 2035 2298 2949 2363 
568 1888 1857 1990 2950 2951 2220 
569 591 614 1653 2952 2953 2954 
570 568 591 1868 2955 2956 2957 
571 1756 1928 1991 2958 2959 2960 
572 545 568 1673 2961 2962 2963 
573 1748 1752 1753 2500 2763 2964 
574 453 545 1870 2965 2966 2967 
575 1903 1850 2039 2615 2852 2968 
576 430 453 1654 2969 2970 2971 
577 407 430 1869 2972 2973 2974 
578 315 407 1674 2975 2976 2977 
579 292 315 1871 2978 2979 2980 
580 269 292 1655 2981 2982 2983 
581 384 269 1872 2984 2985 2986 
582 361 384 1675 2987 2988 2989 
583 338 361 1874 2990 2991 2992 
584 1649 338 1656 2993 2994 2995 
585 1626 1649 1876 2996 2997 2998 
586 1603 1626 1676 2999 3000 3001 
587 1580 1603 1879 3002 3003 3004 
588 1557 1580 1657 3005 3006 3007 
589 1534 1557 1877 3008 3009 3010 
590 1511 1534 1677 3011 3012 3013 
591 1488 1511 1881 3014 3015 3016 
592 1465 1488 1658 3017 3018 3019 
593 1442 1465 1882 3020 3021 3022 
594 1419 1442 1678 3023 3024 3025 
595 1396 1419 1883 3026 3027 3028 
596 1373 1396 1659 3029 3030 3031 
597 1733 1734 1735 2777 2783 3032 
598 1886 1773 1965 2333 3033 3034 
599 1950 1916 1956 3035 3036 3037 
600 1212 1855 1934 2703 2833 3038 
601 1965 1773 1966 3033 2747 2785 
602 1735 1736 1737 2784 2781 3039 
603 1832 1831 1931 2750 3040 3041 
604 1947 1950 1956 3042 3037 3043 
605 1829 1856 1857 2627 2619 3044 
606 1979 1978 2006 3045 2743 3046 
607 1958 1951 2040 2859 3047 3048 
608 1787 1754 2020 2724 3049 2725 
609 1727 1728 1729 2813 2810 3050 
610 821 1652 1860 2868 2801 2888 
611 1652 1904 1905 3051 3052 3053 
612 1723 1724 1727 2818 2812 3054 
613 775 798 2030 3055 3056 3057 
614 1721 1722 1723 2821 2817 3058 
615 1719 1720 1721 2823 2820 3059 
616 1771 1759 2028 3060 3061 2674 
617 1717 1718 1719 2829 2822 3062 
618 1745 1746 1756 2795 3063 3064 
619 1074 959 1685 3065 3066 2252 
620 1848 1826 1991 2404 3067 2143 
621 1715 1716 1717 2846 2828 3068 
622 798 1120 1846 3069 2733 3070 
623 752 775 1845 3071 3072 3073 
624 1976 1973 2002 3074 2901 2815 
625 1914 1790 2014 2234 2120 3075 
626 1738 1741 1892 2895 3076 3077 
627 1997 1845 2030 2745 3078 3079 
628 1713 1714 1715 2864 2845 3080 
629 1940 1945 1959 2369 3081 3082 
630 1696 1660 1697 2299 2704 3083 
631 1672 660 1860 2917 2889 3084 
632 1980 1867 1981 2598 2588 3085 
633 1660 1304 1866 2850 2898 2705 
634 1818 1784 2059 2425 3086 3087 
635 1770 1759 1771 3088 3060 3089 
636 1096 1095 1984 3090 3091 3092 
637 1940 1942 1943 3093 3094 2367 
638 1854 1842 2001 2726 2162 2246 
639 1698 1700 1701 3095 3096 2620 
640 1327 1679 1866 2923 2847 2897 
641 1828 1829 1999 2322 3097 2088 
642 1837 1787 2022 2858 2723 2548 
643 1696 1697 1698 3083 3098 2265 
644 1730 1733 1894 2934 3099 3100 
645 1652 844 1904 2867 3101 3051 
646 1928 1798 1991 3102 2111 2959 
647 1702 1712 1713 2909 2863 3103 
648 1896 1693 2056 2346 3104 3105 
649 1861 1823 1988 2652 3106 2315 
650 1760 1777 1918 3107 3108 2944 
651 473 1666 2042 2886 2875 2275 
652 1953 1954 1955 3109 3110 2769 
653 1786 1836 1989 2688 2766 3111 
654 1867 181 2029 2597 3112 3113 
655 637 1672 1864 2918 2159 2936 
656 1813 1878 1922 3114 3115 2648 
657 1804 1909 2031 2754 3116 3117 
658 844 867 1904 3118 2581 3101 
659 729 890 2058 3119 3120 2928 
660 1809 1875 1925 3121 2789 3122 
661 1829 1857 1888 3044 2950 3123 
662 1679 1350 1885 2922 2941 3124 
663 1937 1938 1964 2870 3125 3126 
664 1701 1703 1704 3127 3128 2553 
665 1768 1708 1769 3129 2150 2250 
666 1781 1756 1826 3130 3131 2262 
667 1831 222 1931 2709 2824 3040 
668 1707 1768 1775 3132 3133 3134 
669 1737 1738 1892 2782 3077 2195 
670 1707 1706 1708 3135 2803 3136 
671 1844 1939 1941 2861 3137 3138 
672 1729 1730 1894 2811 3100 2167 
673 1891 1802 2033 2911 3139 2655 
674 1653 614 1864 2953 2937 3140 
675 1693 2032 2056 2362 3141 3104 
676 1707 1708 1768 3136 3129 3132 
677 1733 1735 1776 3032 3142 3143 
678 1723 1727 1761 3054 3144 3145 
679 1753 1757 1797 2764 3146 3147 
680 1719 1721 1726 3059 3148 3149 
681 1951 1953 2040 3150 3151 3047 
682 1373 1659 1885 3031 3152 2940 
683 1862 1676 2021 2449 3153 3154 
684 1772 2008 2047 3155 2800 2919 
685 591 1653 1868 2954 3156 2956 
686 1667 1258 1695 2443 2605 3157 
687 1741 1743 1780 2904 3158 3159 
688 1673 568 1868 2962 2957 2787 
689 2019 1878 2034 3160 3161 3162 
690 1745 1756 1781 3064 3130 3163 
691 1212 1934 2055 3038 3164 2730 
692 1715 1717 1725 3068 3165 3166 
693 238 1832 1931 2740 3041 2792 
694 545 1673 1870 2963 2758 2966 
695 1840 1669 1993 2335 2226 3167 
696 1875 1809 1924 3121 2710 3168 
697 1765 1759 1770 3169 3088 3170 
698 1783 1785 1793 3171 3172 3173 
699 1698 1697 1699 3098 2797 3174 
700 1698 1699 1700 3174 3175 3095 
701 1790 1843 2018 2550 2338 2094 
702 1654 453 1870 2970 2967 3176 
703 1798 1797 1896 3177 2347 2109 
704 1756 1746 1928 3063 3178 2958 
705 1859 1679 2025 2841 3179 3180 
706 430 1654 1869 2971 3181 2973 
707 1674 407 1869 2976 2974 3182 
708 315 1674 1871 2977 2224 2979 
709 1655 292 1871 2982 2980 3183 
710 1690 1689 1992 2807 2092 3184 
711 269 1655 1872 2983 3185 2985 
712 1675 384 1872 2988 2986 3186 
713 361 1675 1874 2989 3187 2991 
714 1656 338 1874 2994 2992 3188 
715 1649 1656 1876 2995 3189 2997 
716 1676 1626 1876 3000 2998 3190 
717 1603 1676 1879 3001 2451 3003 
718 1657 1580 1879 3006 3004 2913 
719 1557 1657 1877 3007 3191 3009 
720 1677 1534 1877 3012 3010 3192 
721 1511 1677 1881 3013 3193 3015 
722 1658 1488 1881 3018 3016 3194 
723 1465 1658 1882 3019 2290 3021 
724 1678 1442 1882 3024 3022 3195 
725 1419 1678 1883 3025 3196 3027 
726 1659 1396 1883 3030 3028 3197 
727 1700 1699 1702 3175 2908 3198 
728 1705 1703 1706 3199 3200 3201 
729 2041 2040 2043 3202 3203 3204 
730 1807 1805 2017 2364 2241 3205 
731 1777 1763 1778 3206 3207 3208 
732 1754 1747 2020 2379 2516 3049 
733 1770 1886 2026 3209 2439 3210 
734 1666 2040 2041 3211 3202 2873 
735 1890 1769 1908 2251 2201 3212 
736 1783 1793 1852 3173 2716 3213 
737 1779 1770 2026 3214 3210 3215 
738 1028 1686 1838 2878 3216 2883 
739 1823 1850 1988 2601 2826 3106 
740 1905 1782 1983 3217 2738 3218 
741 1741 1780 1892 3159 3219 3076 
742 1701 1700 1703 3096 3220 3127 
743 1944 1844 1948 2714 2573 3221 
744 1833 1670 1994 2570 2273 3222 
745 1705 1706 1707 3201 3135 3223 
746 890 1650 2058 2642 3224 3120 
747 1983 1786 1989 2737 3111 2690 
748 1775 1795 1847 3225 3226 2929 
749 1653 1864 1865 3140 2358 3227 
750 1704 1705 1709 3228 3229 2574 
751 1733 1776 1894 3143 3230 3099 
752 1775 1768 1795 3133 2212 3225 
753 1910 1663 2016 2865 3231 3232 
754 1847 1681 1930 2481 2677 2930 
755 1753 1797 1798 3147 3177 3233 
756 1802 1800 2033 2382 2390 3139 
757 1883 1678 1884 3196 3234 3235 
758 1917 2023 2037 2505 2827 3236 
759 1951 1952 1953 3237 3238 3150 
760 1094 1967 1972 2907 3239 2932 
761 1677 1877 1878 3192 3240 3241 
762 1874 1675 1875 3187 3242 3243 
763 1872 1655 1873 3185 3244 3245 
764 1704 1703 1705 3128 3199 3228 
765 1887 1779 2026 3246 3215 3247 
766 1858 1782 2054 2554 3248 3249 
767 1764 2010 2011 3250 2855 3251 
768 1686 1051 2044 2877 2182 2700 
769 1856 1804 2031 2626 3117 3252 
770 1764 1096 1984 3253 3092 3254 
771 1889 1778 1981 3255 3256 2418 
772 1887 1758 1987 2117 2295 3257 
773 1713 1715 1899 3080 3258 3259 
774 1691 1690 1992 2902 3184 3260 
775 1667 1695 1849 3157 2840 2948 
776 1814 2019 2034 3261 3162 2759 
777 1777 1778 1889 3208 3255 3262 
778 1651 1691 1783 2903 3263 3264 
779 1771 1772 1773 2673 3265 2332 
780 1938 1963 1964 2540 2578 3125 
781 1789 1711 1791 2698 2924 3266 
782 1746 1748 1928 2662 3267 3178 
783 1892 1780 1893 3219 3268 2408 
784 1663 1913 2016 2708 3269 3231 
785 1652 1905 1983 3053 3218 2802 
786 1898 2044 2045 2701 2141 2457 
787 1143 1937 1964 2857 3126 2593 
788 1934 1935 2055 3270 2533 3164 
789 1894 1776 1895 3230 3271 2508 
790 1986 1773 2052 2748 3272 3273 
791 1707 1775 1927 3134 2416 3274 
792 1985 1971 1986 3275 2804 3276 
793 1916 1950 1951 3035 3277 2475 
794 1971 1985 2002 3275 2816 3278 
795 1657 1880 1922 2914 2649 3279 
796 683 1651 1852 2639 3280 2685 
797 1957 1917 2015 2417 3281 3282 
798 1884 1792 1921 2148 2663 3283 
799 1967 1093 1977 2906 2881 2659 
800 1706 1703 1906 3200 3284 2596 
801 1944 1948 1949 3221 2910 2359 
802 1932 1840 1993 2774 3167 3285 
803 1900 1781 2013 3286 2488 3287 
804 1095 1972 1984 2933 3288 3091 
805 1845 775 2030 3072 3057 3078 
806 1688 1759 1765 2651 3169 3289 
807 1857 1868 1990 2788 3290 2951 
808 1783 1691 1784 3263 3291 3292 
809 1869 1654 1909 3181 3293 3294 
810 1658 1881 1907 3194 3295 2676 
811 1778 1763 1978 3207 3296 3297 
812 1711 1709 1794 2915 3298 2926 
813 1743 1745 1900 2912 3299 3300 
814 1748 1753 1928 2964 3301 3267 
815 1764 1984 1985 3254 3302 3303 
816 1985 1986 2010 3276 3304 3305 
817 2032 1692 2056 2589 2607 3141 
818 1818 1779 1887 2830 3246 3306 
819 1 7 1995 24 2479 2237 
820 1651 1783 1852 3264 3213 3280 
821 1904 1793 1905 2717 3307 3052 
822 1666 474 1958 2885 2736 3308 
823 1929 1794 1930 2927 2403 2394 
824 1785 1784 1788 3309 2819 3310 
825 1727 1729 1901 3050 2587 3311 
826 1715 1725 1899 3166 3312 3258 
827 1785 1788 1858 3310 3313 3314 
828 1858 1788 1919 3313 2633 2720 
829 1933 1900 2013 3315 3287 3316 
830 1760 1763 1777 2773 3206 3107 
831 1735 1737 1932 3039 2775 3317 
832 1721 1723 1902 3058 3318 3319 
833 1723 1761 1902 3145 2154 3318 
834 1782 1905 2054 3217 3320 3248 
835 1753 1798 1928 3233 3102 3301 
836 982 1005 2046 3321 3322 3323 
837 1717 1719 1903 3062 3324 3325 
838 1966 1986 2005 2749 2806 2340 
839 1719 1726 1903 3149 2616 3324 
840 1846 1963 1997 2576 3326 3327 
841 1979 1980 1981 3328 3085 3329 
842 1992 1799 2059 2497 3330 3331 
843 181 4 2029 199 2208 3112 
844 1797 1757 1918 3146 2945 2297 
845 1826 1756 1991 3131 2960 3067 
846 1808 1862 2021 2672 3154 3332 
847 1783 1784 1785 3292 3309 3171 
848 1825 1859 2025 2585 3180 3333 
849 1761 1727 1901 3144 3311 2946 
850 1945 1943 1946 2368 3334 2837 
851 1776 1735 1932 3142 3317 3335 
852 1819 1890 1908 2732 3212 2113 
853 1925 1810 2050 2751 2654 3336 
854 2011 2012 2049 2894 3337 3338 
855 1755 1923 2017 2768 3339 2264 
856 1972 1967 1973 3239 2942 3340 
857 1726 1721 1902 3148 3319 3341 
858 1973 1974 1975 2943 3342 2899 
859 1780 1743 1900 3158 3300 3343 
860 1745 1781 1900 3163 3286 3299 
861 499 522 1961 3344 3345 3346 
862 1878 1813 2034 3114 2796 3161 
863 1725 1717 1903 3165 3325 3347 
864 1806 1809 2050 2561 3348 2696 
865 1960 2053 2060 3349 2216 3350 
866 1940 1939 1942 2602 2862 3093 
867 1672 1860 1989 3084 2691 2765 
868 1979 1767 1980 3351 3352 3328 
869 1700 1702 1906 3198 3353 3354 
870 1847 1795 1982 3226 2184 2635 
871 798 1846 2030 3070 3355 3056 
872 1936 1935 1941 2460 2134 3356 
873 1766 1886 1965 2438 3034 3357 
874 1839 1682 1996 2739 2872 2164 
875 1870 1856 2031 2757 3252 3358 
876 1703 1700 1906 3220 3354 3284 
877 1953 1952 1954 3238 3359 3109 
878 1763 1766 1978 2566 3360 3296 
879 1659 1883 1921 3197 3361 3362 
880 1725 1903 2039 3347 2968 3363 
881 1678 1882 1920 3195 2762 3364 
882 1809 1925 2050 3122 3336 3348 
883 1764 2011 2049 3251 3338 2097 
884 1877 1657 1922 3191 3279 3365 
885 1656 1874 1924 3188 3366 3367 
886 1675 1872 1926 3186 3368 3369 
887 1883 1884 1921 3235 3283 3361 
888 1884 1678 1920 3234 3364 2680 
889 1938 1936 1939 2869 3370 2538 
890 2007 1687 2008 2198 2670 3371 
891 1702 1713 2000 3103 3372 3373 
892 1766 1968 1978 3374 2741 3360 
893 1705 1707 1927 3223 3274 3375 
894 1653 1865 1990 3227 2221 3376 
895 1878 1877 1922 3240 3365 3115 
896 1713 1899 2000 3259 3377 3372 
897 1794 1709 1927 3298 3378 2415 
898 1799 1818 2059 2831 3087 3330 
899 1874 1875 1924 3243 3168 3366 
900 1875 1675 1926 3242 3369 2790 
901 1872 1873 1926 3245 2422 3368 
902 200 1867 2029 2381 3113 2207 
903 1895 1776 1993 3271 3379 2210 
904 1899 1725 2027 3312 3380 3381 
905 1868 1653 1990 3156 3376 3290 
906 1897 1686 1898 3382 2699 3383 
907 2027 1725 2039 3380 3363 3384 
908 1709 1705 1927 3229 3375 3378 
909 1767 1979 2006 3351 3046 3385 
910 1959 1945 1960 3081 2623 3386 
911 1873 1655 1998 3244 3387 2568 
912 1762 1887 2026 2118 3247 2205 
913 1677 1878 2019 3241 3160 3388 
914 1778 1979 1981 3389 3329 3256 
915 1901 1833 1994 2586 3222 2947 
916 1773 1772 2052 3265 2892 3272 
917 1829 1888 1999 3123 2471 3097 
918 1726 1902 1988 3341 2156 2825 
919 1691 1992 2059 3260 3331 3390 
920 1654 1870 2031 3176 3358 3391 
921 1684 1687 1688 3392 2650 2501 
922 1893 1780 1933 3268 3393 2621 
923 1684 1683 1687 3394 2836 3392 
924 1688 1765 1799 3289 2537 2496 
925 1674 1869 2003 3182 3395 2469 
926 1776 1932 1993 3335 3285 3379 
927 1934 1854 1935 2832 2245 3270 
928 1655 1871 1998 3183 2871 3387 
929 1764 1985 2010 3303 3305 3250 
930 1869 1909 2003 3294 3396 3395 
931 2009 2010 2052 2853 3397 2891 
932 1906 1702 2000 3353 3373 2511 
933 1907 1881 2019 3295 3398 3399 
934 1778 1978 1979 3297 3045 3389 
935 1963 1959 1997 3400 3401 3326 
936 1785 1858 2054 3314 3249 3402 
937 1943 1944 1957 3403 2361 3404 
938 1863 241 1995 2645 2238 2591 
939 1968 1969 2006 2613 3405 2742 
940 2004 2002 2057 3406 3407 3408 
941 1960 1962 2053 2625 2104 3349 
942 1954 1952 2037 3359 3409 2175 
943 1950 1946 2015 3410 3411 3412 
944 2006 1969 2036 3405 3413 3414 
945 1789 1791 2016 3266 3415 3416 
946 1943 1942 1944 3094 2715 3403 
947 1661 1189 2055 2484 2731 2532 
948 1951 1950 1952 3277 3417 3237 
949 1952 2015 2037 3418 3419 3409 
950 1913 1914 2014 2583 3075 3420 
951 1818 1887 1987 3306 3257 2426 
952 1997 1959 2060 3401 3421 2746 
953 1780 1900 1933 3343 3315 3393 
954 1913 1789 2016 3422 3416 3269 
955 1844 1941 2001 3138 2136 2313 
956 1765 1770 1779 3170 3214 2535 
957 1766 1965 1968 3357 2786 3374 
958 1881 1677 2019 3193 3388 3398 
959 1972 1973 1976 3340 3074 3423 
960 1789 1913 2014 3422 3420 2119 
961 1676 1876 2021 3190 3424 3153 
962 1679 1885 2025 3124 3425 3179 
963 1876 1656 2024 3189 3426 3427 
964 2002 1975 2057 2900 3428 3407 
965 1946 1943 1957 3334 3404 3429 
966 1772 2007 2008 3430 3371 3155 
967 1838 1686 1897 3216 3382 2519 
968 1659 1921 2038 3362 2664 3431 
969 1656 1924 2024 3367 2711 3426 
970 1784 1691 2059 3291 3390 3086 
971 2045 2012 2047 2678 3432 2799 
972 1650 1689 2058 3433 2809 3224 
973 1770 1771 1886 3089 2334 3209 
974 1909 1654 2031 3293 3391 3116 
975 1952 1950 2015 3417 3412 3418 
976 1972 1976 1984 3423 3434 3288 
977 1971 2002 2004 3278 3406 3435 
978 2015 1917 2037 3281 3236 3419 
979 1885 1659 2038 3152 3431 3436 
980 1666 1958 2040 3308 3048 3211 
981 1939 1936 1941 3370 3356 3137 
982 2040 1953 2043 3151 2771 3203 
983 1899 1796 2000 3437 2512 3377 
984 1796 1899 2027 3437 3381 2138 
985 1650 1683 1684 2772 3394 3438 
986 1923 1807 2017 2860 3205 3339 
987 1791 1910 2016 2507 3232 3415 
988 1777 1889 2035 3262 2173 3439 
989 2021 1876 2024 3424 3427 3440 
990 1947 1956 1962 3043 3441 2938 
991 2025 1885 2038 3425 3436 3442 
992 1650 1684 1689 3438 2502 3433 
993 1984 1976 1985 3434 2814 3302 
994 1971 2004 2005 3435 3443 2805 
995 1793 1785 2054 3172 3402 3444 
996 1905 1793 2054 3307 3444 3320 
997 1846 1997 2030 3327 3079 3355 
998 1909 1803 2003 2753 2755 3396 
999 1947 1946 1950 2838 3410 3042 
1000 1814 1907 2019 2108 3399 3261 
1001 1918 1777 2035 3108 3439 2949 
1002 1959 1960 2060 3386 3350 3421 
1003 1940 1959 1963 3082 3400 2603 
1004 1694 1896 2056 2557 3105 2606 
1005 1946 1957 2015 3429 3282 3411 
1006 1668 1933 2013 2622 3316 2243 
1007 1851 2027 2039 2083 3384 2851 
1008 1825 2025 2038 3333 3442 2628 
1009 2007 1772 2028 3430 2675 3445 
1010 2012 2048 2049 2679 2233 3337 
1011 1808 2021 2024 3332 3440 2656 
1012 2010 1986 2052 3304 3273 3397 
1013 1759 2007 2028 2199 3445 3061 
1014 2004 1970 2005 3446 2407 3443 
1015 1767 2006 2036 3385 3414 3447 
1016 2012 2009 2047 2893 2920 3432 
1017 7 1662 1911 3448 2667 2477 
1018 1767 181 1980 3449 2599 3352 
1019 181 1767 2036 3449 3447 3450 
1020 2041 471 2042 2077 3451 2874 
1021 1092 1974 1977 2067 2660 2880 
1022 1912 1662 1915 2834 2079 2123 
1023 1955 2041 2043 2078 3204 2770 
1024 1969 1970 2036 2406 2072 3413 
1025 1970 2004 2057 3446 3408 2073 
1026 1975 1974 2057 3342 2069 3428 
1027 7 471 1662 2063 2074 3448 
1028 1092 181 2036 2065 3450 2070 
1029 471 472 2042 3452 2276 3451 
1030 475 476 1916 3453 3454 2474 
1031 476 499 1961 3455 3346 3456 
1032 1916 476 1956 3454 3457 3036 
1033 1956 476 1962 3457 2102 3441 
1034 476 1961 2053 3456 2214 2103 
1035 522 752 1961 3458 3459 3345 
1036 752 1845 1961 3073 2217 3459 
1037 959 982 2046 3460 3323 3461 
1038 1685 959 2046 3066 3461 3462 
1039 1005 1097 2046 3463 3464 3322 
1040 1097 1096 1764 3465 3253 2096 
1041 2046 1097 2048 3464 2232 2399 
1042 2045 1685 2046 2140 3462 2398 
1043 1897 1898 2008 3383 2456 2669 
1044 1954 1915 1955 2174 2080 3110 
2 1 10 1414
1045 2 42 454 23 103 3466 3467 41 3468 
1046 23 454 455 22 3467 3469 3470 40 3471 
1047 22 455 456 21 3470 3472 3473 39 3474 
1048 21 456 457 20 3473 3475 3476 38 3477 
1049 20 457 458 19 3476 3478 3479 37 3480 
1050 19 458 459 18 3479 3481 3482 36 3483 
1051 18 459 460 17 3482 3484 3485 35 3486 
1052 17 460 461 16 3485 3487 3488 34 3489 
1053 16 461 462 15 3488 3490 3491 33 3492 
1054 15 462 463 14 3491 3493 3494 32 3495 
1055 14 463 464 13 3494 3496 3497 31 3498 
1056 13 464 465 12 3497 3499 3500 30 3501 
1057 12 465 466 11 3500 3502 3503 29 3504 
1058 11 466 467 10 3503 3505 3506 28 3507 
1059 10 467 468 9 3506 3508 3509 27 3510 
1060 9 468 469 8 3509 3511 3512 26 3513 
1061 8 469 470 7 3512 3514 2061 25 3515 
1062 48 49 1121 1098 110 3516 3517 3518 3519 
1063 1098 1121 1122 1099 3517 3520 3521 3522 3523 
1064 1099 1122 1123 1100 3521 3524 3525 3526 3527 
1065 1100 1123 1124 1101 3525 3528 3529 3530 3531 
1066 1101 1124 1125 1102 3529 3532 3533 3534 3535 
1067 1102 1125 1126 1103 3533 3536 3537 3538 3539 
1068 1103 1126 1127 1104 3537 3540 3541 3542 3543 
1069 1104 1127 1128 1105 3541 3544 3545 3546 3547 
1070 1105 1128 1129 1106 3545 3548 3549 3550 3551 
1071 1106 1129 1130 1107 3549 3552 3553 3554 3555 
1072 1107 1130 1131 1108 3553 3556 3557 3558 3559 
1073 1108 1131 1132 1109 3557 3560 3561 3562 3563 
1074 1109 1132 1133 1110 3561 3564 3565 3566 3567 
1075 1110 1133 1134 1111 3565 3568 3569 3570 3571 
1076 1111 1134 1135 1112 3569 3572 3573 3574 3575 
1077 1112 1135 1136 1113 3573 3576 3577 3578 3579 
1078 1113 1136 1137 1114 3577 3580 3581 3582 3583 
1079 1114 1137 1138 1115 3581 3584 3585 3586 3587 
1080 1115 1138 1139 1116 3585 3588 3589 3590 3591 
1081 1116 1139 1140 1117 3589 3592 3593 3594 3595 
1082 1117 1140 1141 1118 3593 3596 3597 3598 3599 
1083 1118 1141 1142 1119 3597 3600 3601 3602 3603 
1084 1119 1142 1143 1120 3601 3604 2592 3605 3606 
1085 64 65 1489 1466 126 3607 3608 3609 3610 
1086 1466 1489 1490 1467 3608 3611 3612 3613 3614 
1087 1467 1490 1491 1468 3612 3615 3616 3617 3618 
1088 1468 1491 1492 1469 3616 3619 3620 3621 3622 
1089 1469 1492 1493 1470 3620 3623 3624 3625 3626 
1090 1470 1493 1494 1471 3624 3627 3628 3629 3630 
1091 1471 1494 1495 1472 3628 3631 3632 3633 3634 
1092 1472 1495 1496 1473 3632 3635 3636 3637 3638 
1093 1473 1496 1497 1474 3636 3639 3640 3641 3642 
1094 1474 1497 1498 1475 3640 3643 3644 3645 3646 
1095 1475 1498 1499 1476 3644 3647 3648 3649 3650 
1096 1476 1499 1500 1477 3648 3651 3652 3653 3654 
1097 1477 1500 1501 1478 3652 3655 3656 3657 3658 
1098 1478 1501 1502 1479 3656 3659 3660 3661 3662 
1099 1479 1502 1503 1480 3660 3663 3664 3665 3666 
1100 1480 1503 1504 1481 3664 3667 3668 3669 3670 
1101 1481 1504 1505 1482 3668 3671 3672 3673 3674 
1102 1482 1505 1506 1483 3672 3675 3676 3677 3678 
1103 1483 1506 1507 1484 3676 3679 3680 3681 3682 
1104 1484 1507 1508 1485 3680 3683 3684 3685 3686 
1105 1485 1508 1509 1486 3684 3687 3688 3689 3690 
1106 1486 1509 1510 1487 3688 3691 3692 3693 3694 
1107 1487 1510 1511 1488 3692 3695 3014 3696 3697 
1108 57 58 1328 1305 119 3698 3699 3700 3701 
1109 1305 1328 1329 1306 3699 3702 3703 3704 3705 
1110 1306 1329 1330 1307 3703 3706 3707 3708 3709 
1111 1307 1330 1331 1308 3707 3710 3711 3712 3713 
1112 1308 1331 1332 1309 3711 3714 3715 3716 3717 
1113 1309 1332 1333 1310 3715 3718 3719 3720 3721 
1114 1310 1333 1334 1311 3719 3722 3723 3724 3725 
1115 1311 1334 1335 1312 3723 3726 3727 3728 3729 
1116 1312 1335 1336 1313 3727 3730 3731 3732 3733 
1117 1313 1336 1337 1314 3731 3734 3735 3736 3737 
1118 1314 1337 1338 1315 3735 3738 3739 3740 3741 
1119 1315 1338 1339 1316 3739 3742 3743 3744 3745 
1120 1316 1339 1340 1317 3743 3746 3747 3748 3749 
1121 1317 1340 1341 1318 3747 3750 3751 3752 3753 
1122 1318 1341 1342 1319 3751 3754 3755 3756 3757 
1123 1319 1342 1343 1320 3755 3758 3759 3760 3761 
1124 1320 1343 1344 1321 3759 3762 3763 3764 3765 
1125 1321 1344 1345 1322 3763 3766 3767 3768 3769 
1126 1322 1345 1346 1323 3767 3770 3771 3772 3773 
1127 1323 1346 1347 1324 3771 3774 3775 3776 3777 
1128 1324 1347 1348 1325 3775 3778 3779 3780 3781 
1129 1325 1348 1349 1326 3779 3782 3783 3784 3785 
1130 1326 1349 1350 1327 3783 3786 2921 3787 3788 
1131 53 54 1236 1213 115 3789 3790 3791 3792 
1132 1213 1236 1237 1214 3790 3793 3794 3795 3796 
1133 1214 1237 1238 1215 3794 3797 3798 3799 3800 
1134 1215 1238 1239 1216 3798 3801 3802 3803 3804 
1135 1216 1239 1240 1217 3802 3805 3806 3807 3808 
1136 1217 1240 1241 1218 3806 3809 3810 3811 3812 
1137 1218 1241 1242 1219 3810 3813 3814 3815 3816 
1138 1219 1242 1243 1220 3814 3817 3818 3819 3820 
1139 1220 1243 1244 1221 3818 3821 3822 3823 3824 
1140 1221 1244 1245 1222 3822 3825 3826 3827 3828 
1141 1222 1245 1246 1223 3826 3829 3830 3831 3832 
1142 1223 1246 1247 1224 3830 3833 3834 3835 3836 
1143 1224 1247 1248 1225 3834 3837 3838 3839 3840 
1144 1225 1248 1249 1226 3838 3841 3842 3843 3844 
1145 1226 1249 1250 1227 3842 3845 3846 3847 3848 
1146 1227 1250 1251 1228 3846 3849 3850 3851 3852 
1147 1228 1251 1252 1229 3850 3853 3854 3855 3856 
1148 1229 1252 1253 1230 3854 3857 3858 3859 3860 
1149 1230 1253 1254 1231 3858 3861 3862 3863 3864 
1150 1231 1254 1255 1232 3862 3865 3866 3867 3868 
1151 1232 1255 1256 1233 3866 3869 3870 3871 3872 
1152 1233 1256 1257 1234 3870 3873 3874 3875 3876 
1153 1234 1257 1258 1235 3874 3877 2442 3878 3879 
1154 54 55 1259 1236 116 3880 3881 3789 3882 
1155 1236 1259 1260 1237 3881 3883 3884 3793 3885 
1156 1237 1260 1261 1238 3884 3886 3887 3797 3888 
1157 1238 1261 1262 1239 3887 3889 3890 3801 3891 
1158 1239 1262 1263 1240 3890 3892 3893 3805 3894 
1159 1240 1263 1264 1241 3893 3895 3896 3809 3897 
1160 1241 1264 1265 1242 3896 3898 3899 3813 3900 
1161 1242 1265 1266 1243 3899 3901 3902 3817 3903 
1162 1243 1266 1267 1244 3902 3904 3905 3821 3906 
1163 1244 1267 1268 1245 3905 3907 3908 3825 3909 
1164 1245 1268 1269 1246 3908 3910 3911 3829 3912 
1165 1246 1269 1270 1247 3911 3913 3914 3833 3915 
1166 1247 1270 1271 1248 3914 3916 3917 3837 3918 
1167 1248 1271 1272 1249 3917 3919 3920 3841 3921 
1168 1249 1272 1273 1250 3920 3922 3923 3845 3924 
1169 1250 1273 1274 1251 3923 3925 3926 3849 3927 
1170 1251 1274 1275 1252 3926 3928 3929 3853 3930 
1171 1252 1275 1276 1253 3929 3931 3932 3857 3933 
1172 1253 1276 1277 1254 3932 3934 3935 3861 3936 
1173 1254 1277 1278 1255 3935 3937 3938 3865 3939 
1174 1255 1278 1279 1256 3938 3940 3941 3869 3942 
1175 1256 1279 1280 1257 3941 3943 3944 3873 3945 
1176 1257 1280 1281 1258 3944 3946 2604 3877 3947 
1177 55 56 1282 1259 117 3948 3949 3880 3950 
1178 1259 1282 1283 1260 3949 3951 3952 3883 3953 
1179 1260 1283 1284 1261 3952 3954 3955 3886 3956 
1180 1261 1284 1285 1262 3955 3957 3958 3889 3959 
1181 1262 1285 1286 1263 3958 3960 3961 3892 3962 
1182 1263 1286 1287 1264 3961 3963 3964 3895 3965 
1183 1264 1287 1288 1265 3964 3966 3967 3898 3968 
1184 1265 1288 1289 1266 3967 3969 3970 3901 3971 
1185 1266 1289 1290 1267 3970 3972 3973 3904 3974 
1186 1267 1290 1291 1268 3973 3975 3976 3907 3977 
1187 1268 1291 1292 1269 3976 3978 3979 3910 3980 
1188 1269 1292 1293 1270 3979 3981 3982 3913 3983 
1189 1270 1293 1294 1271 3982 3984 3985 3916 3986 
1190 1271 1294 1295 1272 3985 3987 3988 3919 3989 
1191 1272 1295 1296 1273 3988 3990 3991 3922 3992 
1192 1273 1296 1297 1274 3991 3993 3994 3925 3995 
1193 1274 1297 1298 1275 3994 3996 3997 3928 3998 
1194 1275 1298 1299 1276 3997 3999 4000 3931 4001 
1195 1276 1299 1300 1277 4000 4002 4003 3934 4004 
1196 1277 1300 1301 1278 4003 4005 4006 3937 4007 
1197 1278 1301 1302 1279 4006 4008 4009 3940 4010 
1198 1279 1302 1303 1280 4009 4011 4012 3943 4013 
1199 1280 1303 1304 1281 4012 4014 2849 3946 4015 
1200 46 47 776 753 108 4016 4017 4018 4019 
1201 753 776 777 754 4017 4020 4021 4022 4023 
1202 754 777 778 755 4021 4024 4025 4026 4027 
1203 755 778 779 756 4025 4028 4029 4030 4031 
1204 756 779 780 757 4029 4032 4033 4034 4035 
1205 757 780 781 758 4033 4036 4037 4038 4039 
1206 758 781 782 759 4037 4040 4041 4042 4043 
1207 759 782 783 760 4041 4044 4045 4046 4047 
1208 760 783 784 761 4045 4048 4049 4050 4051 
1209 761 784 785 762 4049 4052 4053 4054 4055 
1210 762 785 786 763 4053 4056 4057 4058 4059 
1211 763 786 787 764 4057 4060 4061 4062 4063 
1212 764 787 788 765 4061 4064 4065 4066 4067 
1213 765 788 789 766 4065 4068 4069 4070 4071 
1214 766 789 790 767 4069 4072 4073 4074 4075 
1215 767 790 791 768 4073 4076 4077 4078 4079 
1216 768 791 792 769 4077 4080 4081 4082 4083 
1217 769 792 793 770 4081 4084 4085 4086 4087 
1218 770 793 794 771 4085 4088 4089 4090 4091 
1219 771 794 795 772 4089 4092 4093 4094 4095 
1220 772 795 796 773 4093 4096 4097 4098 4099 
1221 773 796 797 774 4097 4100 4101 4102 4103 
1222 774 797 798 775 4101 4104 3055 4105 4106 
1223 52 53 1213 1190 114 3791 4107 4108 4109 
1224 1190 1213 1214 1191 4107 3795 4110 4111 4112 
1225 1191 1214 1215 1192 4110 3799 4113 4114 4115 
1226 1192 1215 1216 1193 4113 3803 4116 4117 4118 
1227 1193 1216 1217 1194 4116 3807 4119 4120 4121 
1228 1194 1217 1218 1195 4119 3811 4122 4123 4124 
1229 1195 1218 1219 1196 4122 3815 4125 4126 4127 
1230 1196 1219 1220 1197 4125 3819 4128 4129 4130 
1231 1197 1220 1221 1198 4128 3823 4131 4132 4133 
1232 1198 1221 1222 1199 4131 3827 4134 4135 4136 
1233 1199 1222 1223 1200 4134 3831 4137 4138 4139 
1234 1200 1223 1224 1201 4137 3835 4140 4141 4142 
1235 1201 1224 1225 1202 4140 3839 4143 4144 4145 
1236 1202 1225 1226 1203 4143 3843 4146 4147 4148 
1237 1203 1226 1227 1204 4146 3847 4149 4150 4151 
1238 1204 1227 1228 1205 4149 3851 4152 4153 4154 
1239 1205 1228 1229 1206 4152 3855 4155 4156 4157 
1240 1206 1229 1230 1207 4155 3859 4158 4159 4160 
1241 1207 1230 1231 1208 4158 3863 4161 4162 4163 
1242 1208 1231 1232 1209 4161 3867 4164 4165 4166 
1243 1209 1232 1233 1210 4164 3871 4167 4168 4169 
1244 1210 1233 1234 1211 4167 3875 4170 4171 4172 
1245 1211 1234 1235 1212 4170 3878 2702 4173 4174 
1246 51 52 1190 1167 113 4108 4175 4176 4177 
1247 1167 1190 1191 1168 4175 4111 4178 4179 4180 
1248 1168 1191 1192 1169 4178 4114 4181 4182 4183 
1249 1169 1192 1193 1170 4181 4117 4184 4185 4186 
1250 1170 1193 1194 1171 4184 4120 4187 4188 4189 
1251 1171 1194 1195 1172 4187 4123 4190 4191 4192 
1252 1172 1195 1196 1173 4190 4126 4193 4194 4195 
1253 1173 1196 1197 1174 4193 4129 4196 4197 4198 
1254 1174 1197 1198 1175 4196 4132 4199 4200 4201 
1255 1175 1198 1199 1176 4199 4135 4202 4203 4204 
1256 1176 1199 1200 1177 4202 4138 4205 4206 4207 
1257 1177 1200 1201 1178 4205 4141 4208 4209 4210 
1258 1178 1201 1202 1179 4208 4144 4211 4212 4213 
1259 1179 1202 1203 1180 4211 4147 4214 4215 4216 
1260 1180 1203 1204 1181 4214 4150 4217 4218 4219 
1261 1181 1204 1205 1182 4217 4153 4220 4221 4222 
1262 1182 1205 1206 1183 4220 4156 4223 4224 4225 
1263 1183 1206 1207 1184 4223 4159 4226 4227 4228 
1264 1184 1207 1208 1185 4226 4162 4229 4230 4231 
1265 1185 1208 1209 1186 4229 4165 4232 4233 4234 
1266 1186 1209 1210 1187 4232 4168 4235 4236 4237 
1267 1187 1210 1211 1188 4235 4171 4238 4239 4240 
1268 1188 1211 1212 1189 4238 4173 2729 4241 4242 
1269 56 57 1305 1282 118 3700 4243 3948 4244 
1270 1282 1305 1306 1283 4243 3704 4245 3951 4246 
1271 1283 1306 1307 1284 4245 3708 4247 3954 4248 
1272 1284 1307 1308 1285 4247 3712 4249 3957 4250 
1273 1285 1308 1309 1286 4249 3716 4251 3960 4252 
1274 1286 1309 1310 1287 4251 3720 4253 3963 4254 
1275 1287 1310 1311 1288 4253 3724 4255 3966 4256 
1276 1288 1311 1312 1289 4255 3728 4257 3969 4258 
1277 1289 1312 1313 1290 4257 3732 4259 3972 4260 
1278 1290 1313 1314 1291 4259 3736 4261 3975 4262 
1279 1291 1314 1315 1292 4261 3740 4263 3978 4264 
1280 1292 1315 1316 1293 4263 3744 4265 3981 4266 
1281 1293 1316 1317 1294 4265 3748 4267 3984 4268 
1282 1294 1317 1318 1295 4267 3752 4269 3987 4270 
1283 1295 1318 1319 1296 4269 3756 4271 3990 4272 
1284 1296 1319 1320 1297 4271 3760 4273 3993 4274 
1285 1297 1320 1321 1298 4273 3764 4275 3996 4276 
1286 1298 1321 1322 1299 4275 3768 4277 3999 4278 
1287 1299 1322 1323 1300 4277 3772 4279 4002 4280 
1288 1300 1323 1324 1301 4279 3776 4281 4005 4282 
1289 1301 1324 1325 1302 4281 3780 4283 4008 4284 
1290 1302 1325 1326 1303 4283 3784 4285 4011 4286 
1291 1303 1326 1327 1304 4285 3787 2896 4014 4287 
1292 50 51 1167 1144 112 4176 4288 4289 4290 
1293 1144 1167 1168 1145 4288 4179 4291 4292 4293 
1294 1145 1168 1169 1146 4291 4182 4294 4295 4296 
1295 1146 1169 1170 1147 4294 4185 4297 4298 4299 
1296 1147 1170 1171 1148 4297 4188 4300 4301 4302 
1297 1148 1171 1172 1149 4300 4191 4303 4304 4305 
1298 1149 1172 1173 1150 4303 4194 4306 4307 4308 
1299 1150 1173 1174 1151 4306 4197 4309 4310 4311 
1300 1151 1174 1175 1152 4309 4200 4312 4313 4314 
1301 1152 1175 1176 1153 4312 4203 4315 4316 4317 
1302 1153 1176 1177 1154 4315 4206 4318 4319 4320 
1303 1154 1177 1178 1155 4318 4209 4321 4322 4323 
1304 1155 1178 1179 1156 4321 4212 4324 4325 4326 
1305 1156 1179 1180 1157 4324 4215 4327 4328 4329 
1306 1157 1180 1181 1158 4327 4218 4330 4331 4332 
1307 1158 1181 1182 1159 4330 4221 4333 4334 4335 
1308 1159 1182 1183 1160 4333 4224 4336 4337 4338 
1309 1160 1183 1184 1161 4336 4227 4339 4340 4341 
1310 1161 1184 1185 1162 4339 4230 4342 4343 4344 
1311 1162 1185 1186 1163 4342 4233 4345 4346 4347 
1312 1163 1186 1187 1164 4345 4236 4348 4349 4350 
1313 1164 1187 1188 1165 4348 4239 4351 4352 4353 
1314 1165 1188 1189 1166 4351 4241 2483 4354 4355 
1315 49 50 1144 1121 111 4289 4356 3516 4357 
1316 1121 1144 1145 1122 4356 4292 4358 3520 4359 
1317 1122 1145 1146 1123 4358 4295 4360 3524 4361 
1318 1123 1146 1147 1124 4360 4298 4362 3528 4363 
1319 1124 1147 1148 1125 4362 4301 4364 3532 4365 
1320 1125 1148 1149 1126 4364 4304 4366 3536 4367 
1321 1126 1149 1150 1127 4366 4307 4368 3540 4369 
1322 1127 1150 1151 1128 4368 4310 4370 3544 4371 
1323 1128 1151 1152 1129 4370 4313 4372 3548 4373 
1324 1129 1152 1153 1130 4372 4316 4374 3552 4375 
1325 1130 1153 1154 1131 4374 4319 4376 3556 4377 
1326 1131 1154 1155 1132 4376 4322 4378 3560 4379 
1327 1132 1155 1156 1133 4378 4325 4380 3564 4381 
1328 1133 1156 1157 1134 4380 4328 4382 3568 4383 
1329 1134 1157 1158 1135 4382 4331 4384 3572 4385 
1330 1135 1158 1159 1136 4384 4334 4386 3576 4387 
1331 1136 1159 1160 1137 4386 4337 4388 3580 4389 
1332 1137 1160 1161 1138 4388 4340 4390 3584 4391 
1333 1138 1161 1162 1139 4390 4343 4392 3588 4393 
1334 1139 1162 1163 1140 4392 4346 4394 3592 4395 
1335 1140 1163 1164 1141 4394 4349 4396 3596 4397 
1336 1141 1164 1165 1142 4396 4352 4398 3600 4399 
1337 1142 1165 1166 1143 4398 4354 2856 3604 4400 
1338 45 46 753 730 107 4018 4401 4402 4403 
1339 730 753 754 731 4401 4022 4404 4405 4406 
1340 731 754 755 732 4404 4026 4407 4408 4409 
1341 732 755 756 733 4407 4030 4410 4411 4412 
1342 733 756 757 734 4410 4034 4413 4414 4415 
1343 734 757 758 735 4413 4038 4416 4417 4418 
1344 735 758 759 736 4416 4042 4419 4420 4421 
1345 736 759 760 737 4419 4046 4422 4423 4424 
1346 737 760 761 738 4422 4050 4425 4426 4427 
1347 738 761 762 739 4425 4054 4428 4429 4430 
1348 739 762 763 740 4428 4058 4431 4432 4433 
1349 740 763 764 741 4431 4062 4434 4435 4436 
1350 741 764 765 742 4434 4066 4437 4438 4439 
1351 742 765 766 743 4437 4070 4440 4441 4442 
1352 743 766 767 744 4440 4074 4443 4444 4445 
1353 744 767 768 745 4443 4078 4446 4447 4448 
1354 745 768 769 746 4446 4082 4449 4450 4451 
1355 746 769 770 747 4449 4086 4452 4453 4454 
1356 747 770 771 748 4452 4090 4455 4456 4457 
1357 748 771 772 749 4455 4094 4458 4459 4460 
1358 749 772 773 750 4458 4098 4461 4462 4463 
1359 750 773 774 751 4461 4102 4464 4465 4466 
1360 751 774 775 752 4464 4105 3071 4467 4468 
1361 44 45 730 500 106 4402 4469 4470 4471 
1362 500 730 731 501 4469 4405 4472 4473 4474 
1363 501 731 732 502 4472 4408 4475 4476 4477 
1364 502 732 733 503 4475 4411 4478 4479 4480 
1365 503 733 734 504 4478 4414 4481 4482 4483 
1366 504 734 735 505 4481 4417 4484 4485 4486 
1367 505 735 736 506 4484 4420 4487 4488 4489 
1368 506 736 737 507 4487 4423 4490 4491 4492 
1369 507 737 738 508 4490 4426 4493 4494 4495 
1370 508 738 739 509 4493 4429 4496 4497 4498 
1371 509 739 740 510 4496 4432 4499 4500 4501 
1372 510 740 741 511 4499 4435 4502 4503 4504 
1373 511 741 742 512 4502 4438 4505 4506 4507 
1374 512 742 743 513 4505 4441 4508 4509 4510 
1375 513 743 744 514 4508 4444 4511 4512 4513 
1376 514 744 745 515 4511 4447 4514 4515 4516 
1377 515 745 746 516 4514 4450 4517 4518 4519 
1378 516 746 747 517 4517 4453 4520 4521 4522 
1379 517 747 748 518 4520 4456 4523 4524 4525 
1380 518 748 749 519 4523 4459 4526 4527 4528 
1381 519 749 750 520 4526 4462 4529 4530 4531 
1382 520 750 751 521 4529 4465 4532 4533 4534 
1383 521 751 752 522 4532 4467 3458 4535 4536 
1384 47 48 1098 776 109 3518 4537 4016 4538 
1385 776 1098 1099 777 4537 3522 4539 4020 4540 
1386 777 1099 1100 778 4539 3526 4541 4024 4542 
1387 778 1100 1101 779 4541 3530 4543 4028 4544 
1388 779 1101 1102 780 4543 3534 4545 4032 4546 
1389 780 1102 1103 781 4545 3538 4547 4036 4548 
1390 781 1103 1104 782 4547 3542 4549 4040 4550 
1391 782 1104 1105 783 4549 3546 4551 4044 4552 
1392 783 1105 1106 784 4551 3550 4553 4048 4554 
1393 784 1106 1107 785 4553 3554 4555 4052 4556 
1394 785 1107 1108 786 4555 3558 4557 4056 4558 
1395 786 1108 1109 787 4557 3562 4559 4060 4560 
1396 787 1109 1110 788 4559 3566 4561 4064 4562 
1397 788 1110 1111 789 4561 3570 4563 4068 4564 
1398 789 1111 1112 790 4563 3574 4565 4072 4566 
1399 790 1112 1113 791 4565 3578 4567 4076 4568 
1400 791 1113 1114 792 4567 3582 4569 4080 4570 
1401 792 1114 1115 793 4569 3586 4571 4084 4572 
1402 793 1115 1116 794 4571 3590 4573 4088 4574 
1403 794 1116 1117 795 4573 3594 4575 4092 4576 
1404 795 1117 1118 796 4575 3598 4577 4096 4578 
1405 796 1118 1119 797 4577 3602 4579 4100 4580 
1406 797 1119 1120 798 4579 3605 3069 4104 4581 
1407 43 44 500 477 105 4470 4582 4583 4584 
1408 477 500 501 478 4582 4473 4585 4586 4587 
1409 478 501 502 479 4585 4476 4588 4589 4590 
1410 479 502 503 480 4588 4479 4591 4592 4593 
1411 480 503 504 481 4591 4482 4594 4595 4596 
1412 481 504 505 482 4594 4485 4597 4598 4599 
1413 482 505 506 483 4597 4488 4600 4601 4602 
1414 483 506 507 484 4600 4491 4603 4604 4605 
1415 484 507 508 485 4603 4494 4606 4607 4608 
1416 485 508 509 486 4606 4497 4609 4610 4611 
1417 486 509 510 487 4609 4500 4612 4613 4614 
1418 487 510 511 488 4612 4503 4615 4616 4617 
1419 488 511 512 489 4615 4506 4618 4619 4620 
1420 489 512 513 490 4618 4509 4621 4622 4623 
1421 490 513 514 491 4621 4512 4624 4625 4626 
1422 491 514 515 492 4624 4515 4627 4628 4629 
1423 492 515 516 493 4627 4518 4630 4631 4632 
1424 493 516 517 494 4630 4521 4633 4634 4635 
1425 494 517 518 495 4633 4524 4636 4637 4638 
1426 495 518 519 496 4636 4527 4639 4640 4641 
1427 496 519 520 497 4639 4530 4642 4643 4644 
1428 497 520 521 498 4642 4533 4645 4646 4647 
1429 498 521 522 499 4645 4535 3344 4648 4649 
1430 42 43 477 454 104 4583 4650 3466 4651 
1431 454 477 478 455 4650 4586 4652 3469 4653 
1432 455 478 479 456 4652 4589 4654 3472 4655 
1433 456 479 480 457 4654 4592 4656 3475 4657 
1434 457 480 481 458 4656 4595 4658 3478 4659 
1435 458 481 482 459 4658 4598 4660 3481 4661 
1436 459 482 483 460 4660 4601 4662 3484 4663 
1437 460 483 484 461 4662 4604 4664 3487 4665 
1438 461 484 485 462 4664 4607 4666 3490 4667 
1439 462 485 486 463 4666 4610 4668 3493 4669 
1440 463 486 487 464 4668 4613 4670 3496 4671 
1441 464 487 488 465 4670 4616 4672 3499 4673 
1442 465 488 489 466 4672 4619 4674 3502 4675 
1443 466 489 490 467 4674 4622 4676 3505 4677 
1444 467 490 491 468 4676 4625 4678 3508 4679 
1445 468 491 492 469 4678 4628 4680 3511 4681 
1446 469 492 493 470 4680 4631 4682 3514 4683 
1447 470 493 494 471 4682 4634 4684 2062 4685 
1448 471 494 495 472 4684 4637 4686 3452 4687 
1449 472 495 496 473 4686 4640 4688 2274 4689 
1450 473 496 497 474 4688 4643 4690 2884 4691 
1451 474 497 498 475 4690 4646 4692 2734 4693 
1452 475 498 499 476 4692 4648 3455 3453 4694 
1453 58 59 1351 1328 120 4695 4696 3698 4697 
1454 1328 1351 1352 1329 4696 4698 4699 3702 4700 
1455 1329 1352 1353 1330 4699 4701 4702 3706 4703 
1456 1330 1353 1354 1331 4702 4704 4705 3710 4706 
1457 1331 1354 1355 1332 4705 4707 4708 3714 4709 
1458 1332 1355 1356 1333 4708 4710 4711 3718 4712 
1459 1333 1356 1357 1334 4711 4713 4714 3722 4715 
1460 1334 1357 1358 1335 4714 4716 4717 3726 4718 
1461 1335 1358 1359 1336 4717 4719 4720 3730 4721 
1462 1336 1359 1360 1337 4720 4722 4723 3734 4724 
1463 1337 1360 1361 1338 4723 4725 4726 3738 4727 
1464 1338 1361 1362 1339 4726 4728 4729 3742 4730 
1465 1339 1362 1363 1340 4729 4731 4732 3746 4733 
1466 1340 1363 1364 1341 4732 4734 4735 3750 4736 
1467 1341 1364 1365 1342 4735 4737 4738 3754 4739 
1468 1342 1365 1366 1343 4738 4740 4741 3758 4742 
1469 1343 1366 1367 1344 4741 4743 4744 3762 4745 
1470 1344 1367 1368 1345 4744 4746 4747 3766 4748 
1471 1345 1368 1369 1346 4747 4749 4750 3770 4751 
1472 1346 1369 1370 1347 4750 4752 4753 3774 4754 
1473 1347 1370 1371 1348 4753 4755 4756 3778 4757 
1474 1348 1371 1372 1349 4756 4758 4759 3782 4760 
1475 1349 1372 1373 1350 4759 4761 2939 3786 4762 
1476 59 60 1374 1351 121 4763 4764 4695 4765 
1477 1351 1374 1375 1352 4764 4766 4767 4698 4768 
1478 1352 1375 1376 1353 4767 4769 4770 4701 4771 
1479 1353 1376 1377 1354 4770 4772 4773 4704 4774 
1480 1354 1377 1378 1355 4773 4775 4776 4707 4777 
1481 1355 1378 1379 1356 4776 4778 4779 4710 4780 
1482 1356 1379 1380 1357 4779 4781 4782 4713 4783 
1483 1357 1380 1381 1358 4782 4784 4785 4716 4786 
1484 1358 1381 1382 1359 4785 4787 4788 4719 4789 
1485 1359 1382 1383 1360 4788 4790 4791 4722 4792 
1486 1360 1383 1384 1361 4791 4793 4794 4725 4795 
1487 1361 1384 1385 1362 4794 4796 4797 4728 4798 
1488 1362 1385 1386 1363 4797 4799 4800 4731 4801 
1489 1363 1386 1387 1364 4800 4802 4803 4734 4804 
1490 1364 1387 1388 1365 4803 4805 4806 4737 4807 
1491 1365 1388 1389 1366 4806 4808 4809 4740 4810 
1492 1366 1389 1390 1367 4809 4811 4812 4743 4813 
1493 1367 1390 1391 1368 4812 4814 4815 4746 4816 
1494 1368 1391 1392 1369 4815 4817 4818 4749 4819 
1495 1369 1392 1393 1370 4818 4820 4821 4752 4822 
1496 1370 1393 1394 1371 4821 4823 4824 4755 4825 
1497 1371 1394 1395 1372 4824 4826 4827 4758 4828 
1498 1372 1395 1396 1373 4827 4829 3029 4761 4830 
1499 60 61 1397 1374 122 4831 4832 4763 4833 
1500 1374 1397 1398 1375 4832 4834 4835 4766 4836 
1501 1375 1398 1399 1376 4835 4837 4838 4769 4839 
1502 1376 1399 1400 1377 4838 4840 4841 4772 4842 
1503 1377 1400 1401 1378 4841 4843 4844 4775 4845 
1504 1378 1401 1402 1379 4844 4846 4847 4778 4848 
1505 1379 1402 1403 1380 4847 4849 4850 4781 4851 
1506 1380 1403 1404 1381 4850 4852 4853 4784 4854 
1507 1381 1404 1405 1382 4853 4855 4856 4787 4857 
1508 1382 1405 1406 1383 4856 4858 4859 4790 4860 
1509 1383 1406 1407 1384 4859 4861 4862 4793 4863 
1510 1384 1407 1408 1385 4862 4864 4865 4796 4866 
1511 1385 1408 1409 1386 4865 4867 4868 4799 4869 
1512 1386 1409 1410 1387 4868 4870 4871 4802 4872 
1513 1387 1410 1411 1388 4871 4873 4874 4805 4875 
1514 1388 1411 1412 1389 4874 4876 4877 4808 4878 
1515 1389 1412 1413 1390 4877 4879 4880 4811 4881 
1516 1390 1413 1414 1391 4880 4882 4883 4814 4884 
1517 1391 1414 1415 1392 4883 4885 4886 4817 4887 
1518 1392 1415 1416 1393 4886 4888 4889 4820 4890 
1519 1393 1416 1417 1394 4889 4891 4892 4823 4893 
1520 1394 1417 1418 1395 4892 4894 4895 4826 4896 
1521 1395 1418 1419 1396 4895 4897 3026 4829 4898 
1522 61 62 1420 1397 123 4899 4900 4831 4901 
1523 1397 1420 1421 1398 4900 4902 4903 4834 4904 
1524 1398 1421 1422 1399 4903 4905 4906 4837 4907 
1525 1399 1422 1423 1400 4906 4908 4909 4840 4910 
1526 1400 1423 1424 1401 4909 4911 4912 4843 4913 
1527 1401 1424 1425 1402 4912 4914 4915 4846 4916 
1528 1402 1425 1426 1403 4915 4917 4918 4849 4919 
1529 1403 1426 1427 1404 4918 4920 4921 4852 4922 
1530 1404 1427 1428 1405 4921 4923 4924 4855 4925 
1531 1405 1428 1429 1406 4924 4926 4927 4858 4928 
1532 1406 1429 1430 1407 4927 4929 4930 4861 4931 
1533 1407 1430 1431 1408 4930 4932 4933 4864 4934 
1534 1408 1431 1432 1409 4933 4935 4936 4867 4937 
1535 1409 1432 1433 1410 4936 4938 4939 4870 4940 
1536 1410 1433 1434 1411 4939 4941 4942 4873 4943 
1537 1411 1434 1435 1412 4942 4944 4945 4876 4946 
1538 1412 1435 1436 1413 4945 4947 4948 4879 4949 
1539 1413 1436 1437 1414 4948 4950 4951 4882 4952 
1540 1414 1437 1438 1415 4951 4953 4954 4885 4955 
1541 1415 1438 1439 1416 4954 4956 4957 4888 4958 
1542 1416 1439 1440 1417 4957 4959 4960 4891 4961 
1543 1417 1440 1441 1418 4960 4962 4963 4894 4964 
1544 1418 1441 1442 1419 4963 4965 3023 4897 4966 
1545 62 63 1443 1420 124 4967 4968 4899 4969 
1546 1420 1443 1444 1421 4968 4970 4971 4902 4972 
1547 1421 1444 1445 1422 4971 4973 4974 4905 4975 
1548 1422 1445 1446 1423 4974 4976 4977 4908 4978 
1549 1423 1446 1447 1424 4977 4979 4980 4911 4981 
1550 1424 1447 1448 1425 4980 4982 4983 4914 4984 
1551 1425 1448 1449 1426 4983 4985 4986 4917 4987 
1552 1426 1449 1450 1427 4986 4988 4989 4920 4990 
1553 1427 1450 1451 1428 4989 4991 4992 4923 4993 
1554 1428 1451 1452 1429 4992 4994 4995 4926 4996 
1555 1429 1452 1453 1430 4995 4997 4998 4929 4999 
1556 1430 1453 1454 1431 4998 5000 5001 4932 5002 
1557 1431 1454 1455 1432 5001 5003 5004 4935 5005 
1558 1432 1455 1456 1433 5004 5006 5007 4938 5008 
1559 1433 1456 1457 1434 5007 5009 5010 4941 5011 
1560 1434 1457 1458 1435 5010 5012 5013 4944 5014 
1561 1435 1458 1459 1436 5013 5015 5016 4947 5017 
1562 1436 1459 1460 1437 5016 5018 5019 4950 5020 
1563 1437 1460 1461 1438 5019 5021 5022 4953 5023 
1564 1438 1461 1462 1439 5022 5024 5025 4956 5026 
1565 1439 1462 1463 1440 5025 5027 5028 4959 5029 
1566 1440 1463 1464 1441 5028 5030 5031 4962 5032 
1567 1441 1464 1465 1442 5031 5033 3020 4965 5034 
1568 63 64 1466 1443 125 3609 5035 4967 5036 
1569 1443 1466 1467 1444 5035 3613 5037 4970 5038 
1570 1444 1467 1468 1445 5037 3617 5039 4973 5040 
1571 1445 1468 1469 1446 5039 3621 5041 4976 5042 
1572 1446 1469 1470 1447 5041 3625 5043 4979 5044 
1573 1447 1470 1471 1448 5043 3629 5045 4982 5046 
1574 1448 1471 1472 1449 5045 3633 5047 4985 5048 
1575 1449 1472 1473 1450 5047 3637 5049 4988 5050 
1576 1450 1473 1474 1451 5049 3641 5051 4991 5052 
1577 1451 1474 1475 1452 5051 3645 5053 4994 5054 
1578 1452 1475 1476 1453 5053 3649 5055 4997 5056 
1579 1453 1476 1477 1454 5055 3653 5057 5000 5058 
1580 1454 1477 1478 1455 5057 3657 5059 5003 5060 
1581 1455 1478 1479 1456 5059 3661 5061 5006 5062 
1582 1456 1479 1480 1457 5061 3665 5063 5009 5064 
1583 1457 1480 1481 1458 5063 3669 5065 5012 5066 
1584 1458 1481 1482 1459 5065 3673 5067 5015 5068 
1585 1459 1482 1483 1460 5067 3677 5069 5018 5070 
1586 1460 1483 1484 1461 5069 3681 5071 5021 5072 
1587 1461 1484 1485 1462 5071 3685 5073 5024 5074 
1588 1462 1485 1486 1463 5073 3689 5075 5027 5076 
1589 1463 1486 1487 1464 5075 3693 5077 5030 5078 
1590 1464 1487 1488 1465 5077 3696 3017 5033 5079 
1591 86 87 799 638 148 5080 5081 5082 5083 
1592 638 799 800 639 5081 5084 5085 5086 5087 
1593 639 800 801 640 5085 5088 5089 5090 5091 
1594 640 801 802 641 5089 5092 5093 5094 5095 
1595 641 802 803 642 5093 5096 5097 5098 5099 
1596 642 803 804 643 5097 5100 5101 5102 5103 
1597 643 804 805 644 5101 5104 5105 5106 5107 
1598 644 805 806 645 5105 5108 5109 5110 5111 
1599 645 806 807 646 5109 5112 5113 5114 5115 
1600 646 807 808 647 5113 5116 5117 5118 5119 
1601 647 808 809 648 5117 5120 5121 5122 5123 
1602 648 809 810 649 5121 5124 5125 5126 5127 
1603 649 810 811 650 5125 5128 5129 5130 5131 
1604 650 811 812 651 5129 5132 5133 5134 5135 
1605 651 812 813 652 5133 5136 5137 5138 5139 
1606 652 813 814 653 5137 5140 5141 5142 5143 
1607 653 814 815 654 5141 5144 5145 5146 5147 
1608 654 815 816 655 5145 5148 5149 5150 5151 
1609 655 816 817 656 5149 5152 5153 5154 5155 
1610 656 817 818 657 5153 5156 5157 5158 5159 
1611 657 818 819 658 5157 5160 5161 5162 5163 
1612 658 819 820 659 5161 5164 5165 5166 5167 
1613 659 820 821 660 5165 5168 2887 5169 5170 
1614 87 88 822 799 149 5171 5172 5080 5173 
1615 799 822 823 800 5172 5174 5175 5084 5176 
1616 800 823 824 801 5175 5177 5178 5088 5179 
1617 801 824 825 802 5178 5180 5181 5092 5182 
1618 802 825 826 803 5181 5183 5184 5096 5185 
1619 803 826 827 804 5184 5186 5187 5100 5188 
1620 804 827 828 805 5187 5189 5190 5104 5191 
1621 805 828 829 806 5190 5192 5193 5108 5194 
1622 806 829 830 807 5193 5195 5196 5112 5197 
1623 807 830 831 808 5196 5198 5199 5116 5200 
1624 808 831 832 809 5199 5201 5202 5120 5203 
1625 809 832 833 810 5202 5204 5205 5124 5206 
1626 810 833 834 811 5205 5207 5208 5128 5209 
1627 811 834 835 812 5208 5210 5211 5132 5212 
1628 812 835 836 813 5211 5213 5214 5136 5215 
1629 813 836 837 814 5214 5216 5217 5140 5218 
1630 814 837 838 815 5217 5219 5220 5144 5221 
1631 815 838 839 816 5220 5222 5223 5148 5224 
1632 816 839 840 817 5223 5225 5226 5152 5227 
1633 817 840 841 818 5226 5228 5229 5156 5230 
1634 818 841 842 819 5229 5231 5232 5160 5233 
1635 819 842 843 820 5232 5234 5235 5164 5236 
1636 820 843 844 821 5235 5237 2866 5168 5238 
1637 65 66 1512 1489 127 5239 5240 3607 5241 
1638 1489 1512 1513 1490 5240 5242 5243 3611 5244 
1639 1490 1513 1514 1491 5243 5245 5246 3615 5247 
1640 1491 1514 1515 1492 5246 5248 5249 3619 5250 
1641 1492 1515 1516 1493 5249 5251 5252 3623 5253 
1642 1493 1516 1517 1494 5252 5254 5255 3627 5256 
1643 1494 1517 1518 1495 5255 5257 5258 3631 5259 
1644 1495 1518 1519 1496 5258 5260 5261 3635 5262 
1645 1496 1519 1520 1497 5261 5263 5264 3639 5265 
1646 1497 1520 1521 1498 5264 5266 5267 3643 5268 
1647 1498 1521 1522 1499 5267 5269 5270 3647 5271 
1648 1499 1522 1523 1500 5270 5272 5273 3651 5274 
1649 1500 1523 1524 1501 5273 5275 5276 3655 5277 
1650 1501 1524 1525 1502 5276 5278 5279 3659 5280 
1651 1502 1525 1526 1503 5279 5281 5282 3663 5283 
1652 1503 1526 1527 1504 5282 5284 5285 3667 5286 
1653 1504 1527 1528 1505 5285 5287 5288 3671 5289 
1654 1505 1528 1529 1506 5288 5290 5291 3675 5292 
1655 1506 1529 1530 1507 5291 5293 5294 3679 5295 
1656 1507 1530 1531 1508 5294 5296 5297 3683 5298 
1657 1508 1531 1532 1509 5297 5299 5300 3687 5301 
1658 1509 1532 1533 1510 5300 5302 5303 3691 5304 
1659 1510 1533 1534 1511 5303 5305 3011 3695 5306 
1660 66 67 1535 1512 128 5307 5308 5239 5309 
1661 1512 1535 1536 1513 5308 5310 5311 5242 5312 
1662 1513 1536 1537 1514 5311 5313 5314 5245 5315 
1663 1514 1537 1538 1515 5314 5316 5317 5248 5318 
1664 1515 1538 1539 1516 5317 5319 5320 5251 5321 
1665 1516 1539 1540 1517 5320 5322 5323 5254 5324 
1666 1517 1540 1541 1518 5323 5325 5326 5257 5327 
1667 1518 1541 1542 1519 5326 5328 5329 5260 5330 
1668 1519 1542 1543 1520 5329 5331 5332 5263 5333 
1669 1520 1543 1544 1521 5332 5334 5335 5266 5336 
1670 1521 1544 1545 1522 5335 5337 5338 5269 5339 
1671 1522 1545 1546 1523 5338 5340 5341 5272 5342 
1672 1523 1546 1547 1524 5341 5343 5344 5275 5345 
1673 1524 1547 1548 1525 5344 5346 5347 5278 5348 
1674 1525 1548 1549 1526 5347 5349 5350 5281 5351 
1675 1526 1549 1550 1527 5350 5352 5353 5284 5354 
1676 1527 1550 1551 1528 5353 5355 5356 5287 5357 
1677 1528 1551 1552 1529 5356 5358 5359 5290 5360 
1678 1529 1552 1553 1530 5359 5361 5362 5293 5363 
1679 1530 1553 1554 1531 5362 5364 5365 5296 5366 
1680 1531 1554 1555 1532 5365 5367 5368 5299 5369 
1681 1532 1555 1556 1533 5368 5370 5371 5302 5372 
1682 1533 1556 1557 1534 5371 5373 3008 5305 5374 
1683 67 68 1558 1535 129 5375 5376 5307 5377 
1684 1535 1558 1559 1536 5376 5378 5379 5310 5380 
1685 1536 1559 1560 1537 5379 5381 5382 5313 5383 
1686 1537 1560 1561 1538 5382 5384 5385 5316 5386 
1687 1538 1561 1562 1539 5385 5387 5388 5319 5389 
1688 1539 1562 1563 1540 5388 5390 5391 5322 5392 
1689 1540 1563 1564 1541 5391 5393 5394 5325 5395 
1690 1541 1564 1565 1542 5394 5396 5397 5328 5398 
1691 1542 1565 1566 1543 5397 5399 5400 5331 5401 
1692 1543 1566 1567 1544 5400 5402 5403 5334 5404 
1693 1544 1567 1568 1545 5403 5405 5406 5337 5407 
1694 1545 1568 1569 1546 5406 5408 5409 5340 5410 
1695 1546 1569 1570 1547 5409 5411 5412 5343 5413 
1696 1547 1570 1571 1548 5412 5414 5415 5346 5416 
1697 1548 1571 1572 1549 5415 5417 5418 5349 5419 
1698 1549 1572 1573 1550 5418 5420 5421 5352 5422 
1699 1550 1573 1574 1551 5421 5423 5424 5355 5425 
1700 1551 1574 1575 1552 5424 5426 5427 5358 5428 
1701 1552 1575 1576 1553 5427 5429 5430 5361 5431 
1702 1553 1576 1577 1554 5430 5432 5433 5364 5434 
1703 1554 1577 1578 1555 5433 5435 5436 5367 5437 
1704 1555 1578 1579 1556 5436 5438 5439 5370 5440 
1705 1556 1579 1580 1557 5439 5441 3005 5373 5442 
1706 68 69 1581 1558 130 5443 5444 5375 5445 
1707 1558 1581 1582 1559 5444 5446 5447 5378 5448 
1708 1559 1582 1583 1560 5447 5449 5450 5381 5451 
1709 1560 1583 1584 1561 5450 5452 5453 5384 5454 
1710 1561 1584 1585 1562 5453 5455 5456 5387 5457 
1711 1562 1585 1586 1563 5456 5458 5459 5390 5460 
1712 1563 1586 1587 1564 5459 5461 5462 5393 5463 
1713 1564 1587 1588 1565 5462 5464 5465 5396 5466 
1714 1565 1588 1589 1566 5465 5467 5468 5399 5469 
1715 1566 1589 1590 1567 5468 5470 5471 5402 5472 
1716 1567 1590 1591 1568 5471 5473 5474 5405 5475 
1717 1568 1591 1592 1569 5474 5476 5477 5408 5478 
1718 1569 1592 1593 1570 5477 5479 5480 5411 5481 
1719 1570 1593 1594 1571 5480 5482 5483 5414 5484 
1720 1571 1594 1595 1572 5483 5485 5486 5417 5487 
1721 1572 1595 1596 1573 5486 5488 5489 5420 5490 
1722 1573 1596 1597 1574 5489 5491 5492 5423 5493 
1723 1574 1597 1598 1575 5492 5494 5495 5426 5496 
1724 1575 1598 1599 1576 5495 5497 5498 5429 5499 
1725 1576 1599 1600 1577 5498 5500 5501 5432 5502 
1726 1577 1600 1601 1578 5501 5503 5504 5435 5505 
1727 1578 1601 1602 1579 5504 5506 5507 5438 5508 
1728 1579 1602 1603 1580 5507 5509 3002 5441 5510 
1729 69 70 1604 1581 131 5511 5512 5443 5513 
1730 1581 1604 1605 1582 5512 5514 5515 5446 5516 
1731 1582 1605 1606 1583 5515 5517 5518 5449 5519 
1732 1583 1606 1607 1584 5518 5520 5521 5452 5522 
1733 1584 1607 1608 1585 5521 5523 5524 5455 5525 
1734 1585 1608 1609 1586 5524 5526 5527 5458 5528 
1735 1586 1609 1610 1587 5527 5529 5530 5461 5531 
1736 1587 1610 1611 1588 5530 5532 5533 5464 5534 
1737 1588 1611 1612 1589 5533 5535 5536 5467 5537 
1738 1589 1612 1613 1590 5536 5538 5539 5470 5540 
1739 1590 1613 1614 1591 5539 5541 5542 5473 5543 
1740 1591 1614 1615 1592 5542 5544 5545 5476 5546 
1741 1592 1615 1616 1593 5545 5547 5548 5479 5549 
1742 1593 1616 1617 1594 5548 5550 5551 5482 5552 
1743 1594 1617 1618 1595 5551 5553 5554 5485 5555 
1744 1595 1618 1619 1596 5554 5556 5557 5488 5558 
1745 1596 1619 1620 1597 5557 5559 5560 5491 5561 
1746 1597 1620 1621 1598 5560 5562 5563 5494 5564 
1747 1598 1621 1622 1599 5563 5565 5566 5497 5567 
1748 1599 1622 1623 1600 5566 5568 5569 5500 5570 
1749 1600 1623 1624 1601 5569 5571 5572 5503 5573 
1750 1601 1624 1625 1602 5572 5574 5575 5506 5576 
1751 1602 1625 1626 1603 5575 5577 2999 5509 5578 
1752 70 71 1627 1604 132 5579 5580 5511 5581 
1753 1604 1627 1628 1605 5580 5582 5583 5514 5584 
1754 1605 1628 1629 1606 5583 5585 5586 5517 5587 
1755 1606 1629 1630 1607 5586 5588 5589 5520 5590 
1756 1607 1630 1631 1608 5589 5591 5592 5523 5593 
1757 1608 1631 1632 1609 5592 5594 5595 5526 5596 
1758 1609 1632 1633 1610 5595 5597 5598 5529 5599 
1759 1610 1633 1634 1611 5598 5600 5601 5532 5602 
1760 1611 1634 1635 1612 5601 5603 5604 5535 5605 
1761 1612 1635 1636 1613 5604 5606 5607 5538 5608 
1762 1613 1636 1637 1614 5607 5609 5610 5541 5611 
1763 1614 1637 1638 1615 5610 5612 5613 5544 5614 
1764 1615 1638 1639 1616 5613 5615 5616 5547 5617 
1765 1616 1639 1640 1617 5616 5618 5619 5550 5620 
1766 1617 1640 1641 1618 5619 5621 5622 5553 5623 
1767 1618 1641 1642 1619 5622 5624 5625 5556 5626 
1768 1619 1642 1643 1620 5625 5627 5628 5559 5629 
1769 1620 1643 1644 1621 5628 5630 5631 5562 5632 
1770 1621 1644 1645 1622 5631 5633 5634 5565 5635 
1771 1622 1645 1646 1623 5634 5636 5637 5568 5638 
1772 1623 1646 1647 1624 5637 5639 5640 5571 5641 
1773 1624 1647 1648 1625 5640 5642 5643 5574 5644 
1774 1625 1648 1649 1626 5643 5645 2996 5577 5646 
1775 71 72 316 1627 133 5647 5648 5579 5649 
1776 1627 316 317 1628 5648 5650 5651 5582 5652 
1777 1628 317 318 1629 5651 5653 5654 5585 5655 
1778 1629 318 319 1630 5654 5656 5657 5588 5658 
1779 1630 319 320 1631 5657 5659 5660 5591 5661 
1780 1631 320 321 1632 5660 5662 5663 5594 5664 
1781 1632 321 322 1633 5663 5665 5666 5597 5667 
1782 1633 322 323 1634 5666 5668 5669 5600 5670 
1783 1634 323 324 1635 5669 5671 5672 5603 5673 
1784 1635 324 325 1636 5672 5674 5675 5606 5676 
1785 1636 325 326 1637 5675 5677 5678 5609 5679 
1786 1637 326 327 1638 5678 5680 5681 5612 5682 
1787 1638 327 328 1639 5681 5683 5684 5615 5685 
1788 1639 328 329 1640 5684 5686 5687 5618 5688 
1789 1640 329 330 1641 5687 5689 5690 5621 5691 
1790 1641 330 331 1642 5690 5692 5693 5624 5694 
1791 1642 331 332 1643 5693 5695 5696 5627 5697 
1792 1643 332 333 1644 5696 5698 5699 5630 5700 
1793 1644 333 334 1645 5699 5701 5702 5633 5703 
1794 1645 334 335 1646 5702 5704 5705 5636 5706 
1795 1646 335 336 1647 5705 5707 5708 5639 5709 
1796 1647 336 337 1648 5708 5710 5711 5642 5712 
1797 1648 337 338 1649 5711 5713 2993 5645 5714 
1798 72 73 339 316 134 5715 5716 5647 5717 
1799 316 339 340 317 5716 5718 5719 5650 5720 
1800 317 340 341 318 5719 5721 5722 5653 5723 
1801 318 341 342 319 5722 5724 5725 5656 5726 
1802 319 342 343 320 5725 5727 5728 5659 5729 
1803 320 343 344 321 5728 5730 5731 5662 5732 
1804 321 344 345 322 5731 5733 5734 5665 5735 
1805 322 345 346 323 5734 5736 5737 5668 5738 
1806 323 346 347 324 5737 5739 5740 5671 5741 
1807 324 347 348 325 5740 5742 5743 5674 5744 
1808 325 348 349 326 5743 5745 5746 5677 5747 
1809 326 349 350 327 5746 5748 5749 5680 5750 
1810 327 350 351 328 5749 5751 5752 5683 5753 
1811 328 351 352 329 5752 5754 5755 5686 5756 
1812 329 352 353 330 5755 5757 5758 5689 5759 
1813 330 353 354 331 5758 5760 5761 5692 5762 
1814 331 354 355 332 5761 5763 5764 5695 5765 
1815 332 355 356 333 5764 5766 5767 5698 5768 
1816 333 356 357 334 5767 5769 5770 5701 5771 
1817 334 357 358 335 5770 5772 5773 5704 5774 
1818 335 358 359 336 5773 5775 5776 5707 5777 
1819 336 359 360 337 5776 5778 5779 5710 5780 
1820 337 360 361 338 5779 5781 2990 5713 5782 
1821 73 74 362 339 135 5783 5784 5715 5785 
1822 339 362 363 340 5784 5786 5787 5718 5788 
1823 340 363 364 341 5787 5789 5790 5721 5791 
1824 341 364 365 342 5790 5792 5793 5724 5794 
1825 342 365 366 343 5793 5795 5796 5727 5797 
1826 343 366 367 344 5796 5798 5799 5730 5800 
1827 344 367 368 345 5799 5801 5802 5733 5803 
1828 345 368 369 346 5802 5804 5805 5736 5806 
1829 346 369 370 347 5805 5807 5808 5739 5809 
1830 347 370 371 348 5808 5810 5811 5742 5812 
1831 348 371 372 349 5811 5813 5814 5745 5815 
1832 349 372 373 350 5814 5816 5817 5748 5818 
1833 350 373 374 351 5817 5819 5820 5751 5821 
1834 351 374 375 352 5820 5822 5823 5754 5824 
1835 352 375 376 353 5823 5825 5826 5757 5827 
1836 353 376 377 354 5826 5828 5829 5760 5830 
1837 354 377 378 355 5829 5831 5832 5763 5833 
1838 355 378 379 356 5832 5834 5835 5766 5836 
1839 356 379 380 357 5835 5837 5838 5769 5839 
1840 357 380 381 358 5838 5840 5841 5772 5842 
1841 358 381 382 359 5841 5843 5844 5775 5845 
1842 359 382 383 360 5844 5846 5847 5778 5848 
1843 360 383 384 361 5847 5849 2987 5781 5850 
1844 74 75 247 362 136 5851 5852 5783 5853 
1845 362 247 248 363 5852 5854 5855 5786 5856 
1846 363 248 249 364 5855 5857 5858 5789 5859 
1847 364 249 250 365 5858 5860 5861 5792 5862 
1848 365 250 251 366 5861 5863 5864 5795 5865 
1849 366 251 252 367 5864 5866 5867 5798 5868 
1850 367 252 253 368 5867 5869 5870 5801 5871 
1851 368 253 254 369 5870 5872 5873 5804 5874 
1852 369 254 255 370 5873 5875 5876 5807 5877 
1853 370 255 256 371 5876 5878 5879 5810 5880 
1854 371 256 257 372 5879 5881 5882 5813 5883 
1855 372 257 258 373 5882 5884 5885 5816 5886 
1856 373 258 259 374 5885 5887 5888 5819 5889 
1857 374 259 260 375 5888 5890 5891 5822 5892 
1858 375 260 261 376 5891 5893 5894 5825 5895 
1859 376 261 262 377 5894 5896 5897 5828 5898 
1860 377 262 263 378 5897 5899 5900 5831 5901 
1861 378 263 264 379 5900 5902 5903 5834 5904 
1862 379 264 265 380 5903 5905 5906 5837 5907 
1863 380 265 266 381 5906 5908 5909 5840 5910 
1864 381 266 267 382 5909 5911 5912 5843 5913 
1865 382 267 268 383 5912 5914 5915 5846 5916 
1866 383 268 269 384 5915 5917 2984 5849 5918 
1867 75 76 270 247 137 5919 5920 5851 5921 
1868 247 270 271 248 5920 5922 5923 5854 5924 
1869 248 271 272 249 5923 5925 5926 5857 5927 
1870 249 272 273 250 5926 5928 5929 5860 5930 
1871 250 273 274 251 5929 5931 5932 5863 5933 
1872 251 274 275 252 5932 5934 5935 5866 5936 
1873 252 275 276 253 5935 5937 5938 5869 5939 
1874 253 276 277 254 5938 5940 5941 5872 5942 
1875 254 277 278 255 5941 5943 5944 5875 5945 
1876 255 278 279 256 5944 5946 5947 5878 5948 
1877 256 279 280 257 5947 5949 5950 5881 5951 
1878 257 280 281 258 5950 5952 5953 5884 5954 
1879 258 281 282 259 5953 5955 5956 5887 5957 
1880 259 282 283 260 5956 5958 5959 5890 5960 
1881 260 283 284 261 5959 5961 5962 5893 5963 
1882 261 284 285 262 5962 5964 5965 5896 5966 
1883 262 285 286 263 5965 5967 5968 5899 5969 
1884 263 286 287 264 5968 5970 5971 5902 5972 
1885 264 287 288 265 5971 5973 5974 5905 5975 
1886 265 288 289 266 5974 5976 5977 5908 5978 
1887 266 289 290 267 5977 5979 5980 5911 5981 
1888 267 290 291 268 5980 5982 5983 5914 5984 
1889 268 291 292 269 5983 5985 2981 5917 5986 
1890 76 77 293 270 138 5987 5988 5919 5989 
1891 270 293 294 271 5988 5990 5991 5922 5992 
1892 271 294 295 272 5991 5993 5994 5925 5995 
1893 272 295 296 273 5994 5996 5997 5928 5998 
1894 273 296 297 274 5997 5999 6000 5931 6001 
1895 274 297 298 275 6000 6002 6003 5934 6004 
1896 275 298 299 276 6003 6005 6006 5937 6007 
1897 276 299 300 277 6006 6008 6009 5940 6010 
1898 277 300 301 278 6009 6011 6012 5943 6013 
1899 278 301 302 279 6012 6014 6015 5946 6016 
1900 279 302 303 280 6015 6017 6018 5949 6019 
1901 280 303 304 281 6018 6020 6021 5952 6022 
1902 281 304 305 282 6021 6023 6024 5955 6025 
1903 282 305 306 283 6024 6026 6027 5958 6028 
1904 283 306 307 284 6027 6029 6030 5961 6031 
1905 284 307 308 285 6030 6032 6033 5964 6034 
1906 285 308 309 286 6033 6035 6036 5967 6037 
1907 286 309 310 287 6036 6038 6039 5970 6040 
1908 287 310 311 288 6039 6041 6042 5973 6043 
1909 288 311 312 289 6042 6044 6045 5976 6046 
1910 289 312 313 290 6045 6047 6048 5979 6049 
1911 290 313 314 291 6048 6050 6051 5982 6052 
1912 291 314 315 292 6051 6053 2978 5985 6054 
1913 77 78 385 293 139 6055 6056 5987 6057 
1914 293 385 386 294 6056 6058 6059 5990 6060 
1915 294 386 387 295 6059 6061 6062 5993 6063 
1916 295 387 388 296 6062 6064 6065 5996 6066 
1917 296 388 389 297 6065 6067 6068 5999 6069 
1918 297 389 390 298 6068 6070 6071 6002 6072 
1919 298 390 391 299 6071 6073 6074 6005 6075 
1920 299 391 392 300 6074 6076 6077 6008 6078 
1921 300 392 393 301 6077 6079 6080 6011 6081 
1922 301 393 394 302 6080 6082 6083 6014 6084 
1923 302 394 395 303 6083 6085 6086 6017 6087 
1924 303 395 396 304 6086 6088 6089 6020 6090 
1925 304 396 397 305 6089 6091 6092 6023 6093 
1926 305 397 398 306 6092 6094 6095 6026 6096 
1927 306 398 399 307 6095 6097 6098 6029 6099 
1928 307 399 400 308 6098 6100 6101 6032 6102 
1929 308 400 401 309 6101 6103 6104 6035 6105 
1930 309 401 402 310 6104 6106 6107 6038 6108 
1931 310 402 403 311 6107 6109 6110 6041 6111 
1932 311 403 404 312 6110 6112 6113 6044 6114 
1933 312 404 405 313 6113 6115 6116 6047 6117 
1934 313 405 406 314 6116 6118 6119 6050 6120 
1935 314 406 407 315 6119 6121 2975 6053 6122 
1936 78 79 408 385 140 6123 6124 6055 6125 
1937 385 408 409 386 6124 6126 6127 6058 6128 
1938 386 409 410 387 6127 6129 6130 6061 6131 
1939 387 410 411 388 6130 6132 6133 6064 6134 
1940 388 411 412 389 6133 6135 6136 6067 6137 
1941 389 412 413 390 6136 6138 6139 6070 6140 
1942 390 413 414 391 6139 6141 6142 6073 6143 
1943 391 414 415 392 6142 6144 6145 6076 6146 
1944 392 415 416 393 6145 6147 6148 6079 6149 
1945 393 416 417 394 6148 6150 6151 6082 6152 
1946 394 417 418 395 6151 6153 6154 6085 6155 
1947 395 418 419 396 6154 6156 6157 6088 6158 
1948 396 419 420 397 6157 6159 6160 6091 6161 
1949 397 420 421 398 6160 6162 6163 6094 6164 
1950 398 421 422 399 6163 6165 6166 6097 6167 
1951 399 422 423 400 6166 6168 6169 6100 6170 
1952 400 423 424 401 6169 6171 6172 6103 6173 
1953 401 424 425 402 6172 6174 6175 6106 6176 
1954 402 425 426 403 6175 6177 6178 6109 6179 
1955 403 426 427 404 6178 6180 6181 6112 6182 
1956 404 427 428 405 6181 6183 6184 6115 6185 
1957 405 428 429 406 6184 6186 6187 6118 6188 
1958 406 429 430 407 6187 6189 2972 6121 6190 
1959 79 80 431 408 141 6191 6192 6123 6193 
1960 408 431 432 409 6192 6194 6195 6126 6196 
1961 409 432 433 410 6195 6197 6198 6129 6199 
1962 410 433 434 411 6198 6200 6201 6132 6202 
1963 411 434 435 412 6201 6203 6204 6135 6205 
1964 412 435 436 413 6204 6206 6207 6138 6208 
1965 413 436 437 414 6207 6209 6210 6141 6211 
1966 414 437 438 415 6210 6212 6213 6144 6214 
1967 415 438 439 416 6213 6215 6216 6147 6217 
1968 416 439 440 417 6216 6218 6219 6150 6220 
1969 417 440 441 418 6219 6221 6222 6153 6223 
1970 418 441 442 419 6222 6224 6225 6156 6226 
1971 419 442 443 420 6225 6227 6228 6159 6229 
1972 420 443 444 421 6228 6230 6231 6162 6232 
1973 421 444 445 422 6231 6233 6234 6165 6235 
1974 422 445 446 423 6234 6236 6237 6168 6238 
1975 423 446 447 424 6237 6239 6240 6171 6241 
1976 424 447 448 425 6240 6242 6243 6174 6244 
1977 425 448 449 426 6243 6245 6246 6177 6247 
1978 426 449 450 427 6246 6248 6249 6180 6250 
1979 427 450 451 428 6249 6251 6252 6183 6253 
1980 428 451 452 429 6252 6254 6255 6186 6256 
1981 429 452 453 430 6255 6257 2969 6189 6258 
1982 80 81 523 431 142 6259 6260 6191 6261 
1983 431 523 524 432 6260 6262 6263 6194 6264 
1984 432 524 525 433 6263 6265 6266 6197 6267 
1985 433 525 526 434 6266 6268 6269 6200 6270 
1986 434 526 527 435 6269 6271 6272 6203 6273 
1987 435 527 528 436 6272 6274 6275 6206 6276 
1988 436 528 529 437 6275 6277 6278 6209 6279 
1989 437 529 530 438 6278 6280 6281 6212 6282 
1990 438 530 531 439 6281 6283 6284 6215 6285 
1991 439 531 532 440 6284 6286 6287 6218 6288 
1992 440 532 533 441 6287 6289 6290 6221 6291 
1993 441 533 534 442 6290 6292 6293 6224 6294 
1994 442 534 535 443 6293 6295 6296 6227 6297 
1995 443 535 536 444 6296 6298 6299 6230 6300 
1996 444 536 537 445 6299 6301 6302 6233 6303 
1997 445 537 538 446 6302 6304 6305 6236 6306 
1998 446 538 539 447 6305 6307 6308 6239 6309 
1999 447 539 540 448 6308 6310 6311 6242 6312 
2000 448 540 541 449 6311 6313 6314 6245 6315 
2001 449 541 542 450 6314 6316 6317 6248 6318 
2002 450 542 543 451 6317 6319 6320 6251 6321 
2003 451 543 544 452 6320 6322 6323 6254 6324 
2004 452 544 545 453 6323 6325 2965 6257 6326 
2005 81 82 546 523 143 6327 6328 6259 6329 
2006 523 546 547 524 6328 6330 6331 6262 6332 
2007 524 547 548 525 6331 6333 6334 6265 6335 
2008 525 548 549 526 6334 6336 6337 6268 6338 
2009 526 549 550 527 6337 6339 6340 6271 6341 
2010 527 550 551 528 6340 6342 6343 6274 6344 
2011 528 551 552 529 6343 6345 6346 6277 6347 
2012 529 552 553 530 6346 6348 6349 6280 6350 
2013 530 553 554 531 6349 6351 6352 6283 6353 
2014 531 554 555 532 6352 6354 6355 6286 6356 
2015 532 555 556 533 6355 6357 6358 6289 6359 
2016 533 556 557 534 6358 6360 6361 6292 6362 
2017 534 557 558 535 6361 6363 6364 6295 6365 
2018 535 558 559 536 6364 6366 6367 6298 6368 
2019 536 559 560 537 6367 6369 6370 6301 6371 
2020 537 560 561 538 6370 6372 6373 6304 6374 
2021 538 561 562 539 6373 6375 6376 6307 6377 
2022 539 562 563 540 6376 6378 6379 6310 6380 
2023 540 563 564 541 6379 6381 6382 6313 6383 
2024 541 564 565 542 6382 6384 6385 6316 6386 
2025 542 565 566 543 6385 6387 6388 6319 6389 
2026 543 566 567 544 6388 6390 6391 6322 6392 
2027 544 567 568 545 6391 6393 2961 6325 6394 
2028 82 83 569 546 144 6395 6396 6327 6397 
2029 546 569 570 547 6396 6398 6399 6330 6400 
2030 547 570 571 548 6399 6401 6402 6333 6403 
2031 548 571 572 549 6402 6404 6405 6336 6406 
2032 549 572 573 550 6405 6407 6408 6339 6409 
2033 550 573 574 551 6408 6410 6411 6342 6412 
2034 551 574 575 552 6411 6413 6414 6345 6415 
2035 552 575 576 553 6414 6416 6417 6348 6418 
2036 553 576 577 554 6417 6419 6420 6351 6421 
2037 554 577 578 555 6420 6422 6423 6354 6424 
2038 555 578 579 556 6423 6425 6426 6357 6427 
2039 556 579 580 557 6426 6428 6429 6360 6430 
2040 557 580 581 558 6429 6431 6432 6363 6433 
2041 558 581 582 559 6432 6434 6435 6366 6436 
2042 559 582 583 560 6435 6437 6438 6369 6439 
2043 560 583 584 561 6438 6440 6441 6372 6442 
2044 561 584 585 562 6441 6443 6444 6375 6445 
2045 562 585 586 563 6444 6446 6447 6378 6448 
2046 563 586 587 564 6447 6449 6450 6381 6451 
2047 564 587 588 565 6450 6452 6453 6384 6454 
2048 565 588 589 566 6453 6455 6456 6387 6457 
2049 566 589 590 567 6456 6458 6459 6390 6460 
2050 567 590 591 568 6459 6461 2955 6393 6462 
2051 83 84 592 569 145 6463 6464 6395 6465 
2052 569 592 593 570 6464 6466 6467 6398 6468 
2053 570 593 594 571 6467 6469 6470 6401 6471 
2054 571 594 595 572 6470 6472 6473 6404 6474 
2055 572 595 596 573 6473 6475 6476 6407 6477 
2056 573 596 597 574 6476 6478 6479 6410 6480 
2057 574 597 598 575 6479 6481 6482 6413 6483 
2058 575 598 599 576 6482 6484 6485 6416 6486 
2059 576 599 600 577 6485 6487 6488 6419 6489 
2060 577 600 601 578 6488 6490 6491 6422 6492 
2061 578 601 602 579 6491 6493 6494 6425 6495 
2062 579 602 603 580 6494 6496 6497 6428 6498 
2063 580 603 604 581 6497 6499 6500 6431 6501 
2064 581 604 605 582 6500 6502 6503 6434 6504 
2065 582 605 606 583 6503 6505 6506 6437 6507 
2066 583 606 607 584 6506 6508 6509 6440 6510 
2067 584 607 608 585 6509 6511 6512 6443 6513 
2068 585 608 609 586 6512 6514 6515 6446 6516 
2069 586 609 610 587 6515 6517 6518 6449 6519 
2070 587 610 611 588 6518 6520 6521 6452 6522 
2071 588 611 612 589 6521 6523 6524 6455 6525 
2072 589 612 613 590 6524 6526 6527 6458 6528 
2073 590 613 614 591 6527 6529 2952 6461 6530 
2074 84 85 615 592 146 6531 6532 6463 6533 
2075 592 615 616 593 6532 6534 6535 6466 6536 
2076 593 616 617 594 6535 6537 6538 6469 6539 
2077 594 617 618 595 6538 6540 6541 6472 6542 
2078 595 618 619 596 6541 6543 6544 6475 6545 
2079 596 619 620 597 6544 6546 6547 6478 6548 
2080 597 620 621 598 6547 6549 6550 6481 6551 
2081 598 621 622 599 6550 6552 6553 6484 6554 
2082 599 622 623 600 6553 6555 6556 6487 6557 
2083 600 623 624 601 6556 6558 6559 6490 6560 
2084 601 624 625 602 6559 6561 6562 6493 6563 
2085 602 625 626 603 6562 6564 6565 6496 6566 
2086 603 626 627 604 6565 6567 6568 6499 6569 
2087 604 627 628 605 6568 6570 6571 6502 6572 
2088 605 628 629 606 6571 6573 6574 6505 6575 
2089 606 629 630 607 6574 6576 6577 6508 6578 
2090 607 630 631 608 6577 6579 6580 6511 6581 
2091 608 631 632 609 6580 6582 6583 6514 6584 
2092 609 632 633 610 6583 6585 6586 6517 6587 
2093 610 633 634 611 6586 6588 6589 6520 6590 
2094 611 634 635 612 6589 6591 6592 6523 6593 
2095 612 635 636 613 6592 6594 6595 6526 6596 
2096 613 636 637 614 6595 6597 2935 6529 6598 
2097 85 86 638 615 147 5082 6599 6531 6600 
2098 615 638 639 616 6599 5086 6601 6534 6602 
2099 616 639 640 617 6601 5090 6603 6537 6604 
2100 617 640 641 618 6603 5094 6605 6540 6606 
2101 618 641 642 619 6605 5098 6607 6543 6608 
2102 619 642 643 620 6607 5102 6609 6546 6610 
2103 620 643 644 621 6609 5106 6611 6549 6612 
2104 621 644 645 622 6611 5110 6613 6552 6614 
2105 622 645 646 623 6613 5114 6615 6555 6616 
2106 623 646 647 624 6615 5118 6617 6558 6618 
2107 624 647 648 625 6617 5122 6619 6561 6620 
2108 625 648 649 626 6619 5126 6621 6564 6622 
2109 626 649 650 627 6621 5130 6623 6567 6624 
2110 627 650 651 628 6623 5134 6625 6570 6626 
2111 628 651 652 629 6625 5138 6627 6573 6628 
2112 629 652 653 630 6627 5142 6629 6576 6630 
2113 630 653 654 631 6629 5146 6631 6579 6632 
2114 631 654 655 632 6631 5150 6633 6582 6634 
2115 632 655 656 633 6633 5154 6635 6585 6636 
2116 633 656 657 634 6635 5158 6637 6588 6638 
2117 634 657 658 635 6637 5162 6639 6591 6640 
2118 635 658 659 636 6639 5166 6641 6594 6642 
2119 636 659 660 637 6641 5169 2916 6597 6643 
2120 88 89 845 822 150 6644 6645 5171 6646 
2121 822 845 846 823 6645 6647 6648 5174 6649 
2122 823 846 847 824 6648 6650 6651 5177 6652 
2123 824 847 848 825 6651 6653 6654 5180 6655 
2124 825 848 849 826 6654 6656 6657 5183 6658 
2125 826 849 850 827 6657 6659 6660 5186 6661 
2126 827 850 851 828 6660 6662 6663 5189 6664 
2127 828 851 852 829 6663 6665 6666 5192 6667 
2128 829 852 853 830 6666 6668 6669 5195 6670 
2129 830 853 854 831 6669 6671 6672 5198 6673 
2130 831 854 855 832 6672 6674 6675 5201 6676 
2131 832 855 856 833 6675 6677 6678 5204 6679 
2132 833 856 857 834 6678 6680 6681 5207 6682 
2133 834 857 858 835 6681 6683 6684 5210 6685 
2134 835 858 859 836 6684 6686 6687 5213 6688 
2135 836 859 860 837 6687 6689 6690 5216 6691 
2136 837 860 861 838 6690 6692 6693 5219 6694 
2137 838 861 862 839 6693 6695 6696 5222 6697 
2138 839 862 863 840 6696 6698 6699 5225 6700 
2139 840 863 864 841 6699 6701 6702 5228 6703 
2140 841 864 865 842 6702 6704 6705 5231 6706 
2141 842 865 866 843 6705 6707 6708 5234 6709 
2142 843 866 867 844 6708 6710 3118 5237 6711 
2143 89 90 661 845 151 6712 6713 6644 6714 
2144 845 661 662 846 6713 6715 6716 6647 6717 
2145 846 662 663 847 6716 6718 6719 6650 6720 
2146 847 663 664 848 6719 6721 6722 6653 6723 
2147 848 664 665 849 6722 6724 6725 6656 6726 
2148 849 665 666 850 6725 6727 6728 6659 6729 
2149 850 666 667 851 6728 6730 6731 6662 6732 
2150 851 667 668 852 6731 6733 6734 6665 6735 
2151 852 668 669 853 6734 6736 6737 6668 6738 
2152 853 669 670 854 6737 6739 6740 6671 6741 
2153 854 670 671 855 6740 6742 6743 6674 6744 
2154 855 671 672 856 6743 6745 6746 6677 6747 
2155 856 672 673 857 6746 6748 6749 6680 6750 
2156 857 673 674 858 6749 6751 6752 6683 6753 
2157 858 674 675 859 6752 6754 6755 6686 6756 
2158 859 675 676 860 6755 6757 6758 6689 6759 
2159 860 676 677 861 6758 6760 6761 6692 6762 
2160 861 677 678 862 6761 6763 6764 6695 6765 
2161 862 678 679 863 6764 6766 6767 6698 6768 
2162 863 679 680 864 6767 6769 6770 6701 6771 
2163 864 680 681 865 6770 6772 6773 6704 6774 
2164 865 681 682 866 6773 6775 6776 6707 6777 
2165 866 682 683 867 6776 6778 2684 6710 6779 
2166 90 91 684 661 152 6780 6781 6712 6782 
2167 661 684 685 662 6781 6783 6784 6715 6785 
2168 662 685 686 663 6784 6786 6787 6718 6788 
2169 663 686 687 664 6787 6789 6790 6721 6791 
2170 664 687 688 665 6790 6792 6793 6724 6794 
2171 665 688 689 666 6793 6795 6796 6727 6797 
2172 666 689 690 667 6796 6798 6799 6730 6800 
2173 667 690 691 668 6799 6801 6802 6733 6803 
2174 668 691 692 669 6802 6804 6805 6736 6806 
2175 669 692 693 670 6805 6807 6808 6739 6809 
2176 670 693 694 671 6808 6810 6811 6742 6812 
2177 671 694 695 672 6811 6813 6814 6745 6815 
2178 672 695 696 673 6814 6816 6817 6748 6818 
2179 673 696 697 674 6817 6819 6820 6751 6821 
2180 674 697 698 675 6820 6822 6823 6754 6824 
2181 675 698 699 676 6823 6825 6826 6757 6827 
2182 676 699 700 677 6826 6828 6829 6760 6830 
2183 677 700 701 678 6829 6831 6832 6763 6833 
2184 678 701 702 679 6832 6834 6835 6766 6836 
2185 679 702 703 680 6835 6837 6838 6769 6839 
2186 680 703 704 681 6838 6840 6841 6772 6842 
2187 681 704 705 682 6841 6843 6844 6775 6845 
2188 682 705 706 683 6844 6846 2637 6778 6847 
2189 91 92 707 684 153 6848 6849 6780 6850 
2190 684 707 708 685 6849 6851 6852 6783 6853 
2191 685 708 709 686 6852 6854 6855 6786 6856 
2192 686 709 710 687 6855 6857 6858 6789 6859 
2193 687 710 711 688 6858 6860 6861 6792 6862 
2194 688 711 712 689 6861 6863 6864 6795 6865 
2195 689 712 713 690 6864 6866 6867 6798 6868 
2196 690 713 714 691 6867 6869 6870 6801 6871 
2197 691 714 715 692 6870 6872 6873 6804 6874 
2198 692 715 716 693 6873 6875 6876 6807 6877 
2199 693 716 717 694 6876 6878 6879 6810 6880 
2200 694 717 718 695 6879 6881 6882 6813 6883 
2201 695 718 719 696 6882 6884 6885 6816 6886 
2202 696 719 720 697 6885 6887 6888 6819 6889 
2203 697 720 721 698 6888 6890 6891 6822 6892 
2204 698 721 722 699 6891 6893 6894 6825 6895 
2205 699 722 723 700 6894 6896 6897 6828 6898 
2206 700 723 724 701 6897 6899 6900 6831 6901 
2207 701 724 725 702 6900 6902 6903 6834 6904 
2208 702 725 726 703 6903 6905 6906 6837 6907 
2209 703 726 727 704 6906 6908 6909 6840 6910 
2210 704 727 728 705 6909 6911 6912 6843 6913 
2211 705 728 729 706 6912 6914 2778 6846 6915 
2212 92 93 868 707 154 6916 6917 6848 6918 
2213 707 868 869 708 6917 6919 6920 6851 6921 
2214 708 869 870 709 6920 6922 6923 6854 6924 
2215 709 870 871 710 6923 6925 6926 6857 6927 
2216 710 871 872 711 6926 6928 6929 6860 6930 
2217 711 872 873 712 6929 6931 6932 6863 6933 
2218 712 873 874 713 6932 6934 6935 6866 6936 
2219 713 874 875 714 6935 6937 6938 6869 6939 
2220 714 875 876 715 6938 6940 6941 6872 6942 
2221 715 876 877 716 6941 6943 6944 6875 6945 
2222 716 877 878 717 6944 6946 6947 6878 6948 
2223 717 878 879 718 6947 6949 6950 6881 6951 
2224 718 879 880 719 6950 6952 6953 6884 6954 
2225 719 880 881 720 6953 6955 6956 6887 6957 
2226 720 881 882 721 6956 6958 6959 6890 6960 
2227 721 882 883 722 6959 6961 6962 6893 6963 
2228 722 883 884 723 6962 6964 6965 6896 6966 
2229 723 884 885 724 6965 6967 6968 6899 6969 
2230 724 885 886 725 6968 6970 6971 6902 6972 
2231 725 886 887 726 6971 6973 6974 6905 6975 
2232 726 887 888 727 6974 6976 6977 6908 6978 
2233 727 888 889 728 6977 6979 6980 6911 6981 
2234 728 889 890 729 6980 6982 3119 6914 6983 
2235 93 94 891 868 155 6984 6985 6916 6986 
2236 868 891 892 869 6985 6987 6988 6919 6989 
2237 869 892 893 870 6988 6990 6991 6922 6992 
2238 870 893 894 871 6991 6993 6994 6925 6995 
2239 871 894 895 872 6994 6996 6997 6928 6998 
2240 872 895 896 873 6997 6999 7000 6931 7001 
2241 873 896 897 874 7000 7002 7003 6934 7004 
2242 874 897 898 875 7003 7005 7006 6937 7007 
2243 875 898 899 876 7006 7008 7009 6940 7010 
2244 876 899 900 877 7009 7011 7012 6943 7013 
2245 877 900 901 878 7012 7014 7015 6946 7016 
2246 878 901 902 879 7015 7017 7018 6949 7019 
2247 879 902 903 880 7018 7020 7021 6952 7022 
2248 880 903 904 881 7021 7023 7024 6955 7025 
2249 881 904 905 882 7024 7026 7027 6958 7028 
2250 882 905 906 883 7027 7029 7030 6961 7031 
2251 883 906 907 884 7030 7032 7033 6964 7034 
2252 884 907 908 885 7033 7035 7036 6967 7037 
2253 885 908 909 886 7036 7038 7039 6970 7040 
2254 886 909 910 887 7039 7041 7042 6973 7043 
2255 887 910 911 888 7042 7044 7045 6976 7046 
2256 888 911 912 889 7045 7047 7048 6979 7049 
2257 889 912 913 890 7048 7050 2640 6982 7051 
2258 94 95 914 891 156 7052 7053 6984 7054 
2259 891 914 915 892 7053 7055 7056 6987 7057 
2260 892 915 916 893 7056 7058 7059 6990 7060 
2261 893 916 917 894 7059 7061 7062 6993 7063 
2262 894 917 918 895 7062 7064 7065 6996 7066 
2263 895 918 919 896 7065 7067 7068 6999 7069 
2264 896 919 920 897 7068 7070 7071 7002 7072 
2265 897 920 921 898 7071 7073 7074 7005 7075 
2266 898 921 922 899 7074 7076 7077 7008 7078 
2267 899 922 923 900 7077 7079 7080 7011 7081 
2268 900 923 924 901 7080 7082 7083 7014 7084 
2269 901 924 925 902 7083 7085 7086 7017 7087 
2270 902 925 926 903 7086 7088 7089 7020 7090 
2271 903 926 927 904 7089 7091 7092 7023 7093 
2272 904 927 928 905 7092 7094 7095 7026 7096 
2273 905 928 929 906 7095 7097 7098 7029 7099 
2274 906 929 930 907 7098 7100 7101 7032 7102 
2275 907 930 931 908 7101 7103 7104 7035 7105 
2276 908 931 932 909 7104 7106 7107 7038 7108 
2277 909 932 933 910 7107 7109 7110 7041 7111 
2278 910 933 934 911 7110 7112 7113 7044 7114 
2279 911 934 935 912 7113 7115 7116 7047 7117 
2280 912 935 936 913 7116 7118 2185 7050 7119 
2281 95 96 1006 914 157 7120 7121 7052 7122 
2282 914 1006 1007 915 7121 7123 7124 7055 7125 
2283 915 1007 1008 916 7124 7126 7127 7058 7128 
2284 916 1008 1009 917 7127 7129 7130 7061 7131 
2285 917 1009 1010 918 7130 7132 7133 7064 7134 
2286 918 1010 1011 919 7133 7135 7136 7067 7137 
2287 919 1011 1012 920 7136 7138 7139 7070 7140 
2288 920 1012 1013 921 7139 7141 7142 7073 7143 
2289 921 1013 1014 922 7142 7144 7145 7076 7146 
2290 922 1014 1015 923 7145 7147 7148 7079 7149 
2291 923 1015 1016 924 7148 7150 7151 7082 7152 
2292 924 1016 1017 925 7151 7153 7154 7085 7155 
2293 925 1017 1018 926 7154 7156 7157 7088 7158 
2294 926 1018 1019 927 7157 7159 7160 7091 7161 
2295 927 1019 1020 928 7160 7162 7163 7094 7164 
2296 928 1020 1021 929 7163 7165 7166 7097 7167 
2297 929 1021 1022 930 7166 7168 7169 7100 7170 
2298 930 1022 1023 931 7169 7171 7172 7103 7173 
2299 931 1023 1024 932 7172 7174 7175 7106 7176 
2300 932 1024 1025 933 7175 7177 7178 7109 7179 
2301 933 1025 1026 934 7178 7180 7181 7112 7182 
2302 934 1026 1027 935 7181 7183 7184 7115 7185 
2303 935 1027 1028 936 7184 7186 2882 7118 7187 
2304 96 97 1029 1006 158 7188 7189 7120 7190 
2305 1006 1029 1030 1007 7189 7191 7192 7123 7193 
2306 1007 1030 1031 1008 7192 7194 7195 7126 7196 
2307 1008 1031 1032 1009 7195 7197 7198 7129 7199 
2308 1009 1032 1033 1010 7198 7200 7201 7132 7202 
2309 1010 1033 1034 1011 7201 7203 7204 7135 7205 
2310 1011 1034 1035 1012 7204 7206 7207 7138 7208 
2311 1012 1035 1036 1013 7207 7209 7210 7141 7211 
2312 1013 1036 1037 1014 7210 7212 7213 7144 7214 
2313 1014 1037 1038 1015 7213 7215 7216 7147 7217 
2314 1015 1038 1039 1016 7216 7218 7219 7150 7220 
2315 1016 1039 1040 1017 7219 7221 7222 7153 7223 
2316 1017 1040 1041 1018 7222 7224 7225 7156 7226 
2317 1018 1041 1042 1019 7225 7227 7228 7159 7229 
2318 1019 1042 1043 1020 7228 7230 7231 7162 7232 
2319 1020 1043 1044 1021 7231 7233 7234 7165 7235 
2320 1021 1044 1045 1022 7234 7236 7237 7168 7238 
2321 1022 1045 1046 1023 7237 7239 7240 7171 7241 
2322 1023 1046 1047 1024 7240 7242 7243 7174 7244 
2323 1024 1047 1048 1025 7243 7245 7246 7177 7247 
2324 1025 1048 1049 1026 7246 7248 7249 7180 7250 
2325 1026 1049 1050 1027 7249 7251 7252 7183 7253 
2326 1027 1050 1051 1028 7252 7254 2876 7186 7255 
2327 97 98 1052 1029 159 7256 7257 7188 7258 
2328 1029 1052 1053 1030 7257 7259 7260 7191 7261 
2329 1030 1053 1054 1031 7260 7262 7263 7194 7264 
2330 1031 1054 1055 1032 7263 7265 7266 7197 7267 
2331 1032 1055 1056 1033 7266 7268 7269 7200 7270 
2332 1033 1056 1057 1034 7269 7271 7272 7203 7273 
2333 1034 1057 1058 1035 7272 7274 7275 7206 7276 
2334 1035 1058 1059 1036 7275 7277 7278 7209 7279 
2335 1036 1059 1060 1037 7278 7280 7281 7212 7282 
2336 1037 1060 1061 1038 7281 7283 7284 7215 7285 
2337 1038 1061 1062 1039 7284 7286 7287 7218 7288 
2338 1039 1062 1063 1040 7287 7289 7290 7221 7291 
2339 1040 1063 1064 1041 7290 7292 7293 7224 7294 
2340 1041 1064 1065 1042 7293 7295 7296 7227 7297 
2341 1042 1065 1066 1043 7296 7298 7299 7230 7300 
2342 1043 1066 1067 1044 7299 7301 7302 7233 7303 
2343 1044 1067 1068 1045 7302 7304 7305 7236 7306 
2344 1045 1068 1069 1046 7305 7307 7308 7239 7309 
2345 1046 1069 1070 1047 7308 7310 7311 7242 7312 
2346 1047 1070 1071 1048 7311 7313 7314 7245 7315 
2347 1048 1071 1072 1049 7314 7316 7317 7248 7318 
2348 1049 1072 1073 1050 7317 7319 7320 7251 7321 
2349 1050 1073 1074 1051 7320 7322 2180 7254 7323 
2350 98 99 937 1052 160 7324 7325 7256 7326 
2351 1052 937 938 1053 7325 7327 7328 7259 7329 
2352 1053 938 939 1054 7328 7330 7331 7262 7332 
2353 1054 939 940 1055 7331 7333 7334 7265 7335 
2354 1055 940 941 1056 7334 7336 7337 7268 7338 
2355 1056 941 942 1057 7337 7339 7340 7271 7341 
2356 1057 942 943 1058 7340 7342 7343 7274 7344 
2357 1058 943 944 1059 7343 7345 7346 7277 7347 
2358 1059 944 945 1060 7346 7348 7349 7280 7350 
2359 1060 945 946 1061 7349 7351 7352 7283 7353 
2360 1061 946 947 1062 7352 7354 7355 7286 7356 
2361 1062 947 948 1063 7355 7357 7358 7289 7359 
2362 1063 948 949 1064 7358 7360 7361 7292 7362 
2363 1064 949 950 1065 7361 7363 7364 7295 7365 
2364 1065 950 951 1066 7364 7366 7367 7298 7368 
2365 1066 951 952 1067 7367 7369 7370 7301 7371 
2366 1067 952 953 1068 7370 7372 7373 7304 7374 
2367 1068 953 954 1069 7373 7375 7376 7307 7377 
2368 1069 954 955 1070 7376 7378 7379 7310 7380 
2369 1070 955 956 1071 7379 7381 7382 7313 7383 
2370 1071 956 957 1072 7382 7384 7385 7316 7386 
2371 1072 957 958 1073 7385 7387 7388 7319 7389 
2372 1073 958 959 1074 7388 7390 3065 7322 7391 
2373 99 100 960 937 161 7392 7393 7324 7394 
2374 937 960 961 938 7393 7395 7396 7327 7397 
2375 938 961 962 939 7396 7398 7399 7330 7400 
2376 939 962 963 940 7399 7401 7402 7333 7403 
2377 940 963 964 941 7402 7404 7405 7336 7406 
2378 941 964 965 942 7405 7407 7408 7339 7409 
2379 942 965 966 943 7408 7410 7411 7342 7412 
2380 943 966 967 944 7411 7413 7414 7345 7415 
2381 944 967 968 945 7414 7416 7417 7348 7418 
2382 945 968 969 946 7417 7419 7420 7351 7421 
2383 946 969 970 947 7420 7422 7423 7354 7424 
2384 947 970 971 948 7423 7425 7426 7357 7427 
2385 948 971 972 949 7426 7428 7429 7360 7430 
2386 949 972 973 950 7429 7431 7432 7363 7433 
2387 950 973 974 951 7432 7434 7435 7366 7436 
2388 951 974 975 952 7435 7437 7438 7369 7439 
2389 952 975 976 953 7438 7440 7441 7372 7442 
2390 953 976 977 954 7441 7443 7444 7375 7445 
2391 954 977 978 955 7444 7446 7447 7378 7448 
2392 955 978 979 956 7447 7449 7450 7381 7451 
2393 956 979 980 957 7450 7452 7453 7384 7454 
2394 957 980 981 958 7453 7455 7456 7387 7457 
2395 958 981 982 959 7456 7458 3460 7390 7459 
2396 100 101 983 960 162 7460 7461 7392 7462 
2397 960 983 984 961 7461 7463 7464 7395 7465 
2398 961 984 985 962 7464 7466 7467 7398 7468 
2399 962 985 986 963 7467 7469 7470 7401 7471 
2400 963 986 987 964 7470 7472 7473 7404 7474 
2401 964 987 988 965 7473 7475 7476 7407 7477 
2402 965 988 989 966 7476 7478 7479 7410 7480 
2403 966 989 990 967 7479 7481 7482 7413 7483 
2404 967 990 991 968 7482 7484 7485 7416 7486 
2405 968 991 992 969 7485 7487 7488 7419 7489 
2406 969 992 993 970 7488 7490 7491 7422 7492 
2407 970 993 994 971 7491 7493 7494 7425 7495 
2408 971 994 995 972 7494 7496 7497 7428 7498 
2409 972 995 996 973 7497 7499 7500 7431 7501 
2410 973 996 997 974 7500 7502 7503 7434 7504 
2411 974 997 998 975 7503 7505 7506 7437 7507 
2412 975 998 999 976 7506 7508 7509 7440 7510 
2413 976 999 1000 977 7509 7511 7512 7443 7513 
2414 977 1000 1001 978 7512 7514 7515 7446 7516 
2415 978 1001 1002 979 7515 7517 7518 7449 7519 
2416 979 1002 1003 980 7518 7520 7521 7452 7522 
2417 980 1003 1004 981 7521 7523 7524 7455 7525 
2418 981 1004 1005 982 7524 7526 3321 7458 7527 
2419 101 102 1075 983 163 7528 7529 7460 7530 
2420 983 1075 1076 984 7529 7531 7532 7463 7533 
2421 984 1076 1077 985 7532 7534 7535 7466 7536 
2422 985 1077 1078 986 7535 7537 7538 7469 7539 
2423 986 1078 1079 987 7538 7540 7541 7472 7542 
2424 987 1079 1080 988 7541 7543 7544 7475 7545 
2425 988 1080 1081 989 7544 7546 7547 7478 7548 
2426 989 1081 1082 990 7547 7549 7550 7481 7551 
2427 990 1082 1083 991 7550 7552 7553 7484 7554 
2428 991 1083 1084 992 7553 7555 7556 7487 7557 
2429 992 1084 1085 993 7556 7558 7559 7490 7560 
2430 993 1085 1086 994 7559 7561 7562 7493 7563 
2431 994 1086 1087 995 7562 7564 7565 7496 7566 
2432 995 1087 1088 996 7565 7567 7568 7499 7569 
2433 996 1088 1089 997 7568 7570 7571 7502 7572 
2434 997 1089 1090 998 7571 7573 7574 7505 7575 
2435 998 1090 1091 999 7574 7576 7577 7508 7578 
2436 999 1091 1092 1000 7577 2066 7579 7511 7580 
2437 1000 1092 1093 1001 7579 2879 7581 7514 7582 
2438 1001 1093 1094 1002 7581 2905 7583 7517 7584 
2439 1002 1094 1095 1003 7583 2931 7585 7520 7586 
2440 1003 1095 1096 1004 7585 3090 7587 7523 7588 
2441 1004 1096 1097 1005 7587 3465 3463 7526 7589 
2442 102 3 165 1075 164 182 7590 7528 7591 
2443 1075 165 166 1076 7590 183 7592 7531 7593 
2444 1076 166 167 1077 7592 184 7594 7534 7595 
2445 1077 167 168 1078 7594 185 7596 7537 7597 
2446 1078 168 169 1079 7596 186 7598 7540 7599 
2447 1079 169 170 1080 7598 187 7600 7543 7601 
2448 1080 170 171 1081 7600 188 7602 7546 7603 
2449 1081 171 172 1082 7602 189 7604 7549 7605 
2450 1082 172 173 1083 7604 190 7606 7552 7607 
2451 1083 173 174 1084 7606 191 7608 7555 7609 
2452 1084 174 175 1085 7608 192 7610 7558 7611 
2453 1085 175 176 1086 7610 193 7612 7561 7613 
2454 1086 176 177 1087 7612 194 7614 7564 7615 
2455 1087 177 178 1088 7614 195 7616 7567 7617 
2456 1088 178 179 1089 7616 196 7618 7570 7619 
2457 1089 179 180 1090 7618 197 7620 7573 7621 
2458 1090 180 181 1091 7620 198 2064 7576 7622 
$EndElements
